gene_symbol,source,deletion_id,chrom,start,end
TYW1B,known_interval,williams_7q11.23,chr7,72558744,72828200
POM121,known_interval,williams_7q11.23,chr7,72879349,72951440
TRIM74,known_interval,williams_7q11.23,chr7,72959485,72969466
SPDYE8,known_interval,williams_7q11.23,chr7,73019719,73029766
SPDYE11,known_interval,williams_7q11.23,chr7,73047862,73057911
SPDYE9,known_interval,williams_7q11.23,chr7,73075972,73086038
SPDYE10,known_interval,williams_7q11.23,chr7,73104008,73155431
NSUN5,known_interval,williams_7q11.23,chr7,73302516,73308826
TRIM50,known_interval,williams_7q11.23,chr7,73312536,73328082
FKBP6,known_interval,williams_7q11.23,chr7,73328161,73358637
FZD9,known_interval,williams_7q11.23,chr7,73433778,73436120
BAZ1B,known_interval,williams_7q11.23,chr7,73440406,73522293
BCL7B,known_interval,williams_7q11.23,chr7,73536356,73557690
TBL2,known_interval,williams_7q11.23,chr7,73567537,73578791
MLXIPL,known_interval,williams_7q11.23,chr7,73593194,73624543
VPS37D,known_interval,williams_7q11.23,chr7,73667831,73672112
DNAJC30,known_interval,williams_7q11.23,chr7,73680918,73683453
BUD23,known_interval,williams_7q11.23,chr7,73683597,73698212
STX1A,known_interval,williams_7q11.23,chr7,73699206,73719672
ABHD11,known_interval,williams_7q11.23,chr7,73736094,73738852
CLDN3,known_interval,williams_7q11.23,chr7,73768997,73770270
CLDN4,known_interval,williams_7q11.23,chr7,73799542,73832690
METTL27,known_interval,williams_7q11.23,chr7,73834590,73842516
TMEM270,known_interval,williams_7q11.23,chr7,73861159,73865890
ELN,known_interval,williams_7q11.23,chr7,74027789,74069907
LIMK1,known_interval,williams_7q11.23,chr7,74082933,74122525
EIF4H,known_interval,williams_7q11.23,chr7,74174231,74197122
LAT2,known_interval,williams_7q11.23,chr7,74199652,74229834
RFC2,known_interval,williams_7q11.23,chr7,74231499,74254458
CLIP2,known_interval,williams_7q11.23,chr7,74289407,74405935
GTF2IRD1,known_interval,williams_7q11.23,chr7,74453790,74602605
GTF2I,known_interval,williams_7q11.23,chr7,74650231,74760692
NCF1,known_interval,williams_7q11.23,chr7,74774011,74789315
ENSG00000289346,known_interval,williams_7q11.23,chr7,74796150,74890585
GTF2IRD2,known_interval,williams_7q11.23,chr7,74796151,74851605
FADS2,auto_segment,auto_standard_0,chr11,61792980,61867354
FADS1,auto_segment,auto_standard_0,chr11,61799627,61829318
FADS3,auto_segment,auto_standard_0,chr11,61873519,61892051
RAB3IL1,auto_segment,auto_standard_0,chr11,61897301,61920269
BEST1,auto_segment,auto_standard_0,chr11,61950063,61965515
FTH1,auto_segment,auto_standard_0,chr11,61959718,61967634
INCENP,auto_segment,auto_standard_0,chr11,62123998,62153169
SCGB1D1,auto_segment,auto_standard_0,chr11,62190216,62193539
SCGB2A1,auto_segment,auto_standard_0,chr11,62208673,62213943
SCGB1D2,auto_segment,auto_standard_0,chr11,62242239,62244812
SCGB2A2,auto_segment,auto_standard_0,chr11,62270158,62273160
SCGB1D4,auto_segment,auto_standard_0,chr11,62296281,62299075
ASRGL1,auto_segment,auto_standard_0,chr11,62337448,62393412
SCGB1A1,auto_segment,auto_standard_0,chr11,62405103,62423195
AHNAK,auto_segment,auto_standard_0,chr11,62433542,62556235
EEF1G,auto_segment,auto_standard_0,chr11,62559596,62574086
ENSG00000255508,auto_segment,auto_standard_0,chr11,62559603,62591531
TUT1,auto_segment,auto_standard_0,chr11,62575045,62591637
MTA2,auto_segment,auto_standard_0,chr11,62593214,62601865
EML3,auto_segment,auto_standard_0,chr11,62602218,62612775
ROM1,auto_segment,auto_standard_0,chr11,62611722,62615116
B3GAT3,auto_segment,auto_standard_0,chr11,62615296,62622154
GANAB,auto_segment,auto_standard_0,chr11,62624826,62646726
INTS5,auto_segment,auto_standard_0,chr11,62646848,62653302
ENSG00000255432,auto_segment,auto_standard_0,chr11,62649694,62665178
C11orf98,auto_segment,auto_standard_0,chr11,62662817,62665210
LBHD1,auto_segment,auto_standard_0,chr11,62662817,62672267
CSKMT,auto_segment,auto_standard_0,chr11,62665309,62668496
UQCC3,auto_segment,auto_standard_0,chr11,62670273,62673686
UBXN1,auto_segment,auto_standard_0,chr11,62676498,62679117
LRRN4CL,auto_segment,auto_standard_0,chr11,62686406,62689530
BSCL2,auto_segment,auto_standard_0,chr11,62689289,62709845
HNRNPUL2-BSCL2,auto_segment,auto_standard_0,chr11,62690275,62727384
GNG3,auto_segment,auto_standard_0,chr11,62707676,62709201
HNRNPUL2,auto_segment,auto_standard_0,chr11,62712630,62727457
TTC9C,auto_segment,auto_standard_0,chr11,62728069,62740293
ZBTB3,auto_segment,auto_standard_0,chr11,62748319,62754184
POLR2G,auto_segment,auto_standard_0,chr11,62761565,62766710
TAF6L,auto_segment,auto_standard_0,chr11,62771357,62787342
TMEM223,auto_segment,auto_standard_0,chr11,62771629,62792006
TMEM179B,auto_segment,auto_standard_0,chr11,62787402,62790400
NXF1,auto_segment,auto_standard_0,chr11,62792123,62806302
STX5,auto_segment,auto_standard_0,chr11,62806860,62832051
TEX54,auto_segment,auto_standard_0,chr11,62832321,62832841
WDR74,auto_segment,auto_standard_0,chr11,62832342,62841809
SLC3A2,auto_segment,auto_standard_0,chr11,62856004,62888880
CHRM1,auto_segment,auto_standard_0,chr11,62908679,62921807
SLC22A6,auto_segment,auto_standard_0,chr11,62936385,62984967
SLC22A8,auto_segment,auto_standard_0,chr11,62989154,63015841
SLC22A24,auto_segment,auto_standard_0,chr11,63079940,63144221
SLC22A25,auto_segment,auto_standard_0,chr11,63158437,63243599
SLC22A10,auto_segment,auto_standard_0,chr11,63268022,63311783
SLC22A9,auto_segment,auto_standard_0,chr11,63369785,63410294
PLAAT5,auto_segment,auto_standard_0,chr11,63461404,63491194
LGALS12,auto_segment,auto_standard_0,chr11,63506052,63516774
PLAAT4,auto_segment,auto_standard_0,chr11,63536808,63546462
PLAAT2,auto_segment,auto_standard_0,chr11,63552770,63563379
PLAAT3,auto_segment,auto_standard_0,chr11,63573195,63616883
ATL3,auto_segment,auto_standard_0,chr11,63624087,63671921
RTN3,auto_segment,auto_standard_0,chr11,63681446,63759891
ZFTA,auto_segment,auto_standard_0,chr11,63759892,63768775
SPINDOC,auto_segment,auto_standard_0,chr11,63813456,63827716
MARK2,auto_segment,auto_standard_0,chr11,63838928,63911020
RCOR2,auto_segment,auto_standard_0,chr11,63911230,63917164
NAA40,auto_segment,auto_standard_0,chr11,63938959,63957319
COX8A,auto_segment,auto_standard_0,chr11,63974620,63976543
OTUB1,auto_segment,auto_standard_0,chr11,63985853,64001811
MACROD1,auto_segment,auto_standard_0,chr11,63998558,64166113
FLRT1,auto_segment,auto_standard_0,chr11,64035931,64119173
STIP1,auto_segment,auto_standard_0,chr11,64185272,64204543
FERMT3,auto_segment,auto_standard_0,chr11,64205926,64223896
TRPT1,auto_segment,auto_standard_0,chr11,64223799,64226254
NUDT22,auto_segment,auto_standard_0,chr11,64225941,64230686
DNAJC4,auto_segment,auto_standard_0,chr11,64230278,64234286
VEGFB,auto_segment,auto_standard_0,chr11,64234584,64239264
FKBP2,auto_segment,auto_standard_0,chr11,64241003,64244132
ENSG00000286264,auto_segment,auto_standard_0,chr11,64241095,64244132
PPP1R14B,auto_segment,auto_standard_0,chr11,64244479,64246943
PLCB3,auto_segment,auto_standard_0,chr11,64251530,64269150
BAD,auto_segment,auto_standard_0,chr11,64269830,64284704
GPR137,auto_segment,auto_standard_0,chr11,64270062,64289494
KCNK4,auto_segment,auto_standard_0,chr11,64291302,64300031
CATSPERZ,auto_segment,auto_standard_0,chr11,64300358,64304770
ESRRA,auto_segment,auto_standard_0,chr11,64305497,64316743
TRMT112,auto_segment,auto_standard_0,chr11,64316460,64317559
PRDX5,auto_segment,auto_standard_0,chr11,64318121,64321811
CCDC88B,auto_segment,auto_standard_0,chr11,64340204,64357534
RPS6KA4,auto_segment,auto_standard_0,chr11,64359148,64372215
SLC22A11,auto_segment,auto_standard_0,chr11,64555690,64572875
SLC22A12,auto_segment,auto_standard_0,chr11,64590641,64602353
NRXN2,auto_segment,auto_standard_0,chr11,64606174,64723197
RASGRP2,auto_segment,auto_standard_0,chr11,64726911,64745456
PYGM,auto_segment,auto_standard_0,chr11,64746389,64759974
SF1,auto_segment,auto_standard_0,chr11,64764606,64778786
MAP4K2,auto_segment,auto_standard_0,chr11,64784918,64803241
MEN1,auto_segment,auto_standard_0,chr11,64803510,64811294
CDC42BPG,auto_segment,auto_standard_0,chr11,64823052,64844653
EHD1,auto_segment,auto_standard_0,chr11,64851642,64888296
ATG2A,auto_segment,auto_standard_0,chr11,64894546,64917209
PPP2R5B,auto_segment,auto_standard_0,chr11,64917553,64934475
GPHA2,auto_segment,auto_standard_0,chr11,64934471,64935893
MAJIN,auto_segment,auto_standard_0,chr11,64937517,64972108
BATF2,auto_segment,auto_standard_0,chr11,64987945,64997018
ARL2,auto_segment,auto_standard_0,chr11,65014160,65022184
ARL2-SNX15,auto_segment,auto_standard_0,chr11,65014182,65040570
SNX15,auto_segment,auto_standard_0,chr11,65027439,65040572
SAC3D1,auto_segment,auto_standard_0,chr11,65040901,65044828
NAALADL1,auto_segment,auto_standard_0,chr11,65044818,65058553
CDCA5,auto_segment,auto_standard_0,chr11,65066300,65084164
ZFPL1,auto_segment,auto_standard_0,chr11,65084210,65088398
TMEM262,auto_segment,auto_standard_0,chr11,65084979,65089375
VPS51,auto_segment,auto_standard_0,chr11,65089324,65111862
TM7SF2,auto_segment,auto_standard_0,chr11,65111845,65116384
ZNHIT2,auto_segment,auto_standard_0,chr11,65116403,65117701
FAU,auto_segment,auto_standard_0,chr11,65120630,65122177
SYVN1,auto_segment,auto_standard_0,chr11,65121780,65134532
MRPL49,auto_segment,auto_standard_0,chr11,65122183,65127371
SPDYC,auto_segment,auto_standard_0,chr11,65170233,65173374
CAPN1,auto_segment,auto_standard_0,chr11,65180566,65212006
POLA2,auto_segment,auto_standard_0,chr11,65261913,65305959
ENSG00000285816,auto_segment,auto_standard_0,chr11,65261928,65326543
CDC42EP2,auto_segment,auto_standard_0,chr11,65314866,65322417
DPF2,auto_segment,auto_standard_0,chr11,65333843,65354262
TIGD3,auto_segment,auto_standard_0,chr11,65354751,65357613
SLC25A45,auto_segment,auto_standard_0,chr11,65375192,65383701
FRMD8,auto_segment,auto_standard_0,chr11,65386621,65413525
SCYL1,auto_segment,auto_standard_0,chr11,65525077,65538704
LTBP3,auto_segment,auto_standard_0,chr11,65538559,65558930
ZNRD2,auto_segment,auto_standard_0,chr11,65570460,65573942
FAM89B,auto_segment,auto_standard_0,chr11,65572349,65574198
EHBP1L1,auto_segment,auto_standard_0,chr11,65576046,65592650
KCNK7,auto_segment,auto_standard_0,chr11,65592836,65595996
MAP3K11,auto_segment,auto_standard_0,chr11,65597756,65615382
PCNX3,auto_segment,auto_standard_0,chr11,65615776,65637439
SIPA1,auto_segment,auto_standard_0,chr11,65638101,65650918
RELA,auto_segment,auto_standard_0,chr11,65653599,65663090
KAT5,auto_segment,auto_standard_0,chr11,65711996,65719604
RNASEH2C,auto_segment,auto_standard_0,chr11,65714005,65720818
AP5B1,auto_segment,auto_standard_0,chr11,65773898,65780976
OVOL1,auto_segment,auto_standard_0,chr11,65787063,65797214
CFL1,auto_segment,auto_standard_0,chr11,65823022,65862026
SNX32,auto_segment,auto_standard_0,chr11,65833834,65856896
MUS81,auto_segment,auto_standard_0,chr11,65857126,65867653
EFEMP2,auto_segment,auto_standard_0,chr11,65866441,65873592
CTSW,auto_segment,auto_standard_0,chr11,65879809,65883741
FIBP,auto_segment,auto_standard_0,chr11,65883740,65888531
CCDC85B,auto_segment,auto_standard_0,chr11,65890673,65891635
FOSL1,auto_segment,auto_standard_0,chr11,65892049,65900573
C11orf68,auto_segment,auto_standard_0,chr11,65916810,65919062
DRAP1,auto_segment,auto_standard_0,chr11,65919274,65921563
TSGA10IP,auto_segment,auto_standard_0,chr11,65945480,65959966
SART1,auto_segment,auto_standard_0,chr11,65961728,65980137
EIF1AD,auto_segment,auto_standard_0,chr11,65996545,66002176
BANF1,auto_segment,auto_standard_0,chr11,66002228,66004149
CST6,auto_segment,auto_standard_0,chr11,66012008,66013505
CATSPER1,auto_segment,auto_standard_0,chr11,66016752,66026479
GAL3ST3,auto_segment,auto_standard_0,chr11,66040765,66049161
SF3B2,auto_segment,auto_standard_0,chr11,66050729,66069308
PACS1,auto_segment,auto_standard_0,chr11,66070272,66244744
KLC2,auto_segment,auto_standard_0,chr11,66257294,66267860
RAB1B,auto_segment,auto_standard_0,chr11,66268590,66277492
CNIH2,auto_segment,auto_standard_0,chr11,66278175,66285301
YIF1A,auto_segment,auto_standard_0,chr11,66284580,66289145
TMEM151A,auto_segment,auto_standard_0,chr11,66291894,66296664
CD248,auto_segment,auto_standard_0,chr11,66314494,66317044
RIN1,auto_segment,auto_standard_0,chr11,66330241,66336840
BRMS1,auto_segment,auto_standard_0,chr11,66337333,66345125
B4GAT1,auto_segment,auto_standard_0,chr11,66345374,66347629
SLC29A2,auto_segment,auto_standard_0,chr11,66362521,66372214
NPAS4,auto_segment,auto_standard_0,chr11,66421035,66426707
MRPL11,auto_segment,auto_standard_0,chr11,66435075,66466738
PELI3,auto_segment,auto_standard_0,chr11,66466327,66477337
DPP3,auto_segment,auto_standard_0,chr11,66480013,66509657
ENSG00000256349,auto_segment,auto_standard_0,chr11,66509079,66533613
BBS1,auto_segment,auto_standard_0,chr11,66510606,66533613
ZDHHC24,auto_segment,auto_standard_0,chr11,66520637,66546235
ACTN3,auto_segment,auto_standard_0,chr11,66546395,66563334
CTSF,auto_segment,auto_standard_0,chr11,66563464,66568879
CCDC87,auto_segment,auto_standard_0,chr11,66590176,66593063
CCS,auto_segment,auto_standard_0,chr11,66593153,66606019
RBM14,auto_segment,auto_standard_0,chr11,66616626,66629934
RBM14-RBM4,auto_segment,auto_standard_0,chr11,66616626,66646469
RBM4,auto_segment,auto_standard_0,chr11,66638667,66668374
RBM4B,auto_segment,auto_standard_0,chr11,66664998,66677887
SPTBN2,auto_segment,auto_standard_0,chr11,66682497,66744670
C11orf80,auto_segment,auto_standard_0,chr11,66744451,66843516
RCE1,auto_segment,auto_standard_0,chr11,66842835,66846552
PC,auto_segment,auto_standard_0,chr11,66848417,66958386
LRFN4,auto_segment,auto_standard_0,chr11,66856647,66860475
C11orf86,auto_segment,auto_standard_0,chr11,66975277,66977009
SYT12,auto_segment,auto_standard_0,chr11,67006778,67050863
RHOD,auto_segment,auto_standard_0,chr11,67056847,67072017
KDM2A,auto_segment,auto_standard_0,chr11,67119263,67258082
GRK2,auto_segment,auto_standard_0,chr11,67266473,67286556
ANKRD13D,auto_segment,auto_standard_0,chr11,67289300,67302485
SSH3,auto_segment,auto_standard_0,chr11,67303478,67312607
RAD9A,auto_segment,auto_standard_0,chr11,67317871,67398410
POLD4,auto_segment,auto_standard_0,chr11,67350772,67356972
ENSG00000256514,auto_segment,auto_standard_0,chr11,67351572,67373584
CLCF1,auto_segment,auto_standard_0,chr11,67364168,67374177
PPP1CA,auto_segment,auto_standard_0,chr11,67398181,67421183
TBC1D10C,auto_segment,auto_standard_0,chr11,67403915,67410089
CARNS1,auto_segment,auto_standard_0,chr11,67414968,67425607
RPS6KB2,auto_segment,auto_standard_0,chr11,67428460,67435401
PTPRCAP,auto_segment,auto_standard_0,chr11,67435510,67437682
CORO1B,auto_segment,auto_standard_0,chr11,67435510,67443821
GPR152,auto_segment,auto_standard_0,chr11,67451301,67452729
CABP4,auto_segment,auto_standard_0,chr11,67452406,67461752
TMEM134,auto_segment,auto_standard_0,chr11,67461710,67469272
AIP,auto_segment,auto_standard_0,chr11,67468174,67491154
PITPNM1,auto_segment,auto_standard_0,chr11,67491768,67506263
CDK2AP2,auto_segment,auto_standard_0,chr11,67506497,67508649
CABP2,auto_segment,auto_standard_0,chr11,67518912,67524517
GSTP1,auto_segment,auto_standard_0,chr11,67583742,67586656
NDUFV1,auto_segment,auto_standard_0,chr11,67605653,67612554
NUDT8,auto_segment,auto_standard_0,chr11,67627938,67629937
TBX10,auto_segment,auto_standard_0,chr11,67631303,67639763
ACY3,auto_segment,auto_standard_0,chr11,67642555,67650730
ALDH3B2,auto_segment,auto_standard_0,chr11,67662155,67681224
UNC93B1,auto_segment,auto_standard_0,chr11,67991100,68004982
ALDH3B1,auto_segment,auto_standard_0,chr11,68008578,68029282
NDUFS8,auto_segment,auto_standard_0,chr11,68030617,68036644
TCIRG1,auto_segment,auto_standard_0,chr11,68039025,68050895
CHKA,auto_segment,auto_standard_0,chr11,68052859,68121444
KMT5B,auto_segment,auto_standard_0,chr11,68154863,68213852
C11orf24,auto_segment,auto_standard_0,chr11,68261338,68272001
LRP5,auto_segment,auto_standard_0,chr11,68312591,68449275
PPP6R3,auto_segment,auto_standard_0,chr11,68460731,68615334
GAL,auto_segment,auto_standard_0,chr11,68683779,68691175
TESMIN,auto_segment,auto_standard_0,chr11,68707440,68751520
CPT1A,auto_segment,auto_standard_0,chr11,68754620,68844410
MRPL21,auto_segment,auto_standard_0,chr11,68891276,68903835
RAB11FIP3,auto_segment,auto_standard_1,chr16,425649,523011
CAPN15,auto_segment,auto_standard_1,chr16,527712,554636
PRR35,auto_segment,auto_standard_1,chr16,560394,565529
PIGQ,auto_segment,auto_standard_1,chr16,566995,584109
NHLRC4,auto_segment,auto_standard_1,chr16,567005,569495
RAB40C,auto_segment,auto_standard_1,chr16,589357,629272
WFIKKN1,auto_segment,auto_standard_1,chr16,629239,634117
METTL26,auto_segment,auto_standard_1,chr16,634427,636366
MCRIP2,auto_segment,auto_standard_1,chr16,636817,648474
WDR90,auto_segment,auto_standard_1,chr16,649311,667833
RHOT2,auto_segment,auto_standard_1,chr16,668100,674174
RHBDL1,auto_segment,auto_standard_1,chr16,675671,678268
STUB1,auto_segment,auto_standard_1,chr16,680224,682870
JMJD8,auto_segment,auto_standard_1,chr16,681670,684528
WDR24,auto_segment,auto_standard_1,chr16,684622,690444
FBXL16,auto_segment,auto_standard_1,chr16,692498,705801
METRN,auto_segment,auto_standard_1,chr16,715118,719655
ANTKMT,auto_segment,auto_standard_1,chr16,720581,722590
CCDC78,auto_segment,auto_standard_1,chr16,722582,726954
HAGHL,auto_segment,auto_standard_1,chr16,726936,735525
CIAO3,auto_segment,auto_standard_1,chr16,729760,741329
MSLN,auto_segment,auto_standard_1,chr16,760734,768865
MSLNL,auto_segment,auto_standard_1,chr16,769428,782054
RPUSD1,auto_segment,auto_standard_1,chr16,784974,788397
CHTF18,auto_segment,auto_standard_1,chr16,788046,800737
GNG13,auto_segment,auto_standard_1,chr16,798041,800734
LMF1,auto_segment,auto_standard_1,chr16,853634,981318
SOX8,auto_segment,auto_standard_1,chr16,981770,986979
SSTR5,auto_segment,auto_standard_1,chr16,1072747,1081454
C1QTNF8,auto_segment,auto_standard_1,chr16,1088226,1096244
CACNA1H,auto_segment,auto_standard_1,chr16,1153106,1221771
TPSG1,auto_segment,auto_standard_1,chr16,1221651,1225268
TPSB2,auto_segment,auto_standard_1,chr16,1227272,1230184
TPSAB1,auto_segment,auto_standard_1,chr16,1240379,1242554
TPSD1,auto_segment,auto_standard_1,chr16,1256059,1259008
UBE2I,auto_segment,auto_standard_1,chr16,1308880,1327018
BAIAP3,auto_segment,auto_standard_1,chr16,1333638,1349439
TSR3,auto_segment,auto_standard_1,chr16,1349240,1351878
GNPTG,auto_segment,auto_standard_1,chr16,1351931,1365737
UNKL,auto_segment,auto_standard_1,chr16,1363205,1414751
UQCC4,auto_segment,auto_standard_1,chr16,1419752,1420756
PERCC1,auto_segment,auto_standard_1,chr16,1431078,1434441
CCDC154,auto_segment,auto_standard_1,chr16,1434383,1444556
CLCN7,auto_segment,auto_standard_1,chr16,1444934,1475077
PTX4,auto_segment,auto_standard_1,chr16,1485886,1488981
TELO2,auto_segment,auto_standard_1,chr16,1493344,1510457
IFT140,auto_segment,auto_standard_1,chr16,1510427,1612072
TMEM204,auto_segment,auto_standard_1,chr16,1528688,1555580
CRAMP1,auto_segment,auto_standard_1,chr16,1612337,1677908
ENSG00000261732,auto_segment,auto_standard_1,chr16,1632259,1686715
JPT2,auto_segment,auto_standard_1,chr16,1678256,1702280
MAPK8IP3,auto_segment,auto_standard_1,chr16,1706166,1770351
NME3,auto_segment,auto_standard_1,chr16,1770320,1771561
MRPS34,auto_segment,auto_standard_1,chr16,1771890,1773150
EME2,auto_segment,auto_standard_1,chr16,1772810,1781708
SPSB3,auto_segment,auto_standard_1,chr16,1776712,1793700
NUBP2,auto_segment,auto_standard_1,chr16,1782932,1789186
IGFALS,auto_segment,auto_standard_1,chr16,1790413,1794971
HAGH,auto_segment,auto_standard_1,chr16,1795620,1827157
FAHD1,auto_segment,auto_standard_1,chr16,1826967,1840207
MEIOB,auto_segment,auto_standard_1,chr16,1833986,1872178
ENSG00000289722,auto_segment,auto_standard_1,chr16,1833987,1884294
HS3ST6,auto_segment,auto_standard_1,chr16,1911475,1918415
MSRB1,auto_segment,auto_standard_1,chr16,1938229,1943199
RPL3L,auto_segment,auto_standard_1,chr16,1943974,1957606
NDUFB10,auto_segment,auto_standard_1,chr16,1959538,1961975
RPS2,auto_segment,auto_standard_1,chr16,1962058,1964841
RNF151,auto_segment,auto_standard_1,chr16,1966823,1968975
TBL3,auto_segment,auto_standard_1,chr16,1972053,1982929
NOXO1,auto_segment,auto_standard_1,chr16,1978917,1984192
GFER,auto_segment,auto_standard_1,chr16,1984193,1987749
SYNGR3,auto_segment,auto_standard_1,chr16,1989660,1994275
ZNF598,auto_segment,auto_standard_1,chr16,1997654,2009821
NPW,auto_segment,auto_standard_1,chr16,2009926,2020755
NHERF2,auto_segment,auto_standard_1,chr16,2025356,2039026
NTHL1,auto_segment,auto_standard_1,chr16,2039815,2047866
TSC2,auto_segment,auto_standard_1,chr16,2047967,2089491
PKD1,auto_segment,auto_standard_1,chr16,2088708,2135898
RAB26,auto_segment,auto_standard_1,chr16,2140803,2154165
TRAF7,auto_segment,auto_standard_1,chr16,2155698,2178129
CASKIN1,auto_segment,auto_standard_1,chr16,2177180,2196605
MLST8,auto_segment,auto_standard_1,chr16,2204248,2209453
BRICD5,auto_segment,auto_standard_1,chr16,2209253,2210905
PGP,auto_segment,auto_standard_1,chr16,2211593,2214840
E4F1,auto_segment,auto_standard_1,chr16,2223580,2235742
DNASE1L2,auto_segment,auto_standard_1,chr16,2235816,2238711
ECI1,auto_segment,auto_standard_1,chr16,2239402,2252300
RNPS1,auto_segment,auto_standard_1,chr16,2253116,2268397
ABCA3,auto_segment,auto_standard_1,chr16,2275881,2340746
CCNF,auto_segment,auto_standard_1,chr16,2429394,2458854
TEDC2,auto_segment,auto_standard_1,chr16,2460086,2464963
NTN3,auto_segment,auto_standard_1,chr16,2471297,2474145
TBC1D24,auto_segment,auto_standard_1,chr16,2475051,2509560
ENSG00000260272,auto_segment,auto_standard_1,chr16,2496032,2520218
ATP6V0C,auto_segment,auto_standard_1,chr16,2513952,2520218
ENSG00000259784,auto_segment,auto_standard_1,chr16,2513965,2527955
AMDHD2,auto_segment,auto_standard_1,chr16,2520357,2531422
CEMP1,auto_segment,auto_standard_1,chr16,2530035,2531417
PDPK1,auto_segment,auto_standard_1,chr16,2537979,2603188
KCTD5,auto_segment,auto_standard_1,chr16,2682523,2709030
PRSS27,auto_segment,auto_standard_1,chr16,2712419,2720551
SRRM2,auto_segment,auto_standard_1,chr16,2752626,2772538
ELOB,auto_segment,auto_standard_1,chr16,2771414,2777289
PRSS33,auto_segment,auto_standard_1,chr16,2783953,2787948
PRSS41,auto_segment,auto_standard_1,chr16,2798470,2805304
PRSS21,auto_segment,auto_standard_1,chr16,2817180,2826304
ZG16B,auto_segment,auto_standard_1,chr16,2830253,2839585
PRSS22,auto_segment,auto_standard_1,chr16,2852730,2858170
FLYWCH2,auto_segment,auto_standard_1,chr16,2883213,2899382
FLYWCH1,auto_segment,auto_standard_1,chr16,2911931,2951208
KREMEN2,auto_segment,auto_standard_1,chr16,2964216,2968380
PKMYT1,auto_segment,auto_standard_1,chr16,2968024,2980479
PAQR4,auto_segment,auto_standard_1,chr16,2969270,2973484
GREP1,auto_segment,auto_standard_1,chr16,2988256,3002016
ENSG00000289281,auto_segment,auto_standard_1,chr16,3004132,3004859
CLDN9,auto_segment,auto_standard_1,chr16,3012923,3014505
CLDN6,auto_segment,auto_standard_1,chr16,3014712,3020071
TNFRSF12A,auto_segment,auto_standard_1,chr16,3018445,3022383
HCFC1R1,auto_segment,auto_standard_1,chr16,3022625,3024286
THOC6,auto_segment,auto_standard_1,chr16,3024027,3027755
BICDL2,auto_segment,auto_standard_1,chr16,3027682,3036944
MMP25,auto_segment,auto_standard_1,chr16,3046062,3060726
IL32,auto_segment,auto_standard_1,chr16,3065297,3082192
ZSCAN10,auto_segment,auto_standard_1,chr16,3088890,3099295
ZNF205,auto_segment,auto_standard_1,chr16,3112560,3120517
ZNF213,auto_segment,auto_standard_1,chr16,3129777,3142804
OR1F1,auto_segment,auto_standard_1,chr16,3188204,3224779
ZNF200,auto_segment,auto_standard_1,chr16,3222325,3236221
MEFV,auto_segment,auto_standard_1,chr16,3242027,3256633
ENSG00000290183,auto_segment,auto_standard_1,chr16,3263800,3291029
ZNF263,auto_segment,auto_standard_1,chr16,3283283,3301401
TIGD7,auto_segment,auto_standard_1,chr16,3298808,3305729
ZNF75A,auto_segment,auto_standard_1,chr16,3305406,3318852
OR2C1,auto_segment,auto_standard_1,chr16,3355889,3357306
ENSG00000285329,auto_segment,auto_standard_1,chr16,3365099,3479550
ZSCAN32,auto_segment,auto_standard_1,chr16,3382081,3401065
ZNF174,auto_segment,auto_standard_1,chr16,3401215,3409364
ZNF597,auto_segment,auto_standard_1,chr16,3432414,3443504
NAA60,auto_segment,auto_standard_1,chr16,3443649,3486953
PAFAH1B1,auto_segment,auto_standard_2,chr17,2593210,2685615
CLUH,auto_segment,auto_standard_2,chr17,2689386,2712663
CCDC92B,auto_segment,auto_standard_2,chr17,2720801,2749652
RAP1GAP2,auto_segment,auto_standard_2,chr17,2755705,3037741
OR1D5,auto_segment,auto_standard_2,chr17,3062669,3063607
OR1D2,auto_segment,auto_standard_2,chr17,3088484,3104422
OR1G1,auto_segment,auto_standard_2,chr17,3126610,3127551
OR1P1,auto_segment,auto_standard_2,chr17,3153889,3154882
OR1A2,auto_segment,auto_standard_2,chr17,3197519,3198448
OR1A1,auto_segment,auto_standard_2,chr17,3207539,3218896
OR3A2,auto_segment,auto_standard_2,chr17,3276177,3386317
OR3A1,auto_segment,auto_standard_2,chr17,3291017,3298360
OR1R1P,auto_segment,auto_standard_2,chr17,3385930,3386874
OR1E1,auto_segment,auto_standard_2,chr17,3397104,3398410
OR3A3,auto_segment,auto_standard_2,chr17,3411370,3424070
OR1E2,auto_segment,auto_standard_2,chr17,3432870,3433841
SPATA22,auto_segment,auto_standard_2,chr17,3440019,3513852
ASPA,auto_segment,auto_standard_2,chr17,3472374,3503405
TRPV3,auto_segment,auto_standard_2,chr17,3510502,3557812
TRPV1,auto_segment,auto_standard_2,chr17,3565444,3609411
ENSG00000262304,auto_segment,auto_standard_2,chr17,3585149,3636249
SHPK,auto_segment,auto_standard_2,chr17,3608240,3636250
CTNS,auto_segment,auto_standard_2,chr17,3636459,3663103
TAX1BP3,auto_segment,auto_standard_2,chr17,3662895,3668679
P2RX5-TAX1BP3,auto_segment,auto_standard_2,chr17,3663063,3696194
EMC6,auto_segment,auto_standard_2,chr17,3668812,3669668
P2RX5,auto_segment,auto_standard_2,chr17,3672199,3696240
ITGAE,auto_segment,auto_standard_2,chr17,3714628,3801188
HASPIN,auto_segment,auto_standard_2,chr17,3723903,3726699
NCBP3,auto_segment,auto_standard_2,chr17,3802158,3846246
CAMKK1,auto_segment,auto_standard_2,chr17,3860315,3894891
P2RX1,auto_segment,auto_standard_2,chr17,3896592,3916476
ATP2A3,auto_segment,auto_standard_2,chr17,3923870,3964464
ZZEF1,auto_segment,auto_standard_2,chr17,4004445,4143030
CYB5D2,auto_segment,auto_standard_2,chr17,4143168,4187310
ANKFY1,auto_segment,auto_standard_2,chr17,4163821,4263995
UBE2G1,auto_segment,auto_standard_2,chr17,4269259,4366675
SPNS3,auto_segment,auto_standard_2,chr17,4433940,4488208
SPNS2,auto_segment,auto_standard_2,chr17,4498881,4539035
MYBBP1A,auto_segment,auto_standard_2,chr17,4538897,4555386
GGT6,auto_segment,auto_standard_2,chr17,4556927,4560818
SMTNL2,auto_segment,auto_standard_2,chr17,4583999,4608319
ALOX15,auto_segment,auto_standard_2,chr17,4630919,4642294
PELP1,auto_segment,auto_standard_2,chr17,4669774,4704337
ARRB2,auto_segment,auto_standard_2,chr17,4710596,4721499
MED11,auto_segment,auto_standard_2,chr17,4731428,4733608
CXCL16,auto_segment,auto_standard_2,chr17,4733533,4739928
ZMYND15,auto_segment,auto_standard_2,chr17,4739833,4746119
TM4SF5,auto_segment,auto_standard_2,chr17,4771884,4783213
VMO1,auto_segment,auto_standard_2,chr17,4785285,4786433
GLTPD2,auto_segment,auto_standard_2,chr17,4788964,4790589
PSMB6,auto_segment,auto_standard_2,chr17,4796144,4798502
C17orf114,auto_segment,auto_standard_2,chr17,4801159,4807013
PLD2,auto_segment,auto_standard_2,chr17,4807152,4823434
MINK1,auto_segment,auto_standard_2,chr17,4833340,4898061
CHRNE,auto_segment,auto_standard_2,chr17,4897771,4934438
C17orf107,auto_segment,auto_standard_2,chr17,4899418,4902934
GP1BA,auto_segment,auto_standard_2,chr17,4932277,4935023
SLC25A11,auto_segment,auto_standard_2,chr17,4937130,4940053
RNF167,auto_segment,auto_standard_2,chr17,4940008,4945222
PFN1,auto_segment,auto_standard_2,chr17,4945652,4949061
ENO3,auto_segment,auto_standard_2,chr17,4948092,4957131
SPAG7,auto_segment,auto_standard_2,chr17,4959226,4967817
CAMTA2,auto_segment,auto_standard_2,chr17,4967992,4987675
INCA1,auto_segment,auto_standard_2,chr17,4988130,4997610
KIF1C,auto_segment,auto_standard_2,chr17,4997950,5028401
SLC52A1,auto_segment,auto_standard_2,chr17,5032600,5052009
ZFP3,auto_segment,auto_standard_2,chr17,5078467,5096374
ZNF232,auto_segment,auto_standard_2,chr17,5105269,5123162
USP6,auto_segment,auto_standard_2,chr17,5116032,5175034
ZNF594,auto_segment,auto_standard_2,chr17,5179535,5191868
SCIMP,auto_segment,auto_standard_2,chr17,5208920,5234860
RABEP1,auto_segment,auto_standard_2,chr17,5282265,5386340
NUP88,auto_segment,auto_standard_2,chr17,5359668,5420164
RPAIN,auto_segment,auto_standard_2,chr17,5419641,5432877
C1QBP,auto_segment,auto_standard_2,chr17,5432777,5448830
DHX33,auto_segment,auto_standard_2,chr17,5440917,5468982
DERL2,auto_segment,auto_standard_2,chr17,5471254,5486811
MIS12,auto_segment,auto_standard_2,chr17,5486285,5490814
NLRP1,auto_segment,auto_standard_2,chr17,5499415,5619424
ENSG00000286190,auto_segment,auto_standard_2,chr17,5499427,5501006
ENSG00000285471,auto_segment,auto_standard_2,chr17,5772926,6080792
WSCD1,auto_segment,auto_standard_2,chr17,6057807,6124427
AIPL1,auto_segment,auto_standard_2,chr17,6393693,6435199
PIMREG,auto_segment,auto_standard_2,chr17,6444441,6451469
PITPNM3,auto_segment,auto_standard_2,chr17,6451263,6556555
KIAA0753,auto_segment,auto_standard_2,chr17,6578147,6640711
ENSG00000282936,auto_segment,auto_standard_2,chr17,6628619,6640456
TXNDC17,auto_segment,auto_standard_2,chr17,6640985,6644541
MED31,auto_segment,auto_standard_2,chr17,6643311,6651634
C17orf100,auto_segment,auto_standard_2,chr17,6651762,6693202
SLC13A5,auto_segment,auto_standard_2,chr17,6684719,6713377
XAF1,auto_segment,auto_standard_2,chr17,6755447,6775647
FBXO39,auto_segment,auto_standard_2,chr17,6776215,6797101
TEKT1,auto_segment,auto_standard_2,chr17,6789133,6831761
ALOX12,auto_segment,auto_standard_2,chr17,6996049,7010754
RNASEK,auto_segment,auto_standard_2,chr17,7012417,7014532
RNASEK-C17orf49,auto_segment,auto_standard_2,chr17,7012635,7017520
C17orf49,auto_segment,auto_standard_2,chr17,7014495,7017525
BCL6B,auto_segment,auto_standard_2,chr17,7023050,7030290
SLC16A13,auto_segment,auto_standard_2,chr17,7036015,7040117
SLC16A11,auto_segment,auto_standard_2,chr17,7041621,7044092
CLEC10A,auto_segment,auto_standard_2,chr17,7074537,7080307
ASGR2,auto_segment,auto_standard_2,chr17,7101322,7115700
ASGR1,auto_segment,auto_standard_2,chr17,7173431,7179564
DLG4,auto_segment,auto_standard_2,chr17,7187187,7219841
ACADVL,auto_segment,auto_standard_2,chr17,7217125,7225266
DVL2,auto_segment,auto_standard_2,chr17,7225342,7234517
PHF23,auto_segment,auto_standard_2,chr17,7235029,7239722
GABARAP,auto_segment,auto_standard_2,chr17,7240008,7242449
ENSG00000262526,auto_segment,auto_standard_2,chr17,7240427,7244635
CTDNEP1,auto_segment,auto_standard_2,chr17,7243591,7252491
ENSG00000262302,auto_segment,auto_standard_2,chr17,7246829,7262089
ELP5,auto_segment,auto_standard_2,chr17,7251416,7259940
CLDN7,auto_segment,auto_standard_2,chr17,7259903,7263983
SLC2A4,auto_segment,auto_standard_2,chr17,7281718,7288257
YBX2,auto_segment,auto_standard_2,chr17,7288263,7294639
EIF5A,auto_segment,auto_standard_2,chr17,7306999,7312463
GPS2,auto_segment,auto_standard_2,chr17,7311324,7315564
ENSG00000261915,auto_segment,auto_standard_2,chr17,7312661,7319174
NEURL4,auto_segment,auto_standard_2,chr17,7315628,7329393
ACAP1,auto_segment,auto_standard_2,chr17,7336529,7351477
KCTD11,auto_segment,auto_standard_2,chr17,7351889,7354944
TMEM95,auto_segment,auto_standard_2,chr17,7355123,7357219
TNK1,auto_segment,auto_standard_2,chr17,7380534,7389774
PLSCR3,auto_segment,auto_standard_2,chr17,7389727,7394842
TMEM256-PLSCR3,auto_segment,auto_standard_2,chr17,7389734,7404097
TMEM256,auto_segment,auto_standard_2,chr17,7402975,7404097
NLGN2,auto_segment,auto_standard_2,chr17,7404874,7419860
SPEM1,auto_segment,auto_standard_2,chr17,7420324,7421632
SPEM2,auto_segment,auto_standard_2,chr17,7425616,7427568
SPEM3,auto_segment,auto_standard_2,chr17,7428857,7432820
ENSG00000286007,auto_segment,auto_standard_2,chr17,7428861,7436278
CCL14,auto_segment,auto_standard_3,chr17,35983288,35987004
CCL15-CCL14,auto_segment,auto_standard_3,chr17,35983656,36001621
CCL15,auto_segment,auto_standard_3,chr17,35996440,36001553
CCL23,auto_segment,auto_standard_3,chr17,36013056,36017972
CCL18,auto_segment,auto_standard_3,chr17,36064272,36072032
CCL3,auto_segment,auto_standard_3,chr17,36088256,36090169
CCL4,auto_segment,auto_standard_3,chr17,36103827,36105621
TBC1D3B,auto_segment,auto_standard_3,chr17,36165683,36176636
CCL3L3,auto_segment,auto_standard_3,chr17,36194869,36196758
CCL4L2,auto_segment,auto_standard_3,chr17,36210924,36212878
TBC1D3I,auto_segment,auto_standard_3,chr17,36253456,36264570
TBC1D3G,auto_segment,auto_standard_3,chr17,36323884,36334759
TBC1D3H,auto_segment,auto_standard_3,chr17,36377531,36388435
TBC1D3F,auto_segment,auto_standard_3,chr17,36428618,36439566
ZNHIT3,auto_segment,auto_standard_3,chr17,36486629,36499310
MYO19,auto_segment,auto_standard_3,chr17,36495636,36543435
PIGW,auto_segment,auto_standard_3,chr17,36534987,36539310
GGNBP2,auto_segment,auto_standard_3,chr17,36544912,36589848
DHRS11,auto_segment,auto_standard_3,chr17,36591879,36600804
MRM1,auto_segment,auto_standard_3,chr17,36601583,36608964
LHX1,auto_segment,auto_standard_3,chr17,36936785,36944612
AATF,auto_segment,auto_standard_3,chr17,36948925,37056871
ACACA,auto_segment,auto_standard_3,chr17,37084992,37406836
C17orf78,auto_segment,auto_standard_3,chr17,37375985,37392708
TADA2A,auto_segment,auto_standard_3,chr17,37406886,37479725
DUSP14,auto_segment,auto_standard_3,chr17,37489891,37513501
SYNRG,auto_segment,auto_standard_3,chr17,37514807,37609472
DDX52,auto_segment,auto_standard_3,chr17,37609739,37643446
HNF1B,auto_segment,auto_standard_3,chr17,37686431,37745059
TBC1D3K,auto_segment,auto_standard_3,chr17,37924415,37935371
TBC1D3L,auto_segment,auto_standard_3,chr17,37978155,37989060
TBC1D3D,auto_segment,auto_standard_3,chr17,38003976,38014908
TBC1D3C,auto_segment,auto_standard_3,chr17,38057693,38068634
TBC1D3E,auto_segment,auto_standard_3,chr17,38127951,38138868
TBC1D3,auto_segment,auto_standard_3,chr17,38181659,38192555
MRPL45,auto_segment,auto_standard_3,chr17,38297023,38323217
GPR179,auto_segment,auto_standard_3,chr17,38324571,38343956
SOCS7,auto_segment,auto_standard_3,chr17,38351844,38405593
ARHGAP23,auto_segment,auto_standard_3,chr17,38419280,38512385
SRCIN1,auto_segment,auto_standard_3,chr17,38530031,38605952
EPOP,auto_segment,auto_standard_3,chr17,38671703,38674957
MLLT6,auto_segment,auto_standard_3,chr17,38705273,38729795
CISD3,auto_segment,auto_standard_3,chr17,38730341,38735605
PCGF2,auto_segment,auto_standard_3,chr17,38733898,38749817
PSMB3,auto_segment,auto_standard_3,chr17,38752741,38764225
PIP4K2B,auto_segment,auto_standard_3,chr17,38765691,38800126
CWC25,auto_segment,auto_standard_3,chr17,38800441,38825355
C17orf98,auto_segment,auto_standard_3,chr17,38835086,38841438
RPL23,auto_segment,auto_standard_3,chr17,38847860,38853764
LASP1,auto_segment,auto_standard_3,chr17,38869859,38921770
LASP1NB,auto_segment,auto_standard_3,chr17,38925168,38929384
FBXO47,auto_segment,auto_standard_3,chr17,38936432,38967403
PLXDC1,auto_segment,auto_standard_3,chr17,39063313,39154394
ARL5C,auto_segment,auto_standard_3,chr17,39156894,39167484
CACNB1,auto_segment,auto_standard_3,chr17,39173453,39197702
RPL19,auto_segment,auto_standard_3,chr17,39200283,39204840
STAC2,auto_segment,auto_standard_3,chr17,39210541,39225945
FBXL20,auto_segment,auto_standard_3,chr17,39252663,39402523
MED1,auto_segment,auto_standard_3,chr17,39404285,39451272
CDK12,auto_segment,auto_standard_3,chr17,39461486,39567559
NEUROD2,auto_segment,auto_standard_3,chr17,39603536,39609777
PPP1R1B,auto_segment,auto_standard_3,chr17,39626740,39636626
STARD3,auto_segment,auto_standard_3,chr17,39637090,39664201
TCAP,auto_segment,auto_standard_3,chr17,39665349,39666554
PNMT,auto_segment,auto_standard_3,chr17,39667981,39670475
PGAP3,auto_segment,auto_standard_3,chr17,39671122,39696797
ERBB2,auto_segment,auto_standard_3,chr17,39687914,39730426
MIEN1,auto_segment,auto_standard_3,chr17,39728496,39730532
GRB7,auto_segment,auto_standard_3,chr17,39737927,39747291
IKZF3,auto_segment,auto_standard_3,chr17,39757718,39864312
ZPBP2,auto_segment,auto_standard_3,chr17,39868202,39877896
GSDMB,auto_segment,auto_standard_3,chr17,39904595,39919854
ORMDL3,auto_segment,auto_standard_3,chr17,39921041,39927601
LRRC3C,auto_segment,auto_standard_3,chr17,39927732,39944999
GSDMA,auto_segment,auto_standard_3,chr17,39953263,39977768
PSMD3,auto_segment,auto_standard_3,chr17,39980807,39997959
CSF3,auto_segment,auto_standard_3,chr17,40015361,40017813
MED24,auto_segment,auto_standard_3,chr17,40019097,40061215
THRA,auto_segment,auto_standard_3,chr17,40058290,40093867
NR1D1,auto_segment,auto_standard_3,chr17,40092793,40100589
MSL1,auto_segment,auto_standard_3,chr17,40121971,40136917
CASC3,auto_segment,auto_standard_3,chr17,40140318,40172171
RAPGEFL1,auto_segment,auto_standard_3,chr17,40177010,40195656
WIPF2,auto_segment,auto_standard_3,chr17,40219304,40284136
CDC6,auto_segment,auto_standard_3,chr17,40287879,40304657
RARA,auto_segment,auto_standard_3,chr17,40309180,40357643
GJD3,auto_segment,auto_standard_3,chr17,40360652,40364737
TOP2A,auto_segment,auto_standard_3,chr17,40388525,40417896
IGFBP4,auto_segment,auto_standard_3,chr17,40443450,40457725
TNS4,auto_segment,auto_standard_3,chr17,40475828,40501623
CCR7,auto_segment,auto_standard_3,chr17,40553769,40565472
SMARCE1,auto_segment,auto_standard_3,chr17,40624962,40648654
ENSG00000264058,auto_segment,auto_standard_3,chr17,40627356,40665141
KRT222,auto_segment,auto_standard_3,chr17,40654665,40665181
KRT24,auto_segment,auto_standard_3,chr17,40697991,40703752
KRT25,auto_segment,auto_standard_3,chr17,40748021,40755331
KRT26,auto_segment,auto_standard_3,chr17,40766238,40772201
KRT27,auto_segment,auto_standard_3,chr17,40776808,40782550
KRT28,auto_segment,auto_standard_3,chr17,40792196,40799959
KRT10,auto_segment,auto_standard_3,chr17,40818117,40822614
KRT12,auto_segment,auto_standard_3,chr17,40861303,40867223
KRT20,auto_segment,auto_standard_3,chr17,40875889,40885242
KRT23,auto_segment,auto_standard_3,chr17,40922700,40937646
KRT39,auto_segment,auto_standard_3,chr17,40958417,40966948
KRT40,auto_segment,auto_standard_3,chr17,40977715,40987135
KRTAP3-3,auto_segment,auto_standard_3,chr17,40993430,40994164
KRTAP3-2,auto_segment,auto_standard_3,chr17,40999193,40999906
KRTAP3-1,auto_segment,auto_standard_3,chr17,41008521,41019324
KRTAP1-5,auto_segment,auto_standard_3,chr17,41026026,41027208
KRTAP1-4,auto_segment,auto_standard_3,chr17,41029351,41030195
KRTAP1-3,auto_segment,auto_standard_3,chr17,41033884,41034874
KRTAP1-1,auto_segment,auto_standard_3,chr17,41040541,41041450
KRTAP2-1,auto_segment,auto_standard_3,chr17,41046541,41047316
KRTAP2-2,auto_segment,auto_standard_3,chr17,41054498,41055230
KRTAP2-3,auto_segment,auto_standard_3,chr17,41059240,41060114
KRTAP2-4,auto_segment,auto_standard_3,chr17,41065116,41065879
KRTAP4-7,auto_segment,auto_standard_3,chr17,41084150,41085144
KRTAP4-8,auto_segment,auto_standard_3,chr17,41096981,41098142
KRTAP4-16,auto_segment,auto_standard_3,chr17,41101502,41102209
KRTAP4-9,auto_segment,auto_standard_3,chr17,41105389,41106488
KRTAP4-11,auto_segment,auto_standard_3,chr17,41117181,41118373
KRTAP4-12,auto_segment,auto_standard_3,chr17,41123091,41124182
OR4F17,auto_segment,auto_standard_4,chr19,107104,117102
PLPP2,auto_segment,auto_standard_4,chr19,281040,291403
MIER2,auto_segment,auto_standard_4,chr19,305573,344815
THEG,auto_segment,auto_standard_4,chr19,361747,376026
C2CD4C,auto_segment,auto_standard_4,chr19,405445,409147
SHC2,auto_segment,auto_standard_4,chr19,416589,461033
ODF3L2,auto_segment,auto_standard_4,chr19,463346,474983
MADCAM1,auto_segment,auto_standard_4,chr19,489176,505343
TPGS1,auto_segment,auto_standard_4,chr19,507497,519654
CDC34,auto_segment,auto_standard_4,chr19,531760,542092
GZMM,auto_segment,auto_standard_4,chr19,544034,549924
BSG,auto_segment,auto_standard_4,chr19,571277,583494
HCN2,auto_segment,auto_standard_4,chr19,589881,617159
POLRMT,auto_segment,auto_standard_4,chr19,617221,633537
FGF22,auto_segment,auto_standard_4,chr19,639879,644373
RNF126,auto_segment,auto_standard_4,chr19,647526,663233
FSTL3,auto_segment,auto_standard_4,chr19,676392,683392
PRSS57,auto_segment,auto_standard_4,chr19,685546,695498
PALM,auto_segment,auto_standard_4,chr19,708935,748329
MISP,auto_segment,auto_standard_4,chr19,751112,764318
PTBP1,auto_segment,auto_standard_4,chr19,797075,812327
PLPPR3,auto_segment,auto_standard_4,chr19,812488,821955
AZU1,auto_segment,auto_standard_4,chr19,825097,832018
PRTN3,auto_segment,auto_standard_4,chr19,840999,848175
ELANE,auto_segment,auto_standard_4,chr19,851014,856247
CFD,auto_segment,auto_standard_4,chr19,859453,867884
MED16,auto_segment,auto_standard_4,chr19,867630,893218
R3HDM4,auto_segment,auto_standard_4,chr19,896503,913245
KISS1R,auto_segment,auto_standard_4,chr19,917287,921005
ARID3A,auto_segment,auto_standard_4,chr19,925781,975939
WDR18,auto_segment,auto_standard_4,chr19,984332,998438
GRIN3B,auto_segment,auto_standard_4,chr19,1000419,1009732
TMEM259,auto_segment,auto_standard_4,chr19,1009648,1021179
CNN2,auto_segment,auto_standard_4,chr19,1026586,1039068
ABCA7,auto_segment,auto_standard_4,chr19,1039997,1065572
ARHGAP45,auto_segment,auto_standard_4,chr19,1065923,1086628
POLR2E,auto_segment,auto_standard_4,chr19,1086574,1095380
GPX4,auto_segment,auto_standard_4,chr19,1103982,1106791
SBNO2,auto_segment,auto_standard_4,chr19,1107637,1174268
STK11,auto_segment,auto_standard_4,chr19,1177558,1228431
CBARP,auto_segment,auto_standard_4,chr19,1228287,1238027
ATP5F1D,auto_segment,auto_standard_4,chr19,1241746,1244825
MIDN,auto_segment,auto_standard_4,chr19,1248553,1259143
CIRBP,auto_segment,auto_standard_4,chr19,1259384,1274880
FAM174C,auto_segment,auto_standard_4,chr19,1275530,1279244
EFNA2,auto_segment,auto_standard_4,chr19,1285873,1301431
PWWP3A,auto_segment,auto_standard_4,chr19,1354711,1378431
NDUFS7,auto_segment,auto_standard_4,chr19,1383527,1395589
GAMT,auto_segment,auto_standard_4,chr19,1397026,1401570
DAZAP1,auto_segment,auto_standard_4,chr19,1407569,1435687
RPS15,auto_segment,auto_standard_4,chr19,1438358,1440495
APC2,auto_segment,auto_standard_4,chr19,1446302,1473244
C19orf25,auto_segment,auto_standard_4,chr19,1461143,1479219
PCSK4,auto_segment,auto_standard_4,chr19,1481428,1490752
REEP6,auto_segment,auto_standard_4,chr19,1491166,1497927
ADAMTSL5,auto_segment,auto_standard_4,chr19,1505022,1513604
PLK5,auto_segment,auto_standard_4,chr19,1508023,1536046
MEX3D,auto_segment,auto_standard_4,chr19,1554672,1568325
MBD3,auto_segment,auto_standard_4,chr19,1573596,1592865
ENSG00000267059,auto_segment,auto_standard_4,chr19,1578339,1605445
UQCR11,auto_segment,auto_standard_4,chr19,1597169,1605473
TCF3,auto_segment,auto_standard_4,chr19,1609291,1652615
ONECUT3,auto_segment,auto_standard_4,chr19,1753506,1780988
ATP8B3,auto_segment,auto_standard_4,chr19,1782075,1812276
REXO1,auto_segment,auto_standard_4,chr19,1815248,1848483
KLF16,auto_segment,auto_standard_4,chr19,1852399,1863579
ABHD17A,auto_segment,auto_standard_4,chr19,1876810,1885496
SCAMP4,auto_segment,auto_standard_4,chr19,1905214,1926013
ADAT3,auto_segment,auto_standard_4,chr19,1905399,1913447
CSNK1G2,auto_segment,auto_standard_4,chr19,1941172,1981338
BTBD2,auto_segment,auto_standard_4,chr19,1985438,2034881
MKNK2,auto_segment,auto_standard_4,chr19,2037465,2051244
MOB3A,auto_segment,auto_standard_4,chr19,2071036,2096673
IZUMO4,auto_segment,auto_standard_4,chr19,2096429,2099593
AP3D1,auto_segment,auto_standard_4,chr19,2100988,2164468
DOT1L,auto_segment,auto_standard_4,chr19,2163933,2232578
PLEKHJ1,auto_segment,auto_standard_4,chr19,2230084,2237704
SF3A2,auto_segment,auto_standard_4,chr19,2236824,2248655
AMH,auto_segment,auto_standard_4,chr19,2249309,2252073
JSRP1,auto_segment,auto_standard_4,chr19,2252252,2269759
OAZ1,auto_segment,auto_standard_4,chr19,2269509,2273490
ENSG00000273734,auto_segment,auto_standard_4,chr19,2269525,2341172
PEAK3,auto_segment,auto_standard_4,chr19,2274631,2282175
LINGO3,auto_segment,auto_standard_4,chr19,2287164,2308154
LSM7,auto_segment,auto_standard_4,chr19,2321520,2328611
SPPL2B,auto_segment,auto_standard_4,chr19,2328615,2355095
TMPRSS9,auto_segment,auto_standard_4,chr19,2360238,2426261
TIMM13,auto_segment,auto_standard_4,chr19,2425625,2427586
LMNB2,auto_segment,auto_standard_4,chr19,2427638,2456959
GADD45B,auto_segment,auto_standard_4,chr19,2476122,2478259
GNG7,auto_segment,auto_standard_4,chr19,2511219,2702694
DIRAS1,auto_segment,auto_standard_4,chr19,2714567,2721372
ENSG00000267001,auto_segment,auto_standard_4,chr19,2717769,2740048
SLC39A3,auto_segment,auto_standard_4,chr19,2732204,2740028
SGTA,auto_segment,auto_standard_4,chr19,2754715,2783362
THOP1,auto_segment,auto_standard_4,chr19,2785503,2815807
ZNF554,auto_segment,auto_standard_4,chr19,2819868,2836735
ZNF555,auto_segment,auto_standard_4,chr19,2841437,2860471
ZNF556,auto_segment,auto_standard_4,chr19,2867335,2883445
ZNF57,auto_segment,auto_standard_4,chr19,2900928,2918473
ZNF77,auto_segment,auto_standard_4,chr19,2933218,2944971
TLE6,auto_segment,auto_standard_4,chr19,2977538,2995179
TLE2,auto_segment,auto_standard_4,chr19,2997639,3047635
TLE5,auto_segment,auto_standard_4,chr19,3052910,3063107
GNA11,auto_segment,auto_standard_4,chr19,3094362,3123999
GNA15,auto_segment,auto_standard_4,chr19,3136033,3163749
S1PR4,auto_segment,auto_standard_4,chr19,3172346,3180332
NCLN,auto_segment,auto_standard_4,chr19,3185563,3209575
CELF5,auto_segment,auto_standard_4,chr19,3224661,3297076
NFIC,auto_segment,auto_standard_4,chr19,3314403,3469217
SMIM24,auto_segment,auto_standard_4,chr19,3473986,3480525
SMIM44,auto_segment,auto_standard_4,chr19,3482110,3483441
DOHH,auto_segment,auto_standard_4,chr19,3490821,3500674
FZR1,auto_segment,auto_standard_4,chr19,3506311,3538334
MFSD12,auto_segment,auto_standard_4,chr19,3538261,3574290
TEKTIP1,auto_segment,auto_standard_4,chr19,3539171,3544030
HMG20B,auto_segment,auto_standard_4,chr19,3572777,3579088
GIPC3,auto_segment,auto_standard_4,chr19,3585478,3593541
TBXA2R,auto_segment,auto_standard_4,chr19,3594507,3606875
CACTIN,auto_segment,auto_standard_4,chr19,3610645,3626815
PIP5K1C,auto_segment,auto_standard_4,chr19,3630183,3700468
TJP3,auto_segment,auto_standard_4,chr19,3708362,3750813
APBA3,auto_segment,auto_standard_4,chr19,3750772,3761692
MRPL54,auto_segment,auto_standard_4,chr19,3762682,3768575
RAX2,auto_segment,auto_standard_4,chr19,3769089,3772228
MATK,auto_segment,auto_standard_4,chr19,3777970,3802129
ZFR2,auto_segment,auto_standard_4,chr19,3804024,3869038
ATCAY,auto_segment,auto_standard_4,chr19,3879864,3928082
NMRK2,auto_segment,auto_standard_4,chr19,3933069,3942416
DAPK3,auto_segment,auto_standard_4,chr19,3958453,3971123
EEF2,auto_segment,auto_standard_4,chr19,3976056,3985463
PIAS4,auto_segment,auto_standard_4,chr19,4007736,4039386
ZBTB7A,auto_segment,auto_standard_4,chr19,4043303,4066899
MAP2K2,auto_segment,auto_standard_4,chr19,4090321,4124122
CREB3L3,auto_segment,auto_standard_4,chr19,4153631,4173054
SIRT6,auto_segment,auto_standard_4,chr19,4174109,4182566
ANKRD24,auto_segment,auto_standard_4,chr19,4182689,4224814
EBI3,auto_segment,auto_standard_4,chr19,4229523,4237528
YJU2,auto_segment,auto_standard_4,chr19,4247080,4269088
SHD,auto_segment,auto_standard_4,chr19,4279266,4290722
TMIGD2,auto_segment,auto_standard_4,chr19,4292227,4302431
FSD1,auto_segment,auto_standard_4,chr19,4304598,4323843
STAP2,auto_segment,auto_standard_4,chr19,4324043,4342786
MPND,auto_segment,auto_standard_4,chr19,4343527,4360086
SH3GL1,auto_segment,auto_standard_4,chr19,4360370,4400547
CHAF1A,auto_segment,auto_standard_4,chr19,4402640,4445018
UBXN6,auto_segment,auto_standard_4,chr19,4444999,4457794
HDGFL2,auto_segment,auto_standard_4,chr19,4472297,4502208
PLIN4,auto_segment,auto_standard_4,chr19,4502192,4518486
PLIN5,auto_segment,auto_standard_4,chr19,4522531,4535224
ENSG00000267385,auto_segment,auto_standard_4,chr19,4528427,4540067
LRG1,auto_segment,auto_standard_4,chr19,4536402,4540036
SEMA6B,auto_segment,auto_standard_4,chr19,4542593,4581776
TNFAIP8L1,auto_segment,auto_standard_4,chr19,4639516,4655568
MYDGF,auto_segment,auto_standard_4,chr19,4641374,4670362
DPP9,auto_segment,auto_standard_4,chr19,4674341,4724673
FEM1A,auto_segment,auto_standard_4,chr19,4791734,4801273
TICAM1,auto_segment,auto_standard_4,chr19,4815932,4831712
PLIN3,auto_segment,auto_standard_4,chr19,4838341,4867694
ARRDC5,auto_segment,auto_standard_4,chr19,4890437,4902896
UHRF1,auto_segment,auto_standard_4,chr19,4903080,4962154
KDM4B,auto_segment,auto_standard_4,chr19,4969113,5153598
PTPRS,auto_segment,auto_standard_4,chr19,5158495,5340812
ZNRF4,auto_segment,auto_standard_4,chr19,5455417,5456856
TINCR,auto_segment,auto_standard_4,chr19,5558167,5578349
SAFB2,auto_segment,auto_standard_4,chr19,5586999,5624046
SAFB,auto_segment,auto_standard_4,chr19,5623035,5668478
RPL36,auto_segment,auto_standard_4,chr19,5674947,5691875
MICOS13,auto_segment,auto_standard_4,chr19,5678421,5680516
HSD11B1L,auto_segment,auto_standard_4,chr19,5680604,5688523
LONP1,auto_segment,auto_standard_4,chr19,5691834,5720572
CATSPERD,auto_segment,auto_standard_4,chr19,5720637,5778734
PRR22,auto_segment,auto_standard_4,chr19,5782960,5784746
ENSG00000267157,auto_segment,auto_standard_4,chr19,5784005,5785619
DUS3L,auto_segment,auto_standard_4,chr19,5784832,5791225
NRTN,auto_segment,auto_standard_4,chr19,5805067,5828324
FUT6,auto_segment,auto_standard_4,chr19,5830408,5839722
FUT3,auto_segment,auto_standard_4,chr19,5842888,5851471
FUT5,auto_segment,auto_standard_4,chr19,5865826,5870540
ENSG00000267740,auto_segment,auto_standard_4,chr19,5866171,5903787
NDUFA11,auto_segment,auto_standard_4,chr19,5891276,5904006
ENSG00000267314,auto_segment,auto_standard_4,chr19,5904841,5914707
VMAC,auto_segment,auto_standard_4,chr19,5904872,5910853
CAPS,auto_segment,auto_standard_4,chr19,5912339,5916211
ADAMTS10,auto_segment,auto_standard_5,chr19,8580240,8610735
NFILZ,auto_segment,auto_standard_5,chr19,8630633,8681151
ACTL9,auto_segment,auto_standard_5,chr19,8697400,8698795
OR2Z1,auto_segment,auto_standard_5,chr19,8721634,8732160
ZNF558,auto_segment,auto_standard_5,chr19,8806170,8832314
MBD3L1,auto_segment,auto_standard_5,chr19,8832377,8843340
MUC16,auto_segment,auto_standard_5,chr19,8848844,9010390
OR1M1,auto_segment,auto_standard_5,chr19,9087061,9095669
OR7G2,auto_segment,auto_standard_5,chr19,9100407,9107475
OR7G1,auto_segment,auto_standard_5,chr19,9114828,9115763
OR7G3,auto_segment,auto_standard_5,chr19,9126012,9126950
ZNF317,auto_segment,auto_standard_5,chr19,9140397,9163424
OR7D2,auto_segment,auto_standard_5,chr19,9178979,9188818
OR7D4,auto_segment,auto_standard_5,chr19,9210276,9219589
OR7E24,auto_segment,auto_standard_5,chr19,9247344,9252625
ZNF699,auto_segment,auto_standard_5,chr19,9291140,9309838
ZNF559,auto_segment,auto_standard_5,chr19,9323772,9351162
ZNF559-ZNF177,auto_segment,auto_standard_5,chr19,9324174,9382617
ZNF177,auto_segment,auto_standard_5,chr19,9363013,9382617
ZNF266,auto_segment,auto_standard_5,chr19,9412429,9435573
ZNF560,auto_segment,auto_standard_5,chr19,9466355,9498616
ZNF426,auto_segment,auto_standard_5,chr19,9523223,9538645
ZNF121,auto_segment,auto_standard_5,chr19,9560329,9584504
ZNF561,auto_segment,auto_standard_5,chr19,9604680,9621236
ZNF562,auto_segment,auto_standard_5,chr19,9641807,9675100
ZNF846,auto_segment,auto_standard_5,chr19,9751993,9793180
FBXL12,auto_segment,auto_standard_5,chr19,9810267,9827816
UBL5,auto_segment,auto_standard_5,chr19,9827892,9830115
PIN1,auto_segment,auto_standard_5,chr19,9835257,9849689
OLFM2,auto_segment,auto_standard_5,chr19,9853718,9936515
COL5A3,auto_segment,auto_standard_5,chr19,9959561,10010504
RDH8,auto_segment,auto_standard_5,chr19,10013249,10022279
SHFL,auto_segment,auto_standard_5,chr19,10086122,10093252
ANGPTL6,auto_segment,auto_standard_5,chr19,10092338,10102678
PPAN-P2RY11,auto_segment,auto_standard_5,chr19,10106223,10114780
PPAN,auto_segment,auto_standard_5,chr19,10106362,10112012
P2RY11,auto_segment,auto_standard_5,chr19,10111693,10115372
EIF3G,auto_segment,auto_standard_5,chr19,10115014,10119918
DNMT1,auto_segment,auto_standard_5,chr19,10133342,10231286
S1PR2,auto_segment,auto_standard_5,chr19,10221433,10231331
MRPL4,auto_segment,auto_standard_5,chr19,10251901,10260055
ICAM1,auto_segment,auto_standard_5,chr19,10271093,10286615
ICAM4,auto_segment,auto_standard_5,chr19,10286955,10288522
ICAM5,auto_segment,auto_standard_5,chr19,10289952,10296778
ZGLP1,auto_segment,auto_standard_5,chr19,10304803,10309880
ENSG00000167807,auto_segment,auto_standard_5,chr19,10305427,10316009
FDX2,auto_segment,auto_standard_5,chr19,10309916,10316015
ENSG00000267303,auto_segment,auto_standard_5,chr19,10315471,10320678
RAVER1,auto_segment,auto_standard_5,chr19,10316212,10333529
ICAM3,auto_segment,auto_standard_5,chr19,10333776,10339661
TYK2,auto_segment,auto_standard_5,chr19,10350533,10380608
CDC37,auto_segment,auto_standard_5,chr19,10391133,10420121
PDE4A,auto_segment,auto_standard_5,chr19,10416773,10469630
KEAP1,auto_segment,auto_standard_5,chr19,10486125,10503558
S1PR5,auto_segment,auto_standard_5,chr19,10512742,10517931
ATG4D,auto_segment,auto_standard_5,chr19,10543895,10553418
KRI1,auto_segment,auto_standard_5,chr19,10553085,10566031
CDKN2D,auto_segment,auto_standard_5,chr19,10566460,10569059
AP1M2,auto_segment,auto_standard_5,chr19,10572671,10587315
SLC44A2,auto_segment,auto_standard_5,chr19,10602457,10644557
ILF3,auto_segment,auto_standard_5,chr19,10654304,10692400
QTRT1,auto_segment,auto_standard_5,chr19,10701430,10713437
DNM2,auto_segment,auto_standard_5,chr19,10718055,10833488
TMED1,auto_segment,auto_standard_5,chr19,10832067,10836318
C19orf38,auto_segment,auto_standard_5,chr19,10836575,10869790
CARM1,auto_segment,auto_standard_5,chr19,10871553,10923075
YIPF2,auto_segment,auto_standard_5,chr19,10922185,10928681
TIMM29,auto_segment,auto_standard_5,chr19,10928811,10933535
SMARCA4,auto_segment,auto_standard_5,chr19,10960932,11079426
LDLR,auto_segment,auto_standard_5,chr19,11089418,11133820
SPC24,auto_segment,auto_standard_5,chr19,11131520,11155807
KANK2,auto_segment,auto_standard_5,chr19,11164270,11197791
DOCK6,auto_segment,auto_standard_5,chr19,11199295,11262524
ANGPTL8,auto_segment,auto_standard_5,chr19,11237502,11241943
TSPAN16,auto_segment,auto_standard_5,chr19,11296139,11326996
RAB3D,auto_segment,auto_standard_5,chr19,11322068,11346270
TMEM205,auto_segment,auto_standard_5,chr19,11342776,11346518
CCDC159,auto_segment,auto_standard_5,chr19,11344684,11354944
PLPPR2,auto_segment,auto_standard_5,chr19,11355386,11365698
SWSAP1,auto_segment,auto_standard_5,chr19,11374666,11376951
EPOR,auto_segment,auto_standard_5,chr19,11377207,11384342
RGL3,auto_segment,auto_standard_5,chr19,11384341,11419328
ODAD3,auto_segment,auto_standard_5,chr19,11420604,11435782
PRKCSH,auto_segment,auto_standard_5,chr19,11435284,11450968
ELAVL3,auto_segment,auto_standard_5,chr19,11451326,11481046
ENSG00000267477,auto_segment,auto_standard_5,chr19,11466240,11505698
ZNF653,auto_segment,auto_standard_5,chr19,11483427,11505839
ECSIT,auto_segment,auto_standard_5,chr19,11505929,11529172
CNN1,auto_segment,auto_standard_5,chr19,11538767,11550323
ELOF1,auto_segment,auto_standard_5,chr19,11551147,11559230
ZNF627,auto_segment,auto_standard_5,chr19,11559374,11619161
ACP5,auto_segment,auto_standard_5,chr19,11574653,11579993
ZNF823,auto_segment,auto_standard_5,chr19,11721265,11739009
ZNF441,auto_segment,auto_standard_5,chr19,11767000,11784078
ZNF491,auto_segment,auto_standard_5,chr19,11797667,11809622
ZNF440,auto_segment,auto_standard_5,chr19,11814273,11835216
ZNF439,auto_segment,auto_standard_5,chr19,11848726,11883750
ZNF69,auto_segment,auto_standard_5,chr19,11887782,11914329
ZNF700,auto_segment,auto_standard_5,chr19,11925068,11950773
ENSG00000267179,auto_segment,auto_standard_5,chr19,11925075,11979290
ZNF763,auto_segment,auto_standard_5,chr19,11965037,11980617
ENSG00000286098,auto_segment,auto_standard_5,chr19,11987641,12078106
ZNF433,auto_segment,auto_standard_5,chr19,12014715,12035741
ENSG00000257355,auto_segment,auto_standard_5,chr19,12017888,12052967
ZNF878,auto_segment,auto_standard_5,chr19,12043805,12052961
ZNF844,auto_segment,auto_standard_5,chr19,12064731,12081565
ENSG00000286132,auto_segment,auto_standard_5,chr19,12075327,12113325
ZNF20,auto_segment,auto_standard_5,chr19,12092843,12140355
ZNF625-ZNF20,auto_segment,auto_standard_5,chr19,12132117,12156731
ZNF625,auto_segment,auto_standard_5,chr19,12142090,12156734
ZNF136,auto_segment,auto_standard_5,chr19,12163064,12189871
ZNF44,auto_segment,auto_standard_5,chr19,12224686,12294883
ZNF563,auto_segment,auto_standard_5,chr19,12317477,12333720
ZNF442,auto_segment,auto_standard_5,chr19,12345944,12365905
ZNF799,auto_segment,auto_standard_5,chr19,12390016,12401271
ENSG00000268870,auto_segment,auto_standard_5,chr19,12391949,12441082
ZNF443,auto_segment,auto_standard_5,chr19,12429706,12441021
ENSG00000269755,auto_segment,auto_standard_5,chr19,12433103,12484816
ZNF709,auto_segment,auto_standard_5,chr19,12461184,12513854
ENSG00000196826,auto_segment,auto_standard_5,chr19,12461559,12551474
ZNF564,auto_segment,auto_standard_5,chr19,12525373,12551542
ENSG00000269693,auto_segment,auto_standard_5,chr19,12525720,12580975
ZNF627,auto_segment,auto_standard_6,chr19,11559374,11619161
ACP5,auto_segment,auto_standard_6,chr19,11574653,11579993
ZNF823,auto_segment,auto_standard_6,chr19,11721265,11739009
ZNF441,auto_segment,auto_standard_6,chr19,11767000,11784078
ZNF491,auto_segment,auto_standard_6,chr19,11797667,11809622
ZNF440,auto_segment,auto_standard_6,chr19,11814273,11835216
ZNF439,auto_segment,auto_standard_6,chr19,11848726,11883750
ZNF69,auto_segment,auto_standard_6,chr19,11887782,11914329
ZNF700,auto_segment,auto_standard_6,chr19,11925068,11950773
ENSG00000267179,auto_segment,auto_standard_6,chr19,11925075,11979290
ZNF763,auto_segment,auto_standard_6,chr19,11965037,11980617
ENSG00000286098,auto_segment,auto_standard_6,chr19,11987641,12078106
ZNF433,auto_segment,auto_standard_6,chr19,12014715,12035741
ENSG00000257355,auto_segment,auto_standard_6,chr19,12017888,12052967
ZNF878,auto_segment,auto_standard_6,chr19,12043805,12052961
ZNF844,auto_segment,auto_standard_6,chr19,12064731,12081565
ENSG00000286132,auto_segment,auto_standard_6,chr19,12075327,12113325
ZNF20,auto_segment,auto_standard_6,chr19,12092843,12140355
ZNF625-ZNF20,auto_segment,auto_standard_6,chr19,12132117,12156731
ZNF625,auto_segment,auto_standard_6,chr19,12142090,12156734
ZNF136,auto_segment,auto_standard_6,chr19,12163064,12189871
ZNF44,auto_segment,auto_standard_6,chr19,12224686,12294883
ZNF563,auto_segment,auto_standard_6,chr19,12317477,12333720
ZNF442,auto_segment,auto_standard_6,chr19,12345944,12365905
ZNF799,auto_segment,auto_standard_6,chr19,12390016,12401271
ENSG00000268870,auto_segment,auto_standard_6,chr19,12391949,12441082
ZNF443,auto_segment,auto_standard_6,chr19,12429706,12441021
ENSG00000269755,auto_segment,auto_standard_6,chr19,12433103,12484816
ZNF709,auto_segment,auto_standard_6,chr19,12461184,12513854
ENSG00000196826,auto_segment,auto_standard_6,chr19,12461559,12551474
ZNF564,auto_segment,auto_standard_6,chr19,12525373,12551542
ENSG00000269693,auto_segment,auto_standard_6,chr19,12525720,12580975
ZNF490,auto_segment,auto_standard_6,chr19,12576100,12640098
ZNF791,auto_segment,auto_standard_6,chr19,12610918,12633840
ENSG00000269242,auto_segment,auto_standard_6,chr19,12643831,12648397
MAN2B1,auto_segment,auto_standard_6,chr19,12646511,12666742
ENSG00000269590,auto_segment,auto_standard_6,chr19,12664828,12669397
WDR83,auto_segment,auto_standard_6,chr19,12666802,12675832
ENSG00000285589,auto_segment,auto_standard_6,chr19,12668071,12681834
WDR83OS,auto_segment,auto_standard_6,chr19,12668073,12669415
DHPS,auto_segment,auto_standard_6,chr19,12675717,12681880
GNG14,auto_segment,auto_standard_6,chr19,12687998,12688422
FBXW9,auto_segment,auto_standard_6,chr19,12688053,12696631
TNPO2,auto_segment,auto_standard_6,chr19,12699201,12724011
TRIR,auto_segment,auto_standard_6,chr19,12730640,12734684
GET3,auto_segment,auto_standard_6,chr19,12737139,12748323
BEST2,auto_segment,auto_standard_6,chr19,12751702,12758458
HOOK2,auto_segment,auto_standard_6,chr19,12763003,12872740
JUNB,auto_segment,auto_standard_6,chr19,12791486,12793315
PRDX2,auto_segment,auto_standard_6,chr19,12796820,12801800
THSD8,auto_segment,auto_standard_6,chr19,12802031,12813581
RNASEH2A,auto_segment,auto_standard_6,chr19,12806584,12813640
RTBDN,auto_segment,auto_standard_6,chr19,12825478,12835428
MAST1,auto_segment,auto_standard_6,chr19,12833951,12874952
DNASE2,auto_segment,auto_standard_6,chr19,12875209,12881595
KLF1,auto_segment,auto_standard_6,chr19,12884422,12887201
GCDH,auto_segment,auto_standard_6,chr19,12891160,12914207
SYCE2,auto_segment,auto_standard_6,chr19,12898786,12919293
FARSA,auto_segment,auto_standard_6,chr19,12922479,12934037
CALR,auto_segment,auto_standard_6,chr19,12938578,12944489
RAD23A,auto_segment,auto_standard_6,chr19,12945855,12953642
GADD45GIP1,auto_segment,auto_standard_6,chr19,12953119,12957223
DAND5,auto_segment,auto_standard_6,chr19,12965159,12974760
NFIX,auto_segment,auto_standard_6,chr19,12995475,13098796
LYL1,auto_segment,auto_standard_6,chr19,13099033,13103161
TRMT1,auto_segment,auto_standard_6,chr19,13104902,13117567
NACC1,auto_segment,auto_standard_6,chr19,13116862,13141147
STX10,auto_segment,auto_standard_6,chr19,13144058,13150383
IER2,auto_segment,auto_standard_6,chr19,13150411,13154911
CACNA1A,auto_segment,auto_standard_6,chr19,13206442,13633025
YJU2B,auto_segment,auto_standard_6,chr19,13731760,13763296
MRI1,auto_segment,auto_standard_6,chr19,13764522,13774282
C19orf53,auto_segment,auto_standard_6,chr19,13774456,13778773
ZSWIM4,auto_segment,auto_standard_6,chr19,13795443,13832254
NANOS3,auto_segment,auto_standard_6,chr19,13862063,13880757
BRME1,auto_segment,auto_standard_6,chr19,13882348,13906452
CC2D1A,auto_segment,auto_standard_6,chr19,13906201,13930879
PODNL1,auto_segment,auto_standard_6,chr19,13931187,13953392
DCAF15,auto_segment,auto_standard_6,chr19,13952509,13961449
RFX1,auto_segment,auto_standard_6,chr19,13961530,14007039
RLN3,auto_segment,auto_standard_6,chr19,14028148,14031551
IL27RA,auto_segment,auto_standard_6,chr19,14031762,14053218
PALM3,auto_segment,auto_standard_6,chr19,14053363,14062076
MISP3,auto_segment,auto_standard_6,chr19,14072536,14075062
C19orf67,auto_segment,auto_standard_6,chr19,14081624,14085875
SAMD1,auto_segment,auto_standard_6,chr19,14087851,14091036
PRKACA,auto_segment,auto_standard_6,chr19,14091688,14118084
SMIM46,auto_segment,auto_standard_6,chr19,14112324,14112476
ASF1B,auto_segment,auto_standard_6,chr19,14119512,14136613
ADGRL1,auto_segment,auto_standard_6,chr19,14147743,14206187
ADGRE5,auto_segment,auto_standard_6,chr19,14380501,14408725
DDX39A,auto_segment,auto_standard_6,chr19,14408798,14419383
PKN1,auto_segment,auto_standard_6,chr19,14433053,14471867
PTGER1,auto_segment,auto_standard_6,chr19,14472466,14475354
GIPC1,auto_segment,auto_standard_6,chr19,14477760,14496149
DNAJB1,auto_segment,auto_standard_6,chr19,14514769,14560391
TECR,auto_segment,auto_standard_6,chr19,14517085,14565980
NDUFB7,auto_segment,auto_standard_6,chr19,14566078,14572066
CLEC17A,auto_segment,auto_standard_6,chr19,14583084,14612035
ADGRE3,auto_segment,auto_standard_6,chr19,14619117,14690027
ZNF333,auto_segment,auto_standard_6,chr19,14689801,14733746
ADGRE2,auto_segment,auto_standard_6,chr19,14732392,14778560
OR7C1,auto_segment,auto_standard_6,chr19,14789260,14835376
OR7A5,auto_segment,auto_standard_6,chr19,14826241,14835185
OR7A10,auto_segment,auto_standard_6,chr19,14840466,14848922
OR7A17,auto_segment,auto_standard_6,chr19,14878203,14886132
OR7C2,auto_segment,auto_standard_6,chr19,14941489,14942448
SLC1A6,auto_segment,auto_standard_6,chr19,14950033,15022990
CCDC105,auto_segment,auto_standard_6,chr19,15010726,15023276
CASP14,auto_segment,auto_standard_6,chr19,15049480,15058293
OR1I1,auto_segment,auto_standard_6,chr19,15082211,15092970
SYDE1,auto_segment,auto_standard_6,chr19,15107401,15114985
ILVBL,auto_segment,auto_standard_6,chr19,15114984,15125786
NOTCH3,auto_segment,auto_standard_6,chr19,15159038,15200995
EPHX3,auto_segment,auto_standard_6,chr19,15226919,15233435
BRD4,auto_segment,auto_standard_6,chr19,15235519,15332545
AKAP8,auto_segment,auto_standard_6,chr19,15353385,15379815
AKAP8L,auto_segment,auto_standard_6,chr19,15380050,15419141
WIZ,auto_segment,auto_standard_6,chr19,15419978,15449956
RASAL3,auto_segment,auto_standard_6,chr19,15451624,15464544
PGLYRP2,auto_segment,auto_standard_6,chr19,15468645,15498956
CYP4F22,auto_segment,auto_standard_6,chr19,15508525,15552317
APOC4-APOC2,auto_segment,auto_standard_7,chr19,44942238,44949565
APOC2,auto_segment,auto_standard_7,chr19,44946035,44949565
CLPTM1,auto_segment,auto_standard_7,chr19,44954585,44993341
RELB,auto_segment,auto_standard_7,chr19,45001461,45038192
CLASRP,auto_segment,auto_standard_7,chr19,45039045,45070956
ZNF296,auto_segment,auto_standard_7,chr19,45071500,45076478
GEMIN7,auto_segment,auto_standard_7,chr19,45079195,45091518
MARK4,auto_segment,auto_standard_7,chr19,45079288,45305284
PPP1R37,auto_segment,auto_standard_7,chr19,45091396,45148077
NKPD1,auto_segment,auto_standard_7,chr19,45149744,45160982
TRAPPC6A,auto_segment,auto_standard_7,chr19,45162928,45178237
BLOC1S3,auto_segment,auto_standard_7,chr19,45178784,45216933
EXOC3L2,auto_segment,auto_standard_7,chr19,45212370,45245407
CKM,auto_segment,auto_standard_7,chr19,45306413,45322875
KLC3,auto_segment,auto_standard_7,chr19,45333434,45351520
ERCC2,auto_segment,auto_standard_7,chr19,45349837,45370918
PPP1R13L,auto_segment,auto_standard_7,chr19,45379638,45406349
POLR1G,auto_segment,auto_standard_7,chr19,45406644,45410737
ERCC1,auto_segment,auto_standard_7,chr19,45407334,45478828
FOSB,auto_segment,auto_standard_7,chr19,45467995,45475179
RTN2,auto_segment,auto_standard_7,chr19,45485294,45497055
PPM1N,auto_segment,auto_standard_7,chr19,45488777,45502513
VASP,auto_segment,auto_standard_7,chr19,45506579,45526989
OPA3,auto_segment,auto_standard_7,chr19,45527767,45602212
GPR4,auto_segment,auto_standard_7,chr19,45589764,45602212
EML2,auto_segment,auto_standard_7,chr19,45606994,45645602
GIPR,auto_segment,auto_standard_7,chr19,45668221,45683722
SNRPD2,auto_segment,auto_standard_7,chr19,45687460,45692569
QPCTL,auto_segment,auto_standard_7,chr19,45692403,45703989
FBXO46,auto_segment,auto_standard_7,chr19,45710629,45730896
MEIOSIN,auto_segment,auto_standard_7,chr19,45733439,45764541
SIX5,auto_segment,auto_standard_7,chr19,45764785,45769252
DMPK,auto_segment,auto_standard_7,chr19,45769709,45782552
ENSG00000268434,auto_segment,auto_standard_7,chr19,45779437,45785973
DMWD,auto_segment,auto_standard_7,chr19,45782947,45792845
RSPH6A,auto_segment,auto_standard_7,chr19,45795713,45815308
SYMPK,auto_segment,auto_standard_7,chr19,45815410,45863194
FOXA3,auto_segment,auto_standard_7,chr19,45863989,45873797
IRF2BP1,auto_segment,auto_standard_7,chr19,45883608,45886141
MYPOP,auto_segment,auto_standard_7,chr19,45890023,45902613
NANOS2,auto_segment,auto_standard_7,chr19,45913214,45914778
NOVA2,auto_segment,auto_standard_7,chr19,45933734,45974044
CCDC61,auto_segment,auto_standard_7,chr19,45995461,46021318
PGLYRP1,auto_segment,auto_standard_7,chr19,46019153,46023053
IGFL4,auto_segment,auto_standard_7,chr19,46039182,46077118
IGFL3,auto_segment,auto_standard_7,chr19,46120067,46124688
IGFL2,auto_segment,auto_standard_7,chr19,46143106,46161298
IGFL1,auto_segment,auto_standard_7,chr19,46229742,46231243
HIF3A,auto_segment,auto_standard_7,chr19,46297042,46343433
PPP5C,auto_segment,auto_standard_7,chr19,46347087,46392981
CCDC8,auto_segment,auto_standard_7,chr19,46410329,46413564
PNMA8C,auto_segment,auto_standard_7,chr19,46424697,46428936
PNMA8A,auto_segment,auto_standard_7,chr19,46466491,46471563
PNMA8B,auto_segment,auto_standard_7,chr19,46486906,46495879
CALM3,auto_segment,auto_standard_7,chr19,46601074,46610782
PTGIR,auto_segment,auto_standard_7,chr19,46620468,46625089
GNG8,auto_segment,auto_standard_7,chr19,46633953,46636541
DACT3,auto_segment,auto_standard_7,chr19,46647551,46661182
PRKD2,auto_segment,auto_standard_7,chr19,46674275,46717127
STRN4,auto_segment,auto_standard_7,chr19,46719511,46746994
FKRP,auto_segment,auto_standard_7,chr19,46746046,46776988
SLC1A5,auto_segment,auto_standard_7,chr19,46774883,46788594
AP2S1,auto_segment,auto_standard_7,chr19,46838136,46850846
ARHGAP35,auto_segment,auto_standard_7,chr19,46860997,47005077
NPAS1,auto_segment,auto_standard_7,chr19,47019837,47045775
TMEM160,auto_segment,auto_standard_7,chr19,47045909,47048624
ZC3H4,auto_segment,auto_standard_7,chr19,47064187,47113776
SAE1,auto_segment,auto_standard_7,chr19,47113274,47210636
BBC3,auto_segment,auto_standard_7,chr19,47220822,47232766
CCDC9,auto_segment,auto_standard_7,chr19,47255980,47273701
INAFM1,auto_segment,auto_standard_7,chr19,47274885,47275723
C5AR1,auto_segment,auto_standard_7,chr19,47290023,47322066
C5AR2,auto_segment,auto_standard_7,chr19,47332175,47347329
DHX34,auto_segment,auto_standard_7,chr19,47349315,47382704
MEIS3,auto_segment,auto_standard_7,chr19,47403124,47419527
SLC8A2,auto_segment,auto_standard_7,chr19,47428017,47471893
KPTN,auto_segment,auto_standard_7,chr19,47475150,47484265
NAPA,auto_segment,auto_standard_7,chr19,47487637,47515091
ZNF541,auto_segment,auto_standard_7,chr19,47520690,47573148
BICRA,auto_segment,auto_standard_7,chr19,47608196,47703277
EHD2,auto_segment,auto_standard_7,chr19,47713422,47743134
NOP53,auto_segment,auto_standard_7,chr19,47745546,47757058
SELENOW,auto_segment,auto_standard_7,chr19,47778677,47784686
TPRX1,auto_segment,auto_standard_7,chr19,47801232,47819051
CRX,auto_segment,auto_standard_7,chr19,47819779,47843330
TPRX2,auto_segment,auto_standard_7,chr19,47859235,47861721
SULT2A1,auto_segment,auto_standard_7,chr19,47870467,47886315
BSPH1,auto_segment,auto_standard_7,chr19,47968046,47992170
ELSPBP1,auto_segment,auto_standard_7,chr19,47994632,48025154
CABP5,auto_segment,auto_standard_7,chr19,48029383,48044079
PLA2G4C,auto_segment,auto_standard_7,chr19,48047843,48110817
LIG1,auto_segment,auto_standard_7,chr19,48115445,48170603
ZSWIM9,auto_segment,auto_standard_7,chr19,48170680,48197620
CARD8,auto_segment,auto_standard_7,chr19,48180770,48255946
ZNF114,auto_segment,auto_standard_7,chr19,48270081,48287608
ODAD1,auto_segment,auto_standard_7,chr19,48296457,48321971
EMP3,auto_segment,auto_standard_7,chr19,48321509,48330553
TMEM143,auto_segment,auto_standard_7,chr19,48332356,48364059
SYNGR4,auto_segment,auto_standard_7,chr19,48364367,48376377
KDELR1,auto_segment,auto_standard_7,chr19,48382575,48391551
GRIN2D,auto_segment,auto_standard_7,chr19,48393668,48444931
GRWD1,auto_segment,auto_standard_7,chr19,48445841,48457022
KCNJ14,auto_segment,auto_standard_7,chr19,48455574,48466980
ENSG00000268465,auto_segment,auto_standard_7,chr19,48465837,48472431
CYTH2,auto_segment,auto_standard_7,chr19,48469208,48482314
LMTK3,auto_segment,auto_standard_7,chr19,48485271,48513935
SULT2B1,auto_segment,auto_standard_7,chr19,48552172,48599425
FAM83E,auto_segment,auto_standard_7,chr19,48599961,48615076
SPACA4,auto_segment,auto_standard_7,chr19,48606742,48607714
RPL18,auto_segment,auto_standard_7,chr19,48615328,48619184
SPHK2,auto_segment,auto_standard_7,chr19,48619291,48630717
DBP,auto_segment,auto_standard_7,chr19,48630030,48637379
CA11,auto_segment,auto_standard_7,chr19,48637946,48646187
NTN5,auto_segment,auto_standard_7,chr19,48661407,48673081
FUT2,auto_segment,auto_standard_7,chr19,48695971,48705951
MAMSTR,auto_segment,auto_standard_7,chr19,48712725,48719725
RASIP1,auto_segment,auto_standard_7,chr19,48720585,48740610
IZUMO1,auto_segment,auto_standard_7,chr19,48740852,48746909
FUT1,auto_segment,auto_standard_7,chr19,48748011,48755390
FGF21,auto_segment,auto_standard_7,chr19,48755524,48758333
BCAT2,auto_segment,auto_standard_7,chr19,48795062,48811029
HSD17B14,auto_segment,auto_standard_7,chr19,48813018,48836510
PLEKHA4,auto_segment,auto_standard_7,chr19,48837092,48868617
PPP1R15A,auto_segment,auto_standard_7,chr19,48872212,48876059
TULP2,auto_segment,auto_standard_7,chr19,48880965,48898744
NUCB1,auto_segment,auto_standard_7,chr19,48900050,48923473
DHDH,auto_segment,auto_standard_7,chr19,48933699,48944969
BAX,auto_segment,auto_standard_7,chr19,48954815,48961798
FTL,auto_segment,auto_standard_7,chr19,48965309,48966879
GYS1,auto_segment,auto_standard_7,chr19,48968130,48993310
RUVBL2,auto_segment,auto_standard_7,chr19,48993562,49015970
LHB,auto_segment,auto_standard_7,chr19,49015980,49017091
ENSG00000268655,auto_segment,auto_standard_7,chr19,49017968,49020549
CGB3,auto_segment,auto_standard_7,chr19,49022869,49024333
ENSG00000267335,auto_segment,auto_standard_7,chr19,49022953,49036895
CGB2,auto_segment,auto_standard_7,chr19,49031890,49033238
CGB1,auto_segment,auto_standard_7,chr19,49035569,49036895
CGB5,auto_segment,auto_standard_7,chr19,49043848,49045311
CGB8,auto_segment,auto_standard_7,chr19,49047638,49049111
CGB7,auto_segment,auto_standard_7,chr19,49054274,49058860
ENSG00000283663,auto_segment,auto_standard_7,chr19,49055793,49065076
NTF4,auto_segment,auto_standard_7,chr19,49061066,49065076
KCNA7,auto_segment,auto_standard_7,chr19,49067397,49072699
SNRNP70,auto_segment,auto_standard_7,chr19,49085419,49108605
LIN7B,auto_segment,auto_standard_7,chr19,49114324,49118460
C19orf73,auto_segment,auto_standard_7,chr19,49118402,49119143
PPFIA3,auto_segment,auto_standard_7,chr19,49119544,49151026
HRC,auto_segment,auto_standard_7,chr19,49151198,49155396
TRPM4,auto_segment,auto_standard_7,chr19,49157741,49211836
SLC6A16,auto_segment,auto_standard_7,chr19,49289638,49325215
CD37,auto_segment,auto_standard_7,chr19,49335171,49343335
TEAD2,auto_segment,auto_standard_7,chr19,49340595,49362457
DKKL1,auto_segment,auto_standard_7,chr19,49361783,49375116
GRHL3,auto_segment,auto_fine_8,chr1,24199558,24364482
STPG1,auto_segment,auto_fine_8,chr1,24356999,24416934
NIPAL3,auto_segment,auto_fine_8,chr1,24415802,24472976
RCAN3,auto_segment,auto_fine_8,chr1,24502351,24541040
NCMAP,auto_segment,auto_fine_8,chr1,24556087,24609328
SRRM1,auto_segment,auto_fine_8,chr1,24631716,24673281
CLIC4,auto_segment,auto_fine_8,chr1,24745382,24844321
RUNX3,auto_segment,auto_fine_8,chr1,24899511,24965121
SYF2,auto_segment,auto_fine_8,chr1,25222276,25232502
RSRP1,auto_segment,auto_fine_8,chr1,25242249,25338213
RHD,auto_segment,auto_fine_8,chr1,25272393,25330445
TMEM50A,auto_segment,auto_fine_8,chr1,25338317,25362361
RHCE,auto_segment,auto_fine_8,chr1,25362249,25430192
MACO1,auto_segment,auto_fine_8,chr1,25430858,25500209
LDLRAP1,auto_segment,auto_fine_8,chr1,25543606,25568886
MAN1C1,auto_segment,auto_fine_8,chr1,25616791,25786206
SELENON,auto_segment,auto_fine_8,chr1,25800193,25818221
ENSG00000255054,auto_segment,auto_fine_8,chr1,25811470,25823744
MTFR1L,auto_segment,auto_fine_8,chr1,25818640,25832942
AUNIP,auto_segment,auto_fine_8,chr1,25831913,25859458
PAQR7,auto_segment,auto_fine_8,chr1,25861484,25875708
STMN1,auto_segment,auto_fine_8,chr1,25884181,25906991
PAFAH2,auto_segment,auto_fine_8,chr1,25959767,25998117
EXTL1,auto_segment,auto_fine_8,chr1,26019884,26036464
SLC30A2,auto_segment,auto_fine_8,chr1,26037252,26046118
TRIM63,auto_segment,auto_fine_8,chr1,26051301,26068436
PDIK1L,auto_segment,auto_fine_8,chr1,26111165,26125555
FAM110D,auto_segment,auto_fine_8,chr1,26159079,26163962
C1orf232,auto_segment,auto_fine_8,chr1,26164101,26168963
ZNF593OS,auto_segment,auto_fine_8,chr1,26169516,26171832
ZNF593,auto_segment,auto_fine_8,chr1,26169908,26170873
CNKSR1,auto_segment,auto_fine_8,chr1,26177484,26189884
CATSPER4,auto_segment,auto_fine_8,chr1,26190561,26202968
CEP85,auto_segment,auto_fine_8,chr1,26234200,26278808
SH3BGRL3,auto_segment,auto_fine_8,chr1,26280086,26281522
UBXN11,auto_segment,auto_fine_8,chr1,26281328,26318363
CITED4,auto_segment,auto_fine_9,chr1,40861054,40862363
CTPS1,auto_segment,auto_fine_9,chr1,40979300,41012565
SLFNL1,auto_segment,auto_fine_9,chr1,41015589,41023237
SCMH1,auto_segment,auto_fine_9,chr1,41027202,41242306
FOXO6,auto_segment,auto_fine_9,chr1,41361922,41383590
EDN2,auto_segment,auto_fine_9,chr1,41478775,41484683
HIVEP3,auto_segment,auto_fine_9,chr1,41506365,42035925
ENSG00000284895,auto_segment,auto_fine_9,chr1,41585306,41628816
GUCA2B,auto_segment,auto_fine_9,chr1,42153410,42155820
GUCA2A,auto_segment,auto_fine_9,chr1,42162690,42164745
FOXJ3,auto_segment,auto_fine_9,chr1,42176539,42335877
RIMKLA,auto_segment,auto_fine_9,chr1,42380792,42424232
ZMYND12,auto_segment,auto_fine_9,chr1,42430329,42456253
PPCS,auto_segment,auto_fine_9,chr1,42456117,42473385
CCDC30,auto_segment,auto_fine_9,chr1,42463221,42657190
PPIH,auto_segment,auto_fine_9,chr1,42658335,42676758
YBX1,auto_segment,auto_fine_9,chr1,42682418,42703805
CLDN19,auto_segment,auto_fine_9,chr1,42733093,42740254
P3H1,auto_segment,auto_fine_9,chr1,42746335,42767084
C1orf50,auto_segment,auto_fine_9,chr1,42767245,42779491
ENSG00000283580,auto_segment,auto_fine_9,chr1,42767292,42794493
TMEM269,auto_segment,auto_fine_9,chr1,42784991,42816619
SVBP,auto_segment,auto_fine_9,chr1,42807052,42817397
ERMAP,auto_segment,auto_fine_9,chr1,42817122,42844991
ZNF691,auto_segment,auto_fine_9,chr1,42846573,42852477
SLC2A1,auto_segment,auto_fine_9,chr1,42925353,42958893
CFAP144,auto_segment,auto_fine_9,chr1,43145153,43156396
EBNA1BP2,auto_segment,auto_fine_9,chr1,43164175,43270936
CFAP57,auto_segment,auto_fine_9,chr1,43172330,43254358
TMEM125,auto_segment,auto_fine_9,chr1,43269983,43274002
C1orf210,auto_segment,auto_fine_9,chr1,43281877,43285617
TIE1,auto_segment,auto_fine_9,chr1,43300982,43323108
MPL,auto_segment,auto_fine_9,chr1,43337818,43354466
CDC20,auto_segment,auto_fine_9,chr1,43358981,43363203
ELOVL1,auto_segment,auto_fine_9,chr1,43363398,43368074
MED8,auto_segment,auto_fine_9,chr1,43383917,43389808
TIE1,auto_segment,auto_fine_10,chr1,43300982,43323108
MPL,auto_segment,auto_fine_10,chr1,43337818,43354466
CDC20,auto_segment,auto_fine_10,chr1,43358981,43363203
ELOVL1,auto_segment,auto_fine_10,chr1,43363398,43368074
MED8,auto_segment,auto_fine_10,chr1,43383917,43389808
SZT2,auto_segment,auto_fine_10,chr1,43389882,43454247
HYI,auto_segment,auto_fine_10,chr1,43450989,43453989
PTPRF,auto_segment,auto_fine_10,chr1,43525187,43623666
ENSG00000284989,auto_segment,auto_fine_10,chr1,43650149,43931014
KDM4A,auto_segment,auto_fine_10,chr1,43650149,43705518
ST3GAL3,auto_segment,auto_fine_10,chr1,43705824,43931165
ARTN,auto_segment,auto_fine_10,chr1,43933320,43937240
IPO13,auto_segment,auto_fine_10,chr1,43946950,43968022
DPH2,auto_segment,auto_fine_10,chr1,43970000,43973369
ATP6V0B,auto_segment,auto_fine_10,chr1,43974487,43978295
B4GALT2,auto_segment,auto_fine_10,chr1,43978943,43991170
CCDC24,auto_segment,auto_fine_10,chr1,43991359,43996528
SLC6A9,auto_segment,auto_fine_10,chr1,43991500,44031467
KLF17,auto_segment,auto_fine_10,chr1,44118821,44135140
KLF18,auto_segment,auto_fine_10,chr1,44137821,44141631
DMAP1,auto_segment,auto_fine_10,chr1,44213455,44220681
ERI3,auto_segment,auto_fine_10,chr1,44221070,44355260
RNF220,auto_segment,auto_fine_10,chr1,44405194,44651723
TMEM53,auto_segment,auto_fine_10,chr1,44635238,44674481
ARMH1,auto_segment,auto_fine_10,chr1,44674692,44725591
KIF2C,auto_segment,auto_fine_10,chr1,44739818,44767767
RPS8,auto_segment,auto_fine_10,chr1,44775251,44778779
BEST4,auto_segment,auto_fine_10,chr1,44783585,44788170
PLK3,auto_segment,auto_fine_10,chr1,44800377,44805990
DYNLT4,auto_segment,auto_fine_10,chr1,44805893,44807351
BTBD19,auto_segment,auto_fine_10,chr1,44808523,44815585
PTCH2,auto_segment,auto_fine_10,chr1,44819844,44843253
EIF2B3,auto_segment,auto_fine_10,chr1,44850522,44986722
HECTD3,auto_segment,auto_fine_10,chr1,45002540,45011324
UROD,auto_segment,auto_fine_10,chr1,45010950,45015575
ZSWIM5,auto_segment,auto_fine_10,chr1,45016399,45306209
HPDL,auto_segment,auto_fine_10,chr1,45326895,45328710
MUTYH,auto_segment,auto_fine_10,chr1,45329163,45340893
ENSG00000288208,auto_segment,auto_fine_10,chr1,45329262,45491155
TOE1,auto_segment,auto_fine_10,chr1,45340052,45343973
TESK2,auto_segment,auto_fine_10,chr1,45343883,45491163
KIF2C,auto_segment,auto_fine_11,chr1,44739818,44767767
RPS8,auto_segment,auto_fine_11,chr1,44775251,44778779
BEST4,auto_segment,auto_fine_11,chr1,44783585,44788170
PLK3,auto_segment,auto_fine_11,chr1,44800377,44805990
DYNLT4,auto_segment,auto_fine_11,chr1,44805893,44807351
BTBD19,auto_segment,auto_fine_11,chr1,44808523,44815585
PTCH2,auto_segment,auto_fine_11,chr1,44819844,44843253
EIF2B3,auto_segment,auto_fine_11,chr1,44850522,44986722
HECTD3,auto_segment,auto_fine_11,chr1,45002540,45011324
UROD,auto_segment,auto_fine_11,chr1,45010950,45015575
ZSWIM5,auto_segment,auto_fine_11,chr1,45016399,45306209
HPDL,auto_segment,auto_fine_11,chr1,45326895,45328710
MUTYH,auto_segment,auto_fine_11,chr1,45329163,45340893
ENSG00000288208,auto_segment,auto_fine_11,chr1,45329262,45491155
TOE1,auto_segment,auto_fine_11,chr1,45340052,45343973
TESK2,auto_segment,auto_fine_11,chr1,45343883,45491163
CCDC163,auto_segment,auto_fine_11,chr1,45493866,45500079
MMACHC,auto_segment,auto_fine_11,chr1,45500300,45513382
PRDX1,auto_segment,auto_fine_11,chr1,45510914,45542732
AKR1A1,auto_segment,auto_fine_11,chr1,45550543,45570049
NASP,auto_segment,auto_fine_11,chr1,45583846,45618904
CCDC17,auto_segment,auto_fine_11,chr1,45620044,45624057
GPBP1L1,auto_segment,auto_fine_11,chr1,45627304,45688113
TMEM69,auto_segment,auto_fine_11,chr1,45688181,45694436
IPP,auto_segment,auto_fine_11,chr1,45694324,45750653
MAST2,auto_segment,auto_fine_11,chr1,45786987,46036122
PIK3R3,auto_segment,auto_fine_11,chr1,46040140,46133036
P3R3URF-PIK3R3,auto_segment,auto_fine_11,chr1,46043661,46176488
TSPAN1,auto_segment,auto_fine_11,chr1,46175073,46185962
P3R3URF,auto_segment,auto_fine_11,chr1,46175486,46176488
POMGNT1,auto_segment,auto_fine_11,chr1,46188683,46220305
LURAP1,auto_segment,auto_fine_11,chr1,46203334,46221256
RAD54L,auto_segment,auto_fine_11,chr1,46246461,46278480
LRRC41,auto_segment,auto_fine_11,chr1,46261196,46303616
UQCRH,auto_segment,auto_fine_11,chr1,46303698,46316776
LEXM,auto_segment,auto_fine_12,chr1,54806063,54842252
DHCR24,auto_segment,auto_fine_12,chr1,54849627,54887195
TMEM61,auto_segment,auto_fine_12,chr1,54980628,54992288
BSND,auto_segment,auto_fine_12,chr1,54998933,55017172
PCSK9,auto_segment,auto_fine_12,chr1,55039447,55064852
USP24,auto_segment,auto_fine_12,chr1,55066359,55215378
ENSG00000284686,auto_segment,auto_fine_12,chr1,56173433,56524495
PLPP3,auto_segment,auto_fine_12,chr1,56494761,56645301
PRKAA2,auto_segment,auto_fine_12,chr1,56645314,56715335
FYB2,auto_segment,auto_fine_12,chr1,56718789,56819696
C8A,auto_segment,auto_fine_12,chr1,56854768,56918223
C8B,auto_segment,auto_fine_12,chr1,56929207,56974383
DAB1,auto_segment,auto_fine_12,chr1,56994778,58546734
OMA1,auto_segment,auto_fine_12,chr1,58415384,58546802
TACSTD2,auto_segment,auto_fine_12,chr1,58575433,58577252
MYSM1,auto_segment,auto_fine_12,chr1,58643440,58700090
JUN,auto_segment,auto_fine_12,chr1,58776845,58784048
FGGY,auto_segment,auto_fine_12,chr1,59296638,59810647
HOOK1,auto_segment,auto_fine_12,chr1,59814786,59876322
CYP2J2,auto_segment,auto_fine_12,chr1,59893308,59926773
C1orf87,auto_segment,auto_fine_12,chr1,59987269,60073770
NFIA,auto_segment,auto_fine_12,chr1,60865259,61462788
TM2D1,auto_segment,auto_fine_12,chr1,61681046,61725423
PATJ,auto_segment,auto_fine_12,chr1,61742477,62178675
L1TD1,auto_segment,auto_fine_12,chr1,62194849,62212328
KANK4,auto_segment,auto_fine_12,chr1,62236165,62319434
USP1,auto_segment,auto_fine_12,chr1,62436297,62451804
DOCK7,auto_segment,auto_fine_12,chr1,62454298,62688386
ANGPTL3,auto_segment,auto_fine_12,chr1,62597520,62606313
ATG4C,auto_segment,auto_fine_12,chr1,62784132,62865516
FOXD3,auto_segment,auto_fine_12,chr1,63322567,63325128
ALG6,auto_segment,auto_fine_12,chr1,63367575,63438553
ITGB3BP,auto_segment,auto_fine_12,chr1,63440770,63593721
EFCAB7,auto_segment,auto_fine_12,chr1,63523372,63572693
PGM1,auto_segment,auto_fine_12,chr1,63593411,63660245
ADAMTSL4,auto_segment,auto_fine_13,chr1,150549369,150560937
MCL1,auto_segment,auto_fine_13,chr1,150560895,150579738
ENSA,auto_segment,auto_fine_13,chr1,150600851,150629612
GOLPH3L,auto_segment,auto_fine_13,chr1,150646230,150697154
HORMAD1,auto_segment,auto_fine_13,chr1,150698060,150720895
CTSS,auto_segment,auto_fine_13,chr1,150730079,150765957
CTSK,auto_segment,auto_fine_13,chr1,150794880,150809577
ARNT,auto_segment,auto_fine_13,chr1,150809713,150876708
CTXND2,auto_segment,auto_fine_13,chr1,150887136,150913292
SETDB1,auto_segment,auto_fine_13,chr1,150926263,150964744
CERS2,auto_segment,auto_fine_13,chr1,150960583,150975003
ANXA9,auto_segment,auto_fine_13,chr1,150982249,150995634
MINDY1,auto_segment,auto_fine_13,chr1,150996549,151008376
PRUNE1,auto_segment,auto_fine_13,chr1,151008420,151035713
BNIPL,auto_segment,auto_fine_13,chr1,151036321,151047720
C1orf56,auto_segment,auto_fine_13,chr1,151047751,151051986
CDC42SE1,auto_segment,auto_fine_13,chr1,151050971,151070325
MLLT11,auto_segment,auto_fine_13,chr1,151060397,151069544
GABPB2,auto_segment,auto_fine_13,chr1,151070578,151125542
SEMA6C,auto_segment,auto_fine_13,chr1,151131685,151146631
TNFAIP8L2,auto_segment,auto_fine_13,chr1,151156649,151159749
SCNM1,auto_segment,auto_fine_13,chr1,151156664,151170296
LYSMD1,auto_segment,auto_fine_13,chr1,151159748,151165948
TMOD4,auto_segment,auto_fine_13,chr1,151169986,151176284
VPS72,auto_segment,auto_fine_13,chr1,151176304,151195321
PIP5K1A,auto_segment,auto_fine_13,chr1,151197949,151249536
PSMD4,auto_segment,auto_fine_13,chr1,151254709,151267479
ZNF687,auto_segment,auto_fine_13,chr1,151281618,151292176
PI4KB,auto_segment,auto_fine_13,chr1,151291797,151327715
RFX5,auto_segment,auto_fine_13,chr1,151340640,151347326
SELENBP1,auto_segment,auto_fine_13,chr1,151364304,151372707
PSMB4,auto_segment,auto_fine_13,chr1,151399560,151401937
POGZ,auto_segment,auto_fine_13,chr1,151402724,151459494
CGN,auto_segment,auto_fine_13,chr1,151510510,151538692
TUFT1,auto_segment,auto_fine_13,chr1,151540305,151583583
SNX27,auto_segment,auto_fine_13,chr1,151612006,151699091
CELF3,auto_segment,auto_fine_13,chr1,151700058,151716803
RIIAD1,auto_segment,auto_fine_13,chr1,151710433,151729805
MRPL9,auto_segment,auto_fine_13,chr1,151759647,151763496
OAZ3,auto_segment,auto_fine_13,chr1,151762899,151771334
TDRKH,auto_segment,auto_fine_13,chr1,151770107,151791416
EFNA4-EFNA3,auto_segment,auto_fine_14,chr1,155063748,155086807
EFNA3,auto_segment,auto_fine_14,chr1,155078837,155087538
EFNA1,auto_segment,auto_fine_14,chr1,155127876,155134899
SLC50A1,auto_segment,auto_fine_14,chr1,155135344,155138857
DPM3,auto_segment,auto_fine_14,chr1,155139891,155140595
KRTCAP2,auto_segment,auto_fine_14,chr1,155169408,155173475
ENSG00000273088,auto_segment,auto_fine_14,chr1,155169409,155187272
TRIM46,auto_segment,auto_fine_14,chr1,155173787,155184971
MUC1,auto_segment,auto_fine_14,chr1,155185824,155192916
THBS3,auto_segment,auto_fine_14,chr1,155195588,155209051
MTX1,auto_segment,auto_fine_14,chr1,155208695,155213824
GBA1,auto_segment,auto_fine_14,chr1,155234452,155244699
ENTREP3,auto_segment,auto_fine_14,chr1,155247205,155255483
SCAMP3,auto_segment,auto_fine_14,chr1,155255979,155262430
CLK2,auto_segment,auto_fine_14,chr1,155262868,155278491
HCN3,auto_segment,auto_fine_14,chr1,155277463,155289848
PKLR,auto_segment,auto_fine_14,chr1,155289293,155301438
FDPS,auto_segment,auto_fine_14,chr1,155308748,155320666
RUSC1,auto_segment,auto_fine_14,chr1,155320894,155331114
ASH1L,auto_segment,auto_fine_14,chr1,155335268,155563162
MSTO1,auto_segment,auto_fine_14,chr1,155563235,155614951
YY1AP1,auto_segment,auto_fine_14,chr1,155659443,155689000
DAP3,auto_segment,auto_fine_14,chr1,155687960,155739010
GON4L,auto_segment,auto_fine_14,chr1,155749659,155859400
SYT11,auto_segment,auto_fine_14,chr1,155859567,155885199
RIT1,auto_segment,auto_fine_14,chr1,155897808,155911404
KHDC4,auto_segment,auto_fine_14,chr1,155913045,155934413
RXFP4,auto_segment,auto_fine_14,chr1,155941638,155943087
ARHGEF2,auto_segment,auto_fine_14,chr1,155946851,156007070
SSR2,auto_segment,auto_fine_14,chr1,156009048,156020951
UBQLN4,auto_segment,auto_fine_14,chr1,156035299,156053798
LAMTOR2,auto_segment,auto_fine_14,chr1,156054782,156058506
RAB25,auto_segment,auto_fine_14,chr1,156061160,156070504
MEX3A,auto_segment,auto_fine_14,chr1,156072013,156082465
LMNA,auto_segment,auto_fine_14,chr1,156082573,156140081
SEMA4A,auto_segment,auto_fine_14,chr1,156147366,156177752
SLC25A44,auto_segment,auto_fine_14,chr1,156193932,156212796
PMF1-BGLAP,auto_segment,auto_fine_14,chr1,156212982,156243332
PMF1,auto_segment,auto_fine_14,chr1,156212993,156240042
BGLAP,auto_segment,auto_fine_14,chr1,156242184,156243317
PAQR6,auto_segment,auto_fine_14,chr1,156243320,156248117
SUSD4,auto_segment,auto_fine_15,chr1,223220819,223364233
CCDC185,auto_segment,auto_fine_15,chr1,223393415,223395465
CAPN8,auto_segment,auto_fine_15,chr1,223538007,223665723
CAPN2,auto_segment,auto_fine_15,chr1,223701593,223776018
TP53BP2,auto_segment,auto_fine_15,chr1,223779893,223845954
FBXO28,auto_segment,auto_fine_15,chr1,224114111,224162047
DEGS1,auto_segment,auto_fine_15,chr1,224175756,224193441
NVL,auto_segment,auto_fine_15,chr1,224227334,224330189
CNIH4,auto_segment,auto_fine_15,chr1,224356858,224379459
WDR26,auto_segment,auto_fine_15,chr1,224385146,224437033
CNIH3,auto_segment,auto_fine_15,chr1,224434660,224740554
DNAH14,auto_segment,auto_fine_15,chr1,224896262,225399292
LBR,auto_segment,auto_fine_15,chr1,225401502,225428925
ENAH,auto_segment,auto_fine_15,chr1,225486765,225653142
SRP9,auto_segment,auto_fine_15,chr1,225777813,225790468
EPHX1,auto_segment,auto_fine_15,chr1,225810124,225845563
TMEM63A,auto_segment,auto_fine_15,chr1,225845536,225882380
LEFTY1,auto_segment,auto_fine_15,chr1,225886282,225911382
ENSG00000255835,auto_segment,auto_fine_15,chr1,225886696,225924278
PYCR2,auto_segment,auto_fine_15,chr1,225919877,225924340
LEFTY2,auto_segment,auto_fine_15,chr1,225936598,225941383
SDE2,auto_segment,auto_fine_15,chr1,225982702,225999343
H3-3A,auto_segment,auto_fine_15,chr1,226061851,226072019
ACBD3,auto_segment,auto_fine_15,chr1,226144679,226186741
MIXL1,auto_segment,auto_fine_15,chr1,226223618,226227060
LIN9,auto_segment,auto_fine_15,chr1,226231149,226309869
PARP1,auto_segment,auto_fine_15,chr1,226360210,226408154
STUM,auto_segment,auto_fine_15,chr1,226548764,226609230
ITPKB,auto_segment,auto_fine_15,chr1,226631690,226739323
PSEN2,auto_segment,auto_fine_15,chr1,226870184,226927726
ENSG00000288674,auto_segment,auto_fine_15,chr1,226870184,226987545
COQ8A,auto_segment,auto_fine_15,chr1,226940286,226987544
CDC42BPA,auto_segment,auto_fine_15,chr1,226989865,227318492
ZNF678,auto_segment,auto_fine_15,chr1,227563543,227677443
SNAP47,auto_segment,auto_fine_15,chr1,227728200,227781826
JMJD4,auto_segment,auto_fine_15,chr1,227730425,227735411
PSEN2,auto_segment,auto_fine_16,chr1,226870184,226927726
ENSG00000288674,auto_segment,auto_fine_16,chr1,226870184,226987545
COQ8A,auto_segment,auto_fine_16,chr1,226940286,226987544
CDC42BPA,auto_segment,auto_fine_16,chr1,226989865,227318492
ZNF678,auto_segment,auto_fine_16,chr1,227563543,227677443
SNAP47,auto_segment,auto_fine_16,chr1,227728200,227781826
JMJD4,auto_segment,auto_fine_16,chr1,227730425,227735411
PRSS38,auto_segment,auto_fine_16,chr1,227815675,227846470
WNT9A,auto_segment,auto_fine_16,chr1,227918656,227947932
WNT3A,auto_segment,auto_fine_16,chr1,228006998,228061271
ARF1,auto_segment,auto_fine_16,chr1,228082708,228099212
C1orf35,auto_segment,auto_fine_16,chr1,228100726,228105411
MRPL55,auto_segment,auto_fine_16,chr1,228106679,228109312
GUK1,auto_segment,auto_fine_16,chr1,228139962,228148984
GJC2,auto_segment,auto_fine_16,chr1,228149930,228159826
IBA57,auto_segment,auto_fine_16,chr1,228165804,228182257
OBSCN,auto_segment,auto_fine_16,chr1,228208044,228378876
TRIM11,auto_segment,auto_fine_16,chr1,228393673,228406835
TRIM17,auto_segment,auto_fine_16,chr1,228407935,228416861
H3-4,auto_segment,auto_fine_16,chr1,228424845,228425360
H2AC25,auto_segment,auto_fine_16,chr1,228434777,228457873
H2BC26,auto_segment,auto_fine_16,chr1,228458103,228463104
RNF187,auto_segment,auto_fine_16,chr1,228487382,228499899
RHOU,auto_segment,auto_fine_16,chr1,228735479,228746664
RAB4A,auto_segment,auto_fine_16,chr1,229271062,229305894
CCSAP,auto_segment,auto_fine_16,chr1,229321011,229343294
ACTA1,auto_segment,auto_fine_16,chr1,229430365,229434104
NUP133,auto_segment,auto_fine_16,chr1,229440259,229508341
ABCB10,auto_segment,auto_fine_16,chr1,229516582,229558707
TAF5L,auto_segment,auto_fine_16,chr1,229593134,229626122
URB2,auto_segment,auto_fine_16,chr1,229626247,229660200
GALNT2,auto_segment,auto_fine_16,chr1,230057990,230282122
PGBD5,auto_segment,auto_fine_16,chr1,230314490,230426332
COG2,auto_segment,auto_fine_16,chr1,230642481,230693982
AGT,auto_segment,auto_fine_16,chr1,230690776,230745576
CAPN9,auto_segment,auto_fine_16,chr1,230747384,230802003
C1orf198,auto_segment,auto_fine_16,chr1,230837119,230869589
TTC13,auto_segment,auto_fine_16,chr1,230906243,230978875
MFSD10,auto_segment,auto_fine_17,chr4,2930561,2934834
NOP14,auto_segment,auto_fine_17,chr4,2937933,2963406
GRK4,auto_segment,auto_fine_17,chr4,2963571,3040760
HTT,auto_segment,auto_fine_17,chr4,3041363,3243957
MSANTD1,auto_segment,auto_fine_17,chr4,3244369,3271738
RGS12,auto_segment,auto_fine_17,chr4,3293021,3439913
HGFAC,auto_segment,auto_fine_17,chr4,3441968,3449486
DOK7,auto_segment,auto_fine_17,chr4,3463306,3501473
LRPAP1,auto_segment,auto_fine_17,chr4,3503612,3532446
ADRA2C,auto_segment,auto_fine_17,chr4,3766348,3768526
OTOP1,auto_segment,auto_fine_17,chr4,4188726,4226929
TMEM128,auto_segment,auto_fine_17,chr4,4235542,4248223
LYAR,auto_segment,auto_fine_17,chr4,4267701,4290154
ZBTB49,auto_segment,auto_fine_17,chr4,4290251,4321786
NSG1,auto_segment,auto_fine_17,chr4,4348140,4419058
STX18,auto_segment,auto_fine_17,chr4,4415742,4542346
MSX1,auto_segment,auto_fine_17,chr4,4859665,4863936
CYTL1,auto_segment,auto_fine_17,chr4,5014586,5019458
STK32B,auto_segment,auto_fine_17,chr4,5051480,5500994
EVC2,auto_segment,auto_fine_17,chr4,5542772,5709548
EVC,auto_segment,auto_fine_17,chr4,5711201,5814305
CRMP1,auto_segment,auto_fine_17,chr4,5748084,5893086
C4orf50,auto_segment,auto_fine_17,chr4,5897373,6200555
JAKMIP1,auto_segment,auto_fine_17,chr4,6026199,6200591
ENSG00000284684,auto_segment,auto_fine_17,chr4,6064977,6070162
WFS1,auto_segment,auto_fine_17,chr4,6269849,6303265
PPP2R2C,auto_segment,auto_fine_17,chr4,6320578,6563600
MAN2B2,auto_segment,auto_fine_17,chr4,6575189,6623362
MRFAP1,auto_segment,auto_fine_17,chr4,6640091,6642729
ENSG00000170846,auto_segment,auto_fine_17,chr4,6663396,6676755
S100P,auto_segment,auto_fine_17,chr4,6693878,6697170
MRFAP1L1,auto_segment,auto_fine_17,chr4,6707701,6709865
BLOC1S4,auto_segment,auto_fine_17,chr4,6716174,6717664
KIAA0232,auto_segment,auto_fine_17,chr4,6781375,6884170
TBC1D14,auto_segment,auto_fine_17,chr4,6909242,7033118
CREBRF,auto_segment,auto_fine_18,chr5,173056352,173139284
BNIP1,auto_segment,auto_fine_18,chr5,173144442,173164387
NKX2-5,auto_segment,auto_fine_18,chr5,173232109,173235311
STC2,auto_segment,auto_fine_18,chr5,173314723,173328447
BOD1,auto_segment,auto_fine_18,chr5,173607145,173616659
CPEB4,auto_segment,auto_fine_18,chr5,173888349,173961980
C5orf47,auto_segment,auto_fine_18,chr5,173973779,174006140
NSG2,auto_segment,auto_fine_18,chr5,174045706,174243501
MSX2,auto_segment,auto_fine_18,chr5,174724582,174730896
DRD1,auto_segment,auto_fine_18,chr5,175440036,175444182
SFXN1,auto_segment,auto_fine_18,chr5,175477062,175529742
HRH2,auto_segment,auto_fine_18,chr5,175658030,175710756
CPLX2,auto_segment,auto_fine_18,chr5,175796310,175884021
THOC3,auto_segment,auto_fine_18,chr5,175917873,176034680
SIMC1,auto_segment,auto_fine_18,chr5,176238367,176345991
KIAA1191,auto_segment,auto_fine_18,chr5,176346062,176361807
ARL10,auto_segment,auto_fine_18,chr5,176365487,176401865
NOP16,auto_segment,auto_fine_18,chr5,176383946,176388927
HIGD2A,auto_segment,auto_fine_18,chr5,176388751,176389761
CLTB,auto_segment,auto_fine_18,chr5,176392501,176416539
FAF2,auto_segment,auto_fine_18,chr5,176447628,176510074
RNF44,auto_segment,auto_fine_18,chr5,176526712,176538025
CDHR2,auto_segment,auto_fine_18,chr5,176542511,176595974
GPRIN1,auto_segment,auto_fine_18,chr5,176595802,176610156
SNCB,auto_segment,auto_fine_18,chr5,176620082,176630556
EIF4E1B,auto_segment,auto_fine_18,chr5,176630618,176646644
TSPAN17,auto_segment,auto_fine_18,chr5,176647387,176659054
UNC5A,auto_segment,auto_fine_18,chr5,176810519,176880898
HK3,auto_segment,auto_fine_18,chr5,176880869,176899346
UIMC1,auto_segment,auto_fine_18,chr5,176905005,177022633
ZNF346,auto_segment,auto_fine_18,chr5,177022696,177081189
FGFR4,auto_segment,auto_fine_18,chr5,177086905,177098144
NSD1,auto_segment,auto_fine_18,chr5,177131830,177300213
RAB24,auto_segment,auto_fine_18,chr5,177301198,177303744
MXD3,auto_segment,auto_fine_18,chr5,177301461,177312757
PRELID1,auto_segment,auto_fine_18,chr5,177303799,177306949
LMAN2,auto_segment,auto_fine_18,chr5,177315805,177351840
RGS14,auto_segment,auto_fine_18,chr5,177357924,177372596
SLC34A1,auto_segment,auto_fine_18,chr5,177379235,177398848
PFN3,auto_segment,auto_fine_18,chr5,177400109,177400661
F12,auto_segment,auto_fine_18,chr5,177402133,177416583
GRK6,auto_segment,auto_fine_18,chr5,177403204,177442901
PRR7,auto_segment,auto_fine_18,chr5,177446445,177456286
DBN1,auto_segment,auto_fine_18,chr5,177456608,177474401
PDLIM7,auto_segment,auto_fine_18,chr5,177483394,177497606
DOK3,auto_segment,auto_fine_18,chr5,177501904,177511274
DDX41,auto_segment,auto_fine_18,chr5,177511577,177516961
FAM193B,auto_segment,auto_fine_18,chr5,177519789,177554586
TMED9,auto_segment,auto_fine_18,chr5,177592203,177597242
B4GALT7,auto_segment,auto_fine_18,chr5,177600132,177610330
FAM153A,auto_segment,auto_fine_18,chr5,177707981,177784435
PROP1,auto_segment,auto_fine_18,chr5,177992235,177996242
N4BP3,auto_segment,auto_fine_18,chr5,178113532,178126081
RMND5B,auto_segment,auto_fine_18,chr5,178130996,178150568
NHP2,auto_segment,auto_fine_18,chr5,178149463,178153894
DUSP22,auto_segment,auto_fine_19,chr6,291630,351355
IRF4,auto_segment,auto_fine_19,chr6,391739,411443
EXOC2,auto_segment,auto_fine_19,chr6,485154,693139
HUS1B,auto_segment,auto_fine_19,chr6,655939,657100
FOXQ1,auto_segment,auto_fine_19,chr6,1312098,1314758
FOXF2,auto_segment,auto_fine_19,chr6,1389576,1395603
FOXC1,auto_segment,auto_fine_19,chr6,1609915,1613897
GMDS,auto_segment,auto_fine_19,chr6,1623806,2245605
MYLK4,auto_segment,auto_fine_19,chr6,2663629,2770330
WRNIP1,auto_segment,auto_fine_19,chr6,2765393,2786952
SERPINB1,auto_segment,auto_fine_19,chr6,2832332,2841959
SERPINB9,auto_segment,auto_fine_19,chr6,2887270,2903309
SERPINB6,auto_segment,auto_fine_19,chr6,2948159,2972165
NQO2,auto_segment,auto_fine_19,chr6,2987987,3019755
RIPK1,auto_segment,auto_fine_19,chr6,3063824,3115187
BPHL,auto_segment,auto_fine_19,chr6,3118374,3153578
TUBB2A,auto_segment,auto_fine_19,chr6,3153497,3157544
TUBB2B,auto_segment,auto_fine_19,chr6,3223324,3231730
PSMG4,auto_segment,auto_fine_19,chr6,3231403,3303373
SLC22A23,auto_segment,auto_fine_19,chr6,3268962,3457050
PXDC1,auto_segment,auto_fine_19,chr6,3722614,3751713
FAM50B,auto_segment,auto_fine_19,chr6,3849373,3851320
PRPF4B,auto_segment,auto_fine_19,chr6,4021267,4064983
FAM217A,auto_segment,auto_fine_19,chr6,4049434,4087344
ECI2,auto_segment,auto_fine_19,chr6,4115693,4135597
CDYL,auto_segment,auto_fine_19,chr6,4706159,4955551
RPP40,auto_segment,auto_fine_19,chr6,4994717,5004063
PPP1R3G,auto_segment,auto_fine_19,chr6,5085341,5089487
LYRM4,auto_segment,auto_fine_19,chr6,5103629,5260950
FARS2,auto_segment,auto_fine_19,chr6,5261044,5829192
NRN1,auto_segment,auto_fine_19,chr6,5997999,6007605
F13A1,auto_segment,auto_fine_19,chr6,6144084,6321013
LY86,auto_segment,auto_fine_19,chr6,6588108,6654983
RREB1,auto_segment,auto_fine_19,chr6,7107597,7251980
SSR1,auto_segment,auto_fine_19,chr6,7268306,7347446
CAGE1,auto_segment,auto_fine_19,chr6,7326656,7389742
SDHAF4,auto_segment,auto_fine_20,chr6,70566917,70589569
SMAP1,auto_segment,auto_fine_20,chr6,70667776,70862011
B3GAT2,auto_segment,auto_fine_20,chr6,70856679,70957060
OGFRL1,auto_segment,auto_fine_20,chr6,71288811,71309059
RIMS1,auto_segment,auto_fine_20,chr6,71886550,72403150
KCNQ5,auto_segment,auto_fine_20,chr6,72621792,73198853
ENSG00000243501,auto_segment,auto_fine_20,chr6,73209746,73263196
KHDC1L,auto_segment,auto_fine_20,chr6,73223544,73225770
KHDC1,auto_segment,auto_fine_20,chr6,73241314,73310365
DPPA5,auto_segment,auto_fine_20,chr6,73353063,73354276
KHDC3L,auto_segment,auto_fine_20,chr6,73362658,73364171
OOEP,auto_segment,auto_fine_20,chr6,73368555,73395133
DDX43,auto_segment,auto_fine_20,chr6,73394828,73417566
CGAS,auto_segment,auto_fine_20,chr6,73413515,73452297
MTO1,auto_segment,auto_fine_20,chr6,73461578,73509236
EEF1A1,auto_segment,auto_fine_20,chr6,73489308,73525587
SLC17A5,auto_segment,auto_fine_20,chr6,73593379,73653992
CD109,auto_segment,auto_fine_20,chr6,73695785,73828316
COL12A1,auto_segment,auto_fine_20,chr6,75084326,75206267
COX7A2,auto_segment,auto_fine_20,chr6,75237675,75250323
TMEM30A,auto_segment,auto_fine_20,chr6,75252924,75284948
FILIP1,auto_segment,auto_fine_20,chr6,75291859,75493800
SENP6,auto_segment,auto_fine_20,chr6,75601509,75718281
MYO6,auto_segment,auto_fine_20,chr6,75749201,75919537
IMPG1,auto_segment,auto_fine_20,chr6,75921114,76072678
HTR1B,auto_segment,auto_fine_20,chr6,77460924,77463491
MEI4,auto_segment,auto_fine_20,chr6,77650274,77927045
IRAK1BP1,auto_segment,auto_fine_20,chr6,78867551,78946440
PHIP,auto_segment,auto_fine_20,chr6,78934419,79078287
HMGN3,auto_segment,auto_fine_20,chr6,79201245,79234689
LCA5,auto_segment,auto_fine_20,chr6,79484991,79537458
SH3BGRL2,auto_segment,auto_fine_20,chr6,79631329,79703655
ELOVL4,auto_segment,auto_fine_20,chr6,79914814,79947553
TTK,auto_segment,auto_fine_20,chr6,80003887,80042527
BCKDHB,auto_segment,auto_fine_20,chr6,80106647,80346270
MAP7,auto_segment,auto_fine_21,chr6,136342281,136550819
MAP3K5,auto_segment,auto_fine_21,chr6,136557046,136793097
PEX7,auto_segment,auto_fine_21,chr6,136822564,136913934
SLC35D3,auto_segment,auto_fine_21,chr6,136922301,136925660
IL20RA,auto_segment,auto_fine_21,chr6,136999971,137045180
IL22RA2,auto_segment,auto_fine_21,chr6,137143820,137173648
IFNGR1,auto_segment,auto_fine_21,chr6,137197483,137219449
OLIG3,auto_segment,auto_fine_21,chr6,137492199,137494394
TNFAIP3,auto_segment,auto_fine_21,chr6,137867214,137883314
PERP,auto_segment,auto_fine_21,chr6,138088505,138107419
ARFGEF3,auto_segment,auto_fine_21,chr6,138161939,138344663
PBOV1,auto_segment,auto_fine_21,chr6,138215986,138218491
SMIM28,auto_segment,auto_fine_21,chr6,138377905,138383486
HEBP2,auto_segment,auto_fine_21,chr6,138403531,138422197
NHSL1,auto_segment,auto_fine_21,chr6,138422043,138692571
CCDC28A,auto_segment,auto_fine_21,chr6,138773769,138793319
ECT2L,auto_segment,auto_fine_21,chr6,138795911,138904070
REPS1,auto_segment,auto_fine_21,chr6,138903493,138988261
ABRACL,auto_segment,auto_fine_21,chr6,139028745,139043302
HECA,auto_segment,auto_fine_21,chr6,139135080,139180802
TXLNB,auto_segment,auto_fine_21,chr6,139240061,139291998
CITED2,auto_segment,auto_fine_21,chr6,139371807,139374648
NMBR,auto_segment,auto_fine_21,chr6,142058330,142147122
GJE1,auto_segment,auto_fine_21,chr6,142132925,142135358
VTA1,auto_segment,auto_fine_21,chr6,142147162,142224685
ADGRG6,auto_segment,auto_fine_21,chr6,142301854,142446266
HIVEP2,auto_segment,auto_fine_21,chr6,142751469,142956698
AIG1,auto_segment,auto_fine_21,chr6,143060496,143341058
ADAT2,auto_segment,auto_fine_21,chr6,143422832,143450695
PEX3,auto_segment,auto_fine_21,chr6,143450805,143490616
FUCA2,auto_segment,auto_fine_21,chr6,143494812,143511720
PHACTR2,auto_segment,auto_fine_21,chr6,143536845,143831185
ENSG00000257065,auto_segment,auto_fine_21,chr6,143807092,143844617
LTV1,auto_segment,auto_fine_21,chr6,143843338,143863812
ENSG00000280148,auto_segment,auto_fine_21,chr6,143857318,143938471
ZC2HC1B,auto_segment,auto_fine_21,chr6,143864436,143938343
OPRM1,auto_segment,auto_fine_22,chr6,154010496,154246867
IPCEF1,auto_segment,auto_fine_22,chr6,154154496,154356803
ENSG00000288520,auto_segment,auto_fine_22,chr6,154159828,154510114
CNKSR3,auto_segment,auto_fine_22,chr6,154387515,154510685
SCAF8,auto_segment,auto_fine_22,chr6,154733378,154834244
TIAM2,auto_segment,auto_fine_22,chr6,154832697,155257723
TFB1M,auto_segment,auto_fine_22,chr6,155256134,155314493
CLDN20,auto_segment,auto_fine_22,chr6,155264013,155276548
NOX3,auto_segment,auto_fine_22,chr6,155395368,155455839
ARID1B,auto_segment,auto_fine_22,chr6,156776020,157210779
TMEM242,auto_segment,auto_fine_22,chr6,157289025,157323601
ZDHHC14,auto_segment,auto_fine_22,chr6,157381133,157678157
SNX9,auto_segment,auto_fine_22,chr6,157700387,157945077
SYNJ2,auto_segment,auto_fine_22,chr6,157981863,158099176
SERAC1,auto_segment,auto_fine_22,chr6,158109519,158168280
GTF2H5,auto_segment,auto_fine_22,chr6,158168350,158199344
TULP4,auto_segment,auto_fine_22,chr6,158232236,158511828
TMEM181,auto_segment,auto_fine_22,chr6,158536436,158635429
DYNLT1,auto_segment,auto_fine_22,chr6,158636474,158644743
SYTL3,auto_segment,auto_fine_22,chr6,158650014,158764876
EZR,auto_segment,auto_fine_22,chr6,158765741,158819368
RSPH3,auto_segment,auto_fine_22,chr6,158972871,159000202
TAGAP,auto_segment,auto_fine_22,chr6,159034468,159045152
FNDC1,auto_segment,auto_fine_22,chr6,159169400,159272108
SOD2,auto_segment,auto_fine_22,chr6,159669069,159762529
WTAP,auto_segment,auto_fine_22,chr6,159725585,159756319
ACAT2,auto_segment,auto_fine_22,chr6,159762045,159779112
TCP1,auto_segment,auto_fine_22,chr6,159778498,159789703
MRPL18,auto_segment,auto_fine_22,chr6,159789812,159798436
PNLDC1,auto_segment,auto_fine_22,chr6,159800249,159820704
MAS1,auto_segment,auto_fine_22,chr6,159890988,159917447
IGF2R,auto_segment,auto_fine_22,chr6,159969082,160113507
SLC22A1,auto_segment,auto_fine_22,chr6,160121815,160158718
SLC22A2,auto_segment,auto_fine_22,chr6,160171061,160277638
SLC22A3,auto_segment,auto_fine_22,chr6,160348378,160452577
LPA,auto_segment,auto_fine_22,chr6,160531482,160664275
PLG,auto_segment,auto_fine_22,chr6,160702194,160754097
MAP3K4,auto_segment,auto_fine_22,chr6,160991727,161117385
AGPAT4,auto_segment,auto_fine_22,chr6,161129967,161274061
PRKN,auto_segment,auto_fine_22,chr6,161347417,162727775
PACRG,auto_segment,auto_fine_22,chr6,162727132,163315500
QKI,auto_segment,auto_fine_22,chr6,163414000,163578592
BRAT1,auto_segment,auto_fine_23,chr7,2537810,2555694
IQCE,auto_segment,auto_fine_23,chr7,2558972,2614733
TTYH3,auto_segment,auto_fine_23,chr7,2631961,2664802
AMZ1,auto_segment,auto_fine_23,chr7,2679522,2775500
GNA12,auto_segment,auto_fine_23,chr7,2728105,2844308
CARD11,auto_segment,auto_fine_23,chr7,2906142,3044228
SDK1,auto_segment,auto_fine_23,chr7,3301252,4269000
FOXK1,auto_segment,auto_fine_23,chr7,4682295,4771442
AP5Z1,auto_segment,auto_fine_23,chr7,4775615,4794397
RADIL,auto_segment,auto_fine_23,chr7,4797055,4883716
PAPOLB,auto_segment,auto_fine_23,chr7,4857738,4862030
MMD2,auto_segment,auto_fine_23,chr7,4905989,4959213
RBAK-RBAKDN,auto_segment,auto_fine_23,chr7,4983718,5073221
RBAK,auto_segment,auto_fine_23,chr7,5045821,5069487
WIPI2,auto_segment,auto_fine_23,chr7,5190196,5233840
SLC29A4,auto_segment,auto_fine_23,chr7,5274369,5306912
TNRC18,auto_segment,auto_fine_23,chr7,5306790,5425414
FBXL18,auto_segment,auto_fine_23,chr7,5431335,5513809
ACTB,auto_segment,auto_fine_23,chr7,5526409,5563902
FSCN1,auto_segment,auto_fine_23,chr7,5592816,5606655
RNF216,auto_segment,auto_fine_23,chr7,5620047,5781696
OCM,auto_segment,auto_fine_23,chr7,5879827,5886363
CCZ1,auto_segment,auto_fine_23,chr7,5898725,5926550
RSPH10B,auto_segment,auto_fine_23,chr7,5925550,5970689
PMS2,auto_segment,auto_fine_23,chr7,5970925,6009130
AIMP2,auto_segment,auto_fine_23,chr7,6009255,6023834
EIF2AK1,auto_segment,auto_fine_23,chr7,6022247,6059175
ANKRD61,auto_segment,auto_fine_23,chr7,6031376,6036552
USP42,auto_segment,auto_fine_23,chr7,6104949,6161564
CYTH3,auto_segment,auto_fine_23,chr7,6161779,6272644
SAGSIN1,auto_segment,auto_fine_23,chr7,6329411,6348967
FAM220A,auto_segment,auto_fine_23,chr7,6329411,6348981
RAC1,auto_segment,auto_fine_23,chr7,6374527,6403967
DAGLB,auto_segment,auto_fine_23,chr7,6409126,6484190
KDELR2,auto_segment,auto_fine_23,chr7,6445953,6484190
GRID2IP,auto_segment,auto_fine_23,chr7,6496778,6551461
ZDHHC4,auto_segment,auto_fine_23,chr7,6577434,6589374
INTS15,auto_segment,auto_fine_23,chr7,6590021,6608726
ZNF853,auto_segment,auto_fine_23,chr7,6615610,6624290
ZNF316,auto_segment,auto_fine_23,chr7,6637318,6658279
ZNF12,auto_segment,auto_fine_23,chr7,6688433,6706947
RSPH10B2,auto_segment,auto_fine_23,chr7,6754103,6799365
CCZ1B,auto_segment,auto_fine_23,chr7,6794134,6826770
ZNRF2,auto_segment,auto_fine_24,chr7,30284597,30367689
ENSG00000281593,auto_segment,auto_fine_24,chr7,30362400,30412502
NOD1,auto_segment,auto_fine_24,chr7,30424527,30478784
GGCT,auto_segment,auto_fine_24,chr7,30496621,30504841
ENSG00000281039,auto_segment,auto_fine_24,chr7,30497077,30550761
GARS1,auto_segment,auto_fine_24,chr7,30580533,30634033
CRHR2,auto_segment,auto_fine_24,chr7,30651942,30700129
INMT,auto_segment,auto_fine_24,chr7,30697985,30757602
INMT-MINDY4,auto_segment,auto_fine_24,chr7,30752137,30892081
MINDY4,auto_segment,auto_fine_24,chr7,30771417,30892387
ENSG00000250424,auto_segment,auto_fine_24,chr7,30852273,30923812
AQP1,auto_segment,auto_fine_24,chr7,30911853,30925517
GHRHR,auto_segment,auto_fine_24,chr7,30938669,30993254
ADCYAP1R1,auto_segment,auto_fine_24,chr7,31052308,31111474
NEUROD6,auto_segment,auto_fine_24,chr7,31337465,31340726
ITPRID1,auto_segment,auto_fine_24,chr7,31514090,31656504
PPP1R17,auto_segment,auto_fine_24,chr7,31687215,31708455
PDE1C,auto_segment,auto_fine_24,chr7,31751179,32428131
LSM5,auto_segment,auto_fine_24,chr7,32485338,32495283
AVL9,auto_segment,auto_fine_24,chr7,32495426,32588726
KBTBD2,auto_segment,auto_fine_24,chr7,32868172,32894131
FKBP9,auto_segment,auto_fine_24,chr7,32957404,33006930
NT5C3A,auto_segment,auto_fine_24,chr7,33014130,33062796
RP9,auto_segment,auto_fine_24,chr7,33094797,33109405
BBS9,auto_segment,auto_fine_24,chr7,33109557,33877180
BMPER,auto_segment,auto_fine_24,chr7,33904308,34156427
NPSR1,auto_segment,auto_fine_24,chr7,34658218,34878332
DPY19L1,auto_segment,auto_fine_24,chr7,34927292,35038271
TBX20,auto_segment,auto_fine_24,chr7,35202430,35254100
HERPUD2,auto_segment,auto_fine_24,chr7,35632659,35697459
SEPTIN7,auto_segment,auto_fine_24,chr7,35800932,35907110
EEPD1,auto_segment,auto_fine_24,chr7,36153254,36301538
MATCAP2,auto_segment,auto_fine_24,chr7,36324152,36390125
ANLN,auto_segment,auto_fine_24,chr7,36389821,36453791
AOAH,auto_segment,auto_fine_24,chr7,36512941,36724549
ELMO1,auto_segment,auto_fine_24,chr7,36852906,37449223
SDC2,auto_segment,auto_fine_25,chr8,96493813,96611790
CPQ,auto_segment,auto_fine_25,chr8,96645242,97149654
TSPYL5,auto_segment,auto_fine_25,chr8,97273488,97277928
MTDH,auto_segment,auto_fine_25,chr8,97644184,97730260
LAPTM4B,auto_segment,auto_fine_25,chr8,97775057,97853013
MATN2,auto_segment,auto_fine_25,chr8,97868840,98036724
RPL30,auto_segment,auto_fine_25,chr8,98024851,98046469
ERICH5,auto_segment,auto_fine_25,chr8,98064522,98093610
RIDA,auto_segment,auto_fine_25,chr8,98102344,98117171
POP1,auto_segment,auto_fine_25,chr8,98117293,98159835
NIPAL2,auto_segment,auto_fine_25,chr8,98189826,98294393
STK3,auto_segment,auto_fine_25,chr8,98371228,98942827
KCNS2,auto_segment,auto_fine_25,chr8,98426958,98432853
OSR2,auto_segment,auto_fine_25,chr8,98944403,98952104
VPS13B,auto_segment,auto_fine_25,chr8,99013266,99877580
COX6C,auto_segment,auto_fine_25,chr8,99873200,99893707
RGS22,auto_segment,auto_fine_25,chr8,99960936,100131268
FBXO43,auto_segment,auto_fine_25,chr8,100133351,100145817
POLR2K,auto_segment,auto_fine_25,chr8,100150623,100154003
SPAG1,auto_segment,auto_fine_25,chr8,100157906,100259278
RNF19A,auto_segment,auto_fine_25,chr8,100257060,100336218
ANKRD46,auto_segment,auto_fine_25,chr8,100509752,100559784
SNX31,auto_segment,auto_fine_25,chr8,100572889,100663415
PABPC1,auto_segment,auto_fine_25,chr8,100685816,100722809
YWHAZ,auto_segment,auto_fine_25,chr8,100916523,100953388
ZNF706,auto_segment,auto_fine_25,chr8,101177878,101206193
GRHL2,auto_segment,auto_fine_25,chr8,101492439,101669726
NCALD,auto_segment,auto_fine_25,chr8,101686542,102124907
RRM2B,auto_segment,auto_fine_25,chr8,102204502,102238961
UBR5,auto_segment,auto_fine_25,chr8,102252273,102412759
ODF1,auto_segment,auto_fine_25,chr8,102551589,102561018
KLF10,auto_segment,auto_fine_25,chr8,102648784,102655725
AZIN1,auto_segment,auto_fine_25,chr8,102826111,102893864
ENSG00000289653,auto_segment,auto_fine_25,chr8,102858046,102863860
ATP6V1C1,auto_segment,auto_fine_25,chr8,103021063,103073051
BAALC,auto_segment,auto_fine_25,chr8,103140713,103230305
FAM83A,auto_segment,auto_fine_26,chr8,123178960,123210079
C8orf76,auto_segment,auto_fine_26,chr8,123219967,123241377
ZHX1-C8orf76,auto_segment,auto_fine_26,chr8,123226189,123274284
ZHX1,auto_segment,auto_fine_26,chr8,123248451,123275541
ATAD2,auto_segment,auto_fine_26,chr8,123319850,123416350
NTAQ1,auto_segment,auto_fine_26,chr8,123416726,123470028
FBXO32,auto_segment,auto_fine_26,chr8,123497889,123541206
KLHL38,auto_segment,auto_fine_26,chr8,123644442,123653801
ANXA13,auto_segment,auto_fine_26,chr8,123680794,123737402
FAM91A1,auto_segment,auto_fine_26,chr8,123768439,123815452
FER1L6,auto_segment,auto_fine_26,chr8,123851987,124120061
TMEM65,auto_segment,auto_fine_26,chr8,124306189,124372701
TRMT12,auto_segment,auto_fine_26,chr8,124450820,124462150
RNF139,auto_segment,auto_fine_26,chr8,124474880,124488618
TATDN1,auto_segment,auto_fine_26,chr8,124488485,124539458
NDUFB9,auto_segment,auto_fine_26,chr8,124539101,124580648
MTSS1,auto_segment,auto_fine_26,chr8,124550784,124728473
ZNF572,auto_segment,auto_fine_26,chr8,124973295,124979389
SQLE,auto_segment,auto_fine_26,chr8,124998497,125022283
WASHC5,auto_segment,auto_fine_26,chr8,125024260,125091819
NSMCE2,auto_segment,auto_fine_26,chr8,125091679,125367120
TRIB1,auto_segment,auto_fine_26,chr8,125430358,125438403
LRATD2,auto_segment,auto_fine_26,chr8,126552443,126558478
POU5F1B,auto_segment,auto_fine_26,chr8,127322183,127420066
MYC,auto_segment,auto_fine_26,chr8,127735434,127742951
GSDMC,auto_segment,auto_fine_26,chr8,129748196,129786624
CYRIB,auto_segment,auto_fine_26,chr8,129839593,130017504
ASAP1,auto_segment,auto_fine_26,chr8,130052104,130443674
ADCY8,auto_segment,auto_fine_26,chr8,130780301,131040909
EFR3A,auto_segment,auto_fine_26,chr8,131904093,132013642
OC90,auto_segment,auto_fine_26,chr8,132024216,132059382
ENSG00000258417,auto_segment,auto_fine_26,chr8,132024238,132085655
HHLA1,auto_segment,auto_fine_26,chr8,132061480,132111159
KCNQ3,auto_segment,auto_fine_26,chr8,132120861,132481095
DNAAF11,auto_segment,auto_fine_26,chr8,132570416,132675592
TMEM71,auto_segment,auto_fine_26,chr8,132685007,132760712
GOLM1,auto_segment,auto_fine_27,chr9,86026146,86100173
C9orf153,auto_segment,auto_fine_27,chr9,86220265,86259657
ISCA1,auto_segment,auto_fine_27,chr9,86264546,86283102
TUT7,auto_segment,auto_fine_27,chr9,86287733,86354454
GAS1,auto_segment,auto_fine_27,chr9,86944362,86947506
DAPK1,auto_segment,auto_fine_27,chr9,87497228,87708634
CTSL,auto_segment,auto_fine_27,chr9,87724051,87731469
SPATA31E1,auto_segment,auto_fine_27,chr9,87882877,87888903
SPATA31C1,auto_segment,auto_fine_27,chr9,87914488,87923657
ENSG00000283205,auto_segment,auto_fine_27,chr9,87956214,87956883
CDK20,auto_segment,auto_fine_27,chr9,87966441,87974753
SPATA31C2,auto_segment,auto_fine_27,chr9,88129305,88138475
SPIN1,auto_segment,auto_fine_27,chr9,88388430,88478694
NXNL2,auto_segment,auto_fine_27,chr9,88534033,88584274
S1PR3,auto_segment,auto_fine_27,chr9,88990863,89005155
SHC3,auto_segment,auto_fine_27,chr9,89005771,89178818
CKS2,auto_segment,auto_fine_27,chr9,89311195,89316703
SECISBP2,auto_segment,auto_fine_27,chr9,89318500,89359663
SEMA4D,auto_segment,auto_fine_27,chr9,89360787,89498130
GADD45G,auto_segment,auto_fine_27,chr9,89605012,89606555
DIRAS2,auto_segment,auto_fine_27,chr9,90609832,90642862
SYK,auto_segment,auto_fine_27,chr9,90801787,90898549
AUH,auto_segment,auto_fine_27,chr9,91213815,91361918
NFIL3,auto_segment,auto_fine_27,chr9,91409045,91423832
ROR2,auto_segment,auto_fine_27,chr9,91563091,91950228
SPTLC1,auto_segment,auto_fine_27,chr9,92000087,92115413
IARS1,auto_segment,auto_fine_27,chr9,92210207,92293854
NOL8,auto_segment,auto_fine_27,chr9,92297358,92325636
CENPP,auto_segment,auto_fine_27,chr9,92325953,92620529
OGN,auto_segment,auto_fine_27,chr9,92383268,92404696
OMD,auto_segment,auto_fine_27,chr9,92412380,92424471
ASPN,auto_segment,auto_fine_27,chr9,92456205,92482506
ECM2,auto_segment,auto_fine_27,chr9,92493554,92536655
IPPK,auto_segment,auto_fine_27,chr9,92613183,92670131
BICD2,auto_segment,auto_fine_27,chr9,92711363,92764833
ZNF484,auto_segment,auto_fine_27,chr9,92844182,92878038
FGD3,auto_segment,auto_fine_27,chr9,92947523,93036236
DDB1,auto_segment,auto_fine_28,chr11,61299451,61342596
TKFC,auto_segment,auto_fine_28,chr11,61333220,61353295
CYB561A3,auto_segment,auto_fine_28,chr11,61348754,61362283
TMEM138,auto_segment,auto_fine_28,chr11,61361964,61377890
TMEM216,auto_segment,auto_fine_28,chr11,61392393,61398866
CPSF7,auto_segment,auto_fine_28,chr11,61402641,61430031
ENSG00000256591,auto_segment,auto_fine_28,chr11,61429220,61485822
SDHAF2,auto_segment,auto_fine_28,chr11,61430042,61446733
PPP1R32,auto_segment,auto_fine_28,chr11,61481120,61490931
LRRC10B,auto_segment,auto_fine_28,chr11,61508749,61511018
SYT7,auto_segment,auto_fine_28,chr11,61513714,61581148
DAGLA,auto_segment,auto_fine_28,chr11,61680391,61747001
MYRF,auto_segment,auto_fine_28,chr11,61752636,61788518
TMEM258,auto_segment,auto_fine_28,chr11,61768501,61792802
FEN1,auto_segment,auto_fine_28,chr11,61792911,61797238
FADS2,auto_segment,auto_fine_28,chr11,61792980,61867354
FADS1,auto_segment,auto_fine_28,chr11,61799627,61829318
FADS3,auto_segment,auto_fine_28,chr11,61873519,61892051
RAB3IL1,auto_segment,auto_fine_28,chr11,61897301,61920269
BEST1,auto_segment,auto_fine_28,chr11,61950063,61965515
FTH1,auto_segment,auto_fine_28,chr11,61959718,61967634
INCENP,auto_segment,auto_fine_28,chr11,62123998,62153169
SCGB1D1,auto_segment,auto_fine_28,chr11,62190216,62193539
SCGB2A1,auto_segment,auto_fine_28,chr11,62208673,62213943
SCGB1D2,auto_segment,auto_fine_28,chr11,62242239,62244812
SCGB2A2,auto_segment,auto_fine_28,chr11,62270158,62273160
SCGB1D4,auto_segment,auto_fine_28,chr11,62296281,62299075
ASRGL1,auto_segment,auto_fine_28,chr11,62337448,62393412
SCGB1A1,auto_segment,auto_fine_28,chr11,62405103,62423195
AHNAK,auto_segment,auto_fine_28,chr11,62433542,62556235
EEF1G,auto_segment,auto_fine_28,chr11,62559596,62574086
ENSG00000255508,auto_segment,auto_fine_28,chr11,62559603,62591531
TUT1,auto_segment,auto_fine_28,chr11,62575045,62591637
MTA2,auto_segment,auto_fine_28,chr11,62593214,62601865
EML3,auto_segment,auto_fine_28,chr11,62602218,62612775
ROM1,auto_segment,auto_fine_28,chr11,62611722,62615116
CHRM1,auto_segment,auto_fine_29,chr11,62908679,62921807
SLC22A6,auto_segment,auto_fine_29,chr11,62936385,62984967
SLC22A8,auto_segment,auto_fine_29,chr11,62989154,63015841
SLC22A24,auto_segment,auto_fine_29,chr11,63079940,63144221
SLC22A25,auto_segment,auto_fine_29,chr11,63158437,63243599
SLC22A10,auto_segment,auto_fine_29,chr11,63268022,63311783
SLC22A9,auto_segment,auto_fine_29,chr11,63369785,63410294
PLAAT5,auto_segment,auto_fine_29,chr11,63461404,63491194
LGALS12,auto_segment,auto_fine_29,chr11,63506052,63516774
PLAAT4,auto_segment,auto_fine_29,chr11,63536808,63546462
PLAAT2,auto_segment,auto_fine_29,chr11,63552770,63563379
PLAAT3,auto_segment,auto_fine_29,chr11,63573195,63616883
ATL3,auto_segment,auto_fine_29,chr11,63624087,63671921
RTN3,auto_segment,auto_fine_29,chr11,63681446,63759891
ZFTA,auto_segment,auto_fine_29,chr11,63759892,63768775
SPINDOC,auto_segment,auto_fine_29,chr11,63813456,63827716
MARK2,auto_segment,auto_fine_29,chr11,63838928,63911020
RCOR2,auto_segment,auto_fine_29,chr11,63911230,63917164
NAA40,auto_segment,auto_fine_29,chr11,63938959,63957319
COX8A,auto_segment,auto_fine_29,chr11,63974620,63976543
OTUB1,auto_segment,auto_fine_29,chr11,63985853,64001811
MACROD1,auto_segment,auto_fine_29,chr11,63998558,64166113
FLRT1,auto_segment,auto_fine_29,chr11,64035931,64119173
STIP1,auto_segment,auto_fine_29,chr11,64185272,64204543
FERMT3,auto_segment,auto_fine_29,chr11,64205926,64223896
TRPT1,auto_segment,auto_fine_29,chr11,64223799,64226254
NUDT22,auto_segment,auto_fine_29,chr11,64225941,64230686
DNAJC4,auto_segment,auto_fine_29,chr11,64230278,64234286
VEGFB,auto_segment,auto_fine_29,chr11,64234584,64239264
FKBP2,auto_segment,auto_fine_29,chr11,64241003,64244132
ENSG00000286264,auto_segment,auto_fine_29,chr11,64241095,64244132
PPP1R14B,auto_segment,auto_fine_29,chr11,64244479,64246943
PLCB3,auto_segment,auto_fine_29,chr11,64251530,64269150
BAD,auto_segment,auto_fine_29,chr11,64269830,64284704
GPR137,auto_segment,auto_fine_29,chr11,64270062,64289494
KCNK4,auto_segment,auto_fine_29,chr11,64291302,64300031
CATSPERZ,auto_segment,auto_fine_29,chr11,64300358,64304770
ESRRA,auto_segment,auto_fine_29,chr11,64305497,64316743
TRMT112,auto_segment,auto_fine_29,chr11,64316460,64317559
PRDX5,auto_segment,auto_fine_29,chr11,64318121,64321811
CCDC88B,auto_segment,auto_fine_29,chr11,64340204,64357534
RPS6KA4,auto_segment,auto_fine_29,chr11,64359148,64372215
SLC22A11,auto_segment,auto_fine_29,chr11,64555690,64572875
SLC22A12,auto_segment,auto_fine_29,chr11,64590641,64602353
NRXN2,auto_segment,auto_fine_29,chr11,64606174,64723197
RASGRP2,auto_segment,auto_fine_29,chr11,64726911,64745456
PYGM,auto_segment,auto_fine_29,chr11,64746389,64759974
SF1,auto_segment,auto_fine_29,chr11,64764606,64778786
MAP4K2,auto_segment,auto_fine_29,chr11,64784918,64803241
MEN1,auto_segment,auto_fine_29,chr11,64803510,64811294
CDC42BPG,auto_segment,auto_fine_29,chr11,64823052,64844653
DPF2,auto_segment,auto_fine_30,chr11,65333843,65354262
TIGD3,auto_segment,auto_fine_30,chr11,65354751,65357613
SLC25A45,auto_segment,auto_fine_30,chr11,65375192,65383701
FRMD8,auto_segment,auto_fine_30,chr11,65386621,65413525
SCYL1,auto_segment,auto_fine_30,chr11,65525077,65538704
LTBP3,auto_segment,auto_fine_30,chr11,65538559,65558930
ZNRD2,auto_segment,auto_fine_30,chr11,65570460,65573942
FAM89B,auto_segment,auto_fine_30,chr11,65572349,65574198
EHBP1L1,auto_segment,auto_fine_30,chr11,65576046,65592650
KCNK7,auto_segment,auto_fine_30,chr11,65592836,65595996
MAP3K11,auto_segment,auto_fine_30,chr11,65597756,65615382
PCNX3,auto_segment,auto_fine_30,chr11,65615776,65637439
SIPA1,auto_segment,auto_fine_30,chr11,65638101,65650918
RELA,auto_segment,auto_fine_30,chr11,65653599,65663090
KAT5,auto_segment,auto_fine_30,chr11,65711996,65719604
RNASEH2C,auto_segment,auto_fine_30,chr11,65714005,65720818
AP5B1,auto_segment,auto_fine_30,chr11,65773898,65780976
OVOL1,auto_segment,auto_fine_30,chr11,65787063,65797214
CFL1,auto_segment,auto_fine_30,chr11,65823022,65862026
SNX32,auto_segment,auto_fine_30,chr11,65833834,65856896
MUS81,auto_segment,auto_fine_30,chr11,65857126,65867653
EFEMP2,auto_segment,auto_fine_30,chr11,65866441,65873592
CTSW,auto_segment,auto_fine_30,chr11,65879809,65883741
FIBP,auto_segment,auto_fine_30,chr11,65883740,65888531
CCDC85B,auto_segment,auto_fine_30,chr11,65890673,65891635
FOSL1,auto_segment,auto_fine_30,chr11,65892049,65900573
C11orf68,auto_segment,auto_fine_30,chr11,65916810,65919062
DRAP1,auto_segment,auto_fine_30,chr11,65919274,65921563
TSGA10IP,auto_segment,auto_fine_30,chr11,65945480,65959966
SART1,auto_segment,auto_fine_30,chr11,65961728,65980137
EIF1AD,auto_segment,auto_fine_30,chr11,65996545,66002176
BANF1,auto_segment,auto_fine_30,chr11,66002228,66004149
CST6,auto_segment,auto_fine_30,chr11,66012008,66013505
CATSPER1,auto_segment,auto_fine_30,chr11,66016752,66026479
GAL3ST3,auto_segment,auto_fine_30,chr11,66040765,66049161
SF3B2,auto_segment,auto_fine_30,chr11,66050729,66069308
PACS1,auto_segment,auto_fine_30,chr11,66070272,66244744
KLC2,auto_segment,auto_fine_30,chr11,66257294,66267860
RAB1B,auto_segment,auto_fine_30,chr11,66268590,66277492
CNIH2,auto_segment,auto_fine_30,chr11,66278175,66285301
YIF1A,auto_segment,auto_fine_30,chr11,66284580,66289145
TMEM151A,auto_segment,auto_fine_30,chr11,66291894,66296664
CD248,auto_segment,auto_fine_30,chr11,66314494,66317044
RIN1,auto_segment,auto_fine_30,chr11,66330241,66336840
BRMS1,auto_segment,auto_fine_30,chr11,66337333,66345125
B4GAT1,auto_segment,auto_fine_30,chr11,66345374,66347629
SLC29A2,auto_segment,auto_fine_30,chr11,66362521,66372214
NPAS4,auto_segment,auto_fine_30,chr11,66421035,66426707
MRPL11,auto_segment,auto_fine_30,chr11,66435075,66466738
PELI3,auto_segment,auto_fine_30,chr11,66466327,66477337
DPP3,auto_segment,auto_fine_30,chr11,66480013,66509657
ENSG00000256349,auto_segment,auto_fine_30,chr11,66509079,66533613
BBS1,auto_segment,auto_fine_30,chr11,66510606,66533613
ZDHHC24,auto_segment,auto_fine_30,chr11,66520637,66546235
ACTN3,auto_segment,auto_fine_30,chr11,66546395,66563334
LGALS3,auto_segment,auto_fine_31,chr14,55124110,55145423
DLGAP5,auto_segment,auto_fine_31,chr14,55148112,55191608
FBXO34,auto_segment,auto_fine_31,chr14,55271344,55370053
ATG14,auto_segment,auto_fine_31,chr14,55366391,55411830
TBPL2,auto_segment,auto_fine_31,chr14,55414210,55456726
KTN1,auto_segment,auto_fine_31,chr14,55559072,55701526
PELI2,auto_segment,auto_fine_31,chr14,56117814,56301524
TMEM260,auto_segment,auto_fine_31,chr14,56488354,56650606
OTX2,auto_segment,auto_fine_31,chr14,56799905,56816693
EXOC5,auto_segment,auto_fine_31,chr14,57200507,57268905
AP5M1,auto_segment,auto_fine_31,chr14,57268924,57298742
NAA30,auto_segment,auto_fine_31,chr14,57390544,57415906
CCDC198,auto_segment,auto_fine_31,chr14,57469300,57493867
SLC35F4,auto_segment,auto_fine_31,chr14,57563920,57982194
ARMH4,auto_segment,auto_fine_31,chr14,57999735,58298139
ACTR10,auto_segment,auto_fine_31,chr14,58200080,58235636
PSMA3,auto_segment,auto_fine_31,chr14,58244843,58272012
ARID4A,auto_segment,auto_fine_31,chr14,58298504,58373887
TOMM20L,auto_segment,auto_fine_31,chr14,58395928,58408702
TIMM9,auto_segment,auto_fine_31,chr14,58408495,58427531
KIAA0586,auto_segment,auto_fine_31,chr14,58427385,58551297
DACT1,auto_segment,auto_fine_31,chr14,58633967,58648321
DAAM1,auto_segment,auto_fine_31,chr14,59188646,59371405
GPR135,auto_segment,auto_fine_31,chr14,59429022,59465380
L3HYPDH,auto_segment,auto_fine_31,chr14,59460363,59484408
JKAMP,auto_segment,auto_fine_31,chr14,59484443,59505410
CCDC175,auto_segment,auto_fine_31,chr14,59504539,59576812
RTN1,auto_segment,auto_fine_31,chr14,59595976,59870776
LRRC9,auto_segment,auto_fine_31,chr14,59919713,60066817
PCNX4,auto_segment,auto_fine_31,chr14,60091911,60169133
DHRS7,auto_segment,auto_fine_31,chr14,60144119,60169856
PPM1A,auto_segment,auto_fine_31,chr14,60245752,60299087
C14orf39,auto_segment,auto_fine_31,chr14,60396469,60515543
SIX6,auto_segment,auto_fine_31,chr14,60509146,60512850
SIX1,auto_segment,auto_fine_31,chr14,60643421,60658259
SIX4,auto_segment,auto_fine_31,chr14,60709539,60724351
MNAT1,auto_segment,auto_fine_31,chr14,60734742,60969965
TRMT5,auto_segment,auto_fine_31,chr14,60971441,60981170
SLC38A6,auto_segment,auto_fine_31,chr14,60981114,61114316
PRKCH,auto_segment,auto_fine_31,chr14,61187559,61550976
TMEM30B,auto_segment,auto_fine_31,chr14,61277370,61281761
ENSG00000258989,auto_segment,auto_fine_31,chr14,61529128,61657964
TCL1A,auto_segment,auto_fine_32,chr14,95709947,95714196
TUNAR,auto_segment,auto_fine_32,chr14,95866587,95925663
C14orf132,auto_segment,auto_fine_32,chr14,96039362,96093971
BDKRB2,auto_segment,auto_fine_32,chr14,96204679,96244166
ENSG00000258691,auto_segment,auto_fine_32,chr14,96204844,96263929
BDKRB1,auto_segment,auto_fine_32,chr14,96256210,96268967
ATG2B,auto_segment,auto_fine_32,chr14,96279195,96363341
GSKIP,auto_segment,auto_fine_32,chr14,96363452,96387288
AK7,auto_segment,auto_fine_32,chr14,96392128,96489427
PAPOLA,auto_segment,auto_fine_32,chr14,96501433,96567116
VRK1,auto_segment,auto_fine_32,chr14,96797304,96954846
BCL11B,auto_segment,auto_fine_32,chr14,99169287,99272197
SETD3,auto_segment,auto_fine_32,chr14,99397748,99480889
CCNK,auto_segment,auto_fine_32,chr14,99481169,99535044
CCDC85C,auto_segment,auto_fine_32,chr14,99500190,99604207
HHIPL1,auto_segment,auto_fine_32,chr14,99645129,99680569
CYP46A1,auto_segment,auto_fine_32,chr14,99684298,99727301
EML1,auto_segment,auto_fine_32,chr14,99737693,99942060
EVL,auto_segment,auto_fine_32,chr14,99971449,100144236
DEGS2,auto_segment,auto_fine_32,chr14,100143957,100159645
YY1,auto_segment,auto_fine_32,chr14,100238298,100282788
SLC25A29,auto_segment,auto_fine_32,chr14,100291116,100306547
SLC25A47,auto_segment,auto_fine_32,chr14,100323339,100330421
WARS1,auto_segment,auto_fine_32,chr14,100333790,100376805
WDR25,auto_segment,auto_fine_32,chr14,100376418,100530303
BEGAIN,auto_segment,auto_fine_32,chr14,100537147,100587417
DLK1,auto_segment,auto_fine_32,chr14,100725705,100738224
RTL1,auto_segment,auto_fine_32,chr14,100879753,100903722
DIO3,auto_segment,auto_fine_32,chr14,101560139,101563452
PPP2R5C,auto_segment,auto_fine_32,chr14,101761709,101927989
DYNC1H1,auto_segment,auto_fine_32,chr14,101964573,102056443
HSP90AA1,auto_segment,auto_fine_32,chr14,102080742,102139699
WDR20,auto_segment,auto_fine_32,chr14,102139503,102224847
MOK,auto_segment,auto_fine_32,chr14,102224500,102305190
ZNF839,auto_segment,auto_fine_32,chr14,102317377,102342702
CINP,auto_segment,auto_fine_32,chr14,102341102,102362916
TECPR2,auto_segment,auto_fine_32,chr14,102362941,102502477
ANKRD9,auto_segment,auto_fine_32,chr14,102501767,102509799
RCOR1,auto_segment,auto_fine_32,chr14,102592649,102730561
TRAF3,auto_segment,auto_fine_32,chr14,102777449,102911500
AMN,auto_segment,auto_fine_32,chr14,102922663,102933596
CDC42BPB,auto_segment,auto_fine_32,chr14,102932380,103057549
LBHD2,auto_segment,auto_fine_32,chr14,103084210,103090027
EXOC3L4,auto_segment,auto_fine_32,chr14,103094725,103110559
TNFAIP2,auto_segment,auto_fine_32,chr14,103121476,103137439
EIF5,auto_segment,auto_fine_32,chr14,103333544,103345025
ENSG00000291313,auto_segment,auto_fine_32,chr14,103334237,103335932
MARK3,auto_segment,auto_fine_32,chr14,103385377,103503831
CKB,auto_segment,auto_fine_32,chr14,103519667,103522833
TRMT61A,auto_segment,auto_fine_32,chr14,103529196,103537073
BAG5,auto_segment,auto_fine_32,chr14,103556545,103562657
KLC1,auto_segment,auto_fine_32,chr14,103561896,103714249
COA8,auto_segment,auto_fine_32,chr14,103562960,103607523
ENSG00000256500,auto_segment,auto_fine_32,chr14,103562962,103685924
XRCC3,auto_segment,auto_fine_32,chr14,103697609,103715504
ZFYVE21,auto_segment,auto_fine_32,chr14,103715730,103733668
PPP1R13B,auto_segment,auto_fine_32,chr14,103733195,103847575
ATP5MJ,auto_segment,auto_fine_32,chr14,103912288,103928269
TDRD9,auto_segment,auto_fine_32,chr14,103928456,104052667
RD3L,auto_segment,auto_fine_32,chr14,103940426,103942561
ASPG,auto_segment,auto_fine_32,chr14,104085686,104115582
KIF26A,auto_segment,auto_fine_32,chr14,104136454,104180894
TMEM179,auto_segment,auto_fine_32,chr14,104474678,104605647
C14orf180,auto_segment,auto_fine_32,chr14,104579764,104590515
INF2,auto_segment,auto_fine_32,chr14,104681146,104722535
ADSS1,auto_segment,auto_fine_32,chr14,104724174,104747325
SIVA1,auto_segment,auto_fine_32,chr14,104753147,104768494
AKT1,auto_segment,auto_fine_32,chr14,104769349,104795751
ZBTB42,auto_segment,auto_fine_32,chr14,104800596,104804712
CEP170B,auto_segment,auto_fine_32,chr14,104865268,104896747
PLD4,auto_segment,auto_fine_32,chr14,104924713,104937761
AHNAK2,auto_segment,auto_fine_32,chr14,104937244,104978374
PERCC1,auto_segment,auto_fine_33,chr16,1431078,1434441
CCDC154,auto_segment,auto_fine_33,chr16,1434383,1444556
CLCN7,auto_segment,auto_fine_33,chr16,1444934,1475077
PTX4,auto_segment,auto_fine_33,chr16,1485886,1488981
TELO2,auto_segment,auto_fine_33,chr16,1493344,1510457
IFT140,auto_segment,auto_fine_33,chr16,1510427,1612072
TMEM204,auto_segment,auto_fine_33,chr16,1528688,1555580
CRAMP1,auto_segment,auto_fine_33,chr16,1612337,1677908
ENSG00000261732,auto_segment,auto_fine_33,chr16,1632259,1686715
JPT2,auto_segment,auto_fine_33,chr16,1678256,1702280
MAPK8IP3,auto_segment,auto_fine_33,chr16,1706166,1770351
NME3,auto_segment,auto_fine_33,chr16,1770320,1771561
MRPS34,auto_segment,auto_fine_33,chr16,1771890,1773150
EME2,auto_segment,auto_fine_33,chr16,1772810,1781708
SPSB3,auto_segment,auto_fine_33,chr16,1776712,1793700
NUBP2,auto_segment,auto_fine_33,chr16,1782932,1789186
IGFALS,auto_segment,auto_fine_33,chr16,1790413,1794971
HAGH,auto_segment,auto_fine_33,chr16,1795620,1827157
FAHD1,auto_segment,auto_fine_33,chr16,1826967,1840207
MEIOB,auto_segment,auto_fine_33,chr16,1833986,1872178
ENSG00000289722,auto_segment,auto_fine_33,chr16,1833987,1884294
HS3ST6,auto_segment,auto_fine_33,chr16,1911475,1918415
MSRB1,auto_segment,auto_fine_33,chr16,1938229,1943199
RPL3L,auto_segment,auto_fine_33,chr16,1943974,1957606
NDUFB10,auto_segment,auto_fine_33,chr16,1959538,1961975
RPS2,auto_segment,auto_fine_33,chr16,1962058,1964841
RNF151,auto_segment,auto_fine_33,chr16,1966823,1968975
TBL3,auto_segment,auto_fine_33,chr16,1972053,1982929
NOXO1,auto_segment,auto_fine_33,chr16,1978917,1984192
GFER,auto_segment,auto_fine_33,chr16,1984193,1987749
SYNGR3,auto_segment,auto_fine_33,chr16,1989660,1994275
ZNF598,auto_segment,auto_fine_33,chr16,1997654,2009821
NPW,auto_segment,auto_fine_33,chr16,2009926,2020755
NHERF2,auto_segment,auto_fine_33,chr16,2025356,2039026
NTHL1,auto_segment,auto_fine_33,chr16,2039815,2047866
TSC2,auto_segment,auto_fine_33,chr16,2047967,2089491
PKD1,auto_segment,auto_fine_33,chr16,2088708,2135898
COX10,auto_segment,auto_fine_34,chr17,14069490,14231736
CDRT15,auto_segment,auto_fine_34,chr17,14235673,14236862
HS3ST3B1,auto_segment,auto_fine_34,chr17,14301081,14349404
PMP22,auto_segment,auto_fine_34,chr17,15229773,15272292
TEKT3,auto_segment,auto_fine_34,chr17,15303811,15341632
CDRT4,auto_segment,auto_fine_34,chr17,15436015,15475728
TVP23C-CDRT4,auto_segment,auto_fine_34,chr17,15436021,15563561
TVP23C,auto_segment,auto_fine_34,chr17,15502264,15563595
FBXW10B,auto_segment,auto_fine_34,chr17,15565483,15619704
ENSG00000251537,auto_segment,auto_fine_34,chr17,15571491,15651653
TRIM16,auto_segment,auto_fine_34,chr17,15627960,15684311
ZNF286A-TBC1D26,auto_segment,auto_fine_34,chr17,15699552,15745940
ZNF286A,auto_segment,auto_fine_34,chr17,15699577,15720787
TBC1D26,auto_segment,auto_fine_34,chr17,15732247,15746162
ADORA2B,auto_segment,auto_fine_34,chr17,15945130,15975746
ZSWIM7,auto_segment,auto_fine_34,chr17,15976560,15999717
TTC19,auto_segment,auto_fine_34,chr17,15999784,16045015
NCOR1,auto_segment,auto_fine_34,chr17,16029065,16218185
PIGL,auto_segment,auto_fine_34,chr17,16217191,16351797
CENPV,auto_segment,auto_fine_34,chr17,16342534,16353656
UBB,auto_segment,auto_fine_34,chr17,16380798,16382745
TRPV2,auto_segment,auto_fine_34,chr17,16415571,16437003
LRRC75A,auto_segment,auto_fine_34,chr17,16441577,16492193
ZNF287,auto_segment,auto_fine_34,chr17,16546954,16569204
ZNF624,auto_segment,auto_fine_34,chr17,16620734,16653856
CCDC144A,auto_segment,auto_fine_34,chr17,16689537,16777881
ENSG00000266302,auto_segment,auto_fine_34,chr17,16690261,16804453
TNFRSF13B,auto_segment,auto_fine_34,chr17,16929816,16972118
MPRIP,auto_segment,auto_fine_34,chr17,17042457,17217679
PLD6,auto_segment,auto_fine_34,chr17,17200995,17206333
ENSG00000264187,auto_segment,auto_fine_34,chr17,17202649,17237185
FLCN,auto_segment,auto_fine_34,chr17,17212212,17237188
COPS3,auto_segment,auto_fine_34,chr17,17246616,17281273
NT5M,auto_segment,auto_fine_34,chr17,17303335,17347663
MED9,auto_segment,auto_fine_34,chr17,17476994,17493221
RASD1,auto_segment,auto_fine_34,chr17,17494437,17496395
PEMT,auto_segment,auto_fine_34,chr17,17505563,17591708
MLLT6,auto_segment,auto_fine_35,chr17,38705273,38729795
CISD3,auto_segment,auto_fine_35,chr17,38730341,38735605
PCGF2,auto_segment,auto_fine_35,chr17,38733898,38749817
PSMB3,auto_segment,auto_fine_35,chr17,38752741,38764225
PIP4K2B,auto_segment,auto_fine_35,chr17,38765691,38800126
CWC25,auto_segment,auto_fine_35,chr17,38800441,38825355
C17orf98,auto_segment,auto_fine_35,chr17,38835086,38841438
RPL23,auto_segment,auto_fine_35,chr17,38847860,38853764
LASP1,auto_segment,auto_fine_35,chr17,38869859,38921770
LASP1NB,auto_segment,auto_fine_35,chr17,38925168,38929384
FBXO47,auto_segment,auto_fine_35,chr17,38936432,38967403
PLXDC1,auto_segment,auto_fine_35,chr17,39063313,39154394
ARL5C,auto_segment,auto_fine_35,chr17,39156894,39167484
CACNB1,auto_segment,auto_fine_35,chr17,39173453,39197702
RPL19,auto_segment,auto_fine_35,chr17,39200283,39204840
STAC2,auto_segment,auto_fine_35,chr17,39210541,39225945
FBXL20,auto_segment,auto_fine_35,chr17,39252663,39402523
MED1,auto_segment,auto_fine_35,chr17,39404285,39451272
CDK12,auto_segment,auto_fine_35,chr17,39461486,39567559
NEUROD2,auto_segment,auto_fine_35,chr17,39603536,39609777
PPP1R1B,auto_segment,auto_fine_35,chr17,39626740,39636626
STARD3,auto_segment,auto_fine_35,chr17,39637090,39664201
TCAP,auto_segment,auto_fine_35,chr17,39665349,39666554
PNMT,auto_segment,auto_fine_35,chr17,39667981,39670475
PGAP3,auto_segment,auto_fine_35,chr17,39671122,39696797
ERBB2,auto_segment,auto_fine_35,chr17,39687914,39730426
MIEN1,auto_segment,auto_fine_35,chr17,39728496,39730532
GRB7,auto_segment,auto_fine_35,chr17,39737927,39747291
IKZF3,auto_segment,auto_fine_35,chr17,39757718,39864312
ZPBP2,auto_segment,auto_fine_35,chr17,39868202,39877896
GSDMB,auto_segment,auto_fine_35,chr17,39904595,39919854
ORMDL3,auto_segment,auto_fine_35,chr17,39921041,39927601
LRRC3C,auto_segment,auto_fine_35,chr17,39927732,39944999
GSDMA,auto_segment,auto_fine_35,chr17,39953263,39977768
PSMD3,auto_segment,auto_fine_35,chr17,39980807,39997959
CSF3,auto_segment,auto_fine_35,chr17,40015361,40017813
MED24,auto_segment,auto_fine_35,chr17,40019097,40061215
THRA,auto_segment,auto_fine_35,chr17,40058290,40093867
NR1D1,auto_segment,auto_fine_35,chr17,40092793,40100589
MSL1,auto_segment,auto_fine_35,chr17,40121971,40136917
CASC3,auto_segment,auto_fine_35,chr17,40140318,40172171
CD300LD,auto_segment,auto_fine_36,chr17,74579365,74592283
CD300E,auto_segment,auto_fine_36,chr17,74609885,74623738
RAB37,auto_segment,auto_fine_36,chr17,74670578,74747335
CD300LF,auto_segment,auto_fine_36,chr17,74694311,74712978
NHERF1,auto_segment,auto_fine_36,chr17,74748628,74769353
NAT9,auto_segment,auto_fine_36,chr17,74770529,74776367
TMEM104,auto_segment,auto_fine_36,chr17,74776499,74839753
GRIN2C,auto_segment,auto_fine_36,chr17,74842023,74861504
FDXR,auto_segment,auto_fine_36,chr17,74862497,74873031
FADS6,auto_segment,auto_fine_36,chr17,74877302,74893781
USH1G,auto_segment,auto_fine_36,chr17,74916083,74923256
OTOP2,auto_segment,auto_fine_36,chr17,74922950,74933912
OTOP3,auto_segment,auto_fine_36,chr17,74935898,74949992
HID1,auto_segment,auto_fine_36,chr17,74950742,74973166
CDR2L,auto_segment,auto_fine_36,chr17,74987632,75005800
MRPL58,auto_segment,auto_fine_36,chr17,75012670,75021261
KCTD2,auto_segment,auto_fine_36,chr17,75032575,75065889
ATP5PD,auto_segment,auto_fine_36,chr17,75038863,75046985
SLC16A5,auto_segment,auto_fine_36,chr17,75087727,75106162
ARMC7,auto_segment,auto_fine_36,chr17,75109952,75130272
NT5C,auto_segment,auto_fine_36,chr17,75130225,75131757
JPT1,auto_segment,auto_fine_36,chr17,75135248,75168281
SUMO2,auto_segment,auto_fine_36,chr17,75165586,75182959
NUP85,auto_segment,auto_fine_36,chr17,75205659,75235758
GGA3,auto_segment,auto_fine_36,chr17,75236599,75262363
MRPS7,auto_segment,auto_fine_36,chr17,75261674,75266376
MIF4GD,auto_segment,auto_fine_36,chr17,75266228,75271231
SLC25A19,auto_segment,auto_fine_36,chr17,75272981,75289510
GRB2,auto_segment,auto_fine_36,chr17,75318076,75405709
TMEM94,auto_segment,auto_fine_36,chr17,75441159,75500452
CASKIN2,auto_segment,auto_fine_36,chr17,75500261,75515537
TSEN54,auto_segment,auto_fine_36,chr17,75515944,75524735
LLGL2,auto_segment,auto_fine_36,chr17,75525080,75575209
MYO15B,auto_segment,auto_fine_36,chr17,75587800,75626849
RECQL5,auto_segment,auto_fine_36,chr17,75626845,75667189
SMIM5,auto_segment,auto_fine_36,chr17,75633434,75641404
SMIM6,auto_segment,auto_fine_36,chr17,75646243,75647975
SAP30BP,auto_segment,auto_fine_36,chr17,75667251,75708062
ITGB4,auto_segment,auto_fine_36,chr17,75721328,75757818
GALK1,auto_segment,auto_fine_36,chr17,75751594,75765236
H3-3B,auto_segment,auto_fine_36,chr17,75776434,75785893
UNK,auto_segment,auto_fine_36,chr17,75784806,75825799
UNC13D,auto_segment,auto_fine_36,chr17,75827225,75844785
WBP2,auto_segment,auto_fine_36,chr17,75845699,75856507
TRIM47,auto_segment,auto_fine_36,chr17,75874164,75878581
TRIM65,auto_segment,auto_fine_36,chr17,75880335,75896951
MRPL38,auto_segment,auto_fine_36,chr17,75898644,75905093
ENSG00000267426,auto_segment,auto_fine_36,chr17,75898645,75930129
FBF1,auto_segment,auto_fine_36,chr17,75909574,75941140
ACOX1,auto_segment,auto_fine_36,chr17,75941507,75979177
TEN1-CDK3,auto_segment,auto_fine_36,chr17,75979231,76005999
TEN1,auto_segment,auto_fine_36,chr17,75979240,76000586
CDK3,auto_segment,auto_fine_36,chr17,76000855,76005999
EVPL,auto_segment,auto_fine_36,chr17,76004502,76027306
SRP68,auto_segment,auto_fine_36,chr17,76038775,76072517
ZACN,auto_segment,auto_fine_36,chr17,76071961,76083666
GALR2,auto_segment,auto_fine_36,chr17,76074781,76077537
EXOC7,auto_segment,auto_fine_36,chr17,76081016,76121576
MRPL12,auto_segment,auto_fine_37,chr17,81703367,81707517
ENSG00000262660,auto_segment,auto_fine_37,chr17,81703371,81720539
SLC25A10,auto_segment,auto_fine_37,chr17,81712236,81721016
GCGR,auto_segment,auto_fine_37,chr17,81804132,81814008
MCRIP1,auto_segment,auto_fine_37,chr17,81822361,81833302
PPP1R27,auto_segment,auto_fine_37,chr17,81833492,81835050
P4HB,auto_segment,auto_fine_37,chr17,81843159,81860856
ARHGDIA,auto_segment,auto_fine_37,chr17,81867721,81871378
ALYREF,auto_segment,auto_fine_37,chr17,81887835,81891586
ANAPC11,auto_segment,auto_fine_37,chr17,81890790,81900991
NPB,auto_segment,auto_fine_37,chr17,81900745,81902905
PCYT2,auto_segment,auto_fine_37,chr17,81900958,81911432
SIRT7,auto_segment,auto_fine_37,chr17,81911939,81921323
MAFG,auto_segment,auto_fine_37,chr17,81918270,81927735
PYCR1,auto_segment,auto_fine_37,chr17,81932384,81942412
MYADML2,auto_segment,auto_fine_37,chr17,81939645,81947233
NOTUM,auto_segment,auto_fine_37,chr17,81952507,81961840
ASPSCR1,auto_segment,auto_fine_37,chr17,81976807,82017406
CENPX,auto_segment,auto_fine_37,chr17,82018702,82024107
LRRC45,auto_segment,auto_fine_37,chr17,82023305,82031151
RAC3,auto_segment,auto_fine_37,chr17,82031678,82034204
DCXR,auto_segment,auto_fine_37,chr17,82035136,82037709
RFNG,auto_segment,auto_fine_37,chr17,82047902,82051831
GPS1,auto_segment,auto_fine_37,chr17,82050691,82057470
DUS1L,auto_segment,auto_fine_37,chr17,82057506,82065887
FASN,auto_segment,auto_fine_37,chr17,82078338,82098294
CCDC57,auto_segment,auto_fine_37,chr17,82101460,82212878
SLC16A3,auto_segment,auto_fine_37,chr17,82217934,82261129
CSNK1D,auto_segment,auto_fine_37,chr17,82239023,82273700
CD7,auto_segment,auto_fine_37,chr17,82314868,82317608
SECTM1,auto_segment,auto_fine_37,chr17,82321024,82334074
TEX19,auto_segment,auto_fine_37,chr17,82359247,82363775
UTS2R,auto_segment,auto_fine_37,chr17,82371765,82377458
OGFOD3,auto_segment,auto_fine_37,chr17,82389210,82418637
HEXD,auto_segment,auto_fine_37,chr17,82418318,82442645
CYBC1,auto_segment,auto_fine_37,chr17,82440912,82450829
CFD,auto_segment,auto_fine_38,chr19,859453,867884
MED16,auto_segment,auto_fine_38,chr19,867630,893218
R3HDM4,auto_segment,auto_fine_38,chr19,896503,913245
KISS1R,auto_segment,auto_fine_38,chr19,917287,921005
ARID3A,auto_segment,auto_fine_38,chr19,925781,975939
WDR18,auto_segment,auto_fine_38,chr19,984332,998438
GRIN3B,auto_segment,auto_fine_38,chr19,1000419,1009732
TMEM259,auto_segment,auto_fine_38,chr19,1009648,1021179
CNN2,auto_segment,auto_fine_38,chr19,1026586,1039068
ABCA7,auto_segment,auto_fine_38,chr19,1039997,1065572
ARHGAP45,auto_segment,auto_fine_38,chr19,1065923,1086628
POLR2E,auto_segment,auto_fine_38,chr19,1086574,1095380
GPX4,auto_segment,auto_fine_38,chr19,1103982,1106791
SBNO2,auto_segment,auto_fine_38,chr19,1107637,1174268
STK11,auto_segment,auto_fine_38,chr19,1177558,1228431
CBARP,auto_segment,auto_fine_38,chr19,1228287,1238027
ATP5F1D,auto_segment,auto_fine_38,chr19,1241746,1244825
MIDN,auto_segment,auto_fine_38,chr19,1248553,1259143
CIRBP,auto_segment,auto_fine_38,chr19,1259384,1274880
FAM174C,auto_segment,auto_fine_38,chr19,1275530,1279244
EFNA2,auto_segment,auto_fine_38,chr19,1285873,1301431
PWWP3A,auto_segment,auto_fine_38,chr19,1354711,1378431
NDUFS7,auto_segment,auto_fine_38,chr19,1383527,1395589
GAMT,auto_segment,auto_fine_38,chr19,1397026,1401570
DAZAP1,auto_segment,auto_fine_38,chr19,1407569,1435687
RPS15,auto_segment,auto_fine_38,chr19,1438358,1440495
APC2,auto_segment,auto_fine_38,chr19,1446302,1473244
C19orf25,auto_segment,auto_fine_38,chr19,1461143,1479219
PCSK4,auto_segment,auto_fine_38,chr19,1481428,1490752
REEP6,auto_segment,auto_fine_38,chr19,1491166,1497927
ADAMTSL5,auto_segment,auto_fine_38,chr19,1505022,1513604
PLK5,auto_segment,auto_fine_38,chr19,1508023,1536046
MEX3D,auto_segment,auto_fine_38,chr19,1554672,1568325
MBD3,auto_segment,auto_fine_38,chr19,1573596,1592865
ENSG00000267059,auto_segment,auto_fine_38,chr19,1578339,1605445
UQCR11,auto_segment,auto_fine_38,chr19,1597169,1605473
ENSG00000196826,auto_segment,auto_fine_39,chr19,12461559,12551474
ZNF564,auto_segment,auto_fine_39,chr19,12525373,12551542
ENSG00000269693,auto_segment,auto_fine_39,chr19,12525720,12580975
ZNF490,auto_segment,auto_fine_39,chr19,12576100,12640098
ZNF791,auto_segment,auto_fine_39,chr19,12610918,12633840
ENSG00000269242,auto_segment,auto_fine_39,chr19,12643831,12648397
MAN2B1,auto_segment,auto_fine_39,chr19,12646511,12666742
ENSG00000269590,auto_segment,auto_fine_39,chr19,12664828,12669397
WDR83,auto_segment,auto_fine_39,chr19,12666802,12675832
ENSG00000285589,auto_segment,auto_fine_39,chr19,12668071,12681834
WDR83OS,auto_segment,auto_fine_39,chr19,12668073,12669415
DHPS,auto_segment,auto_fine_39,chr19,12675717,12681880
GNG14,auto_segment,auto_fine_39,chr19,12687998,12688422
FBXW9,auto_segment,auto_fine_39,chr19,12688053,12696631
TNPO2,auto_segment,auto_fine_39,chr19,12699201,12724011
TRIR,auto_segment,auto_fine_39,chr19,12730640,12734684
GET3,auto_segment,auto_fine_39,chr19,12737139,12748323
BEST2,auto_segment,auto_fine_39,chr19,12751702,12758458
HOOK2,auto_segment,auto_fine_39,chr19,12763003,12872740
JUNB,auto_segment,auto_fine_39,chr19,12791486,12793315
PRDX2,auto_segment,auto_fine_39,chr19,12796820,12801800
THSD8,auto_segment,auto_fine_39,chr19,12802031,12813581
RNASEH2A,auto_segment,auto_fine_39,chr19,12806584,12813640
RTBDN,auto_segment,auto_fine_39,chr19,12825478,12835428
MAST1,auto_segment,auto_fine_39,chr19,12833951,12874952
DNASE2,auto_segment,auto_fine_39,chr19,12875209,12881595
KLF1,auto_segment,auto_fine_39,chr19,12884422,12887201
GCDH,auto_segment,auto_fine_39,chr19,12891160,12914207
SYCE2,auto_segment,auto_fine_39,chr19,12898786,12919293
FARSA,auto_segment,auto_fine_39,chr19,12922479,12934037
CALR,auto_segment,auto_fine_39,chr19,12938578,12944489
RAD23A,auto_segment,auto_fine_39,chr19,12945855,12953642
GADD45GIP1,auto_segment,auto_fine_39,chr19,12953119,12957223
DAND5,auto_segment,auto_fine_39,chr19,12965159,12974760
NFIX,auto_segment,auto_fine_39,chr19,12995475,13098796
LYL1,auto_segment,auto_fine_39,chr19,13099033,13103161
TRMT1,auto_segment,auto_fine_39,chr19,13104902,13117567
NACC1,auto_segment,auto_fine_39,chr19,13116862,13141147
STX10,auto_segment,auto_fine_39,chr19,13144058,13150383
IER2,auto_segment,auto_fine_39,chr19,13150411,13154911
CACNA1A,auto_segment,auto_fine_39,chr19,13206442,13633025
B3GNT3,auto_segment,auto_fine_40,chr19,17794828,17813576
INSL3,auto_segment,auto_fine_40,chr19,17816512,17821574
JAK3,auto_segment,auto_fine_40,chr19,17824780,17848071
RPL18A,auto_segment,auto_fine_40,chr19,17859910,17864153
SLC5A5,auto_segment,auto_fine_40,chr19,17871945,17895174
CCDC124,auto_segment,auto_fine_40,chr19,17933015,17943991
KCNN1,auto_segment,auto_fine_40,chr19,17951293,18000085
ARRDC2,auto_segment,auto_fine_40,chr19,18001132,18014102
IL12RB1,auto_segment,auto_fine_40,chr19,18058995,18098944
MAST3,auto_segment,auto_fine_40,chr19,18097778,18151692
ENSG00000268173,auto_segment,auto_fine_40,chr19,18153158,18178117
PIK3R2,auto_segment,auto_fine_40,chr19,18153163,18170532
IFI30,auto_segment,auto_fine_40,chr19,18173162,18178117
MPV17L2,auto_segment,auto_fine_40,chr19,18193218,18196948
RAB3A,auto_segment,auto_fine_40,chr19,18196784,18204042
ENSG00000285188,auto_segment,auto_fine_40,chr19,18207961,18255419
PDE4C,auto_segment,auto_fine_40,chr19,18207965,18248200
ENSG00000284797,auto_segment,auto_fine_40,chr19,18249950,18255362
IQCN,auto_segment,auto_fine_40,chr19,18257098,18274500
JUND,auto_segment,auto_fine_40,chr19,18279694,18281622
LSM4,auto_segment,auto_fine_40,chr19,18306236,18323112
PGPEP1,auto_segment,auto_fine_40,chr19,18340598,18369950
GDF15,auto_segment,auto_fine_40,chr19,18374731,18389176
LRRC25,auto_segment,auto_fine_40,chr19,18391137,18397622
SSBP4,auto_segment,auto_fine_40,chr19,18418864,18434562
ISYNA1,auto_segment,auto_fine_40,chr19,18434388,18438167
ELL,auto_segment,auto_fine_40,chr19,18442663,18522116
FKBP8,auto_segment,auto_fine_40,chr19,18531751,18544077
KXD1,auto_segment,auto_fine_40,chr19,18557762,18569387
UBA52,auto_segment,auto_fine_40,chr19,18571730,18577550
CRLF1,auto_segment,auto_fine_40,chr19,18572220,18607741
REX1BD,auto_segment,auto_fine_40,chr19,18588685,18592337
TMEM59L,auto_segment,auto_fine_40,chr19,18607430,18621039
KLHL26,auto_segment,auto_fine_40,chr19,18637025,18671721
CRTC1,auto_segment,auto_fine_40,chr19,18683678,18782333
COMP,auto_segment,auto_fine_40,chr19,18782773,18791305
UPF1,auto_segment,auto_fine_40,chr19,18831959,18868230
GDF1,auto_segment,auto_fine_40,chr19,18868545,18896158
CERS1,auto_segment,auto_fine_40,chr19,18868545,18896727
COPE,auto_segment,auto_fine_40,chr19,18899514,18919387
ENSG00000268193,auto_segment,auto_fine_40,chr19,18907013,18934397
DDX49,auto_segment,auto_fine_40,chr19,18919705,18929189
HOMER3,auto_segment,auto_fine_40,chr19,18929201,18941261
SUGP2,auto_segment,auto_fine_40,chr19,18990888,19034023
ARMC6,auto_segment,auto_fine_40,chr19,19033575,19060311
SLC25A42,auto_segment,auto_fine_40,chr19,19063994,19113030
TMEM161A,auto_segment,auto_fine_40,chr19,19119169,19138513
MEF2B,auto_segment,auto_fine_40,chr19,19145567,19192131
BORCS8-MEF2B,auto_segment,auto_fine_40,chr19,19145569,19192158
BORCS8,auto_segment,auto_fine_40,chr19,19176903,19192591
RFXANK,auto_segment,auto_fine_40,chr19,19192229,19201869
NR2C2AP,auto_segment,auto_fine_40,chr19,19201409,19203414
NCAN,auto_segment,auto_fine_40,chr19,19211958,19252233
HAPLN4,auto_segment,auto_fine_40,chr19,19254756,19262804
TM6SF2,auto_segment,auto_fine_40,chr19,19264364,19273391
SUGP1,auto_segment,auto_fine_40,chr19,19276018,19320509
MAU2,auto_segment,auto_fine_40,chr19,19320829,19358754
GATAD2A,auto_segment,auto_fine_40,chr19,19385826,19508932
TSSK6,auto_segment,auto_fine_40,chr19,19512418,19515548
NDUFA13,auto_segment,auto_fine_40,chr19,19515736,19529054
ENSG00000258674,auto_segment,auto_fine_40,chr19,19516227,19536076
YJEFN3,auto_segment,auto_fine_40,chr19,19528861,19537581
CILP2,auto_segment,auto_fine_40,chr19,19538248,19546659
PBX4,auto_segment,auto_fine_40,chr19,19561707,19618693
LPAR2,auto_segment,auto_fine_40,chr19,19623655,19628930
GMIP,auto_segment,auto_fine_40,chr19,19629476,19643657
ATP13A1,auto_segment,auto_fine_40,chr19,19645198,19663676
ZNF101,auto_segment,auto_fine_40,chr19,19668796,19683509
ZNF14,auto_segment,auto_fine_40,chr19,19710472,19733112
ZNF506,auto_segment,auto_fine_40,chr19,19785839,19821751
ZNF540,auto_segment,auto_fine_41,chr19,37551406,37614179
ZNF571,auto_segment,auto_fine_41,chr19,37554782,37594792
ZFP30,auto_segment,auto_fine_41,chr19,37613749,37692337
ENSG00000267552,auto_segment,auto_fine_41,chr19,37689865,37719188
ZNF607,auto_segment,auto_fine_41,chr19,37696371,37719761
ZNF573,auto_segment,auto_fine_41,chr19,37735833,37817300
WDR87,auto_segment,auto_fine_41,chr19,37884823,37906677
SIPA1L3,auto_segment,auto_fine_41,chr19,37907208,38208369
DPF1,auto_segment,auto_fine_41,chr19,38211006,38229714
SPINT2,auto_segment,auto_fine_41,chr19,38244035,38292615
PPP1R14A,auto_segment,auto_fine_41,chr19,38251237,38256532
ENSG00000267748,auto_segment,auto_fine_41,chr19,38289151,38304910
YIF1B,auto_segment,auto_fine_41,chr19,38303558,38317273
C19orf33,auto_segment,auto_fine_41,chr19,38304164,38305006
KCNK6,auto_segment,auto_fine_41,chr19,38319845,38332076
CATSPERG,auto_segment,auto_fine_41,chr19,38335775,38370943
PSMD8,auto_segment,auto_fine_41,chr19,38374563,38383850
GGN,auto_segment,auto_fine_41,chr19,38384267,38388082
SPRED3,auto_segment,auto_fine_41,chr19,38388421,38399587
FAM98C,auto_segment,auto_fine_41,chr19,38403093,38409088
RASGRP4,auto_segment,auto_fine_41,chr19,38409051,38426305
RYR1,auto_segment,auto_fine_41,chr19,38433691,38595273
MAP4K1,auto_segment,auto_fine_41,chr19,38587641,38618882
EIF3K,auto_segment,auto_fine_41,chr19,38619082,38636955
ACTN4,auto_segment,auto_fine_41,chr19,38647649,38731589
CAPN12,auto_segment,auto_fine_41,chr19,38730187,38769904
LGALS7,auto_segment,auto_fine_41,chr19,38770968,38773517
LGALS7B,auto_segment,auto_fine_41,chr19,38789200,38791754
LGALS4,auto_segment,auto_fine_41,chr19,38801671,38812945
ECH1,auto_segment,auto_fine_41,chr19,38815422,38831841
ENSG00000268083,auto_segment,auto_fine_41,chr19,38817471,38840178
HNRNPL,auto_segment,auto_fine_41,chr19,38836370,38852347
RINL,auto_segment,auto_fine_41,chr19,38867830,38878275
SIRT2,auto_segment,auto_fine_41,chr19,38878555,38899862
NFKBIB,auto_segment,auto_fine_41,chr19,38899700,38908893
CCER2,auto_segment,auto_fine_41,chr19,38908980,38912186
ENSG00000255730,auto_segment,auto_fine_42,chr19,41350853,41425001
EXOSC5,auto_segment,auto_fine_42,chr19,41386371,41397362
BCKDHA,auto_segment,auto_fine_42,chr19,41397808,41425002
B3GNT8,auto_segment,auto_fine_42,chr19,41425359,41428730
DMAC2,auto_segment,auto_fine_42,chr19,41431318,41440717
ERICH4,auto_segment,auto_fine_42,chr19,41443156,41444765
CEACAM21,auto_segment,auto_fine_42,chr19,41549518,41586844
CEACAM4,auto_segment,auto_fine_42,chr19,41619015,41627074
CEACAM7,auto_segment,auto_fine_42,chr19,41673303,41706976
CEACAM5,auto_segment,auto_fine_42,chr19,41708585,41730433
ENSG00000267881,auto_segment,auto_fine_42,chr19,41708657,41756737
CEACAM6,auto_segment,auto_fine_42,chr19,41750977,41772211
CEACAM3,auto_segment,auto_fine_42,chr19,41796587,41811554
LYPD4,auto_segment,auto_fine_42,chr19,41837074,41844697
DMRTC2,auto_segment,auto_fine_42,chr19,41844743,41852333
RPS19,auto_segment,auto_fine_42,chr19,41860255,41872925
CD79A,auto_segment,auto_fine_42,chr19,41877279,41881372
ARHGEF1,auto_segment,auto_fine_42,chr19,41883173,41930150
ERFL,auto_segment,auto_fine_42,chr19,41907704,41928449
RABAC1,auto_segment,auto_fine_42,chr19,41956681,41959321
ENSG00000285505,auto_segment,auto_fine_42,chr19,41956879,41994232
ATP1A3,auto_segment,auto_fine_42,chr19,41966582,41997497
GRIK5,auto_segment,auto_fine_42,chr19,41998321,42070206
ZNF574,auto_segment,auto_fine_42,chr19,42068477,42081552
POU2F2,auto_segment,auto_fine_42,chr19,42086110,42196585
DEDD2,auto_segment,auto_fine_42,chr19,42198598,42220140
ENSG00000288671,auto_segment,auto_fine_42,chr19,42215133,42232149
ZNF526,auto_segment,auto_fine_42,chr19,42220292,42228201
GSK3A,auto_segment,auto_fine_42,chr19,42226225,42242625
ENSG00000268643,auto_segment,auto_fine_42,chr19,42234583,42255132
ERF,auto_segment,auto_fine_42,chr19,42247569,42255128
CIC,auto_segment,auto_fine_42,chr19,42268537,42295797
PAFAH1B3,auto_segment,auto_fine_42,chr19,42297033,42303546
PRR19,auto_segment,auto_fine_42,chr19,42302098,42310814
TMEM145,auto_segment,auto_fine_42,chr19,42313309,42325064
MEGF8,auto_segment,auto_fine_42,chr19,42325609,42378769
CNFN,auto_segment,auto_fine_42,chr19,42387019,42390297
LIPE,auto_segment,auto_fine_42,chr19,42401514,42427388
CXCL17,auto_segment,auto_fine_42,chr19,42428278,42442946
CEACAM1,auto_segment,auto_fine_42,chr19,42507304,42561234
CEACAM8,auto_segment,auto_fine_42,chr19,42580243,42595055
PSG3,auto_segment,auto_fine_42,chr19,42721638,42740481
PSG8,auto_segment,auto_fine_42,chr19,42752686,42765678
PSG1,auto_segment,auto_fine_42,chr19,42866464,42879822
PSG6,auto_segment,auto_fine_42,chr19,42902086,42919563
PSG7,auto_segment,auto_fine_42,chr19,42924132,42937207
NOVA2,auto_segment,auto_fine_43,chr19,45933734,45974044
CCDC61,auto_segment,auto_fine_43,chr19,45995461,46021318
PGLYRP1,auto_segment,auto_fine_43,chr19,46019153,46023053
IGFL4,auto_segment,auto_fine_43,chr19,46039182,46077118
IGFL3,auto_segment,auto_fine_43,chr19,46120067,46124688
IGFL2,auto_segment,auto_fine_43,chr19,46143106,46161298
IGFL1,auto_segment,auto_fine_43,chr19,46229742,46231243
HIF3A,auto_segment,auto_fine_43,chr19,46297042,46343433
PPP5C,auto_segment,auto_fine_43,chr19,46347087,46392981
CCDC8,auto_segment,auto_fine_43,chr19,46410329,46413564
PNMA8C,auto_segment,auto_fine_43,chr19,46424697,46428936
PNMA8A,auto_segment,auto_fine_43,chr19,46466491,46471563
PNMA8B,auto_segment,auto_fine_43,chr19,46486906,46495879
CALM3,auto_segment,auto_fine_43,chr19,46601074,46610782
PTGIR,auto_segment,auto_fine_43,chr19,46620468,46625089
GNG8,auto_segment,auto_fine_43,chr19,46633953,46636541
DACT3,auto_segment,auto_fine_43,chr19,46647551,46661182
PRKD2,auto_segment,auto_fine_43,chr19,46674275,46717127
STRN4,auto_segment,auto_fine_43,chr19,46719511,46746994
FKRP,auto_segment,auto_fine_43,chr19,46746046,46776988
SLC1A5,auto_segment,auto_fine_43,chr19,46774883,46788594
AP2S1,auto_segment,auto_fine_43,chr19,46838136,46850846
ARHGAP35,auto_segment,auto_fine_43,chr19,46860997,47005077
NPAS1,auto_segment,auto_fine_43,chr19,47019837,47045775
TMEM160,auto_segment,auto_fine_43,chr19,47045909,47048624
ZC3H4,auto_segment,auto_fine_43,chr19,47064187,47113776
SAE1,auto_segment,auto_fine_43,chr19,47113274,47210636
BBC3,auto_segment,auto_fine_43,chr19,47220822,47232766
CCDC9,auto_segment,auto_fine_43,chr19,47255980,47273701
INAFM1,auto_segment,auto_fine_43,chr19,47274885,47275723
C5AR1,auto_segment,auto_fine_43,chr19,47290023,47322066
C5AR2,auto_segment,auto_fine_43,chr19,47332175,47347329
DHX34,auto_segment,auto_fine_43,chr19,47349315,47382704
MEIS3,auto_segment,auto_fine_43,chr19,47403124,47419527
SLC8A2,auto_segment,auto_fine_43,chr19,47428017,47471893
KPTN,auto_segment,auto_fine_43,chr19,47475150,47484265
NAPA,auto_segment,auto_fine_43,chr19,47487637,47515091
ZNF541,auto_segment,auto_fine_43,chr19,47520690,47573148
BICRA,auto_segment,auto_fine_43,chr19,47608196,47703277
EHD2,auto_segment,auto_fine_43,chr19,47713422,47743134
NOP53,auto_segment,auto_fine_43,chr19,47745546,47757058
SELENOW,auto_segment,auto_fine_43,chr19,47778677,47784686
TPRX1,auto_segment,auto_fine_43,chr19,47801232,47819051
CRX,auto_segment,auto_fine_43,chr19,47819779,47843330
TPRX2,auto_segment,auto_fine_43,chr19,47859235,47861721
SULT2A1,auto_segment,auto_fine_43,chr19,47870467,47886315
BSPH1,auto_segment,auto_fine_43,chr19,47968046,47992170
ELSPBP1,auto_segment,auto_fine_43,chr19,47994632,48025154
CABP5,auto_segment,auto_fine_43,chr19,48029383,48044079
PLA2G4C,auto_segment,auto_fine_43,chr19,48047843,48110817
LIG1,auto_segment,auto_fine_43,chr19,48115445,48170603
ZSWIM9,auto_segment,auto_fine_43,chr19,48170680,48197620
CARD8,auto_segment,auto_fine_43,chr19,48180770,48255946
ZNF114,auto_segment,auto_fine_43,chr19,48270081,48287608
ODAD1,auto_segment,auto_fine_43,chr19,48296457,48321971
EMP3,auto_segment,auto_fine_43,chr19,48321509,48330553
TGIF2,auto_segment,auto_fine_44,chr20,36573488,36593950
TGIF2-RAB5IF,auto_segment,auto_fine_44,chr20,36574553,36612384
RAB5IF,auto_segment,auto_fine_44,chr20,36605779,36612557
SLA2,auto_segment,auto_fine_44,chr20,36612318,36646196
NDRG3,auto_segment,auto_fine_44,chr20,36651766,36746090
DSN1,auto_segment,auto_fine_44,chr20,36751791,36773818
SOGA1,auto_segment,auto_fine_44,chr20,36777447,36863538
TLDC2,auto_segment,auto_fine_44,chr20,36876121,36894235
SAMHD1,auto_segment,auto_fine_44,chr20,36890229,36951893
RBL1,auto_segment,auto_fine_44,chr20,36996349,37095997
MROH8,auto_segment,auto_fine_44,chr20,37101226,37179588
RPN2,auto_segment,auto_fine_44,chr20,37178410,37241619
GHRH,auto_segment,auto_fine_44,chr20,37251086,37261819
MANBAL,auto_segment,auto_fine_44,chr20,37289649,37317260
SRC,auto_segment,auto_fine_44,chr20,37344685,37406050
BLCAP,auto_segment,auto_fine_44,chr20,37492472,37527931
NNAT,auto_segment,auto_fine_44,chr20,37521206,37523690
CTNNBL1,auto_segment,auto_fine_44,chr20,37693955,37872129
VSTM2L,auto_segment,auto_fine_44,chr20,37903111,37945350
TTI1,auto_segment,auto_fine_44,chr20,37983007,38033461
RPRD1B,auto_segment,auto_fine_44,chr20,38033725,38127780
TGM2,auto_segment,auto_fine_44,chr20,38127385,38166578
KIAA1755,auto_segment,auto_fine_44,chr20,38210503,38260772
BPI,auto_segment,auto_fine_44,chr20,38304150,38337505
LBP,auto_segment,auto_fine_44,chr20,38346482,38377013
RALGAPB,auto_segment,auto_fine_44,chr20,38472816,38578859
ADIG,auto_segment,auto_fine_44,chr20,38581195,38588463
ARHGAP40,auto_segment,auto_fine_44,chr20,38601809,38651035
SLC32A1,auto_segment,auto_fine_44,chr20,38724486,38729372
ACTR5,auto_segment,auto_fine_44,chr20,38748460,38772520
PPP1R16B,auto_segment,auto_fine_44,chr20,38805697,38923024
FAM83D,auto_segment,auto_fine_44,chr20,38926312,38953106
DHX35,auto_segment,auto_fine_44,chr20,38962299,39039723
MAFB,auto_segment,auto_fine_44,chr20,40685848,40689236
TOP1,auto_segment,auto_fine_44,chr20,41028822,41124487
PCK1,auto_segment,auto_fine_45,chr20,57561080,57568121
ZBP1,auto_segment,auto_fine_45,chr20,57603846,57620576
PMEPA1,auto_segment,auto_fine_45,chr20,57648392,57711536
C20orf85,auto_segment,auto_fine_45,chr20,58150902,58161150
ANKRD60,auto_segment,auto_fine_45,chr20,58216126,58228653
RAB22A,auto_segment,auto_fine_45,chr20,58309715,58367507
VAPB,auto_segment,auto_fine_45,chr20,58389229,58451101
APCDD1L,auto_segment,auto_fine_45,chr20,58459101,58515399
STX16,auto_segment,auto_fine_45,chr20,58651272,58679526
STX16-NPEPL1,auto_segment,auto_fine_45,chr20,58651434,58715410
NPEPL1,auto_segment,auto_fine_45,chr20,58689131,58719238
GNAS,auto_segment,auto_fine_45,chr20,58839718,58911192
NELFCD,auto_segment,auto_fine_45,chr20,58981208,58995133
CTSZ,auto_segment,auto_fine_45,chr20,58985686,59008238
TUBB1,auto_segment,auto_fine_45,chr20,59019429,59026654
ATP5F1E,auto_segment,auto_fine_45,chr20,59025475,59032345
PRELID3B,auto_segment,auto_fine_45,chr20,59033145,59042809
ZNF831,auto_segment,auto_fine_45,chr20,59123381,59259113
EDN3,auto_segment,auto_fine_45,chr20,59300443,59325992
PHACTR3,auto_segment,auto_fine_45,chr20,59577509,59847711
SYCP2,auto_segment,auto_fine_45,chr20,59863564,59933655
FAM217B,auto_segment,auto_fine_45,chr20,59933764,59948680
PPP1R3D,auto_segment,auto_fine_45,chr20,59936663,59940305
CDH26,auto_segment,auto_fine_45,chr20,59958423,60034011
CDH4,auto_segment,auto_fine_45,chr20,61252261,61940617
TAF4,auto_segment,auto_fine_45,chr20,61953469,62065881
LSM14B,auto_segment,auto_fine_45,chr20,62122461,62135374
PSMA7,auto_segment,auto_fine_45,chr20,62136733,62143440
SS18L1,auto_segment,auto_fine_45,chr20,62143769,62182514
MTG2,auto_segment,auto_fine_45,chr20,62183028,62203568
HRH3,auto_segment,auto_fine_45,chr20,62214960,62220278
OSBPL2,auto_segment,auto_fine_45,chr20,62231922,62296213
ADRM1,auto_segment,auto_fine_45,chr20,62302093,62308862
LAMA5,auto_segment,auto_fine_45,chr20,62307955,62367312
RPS21,auto_segment,auto_fine_45,chr20,62387103,62388520
CABLES2,auto_segment,auto_fine_45,chr20,62388634,62407285
RBBP8NL,auto_segment,auto_fine_45,chr20,62410237,62427539
GATA5,auto_segment,auto_fine_45,chr20,62463497,62475995
SLCO4A1,auto_segment,auto_fine_45,chr20,62642503,62685785
NTSR1,auto_segment,auto_fine_45,chr20,62708836,62762771
ACO2,auto_segment,auto_fine_46,chr22,41447830,41529273
PHF5A,auto_segment,auto_fine_46,chr22,41459717,41468692
POLR3H,auto_segment,auto_fine_46,chr22,41525799,41544606
CSDC2,auto_segment,auto_fine_46,chr22,41561010,41577741
PMM1,auto_segment,auto_fine_46,chr22,41576900,41589871
DESI1,auto_segment,auto_fine_46,chr22,41598028,41621043
XRCC6,auto_segment,auto_fine_46,chr22,41621163,41664048
SNU13,auto_segment,auto_fine_46,chr22,41673933,41690504
MEI1,auto_segment,auto_fine_46,chr22,41699503,41799456
CCDC134,auto_segment,auto_fine_46,chr22,41800679,41832164
SREBF2,auto_segment,auto_fine_46,chr22,41833105,41907306
SHISA8,auto_segment,auto_fine_46,chr22,41909543,41915074
TNFRSF13C,auto_segment,auto_fine_46,chr22,41922032,41926806
CENPM,auto_segment,auto_fine_46,chr22,41938737,41947152
SMIM45,auto_segment,auto_fine_46,chr22,41952150,41958939
SEPTIN3,auto_segment,auto_fine_46,chr22,41969443,41998221
WBP2NL,auto_segment,auto_fine_46,chr22,41998725,42058456
NAGA,auto_segment,auto_fine_46,chr22,42058334,42070842
PHETA2,auto_segment,auto_fine_46,chr22,42074248,42079438
SMDT1,auto_segment,auto_fine_46,chr22,42079691,42084284
NDUFA6,auto_segment,auto_fine_46,chr22,42085526,42090884
CYP2D6,auto_segment,auto_fine_46,chr22,42126499,42130865
CYP2D7,auto_segment,auto_fine_46,chr22,42140203,42149455
TCF20,auto_segment,auto_fine_46,chr22,42160013,42343616
NFAM1,auto_segment,auto_fine_46,chr22,42380407,42432403
RRP7A,auto_segment,auto_fine_46,chr22,42508344,42519796
SERHL2,auto_segment,auto_fine_46,chr22,42553617,42574382
POLDIP3,auto_segment,auto_fine_46,chr22,42583721,42614962
ENSG00000289517,auto_segment,auto_fine_46,chr22,42583836,42627688
CYB5R3,auto_segment,auto_fine_46,chr22,42615730,42720870
ATP5MGL,auto_segment,auto_fine_46,chr22,42639803,42640601
A4GALT,auto_segment,auto_fine_46,chr22,42692121,42721298
ARFGAP3,auto_segment,auto_fine_46,chr22,42796502,42858106
PACSIN2,auto_segment,auto_fine_46,chr22,42835412,43015149
TTLL1,auto_segment,auto_fine_46,chr22,43039516,43089419
BIK,auto_segment,auto_fine_46,chr22,43110750,43129712
MCAT,auto_segment,auto_fine_46,chr22,43132209,43143398
TSPO,auto_segment,auto_fine_46,chr22,43151547,43163242
TTLL12,auto_segment,auto_fine_46,chr22,43166622,43187134
SCUBE1,auto_segment,auto_fine_46,chr22,43197280,43343372
MPPED1,auto_segment,auto_fine_46,chr22,43411196,43507848
EFCAB6,auto_segment,auto_fine_46,chr22,43528744,43812337
SULT4A1,auto_segment,auto_fine_46,chr22,43824509,43862513
PNPLA5,auto_segment,auto_fine_46,chr22,43879678,43892013
PNPLA3,auto_segment,auto_fine_46,chr22,43923792,43964488
SAMM50,auto_segment,auto_fine_46,chr22,43955442,44010531
PARVB,auto_segment,auto_fine_46,chr22,43999211,44172939
PARVG,auto_segment,auto_fine_46,chr22,44172956,44219533
SHISAL1,auto_segment,auto_fine_46,chr22,44243665,44312951
RTL6,auto_segment,auto_fine_46,chr22,44492583,44498233
PRR5,auto_segment,auto_fine_46,chr22,44668547,44737681
PRR5-ARHGAP8,auto_segment,auto_fine_46,chr22,44702233,44862706
ARHGAP8,auto_segment,auto_fine_46,chr22,44752558,44862788
