gene_name,found,mean_counts_patient,mean_counts_ref,pct_expr_patient,pct_expr_ref,log2fc_patient_vs_ref,chrom,start,end
TYW1B,True,0.03700000047683716,0.020625000819563866,0.03525,0.0205,0.0446774967424858,chr7,72558744,72828200
POM121,True,0.2356249988079071,0.1496250033378601,0.195375,0.132375,0.17936334650723215,chr7,72879349,72951440
TRIM74,True,0.0002500000118743628,0.0,0.00025,0.0,0.0007211672778991771,chr7,72959485,72969466
SPDYE8,True,0.0,0.0,0.0,0.0,0.0,chr7,73019719,73029766
SPDYE11,True,0.0,0.0,0.0,0.0,0.0,chr7,73047862,73057911
SPDYE9,True,0.0,0.0,0.0,0.0,0.0,chr7,73075972,73086038
SPDYE10,False,,,,,,chr7,73104008,73155431
NSUN5,True,0.05537499859929085,0.045249998569488525,0.052125,0.0435,0.02654437151567553,chr7,73302516,73308826
TRIM50,True,0.0,0.0,0.0,0.0,0.0,chr7,73312536,73328082
FKBP6,True,0.0,0.0,0.0,0.0,0.0,chr7,73328161,73358637
FZD9,True,0.017124999314546585,0.010250000283122063,0.0165,0.01025,0.01930877248960609,chr7,73433778,73436120
BAZ1B,True,0.44462499022483826,0.31575000286102295,0.313,0.2515,0.21161461537438303,chr7,73440406,73522293
BCL7B,True,0.19587500393390656,0.17787499725818634,0.174625,0.158,0.03780892684173462,chr7,73536356,73557690
TBL2,True,0.07474999874830246,0.04724999889731407,0.068625,0.04525,0.07073451130228554,chr7,73567537,73578791
MLXIPL,True,0.0032500000670552254,0.005249999929219484,0.003125,0.00525,-0.005722149064057416,chr7,73593194,73624543
VPS37D,True,0.24650000035762787,0.21950000524520874,0.211875,0.192375,0.05314756356804467,chr7,73667831,73672112
DNAJC30,True,0.10275000333786011,0.07575000077486038,0.097,0.07175,0.0661172458573011,chr7,73680918,73683453
BUD23,True,0.4727500081062317,0.38337498903274536,0.347125,0.304125,0.13904310124189911,chr7,73683597,73698212
STX1A,True,0.16300000250339508,0.19037500023841858,0.1415,0.164875,-0.058371347009290295,chr7,73699206,73719672
ABHD11,True,0.04075000062584877,0.04287499934434891,0.03825,0.041625,-0.005658284079780971,chr7,73736094,73738852
CLDN3,True,0.0010000000474974513,0.0022499999031424522,0.00075,0.002,-0.0035950551230885526,chr7,73768997,73770270
CLDN4,True,0.0002500000118743628,0.0001250000059371814,0.00025,0.000125,0.00036053857725762385,chr7,73799542,73832690
METTL27,True,0.0005000000237487257,0.0024999999441206455,0.0005,0.0025,-0.005753527001409957,chr7,73834590,73842516
TMEM270,True,0.0,0.0,0.0,0.0,0.0,chr7,73861159,73865890
ELN,True,0.011374999769032001,0.0036249998956918716,0.01075,0.003625,0.02203173138664251,chr7,74027789,74069907
LIMK1,True,0.10337500274181366,0.10762500017881393,0.09575,0.098625,-0.010126301212748394,chr7,74082933,74122525
EIF4H,True,0.6323750019073486,0.4857499897480011,0.42675,0.3625,0.20005811060830483,chr7,74174231,74197122
LAT2,True,0.0020000000949949026,0.001500000013038516,0.002,0.0015,0.0014376635740878654,chr7,74199652,74229834
RFC2,True,0.15812499821186066,0.11424999684095383,0.12875,0.101625,0.09953567705076483,chr7,74231499,74254458
CLIP2,True,0.13462500274181366,0.12387499958276749,0.117625,0.11075,0.024647363425943515,chr7,74289407,74405935
GTF2IRD1,True,0.09399999678134918,0.08312500268220901,0.089625,0.0775,0.026657740608264983,chr7,74453790,74602605
GTF2I,True,2.6616249084472656,2.086250066757202,0.812125,0.776375,0.28980444083906415,chr7,74650231,74760692
NCF1,True,0.001500000013038516,0.0001250000059371814,0.00125,0.000125,0.003960977286960682,chr7,74774011,74789315
ENSG00000289346,False,,,,,,chr7,74796150,74890585
GTF2IRD2,True,0.07975000143051147,0.05037499964237213,0.074625,0.04825,0.07501598020635428,chr7,74796151,74851605
FADS2,True,0.628000020980835,0.5377500057220459,0.410375,0.377625,0.1203081546744873,chr11,61792980,61867354
FADS1,True,0.9157500267028809,0.9011250138282776,0.496375,0.51775,0.014980872657020418,chr11,61799627,61829318
FADS3,True,0.042500000447034836,0.07362499833106995,0.039875,0.067375,-0.08048475869416954,chr11,61873519,61892051
RAB3IL1,True,0.0017500000540167093,0.0017500000540167093,0.00175,0.00175,0.0,chr11,61897301,61920269
BEST1,True,0.01549999974668026,0.016124999150633812,0.015125,0.0155,-0.001748084142832244,chr11,61950063,61965515
FTH1,True,10.862625122070312,11.260499954223633,0.937875,0.971375,-0.04965321126594832,chr11,61959718,61967634
INCENP,True,0.03187499940395355,0.02775000035762787,0.0275,0.025625,0.011232550631773917,chr11,62123998,62153169
SCGB1D1,True,0.0,0.0,0.0,0.0,0.0,chr11,62190216,62193539
SCGB2A1,True,0.0001250000059371814,0.0002500000118743628,0.000125,0.00025,-0.000360538577257549,chr11,62208673,62213943
SCGB1D2,True,0.0,0.0,0.0,0.0,0.0,chr11,62242239,62244812
SCGB2A2,True,0.0001250000059371814,0.0,0.000125,0.0,0.0003606287006416438,chr11,62270158,62273160
SCGB1D4,True,0.0,0.0001250000059371814,0.0,0.000125,-0.00036062870064157426,chr11,62296281,62299075
ASRGL1,True,0.3466250002384186,0.30162501335144043,0.26225,0.241625,0.07879556495932247,chr11,62337448,62393412
SCGB1A1,True,0.0021250001154839993,0.0032500000670552254,0.002125,0.00325,-0.0032287107362977924,chr11,62405103,62423195
AHNAK,True,0.023499999195337296,0.010874999687075615,0.020375,0.009875,0.03521919757629719,chr11,62433542,62556235
EEF1G,True,0.14499999582767487,0.10887499898672104,0.131,0.099125,0.08315307553868388,chr11,62559596,62574086
ENSG00000255508,True,0.0001250000059371814,0.0002500000118743628,0.000125,0.00025,-0.000360538577257549,chr11,62559603,62591531
TUT1,True,0.0494999997317791,0.03375000134110451,0.047,0.032875,0.04195531211224574,chr11,62575045,62591637
MTA2,True,0.13050000369548798,0.1236250028014183,0.11525,0.114125,0.015817608294916435,chr11,62593214,62601865
EML3,True,0.0044999998062849045,0.0036249998956918716,0.00425,0.003625,0.002504368702604106,chr11,62602218,62612775
ROM1,True,0.0062500000931322575,0.005625000223517418,0.00625,0.0055,0.001782204969654741,chr11,62611722,62615116
B3GAT3,True,0.21462500095367432,0.21799999475479126,0.178875,0.191375,-0.0067974464246796755,chr11,62615296,62622154
GANAB,True,0.15062500536441803,0.11037500202655792,0.13525,0.101375,0.09213039265435488,chr11,62624826,62646726
INTS5,True,0.060874998569488525,0.04800000041723251,0.058375,0.0465,0.03350338093779598,chr11,62646848,62653302
ENSG00000255432,True,0.0,0.0,0.0,0.0,0.0,chr11,62649694,62665178
C11orf98,True,0.0338749997317791,0.026499999687075615,0.032375,0.025875,0.020068461749072473,chr11,62662817,62665210
LBHD1,True,0.004000000189989805,0.002374999923631549,0.004,0.002375,0.004659062204326379,chr11,62662817,62672267
CSKMT,True,0.16312499344348907,0.09025000035762787,0.136875,0.079125,0.16795469443501868,chr11,62665309,62668496
UQCC3,True,0.25699999928474426,0.1873749941587448,0.212375,0.16225,0.13919592962145294,chr11,62670273,62673686
UBXN1,True,1.6301250457763672,1.4809999465942383,0.69275,0.686375,0.10470928283854061,chr11,62676498,62679117
LRRN4CL,True,0.0011249999515712261,0.0013749999925494194,0.001,0.001375,-0.0007195487817216411,chr11,62686406,62689530
BSCL2,True,0.05824999883770943,0.04574999958276749,0.055375,0.044125,0.032671118930913005,chr11,62689289,62709845
HNRNPUL2-BSCL2,True,0.0,0.0002500000118743628,0.0,0.00025,-0.0007211672778992085,chr11,62690275,62727384
GNG3,True,0.44225001335144043,0.5441250205039978,0.286375,0.360875,-0.148112650928827,chr11,62707676,62709201
HNRNPUL2,True,0.14937500655651093,0.10212499648332596,0.13225,0.094875,0.10898884819695269,chr11,62712630,62727457
TTC9C,True,0.1873749941587448,0.1523749977350235,0.161125,0.137625,0.07539587738950493,chr11,62728069,62740293
ZBTB3,True,0.020874999463558197,0.017124999314546585,0.020625,0.01675,0.01042414289390499,chr11,62748319,62754184
POLR2G,True,0.359250009059906,0.22062499821186066,0.282625,0.188875,0.2538292626247601,chr11,62761565,62766710
TAF6L,True,0.07524999976158142,0.0728750005364418,0.0705,0.06925,0.005968695900892596,chr11,62771357,62787342
TMEM223,True,0.13075000047683716,0.10212499648332596,0.118375,0.094,0.0670052919059497,chr11,62771629,62792006
TMEM179B,True,0.1289999932050705,0.09925000369548798,0.114625,0.092625,0.06990198874819138,chr11,62787402,62790400
NXF1,True,0.08187499642372131,0.0703750029206276,0.076625,0.067125,0.02879849774613718,chr11,62792123,62806302
STX5,True,0.17499999701976776,0.1613750010728836,0.155875,0.1445,0.02941898082078395,chr11,62806860,62832051
TEX54,True,0.0,0.0,0.0,0.0,0.0,chr11,62832321,62832841
WDR74,True,0.27924999594688416,0.19875000417232513,0.2185,0.1745,0.15730985577640488,chr11,62832342,62841809
SLC3A2,True,0.7247499823570251,0.515999972820282,0.424125,0.3525,0.269586907322664,chr11,62856004,62888880
CHRM1,True,0.017249999567866325,0.03462500125169754,0.0165,0.0325,-0.047665566599343734,chr11,62908679,62921807
SLC22A6,True,0.0,0.0001250000059371814,0.0,0.000125,-0.00036062870064157426,chr11,62936385,62984967
SLC22A8,True,0.0,0.0001250000059371814,0.0,0.000125,-0.00036062870064157426,chr11,62989154,63015841
SLC22A24,True,0.0,0.0,0.0,0.0,0.0,chr11,63079940,63144221
SLC22A25,True,0.0,0.0,0.0,0.0,0.0,chr11,63158437,63243599
SLC22A10,True,0.0,0.0,0.0,0.0,0.0,chr11,63268022,63311783
SLC22A9,True,0.0001250000059371814,0.0002500000118743628,0.000125,0.000125,-0.000360538577257549,chr11,63369785,63410294
PLAAT5,True,0.0002500000118743628,0.0001250000059371814,0.00025,0.000125,0.00036053857725762385,chr11,63461404,63491194
LGALS12,True,0.0,0.0,0.0,0.0,0.0,chr11,63506052,63516774
PLAAT4,True,0.0011249999515712261,0.0001250000059371814,0.000375,0.000125,0.002881788648619719,chr11,63536808,63546462
PLAAT2,True,0.0,0.0,0.0,0.0,0.0,chr11,63552770,63563379
PLAAT3,True,0.002624999964609742,0.005249999929219484,0.002375,0.004375,-0.007514985478848948,chr11,63573195,63616883
ATL3,True,0.032875001430511475,0.023749999701976776,0.031625,0.023125,0.024918816071080013,chr11,63624087,63671921
RTN3,True,2.5999999046325684,2.3022499084472656,0.81375,0.817,0.1456825481103775,chr11,63681446,63759891
ZFTA,False,,,,,,chr11,63759892,63768775
SPINDOC,True,0.08500000089406967,0.0689999982714653,0.078625,0.064,0.04000797875177679,chr11,63813456,63827716
MARK2,True,0.203125,0.16962499916553497,0.1695,0.14675,0.07042780206996226,chr11,63838928,63911020
RCOR2,True,0.5867499709129333,0.5102499723434448,0.384125,0.352125,0.1053077449757738,chr11,63911230,63917164
NAA40,True,0.15937499701976776,0.12200000137090683,0.1415,0.111,0.08418459865089464,chr11,63938959,63957319
COX8A,True,2.359375,2.102375030517578,0.756,0.76975,0.13587095321523227,chr11,63974620,63976543
OTUB1,True,0.31062498688697815,0.24025000631809235,0.255,0.20575,0.13102204831033026,chr11,63985853,64001811
MACROD1,True,0.10762500017881393,0.08962500095367432,0.096125,0.08175,0.04338353135009451,chr11,63998558,64166113
FLRT1,True,0.0442500002682209,0.04650000110268593,0.04175,0.044875,-0.0059519956836592315,chr11,64035931,64119173
STIP1,True,0.6466249823570251,0.5696250200271606,0.42475,0.39375,0.10028849994749434,chr11,64185272,64204543
FERMT3,True,0.005625000223517418,0.0024999999441206455,0.005625,0.0025,0.008944202049240641,chr11,64205926,64223896
TRPT1,True,0.19875000417232513,0.21712499856948853,0.169875,0.186,-0.03744822342903182,chr11,64223799,64226254
NUDT22,True,0.10487499833106995,0.10575000196695328,0.09375,0.097875,-0.002085474239762329,chr11,64225941,64230686
DNAJC4,True,0.13375000655651093,0.1313749998807907,0.1205,0.11875,0.005416720657409989,chr11,64230278,64234286
VEGFB,True,0.2006250023841858,0.22750000655651093,0.1595,0.185875,-0.054304788195575236,chr11,64234584,64239264
FKBP2,True,0.05362499877810478,0.04075000062584877,0.0515,0.03975,0.03394732706945841,chr11,64241003,64244132
ENSG00000286264,True,0.002624999964609742,0.0017500000540167093,0.002625,0.00175,0.00251371918084619,chr11,64241095,64244132
PPP1R14B,True,3.164750099182129,3.4045000076293945,0.795875,0.859875,-0.09142299153778516,chr11,64244479,64246943
PLCB3,True,0.03312499821186066,0.042249999940395355,0.03175,0.040125,-0.024484316146941215,chr11,64251530,64269150
BAD,True,0.46812498569488525,0.5073750019073486,0.3355,0.366125,-0.05733561826064924,chr11,64269830,64284704
GPR137,True,0.13224999606609344,0.12274999916553497,0.11775,0.110125,0.021842008379011117,chr11,64270062,64289494
KCNK4,True,0.0001250000059371814,0.0001250000059371814,0.000125,0.000125,0.0,chr11,64291302,64300031
CATSPERZ,True,0.0,0.0,0.0,0.0,0.0,chr11,64300358,64304770
ESRRA,True,0.14662499725818634,0.12787500023841858,0.127125,0.118125,0.0424519098667983,chr11,64305497,64316743
TRMT112,True,1.156999945640564,0.8082500100135803,0.565875,0.487625,0.3409352852351279,chr11,64316460,64317559
PRDX5,True,3.817125082015991,3.2894999980926514,0.825375,0.847,0.18806338730696492,chr11,64318121,64321811
CCDC88B,True,0.013124999590218067,0.013875000178813934,0.012625,0.013625,-0.002107151552924367,chr11,64340204,64357534
RPS6KA4,True,0.016875000670552254,0.011250000447034836,0.01625,0.01125,0.015786486839676653,chr11,64359148,64372215
SLC22A11,True,0.000375000003259629,0.0001250000059371814,0.000375,0.000125,0.0007209870342079583,chr11,64555690,64572875
SLC22A12,True,0.0,0.0,0.0,0.0,0.0,chr11,64590641,64602353
NRXN2,True,0.45500001311302185,0.3382500112056732,0.325,0.266375,0.1881201556529903,chr11,64606174,64723197
RASGRP2,True,0.025875000283122063,0.038874998688697815,0.023875,0.036375,-0.03523074012231668,chr11,64726911,64745456
PYGM,True,0.000750000006519258,0.0006249999860301614,0.00075,0.000625,0.0003601785756758403,chr11,64746389,64759974
SF1,True,0.7948750257492065,0.49024999141693115,0.4865,0.357125,0.38694817486327276,chr11,64764606,64778786
MAP4K2,True,0.03674999997019768,0.04012500122189522,0.03475,0.038375,-0.00904304307479422,chr11,64784918,64803241
MEN1,True,0.11699999868869781,0.10374999791383743,0.107375,0.095875,0.031319207345145636,chr11,64803510,64811294
CDC42BPG,True,0.000375000003259629,0.0013749999925494194,0.000375,0.001375,-0.002880350396133397,chr11,64823052,64844653
EHD1,True,0.12162499874830246,0.11400000005960464,0.109625,0.10525,0.017805867387535812,chr11,64851642,64888296
ATG2A,True,0.05012499913573265,0.039124999195337296,0.047,0.037625,0.029139655546788983,chr11,64894546,64917209
PPP2R5B,True,0.16775000095367432,0.14512500166893005,0.13925,0.130125,0.04972934367927002,chr11,64917553,64934475
GPHA2,True,0.0012499999720603228,0.0002500000118743628,0.00125,0.00025,0.002881069321880716,chr11,64934471,64935893
MAJIN,True,0.0,0.0,0.0,0.0,0.0,chr11,64937517,64972108
BATF2,True,0.0,0.0,0.0,0.0,0.0,chr11,64987945,64997018
ARL2,True,0.5522500276565552,0.4586249887943268,0.375625,0.333875,0.13443909482968935,chr11,65014160,65022184
ARL2-SNX15,True,0.0002500000118743628,0.0,0.00025,0.0,0.0007211672778991771,chr11,65014182,65040570
SNX15,True,0.0063749998807907104,0.004124999977648258,0.006125,0.004125,0.006424679004891325,chr11,65027439,65040572
SAC3D1,True,0.3316250145435333,0.3072499930858612,0.262125,0.255875,0.04291763035489605,chr11,65040901,65044828
NAALADL1,True,0.0,0.0001250000059371814,0.0,0.000125,-0.00036062870064157426,chr11,65044818,65058553
CDCA5,True,0.022749999538064003,0.013624999672174454,0.01825,0.012125,0.025405731067875973,chr11,65066300,65084164
ZFPL1,True,0.18050000071525574,0.14350000023841858,0.156,0.130125,0.08065501426514929,chr11,65084210,65088398
TMEM262,True,0.000750000006519258,0.0006249999860301614,0.00075,0.000625,0.0003601785756758403,chr11,65084979,65089375
VPS51,True,0.28312501311302185,0.17800000309944153,0.234875,0.1575,0.20795734863485382,chr11,65089324,65111862
TM7SF2,True,0.8044999837875366,0.9076250195503235,0.4575,0.513125,-0.10976613609813836,chr11,65111845,65116384
ZNHIT2,True,0.046875,0.03312499821186066,0.045125,0.032,0.036737280240303254,chr11,65116403,65117701
FAU,True,8.541000366210938,6.466125011444092,0.922875,0.951625,0.37612604919445025,chr11,65120630,65122177
SYVN1,True,0.0742499977350235,0.06487499922513962,0.070375,0.062125,0.02374729599559262,chr11,65121780,65134532
MRPL49,True,0.2188750058412552,0.1548749953508377,0.188375,0.138625,0.13452139768508192,chr11,65122183,65127371
SPDYC,True,0.0,0.0,0.0,0.0,0.0,chr11,65170233,65173374
CAPN1,True,0.10112500190734863,0.16762499511241913,0.09,0.149,-0.15137294287705885,chr11,65180566,65212006
POLA2,True,0.0215000007301569,0.010999999940395355,0.020125,0.01075,0.029343963770355187,chr11,65261913,65305959
ENSG00000285816,True,0.0018749999580904841,0.0012499999720603228,0.001875,0.00125,0.001797751022336563,chr11,65261928,65326543
CDC42EP2,True,0.0002500000118743628,0.0005000000237487257,0.00025,0.0005,-0.0007208069644631884,chr11,65314866,65322417
DPF2,True,0.3903749883174896,0.31587499380111694,0.30625,0.2565,0.1260649430175761,chr11,65333843,65354262
TIGD3,True,0.05062500014901161,0.0416250005364418,0.04875,0.039375,0.023775781497444273,chr11,65354751,65357613
SLC25A45,True,0.0006249999860301614,0.000375000003259629,0.000625,0.000375,0.0007206268588778031,chr11,65375192,65383701
FRMD8,True,0.026750000193715096,0.023250000551342964,0.025875,0.02275,0.009618001572003257,chr11,65386621,65413525
SCYL1,True,0.12312500178813934,0.13574999570846558,0.11275,0.12275,-0.028937943525849257,chr11,65525077,65538704
LTBP3,True,0.1172500029206276,0.08775000274181366,0.105625,0.080875,0.07065229758605332,chr11,65538559,65558930
ZNRD2,True,0.1703750044107437,0.1496250033378601,0.14325,0.1325,0.04536119643517388,chr11,65570460,65573942
FAM89B,True,1.1944999694824219,1.237625002861023,0.559875,0.61275,-0.036257156649105574,chr11,65572349,65574198
EHBP1L1,True,0.06812500208616257,0.045249998569488525,0.063,0.043375,0.05929053352335207,chr11,65576046,65592650
KCNK7,True,0.001500000013038516,0.000750000006519258,0.0015,0.00075,0.0021591848181992082,chr11,65592836,65595996
MAP3K11,True,0.08275000005960464,0.05274999886751175,0.0745,0.04925,0.07624998241603202,chr11,65597756,65615382
PCNX3,True,0.06962499767541885,0.05112500116229057,0.0645,0.04875,0.04763288467744178,chr11,65615776,65637439
SIPA1,True,0.04762500151991844,0.06925000250339508,0.044375,0.063875,-0.05587407915406171,chr11,65638101,65650918
RELA,True,0.11312499642372131,0.09775000065565109,0.10425,0.091625,0.03663899639747807,chr11,65653599,65663090
KAT5,True,0.16574999690055847,0.13062499463558197,0.1465,0.118875,0.07819816477263622,chr11,65711996,65719604
RNASEH2C,True,0.2915000021457672,0.2252500057220459,0.225125,0.186875,0.12611095246783688,chr11,65714005,65720818
AP5B1,True,0.024125000461935997,0.025624999776482582,0.023375,0.02475,-0.004122968411108545,chr11,65773898,65780976
OVOL1,True,0.0,0.0001250000059371814,0.0,0.000125,-0.00036062870064157426,chr11,65787063,65797214
CFL1,True,7.585124969482422,7.687250137329102,0.9075,0.95125,-0.01810890010786409,chr11,65823022,65862026
SNX32,True,0.07512500137090683,0.08699999749660492,0.0675,0.080125,-0.029484942415200624,chr11,65833834,65856896
MUS81,True,0.20487500727176666,0.1772499978542328,0.178,0.1565,0.05767896886573138,chr11,65857126,65867653
EFEMP2,True,0.007625000085681677,0.012125000357627869,0.007375,0.012,-0.012732866319928983,chr11,65866441,65873592
CTSW,True,0.0001250000059371814,0.0,0.000125,0.0,0.0003606287006416438,chr11,65879809,65883741
FIBP,True,0.8393750190734863,0.812375009059906,0.47675,0.490125,0.0293799387792776,chr11,65883740,65888531
CCDC85B,True,0.5818750262260437,0.5868750214576721,0.395,0.40475,-0.006652201449625513,chr11,65890673,65891635
FOSL1,True,0.0010000000474974513,0.000375000003259629,0.001,0.000375,0.0018008929350466956,chr11,65892049,65900573
C11orf68,True,0.13050000369548798,0.12462499737739563,0.11875,0.116,0.013506072105683102,chr11,65916810,65919062
DRAP1,True,1.3212499618530273,1.3133749961853027,0.6185,0.638875,0.006251644571363724,chr11,65919274,65921563
TSGA10IP,True,0.0001250000059371814,0.0,0.000125,0.0,0.0003606287006416438,chr11,65945480,65959966
SART1,True,0.14775000512599945,0.10087499767541885,0.132875,0.093125,0.10837222904032892,chr11,65961728,65980137
EIF1AD,True,0.08262500166893005,0.08287499845027924,0.07625,0.0785,-0.0006189088325785627,chr11,65996545,66002176
BANF1,True,1.3081250190734863,1.0072499513626099,0.61875,0.562875,0.2625757505521157,chr11,66002228,66004149
CST6,True,0.0001250000059371814,0.0001250000059371814,0.000125,0.000125,0.0,chr11,66012008,66013505
CATSPER1,True,0.0002500000118743628,0.000375000003259629,0.00025,0.000375,-0.00036044845695056536,chr11,66016752,66026479
GAL3ST3,True,0.06825000047683716,0.07824999839067459,0.063625,0.074625,-0.02516757659257101,chr11,66040765,66049161
SF3B2,True,0.7761250138282776,0.6812499761581421,0.482375,0.456375,0.11145536744237804,chr11,66050729,66069308
PACS1,True,0.14612500369548798,0.15549999475479126,0.124875,0.133875,-0.020782463479988713,chr11,66070272,66244744
KLC2,True,0.1626249998807907,0.2046249955892563,0.14225,0.172375,-0.08866301809714268,chr11,66257294,66267860
RAB1B,True,0.22200000286102295,0.17387500405311584,0.189125,0.15325,0.09951782969565581,chr11,66268590,66277492
CNIH2,True,0.987375020980835,1.3197499513626099,0.464125,0.59725,-0.29097177705701804,chr11,66278175,66285301
YIF1A,True,0.3840000033378601,0.28325000405311584,0.29175,0.230625,0.1745735030022189,chr11,66284580,66289145
TMEM151A,True,0.026499999687075615,0.05999999865889549,0.02525,0.0555,-0.08899329332170433,chr11,66291894,66296664
CD248,True,0.0018749999580904841,0.0020000000949949026,0.001875,0.002,-0.00035928193957398934,chr11,66314494,66317044
RIN1,True,0.006624999921768904,0.0031250000465661287,0.00625,0.003125,0.010001391801196587,chr11,66330241,66336840
BRMS1,True,0.17499999701976776,0.14662499725818634,0.155,0.13275,0.06195821548201323,chr11,66337333,66345125
B4GAT1,True,0.29762500524520874,0.29499998688697815,0.24275,0.241875,0.004755801793663497,chr11,66345374,66347629
SLC29A2,True,0.0351249985396862,0.05225000157952309,0.033,0.0495,-0.04544559122169374,chr11,66362521,66372214
NPAS4,True,0.012875000014901161,0.0035000001080334187,0.011375,0.003125,0.02661547061811499,chr11,66421035,66426707
MRPL11,True,0.4126250147819519,0.273250013589859,0.304875,0.226625,0.2390872445003503,chr11,66435075,66466738
PELI3,True,0.03099999949336052,0.032249998301267624,0.029625,0.03075,-0.0033921804201349067,chr11,66466327,66477337
DPP3,True,0.07637500017881393,0.05249999836087227,0.0725,0.049875,0.061033300860824924,chr11,66480013,66509657
ENSG00000256349,True,0.0,0.0,0.0,0.0,0.0,chr11,66509079,66533613
BBS1,True,0.010874999687075615,0.00925000011920929,0.01075,0.00925,0.0045962618333646,chr11,66510606,66533613
ZDHHC24,True,0.054249998182058334,0.06024999916553497,0.051625,0.05725,-0.015533881226306336,chr11,66520637,66546235
ACTN3,True,0.0,0.0002500000118743628,0.0,0.00025,-0.0007211672778992085,chr11,66546395,66563334
CTSF,True,0.013000000268220901,0.04712500050663948,0.01275,0.04525,-0.09291165361362327,chr11,66563464,66568879
CCDC87,True,0.0016250000335276127,0.0022499999031424522,0.001625,0.00225,-0.0017964075786499295,chr11,66590176,66593063
CCS,True,0.2213750034570694,0.2523750066757202,0.18325,0.210625,-0.06070249161706742,chr11,66593153,66606019
RBM14,True,0.1264999955892563,0.0925000011920929,0.113875,0.087375,0.08049934247658212,chr11,66616626,66629934
RBM14-RBM4,True,0.012625000439584255,0.010374999605119228,0.012375,0.010375,0.0063461784554231255,chr11,66616626,66646469
RBM4,True,0.37299999594688416,0.29899999499320984,0.29475,0.2485,0.1277861530437886,chr11,66638667,66668374
RBM4B,True,0.2617500126361847,0.18587499856948853,0.220625,0.16625,0.15137195115755142,chr11,66664998,66677887
SPTBN2,True,0.16637499630451202,0.15687499940395355,0.144,0.13925,0.020715411208697354,chr11,66682497,66744670
C11orf80,True,0.07175000011920929,0.0625,0.066375,0.05875,0.0235313646080736,chr11,66744451,66843516
RCE1,True,0.07262499630451202,0.06624999642372131,0.070375,0.064,0.01615151238550891,chr11,66842835,66846552
PC,True,0.03462500125169754,0.035624999552965164,0.0335,0.0345,-0.0026959925417212927,chr11,66848417,66958386
LRFN4,True,0.2370000034570694,0.21799999475479126,0.1965,0.18875,0.03768079257864081,chr11,66856647,66860475
C11orf86,True,0.0,0.0001250000059371814,0.0,0.000125,-0.00036062870064157426,chr11,66975277,66977009
SYT12,True,0.003000000026077032,0.0028750000055879354,0.002875,0.002875,0.00035856723865930685,chr11,67006778,67050863
RHOD,True,0.0010000000474974513,0.0005000000237487257,0.0005,0.000375,0.0014405344275341318,chr11,67056847,67072017
KDM2A,True,0.2997500002384186,0.2058749943971634,0.245875,0.1775,0.18013637301577293,chr11,67119263,67258082
GRK2,True,0.16850000619888306,0.16249999403953552,0.148875,0.144375,0.013007132113109391,chr11,67266473,67286556
ANKRD13D,True,0.1811250001192093,0.19875000417232513,0.159625,0.171375,-0.036856800516042926,chr11,67289300,67302485
SSH3,True,0.0018749999580904841,0.0028750000055879354,0.001875,0.002875,-0.002871750357458032,chr11,67303478,67312607
RAD9A,True,0.052000001072883606,0.045125000178813934,0.049125,0.043625,0.018081184027389768,chr11,67317871,67398410
POLD4,True,0.018124999478459358,0.013000000268220901,0.01775,0.013,0.014341368569543014,chr11,67350772,67356972
ENSG00000256514,True,0.0,0.0,0.0,0.0,0.0,chr11,67351572,67373584
CLCF1,True,0.0006249999860301614,0.000750000006519258,0.000625,0.00075,-0.00036017857567583817,chr11,67364168,67374177
PPP1CA,True,0.2711249887943268,0.23499999940395355,0.222875,0.20325,0.06922047141209277,chr11,67398181,67421183
TBC1D10C,True,0.0,0.0001250000059371814,0.0,0.000125,-0.00036062870064157426,chr11,67403915,67410089
CARNS1,True,0.0001250000059371814,0.0,0.000125,0.0,0.0003606287006416438,chr11,67414968,67425607
RPS6KB2,True,0.14249999821186066,0.11962500214576721,0.130875,0.108375,0.05230109159968795,chr11,67428460,67435401
PTPRCAP,True,0.0,0.0,0.0,0.0,0.0,chr11,67435510,67437682
CORO1B,True,0.11287499964237213,0.12812499701976776,0.102625,0.1165,-0.035458828664735875,chr11,67435510,67443821
GPR152,True,0.0,0.0,0.0,0.0,0.0,chr11,67451301,67452729
CABP4,True,0.0008750000270083547,0.0012499999720603228,0.000875,0.00125,-0.0010797267532753594,chr11,67452406,67461752
TMEM134,True,0.17624999582767487,0.14900000393390656,0.15775,0.132,0.0593381930690231,chr11,67461710,67469272
AIP,True,0.3856250047683716,0.3174999952316284,0.301,0.257,0.1154772336027307,chr11,67468174,67491154
PITPNM1,True,0.048250000923871994,0.05274999886751175,0.04475,0.049875,-0.01179320775567473,chr11,67491768,67506263
CDK2AP2,True,0.15974999964237213,0.14537499845027924,0.136125,0.129125,0.03178175524717586,chr11,67506497,67508649
CABP2,True,0.0,0.0,0.0,0.0,0.0,chr11,67518912,67524517
GSTP1,True,3.0878748893737793,2.749500036239624,0.768375,0.80525,0.14291181971137965,chr11,67583742,67586656
NDUFV1,True,0.4388749897480011,0.5418750047683716,0.324125,0.38325,-0.15017722341590317,chr11,67605653,67612554
NUDT8,True,0.020999999716877937,0.027249999344348907,0.019625,0.026375,-0.017203816505138997,chr11,67627938,67629937
TBX10,True,0.0,0.0,0.0,0.0,0.0,chr11,67631303,67639763
ACY3,True,0.0002500000118743628,0.0,0.00025,0.0,0.0007211672778991771,chr11,67642555,67650730
ALDH3B2,True,0.0,0.0,0.0,0.0,0.0,chr11,67662155,67681224
UNC93B1,True,0.0031250000465661287,0.0012499999720603228,0.003125,0.00125,0.005386546761001627,chr11,67991100,68004982
ALDH3B1,True,0.0022499999031424522,0.0018749999580904841,0.00225,0.00175,0.0010775761708687929,chr11,68008578,68029282
NDUFS8,True,1.0922499895095825,1.0502500534057617,0.58025,0.584,0.03856592327432712,chr11,68030617,68036644
TCIRG1,True,0.0021250001154839993,0.0011249999515712261,0.002125,0.001125,0.002876044365924563,chr11,68039025,68050895
CHKA,True,0.25462499260902405,0.2512499988079071,0.20925,0.205625,0.00646679837336644,chr11,68052859,68121444
KMT5B,True,0.5590000152587891,0.47075000405311584,0.37975,0.335625,0.12553089684758523,chr11,68154863,68213852
C11orf24,True,0.08900000154972076,0.04324999824166298,0.08325,0.041375,0.11665137311463014,chr11,68261338,68272001
LRP5,True,0.06812500208616257,0.06537500023841858,0.0635,0.061125,0.007000303139269359,chr11,68312591,68449275
PPP6R3,True,0.23999999463558197,0.21112500131130219,0.203625,0.18425,0.057422081702842,chr11,68460731,68615334
GAL,True,0.0,0.0010000000474974513,0.0,0.000875,-0.00288250866989645,chr11,68683779,68691175
TESMIN,True,0.009875000454485416,0.014624999836087227,0.009875,0.01425,-0.013377939783264766,chr11,68707440,68751520
CPT1A,True,0.0011249999515712261,0.0010000000474974513,0.001,0.001,0.0003599086793649584,chr11,68754620,68844410
MRPL21,True,0.437624990940094,0.4543749988079071,0.322,0.345,-0.025545227035795984,chr11,68891276,68903835
RAB11FIP3,True,0.11312499642372131,0.09212499856948853,0.103375,0.08475,0.05027945959555356,chr16,425649,523011
CAPN15,True,0.04100000113248825,0.029374999925494194,0.039625,0.02875,0.0313385328303315,chr16,527712,554636
PRR35,True,0.000375000003259629,0.0,0.000375,0.0,0.0010816157348496642,chr16,560394,565529
PIGQ,True,0.07524999976158142,0.07737500220537186,0.0705,0.073625,-0.0053195687334814026,chr16,566995,584109
NHLRC4,True,0.0028750000055879354,0.0035000001080334187,0.002875,0.0035,-0.0017919456746750587,chr16,567005,569495
RAB40C,True,0.1171249970793724,0.10700000077486038,0.10775,0.09775,0.023866214816005597,chr16,589357,629272
WFIKKN1,True,0.014000000432133675,0.013000000268220901,0.013,0.013,0.0028095340454268006,chr16,629239,634117
METTL26,True,0.6019999980926514,0.4970000088214874,0.406625,0.369,0.14445879891092475,chr16,634427,636366
MCRIP2,True,0.03424999862909317,0.06962499767541885,0.032125,0.064625,-0.09249746037795124,chr16,636817,648474
WDR90,True,0.02187499962747097,0.017875000834465027,0.020875,0.0175,0.011100373915082727,chr16,649311,667833
RHOT2,True,0.1782499998807907,0.14775000512599945,0.159125,0.132625,0.06638002043137005,chr16,668100,674174
RHBDL1,True,0.017124999314546585,0.011125000193715096,0.016625,0.010875,0.01683689224968903,chr16,675671,678268
STUB1,True,0.7602499723434448,0.7192500233650208,0.473875,0.466375,0.04771592266613565,chr16,680224,682870
JMJD8,True,0.11774999648332596,0.10237500071525574,0.1065,0.095125,0.03636119966289925,chr16,681670,684528
WDR24,True,0.04874999821186066,0.042374998331069946,0.047125,0.041,0.016858353344142603,chr16,684622,690444
FBXL16,True,0.13500000536441803,0.12524999678134918,0.11875,0.112875,0.02232345909298494,chr16,692498,705801
METRN,True,0.19724999368190765,0.1002499982714653,0.128625,0.071,0.2161125218795105,chr16,715118,719655
ANTKMT,True,0.39375001192092896,0.3177500069141388,0.30425,0.26275,0.12821148951505298,chr16,720581,722590
CCDC78,True,0.0020000000949949026,0.004000000189989805,0.002,0.004,-0.005736369819983125,chr16,722582,726954
HAGHL,True,0.04625000059604645,0.06612499803304672,0.04325,0.06125,-0.05155925307541747,chr16,726936,735525
CIAO3,True,0.10774999856948853,0.09812500327825546,0.09975,0.092625,0.023030957352301856,chr16,729760,741329
MSLN,True,0.000375000003259629,0.0,0.000375,0.0,0.0010816157348496642,chr16,760734,768865
MSLNL,True,0.0,0.0,0.0,0.0,0.0,chr16,769428,782054
RPUSD1,True,0.08824999630451202,0.08112499862909317,0.083875,0.07675,0.01758088904547368,chr16,784974,788397
CHTF18,True,0.032875001430511475,0.022874999791383743,0.0305,0.022,0.02733106176844459,chr16,788046,800737
GNG13,True,0.0001250000059371814,0.0,0.000125,0.0,0.0003606287006416438,chr16,798041,800734
LMF1,True,0.045375000685453415,0.03437500074505806,0.0435,0.033125,0.029396053517632456,chr16,853634,981318
SOX8,True,0.04500000178813934,0.026499999687075615,0.0405,0.02425,0.049822704229502565,chr16,981770,986979
SSTR5,True,0.0,0.0,0.0,0.0,0.0,chr16,1072747,1081454
C1QTNF8,True,0.0002500000118743628,0.0001250000059371814,0.00025,0.000125,0.00036053857725762385,chr16,1088226,1096244
CACNA1H,True,0.0860000029206276,0.09974999725818634,0.080875,0.091875,-0.03346057408536935,chr16,1153106,1221771
TPSG1,True,0.0,0.0,0.0,0.0,0.0,chr16,1221651,1225268
TPSB2,True,0.0001250000059371814,0.0,0.000125,0.0,0.0003606287006416438,chr16,1227272,1230184
TPSAB1,True,0.0,0.0,0.0,0.0,0.0,chr16,1240379,1242554
TPSD1,True,0.0,0.0,0.0,0.0,0.0,chr16,1256059,1259008
UBE2I,True,1.6038750410079956,1.2781250476837158,0.693125,0.654625,0.2426922326518563,chr16,1308880,1327018
BAIAP3,True,0.02775000035762787,0.017124999314546585,0.026375,0.01625,0.029341624001960546,chr16,1333638,1349439
TSR3,True,0.47099998593330383,0.45212501287460327,0.357875,0.3385,0.02832026464240063,chr16,1349240,1351878
GNPTG,True,0.1014999970793724,0.09737499803304672,0.093625,0.090375,0.009927872674803872,chr16,1351931,1365737
UNKL,True,0.03762499988079071,0.023499999195337296,0.035375,0.023125,0.03841069091148902,chr16,1363205,1414751
UQCC4,False,,,,,,chr16,1419752,1420756
PERCC1,True,0.0,0.0,0.0,0.0,0.0,chr16,1431078,1434441
CCDC154,True,0.004625000059604645,0.0035000001080334187,0.0045,0.0035,0.0032199033345799238,chr16,1434383,1444556
CLCN7,True,0.10050000250339508,0.08412499725818634,0.094,0.07825,0.03988712662705531,chr16,1444934,1475077
PTX4,True,0.0,0.0,0.0,0.0,0.0,chr16,1485886,1488981
TELO2,True,0.05525000020861626,0.04574999958276749,0.05275,0.043625,0.024897264201191097,chr16,1493344,1510457
IFT140,True,0.0949999988079071,0.0820000022649765,0.0875,0.077125,0.03187050678200353,chr16,1510427,1612072
TMEM204,True,0.0002500000118743628,0.0001250000059371814,0.00025,0.000125,0.00036053857725762385,chr16,1528688,1555580
CRAMP1,True,0.0768750011920929,0.06224999949336052,0.071375,0.057125,0.037046991036603145,chr16,1612337,1677908
ENSG00000261732,True,0.013249999843537807,0.009875000454485416,0.012875,0.009875,0.009518118590309488,chr16,1632259,1686715
JPT2,True,0.16850000619888306,0.15399999916553497,0.143625,0.13575,0.031636939813920795,chr16,1678256,1702280
MAPK8IP3,True,0.19724999368190765,0.21662500500679016,0.164375,0.184125,-0.03954236782277126,chr16,1706166,1770351
NME3,True,0.34850001335144043,0.4728749990463257,0.258875,0.34075,-0.19733976812711365,chr16,1770320,1771561
MRPS34,True,0.8765000104904175,0.8206250071525574,0.51475,0.509125,0.05978375095445982,chr16,1771890,1773150
EME2,True,0.02449999935925007,0.02162499912083149,0.0235,0.021,0.007929757982997263,chr16,1772810,1781708
SPSB3,True,0.6168749928474426,0.640874981880188,0.428,0.441625,-0.03067298842342906,chr16,1776712,1793700
NUBP2,True,0.5223749876022339,0.5098749995231628,0.373125,0.372,0.017747716424475576,chr16,1782932,1789186
IGFALS,True,0.0024999999441206455,0.0018749999580904841,0.0025,0.001875,0.0017955136216559827,chr16,1790413,1794971
HAGH,True,0.6552500128746033,0.6650000214576721,0.423,0.443,-0.012124875869520218,chr16,1795620,1827157
FAHD1,True,0.2536250054836273,0.1848749965429306,0.210625,0.16425,0.13800614351166504,chr16,1826967,1840207
MEIOB,True,0.0008750000270083547,0.0001250000059371814,0.00075,0.000125,0.002161881145862743,chr16,1833986,1872178
ENSG00000289722,False,,,,,,chr16,1833987,1884294
HS3ST6,True,0.0001250000059371814,0.0,0.000125,0.0,0.0003606287006416438,chr16,1911475,1918415
MSRB1,True,0.0872500017285347,0.08887500315904617,0.082875,0.083125,-0.003986622148640876,chr16,1938229,1943199
RPL3L,True,0.0001250000059371814,0.000375000003259629,0.000125,0.000375,-0.0007209870342080904,chr16,1943974,1957606
NDUFB10,True,1.8660000562667847,1.9588749408721924,0.70025,0.749,-0.0555482529040503,chr16,1959538,1961975
RPS2,True,12.83637523651123,6.1696248054504395,0.941375,0.949875,0.9996890910171834,chr16,1962058,1964841
RNF151,True,0.0006249999860301614,0.0001250000059371814,0.0005,0.000125,0.00144161389308562,chr16,1966823,1968975
TBL3,True,0.058375000953674316,0.048624999821186066,0.055625,0.047,0.025413987377877208,chr16,1972053,1982929
NOXO1,True,0.010999999940395355,0.010874999687075615,0.0105,0.0105,0.0003529536323706979,chr16,1978917,1984192
GFER,True,0.1393750011920929,0.11599999666213989,0.123125,0.105375,0.05373199444503849,chr16,1984193,1987749
SYNGR3,True,0.09825000166893005,0.1511249989271164,0.0855,0.13025,-0.12218603381035248,chr16,1989660,1994275
ZNF598,True,0.09212499856948853,0.06937500089406967,0.084375,0.066625,0.056522612141167466,chr16,1997654,2009821
NPW,True,0.017750000581145287,0.012374999932944775,0.0155,0.011125,0.015055565393884899,chr16,2009926,2020755
NHERF2,False,,,,,,chr16,2025356,2039026
NTHL1,True,0.1966249942779541,0.19200000166893005,0.1695,0.170625,0.00961019511173177,chr16,2039815,2047866
TSC2,True,0.14887499809265137,0.12712499499320984,0.133125,0.115,0.049187556904845726,chr16,2047967,2089491
PKD1,True,0.18987500667572021,0.17475000023841858,0.15875,0.153375,0.031981922175618606,chr16,2088708,2135898
RAB26,True,0.03525000065565109,0.13312500715255737,0.031875,0.115,-0.2422774878342254,chr16,2140803,2154165
TRAF7,True,0.1665000021457672,0.15950000286102295,0.1465,0.143,0.015232214223465164,chr16,2155698,2178129
CASKIN1,True,0.04987499862909317,0.06712500005960464,0.047125,0.061375,-0.04456306218906552,chr16,2177180,2196605
MLST8,True,0.1443749964237213,0.13262499868869781,0.1295,0.12175,0.02654994823020876,chr16,2204248,2209453
BRICD5,True,0.025750000029802322,0.021375000476837158,0.0255,0.02075,0.01205553660487899,chr16,2209253,2210905
PGP,True,0.5299999713897705,0.4020000100135803,0.371375,0.302375,0.19144494272544918,chr16,2211593,2214840
E4F1,True,0.08287499845027924,0.07312499731779099,0.0795,0.0685,0.024336698773480214,chr16,2223580,2235742
DNASE1L2,True,0.015124999918043613,0.008500000461935997,0.014,0.008125,0.018674782882881123,chr16,2235816,2238711
ECI1,True,0.14537499845027924,0.08550000190734863,0.11225,0.072375,0.1404685140960597,chr16,2239402,2252300
RNPS1,True,0.6827499866485596,0.6516249775886536,0.4495,0.444875,0.03847415960456557,chr16,2253116,2268397
ABCA3,True,0.07437500357627869,0.08012499660253525,0.0695,0.074125,-0.014370818561972542,chr16,2275881,2340746
CCNF,True,0.048250000923871994,0.05362499877810478,0.042375,0.0465,-0.014075179596450722,chr16,2429394,2458854
TEDC2,True,0.04662499949336052,0.042249999940395355,0.043625,0.039375,0.011593294230353908,chr16,2460086,2464963
NTN3,True,0.000375000003259629,0.000750000006519258,0.000375,0.00075,-0.0010808054345533972,chr16,2471297,2474145
TBC1D24,True,0.14000000059604645,0.13324999809265137,0.12425,0.120375,0.015296738863872323,chr16,2475051,2509560
ENSG00000260272,True,0.000375000003259629,0.0,0.000375,0.0,0.0010816157348496642,chr16,2496032,2520218
ATP6V0C,True,0.01425000000745058,0.014000000432133675,0.014,0.013875,0.0007015281390453837,chr16,2513952,2520218
ENSG00000259784,True,0.0,0.0,0.0,0.0,0.0,chr16,2513965,2527955
AMDHD2,True,0.038750000298023224,0.028875000774860382,0.03775,0.027625,0.026689182304465566,chr16,2520357,2531422
CEMP1,True,0.000375000003259629,0.0006249999860301614,0.000375,0.000625,-0.0007206268588776313,chr16,2530035,2531417
PDPK1,True,0.16500000655651093,0.14087499678134918,0.140625,0.122625,0.05331136946099728,chr16,2537979,2603188
KCTD5,True,0.1237500011920929,0.10237500071525574,0.1125,0.097125,0.050306015528824743,chr16,2682523,2709030
PRSS27,True,0.017875000834465027,0.019999999552965164,0.017625,0.019625,-0.005907704484337142,chr16,2712419,2720551
SRRM2,True,1.9828749895095825,1.653499960899353,0.747,0.722125,0.20532832757923505,chr16,2752626,2772538
ELOB,True,4.2301249504089355,3.580125093460083,0.866,0.8765,0.21326490934380363,chr16,2771414,2777289
PRSS33,True,0.0002500000118743628,0.0008750000270083547,0.00025,0.00075,-0.0018013425686052623,chr16,2783953,2787948
PRSS41,True,0.0,0.0,0.0,0.0,0.0,chr16,2798470,2805304
PRSS21,True,0.0,0.0,0.0,0.0,0.0,chr16,2817180,2826304
ZG16B,True,0.0001250000059371814,0.0002500000118743628,0.000125,0.00025,-0.000360538577257549,chr16,2830253,2839585
PRSS22,True,0.0,0.0,0.0,0.0,0.0,chr16,2852730,2858170
FLYWCH2,True,0.25600001215934753,0.19374999403953552,0.217625,0.172,0.12397040369539644,chr16,2883213,2899382
FLYWCH1,True,0.09600000083446503,0.07074999809265137,0.08825,0.067125,0.06245338307863,chr16,2911931,2951208
KREMEN2,True,0.0020000000949949026,0.003375000087544322,0.001875,0.003375,-0.003946202972882679,chr16,2964216,2968380
PKMYT1,True,0.017875000834465027,0.011500000022351742,0.015125,0.01025,0.017869677495485747,chr16,2968024,2980479
PAQR4,True,0.14524999260902405,0.15137499570846558,0.1275,0.1365,-0.013630120357753689,chr16,2969270,2973484
GREP1,False,,,,,,chr16,2988256,3002016
ENSG00000289281,False,,,,,,chr16,3004132,3004859
CLDN9,True,0.0,0.0005000000237487257,0.0,0.0005,-0.001441974242362369,chr16,3012923,3014505
CLDN6,True,0.005249999929219484,0.02187499962747097,0.004875,0.021,-0.04670687504131268,chr16,3014712,3020071
TNFRSF12A,True,0.010125000029802322,0.00787500012665987,0.00925,0.006375,0.006377345751500886,chr16,3018445,3022383
HCFC1R1,True,0.42262500524520874,0.49050000309944153,0.3045,0.35175,-0.1024125863645865,chr16,3022625,3024286
THOC6,True,0.1732500046491623,0.16387499868869781,0.15225,0.14675,0.02023071322109784,chr16,3024027,3027755
BICDL2,True,0.01425000000745058,0.003375000087544322,0.01325,0.00325,0.030836321349175945,chr16,3027682,3036944
MMP25,True,0.0001250000059371814,0.0001250000059371814,0.000125,0.000125,0.0,chr16,3046062,3060726
IL32,True,0.0001250000059371814,0.0,0.000125,0.0,0.0003606287006416438,chr16,3065297,3082192
ZSCAN10,True,0.000375000003259629,0.0002500000118743628,0.000375,0.00025,0.00036044845695050177,chr16,3088890,3099295
ZNF205,True,0.1547500044107437,0.12950000166893005,0.140125,0.1205,0.05673778252546744,chr16,3112560,3120517
ZNF213,True,0.06587500125169754,0.0598750002682209,0.061875,0.056625,0.015378642892181773,chr16,3129777,3142804
OR1F1,True,0.0,0.0,0.0,0.0,0.0,chr16,3188204,3224779
ZNF200,True,0.06024999916553497,0.042500000447034836,0.05675,0.0405,0.046447602840907626,chr16,3222325,3236221
MEFV,True,0.0,0.0,0.0,0.0,0.0,chr16,3242027,3256633
ENSG00000290183,False,,,,,,chr16,3263800,3291029
ZNF263,True,0.08574999868869781,0.06300000101327896,0.078625,0.06,0.057150120956643756,chr16,3283283,3301401
TIGD7,True,0.042500000447034836,0.023749999701976776,0.039625,0.02275,0.0507448007548674,chr16,3298808,3305729
ZNF75A,True,0.2032500058412552,0.14374999701976776,0.175,0.129375,0.12753713901884414,chr16,3305406,3318852
OR2C1,True,0.0,0.0002500000118743628,0.0,0.00025,-0.0007211672778992085,chr16,3355889,3357306
ENSG00000285329,True,0.0,0.0,0.0,0.0,0.0,chr16,3365099,3479550
ZSCAN32,True,0.0651250034570694,0.05299999937415123,0.061625,0.050125,0.03129054254249548,chr16,3382081,3401065
ZNF174,True,0.060874998569488525,0.0494999997317791,0.05675,0.048125,0.02955979475172652,chr16,3401215,3409364
ZNF597,True,0.014875000342726707,0.01875000074505806,0.014375,0.018125,-0.01081721136514241,chr16,3432414,3443504
NAA60,True,0.13462500274181366,0.1264999955892563,0.120375,0.114,0.01858986179773175,chr16,3443649,3486953
PAFAH1B1,True,1.4576250314712524,1.3519999980926514,0.659625,0.647,0.08002035677587782,chr17,2593210,2685615
CLUH,True,0.0253749992698431,0.02512500062584877,0.02475,0.0245,0.0006866669410076023,chr17,2689386,2712663
CCDC92B,False,,,,,,chr17,2720801,2749652
RAP1GAP2,True,0.02437499910593033,0.027249999344348907,0.023125,0.026625,-0.00788828513229501,chr17,2755705,3037741
OR1D5,True,0.0,0.0,0.0,0.0,0.0,chr17,3062669,3063607
OR1D2,True,0.0,0.0,0.0,0.0,0.0,chr17,3088484,3104422
OR1G1,True,0.0,0.0,0.0,0.0,0.0,chr17,3126610,3127551
OR1P1,False,,,,,,chr17,3153889,3154882
OR1A2,True,0.0,0.0,0.0,0.0,0.0,chr17,3197519,3198448
OR1A1,True,0.0,0.0001250000059371814,0.0,0.000125,-0.00036062870064157426,chr17,3207539,3218896
OR3A2,True,0.0,0.0,0.0,0.0,0.0,chr17,3276177,3386317
OR3A1,True,0.0,0.0,0.0,0.0,0.0,chr17,3291017,3298360
OR1R1P,True,0.0,0.0,0.0,0.0,0.0,chr17,3385930,3386874
OR1E1,True,0.0,0.0,0.0,0.0,0.0,chr17,3397104,3398410
OR3A3,True,0.0001250000059371814,0.0002500000118743628,0.000125,0.00025,-0.000360538577257549,chr17,3411370,3424070
OR1E2,True,0.0,0.0,0.0,0.0,0.0,chr17,3432870,3433841
SPATA22,True,0.0,0.0,0.0,0.0,0.0,chr17,3440019,3513852
ASPA,True,0.000375000003259629,0.0,0.000375,0.0,0.0010816157348496642,chr17,3472374,3503405
TRPV3,True,0.0012499999720603228,0.0005000000237487257,0.00125,0.0005,0.0021602623574175357,chr17,3510502,3557812
TRPV1,True,0.01837499998509884,0.011374999769032001,0.01775,0.011,0.019614510628052428,chr17,3565444,3609411
ENSG00000262304,True,0.0006249999860301614,0.0001250000059371814,0.000625,0.000125,0.00144161389308562,chr17,3585149,3636249
SHPK,True,0.007249999791383743,0.0062500000931322575,0.007125,0.00625,0.0028469562385684244,chr17,3608240,3636250
CTNS,True,0.030124999582767487,0.017000000923871994,0.029375,0.016875,0.0361682935679568,chr17,3636459,3663103
TAX1BP3,True,0.2472500056028366,0.2523750066757202,0.2035,0.21075,-0.009860921706826687,chr17,3662895,3668679
P2RX5-TAX1BP3,True,0.0006249999860301614,0.001500000013038516,0.000625,0.001375,-0.00251936339387502,chr17,3663063,3696194
EMC6,True,0.621874988079071,0.5228750109672546,0.432625,0.388875,0.13328205621002515,chr17,3668812,3669668
P2RX5,True,0.004749999847263098,0.0032500000670552254,0.004375,0.00325,0.004293737781344271,chr17,3672199,3696240
ITGAE,True,0.4099999964237213,0.31687501072883606,0.306625,0.252625,0.1557511897851492,chr17,3714628,3801188
HASPIN,True,0.0024999999441206455,0.0017500000540167093,0.002375,0.001625,0.002154884387926748,chr17,3723903,3726699
NCBP3,True,0.3241249918937683,0.22075000405311584,0.25575,0.1875,0.19336422222339744,chr17,3802158,3846246
CAMKK1,True,0.02812499925494194,0.03087499924004078,0.026625,0.030375,-0.007492767260540839,chr17,3860315,3894891
P2RX1,True,0.0,0.0,0.0,0.0,0.0,chr17,3896592,3916476
ATP2A3,True,0.0022499999031424522,0.004999999888241291,0.00225,0.005,-0.007877728864810262,chr17,3923870,3964464
ZZEF1,True,0.10112500190734863,0.08637499809265137,0.092125,0.079875,0.03584143465011292,chr17,4004445,4143030
CYB5D2,True,0.1509999930858612,0.08387500047683716,0.117625,0.074625,0.15699798686465574,chr17,4143168,4187310
ANKFY1,True,0.14749999344348907,0.12125000357627869,0.129,0.111125,0.0597062232107055,chr17,4163821,4263995
UBE2G1,True,0.32350000739097595,0.3294999897480011,0.25425,0.266,-0.010473300450578643,chr17,4269259,4366675
SPNS3,True,0.0006249999860301614,0.0012499999720603228,0.000625,0.001,-0.0017999940060525357,chr17,4433940,4488208
SPNS2,True,0.08550000190734863,0.078125,0.076875,0.071875,0.018287714909960343,chr17,4498881,4539035
MYBBP1A,True,0.046875,0.045249998569488525,0.04425,0.043625,0.004293250751340732,chr17,4538897,4555386
GGT6,True,0.0005000000237487257,0.0001250000059371814,0.0005,0.000125,0.0010813455417206699,chr17,4556927,4560818
SMTNL2,True,0.001500000013038516,0.0028750000055879354,0.001375,0.002875,-0.0039501319919719976,chr17,4583999,4608319
ALOX15,True,0.0002500000118743628,0.0005000000237487257,0.00025,0.0005,-0.0007208069644631884,chr17,4630919,4642294
PELP1,True,0.20424999296665192,0.1574999988079071,0.169625,0.1375,0.0990967524027695,chr17,4669774,4704337
ARRB2,True,0.2148749977350235,0.20424999296665192,0.1845,0.179,0.021603351665591557,chr17,4710596,4721499
MED11,True,0.13824999332427979,0.08662500232458115,0.124,0.08075,0.12168305657223787,chr17,4731428,4733608
CXCL16,True,0.0018749999580904841,0.0005000000237487257,0.001875,0.0005,0.003958013379753931,chr17,4733533,4739928
ZMYND15,True,0.000375000003259629,0.0,0.000375,0.0,0.0010816157348496642,chr17,4739833,4746119
TM4SF5,True,0.0,0.0001250000059371814,0.0,0.000125,-0.00036062870064157426,chr17,4771884,4783213
VMO1,True,0.007625000085681677,0.021375000476837158,0.007625,0.0205,-0.038558286040843125,chr17,4785285,4786433
GLTPD2,True,0.001500000013038516,0.0013749999925494194,0.0015,0.001375,0.000359639856619303,chr17,4788964,4790589
PSMB6,True,1.8049999475479126,1.7584999799728394,0.708625,0.725875,0.02940181684256612,chr17,4796144,4798502
C17orf114,True,0.0002500000118743628,0.0006249999860301614,0.00025,0.000625,-0.0010810753158281105,chr17,4801159,4807013
PLD2,True,0.0042500002309679985,0.005125000141561031,0.004,0.005125,-0.002501267313996605,chr17,4807152,4823434
MINK1,True,0.08425000309944153,0.08537500351667404,0.077875,0.0795,-0.002775304929827766,chr17,4833340,4898061
CHRNE,True,0.0022499999031424522,0.0021250001154839993,0.00225,0.002125,0.0003591020777992653,chr17,4897771,4934438
C17orf107,True,0.0012499999720603228,0.0006249999860301614,0.00125,0.000625,0.001799994006052511,chr17,4899418,4902934
GP1BA,True,0.0008750000270083547,0.0002500000118743628,0.000875,0.00025,0.001801342568605307,chr17,4932277,4935023
SLC25A11,True,0.5076249837875366,0.5034999847412109,0.364875,0.36375,0.005918204096060986,chr17,4937130,4940053
RNF167,True,0.19562500715255737,0.16775000095367432,0.17275,0.148875,0.059001724367851345,chr17,4940008,4945222
PFN1,True,1.4918750524520874,1.4933749437332153,0.641375,0.676625,-0.001085947339512823,chr17,4945652,4949061
ENO3,True,0.010999999940395355,0.006624999921768904,0.011,0.006625,0.012405020945275643,chr17,4948092,4957131
SPAG7,True,0.4715000092983246,0.2992500066757202,0.342,0.240625,0.28156715856292164,chr17,4959226,4967817
CAMTA2,True,0.06562499701976776,0.05925000086426735,0.0615,0.05625,0.016352525967821076,chr17,4967992,4987675
INCA1,True,0.0017500000540167093,0.0013749999925494194,0.00175,0.001375,0.0010786507248625268,chr17,4988130,4997610
KIF1C,True,0.017124999314546585,0.014999999664723873,0.017,0.01475,0.00594061919147729,chr17,4997950,5028401
SLC52A1,True,0.0001250000059371814,0.0001250000059371814,0.000125,0.000125,0.0,chr17,5032600,5052009
ZFP3,True,0.0017500000540167093,0.011125000193715096,0.00175,0.010875,-0.02670744655521078,chr17,5078467,5096374
ZNF232,True,0.16124999523162842,0.16200000047683716,0.143875,0.146625,-0.001635411248487057,chr17,5105269,5123162
USP6,True,0.0002500000118743628,0.0002500000118743628,0.00025,0.00025,0.0,chr17,5116032,5175034
ZNF594,True,0.06174999848008156,0.05575000122189522,0.057875,0.051875,0.015492169077469342,chr17,5179535,5191868
SCIMP,True,0.0013749999925494194,0.0018749999580904841,0.001375,0.001875,-0.0014380214911331633,chr17,5208920,5234860
RABEP1,True,0.5350000262260437,0.46787500381469727,0.353625,0.33975,0.09673815644214856,chr17,5282265,5386340
NUP88,True,0.09312500059604645,0.0833749994635582,0.086125,0.077875,0.023912622720757986,chr17,5359668,5420164
RPAIN,True,2.311875104904175,2.1096251010894775,0.762375,0.775875,0.1076899516094098,chr17,5419641,5432877
C1QBP,True,1.2267500162124634,1.0391249656677246,0.601625,0.575375,0.16594886450881688,chr17,5432777,5448830
DHX33,True,0.09925000369548798,0.06987500190734863,0.09175,0.065125,0.0725125038526172,chr17,5440917,5468982
DERL2,True,0.19712500274181366,0.1615000069141388,0.1705,0.143625,0.07567619995676854,chr17,5471254,5486811
MIS12,True,0.10212499648332596,0.07724999636411667,0.09175,0.072,0.06086675147389052,chr17,5486285,5490814
NLRP1,True,0.0005000000237487257,0.0002500000118743628,0.0005,0.00025,0.0007208069644632164,chr17,5499415,5619424
ENSG00000286190,True,0.0351249985396862,0.03200000151991844,0.033875,0.030625,0.008449676636964791,chr17,5499427,5501006
ENSG00000285471,True,0.0,0.0001250000059371814,0.0,0.000125,-0.00036062870064157426,chr17,5772926,6080792
WSCD1,True,0.07137499749660492,0.03550000116229057,0.062875,0.0325,0.09355132940148725,chr17,6057807,6124427
AIPL1,True,0.0005000000237487257,0.0,0.0005,0.0,0.001441974242362362,chr17,6393693,6435199
PIMREG,True,0.0754999965429306,0.08174999803304672,0.0345,0.034375,-0.015583381061597743,chr17,6444441,6451469
PITPNM3,True,0.008624999783933163,0.0036249998956918716,0.008625,0.003625,0.014252474611049988,chr17,6451263,6556555
KIAA0753,True,0.0729999989271164,0.05849999934434891,0.069375,0.055125,0.03697785726594364,chr17,6578147,6640711
ENSG00000282936,True,0.0021250001154839993,0.002624999964609742,0.002125,0.002625,-0.0014358743215062432,chr17,6628619,6640456
TXNDC17,True,0.731124997138977,0.7195000052452087,0.4495,0.45725,0.013687482940064125,chr17,6640985,6644541
MED31,True,0.2747499942779541,0.2592499852180481,0.220625,0.210375,0.0291558638515361,chr17,6643311,6651634
C17orf100,True,0.06499999761581421,0.08062499761581421,0.061125,0.073875,-0.03935582413129411,chr17,6651762,6693202
SLC13A5,True,0.000375000003259629,0.0,0.000375,0.0,0.0010816157348496642,chr17,6684719,6713377
XAF1,True,0.0,0.0,0.0,0.0,0.0,chr17,6755447,6775647
FBXO39,True,0.0,0.0,0.0,0.0,0.0,chr17,6776215,6797101
TEKT1,True,0.0012499999720603228,0.0001250000059371814,0.000625,0.000125,0.0032416078991381264,chr17,6789133,6831761
ALOX12,True,0.0,0.0,0.0,0.0,0.0,chr17,6996049,7010754
RNASEK,True,0.06212500110268593,0.05237499997019768,0.059375,0.0505,0.02524295581989405,chr17,7012417,7014532
RNASEK-C17orf49,True,0.009875000454485416,0.004875000100582838,0.009875,0.004875,0.014217362087988057,chr17,7012635,7017520
C17orf49,True,0.1145000010728836,0.13449999690055847,0.104,0.123375,-0.04620714390221863,chr17,7014495,7017525
BCL6B,True,0.0,0.0,0.0,0.0,0.0,chr17,7023050,7030290
SLC16A13,True,0.0028750000055879354,0.004000000189989805,0.002875,0.004,-0.0032239014020990844,chr17,7036015,7040117
SLC16A11,True,0.0011249999515712261,0.0005000000237487257,0.001,0.0005,0.0018004431068989993,chr17,7041621,7044092
CLEC10A,True,0.0,0.0,0.0,0.0,0.0,chr17,7074537,7080307
ASGR2,True,0.0,0.0,0.0,0.0,0.0,chr17,7101322,7115700
ASGR1,True,0.210875004529953,0.15137499570846558,0.17675,0.132625,0.12610756821914434,chr17,7173431,7179564
DLG4,True,0.3138749897480011,0.2938750088214874,0.239875,0.236875,0.035895334242469566,chr17,7187187,7219841
ACADVL,True,0.2226250022649765,0.18324999511241913,0.188,0.159625,0.08083362733583266,chr17,7217125,7225266
DVL2,True,0.11287499964237213,0.06549999862909317,0.1025,0.061875,0.11606583495145319,chr17,7225342,7234517
PHF23,True,0.3605000078678131,0.31299999356269836,0.279125,0.255375,0.08191986457937718,chr17,7235029,7239722
GABARAP,True,0.7422500252723694,0.7216249704360962,0.45675,0.46575,0.02415411450481187,chr17,7240008,7242449
ENSG00000262526,True,0.0,0.0,0.0,0.0,0.0,chr17,7240427,7244635
CTDNEP1,True,0.30812498927116394,0.2097499966621399,0.252125,0.182625,0.1872675086045082,chr17,7243591,7252491
ENSG00000262302,True,0.0,0.0,0.0,0.0,0.0,chr17,7246829,7262089
ELP5,True,0.2691250145435333,0.2433750033378601,0.226375,0.20975,0.049127937627096385,chr17,7251416,7259940
CLDN7,True,0.0005000000237487257,0.0,0.0005,0.0,0.001441974242362362,chr17,7259903,7263983
SLC2A4,True,0.000750000006519258,0.0006249999860301614,0.00075,0.000625,0.0003601785756758403,chr17,7281718,7288257
YBX2,True,0.007375000044703484,0.0062500000931322575,0.007125,0.00625,0.003202431900050657,chr17,7288263,7294639
EIF5A,True,1.2678749561309814,1.0856250524520874,0.60925,0.593,0.15696457281254908,chr17,7306999,7312463
GPS2,True,0.1822499930858612,0.12700000405311584,0.157625,0.11675,0.12183502252535766,chr17,7311324,7315564
ENSG00000261915,True,0.0006249999860301614,0.0,0.000625,0.0,0.001802242593727311,chr17,7312661,7319174
NEURL4,True,0.05312500149011612,0.054499998688697815,0.050375,0.05175,-0.0035819030056355146,chr17,7315628,7329393
ACAP1,True,0.0494999997317791,0.030500000342726707,0.043375,0.029125,0.05076672839821519,chr17,7336529,7351477
KCTD11,True,0.013749999925494194,0.014375000260770321,0.01325,0.013875,-0.0017540376805638526,chr17,7351889,7354944
TMEM95,True,0.0001250000059371814,0.0,0.000125,0.0,0.0003606287006416438,chr17,7355123,7357219
TNK1,True,0.0016250000335276127,0.0013749999925494194,0.001625,0.001375,0.0007191900833521821,chr17,7380534,7389774
PLSCR3,True,0.00787500012665987,0.006500000134110451,0.007875,0.0065,0.003911190407751115,chr17,7389727,7394842
TMEM256-PLSCR3,True,0.0001250000059371814,0.0002500000118743628,0.000125,0.00025,-0.000360538577257549,chr17,7389734,7404097
TMEM256,True,0.3556250035762787,0.3297500014305115,0.26975,0.26175,0.04430191560978757,chr17,7402975,7404097
NLGN2,True,0.265749990940094,0.24637499451637268,0.21825,0.208375,0.03697279175343984,chr17,7404874,7419860
SPEM1,True,0.0002500000118743628,0.000375000003259629,0.00025,0.000375,-0.00036044845695056536,chr17,7420324,7421632
SPEM2,True,0.000375000003259629,0.0010000000474974513,0.000375,0.001,-0.0018008929350467784,chr17,7425616,7427568
SPEM3,True,0.0005000000237487257,0.000375000003259629,0.0005,0.000375,0.00036035850751260325,chr17,7428857,7432820
ENSG00000286007,True,0.0,0.0,0.0,0.0,0.0,chr17,7428861,7436278
CCL14,True,0.0,0.0,0.0,0.0,0.0,chr17,35983288,35987004
CCL15-CCL14,True,0.0,0.0,0.0,0.0,0.0,chr17,35983656,36001621
CCL15,True,0.0,0.0,0.0,0.0,0.0,chr17,35996440,36001553
CCL23,True,0.0,0.0,0.0,0.0,0.0,chr17,36013056,36017972
CCL18,True,0.0001250000059371814,0.0,0.000125,0.0,0.0003606287006416438,chr17,36064272,36072032
CCL3,True,0.0001250000059371814,0.0,0.000125,0.0,0.0003606287006416438,chr17,36088256,36090169
CCL4,True,0.0002500000118743628,0.0,0.000125,0.0,0.0007211672778991771,chr17,36103827,36105621
TBC1D3B,True,0.0,0.0,0.0,0.0,0.0,chr17,36165683,36176636
CCL3L3,False,,,,,,chr17,36194869,36196758
CCL4L2,True,0.0,0.0,0.0,0.0,0.0,chr17,36210924,36212878
TBC1D3I,True,0.000750000006519258,0.0002500000118743628,0.00075,0.00025,0.001441253891503956,chr17,36253456,36264570
TBC1D3G,True,0.0,0.0,0.0,0.0,0.0,chr17,36323884,36334759
TBC1D3H,True,0.0,0.0,0.0,0.0,0.0,chr17,36377531,36388435
TBC1D3F,True,0.0,0.0,0.0,0.0,0.0,chr17,36428618,36439566
ZNHIT3,True,0.5814999938011169,0.5081250071525574,0.40925,0.37275,0.10135911341401917,chr17,36486629,36499310
MYO19,True,0.054999999701976776,0.04675000160932541,0.050625,0.044,0.021606451168193177,chr17,36495636,36543435
PIGW,True,0.020375000312924385,0.019500000402331352,0.019875,0.01875,0.0024279039862545974,chr17,36534987,36539310
GGNBP2,True,0.3621250092983246,0.24199999868869781,0.27825,0.2035,0.21647789292811984,chr17,36544912,36589848
DHRS11,True,0.03999999910593033,0.04324999824166298,0.037875,0.041125,-0.008656859849529505,chr17,36591879,36600804
MRM1,True,0.005249999929219484,0.002749999985098839,0.005125,0.00275,0.007156239915036778,chr17,36601583,36608964
LHX1,True,0.17100000381469727,0.004625000059604645,0.0485,0.0035,0.41110109275112233,chr17,36936785,36944612
AATF,True,0.2056249976158142,0.12700000405311584,0.175875,0.115875,0.17043621865769232,chr17,36948925,37056871
ACACA,True,0.12849999964237213,0.14862500131130219,0.115625,0.131375,-0.045471889855806,chr17,37084992,37406836
C17orf78,True,0.0,0.0001250000059371814,0.0,0.000125,-0.00036062870064157426,chr17,37375985,37392708
TADA2A,True,0.11050000041723251,0.10862500220537186,0.099125,0.098625,0.0044376954766023515,chr17,37406886,37479725
DUSP14,True,0.12099999934434891,0.16975000500679016,0.10925,0.151375,-0.10902941993011968,chr17,37489891,37513501
SYNRG,True,0.39787501096725464,0.320125013589859,0.30175,0.263125,0.130670788130396,chr17,37514807,37609472
DDX52,True,0.4152500033378601,0.29212498664855957,0.302875,0.23975,0.20843778768905627,chr17,37609739,37643446
HNF1B,True,0.0002500000118743628,0.0001250000059371814,0.00025,0.000125,0.00036053857725762385,chr17,37686431,37745059
TBC1D3K,True,0.0,0.0,0.0,0.0,0.0,chr17,37924415,37935371
TBC1D3L,True,0.0043750000186264515,0.0016250000335276127,0.00425,0.001625,0.007887517341998902,chr17,37978155,37989060
TBC1D3D,True,0.0001250000059371814,0.01850000023841858,0.000125,0.01775,-0.052055266113882344,chr17,38003976,38014908
TBC1D3C,True,0.0,0.0,0.0,0.0,0.0,chr17,38057693,38068634
TBC1D3E,True,0.0,0.0,0.0,0.0,0.0,chr17,38127951,38138868
TBC1D3,True,0.0,0.0,0.0,0.0,0.0,chr17,38181659,38192555
MRPL45,True,0.15862500667572021,0.12099999934434891,0.14125,0.1115,0.08486402229912353,chr17,38297023,38323217
GPR179,True,0.0010000000474974513,0.0012499999720603228,0.001,0.00125,-0.0007197279298832386,chr17,38324571,38343956
SOCS7,True,0.16850000619888306,0.16574999690055847,0.146625,0.1465,0.005947056977154942,chr17,38351844,38405593
ARHGAP23,True,0.048875000327825546,0.060499999672174454,0.0455,0.0575,-0.03023674197340521,chr17,38419280,38512385
SRCIN1,True,0.15575000643730164,0.14949999749660492,0.133125,0.132375,0.013816396540248842,chr17,38530031,38605952
EPOP,True,0.01924999989569187,0.011874999850988388,0.01875,0.0115,0.020637764446446685,chr17,38671703,38674957
MLLT6,True,0.10249999910593033,0.08762499690055847,0.094125,0.08225,0.03606547139225265,chr17,38705273,38729795
CISD3,True,0.04500000178813934,0.03462500125169754,0.043625,0.034125,0.027728929143694566,chr17,38730341,38735605
PCGF2,True,0.3125,0.23125000298023224,0.25375,0.1975,0.15200308756530123,chr17,38733898,38749817
PSMB3,True,0.890874981880188,0.9137499928474426,0.518625,0.5335,-0.023534267148923163,chr17,38752741,38764225
PIP4K2B,True,0.3036249876022339,0.27537500858306885,0.238875,0.218875,0.05162818759904097,chr17,38765691,38800126
CWC25,True,0.2615000009536743,0.19212499260902405,0.211875,0.16525,0.13781143716974134,chr17,38800441,38825355
C17orf98,True,0.0002500000118743628,0.000375000003259629,0.00025,0.000375,-0.00036044845695056536,chr17,38835086,38841438
RPL23,True,5.991125106811523,2.3308749198913574,0.8755,0.808375,1.1972205560099665,chr17,38847860,38853764
LASP1,True,0.18537500500679016,0.14937500655651093,0.159625,0.133375,0.07784172047799276,chr17,38869859,38921770
LASP1NB,False,,,,,,chr17,38925168,38929384
FBXO47,True,0.0001250000059371814,0.0,0.000125,0.0,0.0003606287006416438,chr17,38936432,38967403
PLXDC1,True,0.004999999888241291,0.003375000087544322,0.004875,0.00325,0.004649820123222386,chr17,39063313,39154394
ARL5C,True,0.0001250000059371814,0.0005000000237487257,0.000125,0.0005,-0.0010813455417207235,chr17,39156894,39167484
CACNB1,True,0.14374999701976776,0.14249999821186066,0.126625,0.13025,0.0028040702129239984,chr17,39173453,39197702
RPL19,True,10.713125228881836,8.332249641418457,0.927375,0.962875,0.3443355749008882,chr17,39200283,39204840
STAC2,True,0.008124999701976776,0.002749999985098839,0.007375,0.002125,0.015342269853635503,chr17,39210541,39225945
FBXL20,True,0.15299999713897705,0.11387500166893005,0.135625,0.104875,0.08913806410793923,chr17,39252663,39402523
MED1,True,0.1627500057220459,0.13762499392032623,0.140125,0.1245,0.05575659568216023,chr17,39404285,39451272
CDK12,True,0.3407500088214874,0.2682499885559082,0.26625,0.223,0.1301010485617934,chr17,39461486,39567559
NEUROD2,True,1.752500057220459,2.4951250553131104,0.494125,0.72525,-0.41108909836090884,chr17,39603536,39609777
PPP1R1B,True,0.04450000077486038,0.07412499934434891,0.034375,0.06025,-0.07643282580342581,chr17,39626740,39636626
STARD3,True,0.12800000607967377,0.14662499725818634,0.11575,0.132375,-0.04216470722808135,chr17,39637090,39664201
TCAP,True,0.012249999679625034,0.009750000201165676,0.012,0.00975,0.007058207523010396,chr17,39665349,39666554
PNMT,True,0.008124999701976776,0.00712500000372529,0.0075,0.007125,0.0028420488993562767,chr17,39667981,39670475
PGAP3,True,0.010374999605119228,0.007249999791383743,0.01025,0.007125,0.008860701945604458,chr17,39671122,39696797
ERBB2,True,0.03150000050663948,0.02462499961256981,0.03,0.02375,0.018783136085824676,chr17,39687914,39730426
MIEN1,True,0.5699999928474426,0.6928750276565552,0.38,0.4425,-0.15683211906462688,chr17,39728496,39730532
GRB7,True,0.0001250000059371814,0.0005000000237487257,0.000125,0.0005,-0.0010813455417207235,chr17,39737927,39747291
IKZF3,True,0.000750000006519258,0.0006249999860301614,0.00075,0.000625,0.0003601785756758403,chr17,39757718,39864312
ZPBP2,True,0.0,0.0,0.0,0.0,0.0,chr17,39868202,39877896
GSDMB,True,0.019500000402331352,0.013000000268220901,0.0185,0.0125,0.018164923660155898,chr17,39904595,39919854
ORMDL3,True,0.07699999958276749,0.057874999940395355,0.072125,0.05525,0.04862941650454578,chr17,39921041,39927601
LRRC3C,True,0.0,0.0001250000059371814,0.0,0.000125,-0.00036062870064157426,chr17,39927732,39944999
GSDMA,True,0.0001250000059371814,0.0,0.000125,0.0,0.0003606287006416438,chr17,39953263,39977768
PSMD3,True,0.421750009059906,0.31949999928474426,0.3195,0.26175,0.16963157743382556,chr17,39980807,39997959
CSF3,True,0.0002500000118743628,0.0001250000059371814,0.00025,0.000125,0.00036053857725762385,chr17,40015361,40017813
MED24,True,0.1381250023841858,0.164124995470047,0.124375,0.142375,-0.05761573647712888,chr17,40019097,40061215
THRA,True,0.8730000257492065,1.0198750495910645,0.456,0.552875,-0.14662107063743743,chr17,40058290,40093867
NR1D1,True,0.020749999210238457,0.03150000050663948,0.01975,0.02975,-0.02947876105364131,chr17,40092793,40100589
MSL1,True,0.41987499594688416,0.2866249978542328,0.311125,0.23425,0.22576178928536703,chr17,40121971,40136917
CASC3,True,0.37962499260902405,0.2840000092983246,0.289,0.2295,0.1660349243299381,chr17,40140318,40172171
RAPGEFL1,True,0.02762500010430813,0.029249999672174454,0.02625,0.02875,-0.004436438871061349,chr17,40177010,40195656
WIPF2,True,0.15537500381469727,0.10575000196695328,0.13575,0.09625,0.11359814477777846,chr17,40219304,40284136
CDC6,True,0.020250000059604645,0.015375000424683094,0.016125,0.013375,0.013582502823738104,chr17,40287879,40304657
RARA,True,0.1145000010728836,0.05974999815225601,0.101,0.057,0.13463039480129152,chr17,40309180,40357643
GJD3,True,0.003000000026077032,0.0017500000540167093,0.002875,0.001625,0.003589688362387963,chr17,40360652,40364737
TOP2A,True,0.31075000762939453,0.234375,0.059875,0.071375,0.14274018569226393,chr17,40388525,40417896
IGFBP4,True,0.048374999314546585,0.045125000178813934,0.044125,0.04225,0.008575713661057903,chr17,40443450,40457725
TNS4,True,0.0002500000118743628,0.0,0.00025,0.0,0.0007211672778991771,chr17,40475828,40501623
CCR7,True,0.0001250000059371814,0.0,0.000125,0.0,0.0003606287006416438,chr17,40553769,40565472
SMARCE1,True,0.3855000138282776,0.2786250114440918,0.294375,0.2295,0.18556364099064873,chr17,40624962,40648654
ENSG00000264058,True,0.0,0.0006249999860301614,0.0,0.000625,-0.001802242593727359,chr17,40627356,40665141
KRT222,True,0.023624999448657036,0.017625000327825546,0.02275,0.017125,0.016626679063884316,chr17,40654665,40665181
KRT24,True,0.0001250000059371814,0.0,0.000125,0.0,0.0003606287006416438,chr17,40697991,40703752
KRT25,True,0.0,0.0,0.0,0.0,0.0,chr17,40748021,40755331
KRT26,True,0.0,0.0,0.0,0.0,0.0,chr17,40766238,40772201
KRT27,True,0.0,0.0,0.0,0.0,0.0,chr17,40776808,40782550
KRT28,True,0.0,0.0,0.0,0.0,0.0,chr17,40792196,40799959
KRT10,True,1.168375015258789,0.9352499842643738,0.588125,0.546875,0.21714157263766687,chr17,40818117,40822614
KRT12,True,0.0,0.0,0.0,0.0,0.0,chr17,40861303,40867223
KRT20,True,0.0,0.0,0.0,0.0,0.0,chr17,40875889,40885242
KRT23,True,0.001500000013038516,0.0006249999860301614,0.001375,0.000625,0.0025193633938748773,chr17,40922700,40937646
KRT39,True,0.0,0.0,0.0,0.0,0.0,chr17,40958417,40966948
KRT40,True,0.0,0.0,0.0,0.0,0.0,chr17,40977715,40987135
KRTAP3-3,True,0.0,0.0,0.0,0.0,0.0,chr17,40993430,40994164
KRTAP3-2,True,0.000375000003259629,0.0,0.000375,0.0,0.0010816157348496642,chr17,40999193,40999906
KRTAP3-1,True,0.0,0.0,0.0,0.0,0.0,chr17,41008521,41019324
KRTAP1-5,True,0.0,0.0,0.0,0.0,0.0,chr17,41026026,41027208
KRTAP1-4,True,0.0,0.0,0.0,0.0,0.0,chr17,41029351,41030195
KRTAP1-3,True,0.0,0.0,0.0,0.0,0.0,chr17,41033884,41034874
KRTAP1-1,True,0.0,0.0,0.0,0.0,0.0,chr17,41040541,41041450
KRTAP2-1,True,0.0,0.0,0.0,0.0,0.0,chr17,41046541,41047316
KRTAP2-2,True,0.0,0.0,0.0,0.0,0.0,chr17,41054498,41055230
KRTAP2-3,True,0.0,0.0001250000059371814,0.0,0.000125,-0.00036062870064157426,chr17,41059240,41060114
KRTAP2-4,True,0.0,0.0,0.0,0.0,0.0,chr17,41065116,41065879
KRTAP4-7,True,0.0,0.0,0.0,0.0,0.0,chr17,41084150,41085144
KRTAP4-8,True,0.0,0.0,0.0,0.0,0.0,chr17,41096981,41098142
KRTAP4-16,True,0.0,0.0,0.0,0.0,0.0,chr17,41101502,41102209
KRTAP4-9,True,0.0,0.0,0.0,0.0,0.0,chr17,41105389,41106488
KRTAP4-11,True,0.0,0.0,0.0,0.0,0.0,chr17,41117181,41118373
KRTAP4-12,True,0.0,0.0,0.0,0.0,0.0,chr17,41123091,41124182
OR4F17,True,0.0002500000118743628,0.0001250000059371814,0.00025,0.000125,0.00036053857725762385,chr19,107104,117102
PLPP2,True,0.0017500000540167093,0.0031250000465661287,0.00175,0.002875,-0.00394816650493582,chr19,281040,291403
MIER2,True,0.07912500202655792,0.07262499630451202,0.073375,0.068875,0.016284133874315734,chr19,305573,344815
THEG,True,0.0,0.0,0.0,0.0,0.0,chr19,361747,376026
C2CD4C,True,0.02187499962747097,0.012875000014901161,0.0215,0.0125,0.02509704228448932,chr19,405445,409147
SHC2,True,0.08574999868869781,0.14112499356269836,0.078125,0.124875,-0.13032060585832997,chr19,416589,461033
ODF3L2,True,0.0001250000059371814,0.0005000000237487257,0.000125,0.0005,-0.0010813455417207235,chr19,463346,474983
MADCAM1,True,0.020375000312924385,0.017500000074505806,0.019625,0.016875,0.007992791413378041,chr19,489176,505343
TPGS1,True,0.30250000953674316,0.23762500286102295,0.2435,0.203,0.12161385055889194,chr19,507497,519654
CDC34,True,0.3230000138282776,0.3043749928474426,0.258125,0.248,0.03302422438267202,chr19,531760,542092
GZMM,True,0.0016250000335276127,0.002749999985098839,0.001625,0.00275,-0.003231925386169253,chr19,544034,549924
BSG,True,1.1826250553131104,1.2141250371932983,0.612125,0.62275,-0.02675861880560003,chr19,571277,583494
HCN2,True,0.016124999150633812,0.016750000417232513,0.016125,0.01625,-0.0017459737883115947,chr19,589881,617159
POLRMT,True,0.08375000208616257,0.06012500077486038,0.079625,0.0565,0.05960182660453404,chr19,617221,633537
FGF22,True,0.0043750000186264515,0.005874999798834324,0.00425,0.00575,-0.004284174877302164,chr19,639879,644373
RNF126,True,0.35225000977516174,0.3152500092983246,0.27875,0.254625,0.0640341584843045,chr19,647526,663233
FSTL3,True,0.016625000163912773,0.008124999701976776,0.01625,0.008125,0.023934012716045925,chr19,676392,683392
PRSS57,True,0.0,0.0,0.0,0.0,0.0,chr19,685546,695498
PALM,True,0.3682500123977661,0.3736250102519989,0.28175,0.286125,-0.008903632305201059,chr19,708935,748329
MISP,True,0.0037499999161809683,0.0021250001154839993,0.0035,0.002125,0.004661376798006668,chr19,751112,764318
PTBP1,True,0.210875004529953,0.12337499856948853,0.17225,0.11025,0.18949561379116778,chr19,797075,812327
PLPPR3,True,0.8058750033378601,0.7231249809265137,0.48275,0.472625,0.09444498223961939,chr19,812488,821955
AZU1,True,0.030500000342726707,0.04012500122189522,0.029,0.038875,-0.02594057700665343,chr19,825097,832018
PRTN3,True,0.0006249999860301614,0.0006249999860301614,0.000625,0.000625,0.0,chr19,840999,848175
ELANE,True,0.0,0.0,0.0,0.0,0.0,chr19,851014,856247
CFD,True,0.016875000670552254,0.028999999165534973,0.0165,0.02725,-0.03345229390798882,chr19,859453,867884
MED16,True,0.1655000001192093,0.11900000274181366,0.14675,0.108625,0.1044992505657448,chr19,867630,893218
R3HDM4,True,0.18449999392032623,0.1627500057220459,0.158,0.144625,0.04658575112081032,chr19,896503,913245
KISS1R,True,0.038624998182058334,0.006500000134110451,0.0315,0.00475,0.0887189190579333,chr19,917287,921005
ARID3A,True,0.07724999636411667,0.06612499803304672,0.07025,0.061375,0.02807562964952483,chr19,925781,975939
WDR18,True,0.27012500166893005,0.2783749997615814,0.222125,0.232125,-0.015372739994239907,chr19,984332,998438
GRIN3B,True,0.0002500000118743628,0.0002500000118743628,0.00025,0.00025,0.0,chr19,1000419,1009732
TMEM259,True,0.3619999885559082,0.24187499284744263,0.2885,0.207375,0.21651173931560497,chr19,1009648,1021179
CNN2,True,0.16899999976158142,0.18712499737739563,0.144125,0.161875,-0.038566358404000585,chr19,1026586,1039068
ABCA7,True,0.03212499991059303,0.03375000134110451,0.030375,0.0325,-0.004398983593471961,chr19,1039997,1065572
ARHGAP45,True,0.0012499999720603228,0.0013749999925494194,0.00125,0.001375,-0.0003597295312033468,chr19,1065923,1086628
POLR2E,True,0.4350000023841858,0.30912500619888306,0.33225,0.2495,0.2086037588653529,chr19,1086574,1095380
GPX4,True,1.6197500228881836,1.5402499437332153,0.650125,0.66725,0.05514823876199622,chr19,1103982,1106791
SBNO2,True,0.019874999299645424,0.017999999225139618,0.01925,0.01775,0.005212682174345286,chr19,1107637,1174268
STK11,True,0.15850000083446503,0.11424999684095383,0.14025,0.104125,0.10035749714224586,chr19,1177558,1228431
CBARP,True,0.11037500202655792,0.10512500256299973,0.10025,0.098125,0.012462682456104796,chr19,1228287,1238027
ATP5F1D,True,1.6699999570846558,1.7235000133514404,0.69475,0.7255,-0.03513739921429516,chr19,1241746,1244825
MIDN,True,0.7793750166893005,0.6190000176429749,0.466875,0.41775,0.19322915700758264,chr19,1248553,1259143
CIRBP,True,3.182374954223633,2.2699999809265137,0.848,0.800125,0.41075056883663935,chr19,1259384,1274880
FAM174C,True,0.24187499284744263,0.19449999928474426,0.196625,0.167625,0.09520141812439159,chr19,1275530,1279244
EFNA2,True,0.12725000083446503,0.164000004529953,0.112,0.145,-0.08214268386083648,chr19,1285873,1301431
PWWP3A,True,0.47337499260902405,0.4281249940395355,0.342375,0.322875,0.06867659866485552,chr19,1354711,1378431
NDUFS7,True,0.7647500038146973,0.7124999761581421,0.480125,0.462375,0.06086752456510029,chr19,1383527,1395589
GAMT,True,0.3643749952316284,0.3720000088214874,0.273625,0.2855,-0.012670811292633226,chr19,1397026,1401570
DAZAP1,True,0.20550000667572021,0.1823749989271164,0.179,0.1605,0.048081306770516426,chr19,1407569,1435687
RPS15,True,13.736749649047852,9.838500022888184,0.946875,0.975625,0.4615929211687319,chr19,1438358,1440495
APC2,True,0.49674999713897705,0.3856250047683716,0.348625,0.295875,0.17053574028316631,chr19,1446302,1473244
C19orf25,True,0.23337499797344208,0.19762499630451202,0.201625,0.173125,0.07209934927667869,chr19,1461143,1479219
PCSK4,True,0.0351249985396862,0.026249999180436134,0.033875,0.02525,0.024127600552964656,chr19,1481428,1490752
REEP6,True,0.03725000098347664,0.04450000077486038,0.0355,0.04225,-0.019338470701214118,chr19,1491166,1497927
ADAMTSL5,True,0.000750000006519258,0.0001250000059371814,0.00075,0.000125,0.001801792468761395,chr19,1505022,1513604
PLK5,True,0.003000000026077032,0.0018749999580904841,0.002875,0.001875,0.003230317596117446,chr19,1508023,1536046
MEX3D,True,0.24137499928474426,0.17075000703334808,0.203,0.151375,0.1444283006701686,chr19,1554672,1568325
MBD3,True,0.29899999499320984,0.19325000047683716,0.2445,0.164,0.20481978185578165,chr19,1573596,1592865
ENSG00000267059,True,0.0,0.000375000003259629,0.0,0.00025,-0.001081615734849726,chr19,1578339,1605445
UQCR11,True,2.232875108718872,1.9812500476837158,0.732125,0.74625,0.13935240081012848,chr19,1597169,1605473
TCF3,True,0.49524998664855957,0.4242500066757202,0.343,0.31575,0.10677579812974639,chr19,1609291,1652615
ONECUT3,True,0.0008750000270083547,0.0005000000237487257,0.000625,0.0005,0.0010805356041419087,chr19,1753506,1780988
ATP8B3,True,0.003375000087544322,0.0008750000270083547,0.003375,0.000875,0.007182962688068658,chr19,1782075,1812276
REXO1,True,0.08362500369548798,0.07625000178813934,0.07825,0.070375,0.01834684258379874,chr19,1815248,1848483
KLF16,True,0.07137499749660492,0.06674999743700027,0.06725,0.06325,0.011725428066558482,chr19,1852399,1863579
ABHD17A,True,0.38362500071525574,0.3720000088214874,0.298625,0.295375,0.019106088355595206,chr19,1876810,1885496
SCAMP4,True,0.09562499821186066,0.07212500274181366,0.088875,0.068375,0.05807391095161971,chr19,1905214,1926013
ADAT3,True,0.007000000216066837,0.005375000182539225,0.007,0.00525,0.004631448825380301,chr19,1905399,1913447
CSNK1G2,True,0.28837499022483826,0.20637500286102295,0.2355,0.175625,0.15844772028888537,chr19,1941172,1981338
BTBD2,True,0.12150000035762787,0.10700000077486038,0.108625,0.101375,0.034057873785309056,chr19,1985438,2034881
MKNK2,True,0.21199999749660492,0.1146249994635582,0.179625,0.103,0.21217078733243808,chr19,2037465,2051244
MOB3A,True,0.06875000149011612,0.05350000038743019,0.0645,0.05075,0.039211325961872434,chr19,2071036,2096673
IZUMO4,True,0.01912499964237213,0.020124999806284904,0.018375,0.019375,-0.002776417076527341,chr19,2096429,2099593
AP3D1,True,0.28174999356269836,0.22425000369548798,0.229625,0.1905,0.11021951541344312,chr19,2100988,2164468
DOT1L,True,0.13375000655651093,0.09787499904632568,0.1195,0.0905,0.08406997313116568,chr19,2163933,2232578
PLEKHJ1,True,0.5425000190734863,0.5734999775886536,0.379125,0.40275,-0.04227475101233593,chr19,2230084,2237704
SF3A2,True,0.21825000643730164,0.1378750056028366,0.188125,0.12575,0.1712123514060577,chr19,2236824,2248655
AMH,True,0.017000000923871994,0.061500001698732376,0.016375,0.057375,-0.11912174387224318,chr19,2249309,2252073
JSRP1,True,0.001500000013038516,0.0020000000949949026,0.0015,0.002,-0.0014376635740879261,chr19,2252252,2269759
OAZ1,True,2.7880001068115234,2.2286250591278076,0.812625,0.787875,0.2690361786463634,chr19,2269509,2273490
ENSG00000273734,True,0.0,0.0,0.0,0.0,0.0,chr19,2269525,2341172
PEAK3,True,0.0,0.0,0.0,0.0,0.0,chr19,2274631,2282175
LINGO3,True,0.020999999716877937,0.01862500049173832,0.020625,0.018375,0.006591618254965515,chr19,2287164,2308154
LSM7,True,1.9583749771118164,1.440500020980835,0.73825,0.668375,0.34127653873798375,chr19,2321520,2328611
SPPL2B,True,0.1251250058412552,0.08812499791383743,0.11475,0.082,0.088021900689861,chr19,2328615,2355095
TMPRSS9,True,0.0010000000474974513,0.000750000006519258,0.001,0.00075,0.0007200875004935684,chr19,2360238,2426261
TIMM13,True,0.8213750123977661,0.6578750014305115,0.4985,0.444125,0.19056045291123144,chr19,2425625,2427586
LMNB2,True,0.11337500065565109,0.08237499743700027,0.09975,0.076625,0.07482094885112098,chr19,2427638,2456959
GADD45B,True,0.026875000447034836,0.017625000327825546,0.017875,0.014375,0.02555342876994517,chr19,2476122,2478259
GNG7,True,0.04287499934434891,0.03999999910593033,0.040875,0.038375,0.007660641049311263,chr19,2511219,2702694
DIRAS1,True,0.1158749982714653,0.13187499344348907,0.103375,0.11825,-0.037001609557502264,chr19,2714567,2721372
ENSG00000267001,True,0.0008750000270083547,0.0016250000335276127,0.000875,0.001625,-0.0021586463678307383,chr19,2717769,2740048
SLC39A3,True,0.2709999978542328,0.23262499272823334,0.225875,0.20125,0.07365593822083988,chr19,2732204,2740028
SGTA,True,0.34150001406669617,0.3605000078678131,0.272125,0.29,-0.03221190978485139,chr19,2754715,2783362
THOP1,True,0.08562500029802322,0.057624999433755875,0.07975,0.055125,0.07068190197215313,chr19,2785503,2815807
ZNF554,True,0.029374999925494194,0.026125000789761543,0.028,0.026,0.008884457509839731,chr19,2819868,2836735
ZNF555,True,0.0885000005364418,0.07912500202655792,0.080375,0.073875,0.023167634271761356,chr19,2841437,2860471
ZNF556,True,0.0022499999031424522,0.001500000013038516,0.002125,0.0015,0.002155957805382697,chr19,2867335,2883445
ZNF57,True,0.020625000819563866,0.017249999567866325,0.020625,0.016875,0.009382853869271379,chr19,2900928,2918473
ZNF77,True,0.04699999839067459,0.03437500074505806,0.045125,0.033375,0.03368831187589671,chr19,2933218,2944971
TLE6,True,0.007625000085681677,0.010250000283122063,0.007625,0.01025,-0.007441155665389283,chr19,2977538,2995179
TLE2,True,0.1262499988079071,0.17362500727176666,0.108125,0.151625,-0.10520700162726615,chr19,2997639,3047635
TLE5,True,1.5826250314712524,1.6491249799728394,0.66,0.7105,-0.045346272396718186,chr19,3052910,3063107
GNA11,True,0.14624999463558197,0.15299999713897705,0.127625,0.136,-0.014990621998759938,chr19,3094362,3123999
GNA15,True,0.0,0.0,0.0,0.0,0.0,chr19,3136033,3163749
S1PR4,True,0.0,0.0,0.0,0.0,0.0,chr19,3172346,3180332
NCLN,True,0.06424999982118607,0.05025000125169754,0.06125,0.04875,0.03624726956126736,chr19,3185563,3209575
CELF5,True,0.7351250052452087,0.6946250200271606,0.423,0.437125,0.04809921953972614,chr19,3224661,3297076
NFIC,True,0.12224999815225601,0.09200000017881393,0.103125,0.083,0.07189714463229963,chr19,3314403,3469217
SMIM24,True,0.0005000000237487257,0.0001250000059371814,0.000375,0.000125,0.0010813455417206699,chr19,3473986,3480525
SMIM44,False,,,,,,chr19,3482110,3483441
DOHH,True,0.07750000059604645,0.05587499961256981,0.074,0.053875,0.0550604494464594,chr19,3490821,3500674
FZR1,True,0.09700000286102295,0.0793749988079071,0.087625,0.074625,0.043233507634204076,chr19,3506311,3538334
MFSD12,True,0.09387499839067459,0.0872500017285347,0.087,0.082125,0.01618448524264244,chr19,3538261,3574290
TEKTIP1,False,,,,,,chr19,3539171,3544030
HMG20B,True,0.2641249895095825,0.2446250021457672,0.211875,0.201,0.03729458405762145,chr19,3572777,3579088
GIPC3,True,0.000375000003259629,0.0006249999860301614,0.000375,0.000625,-0.0007206268588776313,chr19,3585478,3593541
TBXA2R,True,0.0006249999860301614,0.0028750000055879354,0.000625,0.002875,-0.0064694953858469816,chr19,3594507,3606875
CACTIN,True,0.05324999988079071,0.03762499988079071,0.050625,0.036625,0.041331319865396635,chr19,3610645,3626815
PIP5K1C,True,0.13050000369548798,0.12950000166893005,0.11775,0.1175,0.0022899972402582736,chr19,3630183,3700468
TJP3,True,0.0018749999580904841,0.002374999923631549,0.001875,0.002375,-0.0014365895552308715,chr19,3708362,3750813
APBA3,True,0.02449999935925007,0.019750000908970833,0.024125,0.0195,0.013124915433370384,chr19,3750772,3761692
MRPL54,True,0.40625,0.3294999897480011,0.311,0.264375,0.1276671266644266,chr19,3762682,3768575
RAX2,True,0.0001250000059371814,0.0,0.000125,0.0,0.0003606287006416438,chr19,3769089,3772228
MATK,True,0.013000000268220901,0.011125000193715096,0.01275,0.010875,0.005282668288220281,chr19,3777970,3802129
ZFR2,True,0.07337500154972076,0.07124999910593033,0.068,0.0665,0.005356748293829946,chr19,3804024,3869038
ATCAY,True,0.7315000295639038,0.6262500286102295,0.425875,0.4105,0.12888951978308913,chr19,3879864,3928082
NMRK2,True,0.0,0.0005000000237487257,0.0,0.000375,-0.001441974242362369,chr19,3933069,3942416
DAPK3,True,0.11262500286102295,0.07537499815225601,0.103875,0.07125,0.09050171555643963,chr19,3958453,3971123
EEF2,True,3.8802499771118164,2.953624963760376,0.8585,0.8605,0.3429017793952002,chr19,3976056,3985463
PIAS4,True,0.14675000309944153,0.14287500083446503,0.13025,0.128375,0.008669905373511292,chr19,4007736,4039386
ZBTB7A,True,0.10000000149011612,0.08100000023841858,0.088375,0.074375,0.046424340082300904,chr19,4043303,4066899
MAP2K2,True,1.0850000381469727,0.909250020980835,0.585625,0.542,0.16955528612884416,chr19,4090321,4124122
CREB3L3,True,0.0,0.0,0.0,0.0,0.0,chr19,4153631,4173054
SIRT6,True,0.14762499928474426,0.11675000190734863,0.131875,0.108375,0.07047286189495375,chr19,4174109,4182566
ANKRD24,True,0.002374999923631549,0.003000000026077032,0.002375,0.003,-0.0017937280408866672,chr19,4182689,4224814
EBI3,True,0.0001250000059371814,0.0002500000118743628,0.000125,0.000125,-0.000360538577257549,chr19,4229523,4237528
YJU2,True,0.10925000160932541,0.0923750028014183,0.09975,0.085625,0.040523587078906624,chr19,4247080,4269088
SHD,True,0.05037499964237213,0.03350000083446503,0.04725,0.032125,0.04492666491845311,chr19,4279266,4290722
TMIGD2,True,0.0028750000055879354,0.0011249999515712261,0.00275,0.001125,0.005029320630312822,chr19,4292227,4302431
FSD1,True,0.48212501406669617,0.5196250081062317,0.3435,0.3795,-0.05406008248058138,chr19,4304598,4323843
STAP2,True,0.009750000201165676,0.013875000178813934,0.0095,0.013375,-0.01162759648001851,chr19,4324043,4342786
MPND,True,0.07712499797344208,0.05712499842047691,0.07275,0.0555,0.050882770460961194,chr19,4343527,4360086
SH3GL1,True,0.18537500500679016,0.18674999475479126,0.162,0.164875,-0.0028914152209947035,chr19,4360370,4400547
CHAF1A,True,0.06925000250339508,0.04749999940395355,0.057625,0.043625,0.05620342956325552,chr19,4402640,4445018
UBXN6,True,0.23987500369548798,0.22849999368190765,0.20025,0.195,0.02235259909821973,chr19,4444999,4457794
HDGFL2,True,0.5195000171661377,0.3955000042915344,0.3655,0.301625,0.1870964554085712,chr19,4472297,4502208
PLIN4,True,0.0013749999925494194,0.0010000000474974513,0.001375,0.001,0.001079457461086426,chr19,4502192,4518486
PLIN5,True,0.021124999970197678,0.012249999679625034,0.018375,0.011125,0.024781388616937114,chr19,4522531,4535224
ENSG00000267385,True,0.0022499999031424522,0.0006249999860301614,0.00225,0.0005,0.004675321199257721,chr19,4528427,4540067
LRG1,True,0.0022499999031424522,0.0022499999031424522,0.00225,0.00225,0.0,chr19,4536402,4540036
SEMA6B,True,0.0951249971985817,0.08412499725818634,0.086625,0.078125,0.026915591672213145,chr19,4542593,4581776
TNFAIP8L1,True,0.030750000849366188,0.05062500014901161,0.02825,0.0475,-0.053037645984060466,chr19,4639516,4655568
MYDGF,True,0.5217499732971191,0.4386250078678131,0.371125,0.334375,0.12242140181405269,chr19,4641374,4670362
DPP9,True,0.05225000157952309,0.039124999195337296,0.0485,0.037375,0.034701708900384556,chr19,4674341,4724673
FEM1A,True,0.07850000262260437,0.06324999779462814,0.071875,0.05925,0.038541563061243206,chr19,4791734,4801273
TICAM1,True,0.0008750000270083547,0.000750000006519258,0.00075,0.00075,0.00036008867710125104,chr19,4815932,4831712
PLIN3,True,0.15974999964237213,0.16124999523162842,0.135625,0.138375,-0.0032763620536679075,chr19,4838341,4867694
ARRDC5,True,0.0001250000059371814,0.0,0.000125,0.0,0.0003606287006416438,chr19,4890437,4902896
UHRF1,True,0.05637500062584877,0.04762500151991844,0.04525,0.042125,0.02286928374799983,chr19,4903080,4962154
KDM4B,True,0.3871249854564667,0.3375000059604645,0.287375,0.261125,0.08304817685104567,chr19,4969113,5153598
PTPRS,True,0.1835000067949295,0.2581250071525574,0.15875,0.20925,-0.1494944016705988,chr19,5158495,5340812
ZNRF4,True,0.002374999923631549,0.0012499999720603228,0.002375,0.00125,0.003234340577567263,chr19,5455417,5456856
TINCR,True,0.0063749998807907104,0.0021250001154839993,0.006125,0.002125,0.012159622969528697,chr19,5558167,5578349
SAFB2,True,0.31812500953674316,0.1979999989271164,0.249875,0.16825,0.2290942696577415,chr19,5586999,5624046
SAFB,True,0.6262500286102295,0.4722500145435333,0.4125,0.349875,0.21212788633485435,chr19,5623035,5668478
RPL36,True,9.090250015258789,6.668125152587891,0.920125,0.9505,0.41997259991667296,chr19,5674947,5691875
MICOS13,True,0.499875009059906,0.46650001406669617,0.35325,0.34525,0.04897800637369695,chr19,5678421,5680516
HSD11B1L,True,0.34437501430511475,0.3695000112056732,0.271875,0.2895,-0.042302157244609576,chr19,5680604,5688523
LONP1,True,0.14112499356269836,0.07599999755620956,0.1245,0.071125,0.15453684617034213,chr19,5691834,5720572
CATSPERD,True,0.0017500000540167093,0.0017500000540167093,0.00175,0.00175,0.0,chr19,5720637,5778734
PRR22,True,0.0042500002309679985,0.0031250000465661287,0.004125,0.003125,0.0032223012509086306,chr19,5782960,5784746
ENSG00000267157,True,0.0,0.0,0.0,0.0,0.0,chr19,5784005,5785619
DUS3L,True,0.04324999824166298,0.035624999552965164,0.0405,0.034125,0.0203929667159296,chr19,5784832,5791225
NRTN,True,0.006750000175088644,0.0062500000931322575,0.006375,0.006,0.001424181040614017,chr19,5805067,5828324
FUT6,True,0.0012499999720603228,0.0011249999515712261,0.001125,0.001125,0.0003598192505183204,chr19,5830408,5839722
FUT3,True,0.0008750000270083547,0.0002500000118743628,0.000875,0.00025,0.001801342568605307,chr19,5842888,5851471
FUT5,True,0.0008750000270083547,0.0001250000059371814,0.000875,0.000125,0.002161881145862743,chr19,5865826,5870540
ENSG00000267740,True,0.000375000003259629,0.0,0.000375,0.0,0.0010816157348496642,chr19,5866171,5903787
NDUFA11,True,1.6649999618530273,1.4101250171661377,0.672375,0.667875,0.1806999341802406,chr19,5891276,5904006
ENSG00000267314,True,0.0001250000059371814,0.0,0.000125,0.0,0.0003606287006416438,chr19,5904841,5914707
VMAC,True,0.0063749998807907104,0.007375000044703484,0.005875,0.00725,-0.002846255478003687,chr19,5904872,5910853
CAPS,True,0.011374999769032001,0.00925000011920929,0.011375,0.009125,0.0060075559328322675,chr19,5912339,5916211
ADAMTS10,True,0.08025000244379044,0.07374999672174454,0.07375,0.069125,0.01625238336256744,chr19,8580240,8610735
NFILZ,True,0.0,0.0,0.0,0.0,0.0,chr19,8630633,8681151
ACTL9,True,0.0,0.0,0.0,0.0,0.0,chr19,8697400,8698795
OR2Z1,True,0.0,0.0,0.0,0.0,0.0,chr19,8721634,8732160
ZNF558,True,0.03525000065565109,0.051249999552965164,0.033625,0.0495,-0.042493857122203306,chr19,8806170,8832314
MBD3L1,True,0.0,0.0,0.0,0.0,0.0,chr19,8832377,8843340
MUC16,True,0.0,0.0,0.0,0.0,0.0,chr19,8848844,9010390
OR1M1,True,0.0,0.0,0.0,0.0,0.0,chr19,9087061,9095669
OR7G2,True,0.0,0.0,0.0,0.0,0.0,chr19,9100407,9107475
OR7G1,True,0.0,0.0,0.0,0.0,0.0,chr19,9114828,9115763
OR7G3,True,0.0,0.0,0.0,0.0,0.0,chr19,9126012,9126950
ZNF317,True,0.0430000014603138,0.04075000062584877,0.040875,0.039875,0.005990440052551559,chr19,9140397,9163424
OR7D2,True,0.0002500000118743628,0.0001250000059371814,0.00025,0.000125,0.00036053857725762385,chr19,9178979,9188818
OR7D4,True,0.0,0.0,0.0,0.0,0.0,chr19,9210276,9219589
OR7E24,True,0.0,0.0,0.0,0.0,0.0,chr19,9247344,9252625
ZNF699,True,0.07387500256299973,0.06737499684095383,0.06775,0.063,0.016433958250411967,chr19,9291140,9309838
ZNF559,True,0.10737500339746475,0.07450000196695328,0.0975,0.06975,0.0802806376017054,chr19,9323772,9351162
ZNF559-ZNF177,True,0.006874999962747097,0.0036249998956918716,0.006875,0.003625,0.009280109148809002,chr19,9324174,9382617
ZNF177,True,0.0013749999925494194,0.0013749999925494194,0.00125,0.001375,0.0,chr19,9363013,9382617
ZNF266,True,0.04137500002980232,0.051624998450279236,0.04,0.049125,-0.02705957077592902,chr19,9412429,9435573
ZNF560,True,0.008249999955296516,0.022749999538064003,0.00825,0.021625,-0.040582845596880676,chr19,9466355,9498616
ZNF426,True,0.1146249994635582,0.07349999994039536,0.101125,0.068625,0.09991296269555375,chr19,9523223,9538645
ZNF121,True,0.22062499821186066,0.17637500166893005,0.184625,0.15475,0.09142535941702212,chr19,9560329,9584504
ZNF561,True,0.0911249965429306,0.0689999982714653,0.08475,0.065625,0.05503458009661233,chr19,9604680,9621236
ZNF562,True,0.17687499523162842,0.09412500262260437,0.153,0.08575,0.18812291966163294,chr19,9641807,9675100
ZNF846,True,0.025499999523162842,0.020250000059604645,0.024625,0.020125,0.014485702752457946,chr19,9751993,9793180
FBXL12,True,0.11687500029802322,0.09412500262260437,0.1065,0.087375,0.05421167737002783,chr19,9810267,9827816
UBL5,True,3.007999897003174,2.4779999256134033,0.812875,0.807375,0.23630498754096654,chr19,9827892,9830115
PIN1,True,0.862625002861023,0.7475000023841858,0.5035,0.474375,0.127348765871067,chr19,9835257,9849689
OLFM2,True,0.22200000286102295,0.21462500095367432,0.175125,0.184375,0.014812455745000964,chr19,9853718,9936515
COL5A3,True,0.0008750000270083547,0.0002500000118743628,0.000625,0.00025,0.001801342568605307,chr19,9959561,10010504
RDH8,True,0.0,0.0,0.0,0.0,0.0,chr19,10013249,10022279
SHFL,True,0.017750000581145287,0.022874999791383743,0.016875,0.022,-0.014210442228573863,chr19,10086122,10093252
ANGPTL6,True,0.0002500000118743628,0.000750000006519258,0.00025,0.000625,-0.0014412538915039204,chr19,10092338,10102678
PPAN-P2RY11,True,0.001500000013038516,0.0024999999441206455,0.0015,0.0025,-0.002873895256169964,chr19,10106223,10114780
PPAN,True,0.10249999910593033,0.05525000020861626,0.094125,0.053,0.11782375088743682,chr19,10106362,10112012
P2RY11,True,0.014624999836087227,0.011374999769032001,0.01425,0.01125,0.009139911625320091,chr19,10111693,10115372
EIF3G,True,0.8528749942779541,0.7387499809265137,0.512,0.480375,0.12714350517553807,chr19,10115014,10119918
DNMT1,True,0.46162500977516174,0.38337498903274536,0.317625,0.29175,0.1224484319188077,chr19,10133342,10231286
S1PR2,True,0.015250000171363354,0.010250000283122063,0.01475,0.01025,0.014068322185845536,chr19,10221433,10231331
MRPL4,True,0.3478749990463257,0.2939999997615814,0.277125,0.245,0.0947125791402161,chr19,10251901,10260055
ICAM1,True,0.0002500000118743628,0.0,0.00025,0.0,0.0007211672778991771,chr19,10271093,10286615
ICAM4,True,0.0001250000059371814,0.0002500000118743628,0.000125,0.00025,-0.000360538577257549,chr19,10286955,10288522
ICAM5,True,0.010125000029802322,0.014750000089406967,0.00975,0.014375,-0.013021119540450831,chr19,10289952,10296778
ZGLP1,True,0.02525000087916851,0.03112499974668026,0.0245,0.0295,-0.016047178537350926,chr19,10304803,10309880
ENSG00000167807,True,0.06062500178813934,0.06212500110268593,0.057,0.058,-0.0038548970908955237,chr19,10305427,10316009
FDX2,True,0.12150000035762787,0.10762500017881393,0.108375,0.09875,0.032573162669507834,chr19,10309916,10316015
ENSG00000267303,True,0.0,0.0,0.0,0.0,0.0,chr19,10315471,10320678
RAVER1,True,0.023000000044703484,0.016374999657273293,0.022375,0.016125,0.01839179247167649,chr19,10316212,10333529
ICAM3,True,0.002749999985098839,0.0021250001154839993,0.00225,0.002,0.0017946198853186022,chr19,10333776,10339661
TYK2,True,0.04874999821186066,0.04112499952316284,0.046875,0.039375,0.020187135780543077,chr19,10350533,10380608
CDC37,True,0.578499972820282,0.5009999871253967,0.407125,0.372375,0.10758418452208525,chr19,10391133,10420121
PDE4A,True,0.0860000029206276,0.08637499809265137,0.0775,0.0785,-0.000922919190563488,chr19,10416773,10469630
KEAP1,True,0.0586250014603138,0.04987499862909317,0.05575,0.047875,0.02277645085308494,chr19,10486125,10503558
S1PR5,True,0.0002500000118743628,0.0,0.00025,0.0,0.0007211672778991771,chr19,10512742,10517931
ATG4D,True,0.0923750028014183,0.08974999934434891,0.086375,0.085875,0.006407250819738244,chr19,10543895,10553418
KRI1,True,0.05062500014901161,0.0442500002682209,0.04775,0.0425,0.016800611298996817,chr19,10553085,10566031
CDKN2D,True,1.1799999475479126,1.3255000114440918,0.507125,0.6005,-0.11983048985611852,chr19,10566460,10569059
AP1M2,True,0.0,0.0,0.0,0.0,0.0,chr19,10572671,10587315
SLC44A2,True,0.09724999964237213,0.10975000262260437,0.090875,0.101625,-0.02988291140892043,chr19,10602457,10644557
ILF3,True,1.0663750171661377,0.906000018119812,0.5765,0.53225,0.15583304702940529,chr19,10654304,10692400
QTRT1,True,0.148375004529953,0.15012499690055847,0.13175,0.132125,-0.003888651275209823,chr19,10701430,10713437
DNM2,True,0.10262499749660492,0.10949999839067459,0.094375,0.09825,-0.016365698407838948,chr19,10718055,10833488
TMED1,True,0.12524999678134918,0.10324999690055847,0.113625,0.096625,0.05167714195096964,chr19,10832067,10836318
C19orf38,True,0.0020000000949949026,0.000750000006519258,0.002,0.00075,0.003596848392287169,chr19,10836575,10869790
CARM1,True,0.15262499451637268,0.13975000381469727,0.132125,0.12675,0.028745990583863432,chr19,10871553,10923075
YIPF2,True,0.1379999965429306,0.10537499934434891,0.1215,0.097,0.07572731990836204,chr19,10922185,10928681
TIMM29,True,0.1381250023841858,0.09387499839067459,0.124,0.087625,0.1036797636540889,chr19,10928811,10933535
SMARCA4,True,1.1456249952316284,1.0348750352859497,0.572,0.567625,0.10051441142204177,chr19,10960932,11079426
LDLR,True,0.3422499895095825,0.3628750145435333,0.257625,0.27675,-0.034903098108836024,chr19,11089418,11133820
SPC24,True,0.017124999314546585,0.011749999597668648,0.0135,0.010125,0.015073854433650252,chr19,11131520,11155807
KANK2,True,0.005750000011175871,0.0031250000465661287,0.005125,0.003125,0.007507536567294468,chr19,11164270,11197791
DOCK6,True,0.0008750000270083547,0.000375000003259629,0.000875,0.000375,0.0014408941116547096,chr19,11199295,11262524
ANGPTL8,True,0.0005000000237487257,0.000750000006519258,0.0005,0.00075,-0.0007204469270407826,chr19,11237502,11241943
TSPAN16,True,0.0018749999580904841,0.0012499999720603228,0.00175,0.00125,0.001797751022336563,chr19,11296139,11326996
RAB3D,True,0.058125000447034836,0.08749999850988388,0.05525,0.082375,-0.07400057662903296,chr19,11322068,11346270
TMEM205,True,0.2370000034570694,0.23662500083446503,0.20025,0.19975,0.0007342633764416516,chr19,11342776,11346518
CCDC159,True,0.008750000037252903,0.006624999921768904,0.00875,0.0065,0.0060386194351844304,chr19,11344684,11354944
PLPPR2,True,0.33812499046325684,0.3333750069141388,0.249,0.261375,0.008199576629470505,chr19,11355386,11365698
SWSAP1,True,0.039374999701976776,0.03112499974668026,0.036875,0.030875,0.022237215643985165,chr19,11374666,11376951
EPOR,True,0.054625000804662704,0.06624999642372131,0.05075,0.063,-0.02992648590861468,chr19,11377207,11384342
RGL3,True,0.0,0.0,0.0,0.0,0.0,chr19,11384341,11419328
ODAD3,True,0.00774999987334013,0.006000000052154064,0.007375,0.005875,0.004980949093257353,chr19,11420604,11435782
PRKCSH,True,0.2121250033378601,0.13562500476837158,0.181625,0.122,0.16395462806506644,chr19,11435284,11450968
ELAVL3,True,1.4901249408721924,1.612125039100647,0.556375,0.674375,-0.08583623905048542,chr19,11451326,11481046
ENSG00000267477,True,0.0,0.0,0.0,0.0,0.0,chr19,11466240,11505698
ZNF653,True,0.0403750017285347,0.03087499924004078,0.039125,0.02975,0.02558873422859917,chr19,11483427,11505839
ECSIT,True,0.203125,0.1928749978542328,0.177875,0.16725,0.021186093172675034,chr19,11505929,11529172
CNN1,True,0.0022499999031424522,0.0006249999860301614,0.00225,0.000625,0.004675321199257721,chr19,11538767,11550323
ELOF1,True,0.2641249895095825,0.20412500202655792,0.22125,0.179875,0.11797707156676517,chr19,11551147,11559230
ZNF627,True,0.08612500131130219,0.06237500160932541,0.079875,0.05975,0.05967591124092815,chr19,11559374,11619161
ACP5,True,0.0001250000059371814,0.0,0.000125,0.0,0.0003606287006416438,chr19,11574653,11579993
ZNF823,True,0.019625000655651093,0.015250000171363354,0.019125,0.015125,0.012198244425660542,chr19,11721265,11739009
ZNF441,True,0.06849999725818634,0.06575000286102295,0.0645,0.0615,0.006995655371621112,chr19,11767000,11784078
ZNF491,True,0.0351249985396862,0.03087499924004078,0.03325,0.029875,0.011503724977766642,chr19,11797667,11809622
ZNF440,True,0.029374999925494194,0.027374999597668648,0.0285,0.026625,0.0054608828977846515,chr19,11814273,11835216
ZNF439,True,0.07400000095367432,0.09737499803304672,0.068,0.089625,-0.05758611842350193,chr19,11848726,11883750
ZNF69,True,0.0533749982714653,0.0377499982714653,0.050625,0.0365,0.041321848805744965,chr19,11887782,11914329
ZNF700,True,0.029500000178813934,0.029124999418854713,0.02825,0.028625,0.0010221027456510754,chr19,11925068,11950773
ENSG00000267179,True,0.0002500000118743628,0.0001250000059371814,0.00025,0.000125,0.00036053857725762385,chr19,11925075,11979290
ZNF763,True,0.00925000011920929,0.004749999847263098,0.00925,0.004625,0.012805070408690373,chr19,11965037,11980617
ENSG00000286098,True,0.0,0.0,0.0,0.0,0.0,chr19,11987641,12078106
ZNF433,True,0.05324999988079071,0.048875000327825546,0.050625,0.045875,0.0114539155019356,chr19,12014715,12035741
ENSG00000257355,True,0.0,0.0,0.0,0.0,0.0,chr19,12017888,12052967
ZNF878,True,0.0008750000270083547,0.000750000006519258,0.000875,0.00075,0.00036008867710125104,chr19,12043805,12052961
ZNF844,True,0.032249998301267624,0.019375000149011612,0.03025,0.01925,0.03532746777615544,chr19,12064731,12081565
ENSG00000286132,True,0.0020000000949949026,0.0006249999860301614,0.002,0.000625,0.003957026967962847,chr19,12075327,12113325
ZNF20,True,0.013375000096857548,0.010374999605119228,0.012875,0.01025,0.008455381142319135,chr19,12092843,12140355
ZNF625-ZNF20,True,0.0001250000059371814,0.0,0.000125,0.0,0.0003606287006416438,chr19,12132117,12156731
ZNF625,True,0.039124999195337296,0.02449999935925007,0.037375,0.02375,0.039677037766413945,chr19,12142090,12156734
ZNF136,True,0.07774999737739563,0.048374999314546585,0.07225,0.047,0.07528254870284375,chr19,12163064,12189871
ZNF44,True,0.051375001668930054,0.04362500086426735,0.047875,0.042,0.020422053701343115,chr19,12224686,12294883
ZNF563,True,0.013124999590218067,0.012000000104308128,0.012875,0.0115,0.0031665052191143586,chr19,12317477,12333720
ZNF442,True,0.0063749998807907104,0.006624999921768904,0.00625,0.00625,-0.0007120904772635421,chr19,12345944,12365905
ZNF799,True,0.013000000268220901,0.008500000461935997,0.012625,0.0085,0.012711051193278103,chr19,12390016,12401271
ENSG00000268870,True,0.000375000003259629,0.0005000000237487257,0.000375,0.0005,-0.00036035850751268067,chr19,12391949,12441082
ZNF443,True,0.03412500023841858,0.029374999925494194,0.032375,0.028625,0.012887348308578727,chr19,12429706,12441021
ENSG00000269755,True,0.000375000003259629,0.0008750000270083547,0.000375,0.000875,-0.0014408941116547302,chr19,12433103,12484816
ZNF709,True,0.010125000029802322,0.006624999921768904,0.00975,0.006625,0.009932535518319935,chr19,12461184,12513854
ENSG00000196826,True,0.0,0.0,0.0,0.0,0.0,chr19,12461559,12551474
ZNF564,True,0.01862500049173832,0.013375000096857548,0.01825,0.013125,0.014678710988306287,chr19,12525373,12551542
ENSG00000269693,True,0.0,0.0,0.0,0.0,0.0,chr19,12525720,12580975
ZNF490,True,0.06237500160932541,0.06925000250339508,0.059375,0.06425,-0.017529926773626282,chr19,12576100,12640098
ZNF791,True,0.257874995470047,0.22075000405311584,0.2035,0.182625,0.0724609688697892,chr19,12610918,12633840
ENSG00000269242,True,0.0002500000118743628,0.000375000003259629,0.00025,0.000375,-0.00036044845695056536,chr19,12643831,12648397
MAN2B1,True,0.009624999947845936,0.00774999987334013,0.009625,0.007625,0.005317717404636592,chr19,12646511,12666742
ENSG00000269590,True,0.0,0.0,0.0,0.0,0.0,chr19,12664828,12669397
WDR83,True,0.12250000238418579,0.09749999642372131,0.112625,0.091375,0.059135138247991666,chr19,12666802,12675832
ENSG00000285589,True,0.0677499994635582,0.042249999940395355,0.063625,0.0405,0.06629765183005758,chr19,12668071,12681834
WDR83OS,True,0.011125000193715096,0.005125000141561031,0.011125,0.005125,0.017035711485369538,chr19,12668073,12669415
DHPS,True,0.6503750085830688,0.675125002861023,0.429375,0.448375,-0.03070999105276174,chr19,12675717,12681880
GNG14,True,0.0,0.0,0.0,0.0,0.0,chr19,12687998,12688422
FBXW9,True,0.07462500035762787,0.0637499988079071,0.069125,0.0605,0.027565236622636973,chr19,12688053,12696631
TNPO2,True,0.25587499141693115,0.20737500488758087,0.20675,0.177875,0.09567241521852884,chr19,12699201,12724011
TRIR,True,1.9833749532699585,1.658750057220459,0.735625,0.71625,0.20210588780109887,chr19,12730640,12734684
GET3,True,0.47350001335144043,0.4503749907016754,0.347,0.336625,0.034684126887691326,chr19,12737139,12748323
BEST2,True,0.000375000003259629,0.0006249999860301614,0.000375,0.000625,-0.0007206268588776313,chr19,12751702,12758458
HOOK2,True,0.14512500166893005,0.1054999977350235,0.12975,0.097625,0.09145177471860257,chr19,12763003,12872740
JUNB,True,0.30924999713897705,0.18700000643730164,0.208625,0.151,0.236275342772281,chr19,12791486,12793315
PRDX2,True,4.508749961853027,4.331999778747559,0.86075,0.896,0.05183020506498297,chr19,12796820,12801800
THSD8,True,0.000750000006519258,0.000750000006519258,0.00075,0.00075,0.0,chr19,12802031,12813581
RNASEH2A,True,0.05037499964237213,0.038750000298023224,0.046125,0.035125,0.030798973224921342,chr19,12806584,12813640
RTBDN,True,0.007625000085681677,0.005375000182539225,0.0075,0.005125,0.006408823375047318,chr19,12825478,12835428
MAST1,True,0.16850000619888306,0.179625004529953,0.14475,0.156875,-0.02381135894298937,chr19,12833951,12874952
DNASE2,True,0.07362499833106995,0.054249998182058334,0.0675,0.05125,0.04957103707956833,chr19,12875209,12881595
KLF1,True,0.00712500000372529,0.0043750000186264515,0.007,0.004375,0.007844628998449739,chr19,12884422,12887201
GCDH,True,0.09212499856948853,0.04924999922513962,0.083,0.047625,0.10843880070801534,chr19,12891160,12914207
SYCE2,True,0.013624999672174454,0.00937500037252903,0.013125,0.009125,0.011987269185933382,chr19,12898786,12919293
FARSA,True,0.2328750044107437,0.20337499678134918,0.1955,0.17675,0.05927310862343574,chr19,12922479,12934037
CALR,True,1.371000051498413,1.1818749904632568,0.5795,0.571375,0.15373912060304026,chr19,12938578,12944489
RAD23A,True,0.6306250095367432,0.5992500185966492,0.414875,0.40475,0.040600958058080706,chr19,12945855,12953642
GADD45GIP1,True,1.0679999589920044,0.9713749885559082,0.5635,0.56075,0.09176054896607994,chr19,12953119,12957223
DAND5,True,0.0005000000237487257,0.0002500000118743628,0.0005,0.00025,0.0007208069644632164,chr19,12965159,12974760
NFIX,True,0.1679999977350235,0.09149999916553497,0.130875,0.080125,0.17546993127783925,chr19,12995475,13098796
LYL1,True,0.0006249999860301614,0.0008750000270083547,0.000625,0.000875,-0.0007202672527771538,chr19,13099033,13103161
TRMT1,True,0.10887499898672104,0.08474999666213989,0.100125,0.079625,0.058326127322280784,chr19,13104902,13117567
NACC1,True,0.06587500125169754,0.045875001698732376,0.063,0.04475,0.05191277416919412,chr19,13116862,13141147
STX10,True,0.2528750002384186,0.23787499964237213,0.2155,0.2045,0.029033918291530132,chr19,13144058,13150383
IER2,True,1.1696250438690186,0.7737500071525574,0.447625,0.366125,0.39044199126818585,chr19,13150411,13154911
CACNA1A,True,0.17012499272823334,0.18937499821186066,0.139,0.15775,-0.04085876262915658,chr19,13206442,13633025
YJU2B,False,,,,,,chr19,13731760,13763296
MRI1,True,0.04899999871850014,0.04874999821186066,0.046625,0.045875,0.0006571159159962671,chr19,13764522,13774282
C19orf53,True,0.8792499899864197,0.6990000009536743,0.51075,0.4615,0.20205231009716132,chr19,13774456,13778773
ZSWIM4,True,0.05324999988079071,0.05874999985098839,0.05075,0.056,-0.014271380195778708,chr19,13795443,13832254
NANOS3,True,0.07124999910593033,0.0677499994635582,0.06625,0.063875,0.008866458343705025,chr19,13862063,13880757
BRME1,True,0.04437499865889549,0.039500001817941666,0.04225,0.03725,0.012977845582614923,chr19,13882348,13906452
CC2D1A,True,0.05999999865889549,0.05249999836087227,0.0565,0.049375,0.019452363491275163,chr19,13906201,13930879
PODNL1,True,0.000750000006519258,0.0008750000270083547,0.00075,0.00075,-0.00036008867710136337,chr19,13931187,13953392
DCAF15,True,0.1421249955892563,0.1289999932050705,0.12975,0.118375,0.029794157142899947,chr19,13952509,13961449
RFX1,True,0.14624999463558197,0.10599999874830246,0.128,0.0945,0.09277457273366238,chr19,13961530,14007039
RLN3,True,0.0,0.0,0.0,0.0,0.0,chr19,14028148,14031551
IL27RA,True,0.01600000075995922,0.021124999970197678,0.01525,0.020125,-0.014258399177843644,chr19,14031762,14053218
PALM3,True,0.011625000275671482,0.023624999448657036,0.011,0.022875,-0.033447215127028224,chr19,14053363,14062076
MISP3,True,0.02837499976158142,0.020625000819563866,0.0265,0.019875,0.021317613855816247,chr19,14072536,14075062
C19orf67,True,0.0,0.0,0.0,0.0,0.0,chr19,14081624,14085875
SAMD1,True,0.3682500123977661,0.4267500042915344,0.276375,0.3145,-0.09406969051752066,chr19,14087851,14091036
PRKACA,True,0.1469999998807907,0.12462499737739563,0.129625,0.1145,0.05077540504822781,chr19,14091688,14118084
SMIM46,False,,,,,,chr19,14112324,14112476
ASF1B,True,0.011374999769032001,0.00774999987334013,0.00975,0.006875,0.010263297300169692,chr19,14119512,14136613
ADGRL1,True,0.28812500834465027,0.25187501311302185,0.230375,0.207125,0.06793162326614784,chr19,14147743,14206187
ADGRE5,True,0.0036249998956918716,0.0011249999515712261,0.003625,0.001125,0.007179387838446912,chr19,14380501,14408725
DDX39A,True,0.3578749895095825,0.33012500405311584,0.269875,0.255875,0.04743883143324005,chr19,14408798,14419383
PKN1,True,0.257999986410141,0.24549999833106995,0.21525,0.207125,0.02398947325190573,chr19,14433053,14471867
PTGER1,True,0.000750000006519258,0.0012499999720603228,0.00075,0.00125,-0.001439815430376734,chr19,14472466,14475354
GIPC1,True,0.33000001311302185,0.30012500286102295,0.259875,0.245125,0.0528859506028206,chr19,14477760,14496149
DNAJB1,True,0.19862499833106995,0.1811250001192093,0.150625,0.13575,0.03659868038734582,chr19,14514769,14560391
TECR,True,0.6556249856948853,0.6959999799728394,0.43325,0.453375,-0.04954406360711223,chr19,14517085,14565980
NDUFB7,True,1.468999981880188,1.25962495803833,0.6655,0.64,0.16219512866599184,chr19,14566078,14572066
CLEC17A,True,0.0,0.0,0.0,0.0,0.0,chr19,14583084,14612035
ADGRE3,True,0.0,0.0,0.0,0.0,0.0,chr19,14619117,14690027
ZNF333,True,0.09049999713897705,0.0728750005364418,0.083125,0.06925,0.04371667068191996,chr19,14689801,14733746
ADGRE2,True,0.0001250000059371814,0.0001250000059371814,0.000125,0.000125,0.0,chr19,14732392,14778560
OR7C1,True,0.0005000000237487257,0.0002500000118743628,0.0005,0.00025,0.0007208069644632164,chr19,14789260,14835376
OR7A5,True,0.0,0.0,0.0,0.0,0.0,chr19,14826241,14835185
OR7A10,True,0.0,0.0,0.0,0.0,0.0,chr19,14840466,14848922
OR7A17,True,0.0002500000118743628,0.0001250000059371814,0.00025,0.000125,0.00036053857725762385,chr19,14878203,14886132
OR7C2,True,0.0,0.0,0.0,0.0,0.0,chr19,14941489,14942448
SLC1A6,True,0.0703750029206276,0.0728750005364418,0.063875,0.068125,-0.006309625892226952,chr19,14950033,15022990
CCDC105,True,0.0,0.0,0.0,0.0,0.0,chr19,15010726,15023276
CASP14,True,0.0,0.0,0.0,0.0,0.0,chr19,15049480,15058293
OR1I1,True,0.0,0.0,0.0,0.0,0.0,chr19,15082211,15092970
SYDE1,True,0.009875000454485416,0.004124999977648258,0.0095,0.004125,0.01636210273658261,chr19,15107401,15114985
ILVBL,True,0.12737500667572021,0.1237500011920929,0.1165,0.111875,0.008360143128959588,chr19,15114984,15125786
NOTCH3,True,0.06549999862909317,0.026499999687075615,0.057375,0.02375,0.10309349032413025,chr19,15159038,15200995
EPHX3,True,0.0008750000270083547,0.0001250000059371814,0.000875,0.000125,0.002161881145862743,chr19,15226919,15233435
BRD4,True,0.49562498927116394,0.4008750021457672,0.352375,0.30625,0.1442754974218757,chr19,15235519,15332545
AKAP8,True,0.10750000178813934,0.07587499916553497,0.096375,0.071125,0.07712872222593817,chr19,15353385,15379815
AKAP8L,True,0.5446249842643738,0.4896250069141388,0.38975,0.361375,0.07803125266449604,chr19,15380050,15419141
WIZ,True,0.21437500417232513,0.20250000059604645,0.18,0.179,0.024183375195573002,chr19,15419978,15449956
RASAL3,True,0.0017500000540167093,0.000750000006519258,0.00175,0.00075,0.002878195686442784,chr19,15451624,15464544
PGLYRP2,True,0.0,0.0,0.0,0.0,0.0,chr19,15468645,15498956
CYP4F22,True,0.0,0.0,0.0,0.0,0.0,chr19,15508525,15552317
APOC4-APOC2,True,0.0,0.0,0.0,0.0,0.0,chr19,44942238,44949565
APOC2,True,0.0,0.0001250000059371814,0.0,0.000125,-0.00036062870064157426,chr19,44946035,44949565
CLPTM1,True,0.1758749932050705,0.1616249978542328,0.150625,0.141125,0.03074269262186212,chr19,44954585,44993341
RELB,True,0.009875000454485416,0.005874999798834324,0.009625,0.00575,0.011362659982769608,chr19,45001461,45038192
CLASRP,True,0.1316249966621399,0.09399999678134918,0.12025,0.087625,0.088605344010572,chr19,45039045,45070956
ZNF296,True,0.008875000290572643,0.009999999776482582,0.0085,0.009625,-0.003185929262765304,chr19,45071500,45076478
GEMIN7,True,0.08174999803304672,0.07962500303983688,0.078125,0.075125,0.0052794715867328324,chr19,45079195,45091518
MARK4,True,0.1367499977350235,0.1472499966621399,0.122375,0.1305,-0.023596003317751222,chr19,45079288,45305284
PPP1R37,True,0.12200000137090683,0.08637499809265137,0.112,0.081625,0.0850909925071339,chr19,45091396,45148077
NKPD1,True,0.0022499999031424522,0.0013749999925494194,0.00225,0.00125,0.0025155976620019785,chr19,45149744,45160982
TRAPPC6A,True,0.21875,0.19349999725818634,0.180875,0.167375,0.05159417409931967,chr19,45162928,45178237
BLOC1S3,True,0.022874999791383743,0.019999999552965164,0.02175,0.019875,0.00795447028023469,chr19,45178784,45216933
EXOC3L2,True,0.000375000003259629,0.0,0.000375,0.0,0.0010816157348496642,chr19,45212370,45245407
CKM,True,0.0002500000118743628,0.0001250000059371814,0.00025,0.000125,0.00036053857725762385,chr19,45306413,45322875
KLC3,True,0.0036249998956918716,0.0028750000055879354,0.003625,0.002875,0.002150067208133895,chr19,45333434,45351520
ERCC2,True,0.0651250034570694,0.06400000303983688,0.06175,0.060125,0.002874850969850773,chr19,45349837,45370918
PPP1R13L,True,0.005499999970197678,0.002749999985098839,0.00525,0.00275,0.00786991555536748,chr19,45379638,45406349
POLR1G,True,0.019999999552965164,0.011749999597668648,0.01875,0.01125,0.02307242589901298,chr19,45406644,45410737
ERCC1,True,0.39112499356269836,0.44574999809265137,0.29425,0.337125,-0.08583106294152365,chr19,45407334,45478828
FOSB,True,0.023125000298023224,0.005125000141561031,0.019375,0.005,0.0505152716718327,chr19,45467995,45475179
RTN2,True,0.29750001430511475,0.30537500977516174,0.23275,0.244875,-0.014176162401504856,chr19,45485294,45497055
PPM1N,True,0.005125000141561031,0.007000000216066837,0.004875,0.00675,-0.005345301030396137,chr19,45488777,45502513
VASP,True,0.06562499701976776,0.061124999076128006,0.062875,0.058125,0.011523690716287317,chr19,45506579,45526989
OPA3,True,0.04899999871850014,0.042249999940395355,0.045125,0.040125,0.017847998123905116,chr19,45527767,45602212
GPR4,True,0.000375000003259629,0.0001250000059371814,0.000375,0.000125,0.0007209870342079583,chr19,45589764,45602212
EML2,True,0.07450000196695328,0.05400000140070915,0.0705,0.052,0.05242091788872808,chr19,45606994,45645602
GIPR,True,0.004000000189989805,0.008875000290572643,0.004,0.00875,-0.013887582920042966,chr19,45668221,45683722
SNRPD2,True,1.5540000200271606,1.1230000257492065,0.661875,0.598375,0.33977317294833076,chr19,45687460,45692569
QPCTL,True,0.013124999590218067,0.009750000201165676,0.013125,0.009625,0.009520444927094132,chr19,45692403,45703989
FBXO46,True,0.05962499976158142,0.04899999871850014,0.0565,0.04775,0.027654266651312234,chr19,45710629,45730896
MEIOSIN,True,0.0,0.0,0.0,0.0,0.0,chr19,45733439,45764541
SIX5,True,0.02775000035762787,0.011874999850988388,0.026625,0.011375,0.0440631282164042,chr19,45764785,45769252
DMPK,True,0.05950000137090683,0.046875,0.056125,0.0455,0.03292702290428326,chr19,45769709,45782552
ENSG00000268434,True,0.0,0.0,0.0,0.0,0.0,chr19,45779437,45785973
DMWD,True,0.12737500667572021,0.08799999952316284,0.116125,0.081125,0.09351190244440505,chr19,45782947,45792845
RSPH6A,True,0.0,0.0,0.0,0.0,0.0,chr19,45795713,45815308
SYMPK,True,0.125,0.10975000262260437,0.114125,0.102625,0.035638330548069246,chr19,45815410,45863194
FOXA3,True,0.0002500000118743628,0.0001250000059371814,0.00025,0.000125,0.00036053857725762385,chr19,45863989,45873797
IRF2BP1,True,0.08487500250339508,0.0560000017285347,0.079875,0.054,0.07304344232670006,chr19,45883608,45886141
MYPOP,True,0.0533749982714653,0.052000001072883606,0.051,0.0495,0.003589194009196706,chr19,45890023,45902613
NANOS2,True,0.0011249999515712261,0.0002500000118743628,0.001125,0.00025,0.002521250071362306,chr19,45913214,45914778
NOVA2,True,0.4038749933242798,0.3151249885559082,0.293375,0.2515,0.14910196612539092,chr19,45933734,45974044
CCDC61,True,0.01837499998509884,0.016374999657273293,0.01825,0.015875,0.0055769879659102635,chr19,45995461,46021318
PGLYRP1,True,0.0,0.0,0.0,0.0,0.0,chr19,46019153,46023053
IGFL4,True,0.0035000001080334187,0.0010000000474974513,0.0035,0.001,0.007181174984352988,chr19,46039182,46077118
IGFL3,True,0.0001250000059371814,0.0,0.000125,0.0,0.0003606287006416438,chr19,46120067,46124688
IGFL2,True,0.000750000006519258,0.0002500000118743628,0.00075,0.00025,0.001441253891503956,chr19,46143106,46161298
IGFL1,True,0.0,0.0,0.0,0.0,0.0,chr19,46229742,46231243
HIF3A,True,0.24012500047683716,0.23987500369548798,0.19275,0.201,0.0004873907014922223,chr19,46297042,46343433
PPP5C,True,0.16075000166893005,0.15962499380111694,0.14025,0.14125,0.002458458650280301,chr19,46347087,46392981
CCDC8,True,0.05287500098347664,0.02199999988079071,0.04875,0.020875,0.08290353322456265,chr19,46410329,46413564
PNMA8C,True,0.036375001072883606,0.04612499848008156,0.034,0.0435,-0.02598919779492336,chr19,46424697,46428936
PNMA8A,True,0.12712499499320984,0.11550000309944153,0.11175,0.103125,0.026994157496861872,chr19,46466491,46471563
PNMA8B,True,0.07862500101327896,0.07474999874830246,0.07075,0.0685,0.009694102242054754,chr19,46486906,46495879
CALM3,True,2.2668750286102295,2.038249969482422,0.718875,0.757875,0.12442332896564534,chr19,46601074,46610782
PTGIR,True,0.0005000000237487257,0.0010000000474974513,0.0005,0.001,-0.0014405344275341867,chr19,46620468,46625089
GNG8,True,0.04662499949336052,0.04500000178813934,0.03775,0.040875,0.00429520734628926,chr19,46633953,46636541
DACT3,True,0.13324999809265137,0.13574999570846558,0.11525,0.123625,-0.00568437958430676,chr19,46647551,46661182
PRKD2,True,0.03212499991059303,0.026499999687075615,0.031125,0.026,0.015331654371054269,chr19,46674275,46717127
STRN4,True,0.2626250088214874,0.24375000596046448,0.214625,0.20525,0.03615606738114291,chr19,46719511,46746994
FKRP,True,0.045875001698732376,0.03350000083446503,0.04225,0.032375,0.03308235718884892,chr19,46746046,46776988
SLC1A5,True,0.054249998182058334,0.030750000849366188,0.046625,0.02675,0.06250439192112149,chr19,46774883,46788594
AP2S1,True,1.2200000286102295,1.2732499837875366,0.593,0.628125,-0.04398734547750231,chr19,46838136,46850846
ARHGAP35,True,0.34812501072883606,0.296875,0.26575,0.243125,0.08992349192281927,chr19,46860997,47005077
NPAS1,True,0.006750000175088644,0.005249999929219484,0.006125,0.005125,0.004276767787740688,chr19,47019837,47045775
TMEM160,True,0.9117500185966492,0.887374997138977,0.511625,0.5225,0.02512686021701878,chr19,47045909,47048624
ZC3H4,True,0.23012499511241913,0.19875000417232513,0.191875,0.173,0.06336708343873694,chr19,47064187,47113776
SAE1,True,0.2549999952316284,0.20399999618530273,0.206625,0.176625,0.10090121428087358,chr19,47113274,47210636
BBC3,True,0.31850001215934753,0.2605000138282776,0.226,0.206625,0.1060341639491008,chr19,47220822,47232766
CCDC9,True,0.03750000149011612,0.02775000035762787,0.036375,0.027,0.026410084151626295,chr19,47255980,47273701
INAFM1,True,0.19975000619888306,0.19162499904632568,0.158,0.159375,0.016849577899825677,chr19,47274885,47275723
C5AR1,True,0.0005000000237487257,0.0001250000059371814,0.0005,0.000125,0.0010813455417206699,chr19,47290023,47322066
C5AR2,True,0.0001250000059371814,0.0001250000059371814,0.000125,0.000125,0.0,chr19,47332175,47347329
DHX34,True,0.036125000566244125,0.021250000223517418,0.03475,0.02025,0.04059393320863226,chr19,47349315,47382704
MEIS3,True,0.5952500104904175,0.6131250262260437,0.399,0.417125,-0.023355416838704544,chr19,47403124,47419527
SLC8A2,True,0.07400000095367432,0.08162499964237213,0.066,0.07475,-0.019038541797508315,chr19,47428017,47471893
KPTN,True,0.06174999848008156,0.07599999755620956,0.056875,0.0705,-0.03614059004497286,chr19,47475150,47484265
NAPA,True,0.3370000123977661,0.39387500286102295,0.262375,0.3055,-0.09484545867232351,chr19,47487637,47515091
ZNF541,True,0.0005000000237487257,0.0001250000059371814,0.0005,0.000125,0.0010813455417206699,chr19,47520690,47573148
BICRA,True,0.07374999672174454,0.0767500028014183,0.068875,0.074375,-0.007523865632518417,chr19,47608196,47703277
EHD2,True,0.0012499999720603228,0.0005000000237487257,0.001125,0.0005,0.0021602623574175357,chr19,47713422,47743134
NOP53,True,0.702875018119812,0.4169999957084656,0.44625,0.308375,0.3914931183080199,chr19,47745546,47757058
SELENOW,True,2.3016250133514404,2.397249937057495,0.713625,0.768,-0.04842027739735356,chr19,47778677,47784686
TPRX1,True,0.0,0.0,0.0,0.0,0.0,chr19,47801232,47819051
CRX,True,0.0008750000270083547,0.0002500000118743628,0.00075,0.00025,0.001801342568605307,chr19,47819779,47843330
TPRX2,False,,,,,,chr19,47859235,47861721
SULT2A1,True,0.0,0.0,0.0,0.0,0.0,chr19,47870467,47886315
BSPH1,True,0.0,0.0,0.0,0.0,0.0,chr19,47968046,47992170
ELSPBP1,True,0.0001250000059371814,0.0,0.000125,0.0,0.0003606287006416438,chr19,47994632,48025154
CABP5,True,0.0,0.0,0.0,0.0,0.0,chr19,48029383,48044079
PLA2G4C,True,0.011250000447034836,0.01549999974668026,0.010875,0.01525,-0.011943487568561914,chr19,48047843,48110817
LIG1,True,0.09375,0.06650000065565109,0.0755,0.058875,0.06777965061542245,chr19,48115445,48170603
ZSWIM9,True,0.04075000062584877,0.02837499976158142,0.03875,0.026875,0.03339955525190736,chr19,48170680,48197620
CARD8,True,0.054375000298023224,0.045875001698732376,0.050375,0.043375,0.02229156969415503,chr19,48180770,48255946
ZNF114,True,0.00712500000372529,0.004000000189989805,0.00675,0.003875,0.008917663173110466,chr19,48270081,48287608
ODAD1,True,0.0011249999515712261,0.0016250000335276127,0.001125,0.001625,-0.0014387388650737739,chr19,48296457,48321971
EMP3,True,0.09075000137090683,0.057750001549720764,0.07275,0.047875,0.08292911506909456,chr19,48321509,48330553
TMEM143,True,0.014375000260770321,0.012500000186264515,0.01425,0.012125,0.005268521123238636,chr19,48332356,48364059
SYNGR4,True,0.0021250001154839993,0.003000000026077032,0.002125,0.002875,-0.0025118435030477794,chr19,48364367,48376377
KDELR1,True,1.0353749990463257,1.0348750352859497,0.560375,0.5805,0.00046986091427631026,chr19,48382575,48391551
GRIN2D,True,0.03750000149011612,0.032749999314546585,0.036,0.0315,0.012806072549933887,chr19,48393668,48444931
GRWD1,True,0.07900000363588333,0.057624999433755875,0.073625,0.055625,0.05426811574019135,chr19,48445841,48457022
KCNJ14,True,0.008624999783933163,0.004875000100582838,0.008375,0.00475,0.01067613347034043,chr19,48455574,48466980
ENSG00000268465,True,0.0,0.0,0.0,0.0,0.0,chr19,48465837,48472431
CYTH2,True,0.44449999928474426,0.34424999356269836,0.32725,0.27725,0.16188053228873278,chr19,48469208,48482314
LMTK3,True,0.11487500369548798,0.1197500005364418,0.104625,0.1085,-0.011393208941352264,chr19,48485271,48513935
SULT2B1,True,0.004625000059604645,0.0012499999720603228,0.0045,0.00125,0.009681350389049692,chr19,48552172,48599425
FAM83E,True,0.0013749999925494194,0.0012499999720603228,0.001375,0.00125,0.00035972953120316613,chr19,48599961,48615076
SPACA4,True,0.0,0.0,0.0,0.0,0.0,chr19,48606742,48607714
RPL18,True,12.068750381469727,8.812749862670898,0.93625,0.968375,0.43256208646869543,chr19,48615328,48619184
SPHK2,True,0.06800000369548798,0.05062500014901161,0.064375,0.0485,0.0448208246928571,chr19,48619291,48630717
DBP,True,0.05925000086426735,0.035999998450279236,0.053625,0.03275,0.06126035700211466,chr19,48630030,48637379
CA11,True,0.09025000035762787,0.05700000002980232,0.081375,0.054125,0.0836488096855371,chr19,48637946,48646187
NTN5,True,0.0008750000270083547,0.0013749999925494194,0.000875,0.001375,-0.0014394562844786802,chr19,48661407,48673081
FUT2,True,0.0008750000270083547,0.0013749999925494194,0.000875,0.001375,-0.0014394562844786802,chr19,48695971,48705951
MAMSTR,True,0.014999999664723873,0.017500000074505806,0.01475,0.016625,-0.006986431463040987,chr19,48712725,48719725
RASIP1,True,0.00712500000372529,0.006500000134110451,0.00675,0.00625,0.0017791280337376707,chr19,48720585,48740610
IZUMO1,True,0.0001250000059371814,0.0001250000059371814,0.000125,0.000125,0.0,chr19,48740852,48746909
FUT1,True,0.000375000003259629,0.000375000003259629,0.000375,0.000375,0.0,chr19,48748011,48755390
FGF21,True,0.0002500000118743628,0.0001250000059371814,0.00025,0.000125,0.00036053857725762385,chr19,48755524,48758333
BCAT2,True,0.032249998301267624,0.03400000184774399,0.031375,0.03275,-0.004735706831780174,chr19,48795062,48811029
HSD17B14,True,0.03200000151991844,0.0286250002682209,0.03075,0.027375,0.009181593862138496,chr19,48813018,48836510
PLEKHA4,True,0.0031250000465661287,0.003000000026077032,0.002875,0.002625,0.0003584781425478514,chr19,48837092,48868617
PPP1R15A,True,0.304500013589859,0.24650000035762787,0.234375,0.2055,0.10795018426819276,chr19,48872212,48876059
TULP2,True,0.0,0.0,0.0,0.0,0.0,chr19,48880965,48898744
NUCB1,True,0.16037499904632568,0.13474999368190765,0.143875,0.12325,0.057097027181515644,chr19,48900050,48923473
DHDH,True,0.0043750000186264515,0.013624999672174454,0.00425,0.013,-0.02621865602842276,chr19,48933699,48944969
BAX,True,0.6358749866485596,0.6131250262260437,0.41575,0.414375,0.029188416578689317,chr19,48954815,48961798
FTL,True,6.087500095367432,5.249499797821045,0.897375,0.91775,0.19629462950802049,chr19,48965309,48966879
GYS1,True,0.04475000128149986,0.030750000849366188,0.042125,0.02975,0.03756182629564063,chr19,48968130,48993310
RUVBL2,True,0.20274999737739563,0.17749999463558197,0.17275,0.155875,0.05279060817829336,chr19,48993562,49015970
LHB,True,0.0,0.0,0.0,0.0,0.0,chr19,49015980,49017091
ENSG00000268655,True,0.0,0.0,0.0,0.0,0.0,chr19,49017968,49020549
CGB3,True,0.0,0.0,0.0,0.0,0.0,chr19,49022869,49024333
ENSG00000267335,True,0.0,0.0,0.0,0.0,0.0,chr19,49022953,49036895
CGB2,True,0.0,0.0,0.0,0.0,0.0,chr19,49031890,49033238
CGB1,True,0.0,0.0,0.0,0.0,0.0,chr19,49035569,49036895
CGB5,True,0.0,0.0,0.0,0.0,0.0,chr19,49043848,49045311
CGB8,True,0.0,0.0,0.0,0.0,0.0,chr19,49047638,49049111
CGB7,True,0.0005000000237487257,0.0,0.0005,0.0,0.001441974242362362,chr19,49054274,49058860
ENSG00000283663,True,0.0,0.0,0.0,0.0,0.0,chr19,49055793,49065076
NTF4,True,0.0002500000118743628,0.0002500000118743628,0.00025,0.00025,0.0,chr19,49061066,49065076
KCNA7,True,0.0002500000118743628,0.0,0.00025,0.0,0.0007211672778991771,chr19,49067397,49072699
SNRNP70,True,0.8034999966621399,0.6141250133514404,0.5,0.428,0.2264794559957355,chr19,49085419,49108605
LIN7B,True,0.1378750056028366,0.14412499964237213,0.11975,0.125375,-0.014066937295430708,chr19,49114324,49118460
C19orf73,True,0.042500000447034836,0.06562499701976776,0.04075,0.062125,-0.0602227407358251,chr19,49118402,49119143
PPFIA3,True,0.19312499463558197,0.15299999713897705,0.163375,0.13275,0.0860325586579058,chr19,49119544,49151026
HRC,True,0.000750000006519258,0.0002500000118743628,0.00075,0.00025,0.001441253891503956,chr19,49151198,49155396
TRPM4,True,0.009875000454485416,0.014750000089406967,0.00975,0.0145,-0.013728321804343115,chr19,49157741,49211836
SLC6A16,True,0.012625000439584255,0.004124999977648258,0.0125,0.004,0.024122339222440226,chr19,49289638,49325215
CD37,True,0.0021250001154839993,0.0008750000270083547,0.002125,0.000875,0.003595951868681516,chr19,49335171,49343335
TEAD2,True,0.1251250058412552,0.06162500008940697,0.103625,0.056375,0.15453755643521072,chr19,49340595,49362457
DKKL1,True,0.05274999886751175,0.03474999964237213,0.049625,0.033125,0.047762540660190846,chr19,49361783,49375116
GRHL3,True,0.0001250000059371814,0.0001250000059371814,0.000125,0.000125,0.0,chr1,24199558,24364482
STPG1,True,0.01837499998509884,0.018124999478459358,0.018375,0.017375,0.000695946933583051,chr1,24356999,24416934
NIPAL3,True,0.05562499910593033,0.045875001698732376,0.051625,0.0435,0.025540881125815658,chr1,24415802,24472976
RCAN3,True,0.01412499975413084,0.010625000111758709,0.011875,0.01025,0.009854992461641067,chr1,24502351,24541040
NCMAP,True,0.0,0.0001250000059371814,0.0,0.000125,-0.00036062870064157426,chr1,24556087,24609328
SRRM1,True,1.3559999465942383,0.9821249842643738,0.648875,0.556375,0.3245295569527846,chr1,24631716,24673281
CLIC4,True,0.17012499272823334,0.18199999630451202,0.146875,0.159375,-0.02534151709933377,chr1,24745382,24844321
RUNX3,True,0.0005000000237487257,0.0002500000118743628,0.000375,0.00025,0.0007208069644632164,chr1,24899511,24965121
SYF2,True,0.8642500042915344,0.5908750295639038,0.512625,0.4035,0.3226222119908691,chr1,25222276,25232502
RSRP1,True,0.40400001406669617,0.2939999997615814,0.30025,0.235875,0.18718378815449818,chr1,25242249,25338213
RHD,True,0.0021250001154839993,0.0002500000118743628,0.002125,0.00025,0.005397294437286628,chr1,25272393,25330445
TMEM50A,True,0.7864999771118164,0.9162499904632568,0.48975,0.54925,-0.13862451492631658,chr1,25338317,25362361
RHCE,True,0.006500000134110451,0.002374999923631549,0.006375,0.002375,0.011797597343699109,chr1,25362249,25430192
MACO1,True,0.5205000042915344,0.4768750071525574,0.358,0.352375,0.06303030464946036,chr1,25430858,25500209
LDLRAP1,True,0.00712500000372529,0.0013749999925494194,0.006625,0.00125,0.016451336423800762,chr1,25543606,25568886
MAN1C1,True,0.02512500062584877,0.01425000000745058,0.024875,0.0135,0.030190993660098486,chr1,25616791,25786206
SELENON,True,0.14949999749660492,0.1340000033378601,0.130125,0.1225,0.03484667215238561,chr1,25800193,25818221
ENSG00000255054,True,0.0,0.0,0.0,0.0,0.0,chr1,25811470,25823744
MTFR1L,True,0.2993749976158142,0.23675000667572021,0.249875,0.201875,0.11769728126975569,chr1,25818640,25832942
AUNIP,True,0.005874999798834324,0.0036249998956918716,0.0055,0.003625,0.006431043245928069,chr1,25831913,25859458
PAQR7,True,0.01862500049173832,0.023874999955296516,0.017875,0.023375,-0.014530862767957916,chr1,25861484,25875708
STMN1,True,13.638625144958496,13.895999908447266,0.924,0.973375,-0.0260261604423914,chr1,25884181,25906991
PAFAH2,True,0.012249999679625034,0.005375000182539225,0.011625,0.005375,0.019493779316156465,chr1,25959767,25998117
EXTL1,True,0.00774999987334013,0.010125000029802322,0.00775,0.009625,-0.006732471406117025,chr1,26019884,26036464
SLC30A2,True,0.0001250000059371814,0.0008750000270083547,0.000125,0.000875,-0.0021618811458628327,chr1,26037252,26046118
TRIM63,True,0.0,0.0,0.0,0.0,0.0,chr1,26051301,26068436
PDIK1L,True,0.1978749930858612,0.17350000143051147,0.1695,0.152375,0.05129068796034383,chr1,26111165,26125555
FAM110D,True,0.008624999783933163,0.004875000100582838,0.008375,0.004875,0.01067613347034043,chr1,26159079,26163962
C1orf232,True,0.0031250000465661287,0.004000000189989805,0.003125,0.004,-0.0025068560208919106,chr1,26164101,26168963
ZNF593OS,True,0.0005000000237487257,0.0006249999860301614,0.0005,0.000625,-0.0003602683513650146,chr1,26169516,26171832
ZNF593,True,0.1992499977350235,0.17425000667572021,0.173,0.15625,0.052524713283419205,chr1,26169908,26170873
CNKSR1,True,0.009624999947845936,0.010874999687075615,0.00925,0.010625,-0.0035342857960653055,chr1,26177484,26189884
CATSPER4,True,0.0,0.0,0.0,0.0,0.0,chr1,26190561,26202968
CEP85,True,0.03712499886751175,0.04749999940395355,0.035375,0.04475,-0.027601094185794976,chr1,26234200,26278808
SH3BGRL3,True,1.3380000591278076,1.0837500095367432,0.5915,0.5615,0.2147921849844859,chr1,26280086,26281522
UBXN11,True,0.045499999076128006,0.03799999877810478,0.043375,0.036375,0.019973024600220855,chr1,26281328,26318363
CITED4,True,0.032499998807907104,0.017000000923871994,0.030875,0.01625,0.04261723899046819,chr1,40861054,40862363
CTPS1,True,0.16762499511241913,0.11487500369548798,0.14475,0.100125,0.11874480993624922,chr1,40979300,41012565
SLFNL1,True,0.0005000000237487257,0.0002500000118743628,0.0005,0.00025,0.0007208069644632164,chr1,41015589,41023237
SCMH1,True,0.04362500086426735,0.038874998688697815,0.040875,0.0375,0.012661152089869222,chr1,41027202,41242306
FOXO6,True,0.1888750046491623,0.26750001311302185,0.153375,0.220375,-0.15592454333738176,chr1,41361922,41383590
EDN2,True,0.0028750000055879354,0.008750000037252903,0.002625,0.007875,-0.016757056617588525,chr1,41478775,41484683
HIVEP3,True,0.058375000953674316,0.057750001549720764,0.050875,0.053875,0.0016157395146005726,chr1,41506365,42035925
ENSG00000284895,True,0.0,0.0,0.0,0.0,0.0,chr1,41585306,41628816
GUCA2B,True,0.0,0.0,0.0,0.0,0.0,chr1,42153410,42155820
GUCA2A,True,0.0,0.0001250000059371814,0.0,0.000125,-0.00036062870064157426,chr1,42162690,42164745
FOXJ3,True,0.23412500321865082,0.17775000631809235,0.19825,0.158625,0.11527251753594508,chr1,42176539,42335877
RIMKLA,True,0.10862500220537186,0.1264999955892563,0.092125,0.11225,-0.04176089866808585,chr1,42380792,42424232
ZMYND12,True,0.0001250000059371814,0.0001250000059371814,0.000125,0.000125,0.0,chr1,42430329,42456253
PPCS,True,0.1899999976158142,0.1901250034570694,0.15825,0.16525,-0.0002613463383592758,chr1,42456117,42473385
CCDC30,True,0.07100000232458115,0.04975000023841858,0.06425,0.047125,0.054715051755511904,chr1,42463221,42657190
PPIH,True,0.28575000166893005,0.24924999475479126,0.22975,0.207875,0.06862320144920392,chr1,42658335,42676758
YBX1,True,10.24275016784668,8.860124588012695,0.9335,0.96825,0.19876373568070257,chr1,42682418,42703805
CLDN19,True,0.0002500000118743628,0.000750000006519258,0.00025,0.00075,-0.0014412538915039204,chr1,42733093,42740254
P3H1,True,0.06562499701976776,0.057999998331069946,0.0605,0.05525,0.019580761742276222,chr1,42746335,42767084
C1orf50,True,0.07400000095367432,0.06362500041723251,0.070125,0.0605,0.026315133367159307,chr1,42767245,42779491
ENSG00000283580,True,0.0022499999031424522,0.0013749999925494194,0.00225,0.00125,0.0025155976620019785,chr1,42767292,42794493
TMEM269,True,0.0043750000186264515,0.0036249998956918716,0.004125,0.003625,0.0021468683686258483,chr1,42784991,42816619
SVBP,True,1.3677500486373901,1.2285000085830688,0.600375,0.610125,0.11178078875925736,chr1,42807052,42817397
ERMAP,True,0.0028750000055879354,0.002374999923631549,0.002875,0.002375,0.0014351608022272777,chr1,42817122,42844991
ZNF691,True,0.028750000521540642,0.019375000149011612,0.028375,0.01925,0.025809187358712248,chr1,42846573,42852477
SLC2A1,True,0.1720000058412552,0.0729999989271164,0.129,0.065125,0.22992610926355522,chr1,42925353,42958893
CFAP144,False,,,,,,chr1,43145153,43156396
EBNA1BP2,True,0.3642500042915344,0.3423750102519989,0.2815,0.274125,0.03698606738890486,chr1,43164175,43270936
CFAP57,True,0.0020000000949949026,0.0008750000270083547,0.001875,0.00075,0.0032367597151858737,chr1,43172330,43254358
TMEM125,True,0.000750000006519258,0.0006249999860301614,0.00075,0.000625,0.0003601785756758403,chr1,43269983,43274002
C1orf210,True,0.0002500000118743628,0.0,0.00025,0.0,0.0007211672778991771,chr1,43281877,43285617
TIE1,True,0.0002500000118743628,0.0001250000059371814,0.00025,0.000125,0.00036053857725762385,chr1,43300982,43323108
MPL,True,0.000375000003259629,0.0002500000118743628,0.000375,0.00025,0.00036044845695050177,chr1,43337818,43354466
CDC20,True,0.09849999845027924,0.09324999898672104,0.02875,0.02875,0.01271105047806666,chr1,43358981,43363203
ELOVL1,True,0.03112499974668026,0.02237500064074993,0.029625,0.022,0.023965582533161677,chr1,43363398,43368074
MED8,True,0.23899999260902405,0.1940000057220459,0.201875,0.170625,0.09063867524398062,chr1,43383917,43389808
SZT2,True,0.042500000447034836,0.03200000151991844,0.040875,0.03025,0.028196888897707547,chr1,43389882,43454247
HYI,True,0.179625004529953,0.1301250010728836,0.149625,0.11675,0.10910088094842807,chr1,43450989,43453989
PTPRF,True,0.2436250001192093,0.20225000381469727,0.1925,0.1695,0.08259054621800764,chr1,43525187,43623666
ENSG00000284989,True,0.0,0.0,0.0,0.0,0.0,chr1,43650149,43931014
KDM4A,True,0.15812499821186066,0.13449999690055847,0.14075,0.1215,0.052741465199499196,chr1,43650149,43705518
ST3GAL3,True,0.04349999874830246,0.03150000050663948,0.0415,0.0305,0.03221033879841866,chr1,43705824,43931165
ARTN,True,0.0017500000540167093,0.0032500000670552254,0.00175,0.00325,-0.004306555595637854,chr1,43933320,43937240
IPO13,True,0.061124999076128006,0.04662499949336052,0.05825,0.0445,0.03777074679615433,chr1,43946950,43968022
DPH2,True,0.05249999836087227,0.039500001817941666,0.04925,0.038625,0.03435149564924694,chr1,43970000,43973369
ATP6V0B,True,1.919374942779541,2.196000099182129,0.6995,0.774625,-0.15618618119802266,chr1,43974487,43978295
B4GALT2,True,0.20900000631809235,0.18000000715255737,0.174625,0.159875,0.06025087878312348,chr1,43978943,43991170
CCDC24,True,0.041999999433755875,0.051375001668930054,0.03975,0.04925,-0.024741009612397107,chr1,43991359,43996528
SLC6A9,True,0.02812499925494194,0.015250000171363354,0.026375,0.015125,0.035606834002539445,chr1,43991500,44031467
KLF17,True,0.0,0.0,0.0,0.0,0.0,chr1,44118821,44135140
KLF18,True,0.0,0.0,0.0,0.0,0.0,chr1,44137821,44141631
DMAP1,True,0.2593750059604645,0.257874995470047,0.22175,0.2215,0.0028526062268183767,chr1,44213455,44220681
ERI3,True,0.5117499828338623,0.48887500166893005,0.364,0.353375,0.03299275017097581,chr1,44221070,44355260
RNF220,True,0.1340000033378601,0.13699999451637268,0.119,0.122375,-0.006810512101975493,chr1,44405194,44651723
TMEM53,True,0.05912499874830246,0.06037500128149986,0.056375,0.05825,-0.0032217475750543068,chr1,44635238,44674481
ARMH1,True,0.008875000290572643,0.010499999858438969,0.00875,0.0105,-0.004599643513940451,chr1,44674692,44725591
KIF2C,True,0.038750000298023224,0.03099999949336052,0.019125,0.0185,0.020904105346879084,chr1,44739818,44767767
RPS8,True,17.875625610351562,11.648750305175781,0.94725,0.98125,0.5969854512737388,chr1,44775251,44778779
BEST4,True,0.0001250000059371814,0.0002500000118743628,0.000125,0.00025,-0.000360538577257549,chr1,44783585,44788170
PLK3,True,0.04800000041723251,0.06024999916553497,0.044125,0.057375,-0.031894847302613445,chr1,44800377,44805990
DYNLT4,True,0.0,0.0,0.0,0.0,0.0,chr1,44805893,44807351
BTBD19,True,0.0016250000335276127,0.0010000000474974513,0.001625,0.001,0.001798647544438595,chr1,44808523,44815585
PTCH2,True,0.027249999344348907,0.03487500175833702,0.026,0.033625,-0.020714590366517946,chr1,44819844,44843253
EIF2B3,True,0.19887499511241913,0.2318750023841858,0.168375,0.196625,-0.06656284054858244,chr1,44850522,44986722
HECTD3,True,0.054499998688697815,0.0533749982714653,0.051125,0.05,0.0029299931585402743,chr1,45002540,45011324
UROD,True,0.13512499630451202,0.11025000363588333,0.121625,0.101375,0.05764015202659811,chr1,45010950,45015575
ZSWIM5,True,0.051375001668930054,0.04924999922513962,0.048375,0.047625,0.0055708970710619515,chr1,45016399,45306209
HPDL,True,0.008500000461935997,0.003874999936670065,0.00825,0.003875,0.013181897498332342,chr1,45326895,45328710
MUTYH,True,0.08637499809265137,0.07312499731779099,0.080125,0.069125,0.03297376907256799,chr1,45329163,45340893
ENSG00000288208,True,0.0,0.0,0.0,0.0,0.0,chr1,45329262,45491155
TOE1,True,0.06800000369548798,0.047874998301267624,0.063375,0.04525,0.05204416983960147,chr1,45340052,45343973
TESK2,True,0.001500000013038516,0.0018749999580904841,0.0015,0.00175,-0.001078381634513974,chr1,45343883,45491163
CCDC163,True,0.0028750000055879354,0.002624999964609742,0.002875,0.002625,0.0007174019428822531,chr1,45493866,45500079
MMACHC,True,0.01412499975413084,0.012000000104308128,0.014,0.012,0.005975355516528705,chr1,45500300,45513382
PRDX1,True,4.7769999504089355,5.791874885559082,0.802875,0.892875,-0.2537720129580923,chr1,45510914,45542732
AKR1A1,True,0.7111250162124634,0.6707500219345093,0.457375,0.4515,0.048914727266116474,chr1,45550543,45570049
NASP,True,1.2158750295639038,0.8233749866485596,0.55625,0.47375,0.37472256616123706,chr1,45583846,45618904
CCDC17,True,0.0022499999031424522,0.000750000006519258,0.002125,0.00075,0.004315142623582087,chr1,45620044,45624057
GPBP1L1,True,0.13462500274181366,0.09012500196695328,0.119125,0.08425,0.10488377854993752,chr1,45627304,45688113
TMEM69,True,0.07537499815225601,0.051375001668930054,0.069,0.04925,0.06146867313181323,chr1,45688181,45694436
IPP,True,0.07824999839067459,0.05550000071525574,0.070375,0.051625,0.05790644337434099,chr1,45694324,45750653
MAST2,True,0.08624999970197678,0.08874999731779099,0.079125,0.083125,-0.0061391312582227756,chr1,45786987,46036122
PIK3R3,True,0.6522499918937683,0.5556250214576721,0.417375,0.381875,0.12635630517271135,chr1,46040140,46133036
P3R3URF-PIK3R3,True,0.0,0.0,0.0,0.0,0.0,chr1,46043661,46176488
TSPAN1,True,0.009750000201165676,0.014875000342726707,0.009,0.014625,-0.014432351242651333,chr1,46175073,46185962
P3R3URF,True,0.0,0.0,0.0,0.0,0.0,chr1,46175486,46176488
POMGNT1,True,0.1198749989271164,0.09600000083446503,0.10875,0.088875,0.05666498503435209,chr1,46188683,46220305
LURAP1,True,0.0031250000465661287,0.003874999936670065,0.003125,0.00375,-0.0021489996468846894,chr1,46203334,46221256
RAD54L,True,0.006500000134110451,0.0035000001080334187,0.006375,0.00325,0.008570490866796699,chr1,46246461,46278480
LRRC41,True,0.14537499845027924,0.11412499845027924,0.131,0.10725,0.0716053591866238,chr1,46261196,46303616
UQCRH,True,3.243375062942505,2.6611249446868896,0.826,0.821375,0.24390154511746384,chr1,46303698,46316776
LEXM,True,0.0005000000237487257,0.0002500000118743628,0.0005,0.00025,0.0007208069644632164,chr1,54806063,54842252
DHCR24,True,0.49775001406669617,0.559374988079071,0.345,0.38725,-0.08646305282572937,chr1,54849627,54887195
TMEM61,True,0.0008750000270083547,0.0002500000118743628,0.000875,0.00025,0.001801342568605307,chr1,54980628,54992288
BSND,True,0.0,0.0,0.0,0.0,0.0,chr1,54998933,55017172
PCSK9,True,0.04262499883770943,0.03099999949336052,0.037375,0.029125,0.03124365473501581,chr1,55039447,55064852
USP24,True,0.12575000524520874,0.140625,0.112,0.126875,-0.03389370149877202,chr1,55066359,55215378
ENSG00000284686,True,0.0010000000474974513,0.0001250000059371814,0.001,0.000125,0.002521879969254837,chr1,56173433,56524495
PLPP3,True,0.11612500250339508,0.03137499839067459,0.086375,0.02675,0.21349273226326598,chr1,56494761,56645301
PRKAA2,True,0.09775000065565109,0.09950000047683716,0.08525,0.08975,-0.004217528267661088,chr1,56645314,56715335
FYB2,True,0.0013749999925494194,0.0006249999860301614,0.001125,0.000625,0.0021597235372558757,chr1,56718789,56819696
C8A,True,0.0005000000237487257,0.0001250000059371814,0.0005,0.000125,0.0010813455417206699,chr1,56854768,56918223
C8B,True,0.0002500000118743628,0.0,0.00025,0.0,0.0007211672778991771,chr1,56929207,56974383
DAB1,True,0.39125001430511475,0.5681250095367432,0.199125,0.34,-0.26117840495718997,chr1,56994778,58546734
OMA1,True,0.03125,0.04137500002980232,0.02925,0.039625,-0.027237331234561218,chr1,58415384,58546802
TACSTD2,True,0.0002500000118743628,0.0,0.00025,0.0,0.0007211672778991771,chr1,58575433,58577252
MYSM1,True,0.1873749941587448,0.16112500429153442,0.15725,0.142375,0.05617428959489356,chr1,58643440,58700090
JUN,True,0.9643750190734863,1.0210000276565552,0.387625,0.461625,-0.054735111415618994,chr1,58776845,58784048
FGGY,True,0.013749999925494194,0.013124999590218067,0.0135,0.012625,0.0017561728467906507,chr1,59296638,59810647
HOOK1,True,0.06199999898672104,0.05025000125169754,0.053625,0.046625,0.030482884446394295,chr1,59814786,59876322
CYP2J2,True,0.002374999923631549,0.0022499999031424522,0.00225,0.00225,0.0003590133843621377,chr1,59893308,59926773
C1orf87,True,0.0005000000237487257,0.0001250000059371814,0.0005,0.000125,0.0010813455417206699,chr1,59987269,60073770
NFIA,True,3.786875009536743,4.111875057220459,0.759875,0.864,-0.10542707492884128,chr1,60865259,61462788
TM2D1,True,0.32100000977516174,0.2737500071525574,0.259375,0.227,0.08551472151719876,chr1,61681046,61725423
PATJ,True,0.03700000047683716,0.017875000834465027,0.03425,0.01775,0.0523181719626172,chr1,61742477,62178675
L1TD1,True,0.0002500000118743628,0.0006249999860301614,0.00025,0.000625,-0.0010810753158281105,chr1,62194849,62212328
KANK4,True,0.0008750000270083547,0.004749999847263098,0.00075,0.004375,-0.011118400386323495,chr1,62236165,62319434
USP1,True,0.3632499873638153,0.2526249885559082,0.256625,0.197,0.1978472175885582,chr1,62436297,62451804
DOCK7,True,0.2980000078678131,0.30149999260902405,0.239125,0.24175,-0.0063137464043622115,chr1,62454298,62688386
ANGPTL3,True,0.0008750000270083547,0.0005000000237487257,0.000875,0.0005,0.0010805356041419087,chr1,62597520,62606313
ATG4C,True,0.057500001043081284,0.05324999988079071,0.054375,0.051125,0.011040262016793685,chr1,62784132,62865516
FOXD3,True,0.0020000000949949026,0.0,0.00075,0.0,0.005759269561690276,chr1,63322567,63325128
ALG6,True,0.04450000077486038,0.04937500134110451,0.04325,0.047875,-0.012859212782635753,chr1,63367575,63438553
ITGB3BP,True,0.14474999904632568,0.0898749977350235,0.116,0.07575,0.12833060505802404,chr1,63440770,63593721
EFCAB7,True,0.16237500309944153,0.20487500727176666,0.142375,0.17475,-0.08971922370266112,chr1,63523372,63572693
PGM1,True,0.08687499910593033,0.028999999165534973,0.07225,0.027125,0.14978553050501264,chr1,63593411,63660245
ADAMTSL4,True,0.0005000000237487257,0.0005000000237487257,0.0005,0.0005,0.0,chr1,150549369,150560937
MCL1,True,0.40287500619888306,0.2593750059604645,0.298125,0.215625,0.24971376024182337,chr1,150560895,150579738
ENSA,True,0.5899999737739563,0.4620000123977661,0.39775,0.34225,0.18021928258943276,chr1,150600851,150629612
GOLPH3L,True,0.08375000208616257,0.051249999552965164,0.078625,0.049375,0.08264390047788817,chr1,150646230,150697154
HORMAD1,True,0.0,0.0,0.0,0.0,0.0,chr1,150698060,150720895
CTSS,True,0.0024999999441206455,0.0028750000055879354,0.002375,0.002875,-0.0010762367358018773,chr1,150730079,150765957
CTSK,True,0.01875000074505806,0.01837499998509884,0.018625,0.017875,0.0010432913292396397,chr1,150794880,150809577
ARNT,True,0.05587499961256981,0.0442500002682209,0.053,0.042,0.030490995446782708,chr1,150809713,150876708
CTXND2,True,0.0,0.0001250000059371814,0.0,0.000125,-0.00036062870064157426,chr1,150887136,150913292
SETDB1,True,0.1041250005364418,0.0793749988079071,0.096375,0.074125,0.06034966016431124,chr1,150926263,150964744
CERS2,True,0.06324999779462814,0.051500000059604645,0.06,0.0495,0.0304145168393363,chr1,150960583,150975003
ANXA9,True,0.0001250000059371814,0.0001250000059371814,0.000125,0.000125,0.0,chr1,150982249,150995634
MINDY1,True,0.03137499839067459,0.027124999091029167,0.030625,0.026625,0.011585235478460363,chr1,150996549,151008376
PRUNE1,True,0.07262499630451202,0.05974999815225601,0.067,0.0565,0.03280803011720543,chr1,151008420,151035713
BNIPL,True,0.004000000189989805,0.0037499999161809683,0.004,0.00375,0.0007158008684808208,chr1,151036321,151047720
C1orf56,True,0.17687499523162842,0.21912500262260437,0.151375,0.189125,-0.08735314781330177,chr1,151047751,151051986
CDC42SE1,True,0.33262500166893005,0.33537501096725464,0.261375,0.2675,-0.004757108323441054,chr1,151050971,151070325
MLLT11,True,3.5174999237060547,4.020500183105469,0.743875,0.859875,-0.1701844159078032,chr1,151060397,151069544
GABPB2,True,0.02162499912083149,0.024000000208616257,0.020625,0.02325,-0.006553799280002875,chr1,151070578,151125542
SEMA6C,True,0.11962500214576721,0.10824999958276749,0.10575,0.09825,0.02673094451758881,chr1,151131685,151146631
TNFAIP8L2,True,0.0,0.0,0.0,0.0,0.0,chr1,151156649,151159749
SCNM1,True,0.1811250001192093,0.16037499904632568,0.15875,0.1435,0.044634083360114915,chr1,151156664,151170296
LYSMD1,True,0.08449999988079071,0.0951249971985817,0.07825,0.0875,-0.02598969252775533,chr1,151159748,151165948
TMOD4,True,0.0028750000055879354,0.0016250000335276127,0.002875,0.001625,0.0035905817652390967,chr1,151169986,151176284
VPS72,True,0.46799999475479126,0.44075000286102295,0.348625,0.334875,0.04119565100177431,chr1,151176304,151195321
PIP5K1A,True,0.11812499910593033,0.09587500244379044,0.108625,0.09025,0.05288888757330045,chr1,151197949,151249536
PSMD4,True,0.7903749942779541,0.7851250171661377,0.488875,0.490625,0.005881674549422858,chr1,151254709,151267479
ZNF687,True,0.03400000184774399,0.029750000685453415,0.033375,0.029,0.011528062440659813,chr1,151281618,151292176
PI4KB,True,0.09749999642372131,0.07500000298023224,0.0915,0.070125,0.05537674092375445,chr1,151291797,151327715
RFX5,True,0.07587499916553497,0.05375000089406967,0.068875,0.051875,0.05652089474197353,chr1,151340640,151347326
SELENBP1,True,0.005499999970197678,0.0031250000465661287,0.005,0.003,0.006794213795090305,chr1,151364304,151372707
PSMB4,True,0.4632500112056732,0.40812501311302185,0.341125,0.317875,0.08501938409046152,chr1,151399560,151401937
POGZ,True,0.4361250102519989,0.320250004529953,0.321,0.260375,0.190637503640211,chr1,151402724,151459494
CGN,True,0.001500000013038516,0.0021250001154839993,0.0015,0.002125,-0.001796855727583611,chr1,151510510,151538692
TUFT1,True,0.01875000074505806,0.016124999150633812,0.01775,0.015875,0.007318922391737674,chr1,151540305,151583583
SNX27,True,0.25999999046325684,0.2133750021457672,0.211125,0.184,0.0913387382115649,chr1,151612006,151699091
CELF3,True,0.5641250014305115,0.5914999842643738,0.36325,0.402125,-0.03664447715770212,chr1,151700058,151716803
RIIAD1,True,0.24037499725818634,0.22750000655651093,0.168375,0.18175,0.025308914654528256,chr1,151710433,151729805
MRPL9,True,0.28987500071525574,0.20862500369548798,0.235375,0.185375,0.1566019904343854,chr1,151759647,151763496
OAZ3,True,0.0063749998807907104,0.0028750000055879354,0.006125,0.002875,0.010006346705140452,chr1,151762899,151771334
TDRKH,True,0.08049999922513962,0.07887499779462814,0.07275,0.0745,0.004044218732455934,chr1,151770107,151791416
EFNA4-EFNA3,False,,,,,,chr1,155063748,155086807
EFNA3,True,0.22687500715255737,0.195374995470047,0.192625,0.17,0.06391610970159713,chr1,155078837,155087538
EFNA1,True,0.012875000014901161,0.019375000149011612,0.0125,0.018625,-0.01816932313717283,chr1,155127876,155134899
SLC50A1,True,0.07762499898672104,0.09262499958276749,0.0715,0.08275,-0.0369863050749426,chr1,155135344,155138857
DPM3,True,0.23225000500679016,0.16775000095367432,0.191875,0.148125,0.13302822504830136,chr1,155139891,155140595
KRTCAP2,True,0.492249995470047,0.37937501072883606,0.35525,0.3015,0.1742251146879168,chr1,155169408,155173475
ENSG00000273088,True,0.0001250000059371814,0.0001250000059371814,0.000125,0.000125,0.0,chr1,155169409,155187272
TRIM46,True,0.09612499922513962,0.07487499713897705,0.089375,0.07,0.052366590319134466,chr1,155173787,155184971
MUC1,True,0.012749999761581421,0.008750000037252903,0.012375,0.008375,0.011298696549777644,chr1,155185824,155192916
THBS3,True,0.042500000447034836,0.03962500020861626,0.03925,0.038625,0.00766595050146911,chr1,155195588,155209051
MTX1,True,0.1847500056028366,0.18662500381469727,0.163625,0.164875,-0.0039450220237492355,chr1,155208695,155213824
GBA1,False,,,,,,chr1,155234452,155244699
ENTREP3,False,,,,,,chr1,155247205,155255483
SCAMP3,True,0.10912500321865082,0.0872500017285347,0.100625,0.082125,0.052763512556915464,chr1,155255979,155262430
CLK2,True,0.07712499797344208,0.06262499839067459,0.0725,0.059125,0.03671016672449914,chr1,155262868,155278491
HCN3,True,0.09324999898672104,0.1054999977350235,0.085375,0.09875,-0.02948676156787529,chr1,155277463,155289848
PKLR,True,0.0010000000474974513,0.0006249999860301614,0.001,0.000625,0.0010802660761690928,chr1,155289293,155301438
FDPS,True,2.831249952316284,3.0522499084472656,0.78375,0.834875,-0.09266947474709984,chr1,155308748,155320666
RUSC1,True,0.2854999899864197,0.2602500021457672,0.2225,0.21425,0.047137341799939836,chr1,155320894,155331114
ASH1L,True,0.6548749804496765,0.5112500190734863,0.411375,0.35975,0.19159695307583613,chr1,155335268,155563162
MSTO1,True,0.05062500014901161,0.03787500038743019,0.04825,0.037,0.033799178210721904,chr1,155563235,155614951
YY1AP1,True,0.13362500071525574,0.12150000035762787,0.12125,0.11125,0.027874868335385283,chr1,155659443,155689000
DAP3,True,0.25575000047683716,0.21762500703334808,0.211375,0.18975,0.07467891012703509,chr1,155687960,155739010
GON4L,True,0.35600000619888306,0.31850001215934753,0.279875,0.258875,0.06462836894236863,chr1,155749659,155859400
SYT11,True,0.7058749794960022,0.6859999895095825,0.4335,0.453,0.023976344766217034,chr1,155859567,155885199
RIT1,True,0.17425000667572021,0.14474999904632568,0.151875,0.127375,0.06454376486439616,chr1,155897808,155911404
KHDC4,True,0.11774999648332596,0.07625000178813934,0.106625,0.07075,0.10032824732246191,chr1,155913045,155934413
RXFP4,True,0.0002500000118743628,0.0,0.00025,0.0,0.0007211672778991771,chr1,155941638,155943087
ARHGEF2,True,0.24312500655651093,0.19300000369548798,0.19875,0.16825,0.10074955753123793,chr1,155946851,156007070
SSR2,True,1.4601249694824219,1.3559999465942383,0.669125,0.66175,0.07874896860492325,chr1,156009048,156020951
UBQLN4,True,0.07074999809265137,0.05362499877810478,0.066875,0.052125,0.04394986070229069,chr1,156035299,156053798
LAMTOR2,True,0.5684999823570251,0.562624990940094,0.39625,0.395875,0.00795433638103159,chr1,156054782,156058506
RAB25,True,0.0005000000237487257,0.0002500000118743628,0.0005,0.00025,0.0007208069644632164,chr1,156061160,156070504
MEX3A,True,1.125749945640564,0.7678750157356262,0.548875,0.472875,0.3586928406816874,chr1,156072013,156082465
LMNA,True,0.2016250044107437,0.11637499928474426,0.169625,0.10625,0.18689181720441503,chr1,156082573,156140081
SEMA4A,True,0.04962500184774399,0.0403750017285347,0.046375,0.037875,0.024486696551986317,chr1,156147366,156177752
SLC25A44,True,0.05400000140070915,0.0494999997317791,0.05125,0.047125,0.01176649945180939,chr1,156193932,156212796
PMF1-BGLAP,True,0.005499999970197678,0.003375000087544322,0.0055,0.003375,0.0060775246212988335,chr1,156212982,156243332
PMF1,True,0.34712499380111694,0.23600000143051147,0.2685,0.202375,0.20286908669616371,chr1,156212993,156240042
BGLAP,True,0.003000000026077032,0.004000000189989805,0.003,0.004,-0.002865334163439622,chr1,156242184,156243317
PAQR6,True,0.012625000439584255,0.013500000350177288,0.012375,0.01325,-0.002460437737679087,chr1,156243320,156248117
SUSD4,True,0.030500000342726707,0.0364999994635582,0.028125,0.0345,-0.016225417467173132,chr1,223220819,223364233
CCDC185,True,0.0,0.0,0.0,0.0,0.0,chr1,223393415,223395465
CAPN8,True,0.0,0.000375000003259629,0.0,0.000375,-0.001081615734849726,chr1,223538007,223665723
CAPN2,True,0.09724999964237213,0.07150000333786011,0.090375,0.066375,0.06358144095188464,chr1,223701593,223776018
TP53BP2,True,0.25962498784065247,0.16862499713897705,0.202,0.144625,0.1840900712788731,chr1,223779893,223845954
FBXO28,True,0.08524999767541885,0.06624999642372131,0.080625,0.063,0.04761388755977265,chr1,224114111,224162047
DEGS1,True,0.2953749895095825,0.28125,0.238,0.235,0.025850912786801544,chr1,224175756,224193441
NVL,True,0.15025000274181366,0.132750004529953,0.13175,0.122,0.03935888758703506,chr1,224227334,224330189
CNIH4,True,0.32499998807907104,0.3112500011920929,0.254625,0.25175,0.02424752328032417,chr1,224356858,224379459
WDR26,True,0.17274999618530273,0.132874995470047,0.150625,0.121625,0.08814990887651845,chr1,224385146,224437033
CNIH3,True,0.024000000208616257,0.017500000074505806,0.022875,0.01675,0.018007949517423676,chr1,224434660,224740554
DNAH14,True,0.054375000298023224,0.039374999701976776,0.048625,0.03725,0.03957354669481735,chr1,224896262,225399292
LBR,True,0.5036249756813049,0.43525001406669617,0.3435,0.32025,0.10179629086590306,chr1,225401502,225428925
ENAH,True,1.1238750219345093,0.9477499723434448,0.565375,0.542875,0.16562813359190928,chr1,225486765,225653142
SRP9,True,3.571125030517578,3.316999912261963,0.840125,0.8645,0.09298837615268261,chr1,225777813,225790468
EPHX1,True,0.057374998927116394,0.07975000143051147,0.053125,0.07325,-0.05678262666891934,chr1,225810124,225845563
TMEM63A,True,0.0037499999161809683,0.0011249999515712261,0.003625,0.001125,0.007537421163931132,chr1,225845536,225882380
LEFTY1,True,0.00800000037997961,0.008249999955296516,0.008,0.00825,-0.0007098118665499821,chr1,225886282,225911382
ENSG00000255835,True,0.0,0.0,0.0,0.0,0.0,chr1,225886696,225924278
PYCR2,True,0.1014999970793724,0.08049999922513962,0.094125,0.07625,0.05126866523112941,chr1,225919877,225924340
LEFTY2,True,0.0002500000118743628,0.0001250000059371814,0.00025,0.000125,0.00036053857725762385,chr1,225936598,225941383
SDE2,True,0.06937500089406967,0.054375000298023224,0.065125,0.05125,0.03851695099083056,chr1,225982702,225999343
H3-3A,True,18.931499481201172,14.948249816894531,0.94925,0.98125,0.3309538347456351,chr1,226061851,226072019
ACBD3,True,0.39399999380111694,0.2745000123977661,0.297375,0.2255,0.2070095592964228,chr1,226144679,226186741
MIXL1,True,0.000750000006519258,0.0010000000474974513,0.00075,0.001,-0.0007200875004933627,chr1,226223618,226227060
LIN9,True,0.05912499874830246,0.04987499862909317,0.0555,0.047375,0.02406715746157167,chr1,226231149,226309869
PARP1,True,0.6328750252723694,0.4988749921321869,0.407,0.3575,0.1816126738962872,chr1,226360210,226408154
STUM,True,0.007000000216066837,0.0036249998956918716,0.006625,0.0035,0.0096358477683749,chr1,226548764,226609230
ITPKB,True,0.008249999955296516,0.0032500000670552254,0.007875,0.003,0.014263042604268587,chr1,226631690,226739323
PSEN2,True,0.0024999999441206455,0.0010000000474974513,0.002375,0.001,0.0043129925738758955,chr1,226870184,226927726
ENSG00000288674,True,0.0008750000270083547,0.000375000003259629,0.000875,0.000375,0.0014408941116547096,chr1,226870184,226987545
COQ8A,True,0.000375000003259629,0.0002500000118743628,0.000375,0.00025,0.00036044845695050177,chr1,226940286,226987544
CDC42BPA,True,0.18187500536441803,0.1523749977350235,0.153625,0.133875,0.0638058109492434,chr1,226989865,227318492
ZNF678,True,0.14037500321865082,0.11025000363588333,0.1235,0.102,0.06951659532906942,chr1,227563543,227677443
SNAP47,True,0.18774999678134918,0.17749999463558197,0.16725,0.156125,0.021663292746406083,chr1,227728200,227781826
JMJD4,True,0.07124999910593033,0.04874999821186066,0.067375,0.047125,0.057973227965853955,chr1,227730425,227735411
PRSS38,True,0.0,0.0,0.0,0.0,0.0,chr1,227815675,227846470
WNT9A,True,0.000375000003259629,0.000750000006519258,0.000375,0.00075,-0.0010808054345533972,chr1,227918656,227947932
WNT3A,True,0.000750000006519258,0.0002500000118743628,0.0005,0.00025,0.001441253891503956,chr1,228006998,228061271
ARF1,True,1.2067500352859497,1.027999997138977,0.611,0.5835,0.15960724103256282,chr1,228082708,228099212
C1orf35,True,0.35462498664855957,0.257625013589859,0.274875,0.21475,0.17380753436112426,chr1,228100726,228105411
MRPL55,True,0.38999998569488525,0.31862500309944153,0.303,0.257875,0.12060258149087301,chr1,228106679,228109312
GUK1,True,1.5066250562667847,1.4913749694824219,0.6495,0.679125,0.011006168654890871,chr1,228139962,228148984
GJC2,True,0.010374999605119228,0.008124999701976776,0.010125,0.008,0.006374214992700295,chr1,228149930,228159826
IBA57,True,0.027249999344348907,0.017000000923871994,0.025875,0.01675,0.028322905106646045,chr1,228165804,228182257
OBSCN,True,0.0767500028014183,0.06912499666213989,0.069875,0.064125,0.01920056013257176,chr1,228208044,228378876
TRIM11,True,0.07237499952316284,0.0572500005364418,0.067625,0.054375,0.03863594582308308,chr1,228393673,228406835
TRIM17,True,0.0005000000237487257,0.0006249999860301614,0.0005,0.000625,-0.0003602683513650146,chr1,228407935,228416861
H3-4,True,0.0,0.0,0.0,0.0,0.0,chr1,228424845,228425360
H2AC25,False,,,,,,chr1,228434777,228457873
H2BC26,False,,,,,,chr1,228458103,228463104
RNF187,True,1.090250015258789,1.187999963760376,0.560875,0.604875,-0.08606127270778686,chr1,228487382,228499899
RHOU,True,0.06599999964237213,0.08299999684095383,0.060625,0.075125,-0.042693823462789646,chr1,228735479,228746664
RAB4A,True,0.5382500290870667,0.45100000500679016,0.368,0.3405,0.12663665838656918,chr1,229271062,229305894
CCSAP,True,0.6778749823570251,0.7723749876022339,0.392875,0.44975,-0.11133749461130285,chr1,229321011,229343294
ACTA1,True,0.006000000052154064,0.005499999970197678,0.005625,0.00525,0.0014262930250515066,chr1,229430365,229434104
NUP133,True,0.08675000071525574,0.06037500128149986,0.0795,0.05825,0.06635334093190218,chr1,229440259,229508341
ABCB10,True,0.019625000655651093,0.016875000670552254,0.019375,0.016625,0.007655418514458288,chr1,229516582,229558707
TAF5L,True,0.06300000101327896,0.04475000128149986,0.058625,0.043625,0.047540630166988396,chr1,229593134,229626122
URB2,True,0.028875000774860382,0.025499999523162842,0.02725,0.024375,0.00923601981697713,chr1,229626247,229660200
GALNT2,True,0.14374999701976776,0.13699999451637268,0.130875,0.120875,0.015207160442174293,chr1,230057990,230282122
PGBD5,True,0.10975000262260437,0.0742499977350235,0.093375,0.069375,0.08653891331378324,chr1,230314490,230426332
COG2,True,0.13512499630451202,0.10462500154972076,0.120625,0.096875,0.07099991425971204,chr1,230642481,230693982
AGT,True,0.000750000006519258,0.0002500000118743628,0.000625,0.00025,0.001441253891503956,chr1,230690776,230745576
CAPN9,True,0.0013749999925494194,0.0005000000237487257,0.001375,0.0005,0.0025199918886206446,chr1,230747384,230802003
C1orf198,True,0.05312500149011612,0.04387500137090683,0.050625,0.041625,0.024330438567308148,chr1,230837119,230869589
TTC13,True,0.05687500163912773,0.05012499913573265,0.053125,0.048375,0.017594066527752354,chr1,230906243,230978875
MFSD10,True,0.3723750114440918,0.3321250081062317,0.296125,0.270625,0.06814816840920049,chr4,2930561,2934834
NOP14,True,0.11249999701976776,0.07874999940395355,0.099125,0.073125,0.08176955020844529,chr4,2937933,2963406
GRK4,True,0.10262499749660492,0.09662500023841858,0.09325,0.089625,0.014436086774355036,chr4,2963571,3040760
HTT,True,0.17012499272823334,0.1770000010728836,0.150125,0.15475,-0.014725621753879009,chr4,3041363,3243957
MSANTD1,True,0.006624999921768904,0.006624999921768904,0.006375,0.0065,0.0,chr4,3244369,3271738
RGS12,True,0.21674999594688416,0.2134999930858612,0.18125,0.180875,0.006556575586901471,chr4,3293021,3439913
HGFAC,True,0.014750000089406967,0.014375000260770321,0.01425,0.01425,0.001051398842451411,chr4,3441968,3449486
DOK7,True,0.0005000000237487257,0.000750000006519258,0.0005,0.00075,-0.0007204469270407826,chr4,3463306,3501473
LRPAP1,True,0.4898749887943268,0.5058749914169312,0.355,0.366625,-0.02313277637531556,chr4,3503612,3532446
ADRA2C,True,0.020749999210238457,0.04475000128149986,0.019125,0.042625,-0.06500336265710467,chr4,3766348,3768526
OTOP1,True,0.0,0.0,0.0,0.0,0.0,chr4,4188726,4226929
TMEM128,True,0.18774999678134918,0.12687499821186066,0.165625,0.116875,0.13370643618013286,chr4,4235542,4248223
LYAR,True,0.13437500596046448,0.08912499994039536,0.11725,0.079625,0.1067621546457957,chr4,4267701,4290154
ZBTB49,True,0.03687499836087227,0.0338749997317791,0.03525,0.032875,0.008084229703821992,chr4,4290251,4321786
NSG1,True,1.8816250562667847,1.7007499933242798,0.635,0.691125,0.11395104145873607,chr4,4348140,4419058
STX18,True,0.18437500298023224,0.1497499942779541,0.160125,0.1365,0.07490234989131273,chr4,4415742,4542346
MSX1,True,0.017625000327825546,0.016750000417232513,0.01525,0.014625,0.0024408136932717755,chr4,4859665,4863936
CYTL1,True,0.0,0.0,0.0,0.0,0.0,chr4,5014586,5019458
STK32B,True,0.005874999798834324,0.0032500000670552254,0.005875,0.003125,0.0075056759821525475,chr4,5051480,5500994
EVC2,True,0.003375000087544322,0.002749999985098839,0.003125,0.002375,0.001792390934068726,chr4,5542772,5709548
EVC,True,0.00925000011920929,0.005249999929219484,0.009,0.00525,0.011376659125977462,chr4,5711201,5814305
CRMP1,True,3.1089999675750732,2.921750068664551,0.76175,0.8265,0.07686474387275763,chr4,5748084,5893086
C4orf50,True,0.0022499999031424522,0.0028750000055879354,0.002125,0.00275,-0.0017941741865892477,chr4,5897373,6200555
JAKMIP1,True,0.061500001698732376,0.035875000059604645,0.05575,0.0345,0.06738951478781276,chr4,6026199,6200591
ENSG00000284684,True,0.0,0.0,0.0,0.0,0.0,chr4,6064977,6070162
WFS1,True,0.027000000700354576,0.02199999988079071,0.025875,0.020875,0.01375315731406259,chr4,6269849,6303265
PPP2R2C,True,0.02199999988079071,0.030375000089406967,0.020625,0.02825,-0.022962967293519942,chr4,6320578,6563600
MAN2B2,True,0.03849999979138374,0.029874999076128006,0.03625,0.028375,0.023294285445642313,chr4,6575189,6623362
MRFAP1,True,1.5303750038146973,1.0016249418258667,0.68,0.56825,0.43522169472567374,chr4,6640091,6642729
ENSG00000170846,True,0.08649999648332596,0.07087499648332596,0.0765,0.065125,0.03895622388691953,chr4,6663396,6676755
S100P,True,0.0012499999720603228,0.0012499999720603228,0.00125,0.00125,0.0,chr4,6693878,6697170
MRFAP1L1,True,0.28812500834465027,0.2526249885559082,0.232875,0.213375,0.06649329034403247,chr4,6707701,6709865
BLOC1S4,True,0.35874998569488525,0.30399999022483826,0.29175,0.253375,0.09504268603454273,chr4,6716174,6717664
KIAA0232,True,0.47749999165534973,0.47075000405311584,0.341375,0.347875,0.00999688194674334,chr4,6781375,6884170
TBC1D14,True,0.20812499523162842,0.22962500154972076,0.175125,0.190875,-0.04315112495345876,chr4,6909242,7033118
CREBRF,True,0.19175000488758087,0.11625000089406967,0.15325,0.103125,0.16673500544499173,chr5,173056352,173139284
BNIP1,True,0.11437500268220901,0.08012499660253525,0.104125,0.076,0.08275573380525086,chr5,173144442,173164387
NKX2-5,True,0.0002500000118743628,0.0,0.000125,0.0,0.0007211672778991771,chr5,173232109,173235311
STC2,True,0.10887499898672104,0.00800000037997961,0.071,0.0075,0.26131757758825136,chr5,173314723,173328447
BOD1,True,0.6278749704360962,0.40162500739097595,0.427625,0.3145,0.32300771230220854,chr5,173607145,173616659
CPEB4,True,0.33524999022483826,0.2601250112056732,0.2475,0.21175,0.13597135499461577,chr5,173888349,173961980
C5orf47,True,0.0,0.0,0.0,0.0,0.0,chr5,173973779,174006140
NSG2,True,1.2243750095367432,1.4071249961853027,0.500125,0.61375,-0.1453258438556383,chr5,174045706,174243501
MSX2,True,0.0011249999515712261,0.0024999999441206455,0.001,0.00175,-0.003953083894510969,chr5,174724582,174730896
DRD1,True,0.0008750000270083547,0.0011249999515712261,0.000875,0.001125,-0.0007199075027569878,chr5,175440036,175444182
SFXN1,True,0.43974998593330383,0.3512499928474426,0.3295,0.28475,0.14269410767065338,chr5,175477062,175529742
HRH2,True,0.0043750000186264515,0.004999999888241291,0.004375,0.004625,-0.0017866191014612486,chr5,175658030,175710756
CPLX2,True,0.3057500123977661,0.23899999260902405,0.195,0.1825,0.12475795554044493,chr5,175796310,175884021
THOC3,True,0.2619999945163727,0.2199999988079071,0.21525,0.188625,0.08179408317014039,chr5,175917873,176034680
SIMC1,True,0.07487499713897705,0.06199999898672104,0.0705,0.058625,0.03267815758020156,chr5,176238367,176345991
KIAA1191,True,0.28962498903274536,0.25099998712539673,0.234375,0.211125,0.0723547640607889,chr5,176346062,176361807
ARL10,True,0.12662500143051147,0.11387500166893005,0.11275,0.10125,0.029657410958311408,chr5,176365487,176401865
NOP16,True,0.06337500363588333,0.05537499859929085,0.0585,0.053125,0.02063332165476875,chr5,176383946,176388927
HIGD2A,True,0.42750000953674316,0.37700000405311584,0.305875,0.286375,0.08077044723000129,chr5,176388751,176389761
CLTB,True,0.5946249961853027,0.8291249871253967,0.380375,0.480625,-0.28004007138925996,chr5,176392501,176416539
FAF2,True,0.27000001072883606,0.21449999511241913,0.220125,0.182625,0.10792446445715888,chr5,176447628,176510074
RNF44,True,0.18825000524520874,0.16224999725818634,0.1625,0.145625,0.05555678319380646,chr5,176526712,176538025
CDHR2,True,0.000375000003259629,0.0002500000118743628,0.000375,0.00025,0.00036044845695050177,chr5,176542511,176595974
GPRIN1,True,0.1743749976158142,0.19325000047683716,0.147375,0.165375,-0.03982466275693125,chr5,176595802,176610156
SNCB,True,0.2613750100135803,0.762374997138977,0.163625,0.4025,-0.7294614130339011,chr5,176620082,176630556
EIF4E1B,True,0.0020000000949949026,0.004875000100582838,0.001875,0.004875,-0.00823887676672759,chr5,176630618,176646644
TSPAN17,True,0.08062499761581421,0.09287499636411667,0.075,0.085875,-0.030121268886048685,chr5,176647387,176659054
UNC5A,True,0.43062499165534973,0.45249998569488525,0.266875,0.319125,-0.033519140180353395,chr5,176810519,176880898
HK3,True,0.000375000003259629,0.000375000003259629,0.00025,0.000375,0.0,chr5,176880869,176899346
UIMC1,True,0.18137499690055847,0.13712500035762787,0.155,0.123875,0.09687255967755133,chr5,176905005,177022633
ZNF346,True,0.09974999725818634,0.08500000089406967,0.091375,0.078625,0.035924619022345484,chr5,177022696,177081189
FGFR4,True,0.012625000439584255,0.01425000000745058,0.012,0.014125,-0.004566048981485375,chr5,177086905,177098144
NSD1,True,0.31150001287460327,0.33500000834465027,0.24475,0.2615,-0.041185094342516694,chr5,177131830,177300213
RAB24,True,0.13237500190734863,0.10237500071525574,0.12225,0.095125,0.07011844070564498,chr5,177301198,177303744
MXD3,True,0.04387500137090683,0.048875000327825546,0.0285,0.02925,-0.013202514811189552,chr5,177301461,177312757
PRELID1,True,1.1546250581741333,1.0140000581741333,0.5855,0.569375,0.12813907531032553,chr5,177303799,177306949
LMAN2,True,0.39024999737739563,0.3947499990463257,0.303125,0.307,-0.007274110765679448,chr5,177315805,177351840
RGS14,True,0.04874999821186066,0.10525000095367432,0.046125,0.09825,-0.14138214655054773,chr5,177357924,177372596
SLC34A1,True,0.0,0.0,0.0,0.0,0.0,chr5,177379235,177398848
PFN3,True,0.0001250000059371814,0.000375000003259629,0.000125,0.000375,-0.0007209870342080904,chr5,177400109,177400661
F12,True,0.08137500286102295,0.11287499964237213,0.072125,0.09975,-0.07612381381953309,chr5,177402133,177416583
GRK6,True,0.09312500059604645,0.07887499779462814,0.086125,0.07375,0.03508433715089392,chr5,177403204,177442901
PRR7,True,0.27437499165534973,0.23412500321865082,0.219625,0.196625,0.0770066226588222,chr5,177446445,177456286
DBN1,True,1.6629999876022339,1.5787500143051147,0.66,0.68825,0.05731738359014373,chr5,177456608,177474401
PDLIM7,True,0.2226250022649765,0.18862499296665192,0.180125,0.159625,0.06952862870885809,chr5,177483394,177497606
DOK3,True,0.007000000216066837,0.0062500000931322575,0.00675,0.006,0.002135744693415313,chr5,177501904,177511274
DDX41,True,0.12337499856948853,0.10175000131130219,0.11175,0.09525,0.050936054736096935,chr5,177511577,177516961
FAM193B,True,0.12737500667572021,0.1172500029206276,0.116,0.108125,0.023473118141670555,chr5,177519789,177554586
TMED9,True,0.6792500019073486,0.5107499957084656,0.454375,0.3745,0.2224434057168794,chr5,177592203,177597242
B4GALT7,True,0.11137499660253525,0.09525000303983688,0.10225,0.089875,0.03856182868268271,chr5,177600132,177610330
FAM153A,True,0.0,0.0,0.0,0.0,0.0,chr5,177707981,177784435
PROP1,True,0.0,0.0,0.0,0.0,0.0,chr5,177992235,177996242
N4BP3,True,0.0032500000670552254,0.004875000100582838,0.003125,0.004875,-0.004650973876934307,chr5,178113532,178126081
RMND5B,True,0.16437500715255737,0.14162500202655792,0.1475,0.12875,0.05026744218300716,chr5,178130996,178150568
NHP2,True,0.8411250114440918,0.7453749775886536,0.476875,0.466,0.10686352508988982,chr5,178149463,178153894
DUSP22,True,0.045499999076128006,0.030750000849366188,0.044,0.02975,0.039546725666082624,chr6,291630,351355
IRF4,True,0.0,0.0005000000237487257,0.0,0.0005,-0.001441974242362369,chr6,391739,411443
EXOC2,True,0.12462499737739563,0.13237500190734863,0.109125,0.11825,-0.017790031480215955,chr6,485154,693139
HUS1B,True,0.003375000087544322,0.0010000000474974513,0.00325,0.001,0.006822963864676546,chr6,655939,657100
FOXQ1,True,0.015625,0.001500000013038516,0.0125,0.001375,0.04007251337085116,chr6,1312098,1314758
FOXF2,True,0.0,0.0,0.0,0.0,0.0,chr6,1389576,1395603
FOXC1,True,0.0001250000059371814,0.0,0.000125,0.0,0.0003606287006416438,chr6,1609915,1613897
GMDS,True,0.08362500369548798,0.06487499922513962,0.077125,0.0605,0.047110042685266945,chr6,1623806,2245605
MYLK4,True,0.0005000000237487257,0.0002500000118743628,0.0005,0.00025,0.0007208069644632164,chr6,2663629,2770330
WRNIP1,True,0.1264999955892563,0.09987500309944153,0.11575,0.09225,0.06265258399453606,chr6,2765393,2786952
SERPINB1,True,0.0005000000237487257,0.0008750000270083547,0.0005,0.000875,-0.0010805356041420032,chr6,2832332,2841959
SERPINB9,True,0.0006249999860301614,0.000375000003259629,0.0005,0.000375,0.0007206268588778031,chr6,2887270,2903309
SERPINB6,True,0.02474999986588955,0.005625000223517418,0.02325,0.0055,0.0535624629683443,chr6,2948159,2972165
NQO2,True,0.042500000447034836,0.05575000122189522,0.0405,0.053625,-0.03481290767829788,chr6,2987987,3019755
RIPK1,True,0.014499999582767487,0.011374999769032001,0.013625,0.011375,0.008789444487580865,chr6,3063824,3115187
BPHL,True,0.16050000488758087,0.1703750044107437,0.140125,0.151125,-0.02140978559332568,chr6,3118374,3153578
TUBB2A,True,5.413000106811523,5.938624858856201,0.817875,0.912875,-0.12286229183011066,chr6,3153497,3157544
TUBB2B,True,20.09524917602539,16.762374877929688,0.9565,0.98675,0.254680623564414,chr6,3223324,3231730
PSMG4,True,0.18774999678134918,0.18962499499320984,0.16125,0.165125,-0.003927837094454181,chr6,3231403,3303373
SLC22A23,True,0.21125000715255737,0.22687500715255737,0.16825,0.18675,-0.03135053885476631,chr6,3268962,3457050
PXDC1,True,0.008124999701976776,0.0022499999031424522,0.0075,0.00225,0.016777787661154838,chr6,3722614,3751713
FAM50B,True,0.06549999862909317,0.021250000223517418,0.058375,0.020625,0.11755154154171515,chr6,3849373,3851320
PRPF4B,True,0.8638749718666077,0.6035000085830688,0.50675,0.412,0.3056247559165607,chr6,4021267,4064983
FAM217A,True,0.0,0.0,0.0,0.0,0.0,chr6,4049434,4087344
ECI2,True,0.24637499451637268,0.2642500102519989,0.192625,0.215,-0.03414401346354665,chr6,4115693,4135597
CDYL,True,0.12987500429153442,0.08837500214576721,0.115,0.08225,0.0983296078486098,chr6,4706159,4955551
RPP40,True,0.06499999761581421,0.061124999076128006,0.06125,0.0585,0.009928672674468836,chr6,4994717,5004063
PPP1R3G,True,0.0017500000540167093,0.0005000000237487257,0.001625,0.0005,0.0035986426134834177,chr6,5085341,5089487
LYRM4,True,0.23612500727176666,0.164124995470047,0.196125,0.14425,0.14849598480636128,chr6,5103629,5260950
FARS2,True,0.07599999755620956,0.061000000685453415,0.072875,0.0585,0.038068032949863745,chr6,5261044,5829192
NRN1,True,1.6377500295639038,0.4676249921321869,0.459,0.245875,1.1435732290382448,chr6,5997999,6007605
F13A1,True,0.0001250000059371814,0.0001250000059371814,0.000125,0.000125,0.0,chr6,6144084,6321013
LY86,True,0.0,0.0,0.0,0.0,0.0,chr6,6588108,6654983
RREB1,True,0.009499999694526196,0.002749999985098839,0.00925,0.00275,0.019240969038245945,chr6,7107597,7251980
SSR1,True,0.2748749852180481,0.21850000321865082,0.225,0.188375,0.10897540820369368,chr6,7268306,7347446
CAGE1,True,0.0031250000465661287,0.0006249999860301614,0.003125,0.000625,0.007186540767054122,chr6,7326656,7389742
SDHAF4,True,0.08425000309944153,0.10237500071525574,0.0785,0.09525,-0.04407606101672404,chr6,70566917,70589569
SMAP1,True,0.5521249771118164,0.4754999876022339,0.381875,0.345375,0.10909232634025103,chr6,70667776,70862011
B3GAT2,True,0.35225000977516174,0.12862500548362732,0.224375,0.1105,0.4390770500236967,chr6,70856679,70957060
OGFRL1,True,0.05112500116229057,0.03500000014901161,0.047125,0.033,0.0428406829679695,chr6,71288811,71309059
RIMS1,True,0.08474999666213989,0.05312500149011612,0.07425,0.0485,0.08021439437292434,chr6,71886550,72403150
KCNQ5,True,0.0403750017285347,0.02824999950826168,0.035125,0.026375,0.03274007491878952,chr6,72621792,73198853
ENSG00000243501,True,0.0001250000059371814,0.0,0.000125,0.0,0.0003606287006416438,chr6,73209746,73263196
KHDC1L,True,0.0024999999441206455,0.000750000006519258,0.0025,0.00075,0.005033080074369216,chr6,73223544,73225770
KHDC1,True,0.029750000685453415,0.020500000566244125,0.028625,0.0195,0.02541351936999642,chr6,73241314,73310365
DPPA5,True,0.0,0.0,0.0,0.0,0.0,chr6,73353063,73354276
KHDC3L,True,0.003000000026077032,0.0011249999515712261,0.003,0.001125,0.005387887868972179,chr6,73362658,73364171
OOEP,True,0.0,0.0,0.0,0.0,0.0,chr6,73368555,73395133
DDX43,True,0.0001250000059371814,0.0001250000059371814,0.000125,0.000125,0.0,chr6,73394828,73417566
CGAS,True,0.0006249999860301614,0.000375000003259629,0.000625,0.000375,0.0007206268588778031,chr6,73413515,73452297
MTO1,True,0.04712500050663948,0.03237500041723251,0.045625,0.0315,0.03942765429398197,chr6,73461578,73509236
EEF1A1,True,29.259000778198242,19.45400047302246,0.96925,0.991625,0.5766480718856114,chr6,73489308,73525587
SLC17A5,True,0.06624999642372131,0.0637499988079071,0.061375,0.058375,0.006383610729880374,chr6,73593379,73653992
CD109,True,0.003000000026077032,0.0006249999860301614,0.00275,0.000625,0.006828062624506524,chr6,73695785,73828316
COL12A1,True,0.0062500000931322575,0.005249999929219484,0.00475,0.004875,0.002852586747126675,chr6,75084326,75206267
COX7A2,True,3.9660000801086426,3.5041251182556152,0.83375,0.86275,0.15749622177916214,chr6,75237675,75250323
TMEM30A,True,0.4193750023841858,0.44449999928474426,0.30875,0.330875,-0.038897355412350884,chr6,75252924,75284948
FILIP1,True,0.07374999672174454,0.027249999344348907,0.05675,0.024125,0.12193505205833582,chr6,75291859,75493800
SENP6,True,0.4648750126361847,0.3709999918937683,0.326875,0.28775,0.1476693661767864,chr6,75601509,75718281
MYO6,True,0.612500011920929,0.796999990940094,0.359875,0.455875,-0.22137311797383602,chr6,75749201,75919537
IMPG1,True,0.0,0.0002500000118743628,0.0,0.00025,-0.0007211672778992085,chr6,75921114,76072678
HTR1B,True,0.0,0.0,0.0,0.0,0.0,chr6,77460924,77463491
MEI4,True,0.0,0.0,0.0,0.0,0.0,chr6,77650274,77927045
IRAK1BP1,True,0.11687500029802322,0.06987500190734863,0.10525,0.06575,0.11433267134734426,chr6,78867551,78946440
PHIP,True,0.7077500224113464,0.5134999752044678,0.428125,0.358125,0.2529758260321273,chr6,78934419,79078287
HMGN3,True,1.8029999732971191,1.4021250009536743,0.65175,0.627125,0.2759023362537789,chr6,79201245,79234689
LCA5,True,0.10125000029802322,0.08124999701976776,0.091375,0.074625,0.04880618588685608,chr6,79484991,79537458
SH3BGRL2,True,0.0494999997317791,0.04987499862909317,0.046625,0.047375,-0.00098421206827999,chr6,79631329,79703655
ELOVL4,True,0.17075000703334808,0.15974999964237213,0.145125,0.14025,0.023855719844095118,chr6,79914814,79947553
TTK,True,0.03474999964237213,0.026499999687075615,0.022,0.017375,0.0224310460319512,chr6,80003887,80042527
BCKDHB,True,0.05687500163912773,0.03487500175833702,0.05225,0.03375,0.0581517522895945,chr6,80106647,80346270
MAP7,True,0.014999999664723873,0.013749999925494194,0.013375,0.01225,0.0035059427715345014,chr6,136342281,136550819
MAP3K5,True,0.0022499999031424522,0.001500000013038516,0.002,0.0015,0.002155957805382697,chr6,136557046,136793097
PEX7,True,0.051375001668930054,0.04774999991059303,0.049125,0.045625,0.009516280704303343,chr6,136822564,136913934
SLC35D3,True,0.0,0.0001250000059371814,0.0,0.000125,-0.00036062870064157426,chr6,136922301,136925660
IL20RA,True,0.0,0.0,0.0,0.0,0.0,chr6,136999971,137045180
IL22RA2,True,0.0,0.0,0.0,0.0,0.0,chr6,137143820,137173648
IFNGR1,True,0.15187500417232513,0.1313749998807907,0.135125,0.120875,0.04609822048228718,chr6,137197483,137219449
OLIG3,True,0.000750000006519258,0.0001250000059371814,0.00075,0.000125,0.001801792468761395,chr6,137492199,137494394
TNFAIP3,True,0.006750000175088644,0.0028750000055879354,0.006375,0.00275,0.011074351323707229,chr6,137867214,137883314
PERP,True,0.002749999985098839,0.0010000000474974513,0.0025,0.001,0.005030572930608025,chr6,138088505,138107419
ARFGEF3,True,0.09137500077486038,0.09200000017881393,0.075875,0.082625,-0.0015239186627315372,chr6,138161939,138344663
PBOV1,True,0.0001250000059371814,0.0,0.000125,0.0,0.0003606287006416438,chr6,138215986,138218491
SMIM28,True,0.0001250000059371814,0.0,0.000125,0.0,0.0003606287006416438,chr6,138377905,138383486
HEBP2,True,0.36800000071525574,0.4372499883174896,0.2555,0.310375,-0.11073885867207571,chr6,138403531,138422197
NHSL1,True,0.34987500309944153,0.23000000417232513,0.25475,0.187875,0.21935419763633004,chr6,138422043,138692571
CCDC28A,True,0.04574999958276749,0.041875001043081284,0.043125,0.039875,0.010280133001522687,chr6,138773769,138793319
ECT2L,True,0.0021250001154839993,0.0017500000540167093,0.002125,0.00175,0.0010778448593402991,chr6,138795911,138904070
REPS1,True,0.11937499791383743,0.11362499743700027,0.10875,0.104,0.013455891874428715,chr6,138903493,138988261
ABRACL,True,1.3061250448226929,1.975250005722046,0.5225,0.71575,-0.45467646846505266,chr6,139028745,139043302
HECA,True,0.061000000685453415,0.08500000089406967,0.058625,0.0775,-0.06043585430413431,chr6,139135080,139180802
TXLNB,True,0.0008750000270083547,0.0002500000118743628,0.000875,0.00025,0.001801342568605307,chr6,139240061,139291998
CITED2,True,0.49137499928474426,0.7095000147819519,0.324875,0.428875,-0.28690800477463274,chr6,139371807,139374648
NMBR,True,0.0013749999925494194,0.0002500000118743628,0.001375,0.00025,0.003240798853084019,chr6,142058330,142147122
GJE1,True,0.0,0.0,0.0,0.0,0.0,chr6,142132925,142135358
VTA1,True,0.3076249957084656,0.2893750071525574,0.244625,0.2395,0.032974720289996914,chr6,142147162,142224685
ADGRG6,True,0.0018749999580904841,0.001500000013038516,0.001625,0.0015,0.0010783816345140992,chr6,142301854,142446266
HIVEP2,True,0.06312499940395355,0.0651250034570694,0.0555,0.05875,-0.005114821970592746,chr6,142751469,142956698
AIG1,True,0.2357500046491623,0.2097499966621399,0.197,0.177,0.05190470911711443,chr6,143060496,143341058
ADAT2,True,0.039374999701976776,0.03137499839067459,0.0375,0.029875,0.021558303999358618,chr6,143422832,143450695
PEX3,True,0.12300000339746475,0.11100000143051147,0.114125,0.101125,0.02805978769512955,chr6,143450805,143490616
FUCA2,True,0.045625001192092896,0.016875000670552254,0.041375,0.016375,0.07809432573855865,chr6,143494812,143511720
PHACTR2,True,0.01862500049173832,0.011625000275671482,0.016,0.009375,0.019604991019121516,chr6,143536845,143831185
ENSG00000257065,True,0.0,0.0,0.0,0.0,0.0,chr6,143807092,143844617
LTV1,True,0.17787499725818634,0.12825000286102295,0.154875,0.11725,0.10968048672928796,chr6,143843338,143863812
ENSG00000280148,True,0.0,0.0,0.0,0.0,0.0,chr6,143857318,143938471
ZC2HC1B,True,0.0,0.0,0.0,0.0,0.0,chr6,143864436,143938343
OPRM1,True,0.0042500002309679985,0.0010000000474974513,0.003625,0.001,0.00932857594179394,chr6,154010496,154246867
IPCEF1,True,0.017000000923871994,0.008249999955296516,0.016125,0.007875,0.024625973175171772,chr6,154154496,154356803
ENSG00000288520,True,0.0,0.0,0.0,0.0,0.0,chr6,154159828,154510114
CNKSR3,True,0.009624999947845936,0.012125000357627869,0.009375,0.01125,-0.007059937146861223,chr6,154387515,154510685
SCAF8,True,0.14149999618530273,0.09724999964237213,0.12725,0.08975,0.10311430891819759,chr6,154733378,154834244
TIAM2,True,0.16637499630451202,0.1445000022649765,0.137875,0.127,0.04815390531740384,chr6,154832697,155257723
TFB1M,True,0.0663750022649765,0.04612499848008156,0.061,0.04275,0.05252639485377759,chr6,155256134,155314493
CLDN20,True,0.000375000003259629,0.0008750000270083547,0.000375,0.000875,-0.0014408941116547302,chr6,155264013,155276548
NOX3,True,0.0002500000118743628,0.0,0.00025,0.0,0.0007211672778991771,chr6,155395368,155455839
ARID1B,True,0.5211250185966492,0.32737499475479126,0.363375,0.258875,0.3035462477167949,chr6,156776020,157210779
TMEM242,True,0.21649999916553497,0.20424999296665192,0.18925,0.178625,0.02487905861519603,chr6,157289025,157323601
ZDHHC14,True,0.020999999716877937,0.017374999821186066,0.02,0.0165,0.010073028762848348,chr6,157381133,157678157
SNX9,True,0.0951249971985817,0.08924999833106995,0.0865,0.081875,0.014312867601143718,chr6,157700387,157945077
SYNJ2,True,0.003375000087544322,0.0037499999161809683,0.003375,0.00375,-0.0010743659786195514,chr6,157981863,158099176
SERAC1,True,0.08537500351667404,0.06337500363588333,0.07975,0.06025,0.05526558733998177,chr6,158109519,158168280
GTF2H5,True,0.9226250052452087,0.7997499704360962,0.503375,0.48075,0.13032130448556103,chr6,158168350,158199344
TULP4,True,0.6069999933242798,0.4662500023841858,0.397375,0.33875,0.19618679570943032,chr6,158232236,158511828
TMEM181,True,0.15150000154972076,0.10112500190734863,0.131625,0.09175,0.11610015654654299,chr6,158536436,158635429
DYNLT1,True,2.178999900817871,2.223750114440918,0.7335,0.781125,-0.023899824188637467,chr6,158636474,158644743
SYTL3,True,0.004875000100582838,0.0063749998807907104,0.004875,0.006375,-0.004279938356296643,chr6,158650014,158764876
EZR,True,0.8065000176429749,1.1352499723434448,0.415875,0.5345,-0.3238040458919634,chr6,158765741,158819368
RSPH3,True,0.06862500309944153,0.05387499928474426,0.06425,0.051625,0.037917117532549637,chr6,158972871,159000202
TAGAP,True,0.0,0.0,0.0,0.0,0.0,chr6,159034468,159045152
FNDC1,True,0.002749999985098839,0.000375000003259629,0.00275,0.000375,0.006831465865654681,chr6,159169400,159272108
SOD2,True,0.11137499660253525,0.1431249976158142,0.103,0.13,-0.07304161511238182,chr6,159669069,159762529
WTAP,True,0.7606250047683716,0.699999988079071,0.4775,0.46875,0.07110479279339035,chr6,159725585,159756319
ACAT2,True,3.260999917984009,3.7497498989105225,0.74775,0.837375,-0.17626166510502284,chr6,159762045,159779112
TCP1,True,1.3061250448226929,0.9983749985694885,0.6245,0.569,0.2694990469518525,chr6,159778498,159789703
MRPL18,True,0.5680000185966492,0.5033749938011169,0.388125,0.36775,0.09005078345496638,chr6,159789812,159798436
PNLDC1,True,0.0001250000059371814,0.0002500000118743628,0.000125,0.00025,-0.000360538577257549,chr6,159800249,159820704
MAS1,True,0.0021250001154839993,0.004999999888241291,0.002125,0.00475,-0.008236830942609505,chr6,159890988,159917447
IGF2R,True,0.15800000727176666,0.1547500044107437,0.1385,0.1365,0.007143435609565657,chr6,159969082,160113507
SLC22A1,True,0.0011249999515712261,0.0002500000118743628,0.001125,0.00025,0.002521250071362306,chr6,160121815,160158718
SLC22A2,True,0.0,0.0001250000059371814,0.0,0.000125,-0.00036062870064157426,chr6,160171061,160277638
SLC22A3,True,0.0,0.0,0.0,0.0,0.0,chr6,160348378,160452577
LPA,True,0.0,0.0,0.0,0.0,0.0,chr6,160531482,160664275
PLG,True,0.0001250000059371814,0.0001250000059371814,0.000125,0.000125,0.0,chr6,160702194,160754097
MAP3K4,True,0.1379999965429306,0.09650000184774399,0.119625,0.088125,0.09703427378329393,chr6,160991727,161117385
AGPAT4,True,0.28049999475479126,0.2536250054836273,0.231625,0.211625,0.05055178774724017,chr6,161129967,161274061
PRKN,True,0.024125000461935997,0.017625000327825546,0.023125,0.01725,0.01800362783432949,chr6,161347417,162727775
PACRG,True,0.02500000037252903,0.0215000007301569,0.02375,0.02075,0.00965016903749501,chr6,162727132,163315500
QKI,True,1.1647499799728394,0.5426250100135803,0.47175,0.339375,0.6750851506264699,chr6,163414000,163578592
BRAT1,True,0.10087499767541885,0.09162499755620956,0.094,0.086,0.02238188177749043,chr7,2537810,2555694
IQCE,True,0.19425000250339508,0.18037499487400055,0.161,0.15625,0.029125157165343373,chr7,2558972,2614733
TTYH3,True,0.3831250071525574,0.3558749854564667,0.29825,0.282375,0.045217584328888005,chr7,2631961,2664802
AMZ1,True,0.0028750000055879354,0.0035000001080334187,0.002875,0.0035,-0.0017919456746750587,chr7,2679522,2775500
GNA12,True,0.17412500083446503,0.140625,0.152125,0.127,0.07353603101622821,chr7,2728105,2844308
CARD11,True,0.0001250000059371814,0.0,0.000125,0.0,0.0003606287006416438,chr7,2906142,3044228
SDK1,True,0.10962499678134918,0.1340000033378601,0.093875,0.11375,-0.056560788316017255,chr7,3301252,4269000
FOXK1,True,0.125,0.10074999928474426,0.111625,0.093375,0.057091448137262385,chr7,4682295,4771442
AP5Z1,True,0.03725000098347664,0.03175000101327896,0.036375,0.030875,0.014845449358938403,chr7,4775615,4794397
RADIL,True,0.03412500023841858,0.032249998301267624,0.032875,0.0315,0.005073372477310944,chr7,4797055,4883716
PAPOLB,True,0.0017500000540167093,0.0017500000540167093,0.001625,0.00175,0.0,chr7,4857738,4862030
MMD2,True,0.000375000003259629,0.0,0.000375,0.0,0.0010816157348496642,chr7,4905989,4959213
RBAK-RBAKDN,True,0.000375000003259629,0.0008750000270083547,0.000375,0.000875,-0.0014408941116547302,chr7,4983718,5073221
RBAK,True,0.07462500035762787,0.05525000020861626,0.06725,0.051625,0.04948327362566615,chr7,5045821,5069487
WIPI2,True,0.3563750088214874,0.2775000035762787,0.277,0.224375,0.139400012985504,chr7,5190196,5233840
SLC29A4,True,0.18850000202655792,0.23387500643730164,0.160625,0.199625,-0.0920777056213404,chr7,5274369,5306912
TNRC18,True,0.4933750033378601,0.3882499933242798,0.341375,0.3005,0.1613726714498862,chr7,5306790,5425414
FBXL18,True,0.05874999985098839,0.04762500151991844,0.051875,0.04575,0.029014612358819695,chr7,5431335,5513809
ACTB,True,13.034625053405762,11.626500129699707,0.93275,0.972875,0.15849169203043326,chr7,5526409,5563902
FSCN1,True,1.0838749408721924,1.127500057220459,0.57175,0.610625,-0.03919916608664576,chr7,5592816,5606655
RNF216,True,0.2434999942779541,0.21875,0.199875,0.184875,0.04884268023020212,chr7,5620047,5781696
OCM,True,0.003874999936670065,0.0035000001080334187,0.00375,0.0035,0.0010740993534169578,chr7,5879827,5886363
CCZ1,True,0.3491249978542328,0.22987499833106995,0.27925,0.197875,0.2183275427090054,chr7,5898725,5926550
RSPH10B,True,0.0008750000270083547,0.000750000006519258,0.000875,0.00075,0.00036008867710125104,chr7,5925550,5970689
PMS2,True,0.10450000315904617,0.08262500166893005,0.09675,0.077,0.05317473511693274,chr7,5970925,6009130
AIMP2,True,0.11500000208616257,0.12462499737739563,0.1045,0.115625,-0.022403891558046576,chr7,6009255,6023834
EIF2AK1,True,0.44712498784065247,0.3531250059604645,0.3225,0.274375,0.15079767325748036,chr7,6022247,6059175
ANKRD61,True,0.0005000000237487257,0.0001250000059371814,0.0005,0.000125,0.0010813455417206699,chr7,6031376,6036552
USP42,True,0.13650000095367432,0.10587500035762787,0.12075,0.0985,0.0711403380449873,chr7,6104949,6161564
CYTH3,True,0.03687499836087227,0.03987500071525574,0.035375,0.039,-0.008039191497234737,chr7,6161779,6272644
SAGSIN1,False,,,,,,chr7,6329411,6348967
FAM220A,True,0.09274999797344208,0.08500000089406967,0.083625,0.079375,0.01898712587389298,chr7,6329411,6348981
RAC1,True,1.8639999628067017,1.6859999895095825,0.7175,0.716875,0.11293661873077349,chr7,6374527,6403967
DAGLB,True,0.046875,0.04100000113248825,0.043875,0.03925,0.015582514760210234,chr7,6409126,6484190
KDELR2,True,0.3582499921321869,0.2331250011920929,0.279625,0.19825,0.22733873346992017,chr7,6445953,6484190
GRID2IP,True,0.000375000003259629,0.0013749999925494194,0.000375,0.001375,-0.002880350396133397,chr7,6496778,6551461
ZDHHC4,True,0.17675000429153442,0.13187499344348907,0.155875,0.123125,0.0989838195430814,chr7,6577434,6589374
INTS15,False,,,,,,chr7,6590021,6608726
ZNF853,True,0.06224999949336052,0.05537499859929085,0.058125,0.053125,0.01774952210642619,chr7,6615610,6624290
ZNF316,True,0.109375,0.07975000143051147,0.099125,0.0745,0.07189939531853554,chr7,6637318,6658279
ZNF12,True,0.13725000619888306,0.0872500017285347,0.12325,0.082125,0.11788466979741197,chr7,6688433,6706947
RSPH10B2,True,0.0001250000059371814,0.0001250000059371814,0.000125,0.000125,0.0,chr7,6754103,6799365
CCZ1B,True,0.07512500137090683,0.0728750005364418,0.0695,0.068625,0.005655172816893788,chr7,6794134,6826770
ZNRF2,True,0.10437499731779099,0.10575000196695328,0.09175,0.09675,-0.0032785261744347253,chr7,30284597,30367689
ENSG00000281593,True,0.0,0.0,0.0,0.0,0.0,chr7,30362400,30412502
NOD1,True,0.0024999999441206455,0.0013749999925494194,0.0025,0.001375,0.003233535112789395,chr7,30424527,30478784
GGCT,True,0.3022499978542328,0.20475000143051147,0.231625,0.170625,0.18694030492422622,chr7,30496621,30504841
ENSG00000281039,True,0.000375000003259629,0.0001250000059371814,0.000375,0.000125,0.0007209870342079583,chr7,30497077,30550761
GARS1,True,0.40700000524520874,0.29762500524520874,0.292875,0.24075,0.18539192070263244,chr7,30580533,30634033
CRHR2,True,0.0044999998062849045,0.007499999832361937,0.0045,0.007125,-0.008553553043586414,chr7,30651942,30700129
INMT,True,0.001500000013038516,0.0002500000118743628,0.0015,0.00025,0.003600438709703278,chr7,30697985,30757602
INMT-MINDY4,True,0.0,0.0001250000059371814,0.0,0.000125,-0.00036062870064157426,chr7,30752137,30892081
MINDY4,True,0.00937500037252903,0.0043750000186264515,0.009125,0.004375,0.014231386842489584,chr7,30771417,30892387
ENSG00000250424,True,0.0,0.0,0.0,0.0,0.0,chr7,30852273,30923812
AQP1,True,0.0021250001154839993,0.002374999923631549,0.002125,0.00225,-0.0007181154621611345,chr7,30911853,30925517
GHRHR,True,0.0005000000237487257,0.000375000003259629,0.0005,0.000375,0.00036035850751260325,chr7,30938669,30993254
ADCYAP1R1,True,0.07787500321865082,0.11900000274181366,0.070875,0.1085,-0.09918195033310216,chr7,31052308,31111474
NEUROD6,True,3.838249921798706,4.525125026702881,0.595875,0.81625,-0.21204632397162806,chr7,31337465,31340726
ITPRID1,True,0.000750000006519258,0.002749999985098839,0.00075,0.002625,-0.005750660431101224,chr7,31514090,31656504
PPP1R17,True,0.09749999642372131,0.1992499977350235,0.0585,0.11,-0.2268696395700855,chr7,31687215,31708455
PDE1C,True,0.00800000037997961,0.008375000208616257,0.007375,0.00775,-0.0010645882028665183,chr7,31751179,32428131
LSM5,True,0.9833750128746033,0.7866250276565552,0.53475,0.488125,0.20529171482377467,chr7,32485338,32495283
AVL9,True,0.14262500405311584,0.1287499964237213,0.127625,0.115625,0.0314906293626262,chr7,32495426,32588726
KBTBD2,True,0.1459999978542328,0.16637499630451202,0.12525,0.144125,-0.04480010884730209,chr7,32868172,32894131
FKBP9,True,0.02824999950826168,0.02512500062584877,0.02725,0.023625,0.008559978386027603,chr7,32957404,33006930
NT5C3A,True,0.3903749883174896,0.2328750044107437,0.29975,0.19875,0.280845905941045,chr7,33014130,33062796
RP9,True,0.3421249985694885,0.2590000033378601,0.261375,0.213125,0.14993449977656775,chr7,33094797,33109405
BBS9,True,0.04475000128149986,0.04362500086426735,0.043,0.041125,0.002982488752084553,chr7,33109557,33877180
BMPER,True,0.002624999964609742,0.0012499999720603228,0.002625,0.00125,0.003952099436912309,chr7,33904308,34156427
NPSR1,True,0.0001250000059371814,0.0002500000118743628,0.000125,0.00025,-0.000360538577257549,chr7,34658218,34878332
DPY19L1,True,0.15062500536441803,0.17350000143051147,0.11325,0.119875,-0.049851678444749,chr7,34927292,35038271
TBX20,True,0.0,0.0,0.0,0.0,0.0,chr7,35202430,35254100
HERPUD2,True,0.12387499958276749,0.11187499761581421,0.1115,0.102625,0.02802004866709161,chr7,35632659,35697459
SEPTIN7,True,2.7367498874664307,2.326124906539917,0.820875,0.8015,0.1957206588292998,chr7,35800932,35907110
EEPD1,True,0.01850000023841858,0.005750000011175871,0.018,0.00575,0.03591957488644796,chr7,36153254,36301538
MATCAP2,False,,,,,,chr7,36324152,36390125
ANLN,True,0.0215000007301569,0.022749999538064003,0.017625,0.018375,-0.0034539007750236882,chr7,36389821,36453791
AOAH,True,0.0008750000270083547,0.0005000000237487257,0.000875,0.0005,0.0010805356041419087,chr7,36512941,36724549
ELMO1,True,0.041875001043081284,0.027374999597668648,0.03575,0.026625,0.03913090976758338,chr7,36852906,37449223
SDC2,True,0.0286250002682209,0.013875000178813934,0.02575,0.01275,0.04082718869486126,chr8,96493813,96611790
CPQ,True,0.0002500000118743628,0.0001250000059371814,0.00025,0.000125,0.00036053857725762385,chr8,96645242,97149654
TSPYL5,True,0.014375000260770321,0.012000000104308128,0.013125,0.011375,0.006676715746468811,chr8,97273488,97277928
MTDH,True,0.9643750190734863,0.7465000152587891,0.523375,0.472375,0.23240216738962927,chr8,97644184,97730260
LAPTM4B,True,0.5886250138282776,0.43687498569488525,0.37975,0.321,0.2165786348669193,chr8,97775057,97853013
MATN2,True,0.0017500000540167093,0.0005000000237487257,0.0015,0.0005,0.0035986426134834177,chr8,97868840,98036724
RPL30,True,15.344499588012695,11.59387493133545,0.941875,0.98175,0.3897055316776163,chr8,98024851,98046469
ERICH5,True,0.0013749999925494194,0.0012499999720603228,0.00125,0.00125,0.00035972953120316613,chr8,98064522,98093610
RIDA,True,0.11474999785423279,0.07000000029802322,0.102375,0.064875,0.10903790475398299,chr8,98102344,98117171
POP1,True,0.08512499928474426,0.08449999988079071,0.075125,0.077,0.0015418337109887872,chr8,98117293,98159835
NIPAL2,True,0.000375000003259629,0.0,0.000375,0.0,0.0010816157348496642,chr8,98189826,98294393
STK3,True,0.02174999937415123,0.007000000216066837,0.021125,0.006625,0.04137294581112577,chr8,98371228,98942827
KCNS2,True,0.0006249999860301614,0.000750000006519258,0.000625,0.00075,-0.00036017857567583817,chr8,98426958,98432853
OSR2,True,0.0,0.0,0.0,0.0,0.0,chr8,98944403,98952104
VPS13B,True,0.09087499976158142,0.07774999737739563,0.08225,0.07325,0.03240761085777516,chr8,99013266,99877580
COX6C,True,3.822000026702881,3.3818750381469727,0.835,0.8625,0.15494540426164582,chr8,99873200,99893707
RGS22,True,0.0,0.0,0.0,0.0,0.0,chr8,99960936,100131268
FBXO43,True,0.0032500000670552254,0.000750000006519258,0.003,0.00075,0.007184751282080667,chr8,100133351,100145817
POLR2K,True,0.8339999914169312,0.7009999752044678,0.50775,0.4665,0.15152253598203427,chr8,100150623,100154003
SPAG1,True,0.006000000052154064,0.0022499999031424522,0.005375,0.00225,0.010731726387938359,chr8,100157906,100259278
RNF19A,True,0.21137499809265137,0.1746249943971634,0.176125,0.15225,0.07652450027356425,chr8,100257060,100336218
ANKRD46,True,0.3253749907016754,0.3232499957084656,0.261125,0.255,0.003719125285225903,chr8,100509752,100559784
SNX31,True,0.0002500000118743628,0.000375000003259629,0.00025,0.000375,-0.00036044845695056536,chr8,100572889,100663415
PABPC1,True,1.2103749513626099,0.8547499775886536,0.59125,0.50775,0.336286006633624,chr8,100685816,100722809
YWHAZ,True,3.4543750286102295,3.1102499961853027,0.81175,0.85425,0.13135095942053315,chr8,100916523,100953388
ZNF706,True,1.1141250133514404,0.8974999785423279,0.582875,0.531125,0.20790405819309693,chr8,101177878,101206193
GRHL2,True,0.0,0.0002500000118743628,0.0,0.00025,-0.0007211672778992085,chr8,101492439,101669726
NCALD,True,0.30937498807907104,0.15987500548362732,0.21825,0.128625,0.2946154935528883,chr8,101686542,102124907
RRM2B,True,0.10762500017881393,0.08187499642372131,0.08875,0.075,0.06247197563397625,chr8,102204502,102238961
UBR5,True,0.32712501287460327,0.2798750102519989,0.25475,0.227375,0.08486247361425697,chr8,102252273,102412759
ODF1,True,0.000375000003259629,0.0001250000059371814,0.000375,0.000125,0.0007209870342079583,chr8,102551589,102561018
KLF10,True,0.10087499767541885,0.11174999922513962,0.089625,0.098125,-0.025877301695431267,chr8,102648784,102655725
AZIN1,True,0.4007500112056732,0.3372499942779541,0.297875,0.269125,0.10546830352760979,chr8,102826111,102893864
ENSG00000289653,False,,,,,,chr8,102858046,102863860
ATP6V1C1,True,0.16949999332427979,0.1809999942779541,0.1495,0.159375,-0.024570744951040186,chr8,103021063,103073051
BAALC,True,0.1146249994635582,0.10787499696016312,0.097875,0.09725,0.01593176953731135,chr8,103140713,103230305
FAM83A,True,0.0002500000118743628,0.0001250000059371814,0.00025,0.000125,0.00036053857725762385,chr8,123178960,123210079
C8orf76,True,0.14487500488758087,0.12125000357627869,0.13225,0.110625,0.05384559733237756,chr8,123219967,123241377
ZHX1-C8orf76,True,0.012125000357627869,0.00925000011920929,0.011375,0.009125,0.008121913184160364,chr8,123226189,123274284
ZHX1,True,0.27937498688697815,0.21912500262260437,0.223375,0.187625,0.1160750602979606,chr8,123248451,123275541
ATAD2,True,0.09662500023841858,0.0651250034570694,0.06575,0.049375,0.07825441048426658,chr8,123319850,123416350
NTAQ1,True,0.12125000357627869,0.11675000190734863,0.109375,0.107625,0.01048813999287314,chr8,123416726,123470028
FBXO32,True,0.013124999590218067,0.005125000141561031,0.01125,0.004875,0.022669868925256194,chr8,123497889,123541206
KLHL38,True,0.0,0.0,0.0,0.0,0.0,chr8,123644442,123653801
ANXA13,True,0.0001250000059371814,0.0001250000059371814,0.000125,0.000125,0.0,chr8,123680794,123737402
FAM91A1,True,0.0820000022649765,0.05550000071525574,0.075375,0.052625,0.06723224527614734,chr8,123768439,123815452
FER1L6,True,0.0001250000059371814,0.0,0.000125,0.0,0.0003606287006416438,chr8,123851987,124120061
TMEM65,True,0.07787500321865082,0.05362499877810478,0.072625,0.05125,0.06184837657029925,chr8,124306189,124372701
TRMT12,True,0.04475000128149986,0.03125,0.043875,0.03025,0.03620335859735548,chr8,124450820,124462150
RNF139,True,0.08275000005960464,0.0598750002682209,0.078375,0.05625,0.057772337729574054,chr8,124474880,124488618
TATDN1,True,0.3160000145435333,0.2643750011920929,0.2495,0.22025,0.0942885820198614,chr8,124488485,124539458
NDUFB9,True,1.250749945640564,1.2428749799728394,0.600375,0.625375,0.006503957007294927,chr8,124539101,124580648
MTSS1,True,0.5047500133514404,0.4970000088214874,0.332625,0.35025,0.011171174066532563,chr8,124550784,124728473
ZNF572,True,0.0021250001154839993,0.0008750000270083547,0.002125,0.000875,0.003595951868681516,chr8,124973295,124979389
SQLE,True,3.142124891281128,2.952500104904175,0.817625,0.8325,0.07713893597281365,chr8,124998497,125022283
WASHC5,True,0.07400000095367432,0.07412499934434891,0.06825,0.069625,-0.00031413750072681996,chr8,125024260,125091819
NSMCE2,True,0.1340000033378601,0.10212499648332596,0.121625,0.094,0.07441983757385003,chr8,125091679,125367120
TRIB1,True,0.0430000014603138,0.04312499985098839,0.040375,0.04025,-0.000332069621680377,chr8,125430358,125438403
LRATD2,True,0.017500000074505806,0.029874999076128006,0.0155,0.026625,-0.03409319594526557,chr8,126552443,126558478
POU5F1B,True,0.000375000003259629,0.0006249999860301614,0.000375,0.000625,-0.0007206268588776313,chr8,127322183,127420066
MYC,True,0.01875000074505806,0.023125000298023224,0.017,0.020625,-0.012116285065876855,chr8,127735434,127742951
GSDMC,True,0.0,0.0,0.0,0.0,0.0,chr8,129748196,129786624
CYRIB,True,0.5512499809265137,0.49175000190734863,0.387125,0.364875,0.08405737404689413,chr8,129839593,130017504
ASAP1,True,0.22975000739097595,0.19550000131130219,0.185,0.164375,0.06935180285170743,chr8,130052104,130443674
ADCY8,True,0.0024999999441206455,0.0006249999860301614,0.002375,0.000625,0.005393258650045174,chr8,130780301,131040909
EFR3A,True,0.05025000125169754,0.041875001043081284,0.0465,0.039125,0.02212715228706012,chr8,131904093,132013642
OC90,True,0.0,0.0005000000237487257,0.0,0.0005,-0.001441974242362369,chr8,132024216,132059382
ENSG00000258417,True,0.0,0.0,0.0,0.0,0.0,chr8,132024238,132085655
HHLA1,True,0.0006249999860301614,0.0005000000237487257,0.000625,0.0005,0.0003602683513648472,chr8,132061480,132111159
KCNQ3,True,0.273250013589859,0.25987499952316284,0.201375,0.208375,0.02517284090329096,chr8,132120861,132481095
DNAAF11,False,,,,,,chr8,132570416,132675592
TMEM71,True,0.000375000003259629,0.0,0.000375,0.0,0.0010816157348496642,chr8,132685007,132760712
GOLM1,True,0.5581250190734863,0.3563750088214874,0.37825,0.277,0.30519549414919456,chr9,86026146,86100173
C9orf153,True,0.0018749999580904841,0.0010000000474974513,0.001875,0.001,0.0025174789522198577,chr9,86220265,86259657
ISCA1,True,0.45375001430511475,0.3701249957084656,0.34025,0.291875,0.13238851085941797,chr9,86264546,86283102
TUT7,True,0.14762499928474426,0.12262500077486038,0.130125,0.110375,0.056795169188696884,chr9,86287733,86354454
GAS1,True,0.08224999904632568,0.04287499934434891,0.067625,0.037125,0.10101868613636425,chr9,86944362,86947506
DAPK1,True,0.20000000298023224,0.18437500298023224,0.167875,0.15975,0.032567862316196954,chr9,87497228,87708634
CTSL,True,0.11487500369548798,0.09262499958276749,0.10075,0.08575,0.053173671683456186,chr9,87724051,87731469
SPATA31E1,True,0.0,0.0001250000059371814,0.0,0.000125,-0.00036062870064157426,chr9,87882877,87888903
SPATA31C1,False,,,,,,chr9,87914488,87923657
ENSG00000283205,True,0.0001250000059371814,0.0,0.000125,0.0,0.0003606287006416438,chr9,87956214,87956883
CDK20,True,0.06324999779462814,0.057874999940395355,0.059125,0.055875,0.013833501488927223,chr9,87966441,87974753
SPATA31C2,False,,,,,,chr9,88129305,88138475
SPIN1,True,0.6151250004768372,0.5932499766349792,0.3995,0.4125,0.028582121223658167,chr9,88388430,88478694
NXNL2,True,0.0063749998807907104,0.007000000216066837,0.006,0.006625,-0.0017795682713682651,chr9,88534033,88584274
S1PR3,True,0.005375000182539225,0.00774999987334013,0.005125,0.00725,-0.0067640351434782925,chr9,88990863,89005155
SHC3,True,0.11862500011920929,0.08100000023841858,0.09575,0.071875,0.090526973148459,chr9,89005771,89178818
CKS2,True,0.8242499828338623,0.7237499952316284,0.384125,0.371125,0.11386663572629382,chr9,89311195,89316703
SECISBP2,True,0.5708749890327454,0.5112500190734863,0.388125,0.367125,0.08265034384549395,chr9,89318500,89359663
SEMA4D,True,0.15950000286102295,0.22075000405311584,0.13075,0.1855,-0.1281262740976578,chr9,89360787,89498130
GADD45G,True,1.4481250047683716,1.7633750438690186,0.451875,0.592875,-0.21638940727204858,chr9,89605012,89606555
DIRAS2,True,0.05700000002980232,0.048500001430511475,0.051,0.0435,0.022185703251419973,chr9,90609832,90642862
SYK,True,0.0001250000059371814,0.0001250000059371814,0.000125,0.000125,0.0,chr9,90801787,90898549
AUH,True,0.09849999845027924,0.12037499994039536,0.090375,0.1085,-0.05178930595063622,chr9,91213815,91361918
NFIL3,True,0.3401249945163727,0.39287498593330383,0.251125,0.29325,-0.08785420422338706,chr9,91409045,91423832
ROR2,True,0.008750000037252903,0.0017500000540167093,0.008375,0.001625,0.019988177741316976,chr9,91563091,91950228
SPTLC1,True,0.1978749930858612,0.12587499618530273,0.1725,0.114625,0.15709409519637227,chr9,92000087,92115413
IARS1,True,0.3017500042915344,0.2292499989271164,0.2345,0.19325,0.13673897738831062,chr9,92210207,92293854
NOL8,True,0.20499999821186066,0.15837499499320984,0.169125,0.137375,0.09871371044435719,chr9,92297358,92325636
CENPP,True,0.017500000074505806,0.013749999925494194,0.01675,0.013125,0.01049237423457544,chr9,92325953,92620529
OGN,True,0.0005000000237487257,0.0,0.00025,0.0,0.001441974242362362,chr9,92383268,92404696
OMD,True,0.005750000011175871,0.0042500002309679985,0.0055,0.004,0.0042852353163857155,chr9,92412380,92424471
ASPN,True,0.0002500000118743628,0.0,0.00025,0.0,0.0007211672778991771,chr9,92456205,92482506
ECM2,True,0.000375000003259629,0.0,0.000375,0.0,0.0010816157348496642,chr9,92493554,92536655
IPPK,True,0.03737499937415123,0.029500000178813934,0.035875,0.028625,0.02129851882354098,chr9,92613183,92670131
BICD2,True,0.07912500202655792,0.06962499767541885,0.072625,0.065875,0.023862322746009235,chr9,92711363,92764833
ZNF484,True,0.08950000256299973,0.08762499690055847,0.082625,0.0835,0.004596051668034254,chr9,92844182,92878038
FGD3,True,0.00800000037997961,0.009499999694526196,0.008,0.009375,-0.004253647449548085,chr9,92947523,93036236
DDB1,True,0.34337499737739563,0.3332499861717224,0.2715,0.263875,0.01742486384482197,chr11,61299451,61342596
TKFC,True,0.051500000059604645,0.03837500140070915,0.048625,0.037375,0.03474946375193631,chr11,61333220,61353295
CYB561A3,True,0.06449999660253525,0.06662499904632568,0.059625,0.063375,-0.005420681367730581,chr11,61348754,61362283
TMEM138,True,0.0729999989271164,0.06324999779462814,0.0685,0.061125,0.024759733468965307,chr11,61361964,61377890
TMEM216,True,0.04650000110268593,0.03462500125169754,0.043875,0.033625,0.031694193328802814,chr11,61392393,61398866
CPSF7,True,0.148499995470047,0.12987500429153442,0.136125,0.11925,0.04204100337478999,chr11,61402641,61430031
ENSG00000256591,True,0.0215000007301569,0.017500000074505806,0.020875,0.017125,0.01110839194529994,chr11,61429220,61485822
SDHAF2,True,0.20387500524520874,0.19737499952316284,0.173875,0.171625,0.013384611241236332,chr11,61430042,61446733
PPP1R32,True,0.006124999839812517,0.005125000141561031,0.006,0.005125,0.0028532906320737207,chr11,61481120,61490931
LRRC10B,True,0.039500001817941666,0.030750000849366188,0.032375,0.0275,0.02359049613529421,chr11,61508749,61511018
SYT7,True,0.029500000178813934,0.0586250014603138,0.027625,0.05375,-0.07724945868685111,chr11,61513714,61581148
DAGLA,True,0.03200000151991844,0.03700000047683716,0.03025,0.035875,-0.013495839643520864,chr11,61680391,61747001
MYRF,True,0.002374999923631549,0.0020000000949949026,0.002375,0.002,0.0010773076156569213,chr11,61752636,61788518
TMEM258,True,1.4605000019073486,0.9122499823570251,0.66125,0.54,0.47322616060810596,chr11,61768501,61792802
FEN1,True,0.10662499815225601,0.04962500184774399,0.084,0.04475,0.14235731830709597,chr11,61792911,61797238
LGALS3,True,0.00787500012665987,0.00712500000372529,0.005375,0.004125,0.002132062374013687,chr14,55124110,55145423
DLGAP5,True,0.08299999684095383,0.07862500101327896,0.0295,0.0305,0.010867215564787173,chr14,55148112,55191608
FBXO34,True,0.10899999737739563,0.09437499940395355,0.099875,0.087125,0.03506878739232065,chr14,55271344,55370053
ATG14,True,0.08187499642372131,0.057624999433755875,0.075375,0.056,0.06141401227058634,chr14,55366391,55411830
TBPL2,True,0.0,0.0001250000059371814,0.0,0.000125,-0.00036062870064157426,chr14,55414210,55456726
KTN1,True,0.846875011920929,0.6169999837875366,0.48775,0.411,0.2699868120892178,chr14,55559072,55701526
PELI2,True,0.06412500143051147,0.09600000083446503,0.06,0.087375,-0.07929745561121015,chr14,56117814,56301524
TMEM260,True,0.06875000149011612,0.05849999934434891,0.064,0.05625,0.026237364963596438,chr14,56488354,56650606
OTX2,True,0.0024999999441206455,0.00937500037252903,0.00225,0.004625,-0.01960455915505107,chr14,56799905,56816693
EXOC5,True,0.4221250116825104,0.3736250102519989,0.31325,0.294,0.07794819030733637,chr14,57200507,57268905
AP5M1,True,0.14225000143051147,0.14037500321865082,0.126875,0.1255,0.004217994408361573,chr14,57268924,57298742
NAA30,True,0.10437499731779099,0.08912499994039536,0.094875,0.084375,0.036870202092152304,chr14,57390544,57415906
CCDC198,True,0.000375000003259629,0.0,0.000375,0.0,0.0010816157348496642,chr14,57469300,57493867
SLC35F4,True,0.006124999839812517,0.0005000000237487257,0.00475,0.0005,0.016123668315398156,chr14,57563920,57982194
ARMH4,True,0.1899999976158142,0.15537500381469727,0.15225,0.1325,0.07427570776677378,chr14,57999735,58298139
ACTR10,True,0.7596250176429749,0.8463749885559082,0.4695,0.50475,-0.09608596475874925,chr14,58200080,58235636
PSMA3,True,0.9537500143051147,0.831375002861023,0.548,0.51375,0.12686221949244997,chr14,58244843,58272012
ARID4A,True,0.7241250276565552,0.6551250219345093,0.433,0.411,0.08370191073985309,chr14,58298504,58373887
TOMM20L,True,0.0001250000059371814,0.0,0.000125,0.0,0.0003606287006416438,chr14,58395928,58408702
TIMM9,True,0.24837499856948853,0.2317499965429306,0.21375,0.2015,0.03241052855220221,chr14,58408495,58427531
KIAA0586,True,0.25987499952316284,0.2318750023841858,0.21475,0.193375,0.05416484245296113,chr14,58427385,58551297
DACT1,True,0.11237499862909317,0.27175000309944153,0.086125,0.176125,-0.33371820035603283,chr14,58633967,58648321
DAAM1,True,1.2416249513626099,1.2109999656677246,0.57875,0.592125,0.025594250655983492,chr14,59188646,59371405
GPR135,True,0.023375000804662704,0.0182499997317791,0.0225,0.017875,0.01419680459562686,chr14,59429022,59465380
L3HYPDH,True,0.039250001311302185,0.023874999955296516,0.03725,0.02375,0.04173165866116609,chr14,59460363,59484408
JKAMP,True,0.2224999964237213,0.18412500619888306,0.1925,0.162125,0.07873761596708935,chr14,59484443,59505410
CCDC175,True,0.0037499999161809683,0.000750000006519258,0.003375,0.00075,0.008617417343789445,chr14,59504539,59576812
RTN1,True,3.6080000400543213,4.059875011444092,0.639875,0.77475,-0.15055808418447267,chr14,59595976,59870776
LRRC9,True,0.002624999964609742,0.0021250001154839993,0.002375,0.002125,0.0014358743215061318,chr14,59919713,60066817
PCNX4,True,0.39925000071525574,0.2901250123977661,0.286625,0.228875,0.1866413231072527,chr14,60091911,60169133
DHRS7,True,0.20100000500679016,0.1107499971985817,0.158,0.095125,0.19883250266503047,chr14,60144119,60169856
PPM1A,True,0.21537500619888306,0.1966249942779541,0.18425,0.172125,0.03831747782236705,chr14,60245752,60299087
C14orf39,True,0.0001250000059371814,0.0001250000059371814,0.000125,0.000125,0.0,chr14,60396469,60515543
SIX6,True,0.0,0.0,0.0,0.0,0.0,chr14,60509146,60512850
SIX1,True,0.0,0.0,0.0,0.0,0.0,chr14,60643421,60658259
SIX4,True,0.009999999776482582,0.005874999798834324,0.009625,0.0055,0.011716303130845448,chr14,60709539,60724351
MNAT1,True,0.4235000014305115,0.3401249945163727,0.3215,0.274375,0.13650797417785787,chr14,60734742,60969965
TRMT5,True,0.10062500089406967,0.09037499874830246,0.092375,0.084625,0.024832900716857703,chr14,60971441,60981170
SLC38A6,True,0.0586250014603138,0.04712500050663948,0.05575,0.045,0.03000966319140343,chr14,60981114,61114316
PRKCH,True,0.0,0.0002500000118743628,0.0,0.00025,-0.0007211672778992085,chr14,61187559,61550976
TMEM30B,True,0.0,0.0,0.0,0.0,0.0,chr14,61277370,61281761
ENSG00000258989,True,0.0,0.0,0.0,0.0,0.0,chr14,61529128,61657964
TCL1A,True,0.0,0.0,0.0,0.0,0.0,chr14,95709947,95714196
TUNAR,True,0.016374999657273293,0.005499999970197678,0.0155,0.00525,0.030708062080620657,chr14,95866587,95925663
C14orf132,True,0.40587499737739563,0.2748749852180481,0.284375,0.221375,0.22534841368414177,chr14,96039362,96093971
BDKRB2,True,0.000375000003259629,0.0,0.000375,0.0,0.0010816157348496642,chr14,96204679,96244166
ENSG00000258691,True,0.0,0.0,0.0,0.0,0.0,chr14,96204844,96263929
BDKRB1,True,0.0,0.0,0.0,0.0,0.0,chr14,96256210,96268967
ATG2B,True,0.078125,0.06912499666213989,0.071875,0.064625,0.022635914733097135,chr14,96279195,96363341
GSKIP,True,0.12187500298023224,0.09987500309944153,0.111375,0.093125,0.05196271206192066,chr14,96363452,96387288
AK7,True,0.013124999590218067,0.017249999567866325,0.012125,0.016375,-0.011551423141687892,chr14,96392128,96489427
PAPOLA,True,0.8377500176429749,0.6384999752044678,0.51475,0.44125,0.23267428791242104,chr14,96501433,96567116
VRK1,True,0.4791249930858612,0.45787501335144043,0.301875,0.315125,0.031655622372951255,chr14,96797304,96954846
BCL11B,True,1.2538750171661377,1.3767499923706055,0.50125,0.611,-0.09769053353356374,chr14,99169287,99272197
SETD3,True,0.18950000405311584,0.15449999272823334,0.16325,0.137125,0.0751573840783332,chr14,99397748,99480889
CCNK,True,0.17299999296665192,0.12962499260902405,0.149875,0.117875,0.09611368081025723,chr14,99481169,99535044
CCDC85C,True,0.06737499684095383,0.04874999821186066,0.061625,0.045875,0.04815354518361583,chr14,99500190,99604207
HHIPL1,True,0.009750000201165676,0.011374999769032001,0.009625,0.011125,-0.0045917606505018254,chr14,99645129,99680569
CYP46A1,True,0.0377499982714653,0.026875000447034836,0.034875,0.025125,0.02947488773216541,chr14,99684298,99727301
EML1,True,0.26887500286102295,0.3621250092983246,0.2075,0.275875,-0.16514800102736285,chr14,99737693,99942060
EVL,True,1.0412499904632568,0.9238749742507935,0.5535,0.5295,0.11427841211258469,chr14,99971449,100144236
DEGS2,True,0.00787500012665987,0.006124999839812517,0.00775,0.006125,0.004979722371036701,chr14,100143957,100159645
YY1,True,0.8726249933242798,0.6051250100135803,0.501125,0.41475,0.31272795496663475,chr14,100238298,100282788
SLC25A29,True,0.48750001192092896,0.4492500126361847,0.35375,0.333375,0.05699265254389845,chr14,100291116,100306547
SLC25A47,True,0.0,0.0001250000059371814,0.0,0.000125,-0.00036062870064157426,chr14,100323339,100330421
WARS1,True,0.08150000125169754,0.07212500274181366,0.074625,0.067375,0.023448801064128926,chr14,100333790,100376805
WDR25,True,0.0872500017285347,0.08262500166893005,0.080375,0.078,0.0114072005871362,chr14,100376418,100530303
BEGAIN,True,0.0533749982714653,0.0716250017285347,0.048875,0.066875,-0.04681155457809285,chr14,100537147,100587417
DLK1,True,0.02462499961256981,0.025499999523162842,0.01375,0.018375,-0.0024042058325872105,chr14,100725705,100738224
RTL1,True,0.000375000003259629,0.0,0.000375,0.0,0.0010816157348496642,chr14,100879753,100903722
DIO3,True,0.0020000000949949026,0.0005000000237487257,0.001625,0.0005,0.004317295319327934,chr14,101560139,101563452
PPP2R5C,True,0.2709999978542328,0.22212499380111694,0.221125,0.18925,0.0944822789441676,chr14,101761709,101927989
DYNC1H1,True,1.6598750352859497,1.4693750143051147,0.661875,0.655,0.13320998452364127,chr14,101964573,102056443
HSP90AA1,True,7.5295000076293945,7.418749809265137,0.925875,0.9555,0.02003747524087702,chr14,102080742,102139699
WDR20,True,0.10712499916553497,0.09012500196695328,0.099125,0.084,0.04097299662814623,chr14,102139503,102224847
MOK,True,0.10437499731779099,0.08912499994039536,0.09675,0.0815,0.036870202092152304,chr14,102224500,102305190
ZNF839,True,0.045499999076128006,0.042374998331069946,0.04375,0.03975,0.008288517502766516,chr14,102317377,102342702
CINP,True,0.15412500500679016,0.12600000202655792,0.136375,0.1135,0.0634037030542883,chr14,102341102,102362916
TECPR2,True,0.07512500137090683,0.07750000059604645,0.071,0.071125,-0.005945393250296798,chr14,102362941,102502477
ANKRD9,True,0.06800000369548798,0.030249999836087227,0.0605,0.028625,0.09921822380647502,chr14,102501767,102509799
RCOR1,True,0.21012499928474426,0.19687500596046448,0.178,0.170125,0.027173084153980193,chr14,102592649,102730561
TRAF3,True,0.08675000071525574,0.0625,0.079625,0.058625,0.060892842177434486,chr14,102777449,102911500
AMN,True,0.0012499999720603228,0.0011249999515712261,0.00125,0.001125,0.0003598192505183204,chr14,102922663,102933596
CDC42BPB,True,0.23912499845027924,0.2214999943971634,0.1955,0.1845,0.034818985451855224,chr14,102932380,103057549
LBHD2,True,0.0002500000118743628,0.0005000000237487257,0.00025,0.0005,-0.0007208069644631884,chr14,103084210,103090027
EXOC3L4,True,0.000750000006519258,0.000375000003259629,0.00075,0.000375,0.0010808054345534698,chr14,103094725,103110559
TNFAIP2,True,0.0028750000055879354,0.0008750000270083547,0.002875,0.000875,0.005749228133069874,chr14,103121476,103137439
EIF5,True,1.3887499570846558,1.0208749771118164,0.65575,0.569125,0.3125301608124982,chr14,103333544,103345025
ENSG00000291313,False,,,,,,chr14,103334237,103335932
MARK3,True,0.49000000953674316,0.4059999883174896,0.35,0.308875,0.1279175074213048,chr14,103385377,103503831
CKB,True,9.331999778747559,10.671500205993652,0.92375,0.97175,-0.1842661480827241,chr14,103519667,103522833
TRMT61A,True,0.04699999839067459,0.032625000923871994,0.0455,0.031625,0.03842067986734647,chr14,103529196,103537073
BAG5,True,0.28462499380111694,0.23012499511241913,0.22675,0.194375,0.10385982240134924,chr14,103556545,103562657
KLC1,True,0.8238750100135803,0.6121249794960022,0.473,0.41375,0.25144799472273793,chr14,103561896,103714249
COA8,True,0.31450000405311584,0.2554999887943268,0.25175,0.216375,0.10848297193806804,chr14,103562960,103607523
ENSG00000256500,True,0.0010000000474974513,0.0005000000237487257,0.001,0.0005,0.0014405344275341318,chr14,103562962,103685924
XRCC3,True,0.020500000566244125,0.012625000439584255,0.0195,0.012,0.021994325304552673,chr14,103697609,103715504
ZFYVE21,True,0.17274999618530273,0.17887499928474426,0.153375,0.1585,-0.013075478944294689,chr14,103715730,103733668
PPP1R13B,True,0.06337500363588333,0.06887499988079071,0.058875,0.064125,-0.014016126639712039,chr14,103733195,103847575
ATP5MJ,True,1.9299999475479126,1.5648750066757202,0.72275,0.692625,0.234901829232784,chr14,103912288,103928269
TDRD9,True,0.009999999776482582,0.014624999836087227,0.009125,0.014,-0.013024296635188976,chr14,103928456,104052667
RD3L,True,0.0,0.0,0.0,0.0,0.0,chr14,103940426,103942561
ASPG,True,0.0001250000059371814,0.0002500000118743628,0.000125,0.00025,-0.000360538577257549,chr14,104085686,104115582
KIF26A,True,0.14237500727176666,0.17362500727176666,0.116375,0.14375,-0.06852993382696067,chr14,104136454,104180894
TMEM179,True,0.03375000134110451,0.014999999664723873,0.031875,0.0145,0.051591737001424616,chr14,104474678,104605647
C14orf180,True,0.0002500000118743628,0.0001250000059371814,0.00025,0.000125,0.00036053857725762385,chr14,104579764,104590515
INF2,True,0.05262500047683716,0.07900000363588333,0.04975,0.075,-0.06726252684986384,chr14,104681146,104722535
ADSS1,True,0.0020000000949949026,0.000750000006519258,0.002,0.00075,0.003596848392287169,chr14,104724174,104747325
SIVA1,True,0.5588750243186951,0.39537501335144043,0.38625,0.305875,0.24196835906710004,chr14,104753147,104768494
AKT1,True,0.33262500166893005,0.2681249976158142,0.264,0.223875,0.11632577868416259,chr14,104769349,104795751
ZBTB42,True,0.0013749999925494194,0.0005000000237487257,0.001375,0.0005,0.0025199918886206446,chr14,104800596,104804712
CEP170B,True,0.04112499952316284,0.05362499877810478,0.039625,0.050875,-0.03294719476011418,chr14,104865268,104896747
PLD4,True,0.0,0.0,0.0,0.0,0.0,chr14,104924713,104937761
AHNAK2,True,0.02474999986588955,0.026499999687075615,0.02175,0.025125,-0.004803269244809101,chr14,104937244,104978374
COX10,True,0.06199999898672104,0.050999999046325684,0.05825,0.049375,0.028517811545633306,chr17,14069490,14231736
CDRT15,True,0.0,0.0,0.0,0.0,0.0,chr17,14235673,14236862
HS3ST3B1,True,0.0016250000335276127,0.0002500000118743628,0.001625,0.00025,0.003959988936435794,chr17,14301081,14349404
PMP22,True,0.015250000171363354,0.0021250001154839993,0.012125,0.00175,0.037226043641798955,chr17,15229773,15272292
TEKT3,True,0.0010000000474974513,0.001500000013038516,0.001,0.0015,-0.001439097317705765,chr17,15303811,15341632
CDRT4,True,0.00712500000372529,0.006500000134110451,0.007125,0.0065,0.0017791280337376707,chr17,15436015,15475728
TVP23C-CDRT4,True,0.011374999769032001,0.012749999761581421,0.01125,0.01225,-0.003873954572589769,chr17,15436021,15563561
TVP23C,True,0.030750000849366188,0.03200000151991844,0.02975,0.03075,-0.0033937814088127382,chr17,15502264,15563595
FBXW10B,False,,,,,,chr17,15565483,15619704
ENSG00000251537,True,0.000750000006519258,0.0002500000118743628,0.000625,0.00025,0.001441253891503956,chr17,15571491,15651653
TRIM16,True,0.13175000250339508,0.12349999696016312,0.118125,0.113625,0.018964211865752933,chr17,15627960,15684311
ZNF286A-TBC1D26,False,,,,,,chr17,15699552,15745940
ZNF286A,True,0.39774999022483826,0.3075000047683716,0.295,0.250625,0.15285146385530396,chr17,15699577,15720787
TBC1D26,True,0.000375000003259629,0.0006249999860301614,0.000375,0.000625,-0.0007206268588776313,chr17,15732247,15746162
ADORA2B,True,0.006000000052154064,0.003000000026077032,0.005875,0.002875,0.008578984962689875,chr17,15945130,15975746
ZSWIM7,True,0.2709999978542328,0.27950000762939453,0.219125,0.23025,-0.01581818091835805,chr17,15976560,15999717
TTC19,True,0.41475000977516174,0.351624995470047,0.306625,0.277875,0.10315923200187345,chr17,15999784,16045015
NCOR1,True,0.7201250195503235,0.6244999766349792,0.449875,0.421125,0.11774534930832961,chr17,16029065,16218185
PIGL,True,0.08025000244379044,0.0677499994635582,0.072625,0.06375,0.03141882407681137,chr17,16217191,16351797
CENPV,True,2.1551249027252197,2.1989998817443848,0.70375,0.774875,-0.023645183523248316,chr17,16342534,16353656
UBB,True,1.2863750457763672,1.5166250467300415,0.44775,0.52025,-0.17490786391647195,chr17,16380798,16382745
TRPV2,True,0.0001250000059371814,0.0001250000059371814,0.000125,0.000125,0.0,chr17,16415571,16437003
LRRC75A,True,0.2772499918937683,0.15512500703334808,0.205375,0.1385,0.2466084771681296,chr17,16441577,16492193
ZNF287,True,0.0807500034570694,0.07137499749660492,0.0755,0.06775,0.023479350113755165,chr17,16546954,16569204
ZNF624,True,0.07962500303983688,0.07387500256299973,0.074,0.06825,0.014383295785095635,chr17,16620734,16653856
CCDC144A,True,0.016249999403953552,0.005375000182539225,0.015625,0.005375,0.030715575848326265,chr17,16689537,16777881
ENSG00000266302,True,0.002749999985098839,0.0016250000335276127,0.002625,0.001625,0.0032319253861691458,chr17,16690261,16804453
TNFRSF13B,True,0.0,0.0,0.0,0.0,0.0,chr17,16929816,16972118
MPRIP,True,0.29862499237060547,0.2931250035762787,0.238375,0.2345,0.009969955278490006,chr17,17042457,17217679
PLD6,True,0.015625,0.0022499999031424522,0.014875,0.00225,0.03791655556546846,chr17,17200995,17206333
ENSG00000264187,True,0.0,0.0,0.0,0.0,0.0,chr17,17202649,17237185
FLCN,True,0.04362500086426735,0.03750000149011612,0.0425,0.036875,0.016347047281278348,chr17,17212212,17237188
COPS3,True,0.48337501287460327,0.4345000088214874,0.34775,0.328,0.0735470197903351,chr17,17246616,17281273
NT5M,True,0.0833749994635582,0.09812500327825546,0.077375,0.0915,-0.03602346664312119,chr17,17303335,17347663
MED9,True,0.10312499850988388,0.07762499898672104,0.097375,0.07325,0.06232385184266207,chr17,17476994,17493221
RASD1,True,0.05037499964237213,0.0702499970793724,0.03575,0.05425,-0.05117959592369612,chr17,17494437,17496395
PEMT,True,0.08124999701976776,0.051375001668930054,0.0755,0.049125,0.07612494402661214,chr17,17505563,17591708
CD300LD,True,0.0,0.0,0.0,0.0,0.0,chr17,74579365,74592283
CD300E,True,0.0001250000059371814,0.0,0.000125,0.0,0.0003606287006416438,chr17,74609885,74623738
RAB37,True,0.000375000003259629,0.0001250000059371814,0.00025,0.000125,0.0007209870342079583,chr17,74670578,74747335
CD300LF,True,0.0,0.0,0.0,0.0,0.0,chr17,74694311,74712978
NHERF1,False,,,,,,chr17,74748628,74769353
NAT9,True,0.18174999952316284,0.13562500476837158,0.161625,0.121375,0.10106691433843489,chr17,74770529,74776367
TMEM104,True,0.020375000312924385,0.021250000223517418,0.019625,0.02025,-0.0024238249428943765,chr17,74776499,74839753
GRIN2C,True,0.0013749999925494194,0.000750000006519258,0.00125,0.00075,0.001799544961580049,chr17,74842023,74861504
FDXR,True,0.06337500363588333,0.04675000160932541,0.055375,0.042875,0.04321423473157862,chr17,74862497,74873031
FADS6,True,0.0002500000118743628,0.0001250000059371814,0.00025,0.000125,0.00036053857725762385,chr17,74877302,74893781
USH1G,True,0.0001250000059371814,0.0001250000059371814,0.000125,0.000125,0.0,chr17,74916083,74923256
OTOP2,True,0.0002500000118743628,0.0,0.00025,0.0,0.0007211672778991771,chr17,74922950,74933912
OTOP3,True,0.0,0.0,0.0,0.0,0.0,chr17,74935898,74949992
HID1,True,0.05950000137090683,0.07374999672174454,0.055375,0.06875,-0.03628410554665646,chr17,74950742,74973166
CDR2L,True,0.038874998688697815,0.03462500125169754,0.03725,0.033125,0.011423348413766896,chr17,74987632,75005800
MRPL58,True,0.2566249966621399,0.2304999977350235,0.214125,0.200625,0.050694171015430396,chr17,75012670,75021261
KCTD2,True,0.08637499809265137,0.06800000369548798,0.0805,0.06375,0.045932651912153344,chr17,75032575,75065889
ATP5PD,True,1.1102499961853027,1.012874960899353,0.574125,0.570125,0.08999193474911363,chr17,75038863,75046985
SLC16A5,True,0.0002500000118743628,0.000375000003259629,0.00025,0.000375,-0.00036044845695056536,chr17,75087727,75106162
ARMC7,True,0.04399999976158142,0.042750000953674316,0.04225,0.040875,0.0033188274679245198,chr17,75109952,75130272
NT5C,True,0.2787500023841858,0.16037499904632568,0.207375,0.131125,0.2378747598593441,chr17,75130225,75131757
JPT1,True,7.209374904632568,7.538374900817871,0.903,0.953875,-0.06028997708327579,chr17,75135248,75168281
SUMO2,True,6.726874828338623,5.770124912261963,0.902,0.938625,0.20487772218296935,chr17,75165586,75182959
NUP85,True,0.08124999701976776,0.06300000101327896,0.074875,0.059375,0.04602387880888245,chr17,75205659,75235758
GGA3,True,0.08762499690055847,0.06562499701976776,0.079875,0.062125,0.0550498883277215,chr17,75236599,75262363
MRPS7,True,0.4622499942779541,0.40450000762939453,0.35,0.3175,0.08929124244153991,chr17,75261674,75266376
MIF4GD,True,0.057750001549720764,0.06962499767541885,0.0535,0.065375,-0.030393847083048545,chr17,75266228,75271231
SLC25A19,True,0.016625000163912773,0.014750000089406967,0.016,0.014375,0.005245533949436835,chr17,75272981,75289510
GRB2,True,0.7683749794960022,0.840499997138977,0.462,0.508125,-0.07978989262187898,chr17,75318076,75405709
TMEM94,True,0.08387500047683716,0.08049999922513962,0.076875,0.076,0.00836347603857398,chr17,75441159,75500452
CASKIN2,True,0.04749999940395355,0.042500000447034836,0.044375,0.0405,0.013235824397256003,chr17,75500261,75515537
TSEN54,True,0.08950000256299973,0.07387500256299973,0.082875,0.070625,0.03875528609661466,chr17,75515944,75524735
LLGL2,True,0.0013749999925494194,0.001500000013038516,0.001375,0.0015,-0.00035963985661921515,chr17,75525080,75575209
MYO15B,True,0.0020000000949949026,0.0035000001080334187,0.002,0.003375,-0.004304414092558983,chr17,75587800,75626849
RECQL5,True,0.027499999850988388,0.023125000298023224,0.0265,0.022625,0.012015374927399167,chr17,75626845,75667189
SMIM5,True,0.0006249999860301614,0.0001250000059371814,0.000625,0.000125,0.00144161389308562,chr17,75633434,75641404
SMIM6,True,0.0,0.0,0.0,0.0,0.0,chr17,75646243,75647975
SAP30BP,True,0.22162500023841858,0.21562500298023224,0.185875,0.18925,0.012045526604642552,chr17,75667251,75708062
ITGB4,True,0.0001250000059371814,0.0005000000237487257,0.000125,0.0005,-0.0010813455417207235,chr17,75721328,75757818
GALK1,True,0.13124999403953552,0.17749999463558197,0.11275,0.155,-0.10200946591390073,chr17,75751594,75765236
H3-3B,True,11.181124687194824,11.092499732971191,0.9485,0.980125,0.01098749362466472,chr17,75776434,75785893
UNK,True,0.10912500321865082,0.08174999803304672,0.099625,0.076375,0.06633902428814097,chr17,75784806,75825799
UNC13D,True,0.0022499999031424522,0.001500000013038516,0.00225,0.0015,0.002155957805382697,chr17,75827225,75844785
WBP2,True,0.3725000023841858,0.3791249990463257,0.2875,0.29825,-0.010913175363562368,chr17,75845699,75856507
TRIM47,True,0.0028750000055879354,0.0008750000270083547,0.002375,0.000875,0.005749228133069874,chr17,75874164,75878581
TRIM65,True,0.041999999433755875,0.04625000059604645,0.03975,0.044,-0.011268526115529032,chr17,75880335,75896951
MRPL38,True,0.03525000065565109,0.03487500175833702,0.034125,0.033625,0.0010111137865545586,chr17,75898644,75905093
ENSG00000267426,True,0.0,0.0,0.0,0.0,0.0,chr17,75898645,75930129
FBF1,True,0.01887499913573265,0.012374999932944775,0.018375,0.01225,0.018186939754602723,chr17,75909574,75941140
ACOX1,True,0.17749999463558197,0.15649999678134918,0.15325,0.138375,0.04542593099830806,chr17,75941507,75979177
TEN1-CDK3,True,0.0035000001080334187,0.0012499999720603228,0.0035,0.00125,0.006461447054469695,chr17,75979231,76005999
TEN1,True,0.0001250000059371814,0.0,0.000125,0.0,0.0003606287006416438,chr17,75979240,76000586
CDK3,True,0.0001250000059371814,0.0,0.000125,0.0,0.0003606287006416438,chr17,76000855,76005999
EVPL,True,0.0,0.0002500000118743628,0.0,0.00025,-0.0007211672778992085,chr17,76004502,76027306
SRP68,True,0.13487499952316284,0.10199999809265137,0.121375,0.094375,0.07670908534449465,chr17,76038775,76072517
ZACN,True,0.0006249999860301614,0.0013749999925494194,0.000625,0.001375,-0.002159723537255737,chr17,76071961,76083666
GALR2,True,0.0002500000118743628,0.0012499999720603228,0.00025,0.00125,-0.0028810693218805734,chr17,76074781,76077537
EXOC7,True,0.22425000369548798,0.16712500154972076,0.190875,0.147,0.11853067729208588,chr17,76081016,76121576
MRPL12,True,0.2627499997615814,0.24012500047683716,0.213625,0.202625,0.043441324775599074,chr17,81703367,81707517
ENSG00000262660,True,0.0,0.0,0.0,0.0,0.0,chr17,81703371,81720539
SLC25A10,True,0.013124999590218067,0.008624999783933163,0.012875,0.008625,0.012707941052184816,chr17,81712236,81721016
GCGR,True,0.0,0.0001250000059371814,0.0,0.000125,-0.00036062870064157426,chr17,81804132,81814008
MCRIP1,True,0.981124997138977,0.9743750095367432,0.555,0.561125,0.006589876873321386,chr17,81822361,81833302
PPP1R27,True,0.0006249999860301614,0.0005000000237487257,0.000625,0.0005,0.0003602683513648472,chr17,81833492,81835050
P4HB,True,0.49424999952316284,0.31562501192092896,0.34,0.2545,0.28570263868269763,chr17,81843159,81860856
ARHGDIA,True,0.5252500176429749,0.5221250057220459,0.36375,0.37825,0.0044041200569212065,chr17,81867721,81871378
ALYREF,True,0.3504999876022339,0.2541249990463257,0.261625,0.208625,0.17350753943111163,chr17,81887835,81891586
ANAPC11,True,1.2603750228881836,0.9328749775886536,0.61025,0.539625,0.2969700714348396,chr17,81890790,81900991
NPB,True,0.06274999678134918,0.07925000041723251,0.053125,0.067875,-0.04169199670133618,chr17,81900745,81902905
PCYT2,True,0.2643750011920929,0.289249986410141,0.209,0.231125,-0.04620173480692531,chr17,81900958,81911432
SIRT7,True,0.109375,0.08687499910593033,0.0995,0.081375,0.05427706318105979,chr17,81911939,81921323
MAFG,True,0.2150000035762787,0.17762500047683716,0.178125,0.155375,0.07745614628084291,chr17,81918270,81927735
PYCR1,True,0.1704999953508377,0.13574999570846558,0.144875,0.122125,0.07677777494959766,chr17,81932384,81942412
MYADML2,True,0.0,0.0001250000059371814,0.0,0.000125,-0.00036062870064157426,chr17,81939645,81947233
NOTUM,True,0.008249999955296516,0.01600000075995922,0.008125,0.01525,-0.021832757830200524,chr17,81952507,81961840
ASPSCR1,True,0.1588750034570694,0.14775000512599945,0.142625,0.1335,0.024567672702320603,chr17,81976807,82017406
CENPX,True,0.6956250071525574,0.7336249947547913,0.442875,0.47575,-0.045138924229969866,chr17,82018702,82024107
LRRC45,True,0.07062499970197678,0.06449999660253525,0.06625,0.06125,0.0155693820280149,chr17,82023305,82031151
RAC3,True,0.48625001311302185,0.609125018119812,0.335125,0.403625,-0.16939667263994132,chr17,82031678,82034204
DCXR,True,0.46187499165534973,0.515749990940094,0.299,0.346625,-0.07862403766346154,chr17,82035136,82037709
RFNG,True,0.19337500631809235,0.17100000381469727,0.169625,0.1515,0.04732305886927385,chr17,82047902,82051831
GPS1,True,0.203125,0.1966249942779541,0.175875,0.174625,0.01339895476388731,chr17,82050691,82057470
DUS1L,True,0.1366250067949295,0.1379999965429306,0.12525,0.12425,-0.0031125886515351304,chr17,82057506,82065887
FASN,True,0.5433750152587891,0.5541250109672546,0.357875,0.379375,-0.014788177447828645,chr17,82078338,82098294
CCDC57,True,0.05537499859929085,0.07774999737739563,0.05275,0.072375,-0.05698311554735758,chr17,82101460,82212878
SLC16A3,True,0.1171249970793724,0.02812499925494194,0.084125,0.022125,0.22468329889173586,chr17,82217934,82261129
CSNK1D,True,0.24812500178813934,0.20874999463558197,0.207125,0.173875,0.0780025263690802,chr17,82239023,82273700
CD7,True,0.0008750000270083547,0.0002500000118743628,0.000875,0.00025,0.001801342568605307,chr17,82314868,82317608
SECTM1,True,0.0013749999925494194,0.0010000000474974513,0.00125,0.001,0.001079457461086426,chr17,82321024,82334074
TEX19,True,0.0002500000118743628,0.0005000000237487257,0.00025,0.0005,-0.0007208069644631884,chr17,82359247,82363775
UTS2R,True,0.0036249998956918716,0.0044999998062849045,0.0035,0.004375,-0.0025043687026039905,chr17,82371765,82377458
OGFOD3,True,0.06925000250339508,0.05012499913573265,0.064125,0.047125,0.049302928353156215,chr17,82389210,82418637
HEXD,True,0.2630000114440918,0.25862500071525574,0.221125,0.2195,0.008296161833581018,chr17,82418318,82442645
CYBC1,True,0.25049999356269836,0.25575000047683716,0.208625,0.216625,-0.01005701529178212,chr17,82440912,82450829
B3GNT3,True,0.0,0.0,0.0,0.0,0.0,chr19,17794828,17813576
INSL3,True,0.0016250000335276127,0.0024999999441206455,0.001625,0.0025,-0.0025143450294371713,chr19,17816512,17821574
JAK3,True,0.005625000223517418,0.006124999839812517,0.005375,0.006,-0.0014259392647475982,chr19,17824780,17848071
RPL18A,True,14.340374946594238,10.189249992370605,0.942625,0.975,0.47336691215159055,chr19,17859910,17864153
SLC5A5,True,0.0002500000118743628,0.0,0.00025,0.0,0.0007211672778991771,chr19,17871945,17895174
CCDC124,True,0.45387500524520874,0.3686249852180481,0.33425,0.286375,0.13506677819300048,chr19,17933015,17943991
KCNN1,True,0.12862500548362732,0.09937500208616257,0.1165,0.091,0.06874074573683048,chr19,17951293,18000085
ARRDC2,True,0.004749999847263098,0.0035000001080334187,0.00475,0.0035,0.0035772265785786518,chr19,18001132,18014102
IL12RB1,True,0.0,0.0,0.0,0.0,0.0,chr19,18058995,18098944
MAST3,True,0.021124999970197678,0.02474999986588955,0.02025,0.0245,-0.010000794197560923,chr19,18097778,18151692
ENSG00000268173,True,0.0,0.0,0.0,0.0,0.0,chr19,18153158,18178117
PIK3R2,True,0.06837499886751175,0.07237499952316284,0.065875,0.06875,-0.01011756260169198,chr19,18153163,18170532
IFI30,True,0.0013749999925494194,0.0008750000270083547,0.001375,0.000875,0.001439456284478513,chr19,18173162,18178117
MPV17L2,True,0.07987499982118607,0.10087499767541885,0.074625,0.0935,-0.0513229521516415,chr19,18193218,18196948
RAB3A,True,0.5962499976158142,0.6216250061988831,0.362625,0.40375,-0.03301357961940704,chr19,18196784,18204042
ENSG00000285188,True,0.0032500000670552254,0.0002500000118743628,0.003125,0.00025,0.008626005173584524,chr19,18207961,18255419
PDE4C,True,0.0005000000237487257,0.0,0.0005,0.0,0.001441974242362362,chr19,18207965,18248200
ENSG00000284797,True,0.0,0.0,0.0,0.0,0.0,chr19,18249950,18255362
IQCN,True,0.011500000022351742,0.00787500012665987,0.011125,0.007875,0.010260780217487813,chr19,18257098,18274500
JUND,True,3.4643750190734863,3.255000114440918,0.83875,0.853875,0.07828049229079087,chr19,18279694,18281622
LSM4,True,1.503999948501587,1.340499997138977,0.64325,0.639375,0.1227847239796849,chr19,18306236,18323112
PGPEP1,True,0.013124999590218067,0.013875000178813934,0.012625,0.013625,-0.002107151552924367,chr19,18340598,18369950
GDF15,True,0.00800000037997961,0.0032500000670552254,0.00425,0.001875,0.013553230737718499,chr19,18374731,18389176
LRRC25,True,0.0,0.0,0.0,0.0,0.0,chr19,18391137,18397622
SSBP4,True,0.6468750238418579,0.6496250033378601,0.426625,0.429375,-0.0034551566564621273,chr19,18418864,18434562
ISYNA1,True,0.29074999690055847,0.2381249964237213,0.2255,0.1935,0.09935649756803486,chr19,18434388,18438167
ELL,True,0.026624999940395355,0.02162499912083149,0.025875,0.02075,0.013762997567149913,chr19,18442663,18522116
FKBP8,True,0.8116250038146973,0.8270000219345093,0.492625,0.506375,-0.016813085015709793,chr19,18531751,18544077
KXD1,True,0.2071249932050705,0.11562500149011612,0.17675,0.1055,0.19991342905744605,chr19,18557762,18569387
UBA52,True,4.7673749923706055,3.0113749504089355,0.87075,0.860125,0.5850481129836439,chr19,18571730,18577550
CRLF1,True,0.01600000075995922,0.023125000298023224,0.014625,0.021625,-0.019784650711566636,chr19,18572220,18607741
REX1BD,True,0.5389999747276306,0.5248749852180481,0.37275,0.38025,0.01974767937634802,chr19,18588685,18592337
TMEM59L,True,0.8985000252723694,1.0546250343322754,0.48675,0.548375,-0.15268637356253786,chr19,18607430,18621039
KLHL26,True,0.039500001817941666,0.030249999836087227,0.03825,0.0295,0.024950249264851596,chr19,18637025,18671721
CRTC1,True,0.09962499886751175,0.07925000041723251,0.09175,0.074,0.04987439157273467,chr19,18683678,18782333
COMP,True,0.0017500000540167093,0.0010000000474974513,0.0015,0.001,0.002158108185949253,chr19,18782773,18791305
UPF1,True,0.12612499296665192,0.10762500017881393,0.1145,0.099625,0.04326946083876733,chr19,18831959,18868230
GDF1,True,0.0,0.0,0.0,0.0,0.0,chr19,18868545,18896158
CERS1,True,0.09137500077486038,0.07787500321865082,0.0835,0.071125,0.03331579213051411,chr19,18868545,18896727
COPE,True,1.7332500219345093,1.9718749523162842,0.694125,0.759125,-0.14646098564487692,chr19,18899514,18919387
ENSG00000268193,True,0.0,0.0,0.0,0.0,0.0,chr19,18907013,18934397
DDX49,True,0.2524999976158142,0.22499999403953552,0.211,0.191625,0.05371059403467263,chr19,18919705,18929189
HOMER3,True,0.41062501072883606,0.32899999618530273,0.297625,0.244875,0.13548498909237833,chr19,18929201,18941261
SUGP2,True,0.45524999499320984,0.4481250047683716,0.32575,0.331375,0.010801062405764603,chr19,18990888,19034023
ARMC6,True,0.09875000268220901,0.09624999761581421,0.0895,0.089625,0.0060364019622922566,chr19,19033575,19060311
SLC25A42,True,0.06449999660253525,0.06212500110268593,0.060875,0.05925,0.006082590591024293,chr19,19063994,19113030
TMEM161A,True,0.10437499731779099,0.10050000250339508,0.09675,0.09375,0.009279726241525475,chr19,19119169,19138513
MEF2B,True,0.000750000006519258,0.0008750000270083547,0.00075,0.000875,-0.00036008867710136337,chr19,19145567,19192131
BORCS8-MEF2B,True,0.0001250000059371814,0.0,0.000125,0.0,0.0003606287006416438,chr19,19145569,19192158
BORCS8,True,0.21799999475479126,0.22675000131130219,0.18525,0.1935,-0.01747533545562132,chr19,19176903,19192591
RFXANK,True,0.25699999928474426,0.19625000655651093,0.210125,0.171125,0.12068786280949578,chr19,19192229,19201869
NR2C2AP,True,0.05537499859929085,0.06612499803304672,0.0515,0.06225,-0.027658396666201887,chr19,19201409,19203414
NCAN,True,0.4749999940395355,0.5378749966621399,0.33075,0.3645,-0.09015857848705149,chr19,19211958,19252233
HAPLN4,True,0.0,0.0,0.0,0.0,0.0,chr19,19254756,19262804
TM6SF2,True,0.0016250000335276127,0.000750000006519258,0.001625,0.00075,0.0025187350449319434,chr19,19264364,19273391
SUGP1,True,0.2668749988079071,0.3422499895095825,0.19375,0.260375,-0.1352570688450338,chr19,19276018,19320509
MAU2,True,0.13562500476837158,0.10849999636411667,0.121875,0.098,0.06291862547436435,chr19,19320829,19358754
GATAD2A,True,0.22362500429153442,0.23600000143051147,0.183625,0.194375,-0.0244635090761439,chr19,19385826,19508932
TSSK6,True,0.0016250000335276127,0.0012499999720603228,0.001625,0.00125,0.0010789196145553073,chr19,19512418,19515548
NDUFA13,True,2.174999952316284,2.0385000705718994,0.735125,0.76675,0.07556256562138662,chr19,19515736,19529054
ENSG00000258674,True,0.0002500000118743628,0.0002500000118743628,0.00025,0.00025,0.0,chr19,19516227,19536076
YJEFN3,True,0.06475000083446503,0.051500000059604645,0.059875,0.049375,0.03425148177748103,chr19,19528861,19537581
CILP2,True,0.006624999921768904,0.007499999832361937,0.006,0.00725,-0.0024895517719204633,chr19,19538248,19546659
PBX4,True,0.078125,0.0663750022649765,0.072,0.062625,0.029623869008200996,chr19,19561707,19618693
LPAR2,True,0.2122499942779541,0.18187500536441803,0.182,0.16125,0.06287640217270615,chr19,19623655,19628930
GMIP,True,0.07262499630451202,0.06724999845027924,0.067625,0.063375,0.013605948476532573,chr19,19629476,19643657
ATP13A1,True,0.07762499898672104,0.07887499779462814,0.072375,0.074,-0.003118664571643135,chr19,19645198,19663676
ZNF101,True,0.026125000789761543,0.016249999403953552,0.025125,0.01575,0.027335731865555823,chr19,19668796,19683509
ZNF14,True,0.055125001817941666,0.05025000125169754,0.052,0.047375,0.012725427518327365,chr19,19710472,19733112
ZNF506,True,0.2538749873638153,0.21025000512599945,0.209375,0.18125,0.08599836907636042,chr19,19785839,19821751
ZNF540,True,0.0598750002682209,0.05974999815225601,0.055125,0.05575,0.0003221434566159823,chr19,37551406,37614179
ZNF571,True,0.06287500262260437,0.03987500071525574,0.059125,0.03875,0.060189165945413084,chr19,37554782,37594792
ZFP30,True,0.1443749964237213,0.11949999630451202,0.12725,0.10825,0.05679624071399043,chr19,37613749,37692337
ENSG00000267552,True,0.0001250000059371814,0.000375000003259629,0.000125,0.000375,-0.0007209870342080904,chr19,37689865,37719188
ZNF607,True,0.048500001430511475,0.041999999433755875,0.045375,0.0405,0.01719877431915969,chr19,37696371,37719761
ZNF573,True,0.03725000098347664,0.02525000087916851,0.0365,0.025125,0.03258932098090263,chr19,37735833,37817300
WDR87,True,0.0002500000118743628,0.0001250000059371814,0.00025,0.000125,0.00036053857725762385,chr19,37884823,37906677
SIPA1L3,True,0.04899999871850014,0.03550000116229057,0.046875,0.034625,0.03591956775600409,chr19,37907208,38208369
DPF1,True,0.4583750069141388,0.5494999885559082,0.286125,0.358625,-0.13103996064657797,chr19,38211006,38229714
SPINT2,True,0.4351249933242798,0.4970000088214874,0.275,0.33275,-0.09243430191030419,chr19,38244035,38292615
PPP1R14A,True,0.020375000312924385,0.05287500098347664,0.018375,0.04525,-0.0874016854572041,chr19,38251237,38256532
ENSG00000267748,True,0.0001250000059371814,0.0,0.000125,0.0,0.0003606287006416438,chr19,38289151,38304910
YIF1B,True,0.19325000047683716,0.19637499749660492,0.167375,0.171375,-0.006488693438434211,chr19,38303558,38317273
C19orf33,True,0.0006249999860301614,0.0010000000474974513,0.000625,0.001,-0.0010802660761691783,chr19,38304164,38305006
KCNK6,True,0.0037499999161809683,0.0024999999441206455,0.0035,0.002375,0.00358433726941998,chr19,38319845,38332076
CATSPERG,True,0.019375000149011612,0.014750000089406967,0.019125,0.0145,0.012904647188788138,chr19,38335775,38370943
PSMD8,True,1.6337499618530273,1.547374963760376,0.68275,0.6945,0.05961578043981109,chr19,38374563,38383850
GGN,True,0.004749999847263098,0.005375000182539225,0.00475,0.005375,-0.001785293897874701,chr19,38384267,38388082
SPRED3,True,0.0377499982714653,0.029374999925494194,0.03525,0.028625,0.02264555076917402,chr19,38388421,38399587
FAM98C,True,0.0885000005364418,0.08574999868869781,0.081375,0.08,0.006757370720105428,chr19,38403093,38409088
RASGRP4,True,0.0001250000059371814,0.0,0.000125,0.0,0.0003606287006416438,chr19,38409051,38426305
RYR1,True,0.0044999998062849045,0.0020000000949949026,0.00425,0.00175,0.00716690432862199,chr19,38433691,38595273
MAP4K1,True,0.0031250000465661287,0.0043750000186264515,0.003125,0.004375,-0.0035798901955524515,chr19,38587641,38618882
EIF3K,True,1.7722500562667847,1.6798750162124634,0.7075,0.7185,0.059876189067056405,chr19,38619082,38636955
ACTN4,True,0.2213750034570694,0.1940000057220459,0.189125,0.169,0.05581375811178184,chr19,38647649,38731589
CAPN12,True,0.0013749999925494194,0.0022499999031424522,0.001375,0.00225,-0.002515597662002012,chr19,38730187,38769904
LGALS7,True,0.0,0.0,0.0,0.0,0.0,chr19,38770968,38773517
LGALS7B,True,0.0001250000059371814,0.0,0.000125,0.0,0.0003606287006416438,chr19,38789200,38791754
LGALS4,True,0.0011249999515712261,0.0001250000059371814,0.001125,0.000125,0.002881788648619719,chr19,38801671,38812945
ECH1,True,0.45537498593330383,0.47350001335144043,0.3365,0.34975,-0.027113894732503984,chr19,38815422,38831841
ENSG00000268083,True,0.0,0.0001250000059371814,0.0,0.000125,-0.00036062870064157426,chr19,38817471,38840178
HNRNPL,True,0.4777500033378601,0.4272499978542328,0.342125,0.326875,0.07650727649360192,chr19,38836370,38852347
RINL,True,0.0031250000465661287,0.0037499999161809683,0.003125,0.003625,-0.0017910551524109872,chr19,38867830,38878275
SIRT2,True,0.21137499809265137,0.20250000059604645,0.180875,0.178,0.018112043932093376,chr19,38878555,38899862
NFKBIB,True,0.05824999883770943,0.04100000113248825,0.055,0.038,0.0452827459719026,chr19,38899700,38908893
CCER2,True,0.003874999936670065,0.0018749999580904841,0.003625,0.001875,0.0057377953855499405,chr19,38908980,38912186
ENSG00000255730,True,0.0,0.0,0.0,0.0,0.0,chr19,41350853,41425001
EXOSC5,True,0.14925000071525574,0.13312500715255737,0.1305,0.12175,0.036283730280818396,chr19,41386371,41397362
BCKDHA,True,0.006624999921768904,0.006874999962747097,0.0065,0.006875,-0.0007117391745388033,chr19,41397808,41425002
B3GNT8,True,0.000375000003259629,0.000750000006519258,0.000375,0.000625,-0.0010808054345533972,chr19,41425359,41428730
DMAC2,True,0.18637500703334808,0.14812499284744263,0.163625,0.134,0.08272495294835394,chr19,41431318,41440717
ERICH4,True,0.0001250000059371814,0.0002500000118743628,0.000125,0.00025,-0.000360538577257549,chr19,41443156,41444765
CEACAM21,True,0.0,0.0002500000118743628,0.0,0.00025,-0.0007211672778992085,chr19,41549518,41586844
CEACAM4,True,0.0,0.0,0.0,0.0,0.0,chr19,41619015,41627074
CEACAM7,True,0.0,0.0,0.0,0.0,0.0,chr19,41673303,41706976
CEACAM5,True,0.0,0.0,0.0,0.0,0.0,chr19,41708585,41730433
ENSG00000267881,True,0.0,0.0,0.0,0.0,0.0,chr19,41708657,41756737
CEACAM6,True,0.0,0.0001250000059371814,0.0,0.000125,-0.00036062870064157426,chr19,41750977,41772211
CEACAM3,True,0.0,0.0,0.0,0.0,0.0,chr19,41796587,41811554
LYPD4,True,0.0,0.0,0.0,0.0,0.0,chr19,41837074,41844697
DMRTC2,True,0.0,0.0,0.0,0.0,0.0,chr19,41844743,41852333
RPS19,True,20.070999145507812,13.821000099182129,0.953,0.98675,0.5224796221732995,chr19,41860255,41872925
CD79A,True,0.0010000000474974513,0.0011249999515712261,0.001,0.001125,-0.00035990867936482046,chr19,41877279,41881372
ARHGEF1,True,0.03812500089406967,0.035999998450279236,0.037375,0.035,0.0057083383946257985,chr19,41883173,41930150
ERFL,True,0.0016250000335276127,0.000750000006519258,0.001625,0.00075,0.0025187350449319434,chr19,41907704,41928449
RABAC1,True,1.3116250038146973,1.421625018119812,0.62125,0.6585,-0.08504248255934364,chr19,41956681,41959321
ENSG00000285505,True,0.0,0.0,0.0,0.0,0.0,chr19,41956879,41994232
ATP1A3,True,0.4533750116825104,0.3943749964237213,0.308875,0.2945,0.09216395625321709,chr19,41966582,41997497
GRIK5,True,0.1811250001192093,0.19949999451637268,0.154125,0.17375,-0.038404460025932625,chr19,41998321,42070206
ZNF574,True,0.07000000029802322,0.061500001698732376,0.066375,0.058375,0.021675893041159525,chr19,42068477,42081552
POU2F2,True,0.25725001096725464,0.19625000655651093,0.182,0.16075,0.12116425787683273,chr19,42086110,42196585
DEDD2,True,0.1498750001192093,0.13962499797344208,0.13675,0.126375,0.02293592670689143,chr19,42198598,42220140
ENSG00000288671,True,0.0,0.0,0.0,0.0,0.0,chr19,42215133,42232149
ZNF526,True,0.0286250002682209,0.023250000551342964,0.027625,0.023,0.014744247984954236,chr19,42220292,42228201
GSK3A,True,0.31450000405311584,0.2745000123977661,0.252875,0.229625,0.0726494438212288,chr19,42226225,42242625
ENSG00000268643,True,0.0006249999860301614,0.0002500000118743628,0.000625,0.00025,0.001081075315828178,chr19,42234583,42255132
ERF,True,0.036375001072883606,0.02474999986588955,0.034,0.024,0.03161173771069048,chr19,42247569,42255128
CIC,True,0.22162500023841858,0.20675000548362732,0.189,0.17825,0.03004933145948627,chr19,42268537,42295797
PAFAH1B3,True,4.263750076293945,4.2053751945495605,0.8265,0.881875,0.017787961800228895,chr19,42297033,42303546
PRR19,True,0.016750000417232513,0.01075000036507845,0.01625,0.0105,0.016849184825853635,chr19,42302098,42310814
TMEM145,True,0.12712499499320984,0.11237499862909317,0.115375,0.10325,0.034337638193093954,chr19,42313309,42325064
MEGF8,True,0.10925000160932541,0.08362500369548798,0.099375,0.0775,0.06199265715692861,chr19,42325609,42378769
CNFN,True,0.04374999925494194,0.021124999970197678,0.037625,0.01925,0.06131402692075747,chr19,42387019,42390297
LIPE,True,0.039000000804662704,0.03099999949336052,0.036875,0.029375,0.02157341547863242,chr19,42401514,42427388
CXCL17,True,0.0,0.0001250000059371814,0.0,0.000125,-0.00036062870064157426,chr19,42428278,42442946
CEACAM1,True,0.0008750000270083547,0.0008750000270083547,0.000875,0.000875,0.0,chr19,42507304,42561234
CEACAM8,True,0.0,0.0,0.0,0.0,0.0,chr19,42580243,42595055
PSG3,True,0.0,0.0,0.0,0.0,0.0,chr19,42721638,42740481
PSG8,True,0.0,0.0,0.0,0.0,0.0,chr19,42752686,42765678
PSG1,True,0.0012499999720603228,0.0,0.00125,0.0,0.003602236599779774,chr19,42866464,42879822
PSG6,True,0.0,0.0,0.0,0.0,0.0,chr19,42902086,42919563
PSG7,True,0.0,0.0,0.0,0.0,0.0,chr19,42924132,42937207
TGIF2,True,0.10312499850988388,0.05712499842047691,0.088375,0.05125,0.11445598195597487,chr20,36573488,36593950
TGIF2-RAB5IF,True,0.0002500000118743628,0.0002500000118743628,0.00025,0.00025,0.0,chr20,36574553,36612384
RAB5IF,True,0.42662501335144043,0.36012500524520874,0.321125,0.28625,0.10743927964124915,chr20,36605779,36612557
SLA2,True,0.0006249999860301614,0.000375000003259629,0.000625,0.000375,0.0007206268588778031,chr20,36612318,36646196
NDRG3,True,0.12849999964237213,0.14225000143051147,0.114125,0.12775,-0.03122224451460629,chr20,36651766,36746090
DSN1,True,0.041999999433755875,0.022874999791383743,0.035625,0.021375,0.05182675777821388,chr20,36751791,36773818
SOGA1,True,0.18174999952316284,0.1472499966621399,0.154125,0.131625,0.07491974144604649,chr20,36777447,36863538
TLDC2,True,0.0001250000059371814,0.0,0.000125,0.0,0.0003606287006416438,chr20,36876121,36894235
SAMHD1,True,0.04800000041723251,0.0703750029206276,0.04425,0.065875,-0.0577348617740735,chr20,36890229,36951893
RBL1,True,0.051624998450279236,0.03687499836087227,0.046375,0.034,0.03910161630176873,chr20,36996349,37095997
MROH8,True,0.005625000223517418,0.0037499999161809683,0.005375,0.00375,0.005359864779820681,chr20,37101226,37179588
RPN2,True,0.624875009059906,0.5591250061988831,0.41625,0.39275,0.08689182719915295,chr20,37178410,37241619
GHRH,True,0.0022499999031424522,0.0013749999925494194,0.002,0.001,0.0025155976620019785,chr20,37251086,37261819
MANBAL,True,0.15987500548362732,0.15150000154972076,0.142,0.136875,0.01842759065970032,chr20,37289649,37317260
SRC,True,0.1301250010728836,0.1418749988079071,0.118375,0.128875,-0.02665431706040656,chr20,37344685,37406050
BLCAP,True,0.5832499861717224,0.2658750116825104,0.371125,0.217625,0.5001853448711566,chr20,37492472,37527931
NNAT,True,9.932125091552734,11.535374641418457,0.73,0.947875,-0.20624797710187787,chr20,37521206,37523690
CTNNBL1,True,0.27537500858306885,0.27125000953674316,0.225,0.226125,0.007695633665622225,chr20,37693955,37872129
VSTM2L,True,0.09087499976158142,0.1888750046491623,0.073,0.144875,-0.22138927279261808,chr20,37903111,37945350
TTI1,True,0.06962499767541885,0.06037500128149986,0.06475,0.057625,0.02361986198581766,chr20,37983007,38033461
RPRD1B,True,0.07524999976158142,0.07750000059604645,0.0705,0.07225,-0.00563187016629814,chr20,38033725,38127780
TGM2,True,0.0002500000118743628,0.000750000006519258,0.00025,0.00075,-0.0014412538915039204,chr20,38127385,38166578
KIAA1755,True,0.000375000003259629,0.002749999985098839,0.000375,0.00275,-0.0068314658656547225,chr20,38210503,38260772
BPI,True,0.0,0.0001250000059371814,0.0,0.000125,-0.00036062870064157426,chr20,38304150,38337505
LBP,True,0.0,0.0,0.0,0.0,0.0,chr20,38346482,38377013
RALGAPB,True,0.1274999976158142,0.11537499725818634,0.1165,0.10525,0.028149625549698652,chr20,38472816,38578859
ADIG,True,0.0,0.0,0.0,0.0,0.0,chr20,38581195,38588463
ARHGAP40,True,0.0006249999860301614,0.0,0.000625,0.0,0.001802242593727311,chr20,38601809,38651035
SLC32A1,True,0.038874998688697815,0.0016250000335276127,0.028125,0.0015,0.10334140279140619,chr20,38724486,38729372
ACTR5,True,0.05525000020861626,0.04749999940395355,0.052625,0.046375,0.020278525171106104,chr20,38748460,38772520
PPP1R16B,True,0.010125000029802322,0.020375000312924385,0.010125,0.019625,-0.02870084866538907,chr20,38805697,38923024
FAM83D,True,0.013624999672174454,0.017750000581145287,0.011625,0.0155,-0.011540225593012125,chr20,38926312,38953106
DHX35,True,0.04962500184774399,0.04699999839067459,0.04775,0.04475,0.006906803514725556,chr20,38962299,39039723
MAFB,True,0.08062499761581421,0.07412499934434891,0.054625,0.05275,0.01624180877257711,chr20,40685848,40689236
TOP1,True,1.3604999780654907,0.965499997138977,0.619125,0.544875,0.3442974082439678,chr20,41028822,41124487
PCK1,True,0.0,0.0,0.0,0.0,0.0,chr20,57561080,57568121
ZBP1,True,0.0,0.0,0.0,0.0,0.0,chr20,57603846,57620576
PMEPA1,True,0.18787500262260437,0.1525000035762787,0.154125,0.130875,0.07616851946531043,chr20,57648392,57711536
C20orf85,True,0.0,0.0,0.0,0.0,0.0,chr20,58150902,58161150
ANKRD60,True,0.0,0.0,0.0,0.0,0.0,chr20,58216126,58228653
RAB22A,True,0.20524999499320984,0.15712499618530273,0.176,0.139125,0.10196692914658742,chr20,58309715,58367507
VAPB,True,0.1941249966621399,0.15062500536441803,0.164625,0.13275,0.09336921357236555,chr20,58389229,58451101
APCDD1L,True,0.0001250000059371814,0.0002500000118743628,0.000125,0.00025,-0.000360538577257549,chr20,58459101,58515399
STX16,True,0.20250000059604645,0.11112499982118607,0.169125,0.1015,0.20103072674635647,chr20,58651272,58679526
STX16-NPEPL1,True,0.006000000052154064,0.00800000037997961,0.006,0.007875,-0.005691113008278735,chr20,58651434,58715410
NPEPL1,True,0.03662500157952309,0.04287499934434891,0.034875,0.041375,-0.01670577401718503,chr20,58689131,58719238
GNAS,True,6.881124973297119,5.858749866485596,0.92175,0.9455,0.2150975585345037,chr20,58839718,58911192
NELFCD,True,0.3866249918937683,0.3101249933242798,0.300375,0.255625,0.1301795122343849,chr20,58981208,58995133
CTSZ,True,0.007499999832361937,0.006124999839812517,0.00725,0.006125,0.003914084376137878,chr20,58985686,59008238
TUBB1,True,0.0001250000059371814,0.000375000003259629,0.000125,0.000375,-0.0007209870342080904,chr20,59019429,59026654
ATP5F1E,True,6.4045000076293945,5.943749904632568,0.889,0.935375,0.0996364437482427,chr20,59025475,59032345
PRELID3B,True,0.13362500071525574,0.1366250067949295,0.117625,0.123375,-0.006814567077905075,chr20,59033145,59042809
ZNF831,True,0.0,0.0,0.0,0.0,0.0,chr20,59123381,59259113
EDN3,True,0.0,0.0,0.0,0.0,0.0,chr20,59300443,59325992
PHACTR3,True,0.3007499873638153,0.2681249976158142,0.22,0.21175,0.06001076922628764,chr20,59577509,59847711
SYCP2,True,0.005249999929219484,0.002624999964609742,0.005,0.002625,0.007514985478849055,chr20,59863564,59933655
FAM217B,True,0.2865000069141388,0.24687500298023224,0.2195,0.201125,0.07457996458623588,chr20,59933764,59948680
PPP1R3D,True,0.038750000298023224,0.017625000327825546,0.036,0.016375,0.05770866649094854,chr20,59936663,59940305
CDH26,True,0.0006249999860301614,0.000375000003259629,0.000625,0.000375,0.0007206268588778031,chr20,59958423,60034011
CDH4,True,0.10975000262260437,0.10762500017881393,0.0925,0.093125,0.005036629788237329,chr20,61252261,61940617
TAF4,True,0.05387499928474426,0.0494999997317791,0.050875,0.047625,0.01144093937787159,chr20,61953469,62065881
LSM14B,True,0.23899999260902405,0.18337500095367432,0.1995,0.159875,0.11289687750437924,chr20,62122461,62135374
PSMA7,True,3.568000078201294,3.4649999141693115,0.829875,0.866625,0.03699887222998235,chr20,62136733,62143440
SS18L1,True,0.1757500022649765,0.14162500202655792,0.1515,0.12775,0.07475925160302621,chr20,62143769,62182514
MTG2,True,0.10087499767541885,0.07999999821186066,0.09325,0.073375,0.05101199698949156,chr20,62183028,62203568
HRH3,True,0.03849999979138374,0.009999999776482582,0.035625,0.009875,0.07844909775873507,chr20,62214960,62220278
OSBPL2,True,0.1276250034570694,0.10300000011920929,0.113,0.095125,0.057744825429186984,chr20,62231922,62296213
ADRM1,True,0.5887500047683716,0.5605000257492065,0.40625,0.40225,0.03792806924521018,chr20,62302093,62308862
LAMA5,True,0.05350000038743019,0.04574999958276749,0.049375,0.042875,0.02034309390355396,chr20,62307955,62367312
RPS21,True,9.442000389099121,5.456250190734863,0.9225,0.93925,0.7391318045216542,chr20,62387103,62388520
CABLES2,True,0.04462499916553497,0.039000000804662704,0.043125,0.037375,0.014977930798418347,chr20,62388634,62407285
RBBP8NL,True,0.0,0.0,0.0,0.0,0.0,chr20,62410237,62427539
GATA5,True,0.0,0.0,0.0,0.0,0.0,chr20,62463497,62475995
SLCO4A1,True,0.01862500049173832,0.01549999974668026,0.017125,0.015,0.008719326580393448,chr20,62642503,62685785
NTSR1,True,0.029999999329447746,0.04149999842047691,0.02725,0.04,-0.030968975774798128,chr20,62708836,62762771
ACO2,True,0.257874995470047,0.2214999943971634,0.213375,0.187875,0.07096052518975475,chr22,41447830,41529273
PHF5A,True,0.3017500042915344,0.24937500059604645,0.24775,0.214,0.09746460671488019,chr22,41459717,41468692
POLR3H,True,0.13487499952316284,0.11050000041723251,0.120625,0.102,0.056481271559848424,chr22,41525799,41544606
CSDC2,True,0.0846249982714653,0.1080000028014183,0.077875,0.09825,-0.05655981093755245,chr22,41561010,41577741
PMM1,True,0.19687500596046448,0.16625000536441803,0.170125,0.1485,0.06483627277196477,chr22,41576900,41589871
DESI1,True,0.11237499862909317,0.08150000125169754,0.102625,0.077,0.07463618847446389,chr22,41598028,41621043
XRCC6,True,0.6520000100135803,0.546999990940094,0.43,0.3895,0.13787929953584216,chr22,41621163,41664048
SNU13,True,1.0647499561309814,0.9072499871253967,0.573375,0.537375,0.1530535008278331,chr22,41673933,41690504
MEI1,True,0.0005000000237487257,0.0001250000059371814,0.0005,0.000125,0.0010813455417206699,chr22,41699503,41799456
CCDC134,True,0.03150000050663948,0.02487500011920929,0.02975,0.024,0.018095809743637552,chr22,41800679,41832164
SREBF2,True,0.6076250076293945,0.5553749799728394,0.40425,0.395875,0.06971384519400146,chr22,41833105,41907306
SHISA8,True,0.009750000201165676,0.009999999776482582,0.008625,0.01,-0.0007073756406329856,chr22,41909543,41915074
TNFRSF13C,True,0.005750000011175871,0.0021250001154839993,0.005625,0.002125,0.010377858212890247,chr22,41922032,41926806
CENPM,True,0.06624999642372131,0.041749998927116394,0.050375,0.03175,0.06381189058537876,chr22,41938737,41947152
SMIM45,False,,,,,,chr22,41952150,41958939
SEPTIN3,True,0.687874972820282,0.6893749833106995,0.401375,0.433,-0.0018206398342143135,chr22,41969443,41998221
WBP2NL,True,0.0011249999515712261,0.0010000000474974513,0.001125,0.001,0.0003599086793649584,chr22,41998725,42058456
NAGA,True,0.017000000923871994,0.010374999605119228,0.016625,0.01025,0.018606621784083767,chr22,42058334,42070842
PHETA2,True,0.0005000000237487257,0.0010000000474974513,0.0005,0.001,-0.0014405344275341867,chr22,42074248,42079438
SMDT1,True,1.0542500019073486,0.9786249995231628,0.5475,0.546125,0.07196236994417335,chr22,42079691,42084284
NDUFA6,True,1.0658750534057617,0.8884999752044678,0.564125,0.53025,0.17344194819372294,chr22,42085526,42090884
CYP2D6,True,0.008624999783933163,0.014375000260770321,0.008625,0.013875,-0.016218151579539136,chr22,42126499,42130865
CYP2D7,False,,,,,,chr22,42140203,42149455
TCF20,True,0.20125000178813934,0.22849999368190765,0.167875,0.190625,-0.05500009037746257,chr22,42160013,42343616
NFAM1,True,0.0017500000540167093,0.0011249999515712261,0.00175,0.001125,0.0017981995065842987,chr22,42380407,42432403
RRP7A,True,0.18125000596046448,0.2787500023841858,0.158625,0.230125,-0.19297592515402318,chr22,42508344,42519796
SERHL2,True,0.0028750000055879354,0.004749999847263098,0.002875,0.00475,-0.005369172253253661,chr22,42553617,42574382
POLDIP3,True,0.18674999475479126,0.14824999868869781,0.163375,0.134125,0.08323469612198382,chr22,42583721,42614962
ENSG00000289517,False,,,,,,chr22,42583836,42627688
CYB5R3,True,0.4091250002384186,0.47587499022483826,0.307375,0.346,-0.10221767854475848,chr22,42615730,42720870
ATP5MGL,True,0.0031250000465661287,0.0021250001154839993,0.003125,0.002125,0.002870321645595628,chr22,42639803,42640601
A4GALT,True,0.0,0.0001250000059371814,0.0,0.000125,-0.00036062870064157426,chr22,42692121,42721298
ARFGAP3,True,0.32487499713897705,0.3101249933242798,0.259375,0.24775,0.026030990579887746,chr22,42796502,42858106
PACSIN2,True,0.07599999755620956,0.05712499842047691,0.07,0.0535,0.04806775379897912,chr22,42835412,43015149
TTLL1,True,0.11962500214576721,0.11312499642372131,0.10425,0.103375,0.015214135774845422,chr22,43039516,43089419
BIK,True,0.0001250000059371814,0.0,0.000125,0.0,0.0003606287006416438,chr22,43110750,43129712
MCAT,True,0.14300000667572021,0.11387500166893005,0.127875,0.10625,0.06687383118868184,chr22,43132209,43143398
TSPO,True,0.9023749828338623,1.1675000190734863,0.426375,0.56425,-0.24981461291366935,chr22,43151547,43163242
TTLL12,True,0.06875000149011612,0.08275000005960464,0.06325,0.077375,-0.035082455523167994,chr22,43166622,43187134
SCUBE1,True,0.12049999833106995,0.132750004529953,0.105375,0.1185,-0.02820440618914956,chr22,43197280,43343372
MPPED1,True,0.03237500041723251,0.07762499898672104,0.02875,0.070875,-0.11769035595473036,chr22,43411196,43507848
EFCAB6,True,0.006000000052154064,0.004124999977648258,0.00575,0.004,0.005355884501100218,chr22,43528744,43812337
SULT4A1,True,0.14800000190734863,0.1850000023841858,0.12475,0.15875,-0.08011017573817047,chr22,43824509,43862513
PNPLA5,True,0.0,0.0,0.0,0.0,0.0,chr22,43879678,43892013
PNPLA3,True,0.2581250071525574,0.32887500524520874,0.20375,0.25475,-0.12871880516373424,chr22,43923792,43964488
SAMM50,True,0.22675000131130219,0.18825000524520874,0.194625,0.163125,0.07852645314888938,chr22,43955442,44010531
PARVB,True,0.019999999552965164,0.024125000461935997,0.019375,0.02325,-0.011399304329709673,chr22,43999211,44172939
PARVG,True,0.0001250000059371814,0.0001250000059371814,0.000125,0.000125,0.0,chr22,44172956,44219533
SHISAL1,True,0.11924999952316284,0.0885000005364418,0.0985,0.081875,0.07347954578193394,chr22,44243665,44312951
RTL6,True,0.1393750011920929,0.11512500047683716,0.121,0.106125,0.0557827250740484,chr22,44492583,44498233
PRR5,True,0.05274999886751175,0.04975000023841858,0.04975,0.04775,0.007851417379751539,chr22,44668547,44737681
PRR5-ARHGAP8,True,0.0005000000237487257,0.0002500000118743628,0.0005,0.00025,0.0007208069644632164,chr22,44702233,44862706
ARHGAP8,True,0.003375000087544322,0.001500000013038516,0.003375,0.0015,0.0053838665469706625,chr22,44752558,44862788
