chr	start	end	genes	score	ref_score
chr1	65419	1328896	OR4F5,OR4F29,OR4F16,SAMD11,NOC2L,KLHL17,PLEKHN1,PERM1,HES4,ISG15,AGRN,RNF223,C1orf159,TTLL10,TNFRSF18,TNFRSF4,SDF4,B3GALT6,C1QTNF12,UBE2J2,SCNN1D,ACAP3,PUSL1,INTS11,CPTP	0.011867449915773811	0.012497049604816068
chr1	960584	1399335	KLHL17,PLEKHN1,PERM1,HES4,ISG15,AGRN,RNF223,C1orf159,TTLL10,TNFRSF18,TNFRSF4,SDF4,B3GALT6,C1QTNF12,UBE2J2,SCNN1D,ACAP3,PUSL1,INTS11,CPTP,TAS1R3,DVL1,MXRA8,AURKAIP1,CCNL2	0.011111714304655292	0.015169327944081365
chr1	1020120	1470163	AGRN,RNF223,C1orf159,TTLL10,TNFRSF18,TNFRSF4,SDF4,B3GALT6,C1QTNF12,UBE2J2,SCNN1D,ACAP3,PUSL1,INTS11,CPTP,TAS1R3,DVL1,MXRA8,AURKAIP1,CCNL2,MRPL20,ANKRD65,TMEM88B,VWA1,ATAD3C	0.008802751417681602	0.011721621898845255
chr1	1211326	1600135	TNFRSF4,SDF4,B3GALT6,C1QTNF12,UBE2J2,SCNN1D,ACAP3,PUSL1,INTS11,CPTP,TAS1R3,DVL1,MXRA8,AURKAIP1,CCNL2,MRPL20,ANKRD65,TMEM88B,VWA1,ATAD3C,ATAD3B,ATAD3A,TMEM240,SSU72,FNDC10	0.002851984347545049	0.006211703091517809
chr1	1280436	1724357	SCNN1D,ACAP3,PUSL1,INTS11,CPTP,TAS1R3,DVL1,MXRA8,AURKAIP1,CCNL2,MRPL20,ANKRD65,TMEM88B,VWA1,ATAD3C,ATAD3B,ATAD3A,TMEM240,SSU72,FNDC10,MIB2,MMP23B,CDK11B,SLC35E2B,CDK11A	0.005727444239719321	0.006805211367646464
chr1	1331280	2003837	TAS1R3,DVL1,MXRA8,AURKAIP1,CCNL2,MRPL20,ANKRD65,TMEM88B,VWA1,ATAD3C,ATAD3B,ATAD3A,TMEM240,SSU72,FNDC10,MIB2,MMP23B,CDK11B,SLC35E2B,CDK11A,NADK,GNB1,CALML6,TMEM52,CFAP74	0.008361198145548488	0.010275058232126495
chr1	1401909	2391707	MRPL20,ANKRD65,TMEM88B,VWA1,ATAD3C,ATAD3B,ATAD3A,TMEM240,SSU72,FNDC10,MIB2,MMP23B,CDK11B,SLC35E2B,CDK11A,NADK,GNB1,CALML6,TMEM52,CFAP74,GABRD,PRKCZ,FAAP20,SKI,MORN1	0.007874477657571028	0.010567847949352371
chr1	1471765	2530263	ATAD3B,ATAD3A,TMEM240,SSU72,FNDC10,MIB2,MMP23B,CDK11B,SLC35E2B,CDK11A,NADK,GNB1,CALML6,TMEM52,CFAP74,GABRD,PRKCZ,FAAP20,SKI,MORN1,RER1,PEX10,PLCH2,PANK4,HES5	0.005057074519872304	0.007952582871067062
chr1	1615454	3022903	MIB2,MMP23B,CDK11B,SLC35E2B,CDK11A,NADK,GNB1,CALML6,TMEM52,CFAP74,GABRD,PRKCZ,FAAP20,SKI,MORN1,RER1,PEX10,PLCH2,PANK4,HES5,TNFRSF14,PRXL2B,MMEL1,TTC34,ACTRT2	0.014300349865074193	0.013992607723911338
chr1	1751232	3652761	NADK,GNB1,CALML6,TMEM52,CFAP74,GABRD,PRKCZ,FAAP20,SKI,MORN1,RER1,PEX10,PLCH2,PANK4,HES5,TNFRSF14,PRXL2B,MMEL1,TTC34,ACTRT2,PRDM16,ARHGEF16,MEGF6,TPRG1L,WRAP73	0.028700350834095518	0.01687005011551726
chr1	2019329	3857396	GABRD,PRKCZ,FAAP20,SKI,MORN1,RER1,PEX10,PLCH2,PANK4,HES5,TNFRSF14,PRXL2B,MMEL1,TTC34,ACTRT2,PRDM16,ARHGEF16,MEGF6,TPRG1L,WRAP73,TP73,CCDC27,SMIM1,LRRC47,CEP104	0.022761878267833595	0.010262620492224551
chr1	2391775	6101193	RER1,PEX10,PLCH2,PANK4,HES5,TNFRSF14,PRXL2B,MMEL1,TTC34,ACTRT2,PRDM16,ARHGEF16,MEGF6,TPRG1L,WRAP73,TP73,CCDC27,SMIM1,LRRC47,CEP104,DFFB,C1orf174,AJAP1,NPHP4,KCNAB2	0.010399658332394437	0.0075066137486815765
chr1	2555639	6235972	TNFRSF14,PRXL2B,MMEL1,TTC34,ACTRT2,PRDM16,ARHGEF16,MEGF6,TPRG1L,WRAP73,TP73,CCDC27,SMIM1,LRRC47,CEP104,DFFB,C1orf174,AJAP1,NPHP4,KCNAB2,CHD5,ENSG00000285629,RPL22,RNF207,ICMT	0.009271098574373776	0.009928451928700987
chr1	3069168	6461367	PRDM16,ARHGEF16,MEGF6,TPRG1L,WRAP73,TP73,CCDC27,SMIM1,LRRC47,CEP104,DFFB,C1orf174,AJAP1,NPHP4,KCNAB2,CHD5,ENSG00000285629,RPL22,RNF207,ICMT,HES3,GPR153,ACOT7,HES2,ESPN	0.010963048893485943	0.008779783322085595
chr1	3652516	6589280	TP73,CCDC27,SMIM1,LRRC47,CEP104,DFFB,C1orf174,AJAP1,NPHP4,KCNAB2,CHD5,ENSG00000285629,RPL22,RNF207,ICMT,HES3,GPR153,ACOT7,HES2,ESPN,TNFRSF25,PLEKHG5,NOL9,TAS1R1,ZBTB48	0.004697942603942414	-3.070427314049461e-05
chr1	3857267	7769706	DFFB,C1orf174,AJAP1,NPHP4,KCNAB2,CHD5,ENSG00000285629,RPL22,RNF207,ICMT,HES3,GPR153,ACOT7,HES2,ESPN,TNFRSF25,PLEKHG5,NOL9,TAS1R1,ZBTB48,KLHL21,PHF13,THAP3,DNAJC11,CAMTA1	0.0076105787616578885	0.008670107901998925
chr1	6101787	7985505	CHD5,ENSG00000285629,RPL22,RNF207,ICMT,HES3,GPR153,ACOT7,HES2,ESPN,TNFRSF25,PLEKHG5,NOL9,TAS1R1,ZBTB48,KLHL21,PHF13,THAP3,DNAJC11,CAMTA1,VAMP3,PER3,UTS2,TNFRSF9,PARK7	0.009555973080398891	0.012631455424906596
chr1	6244179	8975092	HES3,GPR153,ACOT7,HES2,ESPN,TNFRSF25,PLEKHG5,NOL9,TAS1R1,ZBTB48,KLHL21,PHF13,THAP3,DNAJC11,CAMTA1,VAMP3,PER3,UTS2,TNFRSF9,PARK7,ERRFI1,SLC45A1,RERE,ENO1,CA6	0.01316245960216614	0.01215857564629772
chr1	6460786	9369532	TNFRSF25,PLEKHG5,NOL9,TAS1R1,ZBTB48,KLHL21,PHF13,THAP3,DNAJC11,CAMTA1,VAMP3,PER3,UTS2,TNFRSF9,PARK7,ERRFI1,SLC45A1,RERE,ENO1,CA6,SLC2A7,SLC2A5,GPR157,H6PD,SPSB1	0.01371608258598052	0.00423335217621507
chr1	6590724	9910336	KLHL21,PHF13,THAP3,DNAJC11,CAMTA1,VAMP3,PER3,UTS2,TNFRSF9,PARK7,ERRFI1,SLC45A1,RERE,ENO1,CA6,SLC2A7,SLC2A5,GPR157,H6PD,SPSB1,SLC25A33,TMEM201,PIK3CD,CLSTN1,CTNNBIP1	0.01998315769754426	0.0036255597659185365
chr1	7771296	10381603	VAMP3,PER3,UTS2,TNFRSF9,PARK7,ERRFI1,SLC45A1,RERE,ENO1,CA6,SLC2A7,SLC2A5,GPR157,H6PD,SPSB1,SLC25A33,TMEM201,PIK3CD,CLSTN1,CTNNBIP1,LZIC,NMNAT1,RBP7,UBE4B,KIF1B	0.009761884403925367	0.0048872437321727195
chr1	8004404	10472529	ERRFI1,SLC45A1,RERE,ENO1,CA6,SLC2A7,SLC2A5,GPR157,H6PD,SPSB1,SLC25A33,TMEM201,PIK3CD,CLSTN1,CTNNBIP1,LZIC,NMNAT1,RBP7,UBE4B,KIF1B,PGD,CENPS-CORT,CENPS,CORT,DFFA	0.00801914960671399	0.011368568300107249
chr1	9002973	11047239	SLC2A7,SLC2A5,GPR157,H6PD,SPSB1,SLC25A33,TMEM201,PIK3CD,CLSTN1,CTNNBIP1,LZIC,NMNAT1,RBP7,UBE4B,KIF1B,PGD,CENPS-CORT,CENPS,CORT,DFFA,PEX14,CASZ1,C1orf127,TARDBP,MASP2	0.0026881486984528273	0.007239406822799568
chr1	9539465	11296049	SLC25A33,TMEM201,PIK3CD,CLSTN1,CTNNBIP1,LZIC,NMNAT1,RBP7,UBE4B,KIF1B,PGD,CENPS-CORT,CENPS,CORT,DFFA,PEX14,CASZ1,C1orf127,TARDBP,MASP2,SRM,EXOSC10,MTOR,ANGPTL7,UBIAD1	0.005922074330687368	0.008137096738212713
chr1	9922113	11691811	LZIC,NMNAT1,RBP7,UBE4B,KIF1B,PGD,CENPS-CORT,CENPS,CORT,DFFA,PEX14,CASZ1,C1orf127,TARDBP,MASP2,SRM,EXOSC10,MTOR,ANGPTL7,UBIAD1,DISP3,FBXO2,FBXO44,MAD2L2,FBXO6	0.0068817796298657995	0.011767220206906445
chr1	10398592	11848079	PGD,CENPS-CORT,CENPS,CORT,DFFA,PEX14,CASZ1,C1orf127,TARDBP,MASP2,SRM,EXOSC10,MTOR,ANGPTL7,UBIAD1,DISP3,FBXO2,FBXO44,MAD2L2,FBXO6,DRAXIN,AGTRAP,C1orf167,MTHFR,CLCN6	-0.0009044146875294083	0.01329874096425136
chr1	10472288	12015211	PEX14,CASZ1,C1orf127,TARDBP,MASP2,SRM,EXOSC10,MTOR,ANGPTL7,UBIAD1,DISP3,FBXO2,FBXO44,MAD2L2,FBXO6,DRAXIN,AGTRAP,C1orf167,MTHFR,CLCN6,NPPA,NPPB,KIAA2013,PLOD1,MFN2	-0.007567247599810625	0.010936033797224621
chr1	11054584	12618210	SRM,EXOSC10,MTOR,ANGPTL7,UBIAD1,DISP3,FBXO2,FBXO44,MAD2L2,FBXO6,DRAXIN,AGTRAP,C1orf167,MTHFR,CLCN6,NPPA,NPPB,KIAA2013,PLOD1,MFN2,MIIP,TNFRSF8,TNFRSF1B,VPS13D,DHRS3	-0.0007191929601425176	0.012055950510199117
chr1	11479155	12831410	DISP3,FBXO2,FBXO44,MAD2L2,FBXO6,DRAXIN,AGTRAP,C1orf167,MTHFR,CLCN6,NPPA,NPPB,KIAA2013,PLOD1,MFN2,MIIP,TNFRSF8,TNFRSF1B,VPS13D,DHRS3,AADACL4,AADACL3,PRAMEF12,PRAMEF1,PRAMEF11	0.009397719534275673	0.01208003872867167
chr1	11691710	12920751	DRAXIN,AGTRAP,C1orf167,MTHFR,CLCN6,NPPA,NPPB,KIAA2013,PLOD1,MFN2,MIIP,TNFRSF8,TNFRSF1B,VPS13D,DHRS3,AADACL4,AADACL3,PRAMEF12,PRAMEF1,PRAMEF11,HNRNPCL1,PRAMEF2,PRAMEF4,PRAMEF10,PRAMEF7	0.006838103023086556	0.007673399690072481
chr1	11845709	13116854	NPPA,NPPB,KIAA2013,PLOD1,MFN2,MIIP,TNFRSF8,TNFRSF1B,VPS13D,DHRS3,AADACL4,AADACL3,PRAMEF12,PRAMEF1,PRAMEF11,HNRNPCL1,PRAMEF2,PRAMEF4,PRAMEF10,PRAMEF7,PRAMEF6,PRAMEF27,HNRNPCL3,PRAMEF25,HNRNPCL2	0.002433541683862185	0.0023189211080992178
chr1	12019466	13226154	MIIP,TNFRSF8,TNFRSF1B,VPS13D,DHRS3,AADACL4,AADACL3,PRAMEF12,PRAMEF1,PRAMEF11,HNRNPCL1,PRAMEF2,PRAMEF4,PRAMEF10,PRAMEF7,PRAMEF6,PRAMEF27,HNRNPCL3,PRAMEF25,HNRNPCL2,PRAMEF26,HNRNPCL4,PRAMEF9,PRAMEF13,PRAMEF18	0.00039595971140352586	0.0003272339124485306
chr1	12644085	13347134	AADACL4,AADACL3,PRAMEF12,PRAMEF1,PRAMEF11,HNRNPCL1,PRAMEF2,PRAMEF4,PRAMEF10,PRAMEF7,PRAMEF6,PRAMEF27,HNRNPCL3,PRAMEF25,HNRNPCL2,PRAMEF26,HNRNPCL4,PRAMEF9,PRAMEF13,PRAMEF18,PRAMEF5,PRAMEF8,PRAMEF33,PRAMEF15,PRAMEF14	2.2231763704208388e-05	0.0
chr1	12847377	13617957	HNRNPCL1,PRAMEF2,PRAMEF4,PRAMEF10,PRAMEF7,PRAMEF6,PRAMEF27,HNRNPCL3,PRAMEF25,HNRNPCL2,PRAMEF26,HNRNPCL4,PRAMEF9,PRAMEF13,PRAMEF18,PRAMEF5,PRAMEF8,PRAMEF33,PRAMEF15,PRAMEF14,PRAMEF19,PRAMEF17,PRAMEF20,LRRC38,PDPN	0.0	0.0
chr1	12938472	15430339	PRAMEF6,PRAMEF27,HNRNPCL3,PRAMEF25,HNRNPCL2,PRAMEF26,HNRNPCL4,PRAMEF9,PRAMEF13,PRAMEF18,PRAMEF5,PRAMEF8,PRAMEF33,PRAMEF15,PRAMEF14,PRAMEF19,PRAMEF17,PRAMEF20,LRRC38,PDPN,PRDM2,KAZN,TMEM51,FHAD1,EFHD2	0.00048220307911157575	0.0008244616168126925
chr1	13148905	15592379	PRAMEF26,HNRNPCL4,PRAMEF9,PRAMEF13,PRAMEF18,PRAMEF5,PRAMEF8,PRAMEF33,PRAMEF15,PRAMEF14,PRAMEF19,PRAMEF17,PRAMEF20,LRRC38,PDPN,PRDM2,KAZN,TMEM51,FHAD1,EFHD2,CTRC,CELA2A,CELA2B,CASP9,DNAJC16	0.002638958029037707	0.006570050206237462
chr1	13254198	15741392	PRAMEF5,PRAMEF8,PRAMEF33,PRAMEF15,PRAMEF14,PRAMEF19,PRAMEF17,PRAMEF20,LRRC38,PDPN,PRDM2,KAZN,TMEM51,FHAD1,EFHD2,CTRC,CELA2A,CELA2B,CASP9,DNAJC16,AGMAT,DDI2,RSC1A1,PLEKHM2,SLC25A34	0.004249876797063619	0.01156257791686177
chr1	13368431	15976132	PRAMEF19,PRAMEF17,PRAMEF20,LRRC38,PDPN,PRDM2,KAZN,TMEM51,FHAD1,EFHD2,CTRC,CELA2A,CELA2B,CASP9,DNAJC16,AGMAT,DDI2,RSC1A1,PLEKHM2,SLC25A34,TMEM82,FBLIM1,UQCRHL,SPEN,ZBTB17	0.0034190887218150247	0.005946048417127316
chr1	13700188	16073651	PRDM2,KAZN,TMEM51,FHAD1,EFHD2,CTRC,CELA2A,CELA2B,CASP9,DNAJC16,AGMAT,DDI2,RSC1A1,PLEKHM2,SLC25A34,TMEM82,FBLIM1,UQCRHL,SPEN,ZBTB17,SRARP,HSPB7,CLCNKA,CLCNKB,FAM131C	0.006586160816174009	0.006832718229102857
chr1	15438442	16398145	CTRC,CELA2A,CELA2B,CASP9,DNAJC16,AGMAT,DDI2,RSC1A1,PLEKHM2,SLC25A34,TMEM82,FBLIM1,UQCRHL,SPEN,ZBTB17,SRARP,HSPB7,CLCNKA,CLCNKB,FAM131C,EPHA2,ARHGEF19,CPLANE2,FBXO42,SZRD1	0.01103917836100935	0.010359595287561927
chr1	15571699	16980632	AGMAT,DDI2,RSC1A1,PLEKHM2,SLC25A34,TMEM82,FBLIM1,UQCRHL,SPEN,ZBTB17,SRARP,HSPB7,CLCNKA,CLCNKB,FAM131C,EPHA2,ARHGEF19,CPLANE2,FBXO42,SZRD1,SPATA21,NECAP2,NBPF1,CROCC,MFAP2	0.008297873584153055	0.006423398822883883
chr1	15742499	17246007	TMEM82,FBLIM1,UQCRHL,SPEN,ZBTB17,SRARP,HSPB7,CLCNKA,CLCNKB,FAM131C,EPHA2,ARHGEF19,CPLANE2,FBXO42,SZRD1,SPATA21,NECAP2,NBPF1,CROCC,MFAP2,ATP13A2,ENSG00000288636,SDHB,PADI2,PADI1	0.010796506938596715	0.0091119892073424
chr1	16004236	17697874	SRARP,HSPB7,CLCNKA,CLCNKB,FAM131C,EPHA2,ARHGEF19,CPLANE2,FBXO42,SZRD1,SPATA21,NECAP2,NBPF1,CROCC,MFAP2,ATP13A2,ENSG00000288636,SDHB,PADI2,PADI1,PADI3,PADI4,PADI6,RCC2,ARHGEF10L	0.014499178987650364	0.014348604936156351
chr1	16124337	18859660	EPHA2,ARHGEF19,CPLANE2,FBXO42,SZRD1,SPATA21,NECAP2,NBPF1,CROCC,MFAP2,ATP13A2,ENSG00000288636,SDHB,PADI2,PADI1,PADI3,PADI4,PADI6,RCC2,ARHGEF10L,ACTL8,IGSF21,KLHDC7A,PAX7,TAS1R2	0.0091507282147481	0.01126759640344517
chr1	16387117	19260128	SPATA21,NECAP2,NBPF1,CROCC,MFAP2,ATP13A2,ENSG00000288636,SDHB,PADI2,PADI1,PADI3,PADI4,PADI6,RCC2,ARHGEF10L,ACTL8,IGSF21,KLHDC7A,PAX7,TAS1R2,ALDH4A1,IFFO2,UBR4,EMC1,MRTO4	0.006144767354609647	0.008048891681251976
chr1	16985958	19629821	ATP13A2,ENSG00000288636,SDHB,PADI2,PADI1,PADI3,PADI4,PADI6,RCC2,ARHGEF10L,ACTL8,IGSF21,KLHDC7A,PAX7,TAS1R2,ALDH4A1,IFFO2,UBR4,EMC1,MRTO4,AKR7A3,AKR7A2,SLC66A1,CAPZB,MICOS10	0.006003875338979325	0.007855226023733012
chr1	17249098	19815283	PADI3,PADI4,PADI6,RCC2,ARHGEF10L,ACTL8,IGSF21,KLHDC7A,PAX7,TAS1R2,ALDH4A1,IFFO2,UBR4,EMC1,MRTO4,AKR7A3,AKR7A2,SLC66A1,CAPZB,MICOS10,NBL1,MICOS10-NBL1,HTR6,TMCO4,RNF186	0.008306887630399478	0.012992117696304414
chr1	17755333	20119566	ACTL8,IGSF21,KLHDC7A,PAX7,TAS1R2,ALDH4A1,IFFO2,UBR4,EMC1,MRTO4,AKR7A3,AKR7A2,SLC66A1,CAPZB,MICOS10,NBL1,MICOS10-NBL1,HTR6,TMCO4,RNF186,OTUD3,PLA2G2E,PLA2G2A,PLA2G5,PLA2G2D	-0.0011541999257344581	0.009259887114088497
chr1	18871430	20486210	ALDH4A1,IFFO2,UBR4,EMC1,MRTO4,AKR7A3,AKR7A2,SLC66A1,CAPZB,MICOS10,NBL1,MICOS10-NBL1,HTR6,TMCO4,RNF186,OTUD3,PLA2G2E,PLA2G2A,PLA2G5,PLA2G2D,PLA2G2F,PLA2G2C,UBXN10,VWA5B1,CAMK2N1	0.003281269231037653	0.009535197266862009
chr1	19282573	20661544	AKR7A3,AKR7A2,SLC66A1,CAPZB,MICOS10,NBL1,MICOS10-NBL1,HTR6,TMCO4,RNF186,OTUD3,PLA2G2E,PLA2G2A,PLA2G5,PLA2G2D,PLA2G2F,PLA2G2C,UBXN10,VWA5B1,CAMK2N1,MUL1,FAM43B,CDA,PINK1,DDOST	0.0018965251891607468	0.0031025335844811525
chr1	19596979	21345572	NBL1,MICOS10-NBL1,HTR6,TMCO4,RNF186,OTUD3,PLA2G2E,PLA2G2A,PLA2G5,PLA2G2D,PLA2G2F,PLA2G2C,UBXN10,VWA5B1,CAMK2N1,MUL1,FAM43B,CDA,PINK1,DDOST,KIF17,SH2D5,HP1BP3,EIF4G3,ECE1	0.0037054593781532326	0.00656568002177515
chr1	19882395	21825225	OTUD3,PLA2G2E,PLA2G2A,PLA2G5,PLA2G2D,PLA2G2F,PLA2G2C,UBXN10,VWA5B1,CAMK2N1,MUL1,FAM43B,CDA,PINK1,DDOST,KIF17,SH2D5,HP1BP3,EIF4G3,ECE1,NBPF3,ALPL,RAP1GAP,USP48,LDLRAD2	0.0046337363466776894	0.006430300859099937
chr1	20139323	22143969	PLA2G2F,PLA2G2C,UBXN10,VWA5B1,CAMK2N1,MUL1,FAM43B,CDA,PINK1,DDOST,KIF17,SH2D5,HP1BP3,EIF4G3,ECE1,NBPF3,ALPL,RAP1GAP,USP48,LDLRAD2,HSPG2,CELA3B,CELA3A,CDC42,WNT4	0.005628825365766395	0.0064627837999484666
chr1	20499448	22661637	MUL1,FAM43B,CDA,PINK1,DDOST,KIF17,SH2D5,HP1BP3,EIF4G3,ECE1,NBPF3,ALPL,RAP1GAP,USP48,LDLRAD2,HSPG2,CELA3B,CELA3A,CDC42,WNT4,ZBTB40,EPHA8,C1QA,C1QC,C1QB	0.004491735829858479	0.009506176822135852
chr1	20664014	23177808	KIF17,SH2D5,HP1BP3,EIF4G3,ECE1,NBPF3,ALPL,RAP1GAP,USP48,LDLRAD2,HSPG2,CELA3B,CELA3A,CDC42,WNT4,ZBTB40,EPHA8,C1QA,C1QC,C1QB,EPHB2,LACTBL1,TEX46,KDM1A,LUZP1	-0.005609268937413468	-1.9848769424426232e-05
chr1	21440128	23484568	NBPF3,ALPL,RAP1GAP,USP48,LDLRAD2,HSPG2,CELA3B,CELA3A,CDC42,WNT4,ZBTB40,EPHA8,C1QA,C1QC,C1QB,EPHB2,LACTBL1,TEX46,KDM1A,LUZP1,HTR1D,HNRNPR,ZNF436,TCEA3,ASAP3	-0.0018638780802424746	0.002395397536958275
chr1	21822244	23788232	HSPG2,CELA3B,CELA3A,CDC42,WNT4,ZBTB40,EPHA8,C1QA,C1QC,C1QB,EPHB2,LACTBL1,TEX46,KDM1A,LUZP1,HTR1D,HNRNPR,ZNF436,TCEA3,ASAP3,E2F2,ID3,RPL11,ELOA,PITHD1	-0.0010772587579439684	0.0048057397470817505
chr1	22428838	23913362	ZBTB40,EPHA8,C1QA,C1QC,C1QB,EPHB2,LACTBL1,TEX46,KDM1A,LUZP1,HTR1D,HNRNPR,ZNF436,TCEA3,ASAP3,E2F2,ID3,RPL11,ELOA,PITHD1,LYPLA2,GALE,HMGCL,FUCA1,CNR2	0.0028322228854112497	0.003471646511941692
chr1	22710839	24187959	EPHB2,LACTBL1,TEX46,KDM1A,LUZP1,HTR1D,HNRNPR,ZNF436,TCEA3,ASAP3,E2F2,ID3,RPL11,ELOA,PITHD1,LYPLA2,GALE,HMGCL,FUCA1,CNR2,PNRC2,SRSF10,MYOM3,IL22RA1,IFNLR1	0.009916680791905197	0.007786124177663644
chr1	23191895	24609328	HTR1D,HNRNPR,ZNF436,TCEA3,ASAP3,E2F2,ID3,RPL11,ELOA,PITHD1,LYPLA2,GALE,HMGCL,FUCA1,CNR2,PNRC2,SRSF10,MYOM3,IL22RA1,IFNLR1,GRHL3,STPG1,NIPAL3,RCAN3,NCMAP	0.01895625187946486	0.011152603192995526
chr1	23506438	25338213	E2F2,ID3,RPL11,ELOA,PITHD1,LYPLA2,GALE,HMGCL,FUCA1,CNR2,PNRC2,SRSF10,MYOM3,IL22RA1,IFNLR1,GRHL3,STPG1,NIPAL3,RCAN3,NCMAP,SRRM1,CLIC4,RUNX3,SYF2,RSRP1	0.021685666036853866	0.010137044794005911
chr1	23791145	25568886	LYPLA2,GALE,HMGCL,FUCA1,CNR2,PNRC2,SRSF10,MYOM3,IL22RA1,IFNLR1,GRHL3,STPG1,NIPAL3,RCAN3,NCMAP,SRRM1,CLIC4,RUNX3,SYF2,RSRP1,RHD,TMEM50A,RHCE,MACO1,LDLRAP1	0.016241519013957234	0.008821266204359845
chr1	23956839	25859458	PNRC2,SRSF10,MYOM3,IL22RA1,IFNLR1,GRHL3,STPG1,NIPAL3,RCAN3,NCMAP,SRRM1,CLIC4,RUNX3,SYF2,RSRP1,RHD,TMEM50A,RHCE,MACO1,LDLRAP1,MAN1C1,SELENON,ENSG00000255054,MTFR1L,AUNIP	0.012376154634360367	0.007158173817842231
chr1	24199558	26046118	GRHL3,STPG1,NIPAL3,RCAN3,NCMAP,SRRM1,CLIC4,RUNX3,SYF2,RSRP1,RHD,TMEM50A,RHCE,MACO1,LDLRAP1,MAN1C1,SELENON,ENSG00000255054,MTFR1L,AUNIP,PAQR7,STMN1,PAFAH2,EXTL1,SLC30A2	-0.0022764561681080965	0.005653157922024691
chr1	24631716	26171832	SRRM1,CLIC4,RUNX3,SYF2,RSRP1,RHD,TMEM50A,RHCE,MACO1,LDLRAP1,MAN1C1,SELENON,ENSG00000255054,MTFR1L,AUNIP,PAQR7,STMN1,PAFAH2,EXTL1,SLC30A2,TRIM63,PDIK1L,FAM110D,C1orf232,ZNF593OS	-0.011032122623962394	0.007279769017677986
chr1	25272393	26281522	RHD,TMEM50A,RHCE,MACO1,LDLRAP1,MAN1C1,SELENON,ENSG00000255054,MTFR1L,AUNIP,PAQR7,STMN1,PAFAH2,EXTL1,SLC30A2,TRIM63,PDIK1L,FAM110D,C1orf232,ZNF593OS,ZNF593,CNKSR1,CATSPER4,CEP85,SH3BGRL3	-0.019423608595144304	0.0007240556585938309
chr1	25616791	26429728	MAN1C1,SELENON,ENSG00000255054,MTFR1L,AUNIP,PAQR7,STMN1,PAFAH2,EXTL1,SLC30A2,TRIM63,PDIK1L,FAM110D,C1orf232,ZNF593OS,ZNF593,CNKSR1,CATSPER4,CEP85,SH3BGRL3,UBXN11,CD52,CRYBG2,ZNF683,LIN28A	-0.0019054426603570824	0.006147096319920208
chr1	25861484	26800659	PAQR7,STMN1,PAFAH2,EXTL1,SLC30A2,TRIM63,PDIK1L,FAM110D,C1orf232,ZNF593OS,ZNF593,CNKSR1,CATSPER4,CEP85,SH3BGRL3,UBXN11,CD52,CRYBG2,ZNF683,LIN28A,DHDDS,HMGN2,RPS6KA1,ARID1A,PIGV	0.00596703345008287	0.009957758441290758
chr1	26051301	26946871	TRIM63,PDIK1L,FAM110D,C1orf232,ZNF593OS,ZNF593,CNKSR1,CATSPER4,CEP85,SH3BGRL3,UBXN11,CD52,CRYBG2,ZNF683,LIN28A,DHDDS,HMGN2,RPS6KA1,ARID1A,PIGV,ZDHHC18,SFN,GPN2,GPATCH3,NUDC	0.007889511655909795	0.006081841873434042
chr1	26169908	27166981	ZNF593,CNKSR1,CATSPER4,CEP85,SH3BGRL3,UBXN11,CD52,CRYBG2,ZNF683,LIN28A,DHDDS,HMGN2,RPS6KA1,ARID1A,PIGV,ZDHHC18,SFN,GPN2,GPATCH3,NUDC,NR0B2,KDF1,TRNP1,TENT5B,SLC9A1	0.010259924521482397	0.006741357155578782
chr1	26281328	27374824	UBXN11,CD52,CRYBG2,ZNF683,LIN28A,DHDDS,HMGN2,RPS6KA1,ARID1A,PIGV,ZDHHC18,SFN,GPN2,GPATCH3,NUDC,NR0B2,KDF1,TRNP1,TENT5B,SLC9A1,WDTC1,TMEM222,SYTL1,MAP3K6,FCN3	0.008315986894333872	0.008854175183106555
chr1	26432282	27635185	DHDDS,HMGN2,RPS6KA1,ARID1A,PIGV,ZDHHC18,SFN,GPN2,GPATCH3,NUDC,NR0B2,KDF1,TRNP1,TENT5B,SLC9A1,WDTC1,TMEM222,SYTL1,MAP3K6,FCN3,CD164L2,GPR3,WASF2,AHDC1,FGR	0.0065498236194865365	0.008845331946971617
chr1	26826688	27886685	ZDHHC18,SFN,GPN2,GPATCH3,NUDC,NR0B2,KDF1,TRNP1,TENT5B,SLC9A1,WDTC1,TMEM222,SYTL1,MAP3K6,FCN3,CD164L2,GPR3,WASF2,AHDC1,FGR,IFI6,FAM76A,STX12,PPP1R8,THEMIS2	0.006717015860400717	0.0074758269695096545
chr1	26911489	28193936	NR0B2,KDF1,TRNP1,TENT5B,SLC9A1,WDTC1,TMEM222,SYTL1,MAP3K6,FCN3,CD164L2,GPR3,WASF2,AHDC1,FGR,IFI6,FAM76A,STX12,PPP1R8,THEMIS2,RPA2,SMPDL3B,XKR8,EYA3,PTAFR	0.01283416790907139	0.012756426545793112
chr1	27234632	28500364	WDTC1,TMEM222,SYTL1,MAP3K6,FCN3,CD164L2,GPR3,WASF2,AHDC1,FGR,IFI6,FAM76A,STX12,PPP1R8,THEMIS2,RPA2,SMPDL3B,XKR8,EYA3,PTAFR,DNAJC8,ATP5IF1,SESN2,MED18,PHACTR4	0.017309731569595383	0.016166196272796866
chr1	27379176	28719353	CD164L2,GPR3,WASF2,AHDC1,FGR,IFI6,FAM76A,STX12,PPP1R8,THEMIS2,RPA2,SMPDL3B,XKR8,EYA3,PTAFR,DNAJC8,ATP5IF1,SESN2,MED18,PHACTR4,RCC1,TRNAU1AP,TAF12,RAB42,GMEB1	0.013393482828672126	0.006541303744292002
chr1	27666064	29181900	IFI6,FAM76A,STX12,PPP1R8,THEMIS2,RPA2,SMPDL3B,XKR8,EYA3,PTAFR,DNAJC8,ATP5IF1,SESN2,MED18,PHACTR4,RCC1,TRNAU1AP,TAF12,RAB42,GMEB1,YTHDF2,OPRD1,EPB41,TMEM200B,SRSF4	0.014512551313549858	0.0049037103598698435
chr1	27891524	30908758	RPA2,SMPDL3B,XKR8,EYA3,PTAFR,DNAJC8,ATP5IF1,SESN2,MED18,PHACTR4,RCC1,TRNAU1AP,TAF12,RAB42,GMEB1,YTHDF2,OPRD1,EPB41,TMEM200B,SRSF4,MECR,PTPRU,MATN1,LAPTM5,SDC3	0.017854120766952666	0.0071555052658819115
chr1	28199456	31376850	DNAJC8,ATP5IF1,SESN2,MED18,PHACTR4,RCC1,TRNAU1AP,TAF12,RAB42,GMEB1,YTHDF2,OPRD1,EPB41,TMEM200B,SRSF4,MECR,PTPRU,MATN1,LAPTM5,SDC3,PUM1,NKAIN1,SNRNP40,ZCCHC17,FABP3	0.017208619995256167	0.008044969000567401
chr1	28505943	31704319	RCC1,TRNAU1AP,TAF12,RAB42,GMEB1,YTHDF2,OPRD1,EPB41,TMEM200B,SRSF4,MECR,PTPRU,MATN1,LAPTM5,SDC3,PUM1,NKAIN1,SNRNP40,ZCCHC17,FABP3,SERINC2,TINAGL1,HCRTR1,PEF1,COL16A1	0.009106209507556563	0.00846887056767048
chr1	28736621	32060850	YTHDF2,OPRD1,EPB41,TMEM200B,SRSF4,MECR,PTPRU,MATN1,LAPTM5,SDC3,PUM1,NKAIN1,SNRNP40,ZCCHC17,FABP3,SERINC2,TINAGL1,HCRTR1,PEF1,COL16A1,ADGRB2,SPOCD1,PTP4A2,ENSG00000288678,KHDRBS1	0.0027044814082149236	0.008515870893818698
chr1	29192657	32208682	MECR,PTPRU,MATN1,LAPTM5,SDC3,PUM1,NKAIN1,SNRNP40,ZCCHC17,FABP3,SERINC2,TINAGL1,HCRTR1,PEF1,COL16A1,ADGRB2,SPOCD1,PTP4A2,ENSG00000288678,KHDRBS1,TMEM39B,KPNA6,TXLNA,CCDC28B,IQCC	0.0009188185913344515	0.008807671766905615
chr1	30931506	32286165	PUM1,NKAIN1,SNRNP40,ZCCHC17,FABP3,SERINC2,TINAGL1,HCRTR1,PEF1,COL16A1,ADGRB2,SPOCD1,PTP4A2,ENSG00000288678,KHDRBS1,TMEM39B,KPNA6,TXLNA,CCDC28B,IQCC,DCDC2B,TMEM234,EIF3I,FAM167B,LCK	0.002313638483917184	0.006030457790504714
chr1	31409565	32394731	SERINC2,TINAGL1,HCRTR1,PEF1,COL16A1,ADGRB2,SPOCD1,PTP4A2,ENSG00000288678,KHDRBS1,TMEM39B,KPNA6,TXLNA,CCDC28B,IQCC,DCDC2B,TMEM234,EIF3I,FAM167B,LCK,HDAC1,MARCKSL1,TSSK3,FAM229A,BSDC1	-4.996951891434402e-05	0.005327254993478639
chr1	31727117	32686211	ADGRB2,SPOCD1,PTP4A2,ENSG00000288678,KHDRBS1,TMEM39B,KPNA6,TXLNA,CCDC28B,IQCC,DCDC2B,TMEM234,EIF3I,FAM167B,LCK,HDAC1,MARCKSL1,TSSK3,FAM229A,BSDC1,ENSG00000254553,ZBTB8B,ZBTB8A,ZBTB8OS,RBBP4	-0.004979188558169141	0.006413920638068413
chr1	32072031	32872482	TMEM39B,KPNA6,TXLNA,CCDC28B,IQCC,DCDC2B,TMEM234,EIF3I,FAM167B,LCK,HDAC1,MARCKSL1,TSSK3,FAM229A,BSDC1,ENSG00000254553,ZBTB8B,ZBTB8A,ZBTB8OS,RBBP4,SYNC,KIAA1522,YARS1,S100PBP,FNDC5	-0.009029675921827877	0.0034934452072388207
chr1	32209089	33123492	DCDC2B,TMEM234,EIF3I,FAM167B,LCK,HDAC1,MARCKSL1,TSSK3,FAM229A,BSDC1,ENSG00000254553,ZBTB8B,ZBTB8A,ZBTB8OS,RBBP4,SYNC,KIAA1522,YARS1,S100PBP,FNDC5,HPCA,TMEM54,RNF19B,AK2,AZIN2	0.00238255691741184	0.008150682920477926
chr1	32292083	33501643	HDAC1,MARCKSL1,TSSK3,FAM229A,BSDC1,ENSG00000254553,ZBTB8B,ZBTB8A,ZBTB8OS,RBBP4,SYNC,KIAA1522,YARS1,S100PBP,FNDC5,HPCA,TMEM54,RNF19B,AK2,AZIN2,TRIM62,ZNF362,A3GALT2,PHC2,ZSCAN20	0.00900746315480587	0.010001582344846233
chr1	32465057	34859755	ENSG00000254553,ZBTB8B,ZBTB8A,ZBTB8OS,RBBP4,SYNC,KIAA1522,YARS1,S100PBP,FNDC5,HPCA,TMEM54,RNF19B,AK2,AZIN2,TRIM62,ZNF362,A3GALT2,PHC2,ZSCAN20,CSMD2,HMGB4,C1orf94,SMIM12,GJB5	0.012564400760421344	0.012564546569823472
chr1	32679906	34985313	SYNC,KIAA1522,YARS1,S100PBP,FNDC5,HPCA,TMEM54,RNF19B,AK2,AZIN2,TRIM62,ZNF362,A3GALT2,PHC2,ZSCAN20,CSMD2,HMGB4,C1orf94,SMIM12,GJB5,GJB4,GJB3,GJA4,DLGAP3,ENSG00000284773	0.012365332308124127	0.013966262317319808
chr1	32885994	35193446	HPCA,TMEM54,RNF19B,AK2,AZIN2,TRIM62,ZNF362,A3GALT2,PHC2,ZSCAN20,CSMD2,HMGB4,C1orf94,SMIM12,GJB5,GJB4,GJB3,GJA4,DLGAP3,ENSG00000284773,TMEM35B,ENSG00000271741,ZMYM6,ZMYM1,SFPQ	0.007706935547818662	0.008707420764227158
chr1	33145399	35641526	TRIM62,ZNF362,A3GALT2,PHC2,ZSCAN20,CSMD2,HMGB4,C1orf94,SMIM12,GJB5,GJB4,GJB3,GJA4,DLGAP3,ENSG00000284773,TMEM35B,ENSG00000271741,ZMYM6,ZMYM1,SFPQ,ZMYM4,KIAA0319L,NCDN,TFAP2E,PSMB2	0.005755142431646277	0.005436495008783058
chr1	33513998	36072500	CSMD2,HMGB4,C1orf94,SMIM12,GJB5,GJB4,GJB3,GJA4,DLGAP3,ENSG00000284773,TMEM35B,ENSG00000271741,ZMYM6,ZMYM1,SFPQ,ZMYM4,KIAA0319L,NCDN,TFAP2E,PSMB2,C1orf216,CLSPN,AGO4,AGO1,AGO3	0.010051631957775706	0.005161055584678428
chr1	34759740	36180849	GJB4,GJB3,GJA4,DLGAP3,ENSG00000284773,TMEM35B,ENSG00000271741,ZMYM6,ZMYM1,SFPQ,ZMYM4,KIAA0319L,NCDN,TFAP2E,PSMB2,C1orf216,CLSPN,AGO4,AGO1,AGO3,TEKT2,ADPRS,COL8A2,TRAPPC3,MAP7D1	0.013726638884952997	0.006820919849344673
chr1	34981380	36397908	TMEM35B,ENSG00000271741,ZMYM6,ZMYM1,SFPQ,ZMYM4,KIAA0319L,NCDN,TFAP2E,PSMB2,C1orf216,CLSPN,AGO4,AGO1,AGO3,TEKT2,ADPRS,COL8A2,TRAPPC3,MAP7D1,THRAP3,SH3D21,EVA1B,STK40,LSM10	0.011922244944758189	0.00880762768531443
chr1	35268709	37484377	ZMYM4,KIAA0319L,NCDN,TFAP2E,PSMB2,C1orf216,CLSPN,AGO4,AGO1,AGO3,TEKT2,ADPRS,COL8A2,TRAPPC3,MAP7D1,THRAP3,SH3D21,EVA1B,STK40,LSM10,OSCP1,MRPS15,CSF3R,GRIK3,ZC3H12A	0.0038337449842268286	0.009278518724137609
chr1	35713877	37634892	C1orf216,CLSPN,AGO4,AGO1,AGO3,TEKT2,ADPRS,COL8A2,TRAPPC3,MAP7D1,THRAP3,SH3D21,EVA1B,STK40,LSM10,OSCP1,MRPS15,CSF3R,GRIK3,ZC3H12A,MEAF6,SNIP1,DNALI1,GNL2,RSPO1	-0.003650557528804243	0.007945304465163339
chr1	36084094	37808208	TEKT2,ADPRS,COL8A2,TRAPPC3,MAP7D1,THRAP3,SH3D21,EVA1B,STK40,LSM10,OSCP1,MRPS15,CSF3R,GRIK3,ZC3H12A,MEAF6,SNIP1,DNALI1,GNL2,RSPO1,C1orf109,CDCA8,EPHA10,MANEAL,YRDC	-0.004413100956103836	0.008695133435530902
chr1	36224432	38005606	THRAP3,SH3D21,EVA1B,STK40,LSM10,OSCP1,MRPS15,CSF3R,GRIK3,ZC3H12A,MEAF6,SNIP1,DNALI1,GNL2,RSPO1,C1orf109,CDCA8,EPHA10,MANEAL,YRDC,C1orf122,MTF1,INPP5B,SF3A3,FHL3	0.0006618613789300414	0.009267733154912383
chr1	36415827	38881617	OSCP1,MRPS15,CSF3R,GRIK3,ZC3H12A,MEAF6,SNIP1,DNALI1,GNL2,RSPO1,C1orf109,CDCA8,EPHA10,MANEAL,YRDC,C1orf122,MTF1,INPP5B,SF3A3,FHL3,UTP11,POU3F1,RRAGC,MYCBP,ENSG00000274944	0.003197611350714279	0.00997567836998352
chr1	37489993	39487177	MEAF6,SNIP1,DNALI1,GNL2,RSPO1,C1orf109,CDCA8,EPHA10,MANEAL,YRDC,C1orf122,MTF1,INPP5B,SF3A3,FHL3,UTP11,POU3F1,RRAGC,MYCBP,ENSG00000274944,GJA9,RHBDL2,AKIRIN1,NDUFS5,MACF1	0.006274494867002982	0.010782566079111844
chr1	37681570	39691485	C1orf109,CDCA8,EPHA10,MANEAL,YRDC,C1orf122,MTF1,INPP5B,SF3A3,FHL3,UTP11,POU3F1,RRAGC,MYCBP,ENSG00000274944,GJA9,RHBDL2,AKIRIN1,NDUFS5,MACF1,BMP8A,PABPC4,HEYL,NT5C1A,HPCAL4	0.004637780698700682	0.007586301804524939
chr1	37806979	39902256	C1orf122,MTF1,INPP5B,SF3A3,FHL3,UTP11,POU3F1,RRAGC,MYCBP,ENSG00000274944,GJA9,RHBDL2,AKIRIN1,NDUFS5,MACF1,BMP8A,PABPC4,HEYL,NT5C1A,HPCAL4,PPIE,BMP8B,OXCT2,TRIT1,MYCL	0.00899147684716071	0.004380472375220927
chr1	38009258	40251684	UTP11,POU3F1,RRAGC,MYCBP,ENSG00000274944,GJA9,RHBDL2,AKIRIN1,NDUFS5,MACF1,BMP8A,PABPC4,HEYL,NT5C1A,HPCAL4,PPIE,BMP8B,OXCT2,TRIT1,MYCL,MFSD2A,CAP1,PPT1,RLF,TMCO2	0.012347935500579553	0.0062029557261711055
chr1	38874069	40496343	GJA9,RHBDL2,AKIRIN1,NDUFS5,MACF1,BMP8A,PABPC4,HEYL,NT5C1A,HPCAL4,PPIE,BMP8B,OXCT2,TRIT1,MYCL,MFSD2A,CAP1,PPT1,RLF,TMCO2,ZMPSTE24,COL9A2,SMAP2,ZFP69B,ZFP69	0.019226554074539846	0.012830528482313195
chr1	39491636	40840452	BMP8A,PABPC4,HEYL,NT5C1A,HPCAL4,PPIE,BMP8B,OXCT2,TRIT1,MYCL,MFSD2A,CAP1,PPT1,RLF,TMCO2,ZMPSTE24,COL9A2,SMAP2,ZFP69B,ZFP69,EXO5,ZNF684,RIMS3,NFYC,KCNQ4	0.022455651113426907	0.017030856072123242
chr1	39692182	41383590	PPIE,BMP8B,OXCT2,TRIT1,MYCL,MFSD2A,CAP1,PPT1,RLF,TMCO2,ZMPSTE24,COL9A2,SMAP2,ZFP69B,ZFP69,EXO5,ZNF684,RIMS3,NFYC,KCNQ4,CITED4,CTPS1,SLFNL1,SCMH1,FOXO6	0.01831523264387221	0.01584062638801138
chr1	39955112	42164745	MFSD2A,CAP1,PPT1,RLF,TMCO2,ZMPSTE24,COL9A2,SMAP2,ZFP69B,ZFP69,EXO5,ZNF684,RIMS3,NFYC,KCNQ4,CITED4,CTPS1,SLFNL1,SCMH1,FOXO6,EDN2,HIVEP3,ENSG00000284895,GUCA2B,GUCA2A	0.010309984743458317	0.01124528396040545
chr1	40258041	42657190	ZMPSTE24,COL9A2,SMAP2,ZFP69B,ZFP69,EXO5,ZNF684,RIMS3,NFYC,KCNQ4,CITED4,CTPS1,SLFNL1,SCMH1,FOXO6,EDN2,HIVEP3,ENSG00000284895,GUCA2B,GUCA2A,FOXJ3,RIMKLA,ZMYND12,PPCS,CCDC30	0.006608442050542752	0.009781308894334751
chr1	40508741	42779491	EXO5,ZNF684,RIMS3,NFYC,KCNQ4,CITED4,CTPS1,SLFNL1,SCMH1,FOXO6,EDN2,HIVEP3,ENSG00000284895,GUCA2B,GUCA2A,FOXJ3,RIMKLA,ZMYND12,PPCS,CCDC30,PPIH,YBX1,CLDN19,P3H1,C1orf50	0.005285734898856553	0.01059195171471236
chr1	40861054	42852477	CITED4,CTPS1,SLFNL1,SCMH1,FOXO6,EDN2,HIVEP3,ENSG00000284895,GUCA2B,GUCA2A,FOXJ3,RIMKLA,ZMYND12,PPCS,CCDC30,PPIH,YBX1,CLDN19,P3H1,C1orf50,ENSG00000283580,TMEM269,SVBP,ERMAP,ZNF691	-0.00248562808996971	0.010284056044531044
chr1	41478775	43285617	EDN2,HIVEP3,ENSG00000284895,GUCA2B,GUCA2A,FOXJ3,RIMKLA,ZMYND12,PPCS,CCDC30,PPIH,YBX1,CLDN19,P3H1,C1orf50,ENSG00000283580,TMEM269,SVBP,ERMAP,ZNF691,SLC2A1,EBNA1BP2,CFAP57,TMEM125,C1orf210	-0.010055716031149561	0.0053788778976568774
chr1	42176539	43389808	FOXJ3,RIMKLA,ZMYND12,PPCS,CCDC30,PPIH,YBX1,CLDN19,P3H1,C1orf50,ENSG00000283580,TMEM269,SVBP,ERMAP,ZNF691,SLC2A1,EBNA1BP2,CFAP57,TMEM125,C1orf210,TIE1,MPL,CDC20,ELOVL1,MED8	-0.005856093144040667	0.006029671972350136
chr1	42658335	43931014	PPIH,YBX1,CLDN19,P3H1,C1orf50,ENSG00000283580,TMEM269,SVBP,ERMAP,ZNF691,SLC2A1,EBNA1BP2,CFAP57,TMEM125,C1orf210,TIE1,MPL,CDC20,ELOVL1,MED8,SZT2,HYI,PTPRF,ENSG00000284989,KDM4A	0.008161679662368892	0.010370490148161113
chr1	42767292	43978295	ENSG00000283580,TMEM269,SVBP,ERMAP,ZNF691,SLC2A1,EBNA1BP2,CFAP57,TMEM125,C1orf210,TIE1,MPL,CDC20,ELOVL1,MED8,SZT2,HYI,PTPRF,ENSG00000284989,KDM4A,ST3GAL3,ARTN,IPO13,DPH2,ATP6V0B	0.00945575381817594	0.01018211043421721
chr1	42925353	44141631	SLC2A1,EBNA1BP2,CFAP57,TMEM125,C1orf210,TIE1,MPL,CDC20,ELOVL1,MED8,SZT2,HYI,PTPRF,ENSG00000284989,KDM4A,ST3GAL3,ARTN,IPO13,DPH2,ATP6V0B,B4GALT2,CCDC24,SLC6A9,KLF17,KLF18	0.010632228650621498	0.012863686216486613
chr1	43300982	44725591	TIE1,MPL,CDC20,ELOVL1,MED8,SZT2,HYI,PTPRF,ENSG00000284989,KDM4A,ST3GAL3,ARTN,IPO13,DPH2,ATP6V0B,B4GALT2,CCDC24,SLC6A9,KLF17,KLF18,DMAP1,ERI3,RNF220,TMEM53,ARMH1	-0.0026111216881251425	0.005013645301739477
chr1	43389882	44807351	SZT2,HYI,PTPRF,ENSG00000284989,KDM4A,ST3GAL3,ARTN,IPO13,DPH2,ATP6V0B,B4GALT2,CCDC24,SLC6A9,KLF17,KLF18,DMAP1,ERI3,RNF220,TMEM53,ARMH1,KIF2C,RPS8,BEST4,PLK3,DYNLT4	-0.006776372729750194	0.006578882111326324
chr1	43705824	45015575	ST3GAL3,ARTN,IPO13,DPH2,ATP6V0B,B4GALT2,CCDC24,SLC6A9,KLF17,KLF18,DMAP1,ERI3,RNF220,TMEM53,ARMH1,KIF2C,RPS8,BEST4,PLK3,DYNLT4,BTBD19,PTCH2,EIF2B3,HECTD3,UROD	-0.003921381598643093	0.011042602978616131
chr1	43978943	45491155	B4GALT2,CCDC24,SLC6A9,KLF17,KLF18,DMAP1,ERI3,RNF220,TMEM53,ARMH1,KIF2C,RPS8,BEST4,PLK3,DYNLT4,BTBD19,PTCH2,EIF2B3,HECTD3,UROD,ZSWIM5,HPDL,MUTYH,ENSG00000288208,TOE1	-0.004149086040889322	0.005288665283268002
chr1	44213455	45570049	DMAP1,ERI3,RNF220,TMEM53,ARMH1,KIF2C,RPS8,BEST4,PLK3,DYNLT4,BTBD19,PTCH2,EIF2B3,HECTD3,UROD,ZSWIM5,HPDL,MUTYH,ENSG00000288208,TOE1,TESK2,CCDC163,MMACHC,PRDX1,AKR1A1	0.000168205133786843	0.009967094861972317
chr1	44739818	45750653	KIF2C,RPS8,BEST4,PLK3,DYNLT4,BTBD19,PTCH2,EIF2B3,HECTD3,UROD,ZSWIM5,HPDL,MUTYH,ENSG00000288208,TOE1,TESK2,CCDC163,MMACHC,PRDX1,AKR1A1,NASP,CCDC17,GPBP1L1,TMEM69,IPP	-0.005571521709038207	0.007415209786080053
chr1	44808523	46185962	BTBD19,PTCH2,EIF2B3,HECTD3,UROD,ZSWIM5,HPDL,MUTYH,ENSG00000288208,TOE1,TESK2,CCDC163,MMACHC,PRDX1,AKR1A1,NASP,CCDC17,GPBP1L1,TMEM69,IPP,MAST2,PIK3R3,P3R3URF-PIK3R3,TSPAN1,P3R3URF	-0.02266966438072557	0.004692055422122287
chr1	45016399	46316776	ZSWIM5,HPDL,MUTYH,ENSG00000288208,TOE1,TESK2,CCDC163,MMACHC,PRDX1,AKR1A1,NASP,CCDC17,GPBP1L1,TMEM69,IPP,MAST2,PIK3R3,P3R3URF-PIK3R3,TSPAN1,P3R3URF,POMGNT1,LURAP1,RAD54L,LRRC41,UQCRH	-0.011766506543251952	0.007445192013614624
chr1	45343883	46551647	TESK2,CCDC163,MMACHC,PRDX1,AKR1A1,NASP,CCDC17,GPBP1L1,TMEM69,IPP,MAST2,PIK3R3,P3R3URF-PIK3R3,TSPAN1,P3R3URF,POMGNT1,LURAP1,RAD54L,LRRC41,UQCRH,NSUN4,FAAH,DMBX1,TMEM275,KNCN	-0.000923123382653694	0.007651039890047354
chr1	45583846	46719146	NASP,CCDC17,GPBP1L1,TMEM69,IPP,MAST2,PIK3R3,P3R3URF-PIK3R3,TSPAN1,P3R3URF,POMGNT1,LURAP1,RAD54L,LRRC41,UQCRH,NSUN4,FAAH,DMBX1,TMEM275,KNCN,MKNK1,MOB3C,ATPAF1,TEX38,EFCAB14	0.0034636577147065034	0.003156595077232732
chr1	45786987	47149727	MAST2,PIK3R3,P3R3URF-PIK3R3,TSPAN1,P3R3URF,POMGNT1,LURAP1,RAD54L,LRRC41,UQCRH,NSUN4,FAAH,DMBX1,TMEM275,KNCN,MKNK1,MOB3C,ATPAF1,TEX38,EFCAB14,CYP4B1,CYP4A11,CYP4X1,CYP4Z1,CYP4A22	0.003582094209269787	0.005343593861624243
chr1	46188683	47418052	POMGNT1,LURAP1,RAD54L,LRRC41,UQCRH,NSUN4,FAAH,DMBX1,TMEM275,KNCN,MKNK1,MOB3C,ATPAF1,TEX38,EFCAB14,CYP4B1,CYP4A11,CYP4X1,CYP4Z1,CYP4A22,PDZK1IP1,TAL1,STIL,CMPK1,FOXE3	0.005119375290901248	0.005449506786507534
chr1	46340789	50023954	NSUN4,FAAH,DMBX1,TMEM275,KNCN,MKNK1,MOB3C,ATPAF1,TEX38,EFCAB14,CYP4B1,CYP4A11,CYP4X1,CYP4Z1,CYP4A22,PDZK1IP1,TAL1,STIL,CMPK1,FOXE3,FOXD2,TRABD2B,SLC5A9,SPATA6,AGBL4	0.003639453063651846	0.0032702685126169296
chr1	46557407	50974634	MKNK1,MOB3C,ATPAF1,TEX38,EFCAB14,CYP4B1,CYP4A11,CYP4X1,CYP4Z1,CYP4A22,PDZK1IP1,TAL1,STIL,CMPK1,FOXE3,FOXD2,TRABD2B,SLC5A9,SPATA6,AGBL4,BEND5,ELAVL4,DMRTA2,FAF1,CDKN2C	0.008040667500548947	0.00672805838300453
chr1	46757838	51798427	CYP4B1,CYP4A11,CYP4X1,CYP4Z1,CYP4A22,PDZK1IP1,TAL1,STIL,CMPK1,FOXE3,FOXD2,TRABD2B,SLC5A9,SPATA6,AGBL4,BEND5,ELAVL4,DMRTA2,FAF1,CDKN2C,C1orf185,RNF11,TTC39A,EPS15,OSBPL9	0.016748911113724806	0.011898045295282156
chr1	47183582	52055191	PDZK1IP1,TAL1,STIL,CMPK1,FOXE3,FOXD2,TRABD2B,SLC5A9,SPATA6,AGBL4,BEND5,ELAVL4,DMRTA2,FAF1,CDKN2C,C1orf185,RNF11,TTC39A,EPS15,OSBPL9,NRDC,RAB3B,TXNDC12,ENSG00000285839,KTI12	0.023637121733717074	0.010458899799941562
chr1	47438044	52420836	FOXD2,TRABD2B,SLC5A9,SPATA6,AGBL4,BEND5,ELAVL4,DMRTA2,FAF1,CDKN2C,C1orf185,RNF11,TTC39A,EPS15,OSBPL9,NRDC,RAB3B,TXNDC12,ENSG00000285839,KTI12,BTF3L4,ZFYVE9,CC2D1B,ORC1,PRPF38A	0.018572133371517877	0.010962671011819887
chr1	48727519	52827336	BEND5,ELAVL4,DMRTA2,FAF1,CDKN2C,C1orf185,RNF11,TTC39A,EPS15,OSBPL9,NRDC,RAB3B,TXNDC12,ENSG00000285839,KTI12,BTF3L4,ZFYVE9,CC2D1B,ORC1,PRPF38A,TUT4,GPX7,SHISAL2A,COA7,ZYG11B	0.015174642652313539	0.008572933702330851
chr1	51102221	53142638	C1orf185,RNF11,TTC39A,EPS15,OSBPL9,NRDC,RAB3B,TXNDC12,ENSG00000285839,KTI12,BTF3L4,ZFYVE9,CC2D1B,ORC1,PRPF38A,TUT4,GPX7,SHISAL2A,COA7,ZYG11B,ZYG11A,ECHDC2,SCP2,PODN,SLC1A7	0.012612147021482835	0.007214025062789388
chr1	51789191	53467488	NRDC,RAB3B,TXNDC12,ENSG00000285839,KTI12,BTF3L4,ZFYVE9,CC2D1B,ORC1,PRPF38A,TUT4,GPX7,SHISAL2A,COA7,ZYG11B,ZYG11A,ECHDC2,SCP2,PODN,SLC1A7,CPT2,CZIB,MAGOH,LRP8,DMRTB1	0.014445018268793654	0.011680707842865458
chr1	52056199	53968168	BTF3L4,ZFYVE9,CC2D1B,ORC1,PRPF38A,TUT4,GPX7,SHISAL2A,COA7,ZYG11B,ZYG11A,ECHDC2,SCP2,PODN,SLC1A7,CPT2,CZIB,MAGOH,LRP8,DMRTB1,GLIS1,NDC1,YIPF1,DIO1,LRRC42	0.013413642730330707	0.013872378081257502
chr1	52408282	54200073	TUT4,GPX7,SHISAL2A,COA7,ZYG11B,ZYG11A,ECHDC2,SCP2,PODN,SLC1A7,CPT2,CZIB,MAGOH,LRP8,DMRTB1,GLIS1,NDC1,YIPF1,DIO1,LRRC42,LDLRAD1,TMEM59,TCEANC2,ENSG00000256407,CDCP2	0.01220760758551527	0.015609455925666314
chr1	52842511	54639192	ZYG11A,ECHDC2,SCP2,PODN,SLC1A7,CPT2,CZIB,MAGOH,LRP8,DMRTB1,GLIS1,NDC1,YIPF1,DIO1,LRRC42,LDLRAD1,TMEM59,TCEANC2,ENSG00000256407,CDCP2,CYB5RL,MRPL37,SSBP3,ACOT11,FAM151A	0.0038813442526836124	0.009424219007408082
chr1	53196792	54801323	CPT2,CZIB,MAGOH,LRP8,DMRTB1,GLIS1,NDC1,YIPF1,DIO1,LRRC42,LDLRAD1,TMEM59,TCEANC2,ENSG00000256407,CDCP2,CYB5RL,MRPL37,SSBP3,ACOT11,FAM151A,MROH7,MROH7-TTC4,TTC4,PARS2,TTC22	-0.0031721198997729434	0.005400346834747092
chr1	53506237	55064852	GLIS1,NDC1,YIPF1,DIO1,LRRC42,LDLRAD1,TMEM59,TCEANC2,ENSG00000256407,CDCP2,CYB5RL,MRPL37,SSBP3,ACOT11,FAM151A,MROH7,MROH7-TTC4,TTC4,PARS2,TTC22,LEXM,DHCR24,TMEM61,BSND,PCSK9	0.002842652597599043	0.012063115924444113
chr1	54007298	56819696	LDLRAD1,TMEM59,TCEANC2,ENSG00000256407,CDCP2,CYB5RL,MRPL37,SSBP3,ACOT11,FAM151A,MROH7,MROH7-TTC4,TTC4,PARS2,TTC22,LEXM,DHCR24,TMEM61,BSND,PCSK9,USP24,ENSG00000284686,PLPP3,PRKAA2,FYB2	0.0047999930825165784	0.008405505021065397
chr1	54169651	58577252	CYB5RL,MRPL37,SSBP3,ACOT11,FAM151A,MROH7,MROH7-TTC4,TTC4,PARS2,TTC22,LEXM,DHCR24,TMEM61,BSND,PCSK9,USP24,ENSG00000284686,PLPP3,PRKAA2,FYB2,C8A,C8B,DAB1,OMA1,TACSTD2	0.007667209324983691	0.010780465927193006
chr1	54641754	59926773	MROH7,MROH7-TTC4,TTC4,PARS2,TTC22,LEXM,DHCR24,TMEM61,BSND,PCSK9,USP24,ENSG00000284686,PLPP3,PRKAA2,FYB2,C8A,C8B,DAB1,OMA1,TACSTD2,MYSM1,JUN,FGGY,HOOK1,CYP2J2	0.008679162199236746	0.011629415859669631
chr1	54806063	62212328	LEXM,DHCR24,TMEM61,BSND,PCSK9,USP24,ENSG00000284686,PLPP3,PRKAA2,FYB2,C8A,C8B,DAB1,OMA1,TACSTD2,MYSM1,JUN,FGGY,HOOK1,CYP2J2,C1orf87,NFIA,TM2D1,PATJ,L1TD1	-0.007762079551110251	0.014311691923102837
chr1	55066359	62865516	USP24,ENSG00000284686,PLPP3,PRKAA2,FYB2,C8A,C8B,DAB1,OMA1,TACSTD2,MYSM1,JUN,FGGY,HOOK1,CYP2J2,C1orf87,NFIA,TM2D1,PATJ,L1TD1,KANK4,USP1,DOCK7,ANGPTL3,ATG4C	-0.024610013395920557	0.008038163911088107
chr1	56854768	63660245	C8A,C8B,DAB1,OMA1,TACSTD2,MYSM1,JUN,FGGY,HOOK1,CYP2J2,C1orf87,NFIA,TM2D1,PATJ,L1TD1,KANK4,USP1,DOCK7,ANGPTL3,ATG4C,FOXD3,ALG6,ITGB3BP,EFCAB7,PGM1	-0.024103086772324537	0.0036683110332372624
chr1	58643440	65067754	MYSM1,JUN,FGGY,HOOK1,CYP2J2,C1orf87,NFIA,TM2D1,PATJ,L1TD1,KANK4,USP1,DOCK7,ANGPTL3,ATG4C,FOXD3,ALG6,ITGB3BP,EFCAB7,PGM1,ROR1,UBE2U,CACHD1,RAVER2,JAK1	0.0007449164359835373	0.012217458205692542
chr1	59987269	66374579	C1orf87,NFIA,TM2D1,PATJ,L1TD1,KANK4,USP1,DOCK7,ANGPTL3,ATG4C,FOXD3,ALG6,ITGB3BP,EFCAB7,PGM1,ROR1,UBE2U,CACHD1,RAVER2,JAK1,AK4,DNAJC6,LEPROT,LEPR,PDE4B	0.014895062749084814	0.013288329119042925
chr1	62236165	66988619	KANK4,USP1,DOCK7,ANGPTL3,ATG4C,FOXD3,ALG6,ITGB3BP,EFCAB7,PGM1,ROR1,UBE2U,CACHD1,RAVER2,JAK1,AK4,DNAJC6,LEPROT,LEPR,PDE4B,SGIP1,DYNLT5,INSL5,DNAI4,MIER1	0.019823607010709395	0.013388955166795412
chr1	63322567	67430415	FOXD3,ALG6,ITGB3BP,EFCAB7,PGM1,ROR1,UBE2U,CACHD1,RAVER2,JAK1,AK4,DNAJC6,LEPROT,LEPR,PDE4B,SGIP1,DYNLT5,INSL5,DNAI4,MIER1,SLC35D1,C1orf141,IL23R,IL12RB2,SERBP1	0.022901005326419466	0.016351424396325073
chr1	63774017	68449954	ROR1,UBE2U,CACHD1,RAVER2,JAK1,AK4,DNAJC6,LEPROT,LEPR,PDE4B,SGIP1,DYNLT5,INSL5,DNAI4,MIER1,SLC35D1,C1orf141,IL23R,IL12RB2,SERBP1,GADD45A,GNG12,DIRAS3,WLS,RPE65	0.017281339370723167	0.012822451842224022
chr1	65147549	70354734	AK4,DNAJC6,LEPROT,LEPR,PDE4B,SGIP1,DYNLT5,INSL5,DNAI4,MIER1,SLC35D1,C1orf141,IL23R,IL12RB2,SERBP1,GADD45A,GNG12,DIRAS3,WLS,RPE65,DEPDC1,LRRC7,LRRC40,SRSF11,ANKRD13C	0.01381172460673971	0.009550540552418928
chr1	66533267	74198187	SGIP1,DYNLT5,INSL5,DNAI4,MIER1,SLC35D1,C1orf141,IL23R,IL12RB2,SERBP1,GADD45A,GNG12,DIRAS3,WLS,RPE65,DEPDC1,LRRC7,LRRC40,SRSF11,ANKRD13C,CTH,PTGER3,ZRANB2,NEGR1,LRRIQ3	0.014248618700697937	0.007525999563645668
chr1	66999350	74673792	SLC35D1,C1orf141,IL23R,IL12RB2,SERBP1,GADD45A,GNG12,DIRAS3,WLS,RPE65,DEPDC1,LRRC7,LRRC40,SRSF11,ANKRD13C,CTH,PTGER3,ZRANB2,NEGR1,LRRIQ3,FPGT-TNNI3K,FPGT,TNNI3K,LRRC53,ERICH3	0.014896592527440475	0.008431960362145063
chr1	67685201	75787575	GADD45A,GNG12,DIRAS3,WLS,RPE65,DEPDC1,LRRC7,LRRC40,SRSF11,ANKRD13C,CTH,PTGER3,ZRANB2,NEGR1,LRRIQ3,FPGT-TNNI3K,FPGT,TNNI3K,LRRC53,ERICH3,CRYZ,TYW3,LHX8,SLC44A5,ACADM	0.019933016800486786	0.013247332070938504
chr1	68474152	77067546	DEPDC1,LRRC7,LRRC40,SRSF11,ANKRD13C,CTH,PTGER3,ZRANB2,NEGR1,LRRIQ3,FPGT-TNNI3K,FPGT,TNNI3K,LRRC53,ERICH3,CRYZ,TYW3,LHX8,SLC44A5,ACADM,RABGGTB,MSH4,ASB17,ST6GALNAC3,ST6GALNAC5	0.013050394990999227	0.008690865695997101
chr1	70411218	77879540	CTH,PTGER3,ZRANB2,NEGR1,LRRIQ3,FPGT-TNNI3K,FPGT,TNNI3K,LRRC53,ERICH3,CRYZ,TYW3,LHX8,SLC44A5,ACADM,RABGGTB,MSH4,ASB17,ST6GALNAC3,ST6GALNAC5,PIGK,AK5,ZZZ3,USP33,MIGA1	0.011933259321831459	0.009401330957514711
chr1	74198235	78540701	FPGT-TNNI3K,FPGT,TNNI3K,LRRC53,ERICH3,CRYZ,TYW3,LHX8,SLC44A5,ACADM,RABGGTB,MSH4,ASB17,ST6GALNAC3,ST6GALNAC5,PIGK,AK5,ZZZ3,USP33,MIGA1,NEXN,FUBP1,DNAJB4,GIPC2,PTGFR	0.012400829708991824	0.011864266665537375
chr1	74705482	83999150	CRYZ,TYW3,LHX8,SLC44A5,ACADM,RABGGTB,MSH4,ASB17,ST6GALNAC3,ST6GALNAC5,PIGK,AK5,ZZZ3,USP33,MIGA1,NEXN,FUBP1,DNAJB4,GIPC2,PTGFR,IFI44L,IFI44,ADGRL4,ADGRL2,TTLL7	0.020908425269447733	0.016143662629039886
chr1	75786197	84506581	RABGGTB,MSH4,ASB17,ST6GALNAC3,ST6GALNAC5,PIGK,AK5,ZZZ3,USP33,MIGA1,NEXN,FUBP1,DNAJB4,GIPC2,PTGFR,IFI44L,IFI44,ADGRL4,ADGRL2,TTLL7,PRKACB,SAMD13,DNASE2B,RPF1,GNG5	0.026571552175540563	0.013594091415032993
chr1	77088989	84997113	PIGK,AK5,ZZZ3,USP33,MIGA1,NEXN,FUBP1,DNAJB4,GIPC2,PTGFR,IFI44L,IFI44,ADGRL4,ADGRL2,TTLL7,PRKACB,SAMD13,DNASE2B,RPF1,GNG5,SPATA1,CTBS,SSX2IP,LPAR3,MCOLN2	0.028789111328238127	0.014516381927503687
chr1	77888513	85276632	NEXN,FUBP1,DNAJB4,GIPC2,PTGFR,IFI44L,IFI44,ADGRL4,ADGRL2,TTLL7,PRKACB,SAMD13,DNASE2B,RPF1,GNG5,SPATA1,CTBS,SSX2IP,LPAR3,MCOLN2,DNAI3,MCOLN3,SYDE2,C1orf52,BCL10	0.02241302844105339	0.014940908947258313
chr1	78619902	86396342	IFI44L,IFI44,ADGRL4,ADGRL2,TTLL7,PRKACB,SAMD13,DNASE2B,RPF1,GNG5,SPATA1,CTBS,SSX2IP,LPAR3,MCOLN2,DNAI3,MCOLN3,SYDE2,C1orf52,BCL10,DDAH1,CCN1,ZNHIT6,COL24A1,ODF2L	0.012200730936581125	0.01098456596289377
chr1	84078062	86914424	PRKACB,SAMD13,DNASE2B,RPF1,GNG5,SPATA1,CTBS,SSX2IP,LPAR3,MCOLN2,DNAI3,MCOLN3,SYDE2,C1orf52,BCL10,DDAH1,CCN1,ZNHIT6,COL24A1,ODF2L,CLCA2,CLCA1,CLCA4,SH3GLB1,SELENOF	0.014575387887679599	0.013231069533546554
chr1	84506300	88891944	SPATA1,CTBS,SSX2IP,LPAR3,MCOLN2,DNAI3,MCOLN3,SYDE2,C1orf52,BCL10,DDAH1,CCN1,ZNHIT6,COL24A1,ODF2L,CLCA2,CLCA1,CLCA4,SH3GLB1,SELENOF,HS2ST1,ENSG00000267561,LMO4,PKN2,GTF2B	0.024235658765408973	0.014909116580045368
chr1	84999147	89150456	DNAI3,MCOLN3,SYDE2,C1orf52,BCL10,DDAH1,CCN1,ZNHIT6,COL24A1,ODF2L,CLCA2,CLCA1,CLCA4,SH3GLB1,SELENOF,HS2ST1,ENSG00000267561,LMO4,PKN2,GTF2B,KYAT3,RBMXL1,GBP3,GBP1,GBP2	0.03370216447540517	0.014141620261631467
chr1	85318481	89597861	DDAH1,CCN1,ZNHIT6,COL24A1,ODF2L,CLCA2,CLCA1,CLCA4,SH3GLB1,SELENOF,HS2ST1,ENSG00000267561,LMO4,PKN2,GTF2B,KYAT3,RBMXL1,GBP3,GBP1,GBP2,GBP7,GBP4,GBP5,GBP6,LRRC8B	0.04339428174727947	0.016878675109486933
chr1	86424171	90035533	CLCA2,CLCA1,CLCA4,SH3GLB1,SELENOF,HS2ST1,ENSG00000267561,LMO4,PKN2,GTF2B,KYAT3,RBMXL1,GBP3,GBP1,GBP2,GBP7,GBP4,GBP5,GBP6,LRRC8B,ENSG00000288629,LRRC8C,ENSG00000271949,LRRC8D,ZNF326	0.020392543712910584	0.012490548268762513
chr1	86914635	91906335	HS2ST1,ENSG00000267561,LMO4,PKN2,GTF2B,KYAT3,RBMXL1,GBP3,GBP1,GBP2,GBP7,GBP4,GBP5,GBP6,LRRC8B,ENSG00000288629,LRRC8C,ENSG00000271949,LRRC8D,ZNF326,BARHL2,ZNF644,HFM1,CDC7,TGFBR3	0.005384652847792336	0.003860551529724939
chr1	88935773	92245813	KYAT3,RBMXL1,GBP3,GBP1,GBP2,GBP7,GBP4,GBP5,GBP6,LRRC8B,ENSG00000288629,LRRC8C,ENSG00000271949,LRRC8D,ZNF326,BARHL2,ZNF644,HFM1,CDC7,TGFBR3,BRDT,EPHX4,SETSIP,BTBD8,C1orf146	0.01072952299566572	0.01043319498880214
chr1	89131742	92841924	GBP7,GBP4,GBP5,GBP6,LRRC8B,ENSG00000288629,LRRC8C,ENSG00000271949,LRRC8D,ZNF326,BARHL2,ZNF644,HFM1,CDC7,TGFBR3,BRDT,EPHX4,SETSIP,BTBD8,C1orf146,GLMN,RPAP2,GFI1,EVI5,RPL5	0.01436199823501173	0.014133823415201719
chr1	89579592	93369493	ENSG00000288629,LRRC8C,ENSG00000271949,LRRC8D,ZNF326,BARHL2,ZNF644,HFM1,CDC7,TGFBR3,BRDT,EPHX4,SETSIP,BTBD8,C1orf146,GLMN,RPAP2,GFI1,EVI5,RPL5,DIPK1A,MTF2,TMED5,CCDC18,DR1	0.008994791633906317	0.009848041407972729
chr1	90711539	94121148	BARHL2,ZNF644,HFM1,CDC7,TGFBR3,BRDT,EPHX4,SETSIP,BTBD8,C1orf146,GLMN,RPAP2,GFI1,EVI5,RPL5,DIPK1A,MTF2,TMED5,CCDC18,DR1,FNBP1L,BCAR3,DNTTIP2,GCLM,ABCA4	0.0063262051510453105	0.00837922039436516
chr1	91949343	94927223	BRDT,EPHX4,SETSIP,BTBD8,C1orf146,GLMN,RPAP2,GFI1,EVI5,RPL5,DIPK1A,MTF2,TMED5,CCDC18,DR1,FNBP1L,BCAR3,DNTTIP2,GCLM,ABCA4,ARHGAP29,ABCD3,F3,SLC44A3,CNN3	0.005599084199542543	0.0058551755701795796
chr1	92246402	96823738	GLMN,RPAP2,GFI1,EVI5,RPL5,DIPK1A,MTF2,TMED5,CCDC18,DR1,FNBP1L,BCAR3,DNTTIP2,GCLM,ABCA4,ARHGAP29,ABCD3,F3,SLC44A3,CNN3,ALG14,TLCD4,TLCD4-RWDD3,RWDD3,PTBP2	0.0051565649650296835	0.006044331334409028
chr1	92832737	99694541	DIPK1A,MTF2,TMED5,CCDC18,DR1,FNBP1L,BCAR3,DNTTIP2,GCLM,ABCA4,ARHGAP29,ABCD3,F3,SLC44A3,CNN3,ALG14,TLCD4,TLCD4-RWDD3,RWDD3,PTBP2,DPYD,SNX7,PLPPR5,PLPPR4,PALMD	0.008392479152703651	0.007164594266137352
chr1	93448118	100083377	FNBP1L,BCAR3,DNTTIP2,GCLM,ABCA4,ARHGAP29,ABCD3,F3,SLC44A3,CNN3,ALG14,TLCD4,TLCD4-RWDD3,RWDD3,PTBP2,DPYD,SNX7,PLPPR5,PLPPR4,PALMD,FRRS1,AGL,SLC35A3,ENSG00000283761,MFSD14A	0.00980724256160777	0.010102869620920094
chr1	94148988	100292769	ARHGAP29,ABCD3,F3,SLC44A3,CNN3,ALG14,TLCD4,TLCD4-RWDD3,RWDD3,PTBP2,DPYD,SNX7,PLPPR5,PLPPR4,PALMD,FRRS1,AGL,SLC35A3,ENSG00000283761,MFSD14A,SASS6,TRMT13,LRRC39,DBT,RTCA	0.012682489032498108	0.015358006524954488
chr1	94974405	100981757	ALG14,TLCD4,TLCD4-RWDD3,RWDD3,PTBP2,DPYD,SNX7,PLPPR5,PLPPR4,PALMD,FRRS1,AGL,SLC35A3,ENSG00000283761,MFSD14A,SASS6,TRMT13,LRRC39,DBT,RTCA,CDC14A,GPR88,VCAM1,EXTL2,SLC30A7	0.012219285908102883	0.01438331287007163
chr1	97077743	103555239	DPYD,SNX7,PLPPR5,PLPPR4,PALMD,FRRS1,AGL,SLC35A3,ENSG00000283761,MFSD14A,SASS6,TRMT13,LRRC39,DBT,RTCA,CDC14A,GPR88,VCAM1,EXTL2,SLC30A7,DPH5,S1PR1,OLFM3,COL11A1,RNPC3	0.015692697615462617	0.011043215019283657
chr1	99703970	103758726	FRRS1,AGL,SLC35A3,ENSG00000283761,MFSD14A,SASS6,TRMT13,LRRC39,DBT,RTCA,CDC14A,GPR88,VCAM1,EXTL2,SLC30A7,DPH5,S1PR1,OLFM3,COL11A1,RNPC3,AMY2B,AMY2A,AMY1A,AMY1B,AMY1C	0.030425323358350576	0.01255606699842127
chr1	100083563	108244081	SASS6,TRMT13,LRRC39,DBT,RTCA,CDC14A,GPR88,VCAM1,EXTL2,SLC30A7,DPH5,S1PR1,OLFM3,COL11A1,RNPC3,AMY2B,AMY2A,AMY1A,AMY1B,AMY1C,PRMT6,NTNG1,VAV3,SLC25A24,NBPF4	0.0390660256640311	0.013309982421250633
chr1	100345001	108809523	CDC14A,GPR88,VCAM1,EXTL2,SLC30A7,DPH5,S1PR1,OLFM3,COL11A1,RNPC3,AMY2B,AMY2A,AMY1A,AMY1B,AMY1C,PRMT6,NTNG1,VAV3,SLC25A24,NBPF4,NBPF6,HENMT1,PRPF38B,FNDC7,STXBP3	0.021194751644028252	0.007685313398012272
chr1	100989623	109076012	DPH5,S1PR1,OLFM3,COL11A1,RNPC3,AMY2B,AMY2A,AMY1A,AMY1B,AMY1C,PRMT6,NTNG1,VAV3,SLC25A24,NBPF4,NBPF6,HENMT1,PRPF38B,FNDC7,STXBP3,AKNAD1,GPSM2,CLCC1,WDR47,TAF13	0.009715245831517458	0.007203948939929053
chr1	103553815	109283186	AMY2B,AMY2A,AMY1A,AMY1B,AMY1C,PRMT6,NTNG1,VAV3,SLC25A24,NBPF4,NBPF6,HENMT1,PRPF38B,FNDC7,STXBP3,AKNAD1,GPSM2,CLCC1,WDR47,TAF13,TMEM167B,ELAPOR1,SARS1,CELSR2,PSRC1	0.014421926816213576	0.013458320535938609
chr1	107056674	109492804	PRMT6,NTNG1,VAV3,SLC25A24,NBPF4,NBPF6,HENMT1,PRPF38B,FNDC7,STXBP3,AKNAD1,GPSM2,CLCC1,WDR47,TAF13,TMEM167B,ELAPOR1,SARS1,CELSR2,PSRC1,MYBPHL,SORT1,PSMA5,SYPL2,ATXN7L2	0.014973432942349972	0.013960764462979697
chr1	108450282	109619929	NBPF6,HENMT1,PRPF38B,FNDC7,STXBP3,AKNAD1,GPSM2,CLCC1,WDR47,TAF13,TMEM167B,ELAPOR1,SARS1,CELSR2,PSRC1,MYBPHL,SORT1,PSMA5,SYPL2,ATXN7L2,CYB561D1,AMIGO1,GPR61,GNAI3,GNAT2	0.009861689640719744	0.010551899606394393
chr1	108815898	109775428	AKNAD1,GPSM2,CLCC1,WDR47,TAF13,TMEM167B,ELAPOR1,SARS1,CELSR2,PSRC1,MYBPHL,SORT1,PSMA5,SYPL2,ATXN7L2,CYB561D1,AMIGO1,GPR61,GNAI3,GNAT2,AMPD2,GSTM4,GSTM2,GSTM1,GSTM5	0.009166132712589417	0.011109596343307146
chr1	109090764	110074641	TMEM167B,ELAPOR1,SARS1,CELSR2,PSRC1,MYBPHL,SORT1,PSMA5,SYPL2,ATXN7L2,CYB561D1,AMIGO1,GPR61,GNAI3,GNAT2,AMPD2,GSTM4,GSTM2,GSTM1,GSTM5,GSTM3,EPS8L3,CSF1,AHCYL1,STRIP1	0.009744732537916419	0.01205485535509329
chr1	109292365	110346681	MYBPHL,SORT1,PSMA5,SYPL2,ATXN7L2,CYB561D1,AMIGO1,GPR61,GNAI3,GNAT2,AMPD2,GSTM4,GSTM2,GSTM1,GSTM5,GSTM3,EPS8L3,CSF1,AHCYL1,STRIP1,ALX3,UBL4B,SLC6A17,KCNC4,RBM15	0.008325280458398225	0.010962747828896469
chr1	109494052	110631474	CYB561D1,AMIGO1,GPR61,GNAI3,GNAT2,AMPD2,GSTM4,GSTM2,GSTM1,GSTM5,GSTM3,EPS8L3,CSF1,AHCYL1,STRIP1,ALX3,UBL4B,SLC6A17,KCNC4,RBM15,SLC16A4,LAMTOR5,PROK1,KCNA10,KCNA2	0.010732791507298462	0.012773715221897994
chr1	109616104	111185104	AMPD2,GSTM4,GSTM2,GSTM1,GSTM5,GSTM3,EPS8L3,CSF1,AHCYL1,STRIP1,ALX3,UBL4B,SLC6A17,KCNC4,RBM15,SLC16A4,LAMTOR5,PROK1,KCNA10,KCNA2,KCNA3,CD53,LRIF1,DRAM2,CEPT1	0.0077337007414098	0.009584998053837727
chr1	109733932	111427735	GSTM3,EPS8L3,CSF1,AHCYL1,STRIP1,ALX3,UBL4B,SLC6A17,KCNC4,RBM15,SLC16A4,LAMTOR5,PROK1,KCNA10,KCNA2,KCNA3,CD53,LRIF1,DRAM2,CEPT1,DENND2D,CHI3L2,CHIA,PIFO,OVGP1	0.009071620659654951	0.010271203281463887
chr1	110059870	111563962	ALX3,UBL4B,SLC6A17,KCNC4,RBM15,SLC16A4,LAMTOR5,PROK1,KCNA10,KCNA2,KCNA3,CD53,LRIF1,DRAM2,CEPT1,DENND2D,CHI3L2,CHIA,PIFO,OVGP1,WDR77,ATP5PB,C1orf162,TMIGD3,ADORA3	0.010458519160447656	0.011646815212611192
chr1	110362851	112463456	SLC16A4,LAMTOR5,PROK1,KCNA10,KCNA2,KCNA3,CD53,LRIF1,DRAM2,CEPT1,DENND2D,CHI3L2,CHIA,PIFO,OVGP1,WDR77,ATP5PB,C1orf162,TMIGD3,ADORA3,RAP1A,INKA2,DDX20,KCND3,CTTNBP2NL	0.006786557537502315	0.0065582695423742786
chr1	110653560	112707434	KCNA3,CD53,LRIF1,DRAM2,CEPT1,DENND2D,CHI3L2,CHIA,PIFO,OVGP1,WDR77,ATP5PB,C1orf162,TMIGD3,ADORA3,RAP1A,INKA2,DDX20,KCND3,CTTNBP2NL,WNT2B,ST7L,CAPZA1,MOV10,RHOC	0.009718861642158162	0.009078031466576654
chr1	111185969	113132260	DENND2D,CHI3L2,CHIA,PIFO,OVGP1,WDR77,ATP5PB,C1orf162,TMIGD3,ADORA3,RAP1A,INKA2,DDX20,KCND3,CTTNBP2NL,WNT2B,ST7L,CAPZA1,MOV10,RHOC,ENSG00000271810,PPM1J,TAFA3,SLC16A1,LRIG2	0.013306805005833679	0.014062111427260427
chr1	111439890	113887581	WDR77,ATP5PB,C1orf162,TMIGD3,ADORA3,RAP1A,INKA2,DDX20,KCND3,CTTNBP2NL,WNT2B,ST7L,CAPZA1,MOV10,RHOC,ENSG00000271810,PPM1J,TAFA3,SLC16A1,LRIG2,MAGI3,PHTF1,RSBN1,PTPN22,BCL2L15	0.015617053212900727	0.015771810206038336
chr1	111542218	114153880	RAP1A,INKA2,DDX20,KCND3,CTTNBP2NL,WNT2B,ST7L,CAPZA1,MOV10,RHOC,ENSG00000271810,PPM1J,TAFA3,SLC16A1,LRIG2,MAGI3,PHTF1,RSBN1,PTPN22,BCL2L15,AP4B1,DCLRE1B,HIPK1,OLFML3,SYT6	0.01721100385426018	0.013359238254976097
chr1	112466541	114716771	WNT2B,ST7L,CAPZA1,MOV10,RHOC,ENSG00000271810,PPM1J,TAFA3,SLC16A1,LRIG2,MAGI3,PHTF1,RSBN1,PTPN22,BCL2L15,AP4B1,DCLRE1B,HIPK1,OLFML3,SYT6,TRIM33,BCAS2,DENND2C,AMPD1,NRAS	0.022614036961250084	0.01576843348377677
chr1	112702614	115089503	ENSG00000271810,PPM1J,TAFA3,SLC16A1,LRIG2,MAGI3,PHTF1,RSBN1,PTPN22,BCL2L15,AP4B1,DCLRE1B,HIPK1,OLFML3,SYT6,TRIM33,BCAS2,DENND2C,AMPD1,NRAS,CSDE1,SIKE1,SYCP1,TSHB,TSPAN2	0.018785812026546504	0.013152824283390655
chr1	113390515	116070054	MAGI3,PHTF1,RSBN1,PTPN22,BCL2L15,AP4B1,DCLRE1B,HIPK1,OLFML3,SYT6,TRIM33,BCAS2,DENND2C,AMPD1,NRAS,CSDE1,SIKE1,SYCP1,TSHB,TSPAN2,NGF,VANGL1,CASQ2,NHLH2,SLC22A15	0.01308192955035384	0.009219264438482106
chr1	113894194	116769229	AP4B1,DCLRE1B,HIPK1,OLFML3,SYT6,TRIM33,BCAS2,DENND2C,AMPD1,NRAS,CSDE1,SIKE1,SYCP1,TSHB,TSPAN2,NGF,VANGL1,CASQ2,NHLH2,SLC22A15,MAB21L3,ATP1A1,CD58,IGSF3,CD2	0.00980863389595782	0.01027015688073182
chr1	114392790	117210960	TRIM33,BCAS2,DENND2C,AMPD1,NRAS,CSDE1,SIKE1,SYCP1,TSHB,TSPAN2,NGF,VANGL1,CASQ2,NHLH2,SLC22A15,MAB21L3,ATP1A1,CD58,IGSF3,CD2,PTGFRN,CD101,TTF2,TRIM45,VTCN1	0.0073279080965834515	0.008526115087727128
chr1	114716913	118185228	CSDE1,SIKE1,SYCP1,TSHB,TSPAN2,NGF,VANGL1,CASQ2,NHLH2,SLC22A15,MAB21L3,ATP1A1,CD58,IGSF3,CD2,PTGFRN,CD101,TTF2,TRIM45,VTCN1,MAN1A2,TENT5C,GDAP2,WDR3,SPAG17	0.008986805145459789	0.011780172628533233
chr1	115285904	119515054	NGF,VANGL1,CASQ2,NHLH2,SLC22A15,MAB21L3,ATP1A1,CD58,IGSF3,CD2,PTGFRN,CD101,TTF2,TRIM45,VTCN1,MAN1A2,TENT5C,GDAP2,WDR3,SPAG17,TBX15,WARS2,HAO2,HSD3B2,HSD3B1	0.009294344566690737	0.011930737161161664
chr1	116111399	119896515	MAB21L3,ATP1A1,CD58,IGSF3,CD2,PTGFRN,CD101,TTF2,TRIM45,VTCN1,MAN1A2,TENT5C,GDAP2,WDR3,SPAG17,TBX15,WARS2,HAO2,HSD3B2,HSD3B1,ZNF697,PHGDH,HMGCS2,REG4,ADAM30	0.010792841948341602	0.011143719749798489
chr1	116909916	120890530	PTGFRN,CD101,TTF2,TRIM45,VTCN1,MAN1A2,TENT5C,GDAP2,WDR3,SPAG17,TBX15,WARS2,HAO2,HSD3B2,HSD3B1,ZNF697,PHGDH,HMGCS2,REG4,ADAM30,NOTCH2,SEC22B,NOTCH2NLR,NBPF26,PPIAL4A	0.009429958772421686	0.006906670599659025
chr1	117367449	144461676	MAN1A2,TENT5C,GDAP2,WDR3,SPAG17,TBX15,WARS2,HAO2,HSD3B2,HSD3B1,ZNF697,PHGDH,HMGCS2,REG4,ADAM30,NOTCH2,SEC22B,NOTCH2NLR,NBPF26,PPIAL4A,FAM72B,SRGAP2C,FAM72C,PPIAL4E,NBPF15	0.015074402094222577	0.009216018156883422
chr1	118883046	145425603	TBX15,WARS2,HAO2,HSD3B2,HSD3B1,ZNF697,PHGDH,HMGCS2,REG4,ADAM30,NOTCH2,SEC22B,NOTCH2NLR,NBPF26,PPIAL4A,FAM72B,SRGAP2C,FAM72C,PPIAL4E,NBPF15,PPIAL4F,SRGAP2B,FAM72D,PPIAL4D,NBPF20	0.010949352894338234	0.008082899853673319
chr1	119619377	145844402	ZNF697,PHGDH,HMGCS2,REG4,ADAM30,NOTCH2,SEC22B,NOTCH2NLR,NBPF26,PPIAL4A,FAM72B,SRGAP2C,FAM72C,PPIAL4E,NBPF15,PPIAL4F,SRGAP2B,FAM72D,PPIAL4D,NBPF20,GPR89A,PDZK1,CD160,RNF115,POLR3C	0.007600218234314315	0.007362752627371392
chr1	119911553	145918717	NOTCH2,SEC22B,NOTCH2NLR,NBPF26,PPIAL4A,FAM72B,SRGAP2C,FAM72C,PPIAL4E,NBPF15,PPIAL4F,SRGAP2B,FAM72D,PPIAL4D,NBPF20,GPR89A,PDZK1,CD160,RNF115,POLR3C,NUDT17,PIAS3,ANKRD35,ITGA10,PEX11B	0.007139550201164371	0.0071793946010588906
chr1	121167646	145978848	FAM72B,SRGAP2C,FAM72C,PPIAL4E,NBPF15,PPIAL4F,SRGAP2B,FAM72D,PPIAL4D,NBPF20,GPR89A,PDZK1,CD160,RNF115,POLR3C,NUDT17,PIAS3,ANKRD35,ITGA10,PEX11B,RBM8A,ENSG00000280778,LIX1L,ANKRD34A,POLR3GL	0.007558549367663768	0.008132859305490446
chr1	144592893	146344765	PPIAL4F,SRGAP2B,FAM72D,PPIAL4D,NBPF20,GPR89A,PDZK1,CD160,RNF115,POLR3C,NUDT17,PIAS3,ANKRD35,ITGA10,PEX11B,RBM8A,ENSG00000280778,LIX1L,ANKRD34A,POLR3GL,TXNIP,HJV,NBPF10,NOTCH2NLA,PPIAL4H	0.010071090088188525	0.010269565216628607
chr1	145607988	147626216	GPR89A,PDZK1,CD160,RNF115,POLR3C,NUDT17,PIAS3,ANKRD35,ITGA10,PEX11B,RBM8A,ENSG00000280778,LIX1L,ANKRD34A,POLR3GL,TXNIP,HJV,NBPF10,NOTCH2NLA,PPIAL4H,NBPF12,PRKAB2,FMO5,CHD1L,BCL9	0.012123658506339683	0.010622817439530252
chr1	145845630	147993592	NUDT17,PIAS3,ANKRD35,ITGA10,PEX11B,RBM8A,ENSG00000280778,LIX1L,ANKRD34A,POLR3GL,TXNIP,HJV,NBPF10,NOTCH2NLA,PPIAL4H,NBPF12,PRKAB2,FMO5,CHD1L,BCL9,ENSG00000288626,ACP6,GJA5,GJA8,GPR89B	0.013504930915108397	0.013284958308382208
chr1	145921556	148752415	RBM8A,ENSG00000280778,LIX1L,ANKRD34A,POLR3GL,TXNIP,HJV,NBPF10,NOTCH2NLA,PPIAL4H,NBPF12,PRKAB2,FMO5,CHD1L,BCL9,ENSG00000288626,ACP6,GJA5,GJA8,GPR89B,NBPF11,PPIAL4G,NBPF14,NOTCH2NLB,NUDT4B	0.008535094405245063	0.00832948476941669
chr1	145992435	149556361	TXNIP,HJV,NBPF10,NOTCH2NLA,PPIAL4H,NBPF12,PRKAB2,FMO5,CHD1L,BCL9,ENSG00000288626,ACP6,GJA5,GJA8,GPR89B,NBPF11,PPIAL4G,NBPF14,NOTCH2NLB,NUDT4B,PDE4DIP,NBPF9,NOTCH2NLC,ENSG00000286185,NBPF19	0.005042604965436254	0.004897484388349039
chr1	146938324	149839767	NBPF12,PRKAB2,FMO5,CHD1L,BCL9,ENSG00000288626,ACP6,GJA5,GJA8,GPR89B,NBPF11,PPIAL4G,NBPF14,NOTCH2NLB,NUDT4B,PDE4DIP,NBPF9,NOTCH2NLC,ENSG00000286185,NBPF19,PPIAL4C,FCGR1A,H2BC18,H3C13,H4C14	0.005773070359301875	0.005429521533444298
chr1	147611590	149861159	ENSG00000288626,ACP6,GJA5,GJA8,GPR89B,NBPF11,PPIAL4G,NBPF14,NOTCH2NLB,NUDT4B,PDE4DIP,NBPF9,NOTCH2NLC,ENSG00000286185,NBPF19,PPIAL4C,FCGR1A,H2BC18,H3C13,H4C14,H3C14,H2AC18,H2AC19,H3C15,H4C15	0.005899863561715588	0.005257724894410521
chr1	148102047	149917844	NBPF11,PPIAL4G,NBPF14,NOTCH2NLB,NUDT4B,PDE4DIP,NBPF9,NOTCH2NLC,ENSG00000286185,NBPF19,PPIAL4C,FCGR1A,H2BC18,H3C13,H4C14,H3C14,H2AC18,H2AC19,H3C15,H4C15,H2BC21,H2AC20,H2AC21,BOLA1,SV2A	0.004417359046045466	0.003186540682692871
chr1	148808140	150164720	PDE4DIP,NBPF9,NOTCH2NLC,ENSG00000286185,NBPF19,PPIAL4C,FCGR1A,H2BC18,H3C13,H4C14,H3C14,H2AC18,H2AC19,H3C15,H4C15,H2BC21,H2AC20,H2AC21,BOLA1,SV2A,SF3B4,MTMR11,OTUD7B,VPS45,PLEKHO1	0.0063298860165806265	0.0054718534780180865
chr1	149583848	150287093	PPIAL4C,FCGR1A,H2BC18,H3C13,H4C14,H3C14,H2AC18,H2AC19,H3C15,H4C15,H2BC21,H2AC20,H2AC21,BOLA1,SV2A,SF3B4,MTMR11,OTUD7B,VPS45,PLEKHO1,ANP32E,CA14,APH1A,C1orf54,CIART	0.015118359237887447	0.015092538159875359
chr1	149840687	150513789	H3C14,H2AC18,H2AC19,H3C15,H4C15,H2BC21,H2AC20,H2AC21,BOLA1,SV2A,SF3B4,MTMR11,OTUD7B,VPS45,PLEKHO1,ANP32E,CA14,APH1A,C1orf54,CIART,MRPS21,PRPF3,RPRD2,TARS2,ECM1	0.013235151089171443	0.010173103353700938
chr1	149884459	150720895	H2BC21,H2AC20,H2AC21,BOLA1,SV2A,SF3B4,MTMR11,OTUD7B,VPS45,PLEKHO1,ANP32E,CA14,APH1A,C1orf54,CIART,MRPS21,PRPF3,RPRD2,TARS2,ECM1,ADAMTSL4,MCL1,ENSA,GOLPH3L,HORMAD1	0.013265647572169964	0.0070954634678801615
chr1	149923317	150964744	SF3B4,MTMR11,OTUD7B,VPS45,PLEKHO1,ANP32E,CA14,APH1A,C1orf54,CIART,MRPS21,PRPF3,RPRD2,TARS2,ECM1,ADAMTSL4,MCL1,ENSA,GOLPH3L,HORMAD1,CTSS,CTSK,ARNT,CTXND2,SETDB1	0.017072099922384662	0.008538870027419588
chr1	150218417	151047720	ANP32E,CA14,APH1A,C1orf54,CIART,MRPS21,PRPF3,RPRD2,TARS2,ECM1,ADAMTSL4,MCL1,ENSA,GOLPH3L,HORMAD1,CTSS,CTSK,ARNT,CTXND2,SETDB1,CERS2,ANXA9,MINDY1,PRUNE1,BNIPL	0.018500027233387867	0.014657430427818094
chr1	150293861	151146631	MRPS21,PRPF3,RPRD2,TARS2,ECM1,ADAMTSL4,MCL1,ENSA,GOLPH3L,HORMAD1,CTSS,CTSK,ARNT,CTXND2,SETDB1,CERS2,ANXA9,MINDY1,PRUNE1,BNIPL,C1orf56,CDC42SE1,MLLT11,GABPB2,SEMA6C	0.007614964398110012	0.010015776392472394
chr1	150549369	151195321	ADAMTSL4,MCL1,ENSA,GOLPH3L,HORMAD1,CTSS,CTSK,ARNT,CTXND2,SETDB1,CERS2,ANXA9,MINDY1,PRUNE1,BNIPL,C1orf56,CDC42SE1,MLLT11,GABPB2,SEMA6C,TNFAIP8L2,SCNM1,LYSMD1,TMOD4,VPS72	-0.005559975600207307	0.009790625615875142
chr1	150730079	151347326	CTSS,CTSK,ARNT,CTXND2,SETDB1,CERS2,ANXA9,MINDY1,PRUNE1,BNIPL,C1orf56,CDC42SE1,MLLT11,GABPB2,SEMA6C,TNFAIP8L2,SCNM1,LYSMD1,TMOD4,VPS72,PIP5K1A,PSMD4,ZNF687,PI4KB,RFX5	-0.035240671872814384	0.004717300457471844
chr1	150960583	151583583	CERS2,ANXA9,MINDY1,PRUNE1,BNIPL,C1orf56,CDC42SE1,MLLT11,GABPB2,SEMA6C,TNFAIP8L2,SCNM1,LYSMD1,TMOD4,VPS72,PIP5K1A,PSMD4,ZNF687,PI4KB,RFX5,SELENBP1,PSMB4,POGZ,CGN,TUFT1	-0.0191157489950039	0.007763161872590884
chr1	151047751	151771334	C1orf56,CDC42SE1,MLLT11,GABPB2,SEMA6C,TNFAIP8L2,SCNM1,LYSMD1,TMOD4,VPS72,PIP5K1A,PSMD4,ZNF687,PI4KB,RFX5,SELENBP1,PSMB4,POGZ,CGN,TUFT1,SNX27,CELF3,RIIAD1,MRPL9,OAZ3	-0.006713611769042524	0.00787604793464192
chr1	151156649	151853712	TNFAIP8L2,SCNM1,LYSMD1,TMOD4,VPS72,PIP5K1A,PSMD4,ZNF687,PI4KB,RFX5,SELENBP1,PSMB4,POGZ,CGN,TUFT1,SNX27,CELF3,RIIAD1,MRPL9,OAZ3,TDRKH,LINGO4,RORC,C2CD4D,THEM5	0.00532696660915584	0.010500145670469961
chr1	151197949	152115444	PIP5K1A,PSMD4,ZNF687,PI4KB,RFX5,SELENBP1,PSMB4,POGZ,CGN,TUFT1,SNX27,CELF3,RIIAD1,MRPL9,OAZ3,TDRKH,LINGO4,RORC,C2CD4D,THEM5,THEM4,S100A10,S100A11,TCHHL1,TCHH	0.00999844164043735	0.014095302952404968
chr1	151364304	152414263	SELENBP1,PSMB4,POGZ,CGN,TUFT1,SNX27,CELF3,RIIAD1,MRPL9,OAZ3,TDRKH,LINGO4,RORC,C2CD4D,THEM5,THEM4,S100A10,S100A11,TCHHL1,TCHH,RPTN,HRNR,FLG,FLG2,CRNN	0.0058629797139240466	0.006399669584152567
chr1	151612006	152601086	SNX27,CELF3,RIIAD1,MRPL9,OAZ3,TDRKH,LINGO4,RORC,C2CD4D,THEM5,THEM4,S100A10,S100A11,TCHHL1,TCHH,RPTN,HRNR,FLG,FLG2,CRNN,LCE5A,CRCT1,LCE3E,LCE3D,LCE3C	0.002203205570754542	0.0011253769837503134
chr1	151770107	152687397	TDRKH,LINGO4,RORC,C2CD4D,THEM5,THEM4,S100A10,S100A11,TCHHL1,TCHH,RPTN,HRNR,FLG,FLG2,CRNN,LCE5A,CRCT1,LCE3E,LCE3D,LCE3C,LCE3B,LCE3A,LCE2D,LCE2C,LCE2B	0.0009219030457843958	0.0003527110798903018
chr1	151870866	152777024	THEM4,S100A10,S100A11,TCHHL1,TCHH,RPTN,HRNR,FLG,FLG2,CRNN,LCE5A,CRCT1,LCE3E,LCE3D,LCE3C,LCE3B,LCE3A,LCE2D,LCE2C,LCE2B,LCE2A,LCE4A,C1orf68,KPRP,LCE1F	0.00016563847125890523	5.639518528872801e-05
chr1	152153595	152828097	RPTN,HRNR,FLG,FLG2,CRNN,LCE5A,CRCT1,LCE3E,LCE3D,LCE3C,LCE3B,LCE3A,LCE2D,LCE2C,LCE2B,LCE2A,LCE4A,C1orf68,KPRP,LCE1F,LCE1E,LCE1D,LCE1C,LCE1B,LCE1A	0.0	0.0
chr1	152510803	152972574	LCE5A,CRCT1,LCE3E,LCE3D,LCE3C,LCE3B,LCE3A,LCE2D,LCE2C,LCE2B,LCE2A,LCE4A,C1orf68,KPRP,LCE1F,LCE1E,LCE1D,LCE1C,LCE1B,LCE1A,LCE6A,SMCP,IVL,SPRR5,SPRR4	0.0	0.0
chr1	152613811	153057512	LCE3B,LCE3A,LCE2D,LCE2C,LCE2B,LCE2A,LCE4A,C1orf68,KPRP,LCE1F,LCE1E,LCE1D,LCE1C,LCE1B,LCE1A,LCE6A,SMCP,IVL,SPRR5,SPRR4,SPRR1A,SPRR3,SPRR1B,SPRR2D,SPRR2A	0.0	0.0
chr1	152698345	153205120	LCE2A,LCE4A,C1orf68,KPRP,LCE1F,LCE1E,LCE1D,LCE1C,LCE1B,LCE1A,LCE6A,SMCP,IVL,SPRR5,SPRR4,SPRR1A,SPRR3,SPRR1B,SPRR2D,SPRR2A,SPRR2B,SPRR2E,SPRR2F,SPRR2G,LELP1	0.0	0.0
chr1	152786214	153361023	LCE1E,LCE1D,LCE1C,LCE1B,LCE1A,LCE6A,SMCP,IVL,SPRR5,SPRR4,SPRR1A,SPRR3,SPRR1B,SPRR2D,SPRR2A,SPRR2B,SPRR2E,SPRR2F,SPRR2G,LELP1,PRR9,LORICRIN,PGLYRP3,PGLYRP4,S100A9	1.8554817991372204e-05	0.0
chr1	152842856	153536244	LCE6A,SMCP,IVL,SPRR5,SPRR4,SPRR1A,SPRR3,SPRR1B,SPRR2D,SPRR2A,SPRR2B,SPRR2E,SPRR2F,SPRR2G,LELP1,PRR9,LORICRIN,PGLYRP3,PGLYRP4,S100A9,S100A12,S100A8,S100A7A,S100A7,S100A6	3.352648930062458e-05	0.0
chr1	152984081	153613145	SPRR1A,SPRR3,SPRR1B,SPRR2D,SPRR2A,SPRR2B,SPRR2E,SPRR2F,SPRR2G,LELP1,PRR9,LORICRIN,PGLYRP3,PGLYRP4,S100A9,S100A12,S100A8,S100A7A,S100A7,S100A6,S100A5,S100A4,S100A3,S100A2,S100A16	0.00026829191837124367	6.741663807781539e-05
chr1	153070226	153661852	SPRR2B,SPRR2E,SPRR2F,SPRR2G,LELP1,PRR9,LORICRIN,PGLYRP3,PGLYRP4,S100A9,S100A12,S100A8,S100A7A,S100A7,S100A6,S100A5,S100A4,S100A3,S100A2,S100A16,S100A14,S100A13,S100A1,CHTOP,SNAPIN	0.0009163452239851139	0.00033976469905708375
chr1	153217584	153923360	PRR9,LORICRIN,PGLYRP3,PGLYRP4,S100A9,S100A12,S100A8,S100A7A,S100A7,S100A6,S100A5,S100A4,S100A3,S100A2,S100A16,S100A14,S100A13,S100A1,CHTOP,SNAPIN,ILF2,NPR1,INTS3,SLC27A3,GATAD2B	0.002866012750220113	0.002714280410556018
chr1	153373711	153975887	S100A12,S100A8,S100A7A,S100A7,S100A6,S100A5,S100A4,S100A3,S100A2,S100A16,S100A14,S100A13,S100A1,CHTOP,SNAPIN,ILF2,NPR1,INTS3,SLC27A3,GATAD2B,DENND4B,CRTC2,SLC39A1,ENSG00000285779,CREB3L4	0.012008787452582952	0.011345714860487337
chr1	153537147	154155116	S100A5,S100A4,S100A3,S100A2,S100A16,S100A14,S100A13,S100A1,CHTOP,SNAPIN,ILF2,NPR1,INTS3,SLC27A3,GATAD2B,DENND4B,CRTC2,SLC39A1,ENSG00000285779,CREB3L4,JTB,ENSG00000285641,RAB13,RPS27,NUP210L	0.011390358793067277	0.008979117374607545
chr1	153614255	154325325	S100A14,S100A13,S100A1,CHTOP,SNAPIN,ILF2,NPR1,INTS3,SLC27A3,GATAD2B,DENND4B,CRTC2,SLC39A1,ENSG00000285779,CREB3L4,JTB,ENSG00000285641,RAB13,RPS27,NUP210L,TPM3,C1orf43,UBAP2L,HAX1,AQP10	0.006721057081154117	0.006785552332709425
chr1	153661788	154559028	ILF2,NPR1,INTS3,SLC27A3,GATAD2B,DENND4B,CRTC2,SLC39A1,ENSG00000285779,CREB3L4,JTB,ENSG00000285641,RAB13,RPS27,NUP210L,TPM3,C1orf43,UBAP2L,HAX1,AQP10,ATP8B2,IL6R,SHE,TDRD10,UBE2Q1	0.0032135571523413536	0.0040459572949167405
chr1	153929501	154956123	DENND4B,CRTC2,SLC39A1,ENSG00000285779,CREB3L4,JTB,ENSG00000285641,RAB13,RPS27,NUP210L,TPM3,C1orf43,UBAP2L,HAX1,AQP10,ATP8B2,IL6R,SHE,TDRD10,UBE2Q1,CHRNB2,ADAR,KCNN3,PMVK,PBXIP1	0.0004422435377565543	0.005377579681117038
chr1	153974269	154994315	JTB,ENSG00000285641,RAB13,RPS27,NUP210L,TPM3,C1orf43,UBAP2L,HAX1,AQP10,ATP8B2,IL6R,SHE,TDRD10,UBE2Q1,CHRNB2,ADAR,KCNN3,PMVK,PBXIP1,PYGO2,SHC1,CKS1B,FLAD1,LENEP	0.0029968007722013857	0.00753173049980029
chr1	154155308	155069553	TPM3,C1orf43,UBAP2L,HAX1,AQP10,ATP8B2,IL6R,SHE,TDRD10,UBE2Q1,CHRNB2,ADAR,KCNN3,PMVK,PBXIP1,PYGO2,SHC1,CKS1B,FLAD1,LENEP,ZBTB7B,DCST2,DCST1,ADAM15,EFNA4	0.013480180065130888	0.01618348607255768
chr1	154325525	155173475	ATP8B2,IL6R,SHE,TDRD10,UBE2Q1,CHRNB2,ADAR,KCNN3,PMVK,PBXIP1,PYGO2,SHC1,CKS1B,FLAD1,LENEP,ZBTB7B,DCST2,DCST1,ADAM15,EFNA4,EFNA3,EFNA1,SLC50A1,DPM3,KRTCAP2	0.014345170151502985	0.01687416122307063
chr1	154567778	155213824	CHRNB2,ADAR,KCNN3,PMVK,PBXIP1,PYGO2,SHC1,CKS1B,FLAD1,LENEP,ZBTB7B,DCST2,DCST1,ADAM15,EFNA4,EFNA3,EFNA1,SLC50A1,DPM3,KRTCAP2,ENSG00000273088,TRIM46,MUC1,THBS3,MTX1	0.009839874673528209	0.011543741774097397
chr1	154957026	155320666	PYGO2,SHC1,CKS1B,FLAD1,LENEP,ZBTB7B,DCST2,DCST1,ADAM15,EFNA4,EFNA3,EFNA1,SLC50A1,DPM3,KRTCAP2,ENSG00000273088,TRIM46,MUC1,THBS3,MTX1,SCAMP3,CLK2,HCN3,PKLR,FDPS	0.013745541530690294	0.015518715159840464
chr1	155002630	155739010	ZBTB7B,DCST2,DCST1,ADAM15,EFNA4,EFNA3,EFNA1,SLC50A1,DPM3,KRTCAP2,ENSG00000273088,TRIM46,MUC1,THBS3,MTX1,SCAMP3,CLK2,HCN3,PKLR,FDPS,RUSC1,ASH1L,MSTO1,YY1AP1,DAP3	0.0063750199503371935	0.011482548958340687
chr1	155078837	155943087	EFNA3,EFNA1,SLC50A1,DPM3,KRTCAP2,ENSG00000273088,TRIM46,MUC1,THBS3,MTX1,SCAMP3,CLK2,HCN3,PKLR,FDPS,RUSC1,ASH1L,MSTO1,YY1AP1,DAP3,GON4L,SYT11,RIT1,KHDC4,RXFP4	-0.00752815910341356	0.006811600890735049
chr1	155169409	156070504	ENSG00000273088,TRIM46,MUC1,THBS3,MTX1,SCAMP3,CLK2,HCN3,PKLR,FDPS,RUSC1,ASH1L,MSTO1,YY1AP1,DAP3,GON4L,SYT11,RIT1,KHDC4,RXFP4,ARHGEF2,SSR2,UBQLN4,LAMTOR2,RAB25	-0.009765029104499234	0.007678099154627163
chr1	155255979	156243332	SCAMP3,CLK2,HCN3,PKLR,FDPS,RUSC1,ASH1L,MSTO1,YY1AP1,DAP3,GON4L,SYT11,RIT1,KHDC4,RXFP4,ARHGEF2,SSR2,UBQLN4,LAMTOR2,RAB25,MEX3A,LMNA,SEMA4A,SLC25A44,PMF1-BGLAP	-0.0041590270273267425	0.007555616966576511
chr1	155320894	156293185	RUSC1,ASH1L,MSTO1,YY1AP1,DAP3,GON4L,SYT11,RIT1,KHDC4,RXFP4,ARHGEF2,SSR2,UBQLN4,LAMTOR2,RAB25,MEX3A,LMNA,SEMA4A,SLC25A44,PMF1-BGLAP,PMF1,BGLAP,PAQR6,SMG5,TMEM79	0.004923384682648288	0.0068448503072680396
chr1	155749659	156385219	GON4L,SYT11,RIT1,KHDC4,RXFP4,ARHGEF2,SSR2,UBQLN4,LAMTOR2,RAB25,MEX3A,LMNA,SEMA4A,SLC25A44,PMF1-BGLAP,PMF1,BGLAP,PAQR6,SMG5,TMEM79,GLMP,VHLL,CCT3,TSACC,RHBG	0.012583712828048038	0.008033099285846704
chr1	155946851	156609507	ARHGEF2,SSR2,UBQLN4,LAMTOR2,RAB25,MEX3A,LMNA,SEMA4A,SLC25A44,PMF1-BGLAP,PMF1,BGLAP,PAQR6,SMG5,TMEM79,GLMP,VHLL,CCT3,TSACC,RHBG,MEF2D,IQGAP3,TTC24,NAXE,GPATCH4	0.009725741607321214	0.009028437557414679
chr1	156072013	156728766	MEX3A,LMNA,SEMA4A,SLC25A44,PMF1-BGLAP,PMF1,BGLAP,PAQR6,SMG5,TMEM79,GLMP,VHLL,CCT3,TSACC,RHBG,MEF2D,IQGAP3,TTC24,NAXE,GPATCH4,HAPLN2,BCAN,NES,CRABP2,ISG20L2	0.006983551946815903	0.007494850997407702
chr1	156212993	156881850	PMF1,BGLAP,PAQR6,SMG5,TMEM79,GLMP,VHLL,CCT3,TSACC,RHBG,MEF2D,IQGAP3,TTC24,NAXE,GPATCH4,HAPLN2,BCAN,NES,CRABP2,ISG20L2,MRPL24,HDGF,PRCC,SH2D2A,NTRK1	0.012072651256754182	0.010307278047053047
chr1	156290089	157112412	GLMP,VHLL,CCT3,TSACC,RHBG,MEF2D,IQGAP3,TTC24,NAXE,GPATCH4,HAPLN2,BCAN,NES,CRABP2,ISG20L2,MRPL24,HDGF,PRCC,SH2D2A,NTRK1,INSRR,PEAR1,LRRC71,ARHGEF11,ETV3L	0.01996413544801488	0.013502808079224509
chr1	156463727	157777132	MEF2D,IQGAP3,TTC24,NAXE,GPATCH4,HAPLN2,BCAN,NES,CRABP2,ISG20L2,MRPL24,HDGF,PRCC,SH2D2A,NTRK1,INSRR,PEAR1,LRRC71,ARHGEF11,ETV3L,ETV3,FCRL5,FCRL4,FCRL3,FCRL2	0.01698213944423284	0.01481989202309069
chr1	156619331	158186427	HAPLN2,BCAN,NES,CRABP2,ISG20L2,MRPL24,HDGF,PRCC,SH2D2A,NTRK1,INSRR,PEAR1,LRRC71,ARHGEF11,ETV3L,ETV3,FCRL5,FCRL4,FCRL3,FCRL2,FCRL1,CD5L,KIRREL1,SMIM42,CD1D	0.005869494649882901	0.006412879910447544
chr1	156737303	158399466	MRPL24,HDGF,PRCC,SH2D2A,NTRK1,INSRR,PEAR1,LRRC71,ARHGEF11,ETV3L,ETV3,FCRL5,FCRL4,FCRL3,FCRL2,FCRL1,CD5L,KIRREL1,SMIM42,CD1D,CD1A,CD1C,CD1B,CD1E,OR10T2	0.0027267740654690203	0.0028071930907796507
chr1	156840063	158570580	INSRR,PEAR1,LRRC71,ARHGEF11,ETV3L,ETV3,FCRL5,FCRL4,FCRL3,FCRL2,FCRL1,CD5L,KIRREL1,SMIM42,CD1D,CD1A,CD1C,CD1B,CD1E,OR10T2,OR10K2,OR10K1,OR10R2,OR6Y1,OR6P1	0.002315286636302684	0.0023141339375629855
chr1	157121191	158720720	ETV3,FCRL5,FCRL4,FCRL3,FCRL2,FCRL1,CD5L,KIRREL1,SMIM42,CD1D,CD1A,CD1C,CD1B,CD1E,OR10T2,OR10K2,OR10K1,OR10R2,OR6Y1,OR6P1,OR10X1,OR10Z1,SPTA1,OR6K2,OR6K3	0.000894591647563476	0.0005525769217798402
chr1	157794403	158977059	FCRL1,CD5L,KIRREL1,SMIM42,CD1D,CD1A,CD1C,CD1B,CD1E,OR10T2,OR10K2,OR10K1,OR10R2,OR6Y1,OR6P1,OR10X1,OR10Z1,SPTA1,OR6K2,OR6K3,OR6N1,OR6K6,OR6N2,MNDA,PYHIN1	0.00013405206022638295	3.5382996824334584e-05
chr1	158254424	159308224	CD1A,CD1C,CD1B,CD1E,OR10T2,OR10K2,OR10K1,OR10R2,OR6Y1,OR6P1,OR10X1,OR10Z1,SPTA1,OR6K2,OR6K3,OR6N1,OR6K6,OR6N2,MNDA,PYHIN1,IFI16,AIM2,CADM3,ACKR1,FCER1A	0.00022526569207470664	0.00019602431295947067
chr1	158418210	159782543	OR10K2,OR10K1,OR10R2,OR6Y1,OR6P1,OR10X1,OR10Z1,SPTA1,OR6K2,OR6K3,OR6N1,OR6K6,OR6N2,MNDA,PYHIN1,IFI16,AIM2,CADM3,ACKR1,FCER1A,OR10J1,OR10J5,APCS,CRP,DUSP23	0.0019245681673594483	0.0027971099555742307
chr1	158578919	159900165	OR10X1,OR10Z1,SPTA1,OR6K2,OR6K3,OR6N1,OR6K6,OR6N2,MNDA,PYHIN1,IFI16,AIM2,CADM3,ACKR1,FCER1A,OR10J1,OR10J5,APCS,CRP,DUSP23,FCRL6,SLAMF8,ENSG00000256029,VSIG8,CFAP45	0.004602586333270581	0.007905350730199079
chr1	158747814	160070160	OR6N1,OR6K6,OR6N2,MNDA,PYHIN1,IFI16,AIM2,CADM3,ACKR1,FCER1A,OR10J1,OR10J5,APCS,CRP,DUSP23,FCRL6,SLAMF8,ENSG00000256029,VSIG8,CFAP45,TAGLN2,IGSF9,SLAMF9,KCNJ10,PIGM	0.0019124592182593356	0.0034660570291108663
chr1	158999968	160201886	IFI16,AIM2,CADM3,ACKR1,FCER1A,OR10J1,OR10J5,APCS,CRP,DUSP23,FCRL6,SLAMF8,ENSG00000256029,VSIG8,CFAP45,TAGLN2,IGSF9,SLAMF9,KCNJ10,PIGM,KCNJ9,IGSF8,ATP1A2,ATP1A4,CASQ1	0.002093494416255903	0.0035126855126009033
chr1	159437845	160343566	OR10J1,OR10J5,APCS,CRP,DUSP23,FCRL6,SLAMF8,ENSG00000256029,VSIG8,CFAP45,TAGLN2,IGSF9,SLAMF9,KCNJ10,PIGM,KCNJ9,IGSF8,ATP1A2,ATP1A4,CASQ1,PEA15,DCAF8,ENSG00000258465,PEX19,COPA	0.008198552557730481	0.008006707747918998
chr1	159800511	160579516	FCRL6,SLAMF8,ENSG00000256029,VSIG8,CFAP45,TAGLN2,IGSF9,SLAMF9,KCNJ10,PIGM,KCNJ9,IGSF8,ATP1A2,ATP1A4,CASQ1,PEA15,DCAF8,ENSG00000258465,PEX19,COPA,NCSTN,NHLH1,VANGL2,SLAMF6,CD84	0.014472448756428533	0.013107029512650886
chr1	159918107	160862887	TAGLN2,IGSF9,SLAMF9,KCNJ10,PIGM,KCNJ9,IGSF8,ATP1A2,ATP1A4,CASQ1,PEA15,DCAF8,ENSG00000258465,PEX19,COPA,NCSTN,NHLH1,VANGL2,SLAMF6,CD84,SLAMF1,CD48,SLAMF7,LY9,CD244	0.016696987539370097	0.01717975290884141
chr1	160081538	161038977	KCNJ9,IGSF8,ATP1A2,ATP1A4,CASQ1,PEA15,DCAF8,ENSG00000258465,PEX19,COPA,NCSTN,NHLH1,VANGL2,SLAMF6,CD84,SLAMF1,CD48,SLAMF7,LY9,CD244,ITLN1,ITLN2,F11R,ENSG00000270149,TSTD1	0.017553547254823013	0.021752975187239162
chr1	160205380	161118055	PEA15,DCAF8,ENSG00000258465,PEX19,COPA,NCSTN,NHLH1,VANGL2,SLAMF6,CD84,SLAMF1,CD48,SLAMF7,LY9,CD244,ITLN1,ITLN2,F11R,ENSG00000270149,TSTD1,USF1,ARHGAP30,NECTIN4,KLHDC9,PFDN2	0.004671032354020078	0.006422041682938002
chr1	160343294	161178013	NCSTN,NHLH1,VANGL2,SLAMF6,CD84,SLAMF1,CD48,SLAMF7,LY9,CD244,ITLN1,ITLN2,F11R,ENSG00000270149,TSTD1,USF1,ARHGAP30,NECTIN4,KLHDC9,PFDN2,NIT1,DEDD,UFC1,USP21,PPOX	0.0023337397797137814	0.00347486483920712
chr1	160608106	161223631	SLAMF1,CD48,SLAMF7,LY9,CD244,ITLN1,ITLN2,F11R,ENSG00000270149,TSTD1,USF1,ARHGAP30,NECTIN4,KLHDC9,PFDN2,NIT1,DEDD,UFC1,USP21,PPOX,B4GALT3,ADAMTS4,NDUFS2,FCER1G,APOA2	0.0009699111860026462	0.005162959345907484
chr1	160876540	161363206	ITLN1,ITLN2,F11R,ENSG00000270149,TSTD1,USF1,ARHGAP30,NECTIN4,KLHDC9,PFDN2,NIT1,DEDD,UFC1,USP21,PPOX,B4GALT3,ADAMTS4,NDUFS2,FCER1G,APOA2,TOMM40L,NR1I3,PCP4L1,MPZ,SDHC	-0.0025845433805289203	0.006415748947942235
chr1	161039251	161631963	USF1,ARHGAP30,NECTIN4,KLHDC9,PFDN2,NIT1,DEDD,UFC1,USP21,PPOX,B4GALT3,ADAMTS4,NDUFS2,FCER1G,APOA2,TOMM40L,NR1I3,PCP4L1,MPZ,SDHC,CFAP126,FCGR2A,HSPA6,FCGR3A,FCGR3B	0.0014780370494770262	0.008212151580521878
chr1	161118086	161977574	NIT1,DEDD,UFC1,USP21,PPOX,B4GALT3,ADAMTS4,NDUFS2,FCER1G,APOA2,TOMM40L,NR1I3,PCP4L1,MPZ,SDHC,CFAP126,FCGR2A,HSPA6,FCGR3A,FCGR3B,FCGR2B,FCRLA,FCRLB,DUSP12,ATF6	0.005114389830570973	0.007190511451576715
chr1	161171310	162386812	B4GALT3,ADAMTS4,NDUFS2,FCER1G,APOA2,TOMM40L,NR1I3,PCP4L1,MPZ,SDHC,CFAP126,FCGR2A,HSPA6,FCGR3A,FCGR3B,FCGR2B,FCRLA,FCRLB,DUSP12,ATF6,OLFML2B,NOS1AP,ENSG00000254706,SPATA46,C1orf226	0.0032242292515647	0.00405349945197271
chr1	161225939	162812823	TOMM40L,NR1I3,PCP4L1,MPZ,SDHC,CFAP126,FCGR2A,HSPA6,FCGR3A,FCGR3B,FCGR2B,FCRLA,FCRLB,DUSP12,ATF6,OLFML2B,NOS1AP,ENSG00000254706,SPATA46,C1orf226,SH2D1B,UHMK1,UAP1,DDR2,HSD17B7	0.006666749402904087	0.007372342751340093
chr1	161364733	164899296	CFAP126,FCGR2A,HSPA6,FCGR3A,FCGR3B,FCGR2B,FCRLA,FCRLB,DUSP12,ATF6,OLFML2B,NOS1AP,ENSG00000254706,SPATA46,C1orf226,SH2D1B,UHMK1,UAP1,DDR2,HSD17B7,CCDC190,RGS4,RGS5,NUF2,PBX1	0.007650021615339047	0.007224960101883033
chr1	161663143	165698562	FCGR2B,FCRLA,FCRLB,DUSP12,ATF6,OLFML2B,NOS1AP,ENSG00000254706,SPATA46,C1orf226,SH2D1B,UHMK1,UAP1,DDR2,HSD17B7,CCDC190,RGS4,RGS5,NUF2,PBX1,LMX1A,RXRG,LRRC52,MGST3,ALDH9A1	0.011197401250966778	0.011713144009441685
chr1	161983192	166876264	OLFML2B,NOS1AP,ENSG00000254706,SPATA46,C1orf226,SH2D1B,UHMK1,UAP1,DDR2,HSD17B7,CCDC190,RGS4,RGS5,NUF2,PBX1,LMX1A,RXRG,LRRC52,MGST3,ALDH9A1,TMCO1,UCK2,FAM78B,POGK,TADA1	0.006544314893799855	0.008676447433955235
chr1	162395268	167427345	SH2D1B,UHMK1,UAP1,DDR2,HSD17B7,CCDC190,RGS4,RGS5,NUF2,PBX1,LMX1A,RXRG,LRRC52,MGST3,ALDH9A1,TMCO1,UCK2,FAM78B,POGK,TADA1,ILDR2,MAEL,GPA33,STYXL2,POU2F1	-0.0031173939804525768	0.003271915185558318
chr1	162824458	167914215	CCDC190,RGS4,RGS5,NUF2,PBX1,LMX1A,RXRG,LRRC52,MGST3,ALDH9A1,TMCO1,UCK2,FAM78B,POGK,TADA1,ILDR2,MAEL,GPA33,STYXL2,POU2F1,CD247,CREG1,RCSD1,MPZL1,ADCY10	0.005507077203625606	0.008964708960779843
chr1	165201867	168253021	LMX1A,RXRG,LRRC52,MGST3,ALDH9A1,TMCO1,UCK2,FAM78B,POGK,TADA1,ILDR2,MAEL,GPA33,STYXL2,POU2F1,CD247,CREG1,RCSD1,MPZL1,ADCY10,MPC2,DCAF6,GPR161,TIPRL,SFT2D2	0.0046819250343150395	0.009489139106252915
chr1	165724293	169310992	TMCO1,UCK2,FAM78B,POGK,TADA1,ILDR2,MAEL,GPA33,STYXL2,POU2F1,CD247,CREG1,RCSD1,MPZL1,ADCY10,MPC2,DCAF6,GPR161,TIPRL,SFT2D2,TBX19,XCL2,XCL1,DPT,ATP1B1	-0.0008507911125379486	0.01015055882085701
chr1	166895711	169586588	ILDR2,MAEL,GPA33,STYXL2,POU2F1,CD247,CREG1,RCSD1,MPZL1,ADCY10,MPC2,DCAF6,GPR161,TIPRL,SFT2D2,TBX19,XCL2,XCL1,DPT,ATP1B1,NME7,BLZF1,CCDC181,SLC19A2,F5	-0.011072342108601137	0.007818870852157133
chr1	167425027	169854080	CD247,CREG1,RCSD1,MPZL1,ADCY10,MPC2,DCAF6,GPR161,TIPRL,SFT2D2,TBX19,XCL2,XCL1,DPT,ATP1B1,NME7,BLZF1,CCDC181,SLC19A2,F5,SELP,C1orf112,SELL,SELE,METTL18	-4.734254983168675e-05	0.00980810950158005
chr1	167916675	171064765	MPC2,DCAF6,GPR161,TIPRL,SFT2D2,TBX19,XCL2,XCL1,DPT,ATP1B1,NME7,BLZF1,CCDC181,SLC19A2,F5,SELP,C1orf112,SELL,SELE,METTL18,SCYL3,KIFAP3,GORAB,PRRX1,MROH9	0.010547126253427621	0.013593732097878213
chr1	168280877	171593511	TBX19,XCL2,XCL1,DPT,ATP1B1,NME7,BLZF1,CCDC181,SLC19A2,F5,SELP,C1orf112,SELL,SELE,METTL18,SCYL3,KIFAP3,GORAB,PRRX1,MROH9,FMO3,FMO2,FMO1,FMO4,PRRC2C	0.006763525923256649	0.008138266295745458
chr1	169132531	172444086	NME7,BLZF1,CCDC181,SLC19A2,F5,SELP,C1orf112,SELL,SELE,METTL18,SCYL3,KIFAP3,GORAB,PRRX1,MROH9,FMO3,FMO2,FMO1,FMO4,PRRC2C,MYOCOS,MYOC,VAMP4,DNM3,PIGC	0.008715119876516391	0.009812999104873033
chr1	169588849	173207331	SELP,C1orf112,SELL,SELE,METTL18,SCYL3,KIFAP3,GORAB,PRRX1,MROH9,FMO3,FMO2,FMO1,FMO4,PRRC2C,MYOCOS,MYOC,VAMP4,DNM3,PIGC,C1orf105,SUCO,FASLG,TNFSF18,TNFSF4	0.011132073941155634	0.010217068265946148
chr1	169849631	173669851	SCYL3,KIFAP3,GORAB,PRRX1,MROH9,FMO3,FMO2,FMO1,FMO4,PRRC2C,MYOCOS,MYOC,VAMP4,DNM3,PIGC,C1orf105,SUCO,FASLG,TNFSF18,TNFSF4,PRDX6,SLC9C2,ENSG00000285777,ANKRD45,TEX50	0.015131904382951736	0.013333493349200684
chr1	171090901	173917327	FMO3,FMO2,FMO1,FMO4,PRRC2C,MYOCOS,MYOC,VAMP4,DNM3,PIGC,C1orf105,SUCO,FASLG,TNFSF18,TNFSF4,PRDX6,SLC9C2,ENSG00000285777,ANKRD45,TEX50,KLHL20,CENPL,DARS2,ZBTB37,SERPINC1	0.013143496809455457	0.011445908754988368
chr1	171600621	175023425	MYOCOS,MYOC,VAMP4,DNM3,PIGC,C1orf105,SUCO,FASLG,TNFSF18,TNFSF4,PRDX6,SLC9C2,ENSG00000285777,ANKRD45,TEX50,KLHL20,CENPL,DARS2,ZBTB37,SERPINC1,RC3H1,RABGAP1L,GPR52,CACYBP,MRPS14	0.007969700236960569	0.009270444032614948
chr1	172420685	176845601	C1orf105,SUCO,FASLG,TNFSF18,TNFSF4,PRDX6,SLC9C2,ENSG00000285777,ANKRD45,TEX50,KLHL20,CENPL,DARS2,ZBTB37,SERPINC1,RC3H1,RABGAP1L,GPR52,CACYBP,MRPS14,TNN,KIAA0040,TNR,COP1,PAPPA2	0.01100390180365338	0.010495644362501787
chr1	173477330	178499634	PRDX6,SLC9C2,ENSG00000285777,ANKRD45,TEX50,KLHL20,CENPL,DARS2,ZBTB37,SERPINC1,RC3H1,RABGAP1L,GPR52,CACYBP,MRPS14,TNN,KIAA0040,TNR,COP1,PAPPA2,ASTN1,BRINP2,SEC16B,RASAL2,CLEC20A	0.014332156398601486	0.015812728157375017
chr1	173714941	179098023	KLHL20,CENPL,DARS2,ZBTB37,SERPINC1,RC3H1,RABGAP1L,GPR52,CACYBP,MRPS14,TNN,KIAA0040,TNR,COP1,PAPPA2,ASTN1,BRINP2,SEC16B,RASAL2,CLEC20A,TEX35,RALGPS2,ANGPTL1,FAM20B,TOR3A	0.012347177023425764	0.015072487534634759
chr1	173931084	179691272	RC3H1,RABGAP1L,GPR52,CACYBP,MRPS14,TNN,KIAA0040,TNR,COP1,PAPPA2,ASTN1,BRINP2,SEC16B,RASAL2,CLEC20A,TEX35,RALGPS2,ANGPTL1,FAM20B,TOR3A,ABL2,SOAT1,AXDND1,NPHS2,TDRD5	0.012468832546493641	0.013721299803911149
chr1	175067833	180204030	TNN,KIAA0040,TNR,COP1,PAPPA2,ASTN1,BRINP2,SEC16B,RASAL2,CLEC20A,TEX35,RALGPS2,ANGPTL1,FAM20B,TOR3A,ABL2,SOAT1,AXDND1,NPHS2,TDRD5,FAM163A,TOR1AIP2,TOR1AIP1,CEP350,QSOX1	0.011992197159232984	0.013294585504530124
chr1	176857302	181023121	ASTN1,BRINP2,SEC16B,RASAL2,CLEC20A,TEX35,RALGPS2,ANGPTL1,FAM20B,TOR3A,ABL2,SOAT1,AXDND1,NPHS2,TDRD5,FAM163A,TOR1AIP2,TOR1AIP1,CEP350,QSOX1,LHX4,ACBD6,XPR1,KIAA1614,STX6	0.007981838360048349	0.011443799582799407
chr1	178513109	182392206	TEX35,RALGPS2,ANGPTL1,FAM20B,TOR3A,ABL2,SOAT1,AXDND1,NPHS2,TDRD5,FAM163A,TOR1AIP2,TOR1AIP1,CEP350,QSOX1,LHX4,ACBD6,XPR1,KIAA1614,STX6,MR1,IER5,CACNA1E,ZNF648,GLUL	0.0025358614145269557	0.013763980223651131
chr1	179099330	182684587	ABL2,SOAT1,AXDND1,NPHS2,TDRD5,FAM163A,TOR1AIP2,TOR1AIP1,CEP350,QSOX1,LHX4,ACBD6,XPR1,KIAA1614,STX6,MR1,IER5,CACNA1E,ZNF648,GLUL,TEDDM1,RGSL1,RNASEL,RGS16,RGS8	-0.009228012993076146	0.010052909020973545
chr1	179743291	183245127	FAM163A,TOR1AIP2,TOR1AIP1,CEP350,QSOX1,LHX4,ACBD6,XPR1,KIAA1614,STX6,MR1,IER5,CACNA1E,ZNF648,GLUL,TEDDM1,RGSL1,RNASEL,RGS16,RGS8,NPL,DHX9,SHCBP1L,LAMC1,LAMC2	0.004688822788643249	0.013227512455840503
chr1	180230264	183928532	LHX4,ACBD6,XPR1,KIAA1614,STX6,MR1,IER5,CACNA1E,ZNF648,GLUL,TEDDM1,RGSL1,RNASEL,RGS16,RGS8,NPL,DHX9,SHCBP1L,LAMC1,LAMC2,NMNAT2,SMG7,NCF2,ARPC5,RGL1	0.012312049364831174	0.013203175182587554
chr1	181033374	184754907	MR1,IER5,CACNA1E,ZNF648,GLUL,TEDDM1,RGSL1,RNASEL,RGS16,RGS8,NPL,DHX9,SHCBP1L,LAMC1,LAMC2,NMNAT2,SMG7,NCF2,ARPC5,RGL1,APOBEC4,COLGALT2,TSEN15,C1orf21,EDEM3	0.009555314230012716	0.012555898841008741
chr1	182398117	185317273	TEDDM1,RGSL1,RNASEL,RGS16,RGS8,NPL,DHX9,SHCBP1L,LAMC1,LAMC2,NMNAT2,SMG7,NCF2,ARPC5,RGL1,APOBEC4,COLGALT2,TSEN15,C1orf21,EDEM3,NIBAN1,RNF2,TRMT1L,SWT1,IVNS1ABP	0.0030114614148864577	0.010121384265730797
chr1	182789293	186461114	NPL,DHX9,SHCBP1L,LAMC1,LAMC2,NMNAT2,SMG7,NCF2,ARPC5,RGL1,APOBEC4,COLGALT2,TSEN15,C1orf21,EDEM3,NIBAN1,RNF2,TRMT1L,SWT1,IVNS1ABP,HMCN1,PRG4,TPR,ODR4,PDC	0.007130033213811926	0.012547757384297824
chr1	183248237	192367285	NMNAT2,SMG7,NCF2,ARPC5,RGL1,APOBEC4,COLGALT2,TSEN15,C1orf21,EDEM3,NIBAN1,RNF2,TRMT1L,SWT1,IVNS1ABP,HMCN1,PRG4,TPR,ODR4,PDC,PTGS2,PLA2G4A,BRINP3,RGS18,RGS21	0.014381109210954998	0.016185640607253846
chr1	183646275	193091777	APOBEC4,COLGALT2,TSEN15,C1orf21,EDEM3,NIBAN1,RNF2,TRMT1L,SWT1,IVNS1ABP,HMCN1,PRG4,TPR,ODR4,PDC,PTGS2,PLA2G4A,BRINP3,RGS18,RGS21,RGS1,RGS13,RGS2,UCHL5,RO60	0.021236089767990782	0.01760859626403182
chr1	184790724	196752476	NIBAN1,RNF2,TRMT1L,SWT1,IVNS1ABP,HMCN1,PRG4,TPR,ODR4,PDC,PTGS2,PLA2G4A,BRINP3,RGS18,RGS21,RGS1,RGS13,RGS2,UCHL5,RO60,GLRX2,CDC73,B3GALT2,KCNT2,CFH	0.01478961716953818	0.008261276836556562
chr1	185734391	197009678	HMCN1,PRG4,TPR,ODR4,PDC,PTGS2,PLA2G4A,BRINP3,RGS18,RGS21,RGS1,RGS13,RGS2,UCHL5,RO60,GLRX2,CDC73,B3GALT2,KCNT2,CFH,CFHR3,CFHR1,CFHR4,CFHR2,CFHR5	0.017458432945845048	0.013652546782400856
chr1	186671791	197775696	PTGS2,PLA2G4A,BRINP3,RGS18,RGS21,RGS1,RGS13,RGS2,UCHL5,RO60,GLRX2,CDC73,B3GALT2,KCNT2,CFH,CFHR3,CFHR1,CFHR4,CFHR2,CFHR5,F13B,ASPM,ZBTB41,CRB1,DENND1B	0.016963433231319158	0.014144108005583276
chr1	192575763	198757476	RGS1,RGS13,RGS2,UCHL5,RO60,GLRX2,CDC73,B3GALT2,KCNT2,CFH,CFHR3,CFHR1,CFHR4,CFHR2,CFHR5,F13B,ASPM,ZBTB41,CRB1,DENND1B,C1orf53,LHX9,NEK7,ATP6V1G3,PTPRC	0.008595468855678225	0.007240514199148834
chr1	193090866	200860704	GLRX2,CDC73,B3GALT2,KCNT2,CFH,CFHR3,CFHR1,CFHR4,CFHR2,CFHR5,F13B,ASPM,ZBTB41,CRB1,DENND1B,C1orf53,LHX9,NEK7,ATP6V1G3,PTPRC,NR5A2,ZNF281,KIF14,DDX59,CAMSAP2	0.014062962128310881	0.013297550085364762
chr1	196774813	201127184	CFHR3,CFHR1,CFHR4,CFHR2,CFHR5,F13B,ASPM,ZBTB41,CRB1,DENND1B,C1orf53,LHX9,NEK7,ATP6V1G3,PTPRC,NR5A2,ZNF281,KIF14,DDX59,CAMSAP2,GPR25,INAVA,KIF21B,CACNA1S,ASCL5	0.011769596302141146	0.010105788770576073
chr1	197038741	201399915	F13B,ASPM,ZBTB41,CRB1,DENND1B,C1orf53,LHX9,NEK7,ATP6V1G3,PTPRC,NR5A2,ZNF281,KIF14,DDX59,CAMSAP2,GPR25,INAVA,KIF21B,CACNA1S,ASCL5,TMEM9,IGFN1,PKP1,TNNT2,LAD1	0.010877641546215155	0.013442057348133507
chr1	197902630	201884291	C1orf53,LHX9,NEK7,ATP6V1G3,PTPRC,NR5A2,ZNF281,KIF14,DDX59,CAMSAP2,GPR25,INAVA,KIF21B,CACNA1S,ASCL5,TMEM9,IGFN1,PKP1,TNNT2,LAD1,TNNI1,PHLDA3,CSRP1,NAV1,IPO9	0.008657854207239368	0.014842928703210167
chr1	200027614	202017183	NR5A2,ZNF281,KIF14,DDX59,CAMSAP2,GPR25,INAVA,KIF21B,CACNA1S,ASCL5,TMEM9,IGFN1,PKP1,TNNT2,LAD1,TNNI1,PHLDA3,CSRP1,NAV1,IPO9,SHISA4,LMOD1,TIMM17A,RNPEP,ELF3	0.0060055943707445145	0.009915152670648306
chr1	200872981	202341984	GPR25,INAVA,KIF21B,CACNA1S,ASCL5,TMEM9,IGFN1,PKP1,TNNT2,LAD1,TNNI1,PHLDA3,CSRP1,NAV1,IPO9,SHISA4,LMOD1,TIMM17A,RNPEP,ELF3,GPR37L1,ARL8A,PTPN7,LGR6,UBE2T	0.010399632730823076	0.014683981644103351
chr1	201134772	202928636	TMEM9,IGFN1,PKP1,TNNT2,LAD1,TNNI1,PHLDA3,CSRP1,NAV1,IPO9,SHISA4,LMOD1,TIMM17A,RNPEP,ELF3,GPR37L1,ARL8A,PTPN7,LGR6,UBE2T,PPP1R12B,SYT2,KDM5B,RABIF,KLHL12	0.0074667565069372974	0.013599875398896562
chr1	201403784	203086012	TNNI1,PHLDA3,CSRP1,NAV1,IPO9,SHISA4,LMOD1,TIMM17A,RNPEP,ELF3,GPR37L1,ARL8A,PTPN7,LGR6,UBE2T,PPP1R12B,SYT2,KDM5B,RABIF,KLHL12,ADIPOR1,CYB5R1,TMEM183A,PPFIA4,MYOG	-0.0008753571683098705	0.00944816788405293
chr1	201888680	203309602	SHISA4,LMOD1,TIMM17A,RNPEP,ELF3,GPR37L1,ARL8A,PTPN7,LGR6,UBE2T,PPP1R12B,SYT2,KDM5B,RABIF,KLHL12,ADIPOR1,CYB5R1,TMEM183A,PPFIA4,MYOG,ADORA1,MYBPH,CHI3L1,CHIT1,BTG2	-0.0008178321311677379	0.00568868485091294
chr1	202122886	203776372	GPR37L1,ARL8A,PTPN7,LGR6,UBE2T,PPP1R12B,SYT2,KDM5B,RABIF,KLHL12,ADIPOR1,CYB5R1,TMEM183A,PPFIA4,MYOG,ADORA1,MYBPH,CHI3L1,CHIT1,BTG2,FMOD,PRELP,OPTC,ATP2B4,LAX1	0.008184651901087463	0.012767613258472595
chr1	202348699	204127743	PPP1R12B,SYT2,KDM5B,RABIF,KLHL12,ADIPOR1,CYB5R1,TMEM183A,PPFIA4,MYOG,ADORA1,MYBPH,CHI3L1,CHIT1,BTG2,FMOD,PRELP,OPTC,ATP2B4,LAX1,ZBED6,ZC3H11A,ENSG00000288644,SNRPE,SOX13	0.007606565069084921	0.007546221475136506
chr1	202940826	204377665	ADIPOR1,CYB5R1,TMEM183A,PPFIA4,MYOG,ADORA1,MYBPH,CHI3L1,CHIT1,BTG2,FMOD,PRELP,OPTC,ATP2B4,LAX1,ZBED6,ZC3H11A,ENSG00000288644,SNRPE,SOX13,ETNK2,REN,KISS1,GOLT1A,PLEKHA6	0.008448409233358375	0.00912568849997647
chr1	203090654	205022822	ADORA1,MYBPH,CHI3L1,CHIT1,BTG2,FMOD,PRELP,OPTC,ATP2B4,LAX1,ZBED6,ZC3H11A,ENSG00000288644,SNRPE,SOX13,ETNK2,REN,KISS1,GOLT1A,PLEKHA6,PPP1R15B,PIK3C2B,MDM4,LRRN2,NFASC	0.008489136671498108	0.008207809545285183
chr1	203340628	205285632	FMOD,PRELP,OPTC,ATP2B4,LAX1,ZBED6,ZC3H11A,ENSG00000288644,SNRPE,SOX13,ETNK2,REN,KISS1,GOLT1A,PLEKHA6,PPP1R15B,PIK3C2B,MDM4,LRRN2,NFASC,CNTN2,TMEM81,RBBP5,DSTYK,TMCC2	0.01076045974491533	0.00912855172364335
chr1	203795623	205532793	ZBED6,ZC3H11A,ENSG00000288644,SNRPE,SOX13,ETNK2,REN,KISS1,GOLT1A,PLEKHA6,PPP1R15B,PIK3C2B,MDM4,LRRN2,NFASC,CNTN2,TMEM81,RBBP5,DSTYK,TMCC2,NUAK2,KLHDC8A,LEMD1,BLACAT1,CDK18	0.02217032455795865	0.017646729404136453
chr1	204131062	205775482	ETNK2,REN,KISS1,GOLT1A,PLEKHA6,PPP1R15B,PIK3C2B,MDM4,LRRN2,NFASC,CNTN2,TMEM81,RBBP5,DSTYK,TMCC2,NUAK2,KLHDC8A,LEMD1,BLACAT1,CDK18,MFSD4A,ELK4,SLC45A3,NUCKS1,RAB29	0.020546824808083126	0.017223370625602797
chr1	204396492	206023909	PPP1R15B,PIK3C2B,MDM4,LRRN2,NFASC,CNTN2,TMEM81,RBBP5,DSTYK,TMCC2,NUAK2,KLHDC8A,LEMD1,BLACAT1,CDK18,MFSD4A,ELK4,SLC45A3,NUCKS1,RAB29,SLC41A1,PM20D1,SLC26A9,RAB7B,CTSE	0.01550703910263263	0.0124909549649088
chr1	205042937	206496889	CNTN2,TMEM81,RBBP5,DSTYK,TMCC2,NUAK2,KLHDC8A,LEMD1,BLACAT1,CDK18,MFSD4A,ELK4,SLC45A3,NUCKS1,RAB29,SLC41A1,PM20D1,SLC26A9,RAB7B,CTSE,RHEX,AVPR1B,FAM72A,SRGAP2,IKBKE	0.01117907366802515	0.008782886221791063
chr1	205302063	206774541	NUAK2,KLHDC8A,LEMD1,BLACAT1,CDK18,MFSD4A,ELK4,SLC45A3,NUCKS1,RAB29,SLC41A1,PM20D1,SLC26A9,RAB7B,CTSE,RHEX,AVPR1B,FAM72A,SRGAP2,IKBKE,RASSF5,EIF2D,DYRK3,MAPKAPK2,IL10	0.006704031223830791	0.005797096723968413
chr1	205568885	206946466	MFSD4A,ELK4,SLC45A3,NUCKS1,RAB29,SLC41A1,PM20D1,SLC26A9,RAB7B,CTSE,RHEX,AVPR1B,FAM72A,SRGAP2,IKBKE,RASSF5,EIF2D,DYRK3,MAPKAPK2,IL10,IL19,IL20,IL24,FCMR,PIGR	0.006412191462463931	0.006636295859287554
chr1	205789094	207099993	SLC41A1,PM20D1,SLC26A9,RAB7B,CTSE,RHEX,AVPR1B,FAM72A,SRGAP2,IKBKE,RASSF5,EIF2D,DYRK3,MAPKAPK2,IL10,IL19,IL20,IL24,FCMR,PIGR,FCAMR,C1orf116,PFKFB2,YOD1,C4BPB	0.00720518963284354	0.006299564865812232
chr1	206053173	207738416	RHEX,AVPR1B,FAM72A,SRGAP2,IKBKE,RASSF5,EIF2D,DYRK3,MAPKAPK2,IL10,IL19,IL20,IL24,FCMR,PIGR,FCAMR,C1orf116,PFKFB2,YOD1,C4BPB,C4BPA,CD55,CR2,CR1,CR1L	0.002766517474571602	0.00220423473272758
chr1	206507531	209652425	RASSF5,EIF2D,DYRK3,MAPKAPK2,IL10,IL19,IL20,IL24,FCMR,PIGR,FCAMR,C1orf116,PFKFB2,YOD1,C4BPB,C4BPA,CD55,CR2,CR1,CR1L,CD46,CD34,PLXNA2,CAMK1G,LAMB3	0.0035908878555614265	0.002829141671824101
chr1	206770764	209806175	IL19,IL20,IL24,FCMR,PIGR,FCAMR,C1orf116,PFKFB2,YOD1,C4BPB,C4BPA,CD55,CR2,CR1,CR1L,CD46,CD34,PLXNA2,CAMK1G,LAMB3,G0S2,HSD11B1,TRAF3IP3,C1orf74,IRF6	0.009222323533079042	0.00886861893569449
chr1	206957965	211134165	FCAMR,C1orf116,PFKFB2,YOD1,C4BPB,C4BPA,CD55,CR2,CR1,CR1L,CD46,CD34,PLXNA2,CAMK1G,LAMB3,G0S2,HSD11B1,TRAF3IP3,C1orf74,IRF6,UTP25,SYT14,SERTAD4,HHAT,KCNH1	0.01608965789680665	0.016286614333259744
chr1	207104233	211579161	C4BPA,CD55,CR2,CR1,CR1L,CD46,CD34,PLXNA2,CAMK1G,LAMB3,G0S2,HSD11B1,TRAF3IP3,C1orf74,IRF6,UTP25,SYT14,SERTAD4,HHAT,KCNH1,ENSG00000283952,RCOR3,TRAF5,RD3,SLC30A1	0.00881965172147754	0.008302953348414471
chr1	207752037	212361853	CD46,CD34,PLXNA2,CAMK1G,LAMB3,G0S2,HSD11B1,TRAF3IP3,C1orf74,IRF6,UTP25,SYT14,SERTAD4,HHAT,KCNH1,ENSG00000283952,RCOR3,TRAF5,RD3,SLC30A1,NEK2,LPGAT1,INTS7,DTL,PPP2R5A	0.009328450517366835	0.008471795623744905
chr1	209675412	212791782	G0S2,HSD11B1,TRAF3IP3,C1orf74,IRF6,UTP25,SYT14,SERTAD4,HHAT,KCNH1,ENSG00000283952,RCOR3,TRAF5,RD3,SLC30A1,NEK2,LPGAT1,INTS7,DTL,PPP2R5A,PACC1,NENF,ATF3,BATF3,NSL1	0.009872425682348291	0.010583162970668983
chr1	209827972	213015867	UTP25,SYT14,SERTAD4,HHAT,KCNH1,ENSG00000283952,RCOR3,TRAF5,RD3,SLC30A1,NEK2,LPGAT1,INTS7,DTL,PPP2R5A,PACC1,NENF,ATF3,BATF3,NSL1,TATDN3,SPATA45,FLVCR1,VASH2,ANGEL2	0.01172614965527937	0.015577756023792607
chr1	211082872	214664574	ENSG00000283952,RCOR3,TRAF5,RD3,SLC30A1,NEK2,LPGAT1,INTS7,DTL,PPP2R5A,PACC1,NENF,ATF3,BATF3,NSL1,TATDN3,SPATA45,FLVCR1,VASH2,ANGEL2,RPS6KC1,PROX1,SMYD2,PTPN14,CENPF	0.013467369525857429	0.016416267764352493
chr1	211658657	217631090	NEK2,LPGAT1,INTS7,DTL,PPP2R5A,PACC1,NENF,ATF3,BATF3,NSL1,TATDN3,SPATA45,FLVCR1,VASH2,ANGEL2,RPS6KC1,PROX1,SMYD2,PTPN14,CENPF,KCNK2,KCTD3,USH2A,ESRRG,GPATCH2	0.01632449439200407	0.01641321103984982
chr1	212363928	219613105	PACC1,NENF,ATF3,BATF3,NSL1,TATDN3,SPATA45,FLVCR1,VASH2,ANGEL2,RPS6KC1,PROX1,SMYD2,PTPN14,CENPF,KCNK2,KCTD3,USH2A,ESRRG,GPATCH2,SPATA17,RRP15,TGFB2,LYPLAL1,ZC3H11B	0.016561280177503284	0.012905011867971111
chr1	212791828	220272529	TATDN3,SPATA45,FLVCR1,VASH2,ANGEL2,RPS6KC1,PROX1,SMYD2,PTPN14,CENPF,KCNK2,KCTD3,USH2A,ESRRG,GPATCH2,SPATA17,RRP15,TGFB2,LYPLAL1,ZC3H11B,SLC30A10,EPRS1,BPNT1,IARS2,RAB3GAP2	0.016638575655821563	0.011490440991596745
chr1	213051233	220884503	RPS6KC1,PROX1,SMYD2,PTPN14,CENPF,KCNK2,KCTD3,USH2A,ESRRG,GPATCH2,SPATA17,RRP15,TGFB2,LYPLAL1,ZC3H11B,SLC30A10,EPRS1,BPNT1,IARS2,RAB3GAP2,MARK1,C1orf115,MTARC2,MTARC1,ENSG00000286231	0.01891720783816128	0.01456479529689909
chr1	215005775	222668007	KCNK2,KCTD3,USH2A,ESRRG,GPATCH2,SPATA17,RRP15,TGFB2,LYPLAL1,ZC3H11B,SLC30A10,EPRS1,BPNT1,IARS2,RAB3GAP2,MARK1,C1orf115,MTARC2,MTARC1,ENSG00000286231,HLX,DUSP10,HHIPL2,TAF1A,MIA3	0.023571461525672743	0.019456115101123005
chr1	217631324	223143248	SPATA17,RRP15,TGFB2,LYPLAL1,ZC3H11B,SLC30A10,EPRS1,BPNT1,IARS2,RAB3GAP2,MARK1,C1orf115,MTARC2,MTARC1,ENSG00000286231,HLX,DUSP10,HHIPL2,TAF1A,MIA3,AIDA,BROX,FAM177B,DISP1,TLR5	0.016158447559915176	0.014782931625249577
chr1	219685427	223845954	SLC30A10,EPRS1,BPNT1,IARS2,RAB3GAP2,MARK1,C1orf115,MTARC2,MTARC1,ENSG00000286231,HLX,DUSP10,HHIPL2,TAF1A,MIA3,AIDA,BROX,FAM177B,DISP1,TLR5,SUSD4,CCDC185,CAPN8,CAPN2,TP53BP2	0.01219326932460638	0.01242529969406023
chr1	220528136	224437033	MARK1,C1orf115,MTARC2,MTARC1,ENSG00000286231,HLX,DUSP10,HHIPL2,TAF1A,MIA3,AIDA,BROX,FAM177B,DISP1,TLR5,SUSD4,CCDC185,CAPN8,CAPN2,TP53BP2,FBXO28,DEGS1,NVL,CNIH4,WDR26	0.012306192914987002	0.01223508328730977
chr1	220879431	225790468	HLX,DUSP10,HHIPL2,TAF1A,MIA3,AIDA,BROX,FAM177B,DISP1,TLR5,SUSD4,CCDC185,CAPN8,CAPN2,TP53BP2,FBXO28,DEGS1,NVL,CNIH4,WDR26,CNIH3,DNAH14,LBR,ENAH,SRP9	0.012933637650734879	0.012778016707301125
chr1	222668013	225924340	AIDA,BROX,FAM177B,DISP1,TLR5,SUSD4,CCDC185,CAPN8,CAPN2,TP53BP2,FBXO28,DEGS1,NVL,CNIH4,WDR26,CNIH3,DNAH14,LBR,ENAH,SRP9,EPHX1,TMEM63A,LEFTY1,ENSG00000255835,PYCR2	0.0043690582640304775	0.01155700884026088
chr1	223220819	226227060	SUSD4,CCDC185,CAPN8,CAPN2,TP53BP2,FBXO28,DEGS1,NVL,CNIH4,WDR26,CNIH3,DNAH14,LBR,ENAH,SRP9,EPHX1,TMEM63A,LEFTY1,ENSG00000255835,PYCR2,LEFTY2,SDE2,H3-3A,ACBD3,MIXL1	-0.007604728112938433	0.006765098684726428
chr1	224114111	226987545	FBXO28,DEGS1,NVL,CNIH4,WDR26,CNIH3,DNAH14,LBR,ENAH,SRP9,EPHX1,TMEM63A,LEFTY1,ENSG00000255835,PYCR2,LEFTY2,SDE2,H3-3A,ACBD3,MIXL1,LIN9,PARP1,STUM,ITPKB,ENSG00000288674	-0.011198454623188156	0.002405433906713066
chr1	224434660	227781826	CNIH3,DNAH14,LBR,ENAH,SRP9,EPHX1,TMEM63A,LEFTY1,ENSG00000255835,PYCR2,LEFTY2,SDE2,H3-3A,ACBD3,MIXL1,LIN9,PARP1,STUM,ITPKB,ENSG00000288674,PSEN2,COQ8A,CDC42BPA,ZNF678,SNAP47	-0.0062338219353895545	0.005898852574108934
chr1	225810124	228099212	EPHX1,TMEM63A,LEFTY1,ENSG00000255835,PYCR2,LEFTY2,SDE2,H3-3A,ACBD3,MIXL1,LIN9,PARP1,STUM,ITPKB,ENSG00000288674,PSEN2,COQ8A,CDC42BPA,ZNF678,SNAP47,JMJD4,PRSS38,WNT9A,WNT3A,ARF1	0.0051221502656679995	0.010168581573342685
chr1	225936598	228182257	LEFTY2,SDE2,H3-3A,ACBD3,MIXL1,LIN9,PARP1,STUM,ITPKB,ENSG00000288674,PSEN2,COQ8A,CDC42BPA,ZNF678,SNAP47,JMJD4,PRSS38,WNT9A,WNT3A,ARF1,C1orf35,MRPL55,GUK1,GJC2,IBA57	0.009975022306407245	0.011992550624201525
chr1	226231149	228499899	LIN9,PARP1,STUM,ITPKB,ENSG00000288674,PSEN2,COQ8A,CDC42BPA,ZNF678,SNAP47,JMJD4,PRSS38,WNT9A,WNT3A,ARF1,C1orf35,MRPL55,GUK1,GJC2,IBA57,OBSCN,TRIM11,TRIM17,H3-4,RNF187	0.004133761852259967	0.007063018249611722
chr1	226870184	229508341	PSEN2,COQ8A,CDC42BPA,ZNF678,SNAP47,JMJD4,PRSS38,WNT9A,WNT3A,ARF1,C1orf35,MRPL55,GUK1,GJC2,IBA57,OBSCN,TRIM11,TRIM17,H3-4,RNF187,RHOU,RAB4A,CCSAP,ACTA1,NUP133	-0.011603233420778566	0.0046898092273172706
chr1	227730425	230426332	JMJD4,PRSS38,WNT9A,WNT3A,ARF1,C1orf35,MRPL55,GUK1,GJC2,IBA57,OBSCN,TRIM11,TRIM17,H3-4,RNF187,RHOU,RAB4A,CCSAP,ACTA1,NUP133,ABCB10,TAF5L,URB2,GALNT2,PGBD5	-0.014077682784833684	0.004917955020952627
chr1	228100726	230978875	C1orf35,MRPL55,GUK1,GJC2,IBA57,OBSCN,TRIM11,TRIM17,H3-4,RNF187,RHOU,RAB4A,CCSAP,ACTA1,NUP133,ABCB10,TAF5L,URB2,GALNT2,PGBD5,COG2,AGT,CAPN9,C1orf198,TTC13	-0.009236656167186979	0.008397522059371172
chr1	228208044	231277973	OBSCN,TRIM11,TRIM17,H3-4,RNF187,RHOU,RAB4A,CCSAP,ACTA1,NUP133,ABCB10,TAF5L,URB2,GALNT2,PGBD5,COG2,AGT,CAPN9,C1orf198,TTC13,ARV1,FAM89A,TRIM67,C1orf131,GNPAT	0.00696427437470567	0.01266033838879624
chr1	228735479	231566524	RHOU,RAB4A,CCSAP,ACTA1,NUP133,ABCB10,TAF5L,URB2,GALNT2,PGBD5,COG2,AGT,CAPN9,C1orf198,TTC13,ARV1,FAM89A,TRIM67,C1orf131,GNPAT,EXOC8,SPRTN,EGLN1,ENSG00000287856,TSNAX	0.009190917587033024	0.010778810524672746
chr1	229516582	232983882	ABCB10,TAF5L,URB2,GALNT2,PGBD5,COG2,AGT,CAPN9,C1orf198,TTC13,ARV1,FAM89A,TRIM67,C1orf131,GNPAT,EXOC8,SPRTN,EGLN1,ENSG00000287856,TSNAX,TSNAX-DISC1,DISC1,SIPA1L2,MAP10,NTPCR	0.013656219295915834	0.014144756865932695
chr1	230642481	234385080	COG2,AGT,CAPN9,C1orf198,TTC13,ARV1,FAM89A,TRIM67,C1orf131,GNPAT,EXOC8,SPRTN,EGLN1,ENSG00000287856,TSNAX,TSNAX-DISC1,DISC1,SIPA1L2,MAP10,NTPCR,PCNX2,MAP3K21,KCNK1,SLC35F3,COA6	0.014910014526127027	0.015210234873869629
chr1	230978981	235328219	ARV1,FAM89A,TRIM67,C1orf131,GNPAT,EXOC8,SPRTN,EGLN1,ENSG00000287856,TSNAX,TSNAX-DISC1,DISC1,SIPA1L2,MAP10,NTPCR,PCNX2,MAP3K21,KCNK1,SLC35F3,COA6,TARBP1,IRF2BP2,TOMM20,RBM34,ARID4B	0.015068655188541587	0.014611827876476852
chr1	231332753	235883724	EXOC8,SPRTN,EGLN1,ENSG00000287856,TSNAX,TSNAX-DISC1,DISC1,SIPA1L2,MAP10,NTPCR,PCNX2,MAP3K21,KCNK1,SLC35F3,COA6,TARBP1,IRF2BP2,TOMM20,RBM34,ARID4B,GGPS1,TBCE,B3GALNT2,GNG4,LYST	0.008655099347512081	0.008472508329615453
chr1	231528653	236552981	TSNAX-DISC1,DISC1,SIPA1L2,MAP10,NTPCR,PCNX2,MAP3K21,KCNK1,SLC35F3,COA6,TARBP1,IRF2BP2,TOMM20,RBM34,ARID4B,GGPS1,TBCE,B3GALNT2,GNG4,LYST,NID1,GPR137B,ERO1B,EDARADD,LGALS8	0.0007054302577742356	0.005097478958972966
chr1	232983435	237833988	PCNX2,MAP3K21,KCNK1,SLC35F3,COA6,TARBP1,IRF2BP2,TOMM20,RBM34,ARID4B,GGPS1,TBCE,B3GALNT2,GNG4,LYST,NID1,GPR137B,ERO1B,EDARADD,LGALS8,HEATR1,ACTN2,MTR,MT1HL1,RYR2	0.0017043141836600969	0.008099811829305343
chr1	234391313	241357374	TARBP1,IRF2BP2,TOMM20,RBM34,ARID4B,GGPS1,TBCE,B3GALNT2,GNG4,LYST,NID1,GPR137B,ERO1B,EDARADD,LGALS8,HEATR1,ACTN2,MTR,MT1HL1,RYR2,ZP4,CHRM3,FMN2,GREM2,RGS7	0.01000541958126666	0.012834500678240246
chr1	235327350	241802777	GGPS1,TBCE,B3GALNT2,GNG4,LYST,NID1,GPR137B,ERO1B,EDARADD,LGALS8,HEATR1,ACTN2,MTR,MT1HL1,RYR2,ZP4,CHRM3,FMN2,GREM2,RGS7,FH,KMO,OPN3,CHML,WDR64	0.008787842575232992	0.00760988368786687
chr1	235975830	243255348	NID1,GPR137B,ERO1B,EDARADD,LGALS8,HEATR1,ACTN2,MTR,MT1HL1,RYR2,ZP4,CHRM3,FMN2,GREM2,RGS7,FH,KMO,OPN3,CHML,WDR64,EXO1,BECN2,MAP1LC3C,PLD5,CEP170	0.011083882230001159	0.011857715628958954
chr1	236549005	244451909	HEATR1,ACTN2,MTR,MT1HL1,RYR2,ZP4,CHRM3,FMN2,GREM2,RGS7,FH,KMO,OPN3,CHML,WDR64,EXO1,BECN2,MAP1LC3C,PLD5,CEP170,SDCCAG8,AKT3,ZBTB18,C1orf100,ADSS2	0.0036928921637907467	0.01346813098335326
chr1	237877864	244864560	ZP4,CHRM3,FMN2,GREM2,RGS7,FH,KMO,OPN3,CHML,WDR64,EXO1,BECN2,MAP1LC3C,PLD5,CEP170,SDCCAG8,AKT3,ZBTB18,C1orf100,ADSS2,CATSPERE,DESI2,ENSG00000284188,COX20,HNRNPU	-0.017559179491318133	0.0041583595415045985
chr1	241497511	246668595	FH,KMO,OPN3,CHML,WDR64,EXO1,BECN2,MAP1LC3C,PLD5,CEP170,SDCCAG8,AKT3,ZBTB18,C1orf100,ADSS2,CATSPERE,DESI2,ENSG00000284188,COX20,HNRNPU,EFCAB2,KIF26B,SMYD3,TFB2M,CNST	-0.018327206532598225	0.0051732759448296995
chr1	241847967	247078811	EXO1,BECN2,MAP1LC3C,PLD5,CEP170,SDCCAG8,AKT3,ZBTB18,C1orf100,ADSS2,CATSPERE,DESI2,ENSG00000284188,COX20,HNRNPU,EFCAB2,KIF26B,SMYD3,TFB2M,CNST,SCCPDH,AHCTF1,ZNF695,ZNF670-ZNF695,ZNF670	0.0031427431360169537	0.00604071141315723
chr1	243256034	247458105	SDCCAG8,AKT3,ZBTB18,C1orf100,ADSS2,CATSPERE,DESI2,ENSG00000284188,COX20,HNRNPU,EFCAB2,KIF26B,SMYD3,TFB2M,CNST,SCCPDH,AHCTF1,ZNF695,ZNF670-ZNF695,ZNF670,ZNF669,ZNF124,ZNF496,NLRP3,OR2B11	0.011264187940179752	0.0070965516170794045
chr1	244454377	247622372	CATSPERE,DESI2,ENSG00000284188,COX20,HNRNPU,EFCAB2,KIF26B,SMYD3,TFB2M,CNST,SCCPDH,AHCTF1,ZNF695,ZNF670-ZNF695,ZNF670,ZNF669,ZNF124,ZNF496,NLRP3,OR2B11,GCSAML,OR2C3,OR2G2,OR2G3,OR14L1P	0.014733723593319079	0.014285217443951748
chr1	244969682	247748141	EFCAB2,KIF26B,SMYD3,TFB2M,CNST,SCCPDH,AHCTF1,ZNF695,ZNF670-ZNF695,ZNF670,ZNF669,ZNF124,ZNF496,NLRP3,OR2B11,GCSAML,OR2C3,OR2G2,OR2G3,OR14L1P,OR13G1,OR6F1,ENSG00000239395,OR14A2,OR14K1	0.006689137004881108	0.00845165615528185
chr1	246724409	247896531	SCCPDH,AHCTF1,ZNF695,ZNF670-ZNF695,ZNF670,ZNF669,ZNF124,ZNF496,NLRP3,OR2B11,GCSAML,OR2C3,OR2G2,OR2G3,OR14L1P,OR13G1,OR6F1,ENSG00000239395,OR14A2,OR14K1,OR1C1,OR14A16,OR11L1,TRIM58,OR2W3	0.0013640332367513648	0.0016596599207946837
chr1	247099962	248024276	ZNF669,ZNF124,ZNF496,NLRP3,OR2B11,GCSAML,OR2C3,OR2G2,OR2G3,OR14L1P,OR13G1,OR6F1,ENSG00000239395,OR14A2,OR14K1,OR1C1,OR14A16,OR11L1,TRIM58,OR2W3,OR2T8,OR2AJ1,OR2L8,OR2AK2,OR2L5	6.841441767543322e-05	5.25434771251903e-05
chr1	247507058	248181067	GCSAML,OR2C3,OR2G2,OR2G3,OR14L1P,OR13G1,OR6F1,ENSG00000239395,OR14A2,OR14K1,OR1C1,OR14A16,OR11L1,TRIM58,OR2W3,OR2T8,OR2AJ1,OR2L8,OR2AK2,OR2L5,OR2L2,OR2L3,OR2L13,OR2M5,OR2M2	5.9271897253920165e-05	7.560995143878309e-05
chr1	247670812	248324568	OR13G1,OR6F1,ENSG00000239395,OR14A2,OR14K1,OR1C1,OR14A16,OR11L1,TRIM58,OR2W3,OR2T8,OR2AJ1,OR2L8,OR2AK2,OR2L5,OR2L2,OR2L3,OR2L13,OR2M5,OR2M2,OR2M3,OR2M4,OR2T33,OR2T12,OR2M7	3.3527629529913e-05	0.0002085001855864838
chr1	247754846	248455725	OR1C1,OR14A16,OR11L1,TRIM58,OR2W3,OR2T8,OR2AJ1,OR2L8,OR2AK2,OR2L5,OR2L2,OR2L3,OR2L13,OR2M5,OR2M2,OR2M3,OR2M4,OR2T33,OR2T12,OR2M7,OR14C36,OR2T4,OR2T6,OR2T1,OR2T2	3.983460724866099e-05	0.0002471458530514271
chr1	247920252	248574757	OR2T8,OR2AJ1,OR2L8,OR2AK2,OR2L5,OR2L2,OR2L3,OR2L13,OR2M5,OR2M2,OR2M3,OR2M4,OR2T33,OR2T12,OR2M7,OR14C36,OR2T4,OR2T6,OR2T1,OR2T2,OR2T3,OR2T5,OR2G6,OR2T29,OR2T34	0.0	8.441939031642381e-05
chr1	248030070	248748349	OR2L2,OR2L3,OR2L13,OR2M5,OR2M2,OR2M3,OR2M4,OR2T33,OR2T12,OR2M7,OR14C36,OR2T4,OR2T6,OR2T1,OR2T2,OR2T3,OR2T5,OR2G6,OR2T29,OR2T34,OR2T10,OR2T11,OR2T35,OR2T27,ENSG00000286015	0.0	0.0
chr1	248197265	248859144	OR2M3,OR2M4,OR2T33,OR2T12,OR2M7,OR14C36,OR2T4,OR2T6,OR2T1,OR2T2,OR2T3,OR2T5,OR2G6,OR2T29,OR2T34,OR2T10,OR2T11,OR2T35,OR2T27,ENSG00000286015,OR14I1,LYPD8,SH3BP5L,ZNF672,ZNF692	4.9230188219225106e-05	6.67076071325528e-05
chr2	38814	9003709	FAM110C,SH3YL1,ACP1,ALKAL2,TMEM18,SNTG2,TPO,PXDN,MYT1L,EIPR1,TRAPPC12,ADI1,ENSG00000286905,RNASEH1,RPS7,COLEC11,ALLC,DCDC2C,SOX11,CMPK2,RSAD2,RNF144A,ID2,KIDINS220,MBOAT2	-0.004710207467273255	0.005843936382495654
chr2	950849	9556732	SNTG2,TPO,PXDN,MYT1L,EIPR1,TRAPPC12,ADI1,ENSG00000286905,RNASEH1,RPS7,COLEC11,ALLC,DCDC2C,SOX11,CMPK2,RSAD2,RNF144A,ID2,KIDINS220,MBOAT2,ASAP2,ITGB1BP1,CPSF3,IAH1,ADAM17	-0.02229064240730293	0.0006294240705588314
chr2	3379675	10080944	TRAPPC12,ADI1,ENSG00000286905,RNASEH1,RPS7,COLEC11,ALLC,DCDC2C,SOX11,CMPK2,RSAD2,RNF144A,ID2,KIDINS220,MBOAT2,ASAP2,ITGB1BP1,CPSF3,IAH1,ADAM17,YWHAQ,TAF1B,GRHL1,KLF11,CYS1	-0.032839972570675155	0.005278157998576689
chr2	3594832	10785110	COLEC11,ALLC,DCDC2C,SOX11,CMPK2,RSAD2,RNF144A,ID2,KIDINS220,MBOAT2,ASAP2,ITGB1BP1,CPSF3,IAH1,ADAM17,YWHAQ,TAF1B,GRHL1,KLF11,CYS1,RRM2,HPCAL1,ODC1,NOL10,ATP6V1C2	-0.017951538963311885	0.00718027203257337
chr2	6865557	11348330	RSAD2,RNF144A,ID2,KIDINS220,MBOAT2,ASAP2,ITGB1BP1,CPSF3,IAH1,ADAM17,YWHAQ,TAF1B,GRHL1,KLF11,CYS1,RRM2,HPCAL1,ODC1,NOL10,ATP6V1C2,PDIA6,KCNF1,C2orf50,SLC66A3,ROCK2	-0.004848054547907819	0.004864508717020786
chr2	9206765	12742734	ASAP2,ITGB1BP1,CPSF3,IAH1,ADAM17,YWHAQ,TAF1B,GRHL1,KLF11,CYS1,RRM2,HPCAL1,ODC1,NOL10,ATP6V1C2,PDIA6,KCNF1,C2orf50,SLC66A3,ROCK2,E2F6,GREB1,NTSR2,LPIN1,TRIB2	0.009865864782960322	0.005457181115192761
chr2	9583967	16666331	YWHAQ,TAF1B,GRHL1,KLF11,CYS1,RRM2,HPCAL1,ODC1,NOL10,ATP6V1C2,PDIA6,KCNF1,C2orf50,SLC66A3,ROCK2,E2F6,GREB1,NTSR2,LPIN1,TRIB2,LRATD1,NBAS,DDX1,MYCN,CYRIA	0.010686626544978596	0.007284936987946841
chr2	10120698	17817798	RRM2,HPCAL1,ODC1,NOL10,ATP6V1C2,PDIA6,KCNF1,C2orf50,SLC66A3,ROCK2,E2F6,GREB1,NTSR2,LPIN1,TRIB2,LRATD1,NBAS,DDX1,MYCN,CYRIA,RAD51AP2,VSNL1,SMC6,GEN1,MSGN1	0.007370558183227982	0.010581398857358029
chr2	10783391	19358623	PDIA6,KCNF1,C2orf50,SLC66A3,ROCK2,E2F6,GREB1,NTSR2,LPIN1,TRIB2,LRATD1,NBAS,DDX1,MYCN,CYRIA,RAD51AP2,VSNL1,SMC6,GEN1,MSGN1,KCNS3,RDH14,NT5C1B-RDH14,NT5C1B,OSR1	-0.0023242833696982676	0.01079425577269984
chr2	11444375	20225433	E2F6,GREB1,NTSR2,LPIN1,TRIB2,LRATD1,NBAS,DDX1,MYCN,CYRIA,RAD51AP2,VSNL1,SMC6,GEN1,MSGN1,KCNS3,RDH14,NT5C1B-RDH14,NT5C1B,OSR1,TTC32,WDR35,MATN3,LAPTM4A,SDC1	0.003112954277120691	0.013772960663610664
chr2	14632700	20823130	LRATD1,NBAS,DDX1,MYCN,CYRIA,RAD51AP2,VSNL1,SMC6,GEN1,MSGN1,KCNS3,RDH14,NT5C1B-RDH14,NT5C1B,OSR1,TTC32,WDR35,MATN3,LAPTM4A,SDC1,PUM2,RHOB,HS1BP3,GDF7,LDAH	0.003770466584919821	0.010933241472132208
chr2	17510579	24004909	RAD51AP2,VSNL1,SMC6,GEN1,MSGN1,KCNS3,RDH14,NT5C1B-RDH14,NT5C1B,OSR1,TTC32,WDR35,MATN3,LAPTM4A,SDC1,PUM2,RHOB,HS1BP3,GDF7,LDAH,APOB,TDRD15,KLHL29,ATAD2B,UBXN2A	0.006433556131049176	0.012386144681693908
chr2	17877847	24169640	KCNS3,RDH14,NT5C1B-RDH14,NT5C1B,OSR1,TTC32,WDR35,MATN3,LAPTM4A,SDC1,PUM2,RHOB,HS1BP3,GDF7,LDAH,APOB,TDRD15,KLHL29,ATAD2B,UBXN2A,MFSD2B,WDCP,FKBP1B,SF3B6,FAM228B	0.006384201705627037	0.012309163240803257
chr2	19896631	24360536	TTC32,WDR35,MATN3,LAPTM4A,SDC1,PUM2,RHOB,HS1BP3,GDF7,LDAH,APOB,TDRD15,KLHL29,ATAD2B,UBXN2A,MFSD2B,WDCP,FKBP1B,SF3B6,FAM228B,TP53I3,PFN4,ENSG00000276087,FAM228A,ITSN2	0.0046208421928471445	0.010214053230650557
chr2	20248691	24972094	PUM2,RHOB,HS1BP3,GDF7,LDAH,APOB,TDRD15,KLHL29,ATAD2B,UBXN2A,MFSD2B,WDCP,FKBP1B,SF3B6,FAM228B,TP53I3,PFN4,ENSG00000276087,FAM228A,ITSN2,NCOA1,PTRHD1,CENPO,ADCY3,DNAJC27	-0.002719945552081437	0.0061268539826620765
chr2	21001429	25878487	APOB,TDRD15,KLHL29,ATAD2B,UBXN2A,MFSD2B,WDCP,FKBP1B,SF3B6,FAM228B,TP53I3,PFN4,ENSG00000276087,FAM228A,ITSN2,NCOA1,PTRHD1,CENPO,ADCY3,DNAJC27,EFR3B,POMC,DNMT3A,DTNB,ASXL2	0.0019577609743538717	0.007506232214463859
chr2	24010081	26290465	MFSD2B,WDCP,FKBP1B,SF3B6,FAM228B,TP53I3,PFN4,ENSG00000276087,FAM228A,ITSN2,NCOA1,PTRHD1,CENPO,ADCY3,DNAJC27,EFR3B,POMC,DNMT3A,DTNB,ASXL2,KIF3C,RAB10,GAREM2,HADHA,HADHB	0.007531445177333093	0.013548049228850455
chr2	24077433	26579532	TP53I3,PFN4,ENSG00000276087,FAM228A,ITSN2,NCOA1,PTRHD1,CENPO,ADCY3,DNAJC27,EFR3B,POMC,DNMT3A,DTNB,ASXL2,KIF3C,RAB10,GAREM2,HADHA,HADHB,ADGRF3,SELENOI,DRC1,OTOF,FAM166C	0.007815207529912261	0.011547694019346836
chr2	24491254	26950351	NCOA1,PTRHD1,CENPO,ADCY3,DNAJC27,EFR3B,POMC,DNMT3A,DTNB,ASXL2,KIF3C,RAB10,GAREM2,HADHA,HADHB,ADGRF3,SELENOI,DRC1,OTOF,FAM166C,CIB4,KCNK3,SLC35F6,CENPA,DPYSL5	0.008249787560458929	0.010760679768741526
chr2	25042076	27086403	EFR3B,POMC,DNMT3A,DTNB,ASXL2,KIF3C,RAB10,GAREM2,HADHA,HADHB,ADGRF3,SELENOI,DRC1,OTOF,FAM166C,CIB4,KCNK3,SLC35F6,CENPA,DPYSL5,MAPRE3,TMEM214,AGBL5,OST4,EMILIN1	0.00887796440859771	0.011895674394682258
chr2	25926598	27139410	KIF3C,RAB10,GAREM2,HADHA,HADHB,ADGRF3,SELENOI,DRC1,OTOF,FAM166C,CIB4,KCNK3,SLC35F6,CENPA,DPYSL5,MAPRE3,TMEM214,AGBL5,OST4,EMILIN1,KHK,CGREF1,ABHD1,PREB,PRR30	0.006656259809424334	0.010362378982328542
chr2	26308173	27275817	ADGRF3,SELENOI,DRC1,OTOF,FAM166C,CIB4,KCNK3,SLC35F6,CENPA,DPYSL5,MAPRE3,TMEM214,AGBL5,OST4,EMILIN1,KHK,CGREF1,ABHD1,PREB,PRR30,TCF23,SLC5A6,ATRAID,CAD,SLC30A3	0.0010320948899535305	0.005513061624205621
chr2	26581205	27356999	CIB4,KCNK3,SLC35F6,CENPA,DPYSL5,MAPRE3,TMEM214,AGBL5,OST4,EMILIN1,KHK,CGREF1,ABHD1,PREB,PRR30,TCF23,SLC5A6,ATRAID,CAD,SLC30A3,DNAJC5G,TRIM54,UCN,MPV17,GTF3C2	0.0041773165789315315	0.008884486212297652
chr2	26970637	27442259	MAPRE3,TMEM214,AGBL5,OST4,EMILIN1,KHK,CGREF1,ABHD1,PREB,PRR30,TCF23,SLC5A6,ATRAID,CAD,SLC30A3,DNAJC5G,TRIM54,UCN,MPV17,GTF3C2,EIF2B4,SNX17,ZNF513,PPM1G,NRBP1	0.009216860447269987	0.01074850886458536
chr2	27086772	27582722	KHK,CGREF1,ABHD1,PREB,PRR30,TCF23,SLC5A6,ATRAID,CAD,SLC30A3,DNAJC5G,TRIM54,UCN,MPV17,GTF3C2,EIF2B4,SNX17,ZNF513,PPM1G,NRBP1,KRTCAP3,IFT172,FNDC4,GCKR,C2orf16	0.01243249256322645	0.013414854566659902
chr2	27149004	27695366	TCF23,SLC5A6,ATRAID,CAD,SLC30A3,DNAJC5G,TRIM54,UCN,MPV17,GTF3C2,EIF2B4,SNX17,ZNF513,PPM1G,NRBP1,KRTCAP3,IFT172,FNDC4,GCKR,C2orf16,ZNF512,CCDC121,GPN1,SUPT7L,SLC4A1AP	0.012811366221396909	0.013304478885294227
chr2	27275433	28644142	DNAJC5G,TRIM54,UCN,MPV17,GTF3C2,EIF2B4,SNX17,ZNF513,PPM1G,NRBP1,KRTCAP3,IFT172,FNDC4,GCKR,C2orf16,ZNF512,CCDC121,GPN1,SUPT7L,SLC4A1AP,MRPL33,RBKS,BABAM2,FOSL2,PLB1	0.01102417249360726	0.01353284419090819
chr2	27364352	29052230	EIF2B4,SNX17,ZNF513,PPM1G,NRBP1,KRTCAP3,IFT172,FNDC4,GCKR,C2orf16,ZNF512,CCDC121,GPN1,SUPT7L,SLC4A1AP,MRPL33,RBKS,BABAM2,FOSL2,PLB1,PPP1CB,SPDYA,TRMT61B,WDR43,TOGARAM2	0.016023203616702016	0.015086439091600143
chr2	27442366	30323730	KRTCAP3,IFT172,FNDC4,GCKR,C2orf16,ZNF512,CCDC121,GPN1,SUPT7L,SLC4A1AP,MRPL33,RBKS,BABAM2,FOSL2,PLB1,PPP1CB,SPDYA,TRMT61B,WDR43,TOGARAM2,PCARE,CLIP4,ALK,YPEL5,LBH	0.014485953705636361	0.012958159571672541
chr2	27582969	31269451	ZNF512,CCDC121,GPN1,SUPT7L,SLC4A1AP,MRPL33,RBKS,BABAM2,FOSL2,PLB1,PPP1CB,SPDYA,TRMT61B,WDR43,TOGARAM2,PCARE,CLIP4,ALK,YPEL5,LBH,LCLAT1,CAPN13,GALNT14,CAPN14,EHD3	0.010763806964964377	0.012082362609629317
chr2	27771717	32157637	MRPL33,RBKS,BABAM2,FOSL2,PLB1,PPP1CB,SPDYA,TRMT61B,WDR43,TOGARAM2,PCARE,CLIP4,ALK,YPEL5,LBH,LCLAT1,CAPN13,GALNT14,CAPN14,EHD3,XDH,SRD5A2,MEMO1,DPY30,SPAST	0.008656933491412359	0.014519373897517604
chr2	28751640	32821051	PPP1CB,SPDYA,TRMT61B,WDR43,TOGARAM2,PCARE,CLIP4,ALK,YPEL5,LBH,LCLAT1,CAPN13,GALNT14,CAPN14,EHD3,XDH,SRD5A2,MEMO1,DPY30,SPAST,SLC30A6,NLRC4,YIPF4,BIRC6,TTC27	0.00665962753089447	0.01136596178950051
chr2	29060976	36646087	PCARE,CLIP4,ALK,YPEL5,LBH,LCLAT1,CAPN13,GALNT14,CAPN14,EHD3,XDH,SRD5A2,MEMO1,DPY30,SPAST,SLC30A6,NLRC4,YIPF4,BIRC6,TTC27,LTBP1,RASGRP3,FAM98A,CRIM1,FEZ2	0.006799851699179743	0.012085300478592725
chr2	30447226	37157522	LCLAT1,CAPN13,GALNT14,CAPN14,EHD3,XDH,SRD5A2,MEMO1,DPY30,SPAST,SLC30A6,NLRC4,YIPF4,BIRC6,TTC27,LTBP1,RASGRP3,FAM98A,CRIM1,FEZ2,VIT,STRN,HEATR5B,GPATCH11,EIF2AK2	0.010388437003265963	0.012970904090236348
chr2	31334321	37324833	XDH,SRD5A2,MEMO1,DPY30,SPAST,SLC30A6,NLRC4,YIPF4,BIRC6,TTC27,LTBP1,RASGRP3,FAM98A,CRIM1,FEZ2,VIT,STRN,HEATR5B,GPATCH11,EIF2AK2,SULT6B1,CEBPZOS,CEBPZ,NDUFAF7,PRKD3	0.013744648520593478	0.01444628270626751
chr2	32165841	38377285	SLC30A6,NLRC4,YIPF4,BIRC6,TTC27,LTBP1,RASGRP3,FAM98A,CRIM1,FEZ2,VIT,STRN,HEATR5B,GPATCH11,EIF2AK2,SULT6B1,CEBPZOS,CEBPZ,NDUFAF7,PRKD3,QPCT,CDC42EP3,RMDN2,CYP1B1,ATL2	0.016717785771975288	0.015319825498685753
chr2	32946953	38875934	LTBP1,RASGRP3,FAM98A,CRIM1,FEZ2,VIT,STRN,HEATR5B,GPATCH11,EIF2AK2,SULT6B1,CEBPZOS,CEBPZ,NDUFAF7,PRKD3,QPCT,CDC42EP3,RMDN2,CYP1B1,ATL2,HNRNPLL,GALM,SRSF7,GEMIN6,DHX57	0.01779717185236812	0.015450053739035867
chr2	36696690	39437301	VIT,STRN,HEATR5B,GPATCH11,EIF2AK2,SULT6B1,CEBPZOS,CEBPZ,NDUFAF7,PRKD3,QPCT,CDC42EP3,RMDN2,CYP1B1,ATL2,HNRNPLL,GALM,SRSF7,GEMIN6,DHX57,MORN2,ARHGEF33,SOS1,CDKL4,MAP4K3	0.011599162609949655	0.009224888107009175
chr2	37167820	42332548	SULT6B1,CEBPZOS,CEBPZ,NDUFAF7,PRKD3,QPCT,CDC42EP3,RMDN2,CYP1B1,ATL2,HNRNPLL,GALM,SRSF7,GEMIN6,DHX57,MORN2,ARHGEF33,SOS1,CDKL4,MAP4K3,TMEM178A,THUMPD2,SLC8A1,PKDCC,EML4	0.004470470328848328	0.0032480475177934106
chr2	37342827	42792593	QPCT,CDC42EP3,RMDN2,CYP1B1,ATL2,HNRNPLL,GALM,SRSF7,GEMIN6,DHX57,MORN2,ARHGEF33,SOS1,CDKL4,MAP4K3,TMEM178A,THUMPD2,SLC8A1,PKDCC,EML4,COX7A2L,KCNG3,MTA3,OXER1,HAAO	0.007519947117752314	0.00945665924865799
chr2	38561969	43810010	HNRNPLL,GALM,SRSF7,GEMIN6,DHX57,MORN2,ARHGEF33,SOS1,CDKL4,MAP4K3,TMEM178A,THUMPD2,SLC8A1,PKDCC,EML4,COX7A2L,KCNG3,MTA3,OXER1,HAAO,ZFP36L2,THADA,PLEKHH2,C1GALT1C1L,DYNC2LI1	0.011670565641786455	0.010290998865451418
chr2	38875976	44320310	MORN2,ARHGEF33,SOS1,CDKL4,MAP4K3,TMEM178A,THUMPD2,SLC8A1,PKDCC,EML4,COX7A2L,KCNG3,MTA3,OXER1,HAAO,ZFP36L2,THADA,PLEKHH2,C1GALT1C1L,DYNC2LI1,ABCG5,ABCG8,LRPPRC,PPM1B,ENSG00000285542	0.01151563511072897	0.008759513136193622
chr2	39664982	45009452	TMEM178A,THUMPD2,SLC8A1,PKDCC,EML4,COX7A2L,KCNG3,MTA3,OXER1,HAAO,ZFP36L2,THADA,PLEKHH2,C1GALT1C1L,DYNC2LI1,ABCG5,ABCG8,LRPPRC,PPM1B,ENSG00000285542,SLC3A1,PREPL,CAMKMT,SIX3,SIX2	0.013471290310534059	0.010443647029486476
chr2	42333546	46542577	COX7A2L,KCNG3,MTA3,OXER1,HAAO,ZFP36L2,THADA,PLEKHH2,C1GALT1C1L,DYNC2LI1,ABCG5,ABCG8,LRPPRC,PPM1B,ENSG00000285542,SLC3A1,PREPL,CAMKMT,SIX3,SIX2,SRBD1,PRKCE,EPAS1,TMEM247,ATP6V1E2	0.016187709990304968	0.01510763315745692
chr2	43222402	46941855	ZFP36L2,THADA,PLEKHH2,C1GALT1C1L,DYNC2LI1,ABCG5,ABCG8,LRPPRC,PPM1B,ENSG00000285542,SLC3A1,PREPL,CAMKMT,SIX3,SIX2,SRBD1,PRKCE,EPAS1,TMEM247,ATP6V1E2,RHOQ,PIGF,CRIPT,SOCS5,MCFD2	0.013232896071188029	0.014428025909657562
chr2	43812472	47387601	ABCG5,ABCG8,LRPPRC,PPM1B,ENSG00000285542,SLC3A1,PREPL,CAMKMT,SIX3,SIX2,SRBD1,PRKCE,EPAS1,TMEM247,ATP6V1E2,RHOQ,PIGF,CRIPT,SOCS5,MCFD2,TTC7A,STPG4,ENSG00000273269,CALM2,EPCAM	0.01200072304537869	0.01437205292241297
chr2	44275458	48379295	SLC3A1,PREPL,CAMKMT,SIX3,SIX2,SRBD1,PRKCE,EPAS1,TMEM247,ATP6V1E2,RHOQ,PIGF,CRIPT,SOCS5,MCFD2,TTC7A,STPG4,ENSG00000273269,CALM2,EPCAM,MSH2,KCNK12,MSH6,FBXO11,FOXN2	0.0047444819119760034	0.01211943575776945
chr2	45388680	48776517	SRBD1,PRKCE,EPAS1,TMEM247,ATP6V1E2,RHOQ,PIGF,CRIPT,SOCS5,MCFD2,TTC7A,STPG4,ENSG00000273269,CALM2,EPCAM,MSH2,KCNK12,MSH6,FBXO11,FOXN2,PPP1R21,STON1,STON1-GTF2A1L,GTF2A1L,ENSG00000279956	-0.009141580935522453	0.006223148791803204
chr2	46541806	53860160	RHOQ,PIGF,CRIPT,SOCS5,MCFD2,TTC7A,STPG4,ENSG00000273269,CALM2,EPCAM,MSH2,KCNK12,MSH6,FBXO11,FOXN2,PPP1R21,STON1,STON1-GTF2A1L,GTF2A1L,ENSG00000279956,LHCGR,FSHR,NRXN1,ASB3,CHAC2	-0.005431238112037713	0.011045561585198307
chr2	46915869	54305300	TTC7A,STPG4,ENSG00000273269,CALM2,EPCAM,MSH2,KCNK12,MSH6,FBXO11,FOXN2,PPP1R21,STON1,STON1-GTF2A1L,GTF2A1L,ENSG00000279956,LHCGR,FSHR,NRXN1,ASB3,CHAC2,ERLEC1,GPR75,PSME4,ACYP2,TSPYL6	0.0025111570991030864	0.008059130013771756
chr2	47403067	55232563	MSH2,KCNK12,MSH6,FBXO11,FOXN2,PPP1R21,STON1,STON1-GTF2A1L,GTF2A1L,ENSG00000279956,LHCGR,FSHR,NRXN1,ASB3,CHAC2,ERLEC1,GPR75,PSME4,ACYP2,TSPYL6,C2orf73,SPTBN1,EML6,RTN4,CLHC1	0.006209882479835271	0.005342018420246244
chr2	48440598	55618880	PPP1R21,STON1,STON1-GTF2A1L,GTF2A1L,ENSG00000279956,LHCGR,FSHR,NRXN1,ASB3,CHAC2,ERLEC1,GPR75,PSME4,ACYP2,TSPYL6,C2orf73,SPTBN1,EML6,RTN4,CLHC1,RPS27A,MTIF2,CCDC88A,CFAP36,PPP4R3B	0.008466632901091667	0.006814569891252977
chr2	48686774	58241410	LHCGR,FSHR,NRXN1,ASB3,CHAC2,ERLEC1,GPR75,PSME4,ACYP2,TSPYL6,C2orf73,SPTBN1,EML6,RTN4,CLHC1,RPS27A,MTIF2,CCDC88A,CFAP36,PPP4R3B,PNPT1,EFEMP1,CCDC85A,VRK2,FANCL	0.005720639930962568	0.005244155524863257
chr2	53787009	61051990	ERLEC1,GPR75,PSME4,ACYP2,TSPYL6,C2orf73,SPTBN1,EML6,RTN4,CLHC1,RPS27A,MTIF2,CCDC88A,CFAP36,PPP4R3B,PNPT1,EFEMP1,CCDC85A,VRK2,FANCL,BCL11A,PAPOLG,REL,PUS10,PEX13	-0.008081044054602705	0.006510923920041771
chr2	54330034	61888671	C2orf73,SPTBN1,EML6,RTN4,CLHC1,RPS27A,MTIF2,CCDC88A,CFAP36,PPP4R3B,PNPT1,EFEMP1,CCDC85A,VRK2,FANCL,BCL11A,PAPOLG,REL,PUS10,PEX13,C2orf74,USP34,XPO1,FAM161A,CCT4	-0.022978226146454082	0.0071415934051119075
chr2	55231903	63057836	RPS27A,MTIF2,CCDC88A,CFAP36,PPP4R3B,PNPT1,EFEMP1,CCDC85A,VRK2,FANCL,BCL11A,PAPOLG,REL,PUS10,PEX13,C2orf74,USP34,XPO1,FAM161A,CCT4,COMMD1,B3GNT2,TMEM17,EHBP1,OTX1	-0.026342463757585866	0.007025276680166808
chr2	55634061	64144420	PNPT1,EFEMP1,CCDC85A,VRK2,FANCL,BCL11A,PAPOLG,REL,PUS10,PEX13,C2orf74,USP34,XPO1,FAM161A,CCT4,COMMD1,B3GNT2,TMEM17,EHBP1,OTX1,WDPCP,MDH1,UGP2,VPS54,PELI1	-0.010958280319168226	0.007289184378139197
chr2	60450520	65087004	BCL11A,PAPOLG,REL,PUS10,PEX13,C2orf74,USP34,XPO1,FAM161A,CCT4,COMMD1,B3GNT2,TMEM17,EHBP1,OTX1,WDPCP,MDH1,UGP2,VPS54,PELI1,LGALSL,AFTPH,SERTAD2,SLC1A4,CEP68	0.0030363525302905914	0.007210606146386054
chr2	61145068	67412089	C2orf74,USP34,XPO1,FAM161A,CCT4,COMMD1,B3GNT2,TMEM17,EHBP1,OTX1,WDPCP,MDH1,UGP2,VPS54,PELI1,LGALSL,AFTPH,SERTAD2,SLC1A4,CEP68,RAB1A,ACTR2,SPRED2,MEIS1,ETAA1	0.0033718121017075127	0.0056955697155350645
chr2	61888724	68320051	COMMD1,B3GNT2,TMEM17,EHBP1,OTX1,WDPCP,MDH1,UGP2,VPS54,PELI1,LGALSL,AFTPH,SERTAD2,SLC1A4,CEP68,RAB1A,ACTR2,SPRED2,MEIS1,ETAA1,C1D,ENSG00000273398,PNO1,PPP3R1,CNRIP1	0.010659589249302825	0.009780144756424606
chr2	63119559	68826833	WDPCP,MDH1,UGP2,VPS54,PELI1,LGALSL,AFTPH,SERTAD2,SLC1A4,CEP68,RAB1A,ACTR2,SPRED2,MEIS1,ETAA1,C1D,ENSG00000273398,PNO1,PPP3R1,CNRIP1,PLEK,FBXO48,APLF,PROKR1,ARHGAP25	0.015730331367677187	0.01091747184524169
chr2	64453969	69387250	LGALSL,AFTPH,SERTAD2,SLC1A4,CEP68,RAB1A,ACTR2,SPRED2,MEIS1,ETAA1,C1D,ENSG00000273398,PNO1,PPP3R1,CNRIP1,PLEK,FBXO48,APLF,PROKR1,ARHGAP25,BMP10,GKN2,GKN1,ANTXR1,GFPT1	0.015337729118607034	0.014285731123995463
chr2	65070696	69905575	RAB1A,ACTR2,SPRED2,MEIS1,ETAA1,C1D,ENSG00000273398,PNO1,PPP3R1,CNRIP1,PLEK,FBXO48,APLF,PROKR1,ARHGAP25,BMP10,GKN2,GKN1,ANTXR1,GFPT1,NFU1,AAK1,ANXA4,GMCL1,SNRNP27	0.006438354214097377	0.007028604145900543
chr2	68041130	70248660	C1D,ENSG00000273398,PNO1,PPP3R1,CNRIP1,PLEK,FBXO48,APLF,PROKR1,ARHGAP25,BMP10,GKN2,GKN1,ANTXR1,GFPT1,NFU1,AAK1,ANXA4,GMCL1,SNRNP27,MXD1,ASPRV1,PCBP1,C2orf42,TIA1	0.012376679907526247	0.014037195587653274
chr2	68365282	70768225	PLEK,FBXO48,APLF,PROKR1,ARHGAP25,BMP10,GKN2,GKN1,ANTXR1,GFPT1,NFU1,AAK1,ANXA4,GMCL1,SNRNP27,MXD1,ASPRV1,PCBP1,C2orf42,TIA1,PCYOX1,SNRPG,FAM136A,TGFA,ADD2	0.013504663807503894	0.00875819559325906
chr2	68860909	70965431	BMP10,GKN2,GKN1,ANTXR1,GFPT1,NFU1,AAK1,ANXA4,GMCL1,SNRNP27,MXD1,ASPRV1,PCBP1,C2orf42,TIA1,PCYOX1,SNRPG,FAM136A,TGFA,ADD2,FIGLA,CLEC4F,CD207,VAX2,ATP6V1B1	0.014714156479496634	0.006548891858546107
chr2	69396113	71130239	NFU1,AAK1,ANXA4,GMCL1,SNRNP27,MXD1,ASPRV1,PCBP1,C2orf42,TIA1,PCYOX1,SNRPG,FAM136A,TGFA,ADD2,FIGLA,CLEC4F,CD207,VAX2,ATP6V1B1,ENSG00000258881,TEX261,ANKRD53,NAGK,MCEE	0.011158488350211323	0.005838685647943279
chr2	69897688	72147862	MXD1,ASPRV1,PCBP1,C2orf42,TIA1,PCYOX1,SNRPG,FAM136A,TGFA,ADD2,FIGLA,CLEC4F,CD207,VAX2,ATP6V1B1,ENSG00000258881,TEX261,ANKRD53,NAGK,MCEE,MPHOSPH10,PAIP2B,ZNF638,DYSF,CYP26B1	0.008630577153623482	0.008611981464239141
chr2	70257386	73156721	PCYOX1,SNRPG,FAM136A,TGFA,ADD2,FIGLA,CLEC4F,CD207,VAX2,ATP6V1B1,ENSG00000258881,TEX261,ANKRD53,NAGK,MCEE,MPHOSPH10,PAIP2B,ZNF638,DYSF,CYP26B1,EXOC6B,SPR,EMX1,SFXN5,RAB11FIP5	0.013458568493223414	0.013186653757742623
chr2	70777310	73284478	FIGLA,CLEC4F,CD207,VAX2,ATP6V1B1,ENSG00000258881,TEX261,ANKRD53,NAGK,MCEE,MPHOSPH10,PAIP2B,ZNF638,DYSF,CYP26B1,EXOC6B,SPR,EMX1,SFXN5,RAB11FIP5,NOTO,SMYD5,PRADC1,CCT7,FBXO41	0.01583179184401982	0.010370739899379585
chr2	70939318	73780132	ENSG00000258881,TEX261,ANKRD53,NAGK,MCEE,MPHOSPH10,PAIP2B,ZNF638,DYSF,CYP26B1,EXOC6B,SPR,EMX1,SFXN5,RAB11FIP5,NOTO,SMYD5,PRADC1,CCT7,FBXO41,EGR4,ALMS1,NAT8,TPRKB,DUSP11	0.014889502331437184	0.009868301955210627
chr2	71130310	74108176	MPHOSPH10,PAIP2B,ZNF638,DYSF,CYP26B1,EXOC6B,SPR,EMX1,SFXN5,RAB11FIP5,NOTO,SMYD5,PRADC1,CCT7,FBXO41,EGR4,ALMS1,NAT8,TPRKB,DUSP11,C2orf78,STAMBP,ACTG2,DGUOK,TET3	0.010525657519571819	0.00831007192731153
chr2	72175984	74363377	EXOC6B,SPR,EMX1,SFXN5,RAB11FIP5,NOTO,SMYD5,PRADC1,CCT7,FBXO41,EGR4,ALMS1,NAT8,TPRKB,DUSP11,C2orf78,STAMBP,ACTG2,DGUOK,TET3,BOLA3,MOB1A,MTHFD2,ENSG00000264324,SLC4A5	0.010254449805433618	0.00947551315728618
chr2	73202574	74442422	NOTO,SMYD5,PRADC1,CCT7,FBXO41,EGR4,ALMS1,NAT8,TPRKB,DUSP11,C2orf78,STAMBP,ACTG2,DGUOK,TET3,BOLA3,MOB1A,MTHFD2,ENSG00000264324,SLC4A5,DCTN1,ENSG00000159239,C2orf81,WDR54,RTKN	0.008123876290100815	0.007175547051910499
chr2	73290929	74472687	EGR4,ALMS1,NAT8,TPRKB,DUSP11,C2orf78,STAMBP,ACTG2,DGUOK,TET3,BOLA3,MOB1A,MTHFD2,ENSG00000264324,SLC4A5,DCTN1,ENSG00000159239,C2orf81,WDR54,RTKN,INO80B,INO80B-WBP1,WBP1,MOGS,MRPL53	0.009630645778521867	0.009969834987522422
chr2	73784183	74517148	C2orf78,STAMBP,ACTG2,DGUOK,TET3,BOLA3,MOB1A,MTHFD2,ENSG00000264324,SLC4A5,DCTN1,ENSG00000159239,C2orf81,WDR54,RTKN,INO80B,INO80B-WBP1,WBP1,MOGS,MRPL53,CCDC142,TTC31,LBX2,PCGF1,TLX2	0.011112279156613851	0.013084805762177064
chr2	74135400	74557551	BOLA3,MOB1A,MTHFD2,ENSG00000264324,SLC4A5,DCTN1,ENSG00000159239,C2orf81,WDR54,RTKN,INO80B,INO80B-WBP1,WBP1,MOGS,MRPL53,CCDC142,TTC31,LBX2,PCGF1,TLX2,DQX1,AUP1,HTRA2,LOXL3,DOK1	0.007947363704844718	0.007853348769336348
chr2	74361154	75199520	DCTN1,ENSG00000159239,C2orf81,WDR54,RTKN,INO80B,INO80B-WBP1,WBP1,MOGS,MRPL53,CCDC142,TTC31,LBX2,PCGF1,TLX2,DQX1,AUP1,HTRA2,LOXL3,DOK1,M1AP,SEMA4F,HK2,POLE4,TACR1	0.0062657959474387796	0.005905142243763263
chr2	74455087	79028505	INO80B,INO80B-WBP1,WBP1,MOGS,MRPL53,CCDC142,TTC31,LBX2,PCGF1,TLX2,DQX1,AUP1,HTRA2,LOXL3,DOK1,M1AP,SEMA4F,HK2,POLE4,TACR1,EVA1A,MRPL19,GCFC2,LRRTM4,REG3G	0.009686263217041318	0.010160939779857664
chr2	74471986	80648861	CCDC142,TTC31,LBX2,PCGF1,TLX2,DQX1,AUP1,HTRA2,LOXL3,DOK1,M1AP,SEMA4F,HK2,POLE4,TACR1,EVA1A,MRPL19,GCFC2,LRRTM4,REG3G,REG1B,REG1A,REG3A,CTNNA2,LRRTM1	0.013740503404095139	0.01384701360061683
chr2	74518131	85059472	DQX1,AUP1,HTRA2,LOXL3,DOK1,M1AP,SEMA4F,HK2,POLE4,TACR1,EVA1A,MRPL19,GCFC2,LRRTM4,REG3G,REG1B,REG1A,REG3A,CTNNA2,LRRTM1,SUCLG1,DNAH6,TRABD2A,TMSB10,KCMF1	0.007235057893812544	0.015399221033318394
chr2	74557883	85418432	M1AP,SEMA4F,HK2,POLE4,TACR1,EVA1A,MRPL19,GCFC2,LRRTM4,REG3G,REG1B,REG1A,REG3A,CTNNA2,LRRTM1,SUCLG1,DNAH6,TRABD2A,TMSB10,KCMF1,TCF7L1,TGOLN2,RETSAT,ELMOD3,CAPG	-0.004915817245000146	0.010948810571667257
chr2	75469302	85593406	EVA1A,MRPL19,GCFC2,LRRTM4,REG3G,REG1B,REG1A,REG3A,CTNNA2,LRRTM1,SUCLG1,DNAH6,TRABD2A,TMSB10,KCMF1,TCF7L1,TGOLN2,RETSAT,ELMOD3,CAPG,SH2D6,MAT2A,GGCX,VAMP8,VAMP5	-0.016693872639375072	0.009824757298203183
chr2	79085023	85668741	REG1B,REG1A,REG3A,CTNNA2,LRRTM1,SUCLG1,DNAH6,TRABD2A,TMSB10,KCMF1,TCF7L1,TGOLN2,RETSAT,ELMOD3,CAPG,SH2D6,MAT2A,GGCX,VAMP8,VAMP5,RNF181,TMEM150A,USP39,C2orf68,SFTPB	-0.0035398086438542314	0.011515597638970478
chr2	84423528	86142157	SUCLG1,DNAH6,TRABD2A,TMSB10,KCMF1,TCF7L1,TGOLN2,RETSAT,ELMOD3,CAPG,SH2D6,MAT2A,GGCX,VAMP8,VAMP5,RNF181,TMEM150A,USP39,C2orf68,SFTPB,GNLY,ATOH8,ST3GAL5,POLR1A,PTCD3	0.010177596627559399	0.015437312451684818
chr2	85133392	86563479	TCF7L1,TGOLN2,RETSAT,ELMOD3,CAPG,SH2D6,MAT2A,GGCX,VAMP8,VAMP5,RNF181,TMEM150A,USP39,C2orf68,SFTPB,GNLY,ATOH8,ST3GAL5,POLR1A,PTCD3,IMMT,MRPL35,REEP1,KDM3A,CHMP3	0.012348586888621288	0.014670921762970227
chr2	85418714	86861924	SH2D6,MAT2A,GGCX,VAMP8,VAMP5,RNF181,TMEM150A,USP39,C2orf68,SFTPB,GNLY,ATOH8,ST3GAL5,POLR1A,PTCD3,IMMT,MRPL35,REEP1,KDM3A,CHMP3,RNF103-CHMP3,RNF103,RMND5A,CD8A,CD8B	0.01259897006885647	0.015834553786924197
chr2	85595725	88064252	RNF181,TMEM150A,USP39,C2orf68,SFTPB,GNLY,ATOH8,ST3GAL5,POLR1A,PTCD3,IMMT,MRPL35,REEP1,KDM3A,CHMP3,RNF103-CHMP3,RNF103,RMND5A,CD8A,CD8B,RGPD1,PLGLB1,PLGLB2,RGPD2,KRCC1	0.0158903840561864	0.01805968830048074
chr2	85685175	88529585	GNLY,ATOH8,ST3GAL5,POLR1A,PTCD3,IMMT,MRPL35,REEP1,KDM3A,CHMP3,RNF103-CHMP3,RNF103,RMND5A,CD8A,CD8B,RGPD1,PLGLB1,PLGLB2,RGPD2,KRCC1,SMYD1,FABP1,THNSL2,FOXI3,TEX37	0.01309690999364859	0.013480529085966883
chr2	86143932	95122006	IMMT,MRPL35,REEP1,KDM3A,CHMP3,RNF103-CHMP3,RNF103,RMND5A,CD8A,CD8B,RGPD1,PLGLB1,PLGLB2,RGPD2,KRCC1,SMYD1,FABP1,THNSL2,FOXI3,TEX37,EIF2AK3,RPIA,TEKT4,MAL,MRPS5	0.0046228467889193854	0.004160843363036337
chr2	86505668	95416616	RNF103-CHMP3,RNF103,RMND5A,CD8A,CD8B,RGPD1,PLGLB1,PLGLB2,RGPD2,KRCC1,SMYD1,FABP1,THNSL2,FOXI3,TEX37,EIF2AK3,RPIA,TEKT4,MAL,MRPS5,ZNF514,ZNF2,PROM2,KCNIP3,FAHD2A	0.00447748176742938	0.004133324390486944
chr2	86913783	96116571	RGPD1,PLGLB1,PLGLB2,RGPD2,KRCC1,SMYD1,FABP1,THNSL2,FOXI3,TEX37,EIF2AK3,RPIA,TEKT4,MAL,MRPS5,ZNF514,ZNF2,PROM2,KCNIP3,FAHD2A,TRIM43B,TRIM43,ANKRD36C,GPAT2,ADRA2B	0.009741366401503929	0.009380898754798304
chr2	88067825	96274173	SMYD1,FABP1,THNSL2,FOXI3,TEX37,EIF2AK3,RPIA,TEKT4,MAL,MRPS5,ZNF514,ZNF2,PROM2,KCNIP3,FAHD2A,TRIM43B,TRIM43,ANKRD36C,GPAT2,ADRA2B,ASTL,DUSP2,STARD7,TMEM127,CIAO1	0.011240304705749691	0.011863535647029742
chr2	88556741	96552634	EIF2AK3,RPIA,TEKT4,MAL,MRPS5,ZNF514,ZNF2,PROM2,KCNIP3,FAHD2A,TRIM43B,TRIM43,ANKRD36C,GPAT2,ADRA2B,ASTL,DUSP2,STARD7,TMEM127,CIAO1,SNRNP200,ITPRIPL1,NCAPH,NEURL3,ARID5A	0.011778011939356436	0.015276182419543583
chr2	95122087	96835382	ZNF514,ZNF2,PROM2,KCNIP3,FAHD2A,TRIM43B,TRIM43,ANKRD36C,GPAT2,ADRA2B,ASTL,DUSP2,STARD7,TMEM127,CIAO1,SNRNP200,ITPRIPL1,NCAPH,NEURL3,ARID5A,KANSL3,FER1L5,LMAN2L,CNNM4,CNNM3	0.010651713915191431	0.016521052568315833
chr2	95477008	97094882	TRIM43B,TRIM43,ANKRD36C,GPAT2,ADRA2B,ASTL,DUSP2,STARD7,TMEM127,CIAO1,SNRNP200,ITPRIPL1,NCAPH,NEURL3,ARID5A,KANSL3,FER1L5,LMAN2L,CNNM4,CNNM3,ANKRD23,ANKRD39,SEMA4C,FAM178B,FAHD2B	0.010504810373003128	0.013519933907830775
chr2	96122818	97703066	ASTL,DUSP2,STARD7,TMEM127,CIAO1,SNRNP200,ITPRIPL1,NCAPH,NEURL3,ARID5A,KANSL3,FER1L5,LMAN2L,CNNM4,CNNM3,ANKRD23,ANKRD39,SEMA4C,FAM178B,FAHD2B,ANKRD36,ANKRD36B,COX5B,ACTR1B,C2orf92	0.007650985000116103	0.008711420395705223
chr2	96274338	98594392	SNRNP200,ITPRIPL1,NCAPH,NEURL3,ARID5A,KANSL3,FER1L5,LMAN2L,CNNM4,CNNM3,ANKRD23,ANKRD39,SEMA4C,FAM178B,FAHD2B,ANKRD36,ANKRD36B,COX5B,ACTR1B,C2orf92,ZAP70,TMEM131,VWA3B,CNGA3,INPP4A	0.00801361746542033	0.011435443930042987
chr2	96593170	99154964	KANSL3,FER1L5,LMAN2L,CNNM4,CNNM3,ANKRD23,ANKRD39,SEMA4C,FAM178B,FAHD2B,ANKRD36,ANKRD36B,COX5B,ACTR1B,C2orf92,ZAP70,TMEM131,VWA3B,CNGA3,INPP4A,COA5,UNC50,MGAT4A,CRACDL,TSGA10	0.0014205215124577539	0.005036317438032261
chr2	96824526	99322741	ANKRD23,ANKRD39,SEMA4C,FAM178B,FAHD2B,ANKRD36,ANKRD36B,COX5B,ACTR1B,C2orf92,ZAP70,TMEM131,VWA3B,CNGA3,INPP4A,COA5,UNC50,MGAT4A,CRACDL,TSGA10,ENSG00000241962,C2orf15,LIPT1,ENSG00000273155,MITD1	0.01059497360271498	0.010931928887873598
chr2	97113153	99401326	ANKRD36,ANKRD36B,COX5B,ACTR1B,C2orf92,ZAP70,TMEM131,VWA3B,CNGA3,INPP4A,COA5,UNC50,MGAT4A,CRACDL,TSGA10,ENSG00000241962,C2orf15,LIPT1,ENSG00000273155,MITD1,MRPL30,LYG2,LYG1,TXNDC9,EIF5B	0.013585343243489726	0.012729109774043746
chr2	97713576	100483280	ZAP70,TMEM131,VWA3B,CNGA3,INPP4A,COA5,UNC50,MGAT4A,CRACDL,TSGA10,ENSG00000241962,C2orf15,LIPT1,ENSG00000273155,MITD1,MRPL30,LYG2,LYG1,TXNDC9,EIF5B,REV1,AFF3,LONRF2,CHST10,NMS	0.012401132394289178	0.011008322320814456
chr2	98599314	101270316	COA5,UNC50,MGAT4A,CRACDL,TSGA10,ENSG00000241962,C2orf15,LIPT1,ENSG00000273155,MITD1,MRPL30,LYG2,LYG1,TXNDC9,EIF5B,REV1,AFF3,LONRF2,CHST10,NMS,PDCL3,NPAS2,RPL31,TBC1D8,CNOT11	0.022973833644377523	0.013731646640442297
chr2	99141485	102028544	ENSG00000241962,C2orf15,LIPT1,ENSG00000273155,MITD1,MRPL30,LYG2,LYG1,TXNDC9,EIF5B,REV1,AFF3,LONRF2,CHST10,NMS,PDCL3,NPAS2,RPL31,TBC1D8,CNOT11,RNF149,CREG2,RFX8,MAP4K4,IL1R2	0.028651394148489377	0.009716226183655996
chr2	99181152	102452565	MRPL30,LYG2,LYG1,TXNDC9,EIF5B,REV1,AFF3,LONRF2,CHST10,NMS,PDCL3,NPAS2,RPL31,TBC1D8,CNOT11,RNF149,CREG2,RFX8,MAP4K4,IL1R2,IL1R1,IL1RL2,IL1RL1,IL18R1,IL18RAP	0.024720392233466837	0.004883080933078526
chr2	99400475	104858574	REV1,AFF3,LONRF2,CHST10,NMS,PDCL3,NPAS2,RPL31,TBC1D8,CNOT11,RNF149,CREG2,RFX8,MAP4K4,IL1R2,IL1R1,IL1RL2,IL1RL1,IL18R1,IL18RAP,SLC9A4,SLC9A2,MFSD9,TMEM182,POU3F3	0.011567080693043453	0.00543791795934998
chr2	100562993	105438513	PDCL3,NPAS2,RPL31,TBC1D8,CNOT11,RNF149,CREG2,RFX8,MAP4K4,IL1R2,IL1R1,IL1RL2,IL1RL1,IL18R1,IL18RAP,SLC9A4,SLC9A2,MFSD9,TMEM182,POU3F3,MRPS9,GPR45,TGFBRAP1,C2orf49,FHL2	0.006145418131671324	0.0067187229162795235
chr2	101271219	106544297	RNF149,CREG2,RFX8,MAP4K4,IL1R2,IL1R1,IL1RL2,IL1RL1,IL18R1,IL18RAP,SLC9A4,SLC9A2,MFSD9,TMEM182,POU3F3,MRPS9,GPR45,TGFBRAP1,C2orf49,FHL2,NCK2,ECRG4,UXS1,RGPD3,CD8B2	0.00965259185258431	0.011918869651351575
chr2	102064544	108309915	IL1R1,IL1RL2,IL1RL1,IL18R1,IL18RAP,SLC9A4,SLC9A2,MFSD9,TMEM182,POU3F3,MRPS9,GPR45,TGFBRAP1,C2orf49,FHL2,NCK2,ECRG4,UXS1,RGPD3,CD8B2,ST6GAL2,RGPD4,SLC5A7,SULT1C3,SULT1C2	0.016495973027541872	0.015993724492323447
chr2	102473226	108885477	SLC9A4,SLC9A2,MFSD9,TMEM182,POU3F3,MRPS9,GPR45,TGFBRAP1,C2orf49,FHL2,NCK2,ECRG4,UXS1,RGPD3,CD8B2,ST6GAL2,RGPD4,SLC5A7,SULT1C3,SULT1C2,SULT1C4,GCC2,LIMS1,RANBP2,CCDC138	0.013115650391192646	0.011707815994977071
chr2	105038069	109857705	MRPS9,GPR45,TGFBRAP1,C2orf49,FHL2,NCK2,ECRG4,UXS1,RGPD3,CD8B2,ST6GAL2,RGPD4,SLC5A7,SULT1C3,SULT1C2,SULT1C4,GCC2,LIMS1,RANBP2,CCDC138,EDAR,SH3RF3,SEPTIN10,SOWAHC,RGPD5	0.011373012631648676	0.007842210142169159
chr2	105744912	110245420	NCK2,ECRG4,UXS1,RGPD3,CD8B2,ST6GAL2,RGPD4,SLC5A7,SULT1C3,SULT1C2,SULT1C4,GCC2,LIMS1,RANBP2,CCDC138,EDAR,SH3RF3,SEPTIN10,SOWAHC,RGPD5,LIMS3,ENSG00000284337,MALL,NPHP1,MTLN	0.01939596433168398	0.013306549873491072
chr2	106801600	111118548	ST6GAL2,RGPD4,SLC5A7,SULT1C3,SULT1C2,SULT1C4,GCC2,LIMS1,RANBP2,CCDC138,EDAR,SH3RF3,SEPTIN10,SOWAHC,RGPD5,LIMS3,ENSG00000284337,MALL,NPHP1,MTLN,ENSG00000257207,LIMS4,RGPD6,BUB1,ACOXL	0.014042723850922688	0.009879613571448448
chr2	108377911	112188218	SULT1C4,GCC2,LIMS1,RANBP2,CCDC138,EDAR,SH3RF3,SEPTIN10,SOWAHC,RGPD5,LIMS3,ENSG00000284337,MALL,NPHP1,MTLN,ENSG00000257207,LIMS4,RGPD6,BUB1,ACOXL,BCL2L11,ANAPC1,MERTK,TMEM87B,FBLN7	0.005782666904475985	0.005210027504014395
chr2	108894471	112579818	EDAR,SH3RF3,SEPTIN10,SOWAHC,RGPD5,LIMS3,ENSG00000284337,MALL,NPHP1,MTLN,ENSG00000257207,LIMS4,RGPD6,BUB1,ACOXL,BCL2L11,ANAPC1,MERTK,TMEM87B,FBLN7,ZC3H8,ZC3H6,RGPD8,TTL,POLR1B	0.004413868768425695	0.004163423979918137
chr2	109898428	112784493	LIMS3,ENSG00000284337,MALL,NPHP1,MTLN,ENSG00000257207,LIMS4,RGPD6,BUB1,ACOXL,BCL2L11,ANAPC1,MERTK,TMEM87B,FBLN7,ZC3H8,ZC3H6,RGPD8,TTL,POLR1B,CHCHD5,SLC20A1,NT5DC4,CKAP2L,IL1A	0.009678073769420337	0.009178934241060897
chr2	110402934	113052867	ENSG00000257207,LIMS4,RGPD6,BUB1,ACOXL,BCL2L11,ANAPC1,MERTK,TMEM87B,FBLN7,ZC3H8,ZC3H6,RGPD8,TTL,POLR1B,CHCHD5,SLC20A1,NT5DC4,CKAP2L,IL1A,IL1B,IL37,IL36G,IL36A,IL36B	0.015241216255606895	0.016286022565787896
chr2	111119378	113278921	BCL2L11,ANAPC1,MERTK,TMEM87B,FBLN7,ZC3H8,ZC3H6,RGPD8,TTL,POLR1B,CHCHD5,SLC20A1,NT5DC4,CKAP2L,IL1A,IL1B,IL37,IL36G,IL36A,IL36B,IL36RN,IL1F10,IL1RN,PSD4,PAX8	0.007975484917522044	0.009333213663973822
chr2	112211529	115845780	ZC3H8,ZC3H6,RGPD8,TTL,POLR1B,CHCHD5,SLC20A1,NT5DC4,CKAP2L,IL1A,IL1B,IL37,IL36G,IL36A,IL36B,IL36RN,IL1F10,IL1RN,PSD4,PAX8,FOXD4L1,RABL2A,SLC35F5,ACTR3,DPP10	0.00164107049511952	0.0014849853521825868
chr2	112584240	118994660	CHCHD5,SLC20A1,NT5DC4,CKAP2L,IL1A,IL1B,IL37,IL36G,IL36A,IL36B,IL36RN,IL1F10,IL1RN,PSD4,PAX8,FOXD4L1,RABL2A,SLC35F5,ACTR3,DPP10,DDX18,CCDC93,INSIG2,EN1,MARCO	0.007760402968666653	0.004294687128451749
chr2	112829751	119438504	IL1B,IL37,IL36G,IL36A,IL36B,IL36RN,IL1F10,IL1RN,PSD4,PAX8,FOXD4L1,RABL2A,SLC35F5,ACTR3,DPP10,DDX18,CCDC93,INSIG2,EN1,MARCO,C1QL2,STEAP3,C2orf76,DBI,TMEM37	0.022851364588711457	0.01751309535708551
chr2	113058638	120179119	IL36RN,IL1F10,IL1RN,PSD4,PAX8,FOXD4L1,RABL2A,SLC35F5,ACTR3,DPP10,DDX18,CCDC93,INSIG2,EN1,MARCO,C1QL2,STEAP3,C2orf76,DBI,TMEM37,SCTR,CFAP221,TMEM177,PTPN4,EPB41L5	0.019192796976561365	0.012242091647740056
chr2	113498665	121285202	FOXD4L1,RABL2A,SLC35F5,ACTR3,DPP10,DDX18,CCDC93,INSIG2,EN1,MARCO,C1QL2,STEAP3,C2orf76,DBI,TMEM37,SCTR,CFAP221,TMEM177,PTPN4,EPB41L5,TMEM185B,RALB,INHBB,GLI2,TFCP2L1	0.00325371761083648	0.005874716514321266
chr2	117814691	126696667	DDX18,CCDC93,INSIG2,EN1,MARCO,C1QL2,STEAP3,C2orf76,DBI,TMEM37,SCTR,CFAP221,TMEM177,PTPN4,EPB41L5,TMEM185B,RALB,INHBB,GLI2,TFCP2L1,CLASP1,NIFK,TSN,CNTNAP5,GYPC	0.004729952453460508	0.011651199331190371
chr2	119156243	127388465	C1QL2,STEAP3,C2orf76,DBI,TMEM37,SCTR,CFAP221,TMEM177,PTPN4,EPB41L5,TMEM185B,RALB,INHBB,GLI2,TFCP2L1,CLASP1,NIFK,TSN,CNTNAP5,GYPC,TEX51,BIN1,CYP27C1,ERCC3,MAP3K2	0.009113724385529605	0.013980888173397696
chr2	119439843	127681786	SCTR,CFAP221,TMEM177,PTPN4,EPB41L5,TMEM185B,RALB,INHBB,GLI2,TFCP2L1,CLASP1,NIFK,TSN,CNTNAP5,GYPC,TEX51,BIN1,CYP27C1,ERCC3,MAP3K2,PROC,IWS1,MYO7B,LIMS2,GPR17	0.014892159754803236	0.016849881183167142
chr2	120217479	128028120	TMEM185B,RALB,INHBB,GLI2,TFCP2L1,CLASP1,NIFK,TSN,CNTNAP5,GYPC,TEX51,BIN1,CYP27C1,ERCC3,MAP3K2,PROC,IWS1,MYO7B,LIMS2,GPR17,WDR33,SFT2D3,POLR2D,AMMECR1L,SAP130	0.013858374806831417	0.013684826717145632
chr2	121337776	130145134	CLASP1,NIFK,TSN,CNTNAP5,GYPC,TEX51,BIN1,CYP27C1,ERCC3,MAP3K2,PROC,IWS1,MYO7B,LIMS2,GPR17,WDR33,SFT2D3,POLR2D,AMMECR1L,SAP130,UGGT1,HS6ST1,RAB6C,POTEF,CCDC74B	0.015453780494542003	0.014413034897881967
chr2	126898864	130347967	TEX51,BIN1,CYP27C1,ERCC3,MAP3K2,PROC,IWS1,MYO7B,LIMS2,GPR17,WDR33,SFT2D3,POLR2D,AMMECR1L,SAP130,UGGT1,HS6ST1,RAB6C,POTEF,CCDC74B,SMPD4,MZT2B,TUBA3E,CCDC115,IMP4	0.01457031708713169	0.01549064032657576
chr2	127418427	130658037	PROC,IWS1,MYO7B,LIMS2,GPR17,WDR33,SFT2D3,POLR2D,AMMECR1L,SAP130,UGGT1,HS6ST1,RAB6C,POTEF,CCDC74B,SMPD4,MZT2B,TUBA3E,CCDC115,IMP4,PTPN18,POTEI,CFC1B,CFC1,POTEJ	0.005209818161680884	0.008398287829398719
chr2	127701027	131093460	WDR33,SFT2D3,POLR2D,AMMECR1L,SAP130,UGGT1,HS6ST1,RAB6C,POTEF,CCDC74B,SMPD4,MZT2B,TUBA3E,CCDC115,IMP4,PTPN18,POTEI,CFC1B,CFC1,POTEJ,GPR148,AMER3,ARHGEF4,SMIM39,FAM168B	0.0015832091418696537	0.005592691269916958
chr2	128091200	131492743	UGGT1,HS6ST1,RAB6C,POTEF,CCDC74B,SMPD4,MZT2B,TUBA3E,CCDC115,IMP4,PTPN18,POTEI,CFC1B,CFC1,POTEJ,GPR148,AMER3,ARHGEF4,SMIM39,FAM168B,PLEKHB2,POTEE,RAB6D,MZT2A,TUBA3D	0.006845462843306461	0.007788979177333249
chr2	130151392	133568463	SMPD4,MZT2B,TUBA3E,CCDC115,IMP4,PTPN18,POTEI,CFC1B,CFC1,POTEJ,GPR148,AMER3,ARHGEF4,SMIM39,FAM168B,PLEKHB2,POTEE,RAB6D,MZT2A,TUBA3D,CCDC74A,ANKRD30BL,GPR39,LYPD1,NCKAP5	0.008759836515068866	0.009560454770236237
chr2	130356045	135047468	PTPN18,POTEI,CFC1B,CFC1,POTEJ,GPR148,AMER3,ARHGEF4,SMIM39,FAM168B,PLEKHB2,POTEE,RAB6D,MZT2A,TUBA3D,CCDC74A,ANKRD30BL,GPR39,LYPD1,NCKAP5,MGAT5,TMEM163,ACMSD,CCNT2,MAP3K19	0.015121930987662862	0.013331141603468266
chr2	130729070	135837184	GPR148,AMER3,ARHGEF4,SMIM39,FAM168B,PLEKHB2,POTEE,RAB6D,MZT2A,TUBA3D,CCDC74A,ANKRD30BL,GPR39,LYPD1,NCKAP5,MGAT5,TMEM163,ACMSD,CCNT2,MAP3K19,RAB3GAP1,ZRANB3,R3HDM1,UBXN4,LCT	0.016771734902487085	0.012871713839777432
chr2	131104847	138016364	PLEKHB2,POTEE,RAB6D,MZT2A,TUBA3D,CCDC74A,ANKRD30BL,GPR39,LYPD1,NCKAP5,MGAT5,TMEM163,ACMSD,CCNT2,MAP3K19,RAB3GAP1,ZRANB3,R3HDM1,UBXN4,LCT,MCM6,DARS1,CXCR4,THSD7B,HNMT	0.020669195817435742	0.014379418363604766
chr2	131527675	143768352	CCDC74A,ANKRD30BL,GPR39,LYPD1,NCKAP5,MGAT5,TMEM163,ACMSD,CCNT2,MAP3K19,RAB3GAP1,ZRANB3,R3HDM1,UBXN4,LCT,MCM6,DARS1,CXCR4,THSD7B,HNMT,SPOPL,NXPH2,LRP1B,KYNU,ARHGAP15	0.02547559527075605	0.013943201216393171
chr2	134119983	148516971	MGAT5,TMEM163,ACMSD,CCNT2,MAP3K19,RAB3GAP1,ZRANB3,R3HDM1,UBXN4,LCT,MCM6,DARS1,CXCR4,THSD7B,HNMT,SPOPL,NXPH2,LRP1B,KYNU,ARHGAP15,GTDC1,ZEB2,ACVR2A,ORC4,MBD5	0.02140876861071949	0.01410800530620897
chr2	135052289	149587778	RAB3GAP1,ZRANB3,R3HDM1,UBXN4,LCT,MCM6,DARS1,CXCR4,THSD7B,HNMT,SPOPL,NXPH2,LRP1B,KYNU,ARHGAP15,GTDC1,ZEB2,ACVR2A,ORC4,MBD5,EPC2,KIF5C,LYPD6B,LYPD6,MMADHC	0.005058132101808918	0.012857665105467282
chr2	135839626	151508013	MCM6,DARS1,CXCR4,THSD7B,HNMT,SPOPL,NXPH2,LRP1B,KYNU,ARHGAP15,GTDC1,ZEB2,ACVR2A,ORC4,MBD5,EPC2,KIF5C,LYPD6B,LYPD6,MMADHC,RND3,RBM43,NMI,TNFAIP6,RIF1	-0.020269279082207943	0.00790783781173989
chr2	138501770	152175763	SPOPL,NXPH2,LRP1B,KYNU,ARHGAP15,GTDC1,ZEB2,ACVR2A,ORC4,MBD5,EPC2,KIF5C,LYPD6B,LYPD6,MMADHC,RND3,RBM43,NMI,TNFAIP6,RIF1,NEB,ARL5A,ENSG00000283228,CACNB4,STAM2	-0.017429125422251866	0.006405101223999959
chr2	143938068	154453979	GTDC1,ZEB2,ACVR2A,ORC4,MBD5,EPC2,KIF5C,LYPD6B,LYPD6,MMADHC,RND3,RBM43,NMI,TNFAIP6,RIF1,NEB,ARL5A,ENSG00000283228,CACNB4,STAM2,FMNL2,PRPF40A,ARL6IP6,RPRM,GALNT13	0.002134070149105031	0.01094919039093496
chr2	148644440	157327713	EPC2,KIF5C,LYPD6B,LYPD6,MMADHC,RND3,RBM43,NMI,TNFAIP6,RIF1,NEB,ARL5A,ENSG00000283228,CACNB4,STAM2,FMNL2,PRPF40A,ARL6IP6,RPRM,GALNT13,KCNJ3,NR4A2,GPD2,GALNT5,ERMN	0.012719075283916236	0.012803345744852295
chr2	150468195	158456753	RND3,RBM43,NMI,TNFAIP6,RIF1,NEB,ARL5A,ENSG00000283228,CACNB4,STAM2,FMNL2,PRPF40A,ARL6IP6,RPRM,GALNT13,KCNJ3,NR4A2,GPD2,GALNT5,ERMN,CYTIP,ACVR1C,ACVR1,UPP2,CCDC148	0.01605305453469788	0.014303688470830534
chr2	151485336	159616569	NEB,ARL5A,ENSG00000283228,CACNB4,STAM2,FMNL2,PRPF40A,ARL6IP6,RPRM,GALNT13,KCNJ3,NR4A2,GPD2,GALNT5,ERMN,CYTIP,ACVR1C,ACVR1,UPP2,CCDC148,PKP4,DAPL1,TANC1,WDSUB1,BAZ2B	0.008277769688158998	0.007688563518326306
chr2	152335174	160062615	FMNL2,PRPF40A,ARL6IP6,RPRM,GALNT13,KCNJ3,NR4A2,GPD2,GALNT5,ERMN,CYTIP,ACVR1C,ACVR1,UPP2,CCDC148,PKP4,DAPL1,TANC1,WDSUB1,BAZ2B,MARCHF7,CD302,LY75-CD302,LY75,PLA2R1	0.006070798409132959	0.00538777079048702
chr2	154697855	161425870	KCNJ3,NR4A2,GPD2,GALNT5,ERMN,CYTIP,ACVR1C,ACVR1,UPP2,CCDC148,PKP4,DAPL1,TANC1,WDSUB1,BAZ2B,MARCHF7,CD302,LY75-CD302,LY75,PLA2R1,ITGB6,RBMS1,TANK,PSMD14,TBR1	0.013294574574262563	0.010981808945192826
chr2	157414619	162318684	CYTIP,ACVR1C,ACVR1,UPP2,CCDC148,PKP4,DAPL1,TANC1,WDSUB1,BAZ2B,MARCHF7,CD302,LY75-CD302,LY75,PLA2R1,ITGB6,RBMS1,TANK,PSMD14,TBR1,SLC4A10,DPP4,GCG,FAP,IFIH1	0.006768917109008001	0.012852035516727056
chr2	158456952	164843679	PKP4,DAPL1,TANC1,WDSUB1,BAZ2B,MARCHF7,CD302,LY75-CD302,LY75,PLA2R1,ITGB6,RBMS1,TANK,PSMD14,TBR1,SLC4A10,DPP4,GCG,FAP,IFIH1,GCA,KCNH7,FIGN,GRB14,COBLL1	-0.009445658741469739	0.010054221932776625
chr2	159712457	165794659	MARCHF7,CD302,LY75-CD302,LY75,PLA2R1,ITGB6,RBMS1,TANK,PSMD14,TBR1,SLC4A10,DPP4,GCG,FAP,IFIH1,GCA,KCNH7,FIGN,GRB14,COBLL1,SLC38A11,SCN3A,SCN2A,CSRNP3,GALNT3	-0.007649140660279981	0.01302415753870942
chr2	160099667	167259753	ITGB6,RBMS1,TANK,PSMD14,TBR1,SLC4A10,DPP4,GCG,FAP,IFIH1,GCA,KCNH7,FIGN,GRB14,COBLL1,SLC38A11,SCN3A,SCN2A,CSRNP3,GALNT3,TTC21B,SCN1A,SCN9A,SCN7A,XIRP2	0.005359186249539903	0.015720935918744048
chr2	161424332	168913371	SLC4A10,DPP4,GCG,FAP,IFIH1,GCA,KCNH7,FIGN,GRB14,COBLL1,SLC38A11,SCN3A,SCN2A,CSRNP3,GALNT3,TTC21B,SCN1A,SCN9A,SCN7A,XIRP2,B3GALT1,STK39,CERS6,NOSTRIN,SPC25	0.01847841696887806	0.01982450483712918
chr2	162318840	169506655	GCA,KCNH7,FIGN,GRB14,COBLL1,SLC38A11,SCN3A,SCN2A,CSRNP3,GALNT3,TTC21B,SCN1A,SCN9A,SCN7A,XIRP2,B3GALT1,STK39,CERS6,NOSTRIN,SPC25,G6PC2,ABCB11,DHRS9,LRP2,BBS5	0.015499307451848172	0.012904868823284257
chr2	164894354	169701708	SLC38A11,SCN3A,SCN2A,CSRNP3,GALNT3,TTC21B,SCN1A,SCN9A,SCN7A,XIRP2,B3GALT1,STK39,CERS6,NOSTRIN,SPC25,G6PC2,ABCB11,DHRS9,LRP2,BBS5,ENSG00000251569,KLHL41,FASTKD1,PPIG,PHOSPHO2	0.013995973985818234	0.011064120067909832
chr2	165857475	170655171	TTC21B,SCN1A,SCN9A,SCN7A,XIRP2,B3GALT1,STK39,CERS6,NOSTRIN,SPC25,G6PC2,ABCB11,DHRS9,LRP2,BBS5,ENSG00000251569,KLHL41,FASTKD1,PPIG,PHOSPHO2,KLHL23,SSB,METTL5,UBR3,MYO3B	0.008893483107886346	0.006667903763612892
chr2	167293001	171231314	B3GALT1,STK39,CERS6,NOSTRIN,SPC25,G6PC2,ABCB11,DHRS9,LRP2,BBS5,ENSG00000251569,KLHL41,FASTKD1,PPIG,PHOSPHO2,KLHL23,SSB,METTL5,UBR3,MYO3B,SP5,ERICH2,GAD1,GORASP2,TLK1	0.008965576727927426	0.005763971677971094
chr2	168901291	171999859	G6PC2,ABCB11,DHRS9,LRP2,BBS5,ENSG00000251569,KLHL41,FASTKD1,PPIG,PHOSPHO2,KLHL23,SSB,METTL5,UBR3,MYO3B,SP5,ERICH2,GAD1,GORASP2,TLK1,METTL8,DCAF17,CYBRD1,DYNC1I2,SLC25A12	0.0032501445703481324	0.005739484668220545
chr2	169479480	172506459	ENSG00000251569,KLHL41,FASTKD1,PPIG,PHOSPHO2,KLHL23,SSB,METTL5,UBR3,MYO3B,SP5,ERICH2,GAD1,GORASP2,TLK1,METTL8,DCAF17,CYBRD1,DYNC1I2,SLC25A12,HAT1,METAP1D,DLX1,DLX2,ITGA6	0.005639627879856812	0.006847168131506811
chr2	169694488	173965373	KLHL23,SSB,METTL5,UBR3,MYO3B,SP5,ERICH2,GAD1,GORASP2,TLK1,METTL8,DCAF17,CYBRD1,DYNC1I2,SLC25A12,HAT1,METAP1D,DLX1,DLX2,ITGA6,PDK1,RAPGEF4,MAP3K20,CDCA7,SP3	0.011295669516314383	0.007529590309922153
chr2	170715337	174487094	SP5,ERICH2,GAD1,GORASP2,TLK1,METTL8,DCAF17,CYBRD1,DYNC1I2,SLC25A12,HAT1,METAP1D,DLX1,DLX2,ITGA6,PDK1,RAPGEF4,MAP3K20,CDCA7,SP3,OLA1,SP9,CIR1,SCRN3,GPR155	0.01829452950624918	0.009292766573179352
chr2	171315746	175181710	METTL8,DCAF17,CYBRD1,DYNC1I2,SLC25A12,HAT1,METAP1D,DLX1,DLX2,ITGA6,PDK1,RAPGEF4,MAP3K20,CDCA7,SP3,OLA1,SP9,CIR1,SCRN3,GPR155,WIPF1,CHRNA1,CHN1,ATF2,ATP5MC3	0.025171924143983303	0.01251260829140104
chr2	171922448	176109754	HAT1,METAP1D,DLX1,DLX2,ITGA6,PDK1,RAPGEF4,MAP3K20,CDCA7,SP3,OLA1,SP9,CIR1,SCRN3,GPR155,WIPF1,CHRNA1,CHN1,ATF2,ATP5MC3,LNPK,EVX2,HOXD13,HOXD12,HOXD11	0.01866145008092724	0.009824507283618835
chr2	172555373	176173102	PDK1,RAPGEF4,MAP3K20,CDCA7,SP3,OLA1,SP9,CIR1,SCRN3,GPR155,WIPF1,CHRNA1,CHN1,ATF2,ATP5MC3,LNPK,EVX2,HOXD13,HOXD12,HOXD11,HOXD10,HOXD9,HOXD8,HOXD3,HOXD4	0.0063497616122055395	0.005382881128835888
chr2	174072447	177567024	OLA1,SP9,CIR1,SCRN3,GPR155,WIPF1,CHRNA1,CHN1,ATF2,ATP5MC3,LNPK,EVX2,HOXD13,HOXD12,HOXD11,HOXD10,HOXD9,HOXD8,HOXD3,HOXD4,HOXD1,MTX2,HNRNPA3,NFE2L2,AGPS	0.0046681526589996665	0.004099778654952468
chr2	174559572	178402893	WIPF1,CHRNA1,CHN1,ATF2,ATP5MC3,LNPK,EVX2,HOXD13,HOXD12,HOXD11,HOXD10,HOXD9,HOXD8,HOXD3,HOXD4,HOXD1,MTX2,HNRNPA3,NFE2L2,AGPS,TTC30B,TTC30A,PDE11A,RBM45,OSBPL6	0.006764425537025391	0.004551076125696522
chr2	175923882	178830802	LNPK,EVX2,HOXD13,HOXD12,HOXD11,HOXD10,HOXD9,HOXD8,HOXD3,HOXD4,HOXD1,MTX2,HNRNPA3,NFE2L2,AGPS,TTC30B,TTC30A,PDE11A,RBM45,OSBPL6,PRKRA,PJVK,FKBP7,PLEKHA3,TTN	0.004787394847254635	0.003918639402515303
chr2	176108790	181076585	HOXD10,HOXD9,HOXD8,HOXD3,HOXD4,HOXD1,MTX2,HNRNPA3,NFE2L2,AGPS,TTC30B,TTC30A,PDE11A,RBM45,OSBPL6,PRKRA,PJVK,FKBP7,PLEKHA3,TTN,CCDC141,SESTD1,ZNF385B,CWC22,UBE2E3	0.009734778451075643	0.009662016101610627
chr2	176188668	182131398	HOXD1,MTX2,HNRNPA3,NFE2L2,AGPS,TTC30B,TTC30A,PDE11A,RBM45,OSBPL6,PRKRA,PJVK,FKBP7,PLEKHA3,TTN,CCDC141,SESTD1,ZNF385B,CWC22,UBE2E3,ITGA4,CERKL,NEUROD1,ITPRID2,PPP1R1C	0.015446729914635256	0.014603724235029822
chr2	177548998	183100008	TTC30B,TTC30A,PDE11A,RBM45,OSBPL6,PRKRA,PJVK,FKBP7,PLEKHA3,TTN,CCDC141,SESTD1,ZNF385B,CWC22,UBE2E3,ITGA4,CERKL,NEUROD1,ITPRID2,PPP1R1C,PDE1A,DNAJC10,FRZB,NCKAP1,DUSP19	0.011663024175871447	0.010813673549784115
chr2	178431292	186680901	PRKRA,PJVK,FKBP7,PLEKHA3,TTN,CCDC141,SESTD1,ZNF385B,CWC22,UBE2E3,ITGA4,CERKL,NEUROD1,ITPRID2,PPP1R1C,PDE1A,DNAJC10,FRZB,NCKAP1,DUSP19,NUP35,ZNF804A,FSIP2,ZC3H15,ITGAV	0.007991990577545153	0.008199400902163647
chr2	178829757	188595931	CCDC141,SESTD1,ZNF385B,CWC22,UBE2E3,ITGA4,CERKL,NEUROD1,ITPRID2,PPP1R1C,PDE1A,DNAJC10,FRZB,NCKAP1,DUSP19,NUP35,ZNF804A,FSIP2,ZC3H15,ITGAV,FAM171B,ZSWIM2,CALCRL,TFPI,GULP1	0.007985571767150758	0.008664126684776017
chr2	181457202	189670831	ITGA4,CERKL,NEUROD1,ITPRID2,PPP1R1C,PDE1A,DNAJC10,FRZB,NCKAP1,DUSP19,NUP35,ZNF804A,FSIP2,ZC3H15,ITGAV,FAM171B,ZSWIM2,CALCRL,TFPI,GULP1,COL3A1,COL5A2,WDR75,SLC40A1,ASNSD1	0.014664767314141321	0.008627321366776217
chr2	182139968	189784364	PDE1A,DNAJC10,FRZB,NCKAP1,DUSP19,NUP35,ZNF804A,FSIP2,ZC3H15,ITGAV,FAM171B,ZSWIM2,CALCRL,TFPI,GULP1,COL3A1,COL5A2,WDR75,SLC40A1,ASNSD1,ASDURF,ENSG00000286165,ANKAR,OSGEPL1,ORMDL1	0.018168143093194394	0.012703755827044473
chr2	183117513	190371665	NUP35,ZNF804A,FSIP2,ZC3H15,ITGAV,FAM171B,ZSWIM2,CALCRL,TFPI,GULP1,COL3A1,COL5A2,WDR75,SLC40A1,ASNSD1,ASDURF,ENSG00000286165,ANKAR,OSGEPL1,ORMDL1,PMS1,C2orf88,MSTN,HIBCH,INPP1	0.014914100134438503	0.010487258506309412
chr2	186694060	191020960	FAM171B,ZSWIM2,CALCRL,TFPI,GULP1,COL3A1,COL5A2,WDR75,SLC40A1,ASNSD1,ASDURF,ENSG00000286165,ANKAR,OSGEPL1,ORMDL1,PMS1,C2orf88,MSTN,HIBCH,INPP1,MFSD6,NEMP2,NAB1,GLS,STAT1	0.014687778305416769	0.013199768692403644
chr2	188974373	192194933	COL3A1,COL5A2,WDR75,SLC40A1,ASNSD1,ASDURF,ENSG00000286165,ANKAR,OSGEPL1,ORMDL1,PMS1,C2orf88,MSTN,HIBCH,INPP1,MFSD6,NEMP2,NAB1,GLS,STAT1,STAT4,MYO1B,NABP1,CAVIN2,TMEFF2	0.014043619120284033	0.013758732629924074
chr2	189661452	196763490	ASDURF,ENSG00000286165,ANKAR,OSGEPL1,ORMDL1,PMS1,C2orf88,MSTN,HIBCH,INPP1,MFSD6,NEMP2,NAB1,GLS,STAT1,STAT4,MYO1B,NABP1,CAVIN2,TMEFF2,SLC39A10,DNAH7,STK17B,HECW2,CCDC150	0.01620746302536241	0.013800348403614618
chr2	189784085	197435079	PMS1,C2orf88,MSTN,HIBCH,INPP1,MFSD6,NEMP2,NAB1,GLS,STAT1,STAT4,MYO1B,NABP1,CAVIN2,TMEFF2,SLC39A10,DNAH7,STK17B,HECW2,CCDC150,GTF3C3,C2orf66,PGAP1,ANKRD44,SF3B1	0.01789588878750349	0.014055706012694846
chr2	190408355	197553699	MFSD6,NEMP2,NAB1,GLS,STAT1,STAT4,MYO1B,NABP1,CAVIN2,TMEFF2,SLC39A10,DNAH7,STK17B,HECW2,CCDC150,GTF3C3,C2orf66,PGAP1,ANKRD44,SF3B1,COQ10B,HSPD1,HSPE1,HSPE1-MOB4,MOB4	0.01156399657658477	0.011400106631679946
chr2	191029576	199471266	STAT4,MYO1B,NABP1,CAVIN2,TMEFF2,SLC39A10,DNAH7,STK17B,HECW2,CCDC150,GTF3C3,C2orf66,PGAP1,ANKRD44,SF3B1,COQ10B,HSPD1,HSPE1,HSPE1-MOB4,MOB4,RFTN2,MARS2,BOLL,PLCL1,SATB2	-0.0046319413397178785	0.006361402774835115
chr2	195575977	200482264	SLC39A10,DNAH7,STK17B,HECW2,CCDC150,GTF3C3,C2orf66,PGAP1,ANKRD44,SF3B1,COQ10B,HSPD1,HSPE1,HSPE1-MOB4,MOB4,RFTN2,MARS2,BOLL,PLCL1,SATB2,FTCDNL1,C2orf69,TYW5,MAIP1,SPATS2L	-0.0100625398268918	0.003961495123840817
chr2	196763035	200864691	GTF3C3,C2orf66,PGAP1,ANKRD44,SF3B1,COQ10B,HSPD1,HSPE1,HSPE1-MOB4,MOB4,RFTN2,MARS2,BOLL,PLCL1,SATB2,FTCDNL1,C2orf69,TYW5,MAIP1,SPATS2L,KCTD18,SGO2,AOX1,BZW1,CLK1	-0.0013781827432742075	0.005354563763194792
chr2	197453493	201176687	COQ10B,HSPD1,HSPE1,HSPE1-MOB4,MOB4,RFTN2,MARS2,BOLL,PLCL1,SATB2,FTCDNL1,C2orf69,TYW5,MAIP1,SPATS2L,KCTD18,SGO2,AOX1,BZW1,CLK1,PPIL3,NIF3L1,ORC2,NDUFB3,CFLAR	0.011584757956890356	0.0113250512067348
chr2	197568224	201480846	RFTN2,MARS2,BOLL,PLCL1,SATB2,FTCDNL1,C2orf69,TYW5,MAIP1,SPATS2L,KCTD18,SGO2,AOX1,BZW1,CLK1,PPIL3,NIF3L1,ORC2,NDUFB3,CFLAR,CASP10,CASP8,FLACC1,TRAK2,STRADB	0.013513168656201183	0.006714894675683323
chr2	199760544	201895550	FTCDNL1,C2orf69,TYW5,MAIP1,SPATS2L,KCTD18,SGO2,AOX1,BZW1,CLK1,PPIL3,NIF3L1,ORC2,NDUFB3,CFLAR,CASP10,CASP8,FLACC1,TRAK2,STRADB,C2CD6,TMEM237,MPP4,ALS2,CDK15	0.015159379088116423	0.008683623496159283
chr2	200488958	202567751	KCTD18,SGO2,AOX1,BZW1,CLK1,PPIL3,NIF3L1,ORC2,NDUFB3,CFLAR,CASP10,CASP8,FLACC1,TRAK2,STRADB,C2CD6,TMEM237,MPP4,ALS2,CDK15,FZD7,KIAA2012,SUMO1,NOP58,BMPR2	0.009151520220545373	0.010491872682877611
chr2	200870907	203226378	PPIL3,NIF3L1,ORC2,NDUFB3,CFLAR,CASP10,CASP8,FLACC1,TRAK2,STRADB,C2CD6,TMEM237,MPP4,ALS2,CDK15,FZD7,KIAA2012,SUMO1,NOP58,BMPR2,FAM117B,ICA1L,WDR12,CARF,NBEAL1	0.00784622322871022	0.009808075104475499
chr2	201182872	203873965	CASP10,CASP8,FLACC1,TRAK2,STRADB,C2CD6,TMEM237,MPP4,ALS2,CDK15,FZD7,KIAA2012,SUMO1,NOP58,BMPR2,FAM117B,ICA1L,WDR12,CARF,NBEAL1,CYP20A1,ABI2,RAPH1,CD28,CTLA4	0.0010850975578491574	0.004588748401319735
chr2	201487421	206159509	C2CD6,TMEM237,MPP4,ALS2,CDK15,FZD7,KIAA2012,SUMO1,NOP58,BMPR2,FAM117B,ICA1L,WDR12,CARF,NBEAL1,CYP20A1,ABI2,RAPH1,CD28,CTLA4,ICOS,PARD3B,NRP2,INO80D,NDUFS1	0.013137583486482642	0.010375174884557524
chr2	202033855	206721570	FZD7,KIAA2012,SUMO1,NOP58,BMPR2,FAM117B,ICA1L,WDR12,CARF,NBEAL1,CYP20A1,ABI2,RAPH1,CD28,CTLA4,ICOS,PARD3B,NRP2,INO80D,NDUFS1,EEF1B2,ZDBF2,ADAM23,FAM237A,DYTN	0.016614408120773545	0.011310092249375023
chr2	202634969	207605988	FAM117B,ICA1L,WDR12,CARF,NBEAL1,CYP20A1,ABI2,RAPH1,CD28,CTLA4,ICOS,PARD3B,NRP2,INO80D,NDUFS1,EEF1B2,ZDBF2,ADAM23,FAM237A,DYTN,MDH1B,FASTKD2,CPO,KLF7,CREB1	0.016938161404434018	0.0073938658098687375
chr2	203238977	208124524	CYP20A1,ABI2,RAPH1,CD28,CTLA4,ICOS,PARD3B,NRP2,INO80D,NDUFS1,EEF1B2,ZDBF2,ADAM23,FAM237A,DYTN,MDH1B,FASTKD2,CPO,KLF7,CREB1,METTL21A,CCNYL1,FZD5,PLEKHM3,CRYGD	0.008348994315812047	0.006011600017513062
chr2	203936763	208266074	ICOS,PARD3B,NRP2,INO80D,NDUFS1,EEF1B2,ZDBF2,ADAM23,FAM237A,DYTN,MDH1B,FASTKD2,CPO,KLF7,CREB1,METTL21A,CCNYL1,FZD5,PLEKHM3,CRYGD,CRYGC,CRYGB,CRYGA,C2orf80,IDH1	0.009474925179969769	0.012671133089850342
chr2	206159585	210022260	EEF1B2,ZDBF2,ADAM23,FAM237A,DYTN,MDH1B,FASTKD2,CPO,KLF7,CREB1,METTL21A,CCNYL1,FZD5,PLEKHM3,CRYGD,CRYGC,CRYGB,CRYGA,C2orf80,IDH1,PIKFYVE,PTH2R,MAP2,UNC80,RPE	0.0074077949096448305	0.01258296182052006
chr2	206737763	210679107	MDH1B,FASTKD2,CPO,KLF7,CREB1,METTL21A,CCNYL1,FZD5,PLEKHM3,CRYGD,CRYGC,CRYGB,CRYGA,C2orf80,IDH1,PIKFYVE,PTH2R,MAP2,UNC80,RPE,KANSL1L,ACADL,MYL1,LANCL1,CPS1	-0.0021559218340477027	0.007155669623200129
chr2	207580631	214809683	METTL21A,CCNYL1,FZD5,PLEKHM3,CRYGD,CRYGC,CRYGB,CRYGA,C2orf80,IDH1,PIKFYVE,PTH2R,MAP2,UNC80,RPE,KANSL1L,ACADL,MYL1,LANCL1,CPS1,ERBB4,IKZF2,SPAG16,VWC2L,BARD1	-0.008901387938654845	0.0023462832529263958
chr2	208128137	216082955	CRYGC,CRYGB,CRYGA,C2orf80,IDH1,PIKFYVE,PTH2R,MAP2,UNC80,RPE,KANSL1L,ACADL,MYL1,LANCL1,CPS1,ERBB4,IKZF2,SPAG16,VWC2L,BARD1,ABCA12,ATIC,FN1,MREG,PECR	0.005295603800499791	0.008918550447528708
chr2	208266255	216579180	PIKFYVE,PTH2R,MAP2,UNC80,RPE,KANSL1L,ACADL,MYL1,LANCL1,CPS1,ERBB4,IKZF2,SPAG16,VWC2L,BARD1,ABCA12,ATIC,FN1,MREG,PECR,TMEM169,XRCC5,MARCHF4,SMARCAL1,RPL37A	0.010314513993438065	0.011822018787300942
chr2	210021421	218090584	KANSL1L,ACADL,MYL1,LANCL1,CPS1,ERBB4,IKZF2,SPAG16,VWC2L,BARD1,ABCA12,ATIC,FN1,MREG,PECR,TMEM169,XRCC5,MARCHF4,SMARCAL1,RPL37A,IGFBP2,IGFBP5,TNP1,TNS1,RUFY4	0.014768384488004407	0.006508847583461582
chr2	211375717	218270178	ERBB4,IKZF2,SPAG16,VWC2L,BARD1,ABCA12,ATIC,FN1,MREG,PECR,TMEM169,XRCC5,MARCHF4,SMARCAL1,RPL37A,IGFBP2,IGFBP5,TNP1,TNS1,RUFY4,CXCR2,CXCR1,ARPC2,GPBAR1,AAMP	0.03326175663052399	0.0043337521456361956
chr2	214931542	218405941	ABCA12,ATIC,FN1,MREG,PECR,TMEM169,XRCC5,MARCHF4,SMARCAL1,RPL37A,IGFBP2,IGFBP5,TNP1,TNS1,RUFY4,CXCR2,CXCR1,ARPC2,GPBAR1,AAMP,PNKD,TMBIM1,CATIP,SLC11A1,CTDSP1	0.03291325001756354	0.007222532214790488
chr2	216081866	218659655	TMEM169,XRCC5,MARCHF4,SMARCAL1,RPL37A,IGFBP2,IGFBP5,TNP1,TNS1,RUFY4,CXCR2,CXCR1,ARPC2,GPBAR1,AAMP,PNKD,TMBIM1,CATIP,SLC11A1,CTDSP1,VIL1,USP37,CNOT9,PLCD4,ZNF142	0.01402204101824704	0.004103436221926816
chr2	216632828	218815293	IGFBP2,IGFBP5,TNP1,TNS1,RUFY4,CXCR2,CXCR1,ARPC2,GPBAR1,AAMP,PNKD,TMBIM1,CATIP,SLC11A1,CTDSP1,VIL1,USP37,CNOT9,PLCD4,ZNF142,BCS1L,RNF25,STK36,TTLL4,CYP27A1	0.008444078303473221	0.010226610451501804
chr2	218125289	218985184	CXCR2,CXCR1,ARPC2,GPBAR1,AAMP,PNKD,TMBIM1,CATIP,SLC11A1,CTDSP1,VIL1,USP37,CNOT9,PLCD4,ZNF142,BCS1L,RNF25,STK36,TTLL4,CYP27A1,PRKAG3,WNT6,WNT10A,CDK5R2,FEV	0.010830710859440509	0.010171991948302667
chr2	218269651	219170827	PNKD,TMBIM1,CATIP,SLC11A1,CTDSP1,VIL1,USP37,CNOT9,PLCD4,ZNF142,BCS1L,RNF25,STK36,TTLL4,CYP27A1,PRKAG3,WNT6,WNT10A,CDK5R2,FEV,CRYBA2,CFAP65,IHH,NHEJ1,ENSG00000280537	0.006973343300422677	0.006495701763513029
chr2	218419121	219218994	VIL1,USP37,CNOT9,PLCD4,ZNF142,BCS1L,RNF25,STK36,TTLL4,CYP27A1,PRKAG3,WNT6,WNT10A,CDK5R2,FEV,CRYBA2,CFAP65,IHH,NHEJ1,ENSG00000280537,SLC23A3,CNPPD1,RETREG2,ZFAND2B,ABCB6	0.0031008049983796276	0.002058313848224068
chr2	218658764	219250337	BCS1L,RNF25,STK36,TTLL4,CYP27A1,PRKAG3,WNT6,WNT10A,CDK5R2,FEV,CRYBA2,CFAP65,IHH,NHEJ1,ENSG00000280537,SLC23A3,CNPPD1,RETREG2,ZFAND2B,ABCB6,ENSG00000284820,ATG9A,ANKZF1,GLB1L,STK16	0.004007717579717093	0.00348421298768425
chr2	218822308	219333177	PRKAG3,WNT6,WNT10A,CDK5R2,FEV,CRYBA2,CFAP65,IHH,NHEJ1,ENSG00000280537,SLC23A3,CNPPD1,RETREG2,ZFAND2B,ABCB6,ENSG00000284820,ATG9A,ANKZF1,GLB1L,STK16,TUBA4A,TUBA4B,DNAJB2,PTPRN,RESP18	0.011742826534918436	0.012358943665311942
chr2	218990189	219498287	CRYBA2,CFAP65,IHH,NHEJ1,ENSG00000280537,SLC23A3,CNPPD1,RETREG2,ZFAND2B,ABCB6,ENSG00000284820,ATG9A,ANKZF1,GLB1L,STK16,TUBA4A,TUBA4B,DNAJB2,PTPRN,RESP18,DNPEP,DES,SPEG,ENSG00000286143,SPEGNB	0.01386113614674308	0.011827362797008936
chr2	219161465	219571859	SLC23A3,CNPPD1,RETREG2,ZFAND2B,ABCB6,ENSG00000284820,ATG9A,ANKZF1,GLB1L,STK16,TUBA4A,TUBA4B,DNAJB2,PTPRN,RESP18,DNPEP,DES,SPEG,ENSG00000286143,SPEGNB,GMPPA,ASIC4,CHPF,TMEM198,OBSL1	0.014105145966071111	0.010979566360250378
chr2	219209772	222298998	ENSG00000284820,ATG9A,ANKZF1,GLB1L,STK16,TUBA4A,TUBA4B,DNAJB2,PTPRN,RESP18,DNPEP,DES,SPEG,ENSG00000286143,SPEGNB,GMPPA,ASIC4,CHPF,TMEM198,OBSL1,INHA,STK11IP,SLC4A3,EPHA4,PAX3	0.013325874871855482	0.00899185012447619
chr2	219249710	222944639	TUBA4A,TUBA4B,DNAJB2,PTPRN,RESP18,DNPEP,DES,SPEG,ENSG00000286143,SPEGNB,GMPPA,ASIC4,CHPF,TMEM198,OBSL1,INHA,STK11IP,SLC4A3,EPHA4,PAX3,ENSG00000288658,SGPP2,FARSB,MOGAT1,ACSL3	0.017809960062455055	0.010460420964598397
chr2	219372043	223945357	DNPEP,DES,SPEG,ENSG00000286143,SPEGNB,GMPPA,ASIC4,CHPF,TMEM198,OBSL1,INHA,STK11IP,SLC4A3,EPHA4,PAX3,ENSG00000288658,SGPP2,FARSB,MOGAT1,ACSL3,KCNE4,SCG2,AP1S3,ENSG00000286239,WDFY1	0.01916217666673787	0.011826062397242489
chr2	219498865	224716365	GMPPA,ASIC4,CHPF,TMEM198,OBSL1,INHA,STK11IP,SLC4A3,EPHA4,PAX3,ENSG00000288658,SGPP2,FARSB,MOGAT1,ACSL3,KCNE4,SCG2,AP1S3,ENSG00000286239,WDFY1,MRPL44,SERPINE2,FAM124B,CUL3,CCDC195	0.016672380153155985	0.014671162771868713
chr2	219569162	227164453	INHA,STK11IP,SLC4A3,EPHA4,PAX3,ENSG00000288658,SGPP2,FARSB,MOGAT1,ACSL3,KCNE4,SCG2,AP1S3,ENSG00000286239,WDFY1,MRPL44,SERPINE2,FAM124B,CUL3,CCDC195,DOCK10,NYAP2,IRS1,RHBDD1,COL4A4	0.014186487892143424	0.013859730524708602
chr2	222314148	227561217	ENSG00000288658,SGPP2,FARSB,MOGAT1,ACSL3,KCNE4,SCG2,AP1S3,ENSG00000286239,WDFY1,MRPL44,SERPINE2,FAM124B,CUL3,CCDC195,DOCK10,NYAP2,IRS1,RHBDD1,COL4A4,COL4A3,MFF,TM4SF20,SCYGR1,AGFG1	0.010894386948736215	0.015264656816549347
chr2	223052190	227718028	KCNE4,SCG2,AP1S3,ENSG00000286239,WDFY1,MRPL44,SERPINE2,FAM124B,CUL3,CCDC195,DOCK10,NYAP2,IRS1,RHBDD1,COL4A4,COL4A3,MFF,TM4SF20,SCYGR1,AGFG1,SCYGR2,SCYGR3,SCYGR4,SCYGR5,SLC19A3	0.009013470163457332	0.012214419418615115
chr2	223957463	227924344	MRPL44,SERPINE2,FAM124B,CUL3,CCDC195,DOCK10,NYAP2,IRS1,RHBDD1,COL4A4,COL4A3,MFF,TM4SF20,SCYGR1,AGFG1,SCYGR2,SCYGR3,SCYGR4,SCYGR5,SLC19A3,SCYGR6,SCYGR7,SCYGR8,CCL20,DAW1	0.007995225081289081	0.009518138203928673
chr2	224765090	230013119	DOCK10,NYAP2,IRS1,RHBDD1,COL4A4,COL4A3,MFF,TM4SF20,SCYGR1,AGFG1,SCYGR2,SCYGR3,SCYGR4,SCYGR5,SLC19A3,SCYGR6,SCYGR7,SCYGR8,CCL20,DAW1,SPHKAP,PID1,DNER,TRIP12,FBXO36	0.004842630851244413	0.0039681812062345905
chr2	227164624	230545606	COL4A3,MFF,TM4SF20,SCYGR1,AGFG1,SCYGR2,SCYGR3,SCYGR4,SCYGR5,SLC19A3,SCYGR6,SCYGR7,SCYGR8,CCL20,DAW1,SPHKAP,PID1,DNER,TRIP12,FBXO36,SLC16A14,SP110,SP140,SP140L,SP100	0.009012294456012898	0.005221153608447549
chr2	227598893	231049719	SCYGR2,SCYGR3,SCYGR4,SCYGR5,SLC19A3,SCYGR6,SCYGR7,SCYGR8,CCL20,DAW1,SPHKAP,PID1,DNER,TRIP12,FBXO36,SLC16A14,SP110,SP140,SP140L,SP100,CAB39,ITM2C,GPR55,SPATA3,C2orf72	0.023917352807774933	0.014788173287391848
chr2	227724440	231483641	SCYGR6,SCYGR7,SCYGR8,CCL20,DAW1,SPHKAP,PID1,DNER,TRIP12,FBXO36,SLC16A14,SP110,SP140,SP140L,SP100,CAB39,ITM2C,GPR55,SPATA3,C2orf72,PSMD1,HTR2B,ARMC9,B3GNT7,NCL	0.014741396178642039	0.011156917738273684
chr2	227979955	231809254	SPHKAP,PID1,DNER,TRIP12,FBXO36,SLC16A14,SP110,SP140,SP140L,SP100,CAB39,ITM2C,GPR55,SPATA3,C2orf72,PSMD1,HTR2B,ARMC9,B3GNT7,NCL,NMUR1,TEX44,PTMA,PDE6D,COPS7B	0.010538800856410261	0.011320066555561175
chr2	230034982	232460753	SLC16A14,SP110,SP140,SP140L,SP100,CAB39,ITM2C,GPR55,SPATA3,C2orf72,PSMD1,HTR2B,ARMC9,B3GNT7,NCL,NMUR1,TEX44,PTMA,PDE6D,COPS7B,NPPC,DIS3L2,ALPP,ALPG,ALPI	-0.0017311185056854996	0.0036947560064160916
chr2	230712842	232550557	CAB39,ITM2C,GPR55,SPATA3,C2orf72,PSMD1,HTR2B,ARMC9,B3GNT7,NCL,NMUR1,TEX44,PTMA,PDE6D,COPS7B,NPPC,DIS3L2,ALPP,ALPG,ALPI,ECEL1,PRSS56,CHRND,CHRNG,TIGD1	-0.005496449137624221	0.003548900826445524
chr2	231056845	232878708	PSMD1,HTR2B,ARMC9,B3GNT7,NCL,NMUR1,TEX44,PTMA,PDE6D,COPS7B,NPPC,DIS3L2,ALPP,ALPG,ALPI,ECEL1,PRSS56,CHRND,CHRNG,TIGD1,EIF4E2,EFHD1,GIGYF2,KCNJ13,SNORC	0.0028230456548454766	0.006345529421099054
chr2	231523187	233347055	NMUR1,TEX44,PTMA,PDE6D,COPS7B,NPPC,DIS3L2,ALPP,ALPG,ALPI,ECEL1,PRSS56,CHRND,CHRNG,TIGD1,EIF4E2,EFHD1,GIGYF2,KCNJ13,SNORC,NGEF,NEU2,INPP5D,ATG16L1,SAG	0.006953838303512011	0.007934135188301326
chr2	231921809	233773300	NPPC,DIS3L2,ALPP,ALPG,ALPI,ECEL1,PRSS56,CHRND,CHRNG,TIGD1,EIF4E2,EFHD1,GIGYF2,KCNJ13,SNORC,NGEF,NEU2,INPP5D,ATG16L1,SAG,DGKD,USP40,UGT1A8,UGT1A10,UGT1A9	0.010343133805333696	0.012326868244152347
chr2	232479827	233773300	ECEL1,PRSS56,CHRND,CHRNG,TIGD1,EIF4E2,EFHD1,GIGYF2,KCNJ13,SNORC,NGEF,NEU2,INPP5D,ATG16L1,SAG,DGKD,USP40,UGT1A8,UGT1A10,UGT1A9,UGT1A7,UGT1A6,UGT1A5,UGT1A4,UGT1A3	0.006341463790373928	0.006588973278612087
chr2	232550659	234077134	EIF4E2,EFHD1,GIGYF2,KCNJ13,SNORC,NGEF,NEU2,INPP5D,ATG16L1,SAG,DGKD,USP40,UGT1A8,UGT1A10,UGT1A9,UGT1A7,UGT1A6,UGT1A5,UGT1A4,UGT1A3,UGT1A1,MROH2A,HJURP,TRPM8,SPP2	0.004334623571279539	0.003827791084918619
chr2	232878701	236264409	NGEF,NEU2,INPP5D,ATG16L1,SAG,DGKD,USP40,UGT1A8,UGT1A10,UGT1A9,UGT1A7,UGT1A6,UGT1A5,UGT1A4,UGT1A3,UGT1A1,MROH2A,HJURP,TRPM8,SPP2,ARL4C,SH3BP4,AGAP1,GBX2,ASB18	0.0028095649405243655	0.0014307108228323864
chr2	233354494	237555322	DGKD,USP40,UGT1A8,UGT1A10,UGT1A9,UGT1A7,UGT1A6,UGT1A5,UGT1A4,UGT1A3,UGT1A1,MROH2A,HJURP,TRPM8,SPP2,ARL4C,SH3BP4,AGAP1,GBX2,ASB18,IQCA1,ACKR3,COPS8,COL6A3,MLPH	0.012530545651941753	0.0053461676531272664
chr2	233681901	237912106	UGT1A7,UGT1A6,UGT1A5,UGT1A4,UGT1A3,UGT1A1,MROH2A,HJURP,TRPM8,SPP2,ARL4C,SH3BP4,AGAP1,GBX2,ASB18,IQCA1,ACKR3,COPS8,COL6A3,MLPH,PRLH,RAB17,LRRFIP1,RBM44,RAMP1	0.02201629553261452	0.01317345252409559
chr2	233760270	238152947	UGT1A1,MROH2A,HJURP,TRPM8,SPP2,ARL4C,SH3BP4,AGAP1,GBX2,ASB18,IQCA1,ACKR3,COPS8,COL6A3,MLPH,PRLH,RAB17,LRRFIP1,RBM44,RAMP1,UBE2F,UBE2F-SCLY,SCLY,ESPNL,KLHL30	0.012575358279314806	0.012413110035464315
chr2	234493041	238400897	ARL4C,SH3BP4,AGAP1,GBX2,ASB18,IQCA1,ACKR3,COPS8,COL6A3,MLPH,PRLH,RAB17,LRRFIP1,RBM44,RAMP1,UBE2F,UBE2F-SCLY,SCLY,ESPNL,KLHL30,ERFE,ILKAP,HES6,PER2,TRAF3IP1	0.006130038700954038	0.009587419259181286
chr2	236324147	240030429	IQCA1,ACKR3,COPS8,COL6A3,MLPH,PRLH,RAB17,LRRFIP1,RBM44,RAMP1,UBE2F,UBE2F-SCLY,SCLY,ESPNL,KLHL30,ERFE,ILKAP,HES6,PER2,TRAF3IP1,ASB1,TWIST2,HDAC4,NDUFA10,OR6B2	0.006995449392108363	0.009506055281401672
chr2	237566574	240569209	PRLH,RAB17,LRRFIP1,RBM44,RAMP1,UBE2F,UBE2F-SCLY,SCLY,ESPNL,KLHL30,ERFE,ILKAP,HES6,PER2,TRAF3IP1,ASB1,TWIST2,HDAC4,NDUFA10,OR6B2,OR6B3,COPS9,OTOS,GPC1,ANKMY1	-0.0014878430334495762	0.004393470920559882
chr2	237966827	240682906	UBE2F,UBE2F-SCLY,SCLY,ESPNL,KLHL30,ERFE,ILKAP,HES6,PER2,TRAF3IP1,ASB1,TWIST2,HDAC4,NDUFA10,OR6B2,OR6B3,COPS9,OTOS,GPC1,ANKMY1,DUSP28,RNPEPL1,CAPN10,GPR35,AQP12B	0.005888062359720048	0.007847374991992808
chr2	238158970	240993311	ERFE,ILKAP,HES6,PER2,TRAF3IP1,ASB1,TWIST2,HDAC4,NDUFA10,OR6B2,OR6B3,COPS9,OTOS,GPC1,ANKMY1,DUSP28,RNPEPL1,CAPN10,GPR35,AQP12B,AQP12A,KIF1A,AGXT,MAB21L4,CROCC2	0.008861792492989429	0.009873127662575582
chr2	238426742	241225976	ASB1,TWIST2,HDAC4,NDUFA10,OR6B2,OR6B3,COPS9,OTOS,GPC1,ANKMY1,DUSP28,RNPEPL1,CAPN10,GPR35,AQP12B,AQP12A,KIF1A,AGXT,MAB21L4,CROCC2,SNED1,MTERF4,PASK,PPP1R7,ANO7	0.007908025056881443	0.01057841805716858
chr2	240044571	241574131	OR6B3,COPS9,OTOS,GPC1,ANKMY1,DUSP28,RNPEPL1,CAPN10,GPR35,AQP12B,AQP12A,KIF1A,AGXT,MAB21L4,CROCC2,SNED1,MTERF4,PASK,PPP1R7,ANO7,HDLBP,SEPTIN2,FARP2,STK25,BOK	0.005669695566440664	0.009562815266533964
chr2	240560054	241768816	DUSP28,RNPEPL1,CAPN10,GPR35,AQP12B,AQP12A,KIF1A,AGXT,MAB21L4,CROCC2,SNED1,MTERF4,PASK,PPP1R7,ANO7,HDLBP,SEPTIN2,FARP2,STK25,BOK,THAP4,ATG4B,DTYMK,ING5,D2HGDH	0.007244382230813818	0.010641342344178014
chr2	240691866	241902551	AQP12A,KIF1A,AGXT,MAB21L4,CROCC2,SNED1,MTERF4,PASK,PPP1R7,ANO7,HDLBP,SEPTIN2,FARP2,STK25,BOK,THAP4,ATG4B,DTYMK,ING5,D2HGDH,GAL3ST2,NEU4,PDCD1,RTP5,FAM240C	0.013516416795419137	0.011028396535237493
chr3	196763	9729908	CHL1,CNTN6,CNTN4,IL5RA,TRNT1,CRBN,SUMF1,LRRN1,SETMAR,ITPR1,BHLHE40,ARL8B,EDEM1,GRM7,LMCD1,SSUH2,CAV3,OXTR,RAD18,SRGAP3,THUMPD3,SETD5,LHFPL4,MTMR14,CPNE9	0.016556024912213564	0.01096667337217885
chr3	3144628	9807101	CRBN,SUMF1,LRRN1,SETMAR,ITPR1,BHLHE40,ARL8B,EDEM1,GRM7,LMCD1,SSUH2,CAV3,OXTR,RAD18,SRGAP3,THUMPD3,SETD5,LHFPL4,MTMR14,CPNE9,BRPF1,OGG1,CAMK1,TADA3,ARPC4	0.017819693106347803	0.013090073457106919
chr3	4979437	9894349	BHLHE40,ARL8B,EDEM1,GRM7,LMCD1,SSUH2,CAV3,OXTR,RAD18,SRGAP3,THUMPD3,SETD5,LHFPL4,MTMR14,CPNE9,BRPF1,OGG1,CAMK1,TADA3,ARPC4,ARPC4-TTLL3,TTLL3,RPUSD3,CIDEC,JAGN1	0.012916897820829058	0.010024739007693257
chr3	8619386	9952408	SSUH2,CAV3,OXTR,RAD18,SRGAP3,THUMPD3,SETD5,LHFPL4,MTMR14,CPNE9,BRPF1,OGG1,CAMK1,TADA3,ARPC4,ARPC4-TTLL3,TTLL3,RPUSD3,CIDEC,JAGN1,IL17RE,IL17RC,ENSG00000288550,CRELD1,PRRT3	0.011256606251891439	0.013451501180179204
chr3	9362971	10153667	THUMPD3,SETD5,LHFPL4,MTMR14,CPNE9,BRPF1,OGG1,CAMK1,TADA3,ARPC4,ARPC4-TTLL3,TTLL3,RPUSD3,CIDEC,JAGN1,IL17RE,IL17RC,ENSG00000288550,CRELD1,PRRT3,EMC3,FANCD2,FANCD2OS,BRK1,VHL	0.00933451884849873	0.015774245336105688
chr3	9731729	10321112	BRPF1,OGG1,CAMK1,TADA3,ARPC4,ARPC4-TTLL3,TTLL3,RPUSD3,CIDEC,JAGN1,IL17RE,IL17RC,ENSG00000288550,CRELD1,PRRT3,EMC3,FANCD2,FANCD2OS,BRK1,VHL,IRAK2,TATDN2,ENSG00000272410,GHRL,SEC13	0.005132018385590505	0.009952283146567776
chr3	9793082	11557665	ARPC4-TTLL3,TTLL3,RPUSD3,CIDEC,JAGN1,IL17RE,IL17RC,ENSG00000288550,CRELD1,PRRT3,EMC3,FANCD2,FANCD2OS,BRK1,VHL,IRAK2,TATDN2,ENSG00000272410,GHRL,SEC13,ATP2B2,SLC6A11,SLC6A1,HRH1,ATG7	0.0005044972834860595	0.005425909631812653
chr3	9902612	12434356	IL17RE,IL17RC,ENSG00000288550,CRELD1,PRRT3,EMC3,FANCD2,FANCD2OS,BRK1,VHL,IRAK2,TATDN2,ENSG00000272410,GHRL,SEC13,ATP2B2,SLC6A11,SLC6A1,HRH1,ATG7,VGLL4,TAMM41,SYN2,TIMP4,PPARG	0.003709472907055387	0.008884388793640039
chr3	9962682	12769457	EMC3,FANCD2,FANCD2OS,BRK1,VHL,IRAK2,TATDN2,ENSG00000272410,GHRL,SEC13,ATP2B2,SLC6A11,SLC6A1,HRH1,ATG7,VGLL4,TAMM41,SYN2,TIMP4,PPARG,TSEN2,MKRN2OS,MKRN2,RAF1,TMEM40	0.007530002017075171	0.012137007119862013
chr3	10164919	13506424	IRAK2,TATDN2,ENSG00000272410,GHRL,SEC13,ATP2B2,SLC6A11,SLC6A1,HRH1,ATG7,VGLL4,TAMM41,SYN2,TIMP4,PPARG,TSEN2,MKRN2OS,MKRN2,RAF1,TMEM40,CAND2,RPL32,IQSEC1,NUP210,HDAC11	0.007068776961183016	0.011586108334983032
chr3	10324023	14148252	ATP2B2,SLC6A11,SLC6A1,HRH1,ATG7,VGLL4,TAMM41,SYN2,TIMP4,PPARG,TSEN2,MKRN2OS,MKRN2,RAF1,TMEM40,CAND2,RPL32,IQSEC1,NUP210,HDAC11,FBLN2,WNT7A,CHCHD4,TMEM43,ENSG00000268279	0.0022660231448241703	0.01134464483465316
chr3	11556069	14672659	VGLL4,TAMM41,SYN2,TIMP4,PPARG,TSEN2,MKRN2OS,MKRN2,RAF1,TMEM40,CAND2,RPL32,IQSEC1,NUP210,HDAC11,FBLN2,WNT7A,CHCHD4,TMEM43,ENSG00000268279,XPC,LSM3,SLC6A6,GRIP2,CCDC174	-0.0003462796710178616	0.008107326022681115
chr3	12484421	15099163	TSEN2,MKRN2OS,MKRN2,RAF1,TMEM40,CAND2,RPL32,IQSEC1,NUP210,HDAC11,FBLN2,WNT7A,CHCHD4,TMEM43,ENSG00000268279,XPC,LSM3,SLC6A6,GRIP2,CCDC174,C3orf20,FGD5,NR2C2,MRPS25,RBSN	0.006637933152260983	0.010614386837236435
chr3	12796472	15521751	CAND2,RPL32,IQSEC1,NUP210,HDAC11,FBLN2,WNT7A,CHCHD4,TMEM43,ENSG00000268279,XPC,LSM3,SLC6A6,GRIP2,CCDC174,C3orf20,FGD5,NR2C2,MRPS25,RBSN,CAPN7,SH3BP5,METTL6,EAF1,COLQ	0.015833880877215056	0.014163701373684997
chr3	13549125	16264969	FBLN2,WNT7A,CHCHD4,TMEM43,ENSG00000268279,XPC,LSM3,SLC6A6,GRIP2,CCDC174,C3orf20,FGD5,NR2C2,MRPS25,RBSN,CAPN7,SH3BP5,METTL6,EAF1,COLQ,HACL1,BTD,ANKRD28,GALNT15,DPH3	0.015453134548012287	0.013575792084628077
chr3	14145147	18444817	XPC,LSM3,SLC6A6,GRIP2,CCDC174,C3orf20,FGD5,NR2C2,MRPS25,RBSN,CAPN7,SH3BP5,METTL6,EAF1,COLQ,HACL1,BTD,ANKRD28,GALNT15,DPH3,OXNAD1,RFTN1,DAZL,PLCL2,TBC1D5	0.013572355041514815	0.01667034494968265
chr3	14675141	20012267	C3orf20,FGD5,NR2C2,MRPS25,RBSN,CAPN7,SH3BP5,METTL6,EAF1,COLQ,HACL1,BTD,ANKRD28,GALNT15,DPH3,OXNAD1,RFTN1,DAZL,PLCL2,TBC1D5,SATB1,KCNH8,EFHB,RAB5A,PP2D1	0.014790165293164143	0.015933286653769148
chr3	15206152	23891640	CAPN7,SH3BP5,METTL6,EAF1,COLQ,HACL1,BTD,ANKRD28,GALNT15,DPH3,OXNAD1,RFTN1,DAZL,PLCL2,TBC1D5,SATB1,KCNH8,EFHB,RAB5A,PP2D1,KAT2B,SGO1,ZNF385D,UBE2E2,UBE2E1	0.012819356216458898	0.011633406308642784
chr3	15560699	25597932	HACL1,BTD,ANKRD28,GALNT15,DPH3,OXNAD1,RFTN1,DAZL,PLCL2,TBC1D5,SATB1,KCNH8,EFHB,RAB5A,PP2D1,KAT2B,SGO1,ZNF385D,UBE2E2,UBE2E1,NKIRAS1,RPL15,NR1D2,THRB,RARB	0.015588411320321807	0.011366436306625795
chr3	16265160	27369460	OXNAD1,RFTN1,DAZL,PLCL2,TBC1D5,SATB1,KCNH8,EFHB,RAB5A,PP2D1,KAT2B,SGO1,ZNF385D,UBE2E2,UBE2E1,NKIRAS1,RPL15,NR1D2,THRB,RARB,TOP2B,NGLY1,OXSM,LRRC3B,NEK10	0.009574275610516257	0.00747432289715771
chr3	18345377	28538122	SATB1,KCNH8,EFHB,RAB5A,PP2D1,KAT2B,SGO1,ZNF385D,UBE2E2,UBE2E1,NKIRAS1,RPL15,NR1D2,THRB,RARB,TOP2B,NGLY1,OXSM,LRRC3B,NEK10,SLC4A7,EOMES,CMC1,AZI2,ZCWPW2	0.008806184771428955	0.00561048955767577
chr3	20040446	31637616	KAT2B,SGO1,ZNF385D,UBE2E2,UBE2E1,NKIRAS1,RPL15,NR1D2,THRB,RARB,TOP2B,NGLY1,OXSM,LRRC3B,NEK10,SLC4A7,EOMES,CMC1,AZI2,ZCWPW2,ENSG00000283563,RBMS3,TGFBR2,GADL1,STT3B	0.0159892307431403	0.009869213454821875
chr3	23889951	32483067	NKIRAS1,RPL15,NR1D2,THRB,RARB,TOP2B,NGLY1,OXSM,LRRC3B,NEK10,SLC4A7,EOMES,CMC1,AZI2,ZCWPW2,ENSG00000283563,RBMS3,TGFBR2,GADL1,STT3B,OSBPL10,ZNF860,GPD1L,CMTM8,CMTM7	0.022721697569733832	0.01763821301640684
chr3	25597978	32956349	TOP2B,NGLY1,OXSM,LRRC3B,NEK10,SLC4A7,EOMES,CMC1,AZI2,ZCWPW2,ENSG00000283563,RBMS3,TGFBR2,GADL1,STT3B,OSBPL10,ZNF860,GPD1L,CMTM8,CMTM7,CMTM6,DYNC1LI1,CNOT10,TRIM71,CCR4	0.011289662613854617	0.012660424880769582
chr3	27372721	33403662	SLC4A7,EOMES,CMC1,AZI2,ZCWPW2,ENSG00000283563,RBMS3,TGFBR2,GADL1,STT3B,OSBPL10,ZNF860,GPD1L,CMTM8,CMTM7,CMTM6,DYNC1LI1,CNOT10,TRIM71,CCR4,GLB1,TMPPE,CRTAP,SUSD5,FBXL2	0.007119089932462368	0.011283971774807593
chr3	28349178	36548007	ENSG00000283563,RBMS3,TGFBR2,GADL1,STT3B,OSBPL10,ZNF860,GPD1L,CMTM8,CMTM7,CMTM6,DYNC1LI1,CNOT10,TRIM71,CCR4,GLB1,TMPPE,CRTAP,SUSD5,FBXL2,UBP1,CLASP2,PDCD6IP,ARPP21,STAC	0.010505883016480557	0.013951905318404813
chr3	31657912	37183689	OSBPL10,ZNF860,GPD1L,CMTM8,CMTM7,CMTM6,DYNC1LI1,CNOT10,TRIM71,CCR4,GLB1,TMPPE,CRTAP,SUSD5,FBXL2,UBP1,CLASP2,PDCD6IP,ARPP21,STAC,DCLK3,TRANK1,EPM2AIP1,MLH1,LRRFIP2	0.011944635979197496	0.014468428781638456
chr3	32481312	38029642	CMTM6,DYNC1LI1,CNOT10,TRIM71,CCR4,GLB1,TMPPE,CRTAP,SUSD5,FBXL2,UBP1,CLASP2,PDCD6IP,ARPP21,STAC,DCLK3,TRANK1,EPM2AIP1,MLH1,LRRFIP2,GOLGA4,ITGA9,CTDSPL,VILL,PLCD1	0.010350781234362514	0.013593286226749388
chr3	32996609	38278757	GLB1,TMPPE,CRTAP,SUSD5,FBXL2,UBP1,CLASP2,PDCD6IP,ARPP21,STAC,DCLK3,TRANK1,EPM2AIP1,MLH1,LRRFIP2,GOLGA4,ITGA9,CTDSPL,VILL,PLCD1,DLEC1,ACAA1,MYD88,OXSR1,SLC22A13	0.013476369826435658	0.012501419866391576
chr3	33388336	38649687	UBP1,CLASP2,PDCD6IP,ARPP21,STAC,DCLK3,TRANK1,EPM2AIP1,MLH1,LRRFIP2,GOLGA4,ITGA9,CTDSPL,VILL,PLCD1,DLEC1,ACAA1,MYD88,OXSR1,SLC22A13,SLC22A14,XYLB,ACVR2B,EXOG,SCN5A	0.015799542654050487	0.014627718510412965
chr3	36712421	39138903	DCLK3,TRANK1,EPM2AIP1,MLH1,LRRFIP2,GOLGA4,ITGA9,CTDSPL,VILL,PLCD1,DLEC1,ACAA1,MYD88,OXSR1,SLC22A13,SLC22A14,XYLB,ACVR2B,EXOG,SCN5A,SCN10A,SCN11A,WDR48,GORASP1,TTC21A	0.012471296445086497	0.012900714523173637
chr3	37243191	39397351	GOLGA4,ITGA9,CTDSPL,VILL,PLCD1,DLEC1,ACAA1,MYD88,OXSR1,SLC22A13,SLC22A14,XYLB,ACVR2B,EXOG,SCN5A,SCN10A,SCN11A,WDR48,GORASP1,TTC21A,CSRNP1,XIRP1,CX3CR1,CCR8,SLC25A38	0.013342714406792843	0.014061615037012008
chr3	38039205	40428744	DLEC1,ACAA1,MYD88,OXSR1,SLC22A13,SLC22A14,XYLB,ACVR2B,EXOG,SCN5A,SCN10A,SCN11A,WDR48,GORASP1,TTC21A,CSRNP1,XIRP1,CX3CR1,CCR8,SLC25A38,RPSA,MOBP,MYRIP,EIF1B,ENTPD3	0.01098841411391301	0.011488032033305288
chr3	38282294	41260096	SLC22A14,XYLB,ACVR2B,EXOG,SCN5A,SCN10A,SCN11A,WDR48,GORASP1,TTC21A,CSRNP1,XIRP1,CX3CR1,CCR8,SLC25A38,RPSA,MOBP,MYRIP,EIF1B,ENTPD3,RPL14,ZNF619,ZNF620,ZNF621,CTNNB1	0.006145136084674423	0.0006918675398101504
chr3	38696802	42537573	SCN10A,SCN11A,WDR48,GORASP1,TTC21A,CSRNP1,XIRP1,CX3CR1,CCR8,SLC25A38,RPSA,MOBP,MYRIP,EIF1B,ENTPD3,RPL14,ZNF619,ZNF620,ZNF621,CTNNB1,ULK4,TRAK1,CCK,LYZL4,VIPR1	0.012870349374155836	0.0013284269048723374
chr3	39141855	42692544	CSRNP1,XIRP1,CX3CR1,CCR8,SLC25A38,RPSA,MOBP,MYRIP,EIF1B,ENTPD3,RPL14,ZNF619,ZNF620,ZNF621,CTNNB1,ULK4,TRAK1,CCK,LYZL4,VIPR1,SEC22C,SS18L2,NKTR,ZBTB47,KLHL40	0.012855756914117415	0.0048858384481299125
chr3	39406716	42887974	RPSA,MOBP,MYRIP,EIF1B,ENTPD3,RPL14,ZNF619,ZNF620,ZNF621,CTNNB1,ULK4,TRAK1,CCK,LYZL4,VIPR1,SEC22C,SS18L2,NKTR,ZBTB47,KLHL40,HHATL,CCDC13,ENSG00000280571,HIGD1A,ACKR2	0.010469914358059594	0.008489852746171402
chr3	40457292	43067898	RPL14,ZNF619,ZNF620,ZNF621,CTNNB1,ULK4,TRAK1,CCK,LYZL4,VIPR1,SEC22C,SS18L2,NKTR,ZBTB47,KLHL40,HHATL,CCDC13,ENSG00000280571,HIGD1A,ACKR2,ENSG00000273291,CYP8B1,ZNF662,KRBOX1,GASK1A	0.010795623498955183	0.011879190847766124
chr3	41246599	44332098	ULK4,TRAK1,CCK,LYZL4,VIPR1,SEC22C,SS18L2,NKTR,ZBTB47,KLHL40,HHATL,CCDC13,ENSG00000280571,HIGD1A,ACKR2,ENSG00000273291,CYP8B1,ZNF662,KRBOX1,GASK1A,POMGNT2,SNRK,ANO10,ABHD5,TOPAZ1	0.007569217816765329	0.010409025536170693
chr3	42547969	44599694	SEC22C,SS18L2,NKTR,ZBTB47,KLHL40,HHATL,CCDC13,ENSG00000280571,HIGD1A,ACKR2,ENSG00000273291,CYP8B1,ZNF662,KRBOX1,GASK1A,POMGNT2,SNRK,ANO10,ABHD5,TOPAZ1,TCAIM,ZNF445,ZNF852,ZKSCAN7,ZNF660	0.004834982664611787	0.005748812765510784
chr3	42692663	44761619	HHATL,CCDC13,ENSG00000280571,HIGD1A,ACKR2,ENSG00000273291,CYP8B1,ZNF662,KRBOX1,GASK1A,POMGNT2,SNRK,ANO10,ABHD5,TOPAZ1,TCAIM,ZNF445,ZNF852,ZKSCAN7,ZNF660,ZNF197,ZNF35,ZNF502,ZNF501,KIAA1143	0.011524342217843726	0.011811136415280296
chr3	42809446	45036066	ENSG00000273291,CYP8B1,ZNF662,KRBOX1,GASK1A,POMGNT2,SNRK,ANO10,ABHD5,TOPAZ1,TCAIM,ZNF445,ZNF852,ZKSCAN7,ZNF660,ZNF197,ZNF35,ZNF502,ZNF501,KIAA1143,KIF15,TMEM42,TGM4,ZDHHC3,EXOSC7	0.01647244146635761	0.015296132942707458
chr3	43079229	45686341	POMGNT2,SNRK,ANO10,ABHD5,TOPAZ1,TCAIM,ZNF445,ZNF852,ZKSCAN7,ZNF660,ZNF197,ZNF35,ZNF502,ZNF501,KIAA1143,KIF15,TMEM42,TGM4,ZDHHC3,EXOSC7,CLEC3B,CDCP1,TMEM158,LARS2,LIMD1	0.01437543858786849	0.01431128315232378
chr3	44338119	45995824	TCAIM,ZNF445,ZNF852,ZKSCAN7,ZNF660,ZNF197,ZNF35,ZNF502,ZNF501,KIAA1143,KIF15,TMEM42,TGM4,ZDHHC3,EXOSC7,CLEC3B,CDCP1,TMEM158,LARS2,LIMD1,SACM1L,SLC6A20,LZTFL1,CCR9,FYCO1	0.012130609194753807	0.013855407431071349
chr3	44584888	46360940	ZNF197,ZNF35,ZNF502,ZNF501,KIAA1143,KIF15,TMEM42,TGM4,ZDHHC3,EXOSC7,CLEC3B,CDCP1,TMEM158,LARS2,LIMD1,SACM1L,SLC6A20,LZTFL1,CCR9,FYCO1,CXCR6,XCR1,CCR3,CCR1,CCR2	0.01443272302347685	0.01603959924805536
chr3	44761721	46606948	KIF15,TMEM42,TGM4,ZDHHC3,EXOSC7,CLEC3B,CDCP1,TMEM158,LARS2,LIMD1,SACM1L,SLC6A20,LZTFL1,CCR9,FYCO1,CXCR6,XCR1,CCR3,CCR1,CCR2,CCR5,CCRL2,LTF,RTP3,LRRC2	0.007123479047627755	0.006663750557087187
chr3	45001548	46710886	CLEC3B,CDCP1,TMEM158,LARS2,LIMD1,SACM1L,SLC6A20,LZTFL1,CCR9,FYCO1,CXCR6,XCR1,CCR3,CCR1,CCR2,CCR5,CCRL2,LTF,RTP3,LRRC2,TDGF1,ENSG00000283877,FAM240A,ALS2CL,TMIE	0.00159479338319632	0.0011480812972756414
chr3	45689056	46982010	SACM1L,SLC6A20,LZTFL1,CCR9,FYCO1,CXCR6,XCR1,CCR3,CCR1,CCR2,CCR5,CCRL2,LTF,RTP3,LRRC2,TDGF1,ENSG00000283877,FAM240A,ALS2CL,TMIE,ENSG00000206549,PRSS50,MYL3,PTH1R,CCDC12	0.0001802288170516724	0.0001064905056675838
chr3	45940933	47413435	CXCR6,XCR1,CCR3,CCR1,CCR2,CCR5,CCRL2,LTF,RTP3,LRRC2,TDGF1,ENSG00000283877,FAM240A,ALS2CL,TMIE,ENSG00000206549,PRSS50,MYL3,PTH1R,CCDC12,NBEAL2,SETD2,KIF9,KLHL18,PTPN23	0.0014931436046232798	0.001047929443860617
chr3	46370946	47850195	CCR5,CCRL2,LTF,RTP3,LRRC2,TDGF1,ENSG00000283877,FAM240A,ALS2CL,TMIE,ENSG00000206549,PRSS50,MYL3,PTH1R,CCDC12,NBEAL2,SETD2,KIF9,KLHL18,PTPN23,SCAP,ELP6,CSPG5,SMARCC1,DHX30	0.009077423760207412	0.008101436630487626
chr3	46574534	48301685	TDGF1,ENSG00000283877,FAM240A,ALS2CL,TMIE,ENSG00000206549,PRSS50,MYL3,PTH1R,CCDC12,NBEAL2,SETD2,KIF9,KLHL18,PTPN23,SCAP,ELP6,CSPG5,SMARCC1,DHX30,MAP4,CDC25A,CAMP,ZNF589,NME6	0.01834311912366803	0.015119796264094895
chr3	46712115	48444208	ENSG00000206549,PRSS50,MYL3,PTH1R,CCDC12,NBEAL2,SETD2,KIF9,KLHL18,PTPN23,SCAP,ELP6,CSPG5,SMARCC1,DHX30,MAP4,CDC25A,CAMP,ZNF589,NME6,SPINK8,FBXW12,PLXNB1,CCDC51,TMA7	0.0170038507428265	0.010331994976812496
chr3	46979666	48563781	NBEAL2,SETD2,KIF9,KLHL18,PTPN23,SCAP,ELP6,CSPG5,SMARCC1,DHX30,MAP4,CDC25A,CAMP,ZNF589,NME6,SPINK8,FBXW12,PLXNB1,CCDC51,TMA7,ATRIP,TREX1,SHISA5,PFKFB4,UCN2	0.012373562763323744	0.009612190197878012
chr3	47413681	48662886	SCAP,ELP6,CSPG5,SMARCC1,DHX30,MAP4,CDC25A,CAMP,ZNF589,NME6,SPINK8,FBXW12,PLXNB1,CCDC51,TMA7,ATRIP,TREX1,SHISA5,PFKFB4,UCN2,COL7A1,UQCRC1,TMEM89,SLC26A6,CELSR3	0.0032568485638445727	0.00454305697875272
chr3	47850690	48986382	MAP4,CDC25A,CAMP,ZNF589,NME6,SPINK8,FBXW12,PLXNB1,CCDC51,TMA7,ATRIP,TREX1,SHISA5,PFKFB4,UCN2,COL7A1,UQCRC1,TMEM89,SLC26A6,CELSR3,NCKIPSD,IP6K2,PRKAR2A,SLC25A20,ARIH2	0.0027613519870011457	0.006534704018331251
chr3	48306842	49029447	SPINK8,FBXW12,PLXNB1,CCDC51,TMA7,ATRIP,TREX1,SHISA5,PFKFB4,UCN2,COL7A1,UQCRC1,TMEM89,SLC26A6,CELSR3,NCKIPSD,IP6K2,PRKAR2A,SLC25A20,ARIH2,P4HTM,WDR6,DALRD3,NDUFAF3,IMPDH2	0.004872876027583834	0.010043832502393256
chr3	48446710	49166331	ATRIP,TREX1,SHISA5,PFKFB4,UCN2,COL7A1,UQCRC1,TMEM89,SLC26A6,CELSR3,NCKIPSD,IP6K2,PRKAR2A,SLC25A20,ARIH2,P4HTM,WDR6,DALRD3,NDUFAF3,IMPDH2,QRICH1,QARS1,USP19,LAMB2,CCDC71	0.009371862331609774	0.009888082073477718
chr3	48564073	49340712	COL7A1,UQCRC1,TMEM89,SLC26A6,CELSR3,NCKIPSD,IP6K2,PRKAR2A,SLC25A20,ARIH2,P4HTM,WDR6,DALRD3,NDUFAF3,IMPDH2,QRICH1,QARS1,USP19,LAMB2,CCDC71,KLHDC8B,C3orf84,IHO1,C3orf62,USP4	0.0122304209635237	0.011136772693345016
chr3	48673844	49429314	NCKIPSD,IP6K2,PRKAR2A,SLC25A20,ARIH2,P4HTM,WDR6,DALRD3,NDUFAF3,IMPDH2,QRICH1,QARS1,USP19,LAMB2,CCDC71,KLHDC8B,C3orf84,IHO1,C3orf62,USP4,GPX1,RHOA,TCTA,ENSG00000283189,AMT	0.015690679663751872	0.013906906600692798
chr3	48989889	49689501	P4HTM,WDR6,DALRD3,NDUFAF3,IMPDH2,QRICH1,QARS1,USP19,LAMB2,CCDC71,KLHDC8B,C3orf84,IHO1,C3orf62,USP4,GPX1,RHOA,TCTA,ENSG00000283189,AMT,NICN1,DAG1,BSN,APEH,MST1	0.01409903017848212	0.012395642980144585
chr3	49029707	49799873	QRICH1,QARS1,USP19,LAMB2,CCDC71,KLHDC8B,C3orf84,IHO1,C3orf62,USP4,GPX1,RHOA,TCTA,ENSG00000283189,AMT,NICN1,DAG1,BSN,APEH,MST1,RNF123,AMIGO3,GMPPB,IP6K1,CDHR4	0.013199194831829969	0.013829326347967411
chr3	49171598	49903873	KLHDC8B,C3orf84,IHO1,C3orf62,USP4,GPX1,RHOA,TCTA,ENSG00000283189,AMT,NICN1,DAG1,BSN,APEH,MST1,RNF123,AMIGO3,GMPPB,IP6K1,CDHR4,INKA1,UBA7,TRAIP,CAMKV,MST1R	0.009211106175083047	0.01278213537491376
chr3	49357174	50197696	GPX1,RHOA,TCTA,ENSG00000283189,AMT,NICN1,DAG1,BSN,APEH,MST1,RNF123,AMIGO3,GMPPB,IP6K1,CDHR4,INKA1,UBA7,TRAIP,CAMKV,MST1R,MON1A,RBM6,RBM5,SEMA3F,GNAT1	0.007232746761172788	0.010850994000786464
chr3	49422333	50292918	NICN1,DAG1,BSN,APEH,MST1,RNF123,AMIGO3,GMPPB,IP6K1,CDHR4,INKA1,UBA7,TRAIP,CAMKV,MST1R,MON1A,RBM6,RBM5,SEMA3F,GNAT1,SLC38A3,GNAI2,SEMA3B,LSMEM2,IFRD2	0.008626291968973718	0.01518852222806118
chr3	49689538	50328251	RNF123,AMIGO3,GMPPB,IP6K1,CDHR4,INKA1,UBA7,TRAIP,CAMKV,MST1R,MON1A,RBM6,RBM5,SEMA3F,GNAT1,SLC38A3,GNAI2,SEMA3B,LSMEM2,IFRD2,HYAL3,NAA80,HYAL1,HYAL2,TUSC2	0.008148619224670996	0.010064189048870423
chr3	49803261	50367923	INKA1,UBA7,TRAIP,CAMKV,MST1R,MON1A,RBM6,RBM5,SEMA3F,GNAT1,SLC38A3,GNAI2,SEMA3B,LSMEM2,IFRD2,HYAL3,NAA80,HYAL1,HYAL2,TUSC2,RASSF1,ZMYND10,NPRL2,CYB561D2,ENSG00000272104	0.00830101323344205	0.008944776568160069
chr3	49907160	50611774	MON1A,RBM6,RBM5,SEMA3F,GNAT1,SLC38A3,GNAI2,SEMA3B,LSMEM2,IFRD2,HYAL3,NAA80,HYAL1,HYAL2,TUSC2,RASSF1,ZMYND10,NPRL2,CYB561D2,ENSG00000272104,TMEM115,CACNA2D2,C3orf18,HEMK1,CISH	0.012791018421655503	0.013508313500278648
chr3	50205246	51500015	SLC38A3,GNAI2,SEMA3B,LSMEM2,IFRD2,HYAL3,NAA80,HYAL1,HYAL2,TUSC2,RASSF1,ZMYND10,NPRL2,CYB561D2,ENSG00000272104,TMEM115,CACNA2D2,C3orf18,HEMK1,CISH,MAPKAPK3,DOCK3,MANF,RBM15B,DCAF1	0.012334744720510493	0.011088430108470942
chr3	50292831	51830856	HYAL3,NAA80,HYAL1,HYAL2,TUSC2,RASSF1,ZMYND10,NPRL2,CYB561D2,ENSG00000272104,TMEM115,CACNA2D2,C3orf18,HEMK1,CISH,MAPKAPK3,DOCK3,MANF,RBM15B,DCAF1,RAD54L2,TEX264,GRM2,IQCF6,ENSG00000285749	0.011011206011668048	0.010897384389337737
chr3	50329782	51941904	RASSF1,ZMYND10,NPRL2,CYB561D2,ENSG00000272104,TMEM115,CACNA2D2,C3orf18,HEMK1,CISH,MAPKAPK3,DOCK3,MANF,RBM15B,DCAF1,RAD54L2,TEX264,GRM2,IQCF6,ENSG00000285749,IQCF3,IQCF2,IQCF5,IQCF1,RRP9	0.015707946668772736	0.018054165222239973
chr3	50354750	51983409	TMEM115,CACNA2D2,C3orf18,HEMK1,CISH,MAPKAPK3,DOCK3,MANF,RBM15B,DCAF1,RAD54L2,TEX264,GRM2,IQCF6,ENSG00000285749,IQCF3,IQCF2,IQCF5,IQCF1,RRP9,PARP3,GPR62,PCBP4,ABHD14B,ABHD14A	0.009353363108627732	0.011877996084823901
chr3	50611520	52154690	MAPKAPK3,DOCK3,MANF,RBM15B,DCAF1,RAD54L2,TEX264,GRM2,IQCF6,ENSG00000285749,IQCF3,IQCF2,IQCF5,IQCF1,RRP9,PARP3,GPR62,PCBP4,ABHD14B,ABHD14A,ABHD14A-ACY1,ACY1,RPL29,DUSP7,POC1A	0.003736950828044428	0.006043718959511797
chr3	51538719	52250599	RAD54L2,TEX264,GRM2,IQCF6,ENSG00000285749,IQCF3,IQCF2,IQCF5,IQCF1,RRP9,PARP3,GPR62,PCBP4,ABHD14B,ABHD14A,ABHD14A-ACY1,ACY1,RPL29,DUSP7,POC1A,ALAS1,TLR9,ENSG00000173366,TWF2,PPM1M	0.0030101728650092723	0.009791781801052595
chr3	51826883	52423641	IQCF3,IQCF2,IQCF5,IQCF1,RRP9,PARP3,GPR62,PCBP4,ABHD14B,ABHD14A,ABHD14A-ACY1,ACY1,RPL29,DUSP7,POC1A,ALAS1,TLR9,ENSG00000173366,TWF2,PPM1M,WDR82,GLYCTK,DNAH1,BAP1,PHF7	-0.008400028645090603	0.0029932720946819467
chr3	51942345	52535054	PARP3,GPR62,PCBP4,ABHD14B,ABHD14A,ABHD14A-ACY1,ACY1,RPL29,DUSP7,POC1A,ALAS1,TLR9,ENSG00000173366,TWF2,PPM1M,WDR82,GLYCTK,DNAH1,BAP1,PHF7,SEMA3G,TNNC1,NISCH,STAB1,NT5DC2	-0.00023806957434024996	0.007454143325659693
chr3	51974706	52770946	ABHD14A-ACY1,ACY1,RPL29,DUSP7,POC1A,ALAS1,TLR9,ENSG00000173366,TWF2,PPM1M,WDR82,GLYCTK,DNAH1,BAP1,PHF7,SEMA3G,TNNC1,NISCH,STAB1,NT5DC2,PBRM1,GNL3,GLT8D1,SPCS1,NEK4	0.008136864023817048	0.011697541748630838
chr3	52198086	52835729	ALAS1,TLR9,ENSG00000173366,TWF2,PPM1M,WDR82,GLYCTK,DNAH1,BAP1,PHF7,SEMA3G,TNNC1,NISCH,STAB1,NT5DC2,PBRM1,GNL3,GLT8D1,SPCS1,NEK4,ITIH1,ITIH3,ITIH4,ENSG00000243696,MUSTN1	0.01059704240190036	0.010891083505540038
chr3	52254434	53130453	WDR82,GLYCTK,DNAH1,BAP1,PHF7,SEMA3G,TNNC1,NISCH,STAB1,NT5DC2,PBRM1,GNL3,GLT8D1,SPCS1,NEK4,ITIH1,ITIH3,ITIH4,ENSG00000243696,MUSTN1,STIMATE-MUSTN1,STIMATE,SFMBT1,ENSG00000272305,RFT1	0.01312071257508436	0.008793410657413956
chr3	52433035	53846419	SEMA3G,TNNC1,NISCH,STAB1,NT5DC2,PBRM1,GNL3,GLT8D1,SPCS1,NEK4,ITIH1,ITIH3,ITIH4,ENSG00000243696,MUSTN1,STIMATE-MUSTN1,STIMATE,SFMBT1,ENSG00000272305,RFT1,PRKCD,TKT,DCP1A,CACNA1D,CHDH	0.006027858557909249	0.007308110465109164
chr3	52545352	55074557	PBRM1,GNL3,GLT8D1,SPCS1,NEK4,ITIH1,ITIH3,ITIH4,ENSG00000243696,MUSTN1,STIMATE-MUSTN1,STIMATE,SFMBT1,ENSG00000272305,RFT1,PRKCD,TKT,DCP1A,CACNA1D,CHDH,IL17RB,ACTR8,SELENOK,CACNA2D3,LRTM1	0.0037027247567895777	0.00545441721866208
chr3	52777595	57079329	ITIH1,ITIH3,ITIH4,ENSG00000243696,MUSTN1,STIMATE-MUSTN1,STIMATE,SFMBT1,ENSG00000272305,RFT1,PRKCD,TKT,DCP1A,CACNA1D,CHDH,IL17RB,ACTR8,SELENOK,CACNA2D3,LRTM1,WNT5A,ERC2,CCDC66,TASOR,ARHGEF3	0.0004586368092640652	0.005862270041023438
chr3	52833121	57292685	STIMATE-MUSTN1,STIMATE,SFMBT1,ENSG00000272305,RFT1,PRKCD,TKT,DCP1A,CACNA1D,CHDH,IL17RB,ACTR8,SELENOK,CACNA2D3,LRTM1,WNT5A,ERC2,CCDC66,TASOR,ARHGEF3,SPATA12,IL17RD,HESX1,APPL1,ASB14	0.002408381500469529	0.008034561509247506
chr3	53156009	57930003	PRKCD,TKT,DCP1A,CACNA1D,CHDH,IL17RB,ACTR8,SELENOK,CACNA2D3,LRTM1,WNT5A,ERC2,CCDC66,TASOR,ARHGEF3,SPATA12,IL17RD,HESX1,APPL1,ASB14,DNAH12,PDE12,ARF4,DENND6A,SLMAP	0.010020090016162162	0.014195988610759613
chr3	53846568	58324695	IL17RB,ACTR8,SELENOK,CACNA2D3,LRTM1,WNT5A,ERC2,CCDC66,TASOR,ARHGEF3,SPATA12,IL17RD,HESX1,APPL1,ASB14,DNAH12,PDE12,ARF4,DENND6A,SLMAP,FLNB,DNASE1L3,ABHD6,RPP14,HTD2	0.008245804709344185	0.012904421538655805
chr3	55465715	58627610	WNT5A,ERC2,CCDC66,TASOR,ARHGEF3,SPATA12,IL17RD,HESX1,APPL1,ASB14,DNAH12,PDE12,ARF4,DENND6A,SLMAP,FLNB,DNASE1L3,ABHD6,RPP14,HTD2,PXK,PDHB,KCTD6,ACOX2,FAM107A	0.004986584994220641	0.011305120545152904
chr3	57060664	62336213	SPATA12,IL17RD,HESX1,APPL1,ASB14,DNAH12,PDE12,ARF4,DENND6A,SLMAP,FLNB,DNASE1L3,ABHD6,RPP14,HTD2,PXK,PDHB,KCTD6,ACOX2,FAM107A,FAM3D,CFAP20DC,FHIT,PTPRG,C3orf14	0.006178630472999998	0.014004920921476732
chr3	57293699	63848636	DNAH12,PDE12,ARF4,DENND6A,SLMAP,FLNB,DNASE1L3,ABHD6,RPP14,HTD2,PXK,PDHB,KCTD6,ACOX2,FAM107A,FAM3D,CFAP20DC,FHIT,PTPRG,C3orf14,FEZF2,CADPS,SYNPR,SNTN,C3orf49	0.0066221980066532475	0.013984985140718371
chr3	58008398	64688000	FLNB,DNASE1L3,ABHD6,RPP14,HTD2,PXK,PDHB,KCTD6,ACOX2,FAM107A,FAM3D,CFAP20DC,FHIT,PTPRG,C3orf14,FEZF2,CADPS,SYNPR,SNTN,C3orf49,THOC7,ATXN7,PSMD6,PRICKLE2,ADAMTS9	0.004067300375751506	0.013049603698176232
chr3	58332880	67654612	PXK,PDHB,KCTD6,ACOX2,FAM107A,FAM3D,CFAP20DC,FHIT,PTPRG,C3orf14,FEZF2,CADPS,SYNPR,SNTN,C3orf49,THOC7,ATXN7,PSMD6,PRICKLE2,ADAMTS9,MAGI1,SLC25A26,LRIG1,KBTBD8,SUCLG2	0.009150484353366031	0.010885345093389759
chr3	58633946	69080408	FAM3D,CFAP20DC,FHIT,PTPRG,C3orf14,FEZF2,CADPS,SYNPR,SNTN,C3orf49,THOC7,ATXN7,PSMD6,PRICKLE2,ADAMTS9,MAGI1,SLC25A26,LRIG1,KBTBD8,SUCLG2,TAFA1,TAFA4,EOGT,TMF1,UBA3	0.020074359451615707	0.013179164524585825
chr3	62369681	70312638	FEZF2,CADPS,SYNPR,SNTN,C3orf49,THOC7,ATXN7,PSMD6,PRICKLE2,ADAMTS9,MAGI1,SLC25A26,LRIG1,KBTBD8,SUCLG2,TAFA1,TAFA4,EOGT,TMF1,UBA3,ARL6IP5,LMOD3,FRMD4B,MITF,MDFIC2	0.02383338180945168	0.011442887323081045
chr3	63833870	71785206	THOC7,ATXN7,PSMD6,PRICKLE2,ADAMTS9,MAGI1,SLC25A26,LRIG1,KBTBD8,SUCLG2,TAFA1,TAFA4,EOGT,TMF1,UBA3,ARL6IP5,LMOD3,FRMD4B,MITF,MDFIC2,FOXP1,ENSG00000285708,EIF4E3,GPR27,PROK2	0.022601636970881245	0.012616094875537111
chr3	65353525	73069198	MAGI1,SLC25A26,LRIG1,KBTBD8,SUCLG2,TAFA1,TAFA4,EOGT,TMF1,UBA3,ARL6IP5,LMOD3,FRMD4B,MITF,MDFIC2,FOXP1,ENSG00000285708,EIF4E3,GPR27,PROK2,RYBP,SHQ1,GXYLT2,PPP4R2,EBLN2	0.018436184039055687	0.01282359931997924
chr3	68004247	77649964	TAFA1,TAFA4,EOGT,TMF1,UBA3,ARL6IP5,LMOD3,FRMD4B,MITF,MDFIC2,FOXP1,ENSG00000285708,EIF4E3,GPR27,PROK2,RYBP,SHQ1,GXYLT2,PPP4R2,EBLN2,PDZRN3,CNTN3,FRG2C,ZNF717,ROBO2	0.016452902748778968	0.01395350719245367
chr3	69084937	87255556	ARL6IP5,LMOD3,FRMD4B,MITF,MDFIC2,FOXP1,ENSG00000285708,EIF4E3,GPR27,PROK2,RYBP,SHQ1,GXYLT2,PPP4R2,EBLN2,PDZRN3,CNTN3,FRG2C,ZNF717,ROBO2,ROBO1,GBE1,CADM2,VGLL3,CHMP2B	0.014511145356455141	0.01480326808177273
chr3	70954693	88149885	FOXP1,ENSG00000285708,EIF4E3,GPR27,PROK2,RYBP,SHQ1,GXYLT2,PPP4R2,EBLN2,PDZRN3,CNTN3,FRG2C,ZNF717,ROBO2,ROBO1,GBE1,CADM2,VGLL3,CHMP2B,POU1F1,HTR1F,CGGBP1,ENSG00000288654,ZNF654	0.01423972727003662	0.01387097491458572
chr3	72371825	94055678	RYBP,SHQ1,GXYLT2,PPP4R2,EBLN2,PDZRN3,CNTN3,FRG2C,ZNF717,ROBO2,ROBO1,GBE1,CADM2,VGLL3,CHMP2B,POU1F1,HTR1F,CGGBP1,ENSG00000288654,ZNF654,C3orf38,CSNKA2IP,EPHA3,PROS1,ARL13B	0.018919045660605635	0.014579852608752214
chr3	73382431	97801229	PDZRN3,CNTN3,FRG2C,ZNF717,ROBO2,ROBO1,GBE1,CADM2,VGLL3,CHMP2B,POU1F1,HTR1F,CGGBP1,ENSG00000288654,ZNF654,C3orf38,CSNKA2IP,EPHA3,PROS1,ARL13B,STX19,DHFR2,NSUN3,EPHA6,ARL6	0.019440523232177914	0.015103508952782113
chr3	78597239	98138548	ROBO1,GBE1,CADM2,VGLL3,CHMP2B,POU1F1,HTR1F,CGGBP1,ENSG00000288654,ZNF654,C3orf38,CSNKA2IP,EPHA3,PROS1,ARL13B,STX19,DHFR2,NSUN3,EPHA6,ARL6,CRYBG3,RIOX2,GABRR3,OR5AC2,OR5H1	0.016632523154545012	0.01185221333192546
chr3	87259404	98354819	POU1F1,HTR1F,CGGBP1,ENSG00000288654,ZNF654,C3orf38,CSNKA2IP,EPHA3,PROS1,ARL13B,STX19,DHFR2,NSUN3,EPHA6,ARL6,CRYBG3,RIOX2,GABRR3,OR5AC2,OR5H1,OR5H14,OR5H15,OR5H6,OR5H2,OR5K4	0.010880904445631955	0.00786068137686251
chr3	88149959	98585498	C3orf38,CSNKA2IP,EPHA3,PROS1,ARL13B,STX19,DHFR2,NSUN3,EPHA6,ARL6,CRYBG3,RIOX2,GABRR3,OR5AC2,OR5H1,OR5H14,OR5H15,OR5H6,OR5H2,OR5K4,OR5K3,OR5K1,OR5K2,CLDND1,ENSG00000285635	0.004715439446717792	0.003019810219766298
chr3	94014365	99799226	STX19,DHFR2,NSUN3,EPHA6,ARL6,CRYBG3,RIOX2,GABRR3,OR5AC2,OR5H1,OR5H14,OR5H15,OR5H6,OR5H2,OR5K4,OR5K3,OR5K1,OR5K2,CLDND1,ENSG00000285635,GPR15,CPOX,ST3GAL6,DCBLD2,COL8A1	0.002453677370199437	0.001269419336420657
chr3	97822011	100401089	CRYBG3,RIOX2,GABRR3,OR5AC2,OR5H1,OR5H14,OR5H15,OR5H6,OR5H2,OR5K4,OR5K3,OR5K1,OR5K2,CLDND1,ENSG00000285635,GPR15,CPOX,ST3GAL6,DCBLD2,COL8A1,CMSS1,FILIP1L,TBC1D23,NIT2,TOMM70	0.008862434832554358	0.006323721163231605
chr3	98147479	100993515	OR5H14,OR5H15,OR5H6,OR5H2,OR5K4,OR5K3,OR5K1,OR5K2,CLDND1,ENSG00000285635,GPR15,CPOX,ST3GAL6,DCBLD2,COL8A1,CMSS1,FILIP1L,TBC1D23,NIT2,TOMM70,LNP1,TMEM45A,ADGRG7,TFG,ABI3BP	0.01757221860687274	0.011927375502139091
chr3	98390666	101677135	OR5K3,OR5K1,OR5K2,CLDND1,ENSG00000285635,GPR15,CPOX,ST3GAL6,DCBLD2,COL8A1,CMSS1,FILIP1L,TBC1D23,NIT2,TOMM70,LNP1,TMEM45A,ADGRG7,TFG,ABI3BP,IMPG2,SENP7,TRMT10C,PCNP,ZBTB11	0.019560812094976333	0.014830152559382257
chr3	98531978	102479841	GPR15,CPOX,ST3GAL6,DCBLD2,COL8A1,CMSS1,FILIP1L,TBC1D23,NIT2,TOMM70,LNP1,TMEM45A,ADGRG7,TFG,ABI3BP,IMPG2,SENP7,TRMT10C,PCNP,ZBTB11,RPL24,CEP97,NXPE3,NFKBIZ,ZPLD1	0.01786736568550967	0.010598960468779383
chr3	99817837	108091862	CMSS1,FILIP1L,TBC1D23,NIT2,TOMM70,LNP1,TMEM45A,ADGRG7,TFG,ABI3BP,IMPG2,SENP7,TRMT10C,PCNP,ZBTB11,RPL24,CEP97,NXPE3,NFKBIZ,ZPLD1,ALCAM,CBLB,CCDC54,BBX,CD47	0.016305141834915354	0.010346468434089049
chr3	100401532	108694840	LNP1,TMEM45A,ADGRG7,TFG,ABI3BP,IMPG2,SENP7,TRMT10C,PCNP,ZBTB11,RPL24,CEP97,NXPE3,NFKBIZ,ZPLD1,ALCAM,CBLB,CCDC54,BBX,CD47,IFT57,HHLA2,MYH15,CIP2A,DZIP3	0.007682636015498122	0.00891819651447221
chr3	101222546	109151401	IMPG2,SENP7,TRMT10C,PCNP,ZBTB11,RPL24,CEP97,NXPE3,NFKBIZ,ZPLD1,ALCAM,CBLB,CCDC54,BBX,CD47,IFT57,HHLA2,MYH15,CIP2A,DZIP3,RETNLB,TRAT1,GUCA1C,MORC1,C3orf85	0.008772653986584672	0.013998389639997572
chr3	101681091	111665750	RPL24,CEP97,NXPE3,NFKBIZ,ZPLD1,ALCAM,CBLB,CCDC54,BBX,CD47,IFT57,HHLA2,MYH15,CIP2A,DZIP3,RETNLB,TRAT1,GUCA1C,MORC1,C3orf85,DPPA2,DPPA4,NECTIN3,CD96,ZBED2	0.010260431087031879	0.017019440721871004
chr3	105366909	112081269	ALCAM,CBLB,CCDC54,BBX,CD47,IFT57,HHLA2,MYH15,CIP2A,DZIP3,RETNLB,TRAT1,GUCA1C,MORC1,C3orf85,DPPA2,DPPA4,NECTIN3,CD96,ZBED2,PLCXD2,PHLDB2,ABHD10,TAGLN3,TMPRSS7	0.004092121952997203	0.005619203406089526
chr3	108160812	112499472	IFT57,HHLA2,MYH15,CIP2A,DZIP3,RETNLB,TRAT1,GUCA1C,MORC1,C3orf85,DPPA2,DPPA4,NECTIN3,CD96,ZBED2,PLCXD2,PHLDB2,ABHD10,TAGLN3,TMPRSS7,C3orf52,GCSAM,SLC9C1,CD200,BTLA	0.006607361807140872	0.00546525771990403
chr3	108743424	112975103	RETNLB,TRAT1,GUCA1C,MORC1,C3orf85,DPPA2,DPPA4,NECTIN3,CD96,ZBED2,PLCXD2,PHLDB2,ABHD10,TAGLN3,TMPRSS7,C3orf52,GCSAM,SLC9C1,CD200,BTLA,ATG3,SLC35A5,CCDC80,CD200R1L,CD200R1	0.007276132797054269	0.006778769895019917
chr3	109293788	113515151	DPPA2,DPPA4,NECTIN3,CD96,ZBED2,PLCXD2,PHLDB2,ABHD10,TAGLN3,TMPRSS7,C3orf52,GCSAM,SLC9C1,CD200,BTLA,ATG3,SLC35A5,CCDC80,CD200R1L,CD200R1,GTPBP8,NEPRO,BOC,CFAP44,ENSG00000285943	0.011528837978588731	0.010106892200649718
chr3	111674676	113812056	PLCXD2,PHLDB2,ABHD10,TAGLN3,TMPRSS7,C3orf52,GCSAM,SLC9C1,CD200,BTLA,ATG3,SLC35A5,CCDC80,CD200R1L,CD200R1,GTPBP8,NEPRO,BOC,CFAP44,ENSG00000285943,SPICE1,SIDT1,USF3,NAA50,ATP6V1A	0.010986610486748651	0.011567315563037726
chr3	112086335	114199407	C3orf52,GCSAM,SLC9C1,CD200,BTLA,ATG3,SLC35A5,CCDC80,CD200R1L,CD200R1,GTPBP8,NEPRO,BOC,CFAP44,ENSG00000285943,SPICE1,SIDT1,USF3,NAA50,ATP6V1A,GRAMD1C,ZDHHC23,CCDC191,QTRT2,DRD3	0.012438887938418072	0.011063129509111506
chr3	112532510	117139389	ATG3,SLC35A5,CCDC80,CD200R1L,CD200R1,GTPBP8,NEPRO,BOC,CFAP44,ENSG00000285943,SPICE1,SIDT1,USF3,NAA50,ATP6V1A,GRAMD1C,ZDHHC23,CCDC191,QTRT2,DRD3,ZNF80,TIGIT,ZBTB20,GAP43,LSAMP	0.014563296848975131	0.011951246312659035
chr3	112990984	119240946	GTPBP8,NEPRO,BOC,CFAP44,ENSG00000285943,SPICE1,SIDT1,USF3,NAA50,ATP6V1A,GRAMD1C,ZDHHC23,CCDC191,QTRT2,DRD3,ZNF80,TIGIT,ZBTB20,GAP43,LSAMP,IGSF11,TEX55,ENSG00000251012,UPK1B,B4GALT4	0.01372698805244487	0.009778292227949091
chr3	113442718	119559614	SPICE1,SIDT1,USF3,NAA50,ATP6V1A,GRAMD1C,ZDHHC23,CCDC191,QTRT2,DRD3,ZNF80,TIGIT,ZBTB20,GAP43,LSAMP,IGSF11,TEX55,ENSG00000251012,UPK1B,B4GALT4,ARHGAP31,TMEM39A,POGLUT1,TIMMDC1,CD80	0.008719450727728345	0.0012545965558797432
chr3	113828182	119767102	GRAMD1C,ZDHHC23,CCDC191,QTRT2,DRD3,ZNF80,TIGIT,ZBTB20,GAP43,LSAMP,IGSF11,TEX55,ENSG00000251012,UPK1B,B4GALT4,ARHGAP31,TMEM39A,POGLUT1,TIMMDC1,CD80,ADPRH,PLA1A,POPDC2,COX17,CFAP91	0.00798784029964395	0.00559514922508711
chr3	114234631	120349354	ZNF80,TIGIT,ZBTB20,GAP43,LSAMP,IGSF11,TEX55,ENSG00000251012,UPK1B,B4GALT4,ARHGAP31,TMEM39A,POGLUT1,TIMMDC1,CD80,ADPRH,PLA1A,POPDC2,COX17,CFAP91,ENSG00000285585,NR1I2,GSK3B,GPR156,LRRC58	0.009463586840562938	0.01037449295138815
chr3	118900557	120783069	IGSF11,TEX55,ENSG00000251012,UPK1B,B4GALT4,ARHGAP31,TMEM39A,POGLUT1,TIMMDC1,CD80,ADPRH,PLA1A,POPDC2,COX17,CFAP91,ENSG00000285585,NR1I2,GSK3B,GPR156,LRRC58,FSTL1,NDUFB4,HGD,RABL3,GTF2E1	0.010565793226616653	0.010848126091446694
chr3	119294383	121660927	ARHGAP31,TMEM39A,POGLUT1,TIMMDC1,CD80,ADPRH,PLA1A,POPDC2,COX17,CFAP91,ENSG00000285585,NR1I2,GSK3B,GPR156,LRRC58,FSTL1,NDUFB4,HGD,RABL3,GTF2E1,STXBP5L,POLQ,ARGFX,FBXO40,HCLS1	0.012458153680047622	0.009939028407704912
chr3	119579268	122022247	ADPRH,PLA1A,POPDC2,COX17,CFAP91,ENSG00000285585,NR1I2,GSK3B,GPR156,LRRC58,FSTL1,NDUFB4,HGD,RABL3,GTF2E1,STXBP5L,POLQ,ARGFX,FBXO40,HCLS1,GOLGB1,IQCB1,EAF2,SLC15A2,ILDR1	0.010471824662778597	0.0073371063352561565
chr3	119703076	122412334	ENSG00000285585,NR1I2,GSK3B,GPR156,LRRC58,FSTL1,NDUFB4,HGD,RABL3,GTF2E1,STXBP5L,POLQ,ARGFX,FBXO40,HCLS1,GOLGB1,IQCB1,EAF2,SLC15A2,ILDR1,CD86,CASR,CSTA,MIX23,FAM162A	0.012223768244538103	0.008161941763391077
chr3	120392293	122639047	FSTL1,NDUFB4,HGD,RABL3,GTF2E1,STXBP5L,POLQ,ARGFX,FBXO40,HCLS1,GOLGB1,IQCB1,EAF2,SLC15A2,ILDR1,CD86,CASR,CSTA,MIX23,FAM162A,WDR5B,KPNA1,PARP9,DTX3L,PARP15	0.020047135494653312	0.00946229041284596
chr3	120908072	123225227	STXBP5L,POLQ,ARGFX,FBXO40,HCLS1,GOLGB1,IQCB1,EAF2,SLC15A2,ILDR1,CD86,CASR,CSTA,MIX23,FAM162A,WDR5B,KPNA1,PARP9,DTX3L,PARP15,PARP14,HSPBAP1,SLC49A4,SEMA5B,PDIA5	0.03384515573937331	0.013260356510956719
chr3	121663199	123961408	GOLGB1,IQCB1,EAF2,SLC15A2,ILDR1,CD86,CASR,CSTA,MIX23,FAM162A,WDR5B,KPNA1,PARP9,DTX3L,PARP15,PARP14,HSPBAP1,SLC49A4,SEMA5B,PDIA5,SEC22A,ADCY5,HACD2,MYLK,CCDC14	0.028107171981467047	0.013375292734901626
chr3	122055362	124953819	CD86,CASR,CSTA,MIX23,FAM162A,WDR5B,KPNA1,PARP9,DTX3L,PARP15,PARP14,HSPBAP1,SLC49A4,SEMA5B,PDIA5,SEC22A,ADCY5,HACD2,MYLK,CCDC14,ROPN1,KALRN,UMPS,ITGB5,MUC13	0.01413313678660735	0.010534969663180753
chr3	122411846	125595497	WDR5B,KPNA1,PARP9,DTX3L,PARP15,PARP14,HSPBAP1,SLC49A4,SEMA5B,PDIA5,SEC22A,ADCY5,HACD2,MYLK,CCDC14,ROPN1,KALRN,UMPS,ITGB5,MUC13,HEG1,SLC12A8,ZNF148,SNX4,OSBPL11	0.014312888467184016	0.012157936153656242
chr3	122680839	126436556	PARP14,HSPBAP1,SLC49A4,SEMA5B,PDIA5,SEC22A,ADCY5,HACD2,MYLK,CCDC14,ROPN1,KALRN,UMPS,ITGB5,MUC13,HEG1,SLC12A8,ZNF148,SNX4,OSBPL11,ROPN1B,SLC41A3,ALDH1L1,KLF15,CFAP100	0.01582873108629025	0.014060533764746084
chr3	123201927	126655124	SEC22A,ADCY5,HACD2,MYLK,CCDC14,ROPN1,KALRN,UMPS,ITGB5,MUC13,HEG1,SLC12A8,ZNF148,SNX4,OSBPL11,ROPN1B,SLC41A3,ALDH1L1,KLF15,CFAP100,ZXDC,UROC1,CHST13,C3orf22,TXNRD3	0.015965426890706364	0.017364854577759235
chr3	123968521	127622436	ROPN1,KALRN,UMPS,ITGB5,MUC13,HEG1,SLC12A8,ZNF148,SNX4,OSBPL11,ROPN1B,SLC41A3,ALDH1L1,KLF15,CFAP100,ZXDC,UROC1,CHST13,C3orf22,TXNRD3,CHCHD6,PLXNA1,PRR20G,TPRA1,MCM2	0.008905093680329634	0.011474689654344398
chr3	124965710	128071705	HEG1,SLC12A8,ZNF148,SNX4,OSBPL11,ROPN1B,SLC41A3,ALDH1L1,KLF15,CFAP100,ZXDC,UROC1,CHST13,C3orf22,TXNRD3,CHCHD6,PLXNA1,PRR20G,TPRA1,MCM2,PODXL2,ABTB1,MGLL,KBTBD12,SEC61A1	0.007366772295260578	0.008903047526809727
chr3	125969160	128681075	ROPN1B,SLC41A3,ALDH1L1,KLF15,CFAP100,ZXDC,UROC1,CHST13,C3orf22,TXNRD3,CHCHD6,PLXNA1,PRR20G,TPRA1,MCM2,PODXL2,ABTB1,MGLL,KBTBD12,SEC61A1,RUVBL1,EEFSEC,DNAJB8,GATA2,RPN1	0.008820817910991681	0.013458253605196974
chr3	126437601	129062406	ZXDC,UROC1,CHST13,C3orf22,TXNRD3,CHCHD6,PLXNA1,PRR20G,TPRA1,MCM2,PODXL2,ABTB1,MGLL,KBTBD12,SEC61A1,RUVBL1,EEFSEC,DNAJB8,GATA2,RPN1,RAB7A,ACAD9,CFAP92,EFCC1,GP9	0.0023803651681049273	0.011162408814329039
chr3	126704240	129277773	CHCHD6,PLXNA1,PRR20G,TPRA1,MCM2,PODXL2,ABTB1,MGLL,KBTBD12,SEC61A1,RUVBL1,EEFSEC,DNAJB8,GATA2,RPN1,RAB7A,ACAD9,CFAP92,EFCC1,GP9,RAB43,ISY1-RAB43,ISY1,CNBP,COPG1	0.00657122420157257	0.01376462404774625
chr3	127629185	129520510	PODXL2,ABTB1,MGLL,KBTBD12,SEC61A1,RUVBL1,EEFSEC,DNAJB8,GATA2,RPN1,RAB7A,ACAD9,CFAP92,EFCC1,GP9,RAB43,ISY1-RAB43,ISY1,CNBP,COPG1,HMCES,H1-10,EFCAB12,IFT122,MBD4	0.005168258423579166	0.011406034433143525
chr3	128064778	129977935	RUVBL1,EEFSEC,DNAJB8,GATA2,RPN1,RAB7A,ACAD9,CFAP92,EFCC1,GP9,RAB43,ISY1-RAB43,ISY1,CNBP,COPG1,HMCES,H1-10,EFCAB12,IFT122,MBD4,RHO,H1-8,PLXND1,TMCC1,TRH	-0.00217974243448866	0.0066776387362994846
chr3	128693669	131016712	RAB7A,ACAD9,CFAP92,EFCC1,GP9,RAB43,ISY1-RAB43,ISY1,CNBP,COPG1,HMCES,H1-10,EFCAB12,IFT122,MBD4,RHO,H1-8,PLXND1,TMCC1,TRH,ALG1L2,COL6A5,COL6A6,PIK3R4,ATP2C1	-0.009549207321898142	0.00475068415930549
chr3	129087569	132285410	RAB43,ISY1-RAB43,ISY1,CNBP,COPG1,HMCES,H1-10,EFCAB12,IFT122,MBD4,RHO,H1-8,PLXND1,TMCC1,TRH,ALG1L2,COL6A5,COL6A6,PIK3R4,ATP2C1,ASTE1,NEK11,NUDT16,MRPL3,CPNE4	0.002475047990351719	0.010807861762364401
chr3	129278828	132722459	HMCES,H1-10,EFCAB12,IFT122,MBD4,RHO,H1-8,PLXND1,TMCC1,TRH,ALG1L2,COL6A5,COL6A6,PIK3R4,ATP2C1,ASTE1,NEK11,NUDT16,MRPL3,CPNE4,ACP3,DNAJC13,ACAD11,NPHP3-ACAD11,ACKR4	0.006574261500145392	0.009419587520164517
chr3	129528639	133590261	RHO,H1-8,PLXND1,TMCC1,TRH,ALG1L2,COL6A5,COL6A6,PIK3R4,ATP2C1,ASTE1,NEK11,NUDT16,MRPL3,CPNE4,ACP3,DNAJC13,ACAD11,NPHP3-ACAD11,ACKR4,UBA5,NPHP3,TMEM108,BFSP2,CDV3	0.01216055352023544	0.012792554188667971
chr3	130081831	134052184	ALG1L2,COL6A5,COL6A6,PIK3R4,ATP2C1,ASTE1,NEK11,NUDT16,MRPL3,CPNE4,ACP3,DNAJC13,ACAD11,NPHP3-ACAD11,ACKR4,UBA5,NPHP3,TMEM108,BFSP2,CDV3,TOPBP1,TF,SRPRB,RAB6B,SLCO2A1	0.012333234131639139	0.011281575193887587
chr3	131013875	134651636	ASTE1,NEK11,NUDT16,MRPL3,CPNE4,ACP3,DNAJC13,ACAD11,NPHP3-ACAD11,ACKR4,UBA5,NPHP3,TMEM108,BFSP2,CDV3,TOPBP1,TF,SRPRB,RAB6B,SLCO2A1,RYK,AMOTL2,ANAPC13,CEP63,KY	0.017285606895121923	0.01619683414111375
chr3	132317369	136752403	ACP3,DNAJC13,ACAD11,NPHP3-ACAD11,ACKR4,UBA5,NPHP3,TMEM108,BFSP2,CDV3,TOPBP1,TF,SRPRB,RAB6B,SLCO2A1,RYK,AMOTL2,ANAPC13,CEP63,KY,EPHB1,PPP2R3A,MSL2,PCCB,STAG1	0.016843466412951806	0.014098669546281648
chr3	132654446	138033655	UBA5,NPHP3,TMEM108,BFSP2,CDV3,TOPBP1,TF,SRPRB,RAB6B,SLCO2A1,RYK,AMOTL2,ANAPC13,CEP63,KY,EPHB1,PPP2R3A,MSL2,PCCB,STAG1,SLC35G2,NCK1,IL20RB,SOX14,CLDN18	0.018617452579802476	0.01331544957254605
chr3	133598175	138329886	TOPBP1,TF,SRPRB,RAB6B,SLCO2A1,RYK,AMOTL2,ANAPC13,CEP63,KY,EPHB1,PPP2R3A,MSL2,PCCB,STAG1,SLC35G2,NCK1,IL20RB,SOX14,CLDN18,DZIP1L,A4GNT,DBR1,ARMC8,NME9	0.022563512457412376	0.017344652361041414
chr3	134065303	138834928	RYK,AMOTL2,ANAPC13,CEP63,KY,EPHB1,PPP2R3A,MSL2,PCCB,STAG1,SLC35G2,NCK1,IL20RB,SOX14,CLDN18,DZIP1L,A4GNT,DBR1,ARMC8,NME9,MRAS,ESYT3,CEP70,FAIM,PIK3CB	0.015407144945146441	0.010788891807814859
chr3	134795260	139360497	EPHB1,PPP2R3A,MSL2,PCCB,STAG1,SLC35G2,NCK1,IL20RB,SOX14,CLDN18,DZIP1L,A4GNT,DBR1,ARMC8,NME9,MRAS,ESYT3,CEP70,FAIM,PIK3CB,FOXL2,FOXL2NB,PRR23A,MRPS22,PRR23B	0.010119010272953187	0.009532677637090994
chr3	136818647	139678017	SLC35G2,NCK1,IL20RB,SOX14,CLDN18,DZIP1L,A4GNT,DBR1,ARMC8,NME9,MRAS,ESYT3,CEP70,FAIM,PIK3CB,FOXL2,FOXL2NB,PRR23A,MRPS22,PRR23B,PRR23C,COPB2,RBP2,RBP1,NMNAT3	0.008824385957275499	0.009132794012718765
chr3	138061990	141367753	DZIP1L,A4GNT,DBR1,ARMC8,NME9,MRAS,ESYT3,CEP70,FAIM,PIK3CB,FOXL2,FOXL2NB,PRR23A,MRPS22,PRR23B,PRR23C,COPB2,RBP2,RBP1,NMNAT3,CLSTN2,TRIM42,SLC25A36,SPSB4,PXYLP1	0.009181502718826654	0.009424239465121888
chr3	138347648	141819352	MRAS,ESYT3,CEP70,FAIM,PIK3CB,FOXL2,FOXL2NB,PRR23A,MRPS22,PRR23B,PRR23C,COPB2,RBP2,RBP1,NMNAT3,CLSTN2,TRIM42,SLC25A36,SPSB4,PXYLP1,ZBTB38,RASA2,RNF7,ENSG00000285558,GRK7	0.013697151932938035	0.01359922289059402
chr3	138944224	142578733	FOXL2,FOXL2NB,PRR23A,MRPS22,PRR23B,PRR23C,COPB2,RBP2,RBP1,NMNAT3,CLSTN2,TRIM42,SLC25A36,SPSB4,PXYLP1,ZBTB38,RASA2,RNF7,ENSG00000285558,GRK7,ATP1B3,TFDP2,GK5,XRN1,ATR	0.012393639469252492	0.010812583196739622
chr3	139042102	143060725	PRR23C,COPB2,RBP2,RBP1,NMNAT3,CLSTN2,TRIM42,SLC25A36,SPSB4,PXYLP1,ZBTB38,RASA2,RNF7,ENSG00000285558,GRK7,ATP1B3,TFDP2,GK5,XRN1,ATR,PLS1,TRPC1,PCOLCE2,PAQR9,U2SURP	0.006628554918856228	0.006375078129028736
chr3	139935185	146251179	CLSTN2,TRIM42,SLC25A36,SPSB4,PXYLP1,ZBTB38,RASA2,RNF7,ENSG00000285558,GRK7,ATP1B3,TFDP2,GK5,XRN1,ATR,PLS1,TRPC1,PCOLCE2,PAQR9,U2SURP,CHST2,SLC9A9,DIPK2A,PLOD2,PLSCR4	0.013145844944834749	0.00827030872894233
chr3	141324213	147510293	ZBTB38,RASA2,RNF7,ENSG00000285558,GRK7,ATP1B3,TFDP2,GK5,XRN1,ATR,PLS1,TRPC1,PCOLCE2,PAQR9,U2SURP,CHST2,SLC9A9,DIPK2A,PLOD2,PLSCR4,PLSCR2,PLSCR1,PLSCR5,ZIC4,ZIC1	0.01876077321516844	0.011655820119803971
chr3	141876124	149086554	ATP1B3,TFDP2,GK5,XRN1,ATR,PLS1,TRPC1,PCOLCE2,PAQR9,U2SURP,CHST2,SLC9A9,DIPK2A,PLOD2,PLSCR4,PLSCR2,PLSCR1,PLSCR5,ZIC4,ZIC1,AGTR1,CPB1,CPA3,GYG1,HLTF	0.022705720623539146	0.010006870268000217
chr3	142596393	149503394	PLS1,TRPC1,PCOLCE2,PAQR9,U2SURP,CHST2,SLC9A9,DIPK2A,PLOD2,PLSCR4,PLSCR2,PLSCR1,PLSCR5,ZIC4,ZIC1,AGTR1,CPB1,CPA3,GYG1,HLTF,HPS3,CP,TM4SF18,TM4SF1,TM4SF4	0.011531486124676502	0.003788974822504471
chr3	143119771	150050788	CHST2,SLC9A9,DIPK2A,PLOD2,PLSCR4,PLSCR2,PLSCR1,PLSCR5,ZIC4,ZIC1,AGTR1,CPB1,CPA3,GYG1,HLTF,HPS3,CP,TM4SF18,TM4SF1,TM4SF4,WWTR1,COMMD2,ANKUB1,RNF13,PFN2	0.009138837359477266	0.007238499946126935
chr3	146391421	150703971	PLSCR2,PLSCR1,PLSCR5,ZIC4,ZIC1,AGTR1,CPB1,CPA3,GYG1,HLTF,HPS3,CP,TM4SF18,TM4SF1,TM4SF4,WWTR1,COMMD2,ANKUB1,RNF13,PFN2,TSC22D2,SERP1,EIF2A,SELENOT,ERICH6	0.010757020852461642	0.011281023440835116
chr3	148697784	151437072	AGTR1,CPB1,CPA3,GYG1,HLTF,HPS3,CP,TM4SF18,TM4SF1,TM4SF4,WWTR1,COMMD2,ANKUB1,RNF13,PFN2,TSC22D2,SERP1,EIF2A,SELENOT,ERICH6,SIAH2,MINDY4B,ENSG00000260234,CLRN1,MED12L	0.015296371508506153	0.010149281235670939
chr3	149129638	151437072	HPS3,CP,TM4SF18,TM4SF1,TM4SF4,WWTR1,COMMD2,ANKUB1,RNF13,PFN2,TSC22D2,SERP1,EIF2A,SELENOT,ERICH6,SIAH2,MINDY4B,ENSG00000260234,CLRN1,MED12L,GPR171,P2RY14,GPR87,P2RY13,P2RY12	0.01759023228231304	0.010360883406669016
chr3	149517235	152465780	WWTR1,COMMD2,ANKUB1,RNF13,PFN2,TSC22D2,SERP1,EIF2A,SELENOT,ERICH6,SIAH2,MINDY4B,ENSG00000260234,CLRN1,MED12L,GPR171,P2RY14,GPR87,P2RY13,P2RY12,IGSF10,AADACL2,AADAC,SUCNR1,MBNL1	0.009825591974947747	0.008659369640162179
chr3	150408298	154430190	TSC22D2,SERP1,EIF2A,SELENOT,ERICH6,SIAH2,MINDY4B,ENSG00000260234,CLRN1,MED12L,GPR171,P2RY14,GPR87,P2RY13,P2RY12,IGSF10,AADACL2,AADAC,SUCNR1,MBNL1,P2RY1,RAP2B,ARHGEF26,DHX36,GPR149	0.002514012534551894	0.0015064684055959491
chr3	150741125	155854442	SIAH2,MINDY4B,ENSG00000260234,CLRN1,MED12L,GPR171,P2RY14,GPR87,P2RY13,P2RY12,IGSF10,AADACL2,AADAC,SUCNR1,MBNL1,P2RY1,RAP2B,ARHGEF26,DHX36,GPR149,MME,STRIT1,PLCH1,C3orf33,ENSG00000284952	0.007777543055808254	0.006154095379305287
chr3	151197832	156706770	GPR171,P2RY14,GPR87,P2RY13,P2RY12,IGSF10,AADACL2,AADAC,SUCNR1,MBNL1,P2RY1,RAP2B,ARHGEF26,DHX36,GPR149,MME,STRIT1,PLCH1,C3orf33,ENSG00000284952,SLC33A1,GMPS,KCNAB1,SSR3,TIPARP	0.01811896461448329	0.014453065937590884
chr3	151425384	158106420	IGSF10,AADACL2,AADAC,SUCNR1,MBNL1,P2RY1,RAP2B,ARHGEF26,DHX36,GPR149,MME,STRIT1,PLCH1,C3orf33,ENSG00000284952,SLC33A1,GMPS,KCNAB1,SSR3,TIPARP,LEKR1,CCNL1,VEPH1,PTX3,SHOX2	0.017007900728673767	0.012388471792571645
chr3	152835131	158732489	P2RY1,RAP2B,ARHGEF26,DHX36,GPR149,MME,STRIT1,PLCH1,C3orf33,ENSG00000284952,SLC33A1,GMPS,KCNAB1,SSR3,TIPARP,LEKR1,CCNL1,VEPH1,PTX3,SHOX2,RSRC1,MLF1,GFM1,LXN,RARRES1	0.022759874731851003	0.0157432527931503
chr3	155024124	159996019	MME,STRIT1,PLCH1,C3orf33,ENSG00000284952,SLC33A1,GMPS,KCNAB1,SSR3,TIPARP,LEKR1,CCNL1,VEPH1,PTX3,SHOX2,RSRC1,MLF1,GFM1,LXN,RARRES1,MFSD1,IQCJ-SCHIP1,IQCJ,SCHIP1,IL12A	0.024326833574639904	0.01585016337528496
chr3	155821024	160485773	SLC33A1,GMPS,KCNAB1,SSR3,TIPARP,LEKR1,CCNL1,VEPH1,PTX3,SHOX2,RSRC1,MLF1,GFM1,LXN,RARRES1,MFSD1,IQCJ-SCHIP1,IQCJ,SCHIP1,IL12A,C3orf80,ENSG00000248710,IFT80,SMC4,TRIM59	0.016163095832801733	0.012320025991771955
chr3	156825481	161253532	LEKR1,CCNL1,VEPH1,PTX3,SHOX2,RSRC1,MLF1,GFM1,LXN,RARRES1,MFSD1,IQCJ-SCHIP1,IQCJ,SCHIP1,IL12A,C3orf80,ENSG00000248710,IFT80,SMC4,TRIM59,KPNA4,ARL14,PPM1L,B3GALNT1,NMD3	0.007866984742619286	0.006894645493360813
chr3	158105855	165837462	RSRC1,MLF1,GFM1,LXN,RARRES1,MFSD1,IQCJ-SCHIP1,IQCJ,SCHIP1,IL12A,C3orf80,ENSG00000248710,IFT80,SMC4,TRIM59,KPNA4,ARL14,PPM1L,B3GALNT1,NMD3,SPTSSB,OTOL1,SI,SLITRK3,BCHE	0.013193177981386334	0.013091611816181606
chr3	158732198	167825569	MFSD1,IQCJ-SCHIP1,IQCJ,SCHIP1,IL12A,C3orf80,ENSG00000248710,IFT80,SMC4,TRIM59,KPNA4,ARL14,PPM1L,B3GALNT1,NMD3,SPTSSB,OTOL1,SI,SLITRK3,BCHE,ZBBX,SERPINI2,WDR49,PDCD10,SERPINI1	0.016999764383669763	0.01686097271755688
chr3	160225422	169812986	C3orf80,ENSG00000248710,IFT80,SMC4,TRIM59,KPNA4,ARL14,PPM1L,B3GALNT1,NMD3,SPTSSB,OTOL1,SI,SLITRK3,BCHE,ZBBX,SERPINI2,WDR49,PDCD10,SERPINI1,GOLIM4,MECOM,ACTRT3,MYNN,LRRC34	0.01693238392190269	0.01485282400998567
chr3	160495007	170085392	KPNA4,ARL14,PPM1L,B3GALNT1,NMD3,SPTSSB,OTOL1,SI,SLITRK3,BCHE,ZBBX,SERPINI2,WDR49,PDCD10,SERPINI1,GOLIM4,MECOM,ACTRT3,MYNN,LRRC34,LRRIQ4,LRRC31,SAMD7,SEC62,GPR160	0.015399576734004796	0.01805039828942106
chr3	161344798	170860380	SPTSSB,OTOL1,SI,SLITRK3,BCHE,ZBBX,SERPINI2,WDR49,PDCD10,SERPINI1,GOLIM4,MECOM,ACTRT3,MYNN,LRRC34,LRRIQ4,LRRC31,SAMD7,SEC62,GPR160,PHC3,PRKCI,SKIL,ENSG00000285218,CLDN11	0.01058897224226661	0.013711807934208526
chr3	167239843	171460408	ZBBX,SERPINI2,WDR49,PDCD10,SERPINI1,GOLIM4,MECOM,ACTRT3,MYNN,LRRC34,LRRIQ4,LRRC31,SAMD7,SEC62,GPR160,PHC3,PRKCI,SKIL,ENSG00000285218,CLDN11,SLC7A14,RPL22L1,EIF5A2,SLC2A2,TNIK	0.011921062146164407	0.012540448003759301
chr3	168008689	172523475	GOLIM4,MECOM,ACTRT3,MYNN,LRRC34,LRRIQ4,LRRC31,SAMD7,SEC62,GPR160,PHC3,PRKCI,SKIL,ENSG00000285218,CLDN11,SLC7A14,RPL22L1,EIF5A2,SLC2A2,TNIK,PLD1,TMEM212,FNDC3B,GHSR,TNFSF10	0.01595276275449045	0.01573316713655426
chr3	169812870	175810548	LRRIQ4,LRRC31,SAMD7,SEC62,GPR160,PHC3,PRKCI,SKIL,ENSG00000285218,CLDN11,SLC7A14,RPL22L1,EIF5A2,SLC2A2,TNIK,PLD1,TMEM212,FNDC3B,GHSR,TNFSF10,NCEH1,ECT2,SPATA16,NLGN1,NAALADL2	0.011327928086256102	0.010860030727697043
chr3	170086732	179240093	PHC3,PRKCI,SKIL,ENSG00000285218,CLDN11,SLC7A14,RPL22L1,EIF5A2,SLC2A2,TNIK,PLD1,TMEM212,FNDC3B,GHSR,TNFSF10,NCEH1,ECT2,SPATA16,NLGN1,NAALADL2,TBL1XR1,KCNMB2,ENSG00000275163,ZMAT3,PIK3CA	0.0076115159362580825	0.0071808718139360905
chr3	170459548	179588407	SLC7A14,RPL22L1,EIF5A2,SLC2A2,TNIK,PLD1,TMEM212,FNDC3B,GHSR,TNFSF10,NCEH1,ECT2,SPATA16,NLGN1,NAALADL2,TBL1XR1,KCNMB2,ENSG00000275163,ZMAT3,PIK3CA,KCNMB3,ZNF639,MFN1,GNB4,ACTL6A	0.014695302686466136	0.010580402887878449
chr3	171600404	180037053	PLD1,TMEM212,FNDC3B,GHSR,TNFSF10,NCEH1,ECT2,SPATA16,NLGN1,NAALADL2,TBL1XR1,KCNMB2,ENSG00000275163,ZMAT3,PIK3CA,KCNMB3,ZNF639,MFN1,GNB4,ACTL6A,MRPL47,NDUFB5,ENSG00000288698,USP13,PEX5L	0.018519577719700003	0.01519458203903342
chr3	172630249	181714436	NCEH1,ECT2,SPATA16,NLGN1,NAALADL2,TBL1XR1,KCNMB2,ENSG00000275163,ZMAT3,PIK3CA,KCNMB3,ZNF639,MFN1,GNB4,ACTL6A,MRPL47,NDUFB5,ENSG00000288698,USP13,PEX5L,TTC14,CCDC39,FXR1,DNAJC19,SOX2	0.01400440375433951	0.011990128435453376
chr3	177019340	183428778	TBL1XR1,KCNMB2,ENSG00000275163,ZMAT3,PIK3CA,KCNMB3,ZNF639,MFN1,GNB4,ACTL6A,MRPL47,NDUFB5,ENSG00000288698,USP13,PEX5L,TTC14,CCDC39,FXR1,DNAJC19,SOX2,ATP11B,DCUN1D1,MCCC1,LAMP3,MCF2L2	0.017507948639559914	0.009054832061304276
chr3	179236691	183884889	KCNMB3,ZNF639,MFN1,GNB4,ACTL6A,MRPL47,NDUFB5,ENSG00000288698,USP13,PEX5L,TTC14,CCDC39,FXR1,DNAJC19,SOX2,ATP11B,DCUN1D1,MCCC1,LAMP3,MCF2L2,B3GNT5,KLHL6,KLHL24,YEATS2,ENSG00000283765	0.032476185111713456	0.009456529789676123
chr3	179588285	184060673	MRPL47,NDUFB5,ENSG00000288698,USP13,PEX5L,TTC14,CCDC39,FXR1,DNAJC19,SOX2,ATP11B,DCUN1D1,MCCC1,LAMP3,MCF2L2,B3GNT5,KLHL6,KLHL24,YEATS2,ENSG00000283765,MAP6D1,PARL,ABCC5,HTR3D,HTR3C	0.0323982940083936	0.013891963110298035
chr3	180602163	184194012	TTC14,CCDC39,FXR1,DNAJC19,SOX2,ATP11B,DCUN1D1,MCCC1,LAMP3,MCF2L2,B3GNT5,KLHL6,KLHL24,YEATS2,ENSG00000283765,MAP6D1,PARL,ABCC5,HTR3D,HTR3C,HTR3E,EIF2B5,DVL3,AP2M1,ABCF3	0.020907049945426897	0.015967712722339024
chr3	182793503	184293031	ATP11B,DCUN1D1,MCCC1,LAMP3,MCF2L2,B3GNT5,KLHL6,KLHL24,YEATS2,ENSG00000283765,MAP6D1,PARL,ABCC5,HTR3D,HTR3C,HTR3E,EIF2B5,DVL3,AP2M1,ABCF3,VWA5B2,ALG3,EEF1AKMT4,EEF1AKMT4-ECE2,CAMK2N2	0.01325566490256551	0.013000037518531841
chr3	183253253	184361650	B3GNT5,KLHL6,KLHL24,YEATS2,ENSG00000283765,MAP6D1,PARL,ABCC5,HTR3D,HTR3C,HTR3E,EIF2B5,DVL3,AP2M1,ABCF3,VWA5B2,ALG3,EEF1AKMT4,EEF1AKMT4-ECE2,CAMK2N2,ECE2,PSMD2,EIF4G1,FAM131A,CLCN2	0.013046336985988992	0.011281832190458285
chr3	183815922	184712064	MAP6D1,PARL,ABCC5,HTR3D,HTR3C,HTR3E,EIF2B5,DVL3,AP2M1,ABCF3,VWA5B2,ALG3,EEF1AKMT4,EEF1AKMT4-ECE2,CAMK2N2,ECE2,PSMD2,EIF4G1,FAM131A,CLCN2,POLR2H,THPO,CHRD,EPHB3,MAGEF1	0.013471685092722807	0.010178290343105249
chr3	184097064	185499057	HTR3E,EIF2B5,DVL3,AP2M1,ABCF3,VWA5B2,ALG3,EEF1AKMT4,EEF1AKMT4-ECE2,CAMK2N2,ECE2,PSMD2,EIF4G1,FAM131A,CLCN2,POLR2H,THPO,CHRD,EPHB3,MAGEF1,VPS8,C3orf70,EHHADH,MAP3K13,TMEM41A	0.01787954864250813	0.012294768652993017
chr3	184229585	186110318	VWA5B2,ALG3,EEF1AKMT4,EEF1AKMT4-ECE2,CAMK2N2,ECE2,PSMD2,EIF4G1,FAM131A,CLCN2,POLR2H,THPO,CHRD,EPHB3,MAGEF1,VPS8,C3orf70,EHHADH,MAP3K13,TMEM41A,LIPH,SENP2,IGF2BP2,TRA2B,ETV5	0.022063253214832542	0.011432846103604085
chr3	184276011	186597103	ECE2,PSMD2,EIF4G1,FAM131A,CLCN2,POLR2H,THPO,CHRD,EPHB3,MAGEF1,VPS8,C3orf70,EHHADH,MAP3K13,TMEM41A,LIPH,SENP2,IGF2BP2,TRA2B,ETV5,DGKG,CRYGS,TBCCD1,DNAJB11,ENSG00000283149	0.02968267286088364	0.010953623834008643
chr3	184361710	186789897	POLR2H,THPO,CHRD,EPHB3,MAGEF1,VPS8,C3orf70,EHHADH,MAP3K13,TMEM41A,LIPH,SENP2,IGF2BP2,TRA2B,ETV5,DGKG,CRYGS,TBCCD1,DNAJB11,ENSG00000283149,AHSG,FETUB,HRG,KNG1,EIF4A2	0.03820151236031432	0.014505074475622243
chr3	184812143	187201462	VPS8,C3orf70,EHHADH,MAP3K13,TMEM41A,LIPH,SENP2,IGF2BP2,TRA2B,ETV5,DGKG,CRYGS,TBCCD1,DNAJB11,ENSG00000283149,AHSG,FETUB,HRG,KNG1,EIF4A2,RFC4,ADIPOQ,ST6GAL1,RPL39L,RTP1	0.022020415218904882	0.01173769212089976
chr3	185506262	187745725	LIPH,SENP2,IGF2BP2,TRA2B,ETV5,DGKG,CRYGS,TBCCD1,DNAJB11,ENSG00000283149,AHSG,FETUB,HRG,KNG1,EIF4A2,RFC4,ADIPOQ,ST6GAL1,RPL39L,RTP1,MASP1,RTP4,SST,RTP2,BCL6	0.014500730729828559	0.008716143576173929
chr3	186105668	190122437	DGKG,CRYGS,TBCCD1,DNAJB11,ENSG00000283149,AHSG,FETUB,HRG,KNG1,EIF4A2,RFC4,ADIPOQ,ST6GAL1,RPL39L,RTP1,MASP1,RTP4,SST,RTP2,BCL6,ENSG00000285938,LPP,TPRG1,TP63,P3H2	0.013617330333257953	0.012321784014512066
chr3	186613060	190892429	AHSG,FETUB,HRG,KNG1,EIF4A2,RFC4,ADIPOQ,ST6GAL1,RPL39L,RTP1,MASP1,RTP4,SST,RTP2,BCL6,ENSG00000285938,LPP,TPRG1,TP63,P3H2,CLDN1,CLDN16,TMEM207,IL1RAP,GMNC	0.01179126023449968	0.006957728669423065
chr3	186789880	192767764	RFC4,ADIPOQ,ST6GAL1,RPL39L,RTP1,MASP1,RTP4,SST,RTP2,BCL6,ENSG00000285938,LPP,TPRG1,TP63,P3H2,CLDN1,CLDN16,TMEM207,IL1RAP,GMNC,OSTN,UTS2B,CCDC50,PYDC2,FGF12	0.004055722917684867	0.0021903146887127323
chr3	187217282	193697811	MASP1,RTP4,SST,RTP2,BCL6,ENSG00000285938,LPP,TPRG1,TP63,P3H2,CLDN1,CLDN16,TMEM207,IL1RAP,GMNC,OSTN,UTS2B,CCDC50,PYDC2,FGF12,MB21D2,PLAAT1,ATP13A5,ATP13A4,OPA1	0.0026886557001718453	0.0028579284898604443
chr3	187743686	194498364	ENSG00000285938,LPP,TPRG1,TP63,P3H2,CLDN1,CLDN16,TMEM207,IL1RAP,GMNC,OSTN,UTS2B,CCDC50,PYDC2,FGF12,MB21D2,PLAAT1,ATP13A5,ATP13A4,OPA1,HES1,CPN2,LRRC15,GP5,ATP13A3	0.009318562793731774	0.011130151972298483
chr3	190305707	195443044	CLDN1,CLDN16,TMEM207,IL1RAP,GMNC,OSTN,UTS2B,CCDC50,PYDC2,FGF12,MB21D2,PLAAT1,ATP13A5,ATP13A4,OPA1,HES1,CPN2,LRRC15,GP5,ATP13A3,TMEM44,LSG1,FAM43A,XXYLT1,ACAP2	0.01360439313062801	0.010349709453575886
chr3	191199241	195911945	OSTN,UTS2B,CCDC50,PYDC2,FGF12,MB21D2,PLAAT1,ATP13A5,ATP13A4,OPA1,HES1,CPN2,LRRC15,GP5,ATP13A3,TMEM44,LSG1,FAM43A,XXYLT1,ACAP2,PPP1R2,APOD,MUC20,MUC4,TNK2	0.017755977642103203	0.010324307967418497
chr3	192796815	196318222	MB21D2,PLAAT1,ATP13A5,ATP13A4,OPA1,HES1,CPN2,LRRC15,GP5,ATP13A3,TMEM44,LSG1,FAM43A,XXYLT1,ACAP2,PPP1R2,APOD,MUC20,MUC4,TNK2,TFRC,ZDHHC19,SLC51A,PCYT1A,ENSG00000272741	0.017128958176547922	0.013424522533462178
chr3	194136148	196503768	HES1,CPN2,LRRC15,GP5,ATP13A3,TMEM44,LSG1,FAM43A,XXYLT1,ACAP2,PPP1R2,APOD,MUC20,MUC4,TNK2,TFRC,ZDHHC19,SLC51A,PCYT1A,ENSG00000272741,DYNLT2B,TM4SF19-DYNLT2B,TM4SF19,UBXN7,RNF168	0.012874132502010138	0.01233003267148337
chr3	194587673	196736007	TMEM44,LSG1,FAM43A,XXYLT1,ACAP2,PPP1R2,APOD,MUC20,MUC4,TNK2,TFRC,ZDHHC19,SLC51A,PCYT1A,ENSG00000272741,DYNLT2B,TM4SF19-DYNLT2B,TM4SF19,UBXN7,RNF168,SMCO1,WDR53,FBXO45,NRROS,PIGX	0.009744252725225028	0.011076564596267739
chr3	195514428	196943543	PPP1R2,APOD,MUC20,MUC4,TNK2,TFRC,ZDHHC19,SLC51A,PCYT1A,ENSG00000272741,DYNLT2B,TM4SF19-DYNLT2B,TM4SF19,UBXN7,RNF168,SMCO1,WDR53,FBXO45,NRROS,PIGX,CEP19,PAK2,SENP5,NCBP2,NCBP2AS2	0.009120663295689922	0.012842747214784808
chr3	196012511	197749727	TFRC,ZDHHC19,SLC51A,PCYT1A,ENSG00000272741,DYNLT2B,TM4SF19-DYNLT2B,TM4SF19,UBXN7,RNF168,SMCO1,WDR53,FBXO45,NRROS,PIGX,CEP19,PAK2,SENP5,NCBP2,NCBP2AS2,PIGZ,MELTF,DLG1,BDH1,RUBCN	0.007241828229158125	0.010571367991821581
chr3	196291219	198043720	DYNLT2B,TM4SF19-DYNLT2B,TM4SF19,UBXN7,RNF168,SMCO1,WDR53,FBXO45,NRROS,PIGX,CEP19,PAK2,SENP5,NCBP2,NCBP2AS2,PIGZ,MELTF,DLG1,BDH1,RUBCN,FYTTD1,LRCH3,IQCG,RPL35A,LMLN	0.005544338153701778	0.0071059326387851295
chr4	53286	1406442	ZNF595,ZNF718,ZNF732,ZNF141,ZNF721,PIGG,TMEM271,PDE6B,ATP5ME,MYL5,SLC49A3,PCGF3,CPLX1,GAK,TMEM175,DGKQ,SLC26A1,IDUA,FGFRL1,RNF212,SPON2,CTBP1,MAEA,UVSSA,NKX1-1	0.01085629309559323	0.011710772545212286
chr4	499210	1808872	PIGG,TMEM271,PDE6B,ATP5ME,MYL5,SLC49A3,PCGF3,CPLX1,GAK,TMEM175,DGKQ,SLC26A1,IDUA,FGFRL1,RNF212,SPON2,CTBP1,MAEA,UVSSA,NKX1-1,FAM53A,SLBP,TACC3,TMEM129,FGFR3	0.011039652286062887	0.009261022241553354
chr4	681829	2069089	SLC49A3,PCGF3,CPLX1,GAK,TMEM175,DGKQ,SLC26A1,IDUA,FGFRL1,RNF212,SPON2,CTBP1,MAEA,UVSSA,NKX1-1,FAM53A,SLBP,TACC3,TMEM129,FGFR3,LETM1,NSD2,NELFA,C4orf48,NAT8L	0.0197143442297196	0.015625198665531692
chr4	958887	2462942	DGKQ,SLC26A1,IDUA,FGFRL1,RNF212,SPON2,CTBP1,MAEA,UVSSA,NKX1-1,FAM53A,SLBP,TACC3,TMEM129,FGFR3,LETM1,NSD2,NELFA,C4orf48,NAT8L,POLN,HAUS3,MXD4,ZFYVE28,CFAP99	0.012517265725234485	0.010335080972139156
chr4	1166932	2930076	SPON2,CTBP1,MAEA,UVSSA,NKX1-1,FAM53A,SLBP,TACC3,TMEM129,FGFR3,LETM1,NSD2,NELFA,C4orf48,NAT8L,POLN,HAUS3,MXD4,ZFYVE28,CFAP99,RNF4,FAM193A,TNIP2,SH3BP2,ADD1	-0.0013789204388851765	0.006915124129726235
chr4	1617915	3271738	FAM53A,SLBP,TACC3,TMEM129,FGFR3,LETM1,NSD2,NELFA,C4orf48,NAT8L,POLN,HAUS3,MXD4,ZFYVE28,CFAP99,RNF4,FAM193A,TNIP2,SH3BP2,ADD1,MFSD10,NOP14,GRK4,HTT,MSANTD1	-0.002124376459131074	0.008444845840032253
chr4	1811479	3768526	LETM1,NSD2,NELFA,C4orf48,NAT8L,POLN,HAUS3,MXD4,ZFYVE28,CFAP99,RNF4,FAM193A,TNIP2,SH3BP2,ADD1,MFSD10,NOP14,GRK4,HTT,MSANTD1,RGS12,HGFAC,DOK7,LRPAP1,ADRA2C	0.0012587565144051888	0.010687659527139027
chr4	2071918	4419058	POLN,HAUS3,MXD4,ZFYVE28,CFAP99,RNF4,FAM193A,TNIP2,SH3BP2,ADD1,MFSD10,NOP14,GRK4,HTT,MSANTD1,RGS12,HGFAC,DOK7,LRPAP1,ADRA2C,OTOP1,TMEM128,LYAR,ZBTB49,NSG1	0.007184748787361611	0.013676568104712733
chr4	2462220	5709548	RNF4,FAM193A,TNIP2,SH3BP2,ADD1,MFSD10,NOP14,GRK4,HTT,MSANTD1,RGS12,HGFAC,DOK7,LRPAP1,ADRA2C,OTOP1,TMEM128,LYAR,ZBTB49,NSG1,STX18,MSX1,CYTL1,STK32B,EVC2	0.0039445301307087744	0.012582514023705757
chr4	2930561	6200591	MFSD10,NOP14,GRK4,HTT,MSANTD1,RGS12,HGFAC,DOK7,LRPAP1,ADRA2C,OTOP1,TMEM128,LYAR,ZBTB49,NSG1,STX18,MSX1,CYTL1,STK32B,EVC2,EVC,CRMP1,C4orf50,JAKMIP1,ENSG00000284684	-0.006104099631359968	0.0059160048995913735
chr4	3293021	6676755	RGS12,HGFAC,DOK7,LRPAP1,ADRA2C,OTOP1,TMEM128,LYAR,ZBTB49,NSG1,STX18,MSX1,CYTL1,STK32B,EVC2,EVC,CRMP1,C4orf50,JAKMIP1,ENSG00000284684,WFS1,PPP2R2C,MAN2B2,MRFAP1,ENSG00000170846	-0.013509013365390853	0.0012810506904552786
chr4	4188726	7033118	OTOP1,TMEM128,LYAR,ZBTB49,NSG1,STX18,MSX1,CYTL1,STK32B,EVC2,EVC,CRMP1,C4orf50,JAKMIP1,ENSG00000284684,WFS1,PPP2R2C,MAN2B2,MRFAP1,ENSG00000170846,S100P,MRFAP1L1,BLOC1S4,KIAA0232,TBC1D14	-0.01147950579029703	-0.0006203835153162969
chr4	4415742	7742836	STX18,MSX1,CYTL1,STK32B,EVC2,EVC,CRMP1,C4orf50,JAKMIP1,ENSG00000284684,WFS1,PPP2R2C,MAN2B2,MRFAP1,ENSG00000170846,S100P,MRFAP1L1,BLOC1S4,KIAA0232,TBC1D14,CCDC96,TADA2B,GRPEL1,SORCS2,PSAPL1	0.0005551618768820145	0.007411421331615632
chr4	5711201	8440723	EVC,CRMP1,C4orf50,JAKMIP1,ENSG00000284684,WFS1,PPP2R2C,MAN2B2,MRFAP1,ENSG00000170846,S100P,MRFAP1L1,BLOC1S4,KIAA0232,TBC1D14,CCDC96,TADA2B,GRPEL1,SORCS2,PSAPL1,AFAP1,ABLIM2,SH3TC1,HTRA3,ACOX3	0.007616668379092653	0.010670811557867541
chr4	6269849	9176730	WFS1,PPP2R2C,MAN2B2,MRFAP1,ENSG00000170846,S100P,MRFAP1L1,BLOC1S4,KIAA0232,TBC1D14,CCDC96,TADA2B,GRPEL1,SORCS2,PSAPL1,AFAP1,ABLIM2,SH3TC1,HTRA3,ACOX3,TRMT44,GPR78,CPZ,HMX1,FAM90A26	0.01043690785230878	0.015414109442682162
chr4	6693878	9236046	S100P,MRFAP1L1,BLOC1S4,KIAA0232,TBC1D14,CCDC96,TADA2B,GRPEL1,SORCS2,PSAPL1,AFAP1,ABLIM2,SH3TC1,HTRA3,ACOX3,TRMT44,GPR78,CPZ,HMX1,FAM90A26,USP17L10,USP17L11,USP17L12,USP17L13,USP17L15	0.0049623616944512935	0.007374209311384624
chr4	7040849	9264464	CCDC96,TADA2B,GRPEL1,SORCS2,PSAPL1,AFAP1,ABLIM2,SH3TC1,HTRA3,ACOX3,TRMT44,GPR78,CPZ,HMX1,FAM90A26,USP17L10,USP17L11,USP17L12,USP17L13,USP17L15,USP17L17,USP17L18,USP17L19,USP17L20,USP17L21	0.002422939206972089	0.0040634083587218735
chr4	7758714	9336250	AFAP1,ABLIM2,SH3TC1,HTRA3,ACOX3,TRMT44,GPR78,CPZ,HMX1,FAM90A26,USP17L10,USP17L11,USP17L12,USP17L13,USP17L15,USP17L17,USP17L18,USP17L19,USP17L20,USP17L21,USP17L22,USP17L23,USP17L24,USP17L25,USP17L26	0.0006842432162828054	0.0011844183127564412
chr4	8436140	9364721	TRMT44,GPR78,CPZ,HMX1,FAM90A26,USP17L10,USP17L11,USP17L12,USP17L13,USP17L15,USP17L17,USP17L18,USP17L19,USP17L20,USP17L21,USP17L22,USP17L23,USP17L24,USP17L25,USP17L26,USP17L5,USP17L27,USP17L28,USP17L29,USP17L30	1.8940685805017564e-05	3.624645887425929e-05
chr4	9210657	10457426	USP17L10,USP17L11,USP17L12,USP17L13,USP17L15,USP17L17,USP17L18,USP17L19,USP17L20,USP17L21,USP17L22,USP17L23,USP17L24,USP17L25,USP17L26,USP17L5,USP17L27,USP17L28,USP17L29,USP17L30,DEFB131A,SLC2A9,DRD5,WDR1,ZNF518B	0.0	0.0
chr4	9243879	13627725	USP17L17,USP17L18,USP17L19,USP17L20,USP17L21,USP17L22,USP17L23,USP17L24,USP17L25,USP17L26,USP17L5,USP17L27,USP17L28,USP17L29,USP17L30,DEFB131A,SLC2A9,DRD5,WDR1,ZNF518B,CLNK,HS3ST1,RAB28,NKX3-2,BOD1L1	0.000821316759190628	0.0009167517791798006
chr4	9267619	15690447	USP17L22,USP17L23,USP17L24,USP17L25,USP17L26,USP17L5,USP17L27,USP17L28,USP17L29,USP17L30,DEFB131A,SLC2A9,DRD5,WDR1,ZNF518B,CLNK,HS3ST1,RAB28,NKX3-2,BOD1L1,CPEB2,C1QTNF7,CC2D2A,FBXL5,FAM200B	0.006033164775370076	0.006906590674525194
chr4	9339403	16084378	USP17L5,USP17L27,USP17L28,USP17L29,USP17L30,DEFB131A,SLC2A9,DRD5,WDR1,ZNF518B,CLNK,HS3ST1,RAB28,NKX3-2,BOD1L1,CPEB2,C1QTNF7,CC2D2A,FBXL5,FAM200B,BST1,CD38,FGFBP1,FGFBP2,PROM1	0.014405131807141494	0.01528289272774574
chr4	9444414	17607972	DEFB131A,SLC2A9,DRD5,WDR1,ZNF518B,CLNK,HS3ST1,RAB28,NKX3-2,BOD1L1,CPEB2,C1QTNF7,CC2D2A,FBXL5,FAM200B,BST1,CD38,FGFBP1,FGFBP2,PROM1,TAPT1,LDB2,QDPR,CLRN2,LAP3	0.01307881710333967	0.015583928746575089
chr4	10486395	18021876	CLNK,HS3ST1,RAB28,NKX3-2,BOD1L1,CPEB2,C1QTNF7,CC2D2A,FBXL5,FAM200B,BST1,CD38,FGFBP1,FGFBP2,PROM1,TAPT1,LDB2,QDPR,CLRN2,LAP3,MED28,FAM184B,DCAF16,NCAPG,LCORL	0.007843478992288237	0.010592298838686395
chr4	15002481	23904089	CPEB2,C1QTNF7,CC2D2A,FBXL5,FAM200B,BST1,CD38,FGFBP1,FGFBP2,PROM1,TAPT1,LDB2,QDPR,CLRN2,LAP3,MED28,FAM184B,DCAF16,NCAPG,LCORL,SLIT2,PACRGL,KCNIP4,ADGRA3,PPARGC1A	0.011627998308993092	0.01509137240084819
chr4	15703065	25160550	BST1,CD38,FGFBP1,FGFBP2,PROM1,TAPT1,LDB2,QDPR,CLRN2,LAP3,MED28,FAM184B,DCAF16,NCAPG,LCORL,SLIT2,PACRGL,KCNIP4,ADGRA3,PPARGC1A,DHX15,SOD3,CCDC149,LGI2,SEPSECS	0.01899566920793893	0.018540451096888164
chr4	16160505	25863760	TAPT1,LDB2,QDPR,CLRN2,LAP3,MED28,FAM184B,DCAF16,NCAPG,LCORL,SLIT2,PACRGL,KCNIP4,ADGRA3,PPARGC1A,DHX15,SOD3,CCDC149,LGI2,SEPSECS,PI4K2B,ZCCHC4,ANAPC4,SLC34A2,SEL1L3	0.018172317455583828	0.013971747165860296
chr4	17614641	27025381	MED28,FAM184B,DCAF16,NCAPG,LCORL,SLIT2,PACRGL,KCNIP4,ADGRA3,PPARGC1A,DHX15,SOD3,CCDC149,LGI2,SEPSECS,PI4K2B,ZCCHC4,ANAPC4,SLC34A2,SEL1L3,SMIM20,RBPJ,CCKAR,TBC1D19,STIM2	0.012094543044744912	0.010255633817571068
chr4	20251905	37623495	SLIT2,PACRGL,KCNIP4,ADGRA3,PPARGC1A,DHX15,SOD3,CCDC149,LGI2,SEPSECS,PI4K2B,ZCCHC4,ANAPC4,SLC34A2,SEL1L3,SMIM20,RBPJ,CCKAR,TBC1D19,STIM2,PCDH7,ARAP2,DTHD1,NWD2,C4orf19	0.014172920677624639	0.013189127298459702
chr4	24517441	38701517	DHX15,SOD3,CCDC149,LGI2,SEPSECS,PI4K2B,ZCCHC4,ANAPC4,SLC34A2,SEL1L3,SMIM20,RBPJ,CCKAR,TBC1D19,STIM2,PCDH7,ARAP2,DTHD1,NWD2,C4orf19,RELL1,PGM2,TBC1D1,PTTG2,KLF3	0.018986735164698346	0.016482832258897316
chr4	25160663	39032922	PI4K2B,ZCCHC4,ANAPC4,SLC34A2,SEL1L3,SMIM20,RBPJ,CCKAR,TBC1D19,STIM2,PCDH7,ARAP2,DTHD1,NWD2,C4orf19,RELL1,PGM2,TBC1D1,PTTG2,KLF3,TLR10,TLR1,TLR6,FAM114A1,TMEM156	0.01126975829766032	0.007237018882218556
chr4	25861830	39458931	SMIM20,RBPJ,CCKAR,TBC1D19,STIM2,PCDH7,ARAP2,DTHD1,NWD2,C4orf19,RELL1,PGM2,TBC1D1,PTTG2,KLF3,TLR10,TLR1,TLR6,FAM114A1,TMEM156,KLHL5,WDR19,RFC1,KLB,RPL9	0.007043436458458174	0.007037553351062286
chr4	30720369	39977956	PCDH7,ARAP2,DTHD1,NWD2,C4orf19,RELL1,PGM2,TBC1D1,PTTG2,KLF3,TLR10,TLR1,TLR6,FAM114A1,TMEM156,KLHL5,WDR19,RFC1,KLB,RPL9,LIAS,UGDH,SMIM14,UBE2K,PDS5A	0.009357901452638913	0.009192822020903907
chr4	37590800	40811184	RELL1,PGM2,TBC1D1,PTTG2,KLF3,TLR10,TLR1,TLR6,FAM114A1,TMEM156,KLHL5,WDR19,RFC1,KLB,RPL9,LIAS,UGDH,SMIM14,UBE2K,PDS5A,N4BP2,RHOH,CHRNA9,RBM47,NSUN7	0.013407434895467401	0.009262680415691716
chr4	38772238	41960803	TLR10,TLR1,TLR6,FAM114A1,TMEM156,KLHL5,WDR19,RFC1,KLB,RPL9,LIAS,UGDH,SMIM14,UBE2K,PDS5A,N4BP2,RHOH,CHRNA9,RBM47,NSUN7,APBB2,UCHL1,LIMCH1,PHOX2B,TMEM33	0.008627357109999812	0.008085865666333339
chr4	39045039	42657121	KLHL5,WDR19,RFC1,KLB,RPL9,LIAS,UGDH,SMIM14,UBE2K,PDS5A,N4BP2,RHOH,CHRNA9,RBM47,NSUN7,APBB2,UCHL1,LIMCH1,PHOX2B,TMEM33,DCAF4L1,SLC30A9,BEND4,SHISA3,ATP8A1	-0.0034499794864687934	0.006029877730758462
chr4	39459004	44726588	LIAS,UGDH,SMIM14,UBE2K,PDS5A,N4BP2,RHOH,CHRNA9,RBM47,NSUN7,APBB2,UCHL1,LIMCH1,PHOX2B,TMEM33,DCAF4L1,SLC30A9,BEND4,SHISA3,ATP8A1,GRXCR1,KCTD8,YIPF7,GUF1,GNPDA2	-0.011536983947207658	0.004538664815703075
chr4	40056797	47426447	N4BP2,RHOH,CHRNA9,RBM47,NSUN7,APBB2,UCHL1,LIMCH1,PHOX2B,TMEM33,DCAF4L1,SLC30A9,BEND4,SHISA3,ATP8A1,GRXCR1,KCTD8,YIPF7,GUF1,GNPDA2,GABRG1,GABRA2,COX7B2,GABRA4,GABRB1	0.003524917560665157	0.009671383923334193
chr4	40810027	48040173	APBB2,UCHL1,LIMCH1,PHOX2B,TMEM33,DCAF4L1,SLC30A9,BEND4,SHISA3,ATP8A1,GRXCR1,KCTD8,YIPF7,GUF1,GNPDA2,GABRG1,GABRA2,COX7B2,GABRA4,GABRB1,COMMD8,ATP10D,CORIN,NFXL1,NIPAL1	0.009368462871224326	0.01141935484947766
chr4	41981756	48489526	DCAF4L1,SLC30A9,BEND4,SHISA3,ATP8A1,GRXCR1,KCTD8,YIPF7,GUF1,GNPDA2,GABRG1,GABRA2,COX7B2,GABRA4,GABRB1,COMMD8,ATP10D,CORIN,NFXL1,NIPAL1,CNGA1,TXK,TEC,SLAIN2,SLC10A4	0.009563723115273218	0.012170206495768977
chr4	42892713	49062081	GRXCR1,KCTD8,YIPF7,GUF1,GNPDA2,GABRG1,GABRA2,COX7B2,GABRA4,GABRB1,COMMD8,ATP10D,CORIN,NFXL1,NIPAL1,CNGA1,TXK,TEC,SLAIN2,SLC10A4,ZAR1,FRYL,OCIAD1,OCIAD2,CWH43	0.007299374456833505	0.009884216815625712
chr4	46035769	52659301	GABRG1,GABRA2,COX7B2,GABRA4,GABRB1,COMMD8,ATP10D,CORIN,NFXL1,NIPAL1,CNGA1,TXK,TEC,SLAIN2,SLC10A4,ZAR1,FRYL,OCIAD1,OCIAD2,CWH43,DCUN1D4,LRRC66,SGCB,SPATA18,USP46	0.00150181350936233	0.009967859043587502
chr4	47450787	54295272	COMMD8,ATP10D,CORIN,NFXL1,NIPAL1,CNGA1,TXK,TEC,SLAIN2,SLC10A4,ZAR1,FRYL,OCIAD1,OCIAD2,CWH43,DCUN1D4,LRRC66,SGCB,SPATA18,USP46,ERVMER34-1,RASL11B,SCFD2,FIP1L1,ENSG00000282278	-0.01660131033793308	0.006262935086460964
chr4	47935977	54740783	CNGA1,TXK,TEC,SLAIN2,SLC10A4,ZAR1,FRYL,OCIAD1,OCIAD2,CWH43,DCUN1D4,LRRC66,SGCB,SPATA18,USP46,ERVMER34-1,RASL11B,SCFD2,FIP1L1,ENSG00000282278,LNX1,CHIC2,GSX2,PDGFRA,KIT	-0.009046864326481708	0.00890772730095289
chr4	48490252	55546909	ZAR1,FRYL,OCIAD1,OCIAD2,CWH43,DCUN1D4,LRRC66,SGCB,SPATA18,USP46,ERVMER34-1,RASL11B,SCFD2,FIP1L1,ENSG00000282278,LNX1,CHIC2,GSX2,PDGFRA,KIT,KDR,SRD5A3,ENSG00000288695,TMEM165,CLOCK	0.008236222973759545	0.014841224999479043
chr4	51843000	56033361	DCUN1D4,LRRC66,SGCB,SPATA18,USP46,ERVMER34-1,RASL11B,SCFD2,FIP1L1,ENSG00000282278,LNX1,CHIC2,GSX2,PDGFRA,KIT,KDR,SRD5A3,ENSG00000288695,TMEM165,CLOCK,PDCL2,NMU,EXOC1L,EXOC1,CEP135	0.007241144346171858	0.012862794456326846
chr4	52722618	56503681	ERVMER34-1,RASL11B,SCFD2,FIP1L1,ENSG00000282278,LNX1,CHIC2,GSX2,PDGFRA,KIT,KDR,SRD5A3,ENSG00000288695,TMEM165,CLOCK,PDCL2,NMU,EXOC1L,EXOC1,CEP135,CRACD,AASDH,PPAT,PAICS,SRP72	0.008593061713026208	0.011441040433309952
chr4	53459301	56966808	LNX1,CHIC2,GSX2,PDGFRA,KIT,KDR,SRD5A3,ENSG00000288695,TMEM165,CLOCK,PDCL2,NMU,EXOC1L,EXOC1,CEP135,CRACD,AASDH,PPAT,PAICS,SRP72,ARL9,THEGL,HOPX,SPINK2,REST	0.015939372247926863	0.014167006122783708
chr4	55078481	64409468	KDR,SRD5A3,ENSG00000288695,TMEM165,CLOCK,PDCL2,NMU,EXOC1L,EXOC1,CEP135,CRACD,AASDH,PPAT,PAICS,SRP72,ARL9,THEGL,HOPX,SPINK2,REST,NOA1,POLR2B,IGFBP7,ADGRL3,TECRL	0.018366249549284824	0.014234986941826185
chr4	55556519	67754388	PDCL2,NMU,EXOC1L,EXOC1,CEP135,CRACD,AASDH,PPAT,PAICS,SRP72,ARL9,THEGL,HOPX,SPINK2,REST,NOA1,POLR2B,IGFBP7,ADGRL3,TECRL,EPHA5,CENPC,STAP1,UBA6,GNRHR	0.010615356501035457	0.010259639069080968
chr4	56049098	68350090	CRACD,AASDH,PPAT,PAICS,SRP72,ARL9,THEGL,HOPX,SPINK2,REST,NOA1,POLR2B,IGFBP7,ADGRL3,TECRL,EPHA5,CENPC,STAP1,UBA6,GNRHR,TMPRSS11D,TMPRSS11A,TMPRSS11F,TMPRSS11B,YTHDC1	0.00941454365989517	0.011527856330392432
chr4	56505209	68951804	ARL9,THEGL,HOPX,SPINK2,REST,NOA1,POLR2B,IGFBP7,ADGRL3,TECRL,EPHA5,CENPC,STAP1,UBA6,GNRHR,TMPRSS11D,TMPRSS11A,TMPRSS11F,TMPRSS11B,YTHDC1,TMPRSS11E,UGT2B17,UGT2B15,UGT2B10,UGT2A3	0.013238321107612593	0.014879784005474093
chr4	56963350	69653249	NOA1,POLR2B,IGFBP7,ADGRL3,TECRL,EPHA5,CENPC,STAP1,UBA6,GNRHR,TMPRSS11D,TMPRSS11A,TMPRSS11F,TMPRSS11B,YTHDC1,TMPRSS11E,UGT2B17,UGT2B15,UGT2B10,UGT2A3,UGT2B7,UGT2B11,UGT2B28,UGT2B4,UGT2A1	0.01081270014417673	0.009721865494315767
chr4	65319563	69946574	EPHA5,CENPC,STAP1,UBA6,GNRHR,TMPRSS11D,TMPRSS11A,TMPRSS11F,TMPRSS11B,YTHDC1,TMPRSS11E,UGT2B17,UGT2B15,UGT2B10,UGT2A3,UGT2B7,UGT2B11,UGT2B28,UGT2B4,UGT2A1,UGT2A2,SULT1B1,ENSG00000284695,SULT1E1,CSN1S1	0.0040907271582691866	0.0031107357897165655
chr4	67820876	70176799	TMPRSS11D,TMPRSS11A,TMPRSS11F,TMPRSS11B,YTHDC1,TMPRSS11E,UGT2B17,UGT2B15,UGT2B10,UGT2A3,UGT2B7,UGT2B11,UGT2B28,UGT2B4,UGT2A1,UGT2A2,SULT1B1,ENSG00000284695,SULT1E1,CSN1S1,CSN2,STATH,HTN3,HTN1,PRR27	0.000950701523348465	0.000521731492130194
chr4	68447463	70367158	TMPRSS11E,UGT2B17,UGT2B15,UGT2B10,UGT2A3,UGT2B7,UGT2B11,UGT2B28,UGT2B4,UGT2A1,UGT2A2,SULT1B1,ENSG00000284695,SULT1E1,CSN1S1,CSN2,STATH,HTN3,HTN1,PRR27,ODAM,FDCSP,CSN3,CABS1,SMR3A	4.3964922072319554e-05	0.00010255306353327576
chr4	69051363	70607288	UGT2B7,UGT2B11,UGT2B28,UGT2B4,UGT2A1,UGT2A2,SULT1B1,ENSG00000284695,SULT1E1,CSN1S1,CSN2,STATH,HTN3,HTN1,PRR27,ODAM,FDCSP,CSN3,CABS1,SMR3A,SMR3B,OPRPN,MUC7,AMTN,AMBN	2.094521827469842e-05	6.700886169017275e-05
chr4	69588417	70839897	UGT2A2,SULT1B1,ENSG00000284695,SULT1E1,CSN1S1,CSN2,STATH,HTN3,HTN1,PRR27,ODAM,FDCSP,CSN3,CABS1,SMR3A,SMR3B,OPRPN,MUC7,AMTN,AMBN,ENAM,JCHAIN,UTP3,RUFY3,GRSF1	0.0001048402419113452	0.00010623400431171906
chr4	69955256	72148305	CSN2,STATH,HTN3,HTN1,PRR27,ODAM,FDCSP,CSN3,CABS1,SMR3A,SMR3B,OPRPN,MUC7,AMTN,AMBN,ENAM,JCHAIN,UTP3,RUFY3,GRSF1,MOB1B,DCK,SLC4A4,GC,NPFFR2	0.0038652940016978897	0.0037907758674452672
chr4	70195725	73456174	ODAM,FDCSP,CSN3,CABS1,SMR3A,SMR3B,OPRPN,MUC7,AMTN,AMBN,ENAM,JCHAIN,UTP3,RUFY3,GRSF1,MOB1B,DCK,SLC4A4,GC,NPFFR2,ADAMTS3,COX18,ANKRD17,ALB,AFP	0.01284616149356008	0.014243505414569554
chr4	70370093	73854483	SMR3B,OPRPN,MUC7,AMTN,AMBN,ENAM,JCHAIN,UTP3,RUFY3,GRSF1,MOB1B,DCK,SLC4A4,GC,NPFFR2,ADAMTS3,COX18,ANKRD17,ALB,AFP,AFM,RASSF6,CXCL8,CXCL6,PF4V1	0.0112140762867505	0.014506022931720068
chr4	70628744	74038807	ENAM,JCHAIN,UTP3,RUFY3,GRSF1,MOB1B,DCK,SLC4A4,GC,NPFFR2,ADAMTS3,COX18,ANKRD17,ALB,AFP,AFM,RASSF6,CXCL8,CXCL6,PF4V1,CXCL1,PF4,PPBP,CXCL5,CXCL3	0.010275271794970689	0.01347656325411422
chr4	70902326	74455005	MOB1B,DCK,SLC4A4,GC,NPFFR2,ADAMTS3,COX18,ANKRD17,ALB,AFP,AFM,RASSF6,CXCL8,CXCL6,PF4V1,CXCL1,PF4,PPBP,CXCL5,CXCL3,CXCL2,MTHFD2L,EPGN,EREG,AREG	0.002605106234308211	0.002348287315667452
chr4	72280969	75565871	ADAMTS3,COX18,ANKRD17,ALB,AFP,AFM,RASSF6,CXCL8,CXCL6,PF4V1,CXCL1,PF4,PPBP,CXCL5,CXCL3,CXCL2,MTHFD2L,EPGN,EREG,AREG,BTC,PARM1,RCHY1,THAP6,ODAPH	0.0012495015410316807	0.001334403537537518
chr4	73481745	75941013	AFM,RASSF6,CXCL8,CXCL6,PF4V1,CXCL1,PF4,PPBP,CXCL5,CXCL3,CXCL2,MTHFD2L,EPGN,EREG,AREG,BTC,PARM1,RCHY1,THAP6,ODAPH,CDKL2,G3BP2,USO1,PPEF2,NAAA	0.003669631950705983	0.004810938279746467
chr4	73869393	76114048	CXCL1,PF4,PPBP,CXCL5,CXCL3,CXCL2,MTHFD2L,EPGN,EREG,AREG,BTC,PARM1,RCHY1,THAP6,ODAPH,CDKL2,G3BP2,USO1,PPEF2,NAAA,SDAD1,CXCL9,ART3,CXCL10,CXCL11	0.009009914992009675	0.01271979771100415
chr4	74097040	76311130	CXCL2,MTHFD2L,EPGN,EREG,AREG,BTC,PARM1,RCHY1,THAP6,ODAPH,CDKL2,G3BP2,USO1,PPEF2,NAAA,SDAD1,CXCL9,ART3,CXCL10,CXCL11,NUP54,SCARB2,FAM47E,FAM47E-STBD1,STBD1	0.008080450609192807	0.014142760243244434
chr4	74744759	77076309	BTC,PARM1,RCHY1,THAP6,ODAPH,CDKL2,G3BP2,USO1,PPEF2,NAAA,SDAD1,CXCL9,ART3,CXCL10,CXCL11,NUP54,SCARB2,FAM47E,FAM47E-STBD1,STBD1,CCDC158,SHROOM3,SOWAHB,SEPTIN11,CCNI	0.007030440126930553	0.010852161181142145
chr4	75576496	78544269	CDKL2,G3BP2,USO1,PPEF2,NAAA,SDAD1,CXCL9,ART3,CXCL10,CXCL11,NUP54,SCARB2,FAM47E,FAM47E-STBD1,STBD1,CCDC158,SHROOM3,SOWAHB,SEPTIN11,CCNI,CCNG2,CXCL13,CNOT6L,MRPL1,FRAS1	0.0006600454996332169	0.006998454739339728
chr4	75940950	79408228	SDAD1,CXCL9,ART3,CXCL10,CXCL11,NUP54,SCARB2,FAM47E,FAM47E-STBD1,STBD1,CCDC158,SHROOM3,SOWAHB,SEPTIN11,CCNI,CCNG2,CXCL13,CNOT6L,MRPL1,FRAS1,ANXA3,BMP2K,PAQR3,NAA11,GK2	-0.004880876976414468	0.002972897076975615
chr4	76107562	81057627	NUP54,SCARB2,FAM47E,FAM47E-STBD1,STBD1,CCDC158,SHROOM3,SOWAHB,SEPTIN11,CCNI,CCNG2,CXCL13,CNOT6L,MRPL1,FRAS1,ANXA3,BMP2K,PAQR3,NAA11,GK2,ANTXR2,PRDM8,FGF5,CFAP299,BMP3	0.0010609256607838587	0.006273801006283611
chr4	76312997	82461177	CCDC158,SHROOM3,SOWAHB,SEPTIN11,CCNI,CCNG2,CXCL13,CNOT6L,MRPL1,FRAS1,ANXA3,BMP2K,PAQR3,NAA11,GK2,ANTXR2,PRDM8,FGF5,CFAP299,BMP3,PRKG2,RASGEF1B,HNRNPD,HNRNPDL,ENOPH1	0.0112931110158273	0.010332838670306967
chr4	77157207	83012926	CCNG2,CXCL13,CNOT6L,MRPL1,FRAS1,ANXA3,BMP2K,PAQR3,NAA11,GK2,ANTXR2,PRDM8,FGF5,CFAP299,BMP3,PRKG2,RASGEF1B,HNRNPD,HNRNPDL,ENOPH1,TMEM150C,SCD5,SEC31A,THAP9,LIN54	0.011348731990317591	0.009876109034215706
chr4	78551747	83455855	ANXA3,BMP2K,PAQR3,NAA11,GK2,ANTXR2,PRDM8,FGF5,CFAP299,BMP3,PRKG2,RASGEF1B,HNRNPD,HNRNPDL,ENOPH1,TMEM150C,SCD5,SEC31A,THAP9,LIN54,COPS4,PLAC8,COQ2,HPSE,HELQ	0.0027643999824720623	0.004690161424196028
chr4	79901146	84651334	ANTXR2,PRDM8,FGF5,CFAP299,BMP3,PRKG2,RASGEF1B,HNRNPD,HNRNPDL,ENOPH1,TMEM150C,SCD5,SEC31A,THAP9,LIN54,COPS4,PLAC8,COQ2,HPSE,HELQ,MRPS18C,ABRAXAS1,GPAT3,NKX6-1,CDS1	0.004579029482821711	0.00754432011740016
chr4	81087370	86849384	PRKG2,RASGEF1B,HNRNPD,HNRNPDL,ENOPH1,TMEM150C,SCD5,SEC31A,THAP9,LIN54,COPS4,PLAC8,COQ2,HPSE,HELQ,MRPS18C,ABRAXAS1,GPAT3,NKX6-1,CDS1,WDFY3,ARHGAP24,MAPK10,PTPN13,SLC10A6	0.01049522435181079	0.012361006492910267
chr4	82483170	87322886	TMEM150C,SCD5,SEC31A,THAP9,LIN54,COPS4,PLAC8,COQ2,HPSE,HELQ,MRPS18C,ABRAXAS1,GPAT3,NKX6-1,CDS1,WDFY3,ARHGAP24,MAPK10,PTPN13,SLC10A6,C4orf36,ENSG00000285458,AFF1,KLHL8,HSD17B13	0.013325254784580824	0.01227998348269783
chr4	83034447	87664361	COPS4,PLAC8,COQ2,HPSE,HELQ,MRPS18C,ABRAXAS1,GPAT3,NKX6-1,CDS1,WDFY3,ARHGAP24,MAPK10,PTPN13,SLC10A6,C4orf36,ENSG00000285458,AFF1,KLHL8,HSD17B13,HSD17B11,NUDT9,SPARCL1,DSPP,DMP1	0.017415440177121596	0.012383613469661794
chr4	83455932	88231628	MRPS18C,ABRAXAS1,GPAT3,NKX6-1,CDS1,WDFY3,ARHGAP24,MAPK10,PTPN13,SLC10A6,C4orf36,ENSG00000285458,AFF1,KLHL8,HSD17B13,HSD17B11,NUDT9,SPARCL1,DSPP,DMP1,IBSP,MEPE,SPP1,PKD2,ABCG2	0.011069509060483998	0.008721390985875458
chr4	84668765	88523776	WDFY3,ARHGAP24,MAPK10,PTPN13,SLC10A6,C4orf36,ENSG00000285458,AFF1,KLHL8,HSD17B13,HSD17B11,NUDT9,SPARCL1,DSPP,DMP1,IBSP,MEPE,SPP1,PKD2,ABCG2,PPM1K,HERC6,HERC5,PYURF,PIGY	0.00643114344777602	0.005944104077393326
chr4	86876205	89307800	C4orf36,ENSG00000285458,AFF1,KLHL8,HSD17B13,HSD17B11,NUDT9,SPARCL1,DSPP,DMP1,IBSP,MEPE,SPP1,PKD2,ABCG2,PPM1K,HERC6,HERC5,PYURF,PIGY,HERC3,NAP1L5,FAM13A,TIGD2,GPRIN3	0.005733100261423968	0.004196045997580279
chr4	87336515	93830964	HSD17B11,NUDT9,SPARCL1,DSPP,DMP1,IBSP,MEPE,SPP1,PKD2,ABCG2,PPM1K,HERC6,HERC5,PYURF,PIGY,HERC3,NAP1L5,FAM13A,TIGD2,GPRIN3,SNCA,MMRN1,CCSER1,GRID2,ATOH1	0.006590572377137877	0.006374597427768569
chr4	87799554	95549206	IBSP,MEPE,SPP1,PKD2,ABCG2,PPM1K,HERC6,HERC5,PYURF,PIGY,HERC3,NAP1L5,FAM13A,TIGD2,GPRIN3,SNCA,MMRN1,CCSER1,GRID2,ATOH1,SMARCAD1,HPGDS,PDLIM5,BMPR1B,UNC5C	0.009138063158493144	0.014682494670898385
chr4	88257620	98929133	PPM1K,HERC6,HERC5,PYURF,PIGY,HERC3,NAP1L5,FAM13A,TIGD2,GPRIN3,SNCA,MMRN1,CCSER1,GRID2,ATOH1,SMARCAD1,HPGDS,PDLIM5,BMPR1B,UNC5C,PDHA2,STPG2,RAP1GDS1,TSPAN5,EIF4E	0.004813113322067731	0.012794434509458536
chr4	88523810	99291003	HERC3,NAP1L5,FAM13A,TIGD2,GPRIN3,SNCA,MMRN1,CCSER1,GRID2,ATOH1,SMARCAD1,HPGDS,PDLIM5,BMPR1B,UNC5C,PDHA2,STPG2,RAP1GDS1,TSPAN5,EIF4E,METAP1,ADH5,ADH4,ADH6,ADH1A	0.005563539054224739	0.010666671046992428
chr4	89700345	99564039	SNCA,MMRN1,CCSER1,GRID2,ATOH1,SMARCAD1,HPGDS,PDLIM5,BMPR1B,UNC5C,PDHA2,STPG2,RAP1GDS1,TSPAN5,EIF4E,METAP1,ADH5,ADH4,ADH6,ADH1A,ADH1B,ADH1C,ADH7,C4orf17,TRMT10A	0.008322768669469661	0.013052701163566122
chr4	94207611	99946618	SMARCAD1,HPGDS,PDLIM5,BMPR1B,UNC5C,PDHA2,STPG2,RAP1GDS1,TSPAN5,EIF4E,METAP1,ADH5,ADH4,ADH6,ADH1A,ADH1B,ADH1C,ADH7,C4orf17,TRMT10A,MTTP,C4orf54,DAPP1,LAMTOR3,DNAJB14	0.009654537114627734	0.013813997778639913
chr4	95840093	102074812	PDHA2,STPG2,RAP1GDS1,TSPAN5,EIF4E,METAP1,ADH5,ADH4,ADH6,ADH1A,ADH1B,ADH1C,ADH7,C4orf17,TRMT10A,MTTP,C4orf54,DAPP1,LAMTOR3,DNAJB14,H2AZ1,DDIT4L,EMCN,PPP3CA,BANK1	0.0036808006162476407	0.005479177552373447
chr4	98995659	102892807	METAP1,ADH5,ADH4,ADH6,ADH1A,ADH1B,ADH1C,ADH7,C4orf17,TRMT10A,MTTP,C4orf54,DAPP1,LAMTOR3,DNAJB14,H2AZ1,DDIT4L,EMCN,PPP3CA,BANK1,SLC39A8,NFKB1,MANBA,UBE2D3,CISD2	-0.0021638024293241438	0.004623322077607965
chr4	99304971	103719985	ADH1B,ADH1C,ADH7,C4orf17,TRMT10A,MTTP,C4orf54,DAPP1,LAMTOR3,DNAJB14,H2AZ1,DDIT4L,EMCN,PPP3CA,BANK1,SLC39A8,NFKB1,MANBA,UBE2D3,CISD2,SLC9B1,SLC9B2,BDH2,CENPE,TACR3	-0.004100707418512079	0.005070818642341179
chr4	99564081	105895986	MTTP,C4orf54,DAPP1,LAMTOR3,DNAJB14,H2AZ1,DDIT4L,EMCN,PPP3CA,BANK1,SLC39A8,NFKB1,MANBA,UBE2D3,CISD2,SLC9B1,SLC9B2,BDH2,CENPE,TACR3,CXXC4,TET2,PPA2,ARHGEF38,INTS12	0.004285721872465124	0.008093792966752654
chr4	99948086	106368778	H2AZ1,DDIT4L,EMCN,PPP3CA,BANK1,SLC39A8,NFKB1,MANBA,UBE2D3,CISD2,SLC9B1,SLC9B2,BDH2,CENPE,TACR3,CXXC4,TET2,PPA2,ARHGEF38,INTS12,GSTCD,NPNT,TBCK,AIMP1,GIMD1	0.018272269728406725	0.013744583376837042
chr4	102251080	108035241	SLC39A8,NFKB1,MANBA,UBE2D3,CISD2,SLC9B1,SLC9B2,BDH2,CENPE,TACR3,CXXC4,TET2,PPA2,ARHGEF38,INTS12,GSTCD,NPNT,TBCK,AIMP1,GIMD1,DKK2,PAPSS1,SGMS2,CYP2U1,HADH	0.018080777069592262	0.012095577419776378
chr4	102885048	109302752	SLC9B1,SLC9B2,BDH2,CENPE,TACR3,CXXC4,TET2,PPA2,ARHGEF38,INTS12,GSTCD,NPNT,TBCK,AIMP1,GIMD1,DKK2,PAPSS1,SGMS2,CYP2U1,HADH,LEF1,RPL34,OSTC,ETNPPL,COL25A1	0.014977182466577584	0.013267713812759778
chr4	104468308	109801999	CXXC4,TET2,PPA2,ARHGEF38,INTS12,GSTCD,NPNT,TBCK,AIMP1,GIMD1,DKK2,PAPSS1,SGMS2,CYP2U1,HADH,LEF1,RPL34,OSTC,ETNPPL,COL25A1,SEC24B,MCUB,CASP6,PLA2G12A,ENSG00000285330	0.007594808838645216	0.008695811427126998
chr4	105708778	110013766	GSTCD,NPNT,TBCK,AIMP1,GIMD1,DKK2,PAPSS1,SGMS2,CYP2U1,HADH,LEF1,RPL34,OSTC,ETNPPL,COL25A1,SEC24B,MCUB,CASP6,PLA2G12A,ENSG00000285330,CFI,GAR1,RRH,LRIT3,EGF	0.011902709086584527	0.00844160128334903
chr4	106921802	112273110	DKK2,PAPSS1,SGMS2,CYP2U1,HADH,LEF1,RPL34,OSTC,ETNPPL,COL25A1,SEC24B,MCUB,CASP6,PLA2G12A,ENSG00000285330,CFI,GAR1,RRH,LRIT3,EGF,ELOVL6,ENPEP,PITX2,FAM241A,AP1AR	0.012872067194471992	0.008994503257035267
chr4	108047545	112657696	LEF1,RPL34,OSTC,ETNPPL,COL25A1,SEC24B,MCUB,CASP6,PLA2G12A,ENSG00000285330,CFI,GAR1,RRH,LRIT3,EGF,ELOVL6,ENPEP,PITX2,FAM241A,AP1AR,TIFA,ALPK1,NEUROG2,ZGRF1,LARP7	0.008814689379000495	0.010901465572374206
chr4	109433772	115113876	SEC24B,MCUB,CASP6,PLA2G12A,ENSG00000285330,CFI,GAR1,RRH,LRIT3,EGF,ELOVL6,ENPEP,PITX2,FAM241A,AP1AR,TIFA,ALPK1,NEUROG2,ZGRF1,LARP7,ANK2,CAMK2D,ARSJ,UGT8,NDST4	0.0014189100599899468	0.014549500941688413
chr4	109731008	118838683	CFI,GAR1,RRH,LRIT3,EGF,ELOVL6,ENPEP,PITX2,FAM241A,AP1AR,TIFA,ALPK1,NEUROG2,ZGRF1,LARP7,ANK2,CAMK2D,ARSJ,UGT8,NDST4,TRAM1L1,NDST3,PRSS12,METTL14,SEC24D	-0.005206093932945768	0.011422182998183119
chr4	110045846	119322138	ELOVL6,ENPEP,PITX2,FAM241A,AP1AR,TIFA,ALPK1,NEUROG2,ZGRF1,LARP7,ANK2,CAMK2D,ARSJ,UGT8,NDST4,TRAM1L1,NDST3,PRSS12,METTL14,SEC24D,SYNPO2,MYOZ2,USP53,C4orf3,FABP2	0.009300686012208577	0.014752195639927468
chr4	112272968	121227466	TIFA,ALPK1,NEUROG2,ZGRF1,LARP7,ANK2,CAMK2D,ARSJ,UGT8,NDST4,TRAM1L1,NDST3,PRSS12,METTL14,SEC24D,SYNPO2,MYOZ2,USP53,C4orf3,FABP2,PDE5A,MAD2L1,PRDM5,NDNF,TNIP3	0.013694906325649967	0.011242709037111788
chr4	112818032	121823883	ANK2,CAMK2D,ARSJ,UGT8,NDST4,TRAM1L1,NDST3,PRSS12,METTL14,SEC24D,SYNPO2,MYOZ2,USP53,C4orf3,FABP2,PDE5A,MAD2L1,PRDM5,NDNF,TNIP3,QRFPR,ANXA5,SMIM43,EXOSC9,CCNA2	0.017084225836534423	0.01105889588043556
chr4	117083554	122621066	TRAM1L1,NDST3,PRSS12,METTL14,SEC24D,SYNPO2,MYOZ2,USP53,C4orf3,FABP2,PDE5A,MAD2L1,PRDM5,NDNF,TNIP3,QRFPR,ANXA5,SMIM43,EXOSC9,CCNA2,BBS7,TRPC3,ADAD1,IL2,IL21	0.017773263691475086	0.01034595680995554
chr4	118850688	123403760	SYNPO2,MYOZ2,USP53,C4orf3,FABP2,PDE5A,MAD2L1,PRDM5,NDNF,TNIP3,QRFPR,ANXA5,SMIM43,EXOSC9,CCNA2,BBS7,TRPC3,ADAD1,IL2,IL21,BBS12,FGF2,NUDT6,SPATA5,SPRY1	0.016141755666042187	0.010849688287584711
chr4	119494397	127840733	PDE5A,MAD2L1,PRDM5,NDNF,TNIP3,QRFPR,ANXA5,SMIM43,EXOSC9,CCNA2,BBS7,TRPC3,ADAD1,IL2,IL21,BBS12,FGF2,NUDT6,SPATA5,SPRY1,ANKRD50,FAT4,INTU,SLC25A31,HSPA4L	0.010972608727286072	0.009009093942916753
chr4	121328642	128288829	QRFPR,ANXA5,SMIM43,EXOSC9,CCNA2,BBS7,TRPC3,ADAD1,IL2,IL21,BBS12,FGF2,NUDT6,SPATA5,SPRY1,ANKRD50,FAT4,INTU,SLC25A31,HSPA4L,PLK4,MFSD8,ABHD18,LARP1B,PGRMC2	0.02197147411653498	0.015275409418784048
chr4	121824329	134201789	BBS7,TRPC3,ADAD1,IL2,IL21,BBS12,FGF2,NUDT6,SPATA5,SPRY1,ANKRD50,FAT4,INTU,SLC25A31,HSPA4L,PLK4,MFSD8,ABHD18,LARP1B,PGRMC2,JADE1,SCLT1,C4orf33,PCDH10,PABPC4L	0.034643260103079485	0.01679918387803922
chr4	122732702	139280225	BBS12,FGF2,NUDT6,SPATA5,SPRY1,ANKRD50,FAT4,INTU,SLC25A31,HSPA4L,PLK4,MFSD8,ABHD18,LARP1B,PGRMC2,JADE1,SCLT1,C4orf33,PCDH10,PABPC4L,PCDH18,SLC7A11,NOCT,ELF2,MGARP	0.03169525538602316	0.017649509199924508
chr4	124664048	139740745	ANKRD50,FAT4,INTU,SLC25A31,HSPA4L,PLK4,MFSD8,ABHD18,LARP1B,PGRMC2,JADE1,SCLT1,C4orf33,PCDH10,PABPC4L,PCDH18,SLC7A11,NOCT,ELF2,MGARP,NDUFC1,NAA15,RAB33B,SETD7,MGST2	0.023558653970308124	0.015981281048400846
chr4	127880893	140553770	PLK4,MFSD8,ABHD18,LARP1B,PGRMC2,JADE1,SCLT1,C4orf33,PCDH10,PABPC4L,PCDH18,SLC7A11,NOCT,ELF2,MGARP,NDUFC1,NAA15,RAB33B,SETD7,MGST2,MAML3,SCOC,CLGN,MGAT4D,ELMOD2	0.016702316712197865	0.012383915219448424
chr4	128809700	141733987	JADE1,SCLT1,C4orf33,PCDH10,PABPC4L,PCDH18,SLC7A11,NOCT,ELF2,MGARP,NDUFC1,NAA15,RAB33B,SETD7,MGST2,MAML3,SCOC,CLGN,MGAT4D,ELMOD2,UCP1,TBC1D9,RNF150,ZNF330,IL15	0.012888289033691804	0.009754829844646005
chr4	137518918	143700675	PCDH18,SLC7A11,NOCT,ELF2,MGARP,NDUFC1,NAA15,RAB33B,SETD7,MGST2,MAML3,SCOC,CLGN,MGAT4D,ELMOD2,UCP1,TBC1D9,RNF150,ZNF330,IL15,INPP4B,USP38,GAB1,SMARCA5,FREM3	0.013167055274698584	0.014003169234119052
chr4	139266880	145098174	NDUFC1,NAA15,RAB33B,SETD7,MGST2,MAML3,SCOC,CLGN,MGAT4D,ELMOD2,UCP1,TBC1D9,RNF150,ZNF330,IL15,INPP4B,USP38,GAB1,SMARCA5,FREM3,GYPE,GYPB,GYPA,ENSG00000285713,HHIP	0.012998577141658967	0.0141652263728897
chr4	139716753	145660033	MAML3,SCOC,CLGN,MGAT4D,ELMOD2,UCP1,TBC1D9,RNF150,ZNF330,IL15,INPP4B,USP38,GAB1,SMARCA5,FREM3,GYPE,GYPB,GYPA,ENSG00000285713,HHIP,ANAPC10,ABCE1,OTUD4,SMAD1,MMAA	0.01402910257440938	0.01310454165421899
chr4	140559431	146522372	UCP1,TBC1D9,RNF150,ZNF330,IL15,INPP4B,USP38,GAB1,SMARCA5,FREM3,GYPE,GYPB,GYPA,ENSG00000285713,HHIP,ANAPC10,ABCE1,OTUD4,SMAD1,MMAA,C4orf51,ZNF827,LSM6,REELD1,SLC10A7	0.012525245480448165	0.010553236045263021
chr4	142023160	147684163	INPP4B,USP38,GAB1,SMARCA5,FREM3,GYPE,GYPB,GYPA,ENSG00000285713,HHIP,ANAPC10,ABCE1,OTUD4,SMAD1,MMAA,C4orf51,ZNF827,LSM6,REELD1,SLC10A7,POU4F2,TTC29,EDNRA,TMEM184C,PRMT9	0.01918145013053306	0.015213581053507065
chr4	143870864	151015727	GYPE,GYPB,GYPA,ENSG00000285713,HHIP,ANAPC10,ABCE1,OTUD4,SMAD1,MMAA,C4orf51,ZNF827,LSM6,REELD1,SLC10A7,POU4F2,TTC29,EDNRA,TMEM184C,PRMT9,ARHGAP10,NR3C2,IQCM,DCLK2,LRBA	0.016686594219855907	0.013493245795014153
chr4	144831908	151761007	ANAPC10,ABCE1,OTUD4,SMAD1,MMAA,C4orf51,ZNF827,LSM6,REELD1,SLC10A7,POU4F2,TTC29,EDNRA,TMEM184C,PRMT9,ARHGAP10,NR3C2,IQCM,DCLK2,LRBA,MAB21L2,RPS3A,SH3D19,PRSS48,GATB	0.01172863479598902	0.0066943914531740895
chr4	145680146	152979671	C4orf51,ZNF827,LSM6,REELD1,SLC10A7,POU4F2,TTC29,EDNRA,TMEM184C,PRMT9,ARHGAP10,NR3C2,IQCM,DCLK2,LRBA,MAB21L2,RPS3A,SH3D19,PRSS48,GATB,FBXW7,TMEM154,TIGD4,ARFIP1,FHDC1	0.015949786244122462	0.0047692959832433225
chr4	146638893	153706260	POU4F2,TTC29,EDNRA,TMEM184C,PRMT9,ARHGAP10,NR3C2,IQCM,DCLK2,LRBA,MAB21L2,RPS3A,SH3D19,PRSS48,GATB,FBXW7,TMEM154,TIGD4,ARFIP1,FHDC1,TRIM2,ENSG00000288637,MND1,TMEM131L,TLR2	0.01916941120230534	0.002901795060368085
chr4	147732063	154572807	ARHGAP10,NR3C2,IQCM,DCLK2,LRBA,MAB21L2,RPS3A,SH3D19,PRSS48,GATB,FBXW7,TMEM154,TIGD4,ARFIP1,FHDC1,TRIM2,ENSG00000288637,MND1,TMEM131L,TLR2,RNF175,SFRP2,DCHS2,PLRG1,FGB	0.02046607424114511	0.009617433126803621
chr4	150582151	155217078	MAB21L2,RPS3A,SH3D19,PRSS48,GATB,FBXW7,TMEM154,TIGD4,ARFIP1,FHDC1,TRIM2,ENSG00000288637,MND1,TMEM131L,TLR2,RNF175,SFRP2,DCHS2,PLRG1,FGB,FGA,FGG,LRAT,RBM46,NPY2R	0.01597569508294358	0.01010568555728132
chr4	152320544	155920406	FBXW7,TMEM154,TIGD4,ARFIP1,FHDC1,TRIM2,ENSG00000288637,MND1,TMEM131L,TLR2,RNF175,SFRP2,DCHS2,PLRG1,FGB,FGA,FGG,LRAT,RBM46,NPY2R,MAP9,GUCY1A1,GUCY1B1,ASIC5,TDO2	0.01055985383704401	0.008328003820813197
chr4	153152163	158173318	TRIM2,ENSG00000288637,MND1,TMEM131L,TLR2,RNF175,SFRP2,DCHS2,PLRG1,FGB,FGA,FGG,LRAT,RBM46,NPY2R,MAP9,GUCY1A1,GUCY1B1,ASIC5,TDO2,CTSO,PDGFC,GLRB,GRIA2,GASK1B	0.007237729960053024	0.01051761406668118
chr4	153710160	158723396	RNF175,SFRP2,DCHS2,PLRG1,FGB,FGA,FGG,LRAT,RBM46,NPY2R,MAP9,GUCY1A1,GUCY1B1,ASIC5,TDO2,CTSO,PDGFC,GLRB,GRIA2,GASK1B,TMEM144,RXFP1,C4orf46,ETFDH,PPID	0.010295026221253887	0.02211750434352581
chr4	154583126	163166890	FGA,FGG,LRAT,RBM46,NPY2R,MAP9,GUCY1A1,GUCY1B1,ASIC5,TDO2,CTSO,PDGFC,GLRB,GRIA2,GASK1B,TMEM144,RXFP1,C4orf46,ETFDH,PPID,FNIP2,C4orf45,RAPGEF2,FSTL5,NAF1	0.0032434606309640754	0.01772079761617522
chr4	155342658	164384050	MAP9,GUCY1A1,GUCY1B1,ASIC5,TDO2,CTSO,PDGFC,GLRB,GRIA2,GASK1B,TMEM144,RXFP1,C4orf46,ETFDH,PPID,FNIP2,C4orf45,RAPGEF2,FSTL5,NAF1,NPY1R,NPY5R,TKTL2,TMA16,MARCHF1	0.006461322314715408	0.0136433083504156
chr4	155921580	165208549	CTSO,PDGFC,GLRB,GRIA2,GASK1B,TMEM144,RXFP1,C4orf46,ETFDH,PPID,FNIP2,C4orf45,RAPGEF2,FSTL5,NAF1,NPY1R,NPY5R,TKTL2,TMA16,MARCHF1,SMIM31,APELA,TRIM61,TRIM60,TMEM192	0.013990408188464445	0.018664028890370908
chr4	158201604	167234796	TMEM144,RXFP1,C4orf46,ETFDH,PPID,FNIP2,C4orf45,RAPGEF2,FSTL5,NAF1,NPY1R,NPY5R,TKTL2,TMA16,MARCHF1,SMIM31,APELA,TRIM61,TRIM60,TMEM192,KLHL2,MSMO1,CPE,TLL1,SPOCK3	0.009799182320246251	0.011543607211899865
chr4	158769026	169010275	FNIP2,C4orf45,RAPGEF2,FSTL5,NAF1,NPY1R,NPY5R,TKTL2,TMA16,MARCHF1,SMIM31,APELA,TRIM61,TRIM60,TMEM192,KLHL2,MSMO1,CPE,TLL1,SPOCK3,ANXA10,DDX60,DDX60L,PALLD,CBR4	-0.004307411770710779	0.00396254485675181
chr4	163323962	170033031	NPY1R,NPY5R,TKTL2,TMA16,MARCHF1,SMIM31,APELA,TRIM61,TRIM60,TMEM192,KLHL2,MSMO1,CPE,TLL1,SPOCK3,ANXA10,DDX60,DDX60L,PALLD,CBR4,SH3RF1,NEK1,CLCN3,HPF1,MFAP3L	-0.011949349314763205	0.0012146356609239201
chr4	164754064	173377532	SMIM31,APELA,TRIM61,TRIM60,TMEM192,KLHL2,MSMO1,CPE,TLL1,SPOCK3,ANXA10,DDX60,DDX60L,PALLD,CBR4,SH3RF1,NEK1,CLCN3,HPF1,MFAP3L,AADAT,GALNTL6,GALNT7,HMGB2,SAP30	0.0035866728777604667	0.0071542942666988395
chr4	165207561	174523154	KLHL2,MSMO1,CPE,TLL1,SPOCK3,ANXA10,DDX60,DDX60L,PALLD,CBR4,SH3RF1,NEK1,CLCN3,HPF1,MFAP3L,AADAT,GALNTL6,GALNT7,HMGB2,SAP30,SCRG1,HAND2,FBXO8,CEP44,HPGD	0.02424100326144494	0.016083163269844665
chr4	168092537	176195585	ANXA10,DDX60,DDX60L,PALLD,CBR4,SH3RF1,NEK1,CLCN3,HPF1,MFAP3L,AADAT,GALNTL6,GALNT7,HMGB2,SAP30,SCRG1,HAND2,FBXO8,CEP44,HPGD,GLRA3,ADAM29,GPM6A,WDR17,SPATA4	0.02745481279352984	0.018666581418874797
chr4	169094259	177442437	SH3RF1,NEK1,CLCN3,HPF1,MFAP3L,AADAT,GALNTL6,GALNT7,HMGB2,SAP30,SCRG1,HAND2,FBXO8,CEP44,HPGD,GLRA3,ADAM29,GPM6A,WDR17,SPATA4,ASB5,SPCS3,VEGFC,NEIL3,AGA	0.0142788392048933	0.010811654332575554
chr4	170060222	183322426	AADAT,GALNTL6,GALNT7,HMGB2,SAP30,SCRG1,HAND2,FBXO8,CEP44,HPGD,GLRA3,ADAM29,GPM6A,WDR17,SPATA4,ASB5,SPCS3,VEGFC,NEIL3,AGA,TENM3,DCTD,WWC2,CLDN22,CLDN24	0.0003487410537225013	0.0011594277665147724
chr4	173384701	184023526	SCRG1,HAND2,FBXO8,CEP44,HPGD,GLRA3,ADAM29,GPM6A,WDR17,SPATA4,ASB5,SPCS3,VEGFC,NEIL3,AGA,TENM3,DCTD,WWC2,CLDN22,CLDN24,CDKN2AIP,ING2,RWDD4,TRAPPC11,STOX2	0.008803595770121669	0.009754117411227142
chr4	174636920	184734130	GLRA3,ADAM29,GPM6A,WDR17,SPATA4,ASB5,SPCS3,VEGFC,NEIL3,AGA,TENM3,DCTD,WWC2,CLDN22,CLDN24,CDKN2AIP,ING2,RWDD4,TRAPPC11,STOX2,ENPP6,IRF2,CASP3,PRIMPOL,CENPU	0.014329358415484824	0.013854628203175751
chr4	176213673	185370185	ASB5,SPCS3,VEGFC,NEIL3,AGA,TENM3,DCTD,WWC2,CLDN22,CLDN24,CDKN2AIP,ING2,RWDD4,TRAPPC11,STOX2,ENPP6,IRF2,CASP3,PRIMPOL,CENPU,ACSL1,HELT,SLC25A4,CFAP97,SNX25	0.021836641501241257	0.018698958882378793
chr4	182143987	185471752	TENM3,DCTD,WWC2,CLDN22,CLDN24,CDKN2AIP,ING2,RWDD4,TRAPPC11,STOX2,ENPP6,IRF2,CASP3,PRIMPOL,CENPU,ACSL1,HELT,SLC25A4,CFAP97,SNX25,LRP2BP,ANKRD37,UFSP2,C4orf47,CCDC110	0.01895031912354468	0.014491805589154161
chr4	183444635	186213463	CDKN2AIP,ING2,RWDD4,TRAPPC11,STOX2,ENPP6,IRF2,CASP3,PRIMPOL,CENPU,ACSL1,HELT,SLC25A4,CFAP97,SNX25,LRP2BP,ANKRD37,UFSP2,C4orf47,CCDC110,PDLIM3,SORBS2,TLR3,FAM149A,CYP4V2	0.021360385187162594	0.01178061132215365
chr4	184088706	186726722	ENPP6,IRF2,CASP3,PRIMPOL,CENPU,ACSL1,HELT,SLC25A4,CFAP97,SNX25,LRP2BP,ANKRD37,UFSP2,C4orf47,CCDC110,PDLIM3,SORBS2,TLR3,FAM149A,CYP4V2,KLKB1,F11,ENSG00000272297,MTNR1A,FAT1	0.025063129676752973	0.014402100855149326
chr4	184755595	190027257	ACSL1,HELT,SLC25A4,CFAP97,SNX25,LRP2BP,ANKRD37,UFSP2,C4orf47,CCDC110,PDLIM3,SORBS2,TLR3,FAM149A,CYP4V2,KLKB1,F11,ENSG00000272297,MTNR1A,FAT1,ZFP42,TRIML2,TRIML1,FRG1,FRG2	0.016077856741560148	0.010741474452597398
chr5	92168	1801366	PLEKHG4B,LRRC14B,CCDC127,ENSG00000286001,SDHA,PDCD6,PDCD6-AHRR,AHRR,EXOC3,SLC9A3,CEP72,TPPP,ZDHHC11B,ZDHHC11,BRD9,TRIP13,NKD2,SLC12A7,SLC6A19,SLC6A18,TERT,CLPTM1L,SLC6A3,LPCAT1,MRPL36	0.0089772320590896	0.006681333510711204
chr5	271621	5320304	PDCD6,PDCD6-AHRR,AHRR,EXOC3,SLC9A3,CEP72,TPPP,ZDHHC11B,ZDHHC11,BRD9,TRIP13,NKD2,SLC12A7,SLC6A19,SLC6A18,TERT,CLPTM1L,SLC6A3,LPCAT1,MRPL36,NDUFS6,IRX4,IRX2,IRX1,ADAMTS16	0.008068125616716222	0.007061220138211342
chr5	612340	6674386	CEP72,TPPP,ZDHHC11B,ZDHHC11,BRD9,TRIP13,NKD2,SLC12A7,SLC6A19,SLC6A18,TERT,CLPTM1L,SLC6A3,LPCAT1,MRPL36,NDUFS6,IRX4,IRX2,IRX1,ADAMTS16,ICE1,MED10,UBE2QL1,NSUN2,SRD5A1	0.010075318106422454	0.009746647081456415
chr5	892884	9546075	TRIP13,NKD2,SLC12A7,SLC6A19,SLC6A18,TERT,CLPTM1L,SLC6A3,LPCAT1,MRPL36,NDUFS6,IRX4,IRX2,IRX1,ADAMTS16,ICE1,MED10,UBE2QL1,NSUN2,SRD5A1,TENT4A,ADCY2,MTRR,FASTKD3,SEMA5A	0.008660546693901367	0.006525569019661507
chr5	1253147	10440388	TERT,CLPTM1L,SLC6A3,LPCAT1,MRPL36,NDUFS6,IRX4,IRX2,IRX1,ADAMTS16,ICE1,MED10,UBE2QL1,NSUN2,SRD5A1,TENT4A,ADCY2,MTRR,FASTKD3,SEMA5A,TAS2R1,ATPSCKMT,CCT5,CMBL,MARCHF6	0.014221814669069705	0.01180983361575154
chr5	1801407	14011818	NDUFS6,IRX4,IRX2,IRX1,ADAMTS16,ICE1,MED10,UBE2QL1,NSUN2,SRD5A1,TENT4A,ADCY2,MTRR,FASTKD3,SEMA5A,TAS2R1,ATPSCKMT,CCT5,CMBL,MARCHF6,ROPN1L,ANKRD33B,DAP,CTNND2,DNAH5	0.010594266863889675	0.010108255162543859
chr5	5420664	15939795	ICE1,MED10,UBE2QL1,NSUN2,SRD5A1,TENT4A,ADCY2,MTRR,FASTKD3,SEMA5A,TAS2R1,ATPSCKMT,CCT5,CMBL,MARCHF6,ROPN1L,ANKRD33B,DAP,CTNND2,DNAH5,TRIO,OTULINL,OTULIN,ANKH,FBXL7	0.0029839520399426974	0.0059471418142740245
chr5	6713432	17276843	TENT4A,ADCY2,MTRR,FASTKD3,SEMA5A,TAS2R1,ATPSCKMT,CCT5,CMBL,MARCHF6,ROPN1L,ANKRD33B,DAP,CTNND2,DNAH5,TRIO,OTULINL,OTULIN,ANKH,FBXL7,MARCHF11,ZNF622,RETREG1,MYO10,BASP1	0.0042289324425053895	0.010572898205643902
chr5	9627347	17522397	TAS2R1,ATPSCKMT,CCT5,CMBL,MARCHF6,ROPN1L,ANKRD33B,DAP,CTNND2,DNAH5,TRIO,OTULINL,OTULIN,ANKH,FBXL7,MARCHF11,ZNF622,RETREG1,MYO10,BASP1,LINC02218,H3Y2,TAF11L2,TAF11L3,TAF11L4	0.005139387656651748	0.012237944910668272
chr5	10441524	17594394	ROPN1L,ANKRD33B,DAP,CTNND2,DNAH5,TRIO,OTULINL,OTULIN,ANKH,FBXL7,MARCHF11,ZNF622,RETREG1,MYO10,BASP1,LINC02218,H3Y2,TAF11L2,TAF11L3,TAF11L4,TAF11L5,TAF11L6,TAF11L7,TAF11L8,TAF11L9	-0.0012674606102319268	0.005212521530247425
chr5	14143342	17635053	TRIO,OTULINL,OTULIN,ANKH,FBXL7,MARCHF11,ZNF622,RETREG1,MYO10,BASP1,LINC02218,H3Y2,TAF11L2,TAF11L3,TAF11L4,TAF11L5,TAF11L6,TAF11L7,TAF11L8,TAF11L9,TAF11L10,TAF11L11,TAF11L12,TAF11L13,TAF11L14	-0.0017636394169549263	0.0011109323935059353
chr5	16067139	24644978	MARCHF11,ZNF622,RETREG1,MYO10,BASP1,LINC02218,H3Y2,TAF11L2,TAF11L3,TAF11L4,TAF11L5,TAF11L6,TAF11L7,TAF11L8,TAF11L9,TAF11L10,TAF11L11,TAF11L12,TAF11L13,TAF11L14,H3Y1,CDH18,CDH12,PRDM9,CDH10	0.00021902356939333038	0.00019425058752558307
chr5	17444010	32110932	LINC02218,H3Y2,TAF11L2,TAF11L3,TAF11L4,TAF11L5,TAF11L6,TAF11L7,TAF11L8,TAF11L9,TAF11L10,TAF11L11,TAF11L12,TAF11L13,TAF11L14,H3Y1,CDH18,CDH12,PRDM9,CDH10,CDH9,CDH6,DROSHA,C5orf22,PDZD2	0.0007918505458007891	0.0006816706181707022
chr5	17525235	32791724	TAF11L5,TAF11L6,TAF11L7,TAF11L8,TAF11L9,TAF11L10,TAF11L11,TAF11L12,TAF11L13,TAF11L14,H3Y1,CDH18,CDH12,PRDM9,CDH10,CDH9,CDH6,DROSHA,C5orf22,PDZD2,GOLPH3,MTMR12,ZFR,SUB1,NPR3	0.0028531673528732157	0.004462345738349604
chr5	17597232	34008104	TAF11L10,TAF11L11,TAF11L12,TAF11L13,TAF11L14,H3Y1,CDH18,CDH12,PRDM9,CDH10,CDH9,CDH6,DROSHA,C5orf22,PDZD2,GOLPH3,MTMR12,ZFR,SUB1,NPR3,TARS1,ADAMTS12,RXFP3,SLC45A2,AMACR	0.003774241186730677	0.013122754121389444
chr5	17654868	34918989	H3Y1,CDH18,CDH12,PRDM9,CDH10,CDH9,CDH6,DROSHA,C5orf22,PDZD2,GOLPH3,MTMR12,ZFR,SUB1,NPR3,TARS1,ADAMTS12,RXFP3,SLC45A2,AMACR,C1QTNF3-AMACR,C1QTNF3,RAI14,TTC23L,RAD1	-0.012557909280954798	0.008216816291074812
chr5	26880597	35814611	CDH9,CDH6,DROSHA,C5orf22,PDZD2,GOLPH3,MTMR12,ZFR,SUB1,NPR3,TARS1,ADAMTS12,RXFP3,SLC45A2,AMACR,C1QTNF3-AMACR,C1QTNF3,RAI14,TTC23L,RAD1,BRIX1,DNAJC21,AGXT2,PRLR,SPEF2	-0.0019208310232499406	0.008646261385160434
chr5	32124716	36151887	GOLPH3,MTMR12,ZFR,SUB1,NPR3,TARS1,ADAMTS12,RXFP3,SLC45A2,AMACR,C1QTNF3-AMACR,C1QTNF3,RAI14,TTC23L,RAD1,BRIX1,DNAJC21,AGXT2,PRLR,SPEF2,IL7R,CAPSL,UGT3A1,UGT3A2,LMBRD2	0.006572616190207658	0.011675271211823764
chr5	33440696	37066413	TARS1,ADAMTS12,RXFP3,SLC45A2,AMACR,C1QTNF3-AMACR,C1QTNF3,RAI14,TTC23L,RAD1,BRIX1,DNAJC21,AGXT2,PRLR,SPEF2,IL7R,CAPSL,UGT3A1,UGT3A2,LMBRD2,SKP2,NADK2,RANBP3L,SLC1A3,NIPBL	0.009958457646678668	0.009655055299279548
chr5	33987174	38465480	C1QTNF3-AMACR,C1QTNF3,RAI14,TTC23L,RAD1,BRIX1,DNAJC21,AGXT2,PRLR,SPEF2,IL7R,CAPSL,UGT3A1,UGT3A2,LMBRD2,SKP2,NADK2,RANBP3L,SLC1A3,NIPBL,CPLANE1,NUP155,WDR70,GDNF,EGFLAM	0.011504816694833685	0.008899264549657391
chr5	34915677	39371324	BRIX1,DNAJC21,AGXT2,PRLR,SPEF2,IL7R,CAPSL,UGT3A1,UGT3A2,LMBRD2,SKP2,NADK2,RANBP3L,SLC1A3,NIPBL,CPLANE1,NUP155,WDR70,GDNF,EGFLAM,LIFR,OSMR,RICTOR,FYB1,C9	0.021082902203759697	0.017529545255706068
chr5	35852695	40835222	IL7R,CAPSL,UGT3A1,UGT3A2,LMBRD2,SKP2,NADK2,RANBP3L,SLC1A3,NIPBL,CPLANE1,NUP155,WDR70,GDNF,EGFLAM,LIFR,OSMR,RICTOR,FYB1,C9,DAB2,TTC33,PTGER4,PRKAA1,RPL37	0.020850304213598823	0.016753653888102335
chr5	36151989	41510601	SKP2,NADK2,RANBP3L,SLC1A3,NIPBL,CPLANE1,NUP155,WDR70,GDNF,EGFLAM,LIFR,OSMR,RICTOR,FYB1,C9,DAB2,TTC33,PTGER4,PRKAA1,RPL37,CARD6,C7,MROH2B,C6,PLCXD3	0.013352793119542235	0.01019405907874221
chr5	37106228	42887392	CPLANE1,NUP155,WDR70,GDNF,EGFLAM,LIFR,OSMR,RICTOR,FYB1,C9,DAB2,TTC33,PTGER4,PRKAA1,RPL37,CARD6,C7,MROH2B,C6,PLCXD3,OXCT1,FBXO4,GHR,CCDC152,SELENOP	0.007728479860551919	0.003607268531219965
chr5	38474668	43412391	LIFR,OSMR,RICTOR,FYB1,C9,DAB2,TTC33,PTGER4,PRKAA1,RPL37,CARD6,C7,MROH2B,C6,PLCXD3,OXCT1,FBXO4,GHR,CCDC152,SELENOP,ANXA2R,ZNF131,NIM1K,HMGCS1,CCL28	0.002862568795626232	0.001670178317324473
chr5	39371675	44389706	DAB2,TTC33,PTGER4,PRKAA1,RPL37,CARD6,C7,MROH2B,C6,PLCXD3,OXCT1,FBXO4,GHR,CCDC152,SELENOP,ANXA2R,ZNF131,NIM1K,HMGCS1,CCL28,TMEM267,C5orf34,PAIP1,NNT,FGF10	0.0004059730533239656	0.005218886791309648
chr5	40841308	51394730	CARD6,C7,MROH2B,C6,PLCXD3,OXCT1,FBXO4,GHR,CCDC152,SELENOP,ANXA2R,ZNF131,NIM1K,HMGCS1,CCL28,TMEM267,C5orf34,PAIP1,NNT,FGF10,MRPS30,HCN1,EMB,PARP8,ISL1	-0.015121230961019208	0.005003491641010962
chr5	41730065	53487134	OXCT1,FBXO4,GHR,CCDC152,SELENOP,ANXA2R,ZNF131,NIM1K,HMGCS1,CCL28,TMEM267,C5orf34,PAIP1,NNT,FGF10,MRPS30,HCN1,EMB,PARP8,ISL1,ITGA1,PELO,ITGA2,MOCS2,FST	-0.007975106043933651	0.009687914502684842
chr5	43039233	55022671	ANXA2R,ZNF131,NIM1K,HMGCS1,CCL28,TMEM267,C5orf34,PAIP1,NNT,FGF10,MRPS30,HCN1,EMB,PARP8,ISL1,ITGA1,PELO,ITGA2,MOCS2,FST,NDUFS4,ARL15,HSPB3,SNX18,ESM1	0.006700651299131941	0.009961313409824058
chr5	43444252	55227315	TMEM267,C5orf34,PAIP1,NNT,FGF10,MRPS30,HCN1,EMB,PARP8,ISL1,ITGA1,PELO,ITGA2,MOCS2,FST,NDUFS4,ARL15,HSPB3,SNX18,ESM1,GZMK,GZMA,CDC20B,GPX8,MCIDAS	0.013490718468741487	0.01199499419761339
chr5	44808947	55773194	MRPS30,HCN1,EMB,PARP8,ISL1,ITGA1,PELO,ITGA2,MOCS2,FST,NDUFS4,ARL15,HSPB3,SNX18,ESM1,GZMK,GZMA,CDC20B,GPX8,MCIDAS,CCNO,DHX29,MTREX,PLPP1,SLC38A9	0.008770105213485322	0.010350170562275907
chr5	52787916	56896152	ITGA1,PELO,ITGA2,MOCS2,FST,NDUFS4,ARL15,HSPB3,SNX18,ESM1,GZMK,GZMA,CDC20B,GPX8,MCIDAS,CCNO,DHX29,MTREX,PLPP1,SLC38A9,DDX4,IL31RA,IL6ST,ANKRD55,MAP3K1	0.005661660740028524	0.006438838058211888
chr5	53560633	58460139	NDUFS4,ARL15,HSPB3,SNX18,ESM1,GZMK,GZMA,CDC20B,GPX8,MCIDAS,CCNO,DHX29,MTREX,PLPP1,SLC38A9,DDX4,IL31RA,IL6ST,ANKRD55,MAP3K1,SETD9,MIER3,GPBP1,ACTBL2,PLK2	0.011043156481876551	0.012373606508746702
chr5	55024256	60844274	GZMK,GZMA,CDC20B,GPX8,MCIDAS,CCNO,DHX29,MTREX,PLPP1,SLC38A9,DDX4,IL31RA,IL6ST,ANKRD55,MAP3K1,SETD9,MIER3,GPBP1,ACTBL2,PLK2,GAPT,RAB3C,PDE4D,DEPDC1B,ELOVL7	0.009626104350035147	0.011043657323177278
chr5	55231152	62391025	CCNO,DHX29,MTREX,PLPP1,SLC38A9,DDX4,IL31RA,IL6ST,ANKRD55,MAP3K1,SETD9,MIER3,GPBP1,ACTBL2,PLK2,GAPT,RAB3C,PDE4D,DEPDC1B,ELOVL7,ERCC8,NDUFAF2,SMIM15,ZSWIM6,KIF2A	0.010957350591996864	0.015386718700183264
chr5	55738017	63962507	DDX4,IL31RA,IL6ST,ANKRD55,MAP3K1,SETD9,MIER3,GPBP1,ACTBL2,PLK2,GAPT,RAB3C,PDE4D,DEPDC1B,ELOVL7,ERCC8,NDUFAF2,SMIM15,ZSWIM6,KIF2A,ENSG00000288643,DIMT1,IPO11,LRRC70,HTR1A	0.008995056831697492	0.011236568464924764
chr5	56909260	65102412	SETD9,MIER3,GPBP1,ACTBL2,PLK2,GAPT,RAB3C,PDE4D,DEPDC1B,ELOVL7,ERCC8,NDUFAF2,SMIM15,ZSWIM6,KIF2A,ENSG00000288643,DIMT1,IPO11,LRRC70,HTR1A,RNF180,RGS7BP,SHISAL2B,SREK1IP1,CWC27	0.010447203891015416	0.009712486081298153
chr5	58491435	65666233	GAPT,RAB3C,PDE4D,DEPDC1B,ELOVL7,ERCC8,NDUFAF2,SMIM15,ZSWIM6,KIF2A,ENSG00000288643,DIMT1,IPO11,LRRC70,HTR1A,RNF180,RGS7BP,SHISAL2B,SREK1IP1,CWC27,ADAMTS6,CENPK,PPWD1,TRIM23,TRAPPC13	0.013865068644096649	0.011860324657487266
chr5	60866454	66183615	ERCC8,NDUFAF2,SMIM15,ZSWIM6,KIF2A,ENSG00000288643,DIMT1,IPO11,LRRC70,HTR1A,RNF180,RGS7BP,SHISAL2B,SREK1IP1,CWC27,ADAMTS6,CENPK,PPWD1,TRIM23,TRAPPC13,SHLD3,SGTB,NLN,ERBIN,SREK1	0.01850663267469791	0.015564922709571433
chr5	62306206	69178245	ENSG00000288643,DIMT1,IPO11,LRRC70,HTR1A,RNF180,RGS7BP,SHISAL2B,SREK1IP1,CWC27,ADAMTS6,CENPK,PPWD1,TRIM23,TRAPPC13,SHLD3,SGTB,NLN,ERBIN,SREK1,MAST4,CD180,PIK3R1,SLC30A5,CCNB1	0.023559766725355653	0.01763111472024208
chr5	64165843	69370013	RNF180,RGS7BP,SHISAL2B,SREK1IP1,CWC27,ADAMTS6,CENPK,PPWD1,TRIM23,TRAPPC13,SHLD3,SGTB,NLN,ERBIN,SREK1,MAST4,CD180,PIK3R1,SLC30A5,CCNB1,CENPH,MRPS36,CDK7,CCDC125,AK6	0.02504546442454669	0.01702572971621752
chr5	65148738	69595221	ADAMTS6,CENPK,PPWD1,TRIM23,TRAPPC13,SHLD3,SGTB,NLN,ERBIN,SREK1,MAST4,CD180,PIK3R1,SLC30A5,CCNB1,CENPH,MRPS36,CDK7,CCDC125,AK6,TAF9,RAD17,MARVELD2,OCLN,GTF2H2C	0.017513698350589364	0.013548916478934853
chr5	65625027	71025339	SHLD3,SGTB,NLN,ERBIN,SREK1,MAST4,CD180,PIK3R1,SLC30A5,CCNB1,CENPH,MRPS36,CDK7,CCDC125,AK6,TAF9,RAD17,MARVELD2,OCLN,GTF2H2C,SERF1B,SMN2,SERF1A,SMN1,NAIP	0.007692150712660016	0.011383950839008419
chr5	66596380	72209565	MAST4,CD180,PIK3R1,SLC30A5,CCNB1,CENPH,MRPS36,CDK7,CCDC125,AK6,TAF9,RAD17,MARVELD2,OCLN,GTF2H2C,SERF1B,SMN2,SERF1A,SMN1,NAIP,GTF2H2,BDP1,MCCC2,CARTPT,MAP1B	0.005851300142689199	0.01338106088942971
chr5	69189574	73090522	CENPH,MRPS36,CDK7,CCDC125,AK6,TAF9,RAD17,MARVELD2,OCLN,GTF2H2C,SERF1B,SMN2,SERF1A,SMN1,NAIP,GTF2H2,BDP1,MCCC2,CARTPT,MAP1B,MRPS27,PTCD2,ZNF366,TNPO1,FCHO2	0.002340996763507233	0.011357238813252202
chr5	69362026	73565667	TAF9,RAD17,MARVELD2,OCLN,GTF2H2C,SERF1B,SMN2,SERF1A,SMN1,NAIP,GTF2H2,BDP1,MCCC2,CARTPT,MAP1B,MRPS27,PTCD2,ZNF366,TNPO1,FCHO2,TMEM171,TMEM174,FOXD1,BTF3,ANKRA2	-0.006123172217964918	0.011766992505957051
chr5	70025251	74767147	SERF1B,SMN2,SERF1A,SMN1,NAIP,GTF2H2,BDP1,MCCC2,CARTPT,MAP1B,MRPS27,PTCD2,ZNF366,TNPO1,FCHO2,TMEM171,TMEM174,FOXD1,BTF3,ANKRA2,UTP15,ARHGEF28,ENC1,HEXB,GFM2	-0.003711352425865321	0.009437372582282739
chr5	71035016	75364001	GTF2H2,BDP1,MCCC2,CARTPT,MAP1B,MRPS27,PTCD2,ZNF366,TNPO1,FCHO2,TMEM171,TMEM174,FOXD1,BTF3,ANKRA2,UTP15,ARHGEF28,ENC1,HEXB,GFM2,NSA2,FAM169A,GCNT4,ANKRD31,HMGCR	0.006705406395287133	0.003893397085023824
chr5	72214953	76353939	MRPS27,PTCD2,ZNF366,TNPO1,FCHO2,TMEM171,TMEM174,FOXD1,BTF3,ANKRA2,UTP15,ARHGEF28,ENC1,HEXB,GFM2,NSA2,FAM169A,GCNT4,ANKRD31,HMGCR,CERT1,POLK,ANKDD1B,POC5,SV2C	0.029351423229506034	0.007738868986614176
chr5	73120569	76921650	TMEM171,TMEM174,FOXD1,BTF3,ANKRA2,UTP15,ARHGEF28,ENC1,HEXB,GFM2,NSA2,FAM169A,GCNT4,ANKRD31,HMGCR,CERT1,POLK,ANKDD1B,POC5,SV2C,IQGAP2,F2RL2,F2R,F2RL1,S100Z	0.015137256329410011	0.005639261575672454
chr5	73565443	77427124	UTP15,ARHGEF28,ENC1,HEXB,GFM2,NSA2,FAM169A,GCNT4,ANKRD31,HMGCR,CERT1,POLK,ANKDD1B,POC5,SV2C,IQGAP2,F2RL2,F2R,F2RL1,S100Z,CRHBP,AGGF1,ENSG00000285000,ZBED3,ENSG00000284762	0.009116319376421265	0.007105338891528563
chr5	74766991	78294762	NSA2,FAM169A,GCNT4,ANKRD31,HMGCR,CERT1,POLK,ANKDD1B,POC5,SV2C,IQGAP2,F2RL2,F2R,F2RL1,S100Z,CRHBP,AGGF1,ENSG00000285000,ZBED3,ENSG00000284762,PDE8B,WDR41,OTP,TBCA,AP3B1	0.007729356079997153	0.01039708997834769
chr5	75356345	79236038	CERT1,POLK,ANKDD1B,POC5,SV2C,IQGAP2,F2RL2,F2R,F2RL1,S100Z,CRHBP,AGGF1,ENSG00000285000,ZBED3,ENSG00000284762,PDE8B,WDR41,OTP,TBCA,AP3B1,SCAMP1,LHFPL2,ARSB,DMGDH,BHMT2	0.005930215254410338	0.007945496562681661
chr5	76403285	79800240	IQGAP2,F2RL2,F2R,F2RL1,S100Z,CRHBP,AGGF1,ENSG00000285000,ZBED3,ENSG00000284762,PDE8B,WDR41,OTP,TBCA,AP3B1,SCAMP1,LHFPL2,ARSB,DMGDH,BHMT2,BHMT,JMY,HOMER1,TENT2,CMYA5	0.002807196185011974	0.007763788093526366
chr5	76953045	80483379	CRHBP,AGGF1,ENSG00000285000,ZBED3,ENSG00000284762,PDE8B,WDR41,OTP,TBCA,AP3B1,SCAMP1,LHFPL2,ARSB,DMGDH,BHMT2,BHMT,JMY,HOMER1,TENT2,CMYA5,MTX3,THBS4,SERINC5,SPZ1,ZFYVE16	0.007291266024799609	0.010587450538935339
chr5	77210449	81230162	PDE8B,WDR41,OTP,TBCA,AP3B1,SCAMP1,LHFPL2,ARSB,DMGDH,BHMT2,BHMT,JMY,HOMER1,TENT2,CMYA5,MTX3,THBS4,SERINC5,SPZ1,ZFYVE16,FAM151B,ANKRD34B,DHFR,MSH3,RASGRF2	0.01030550864108265	0.011639784888727234
chr5	78360611	82276857	SCAMP1,LHFPL2,ARSB,DMGDH,BHMT2,BHMT,JMY,HOMER1,TENT2,CMYA5,MTX3,THBS4,SERINC5,SPZ1,ZFYVE16,FAM151B,ANKRD34B,DHFR,MSH3,RASGRF2,CKMT2,ZCCHC9,ACOT12,SSBP2,ATG10	0.01151644348462154	0.011822006280441342
chr5	79111809	83720855	BHMT,JMY,HOMER1,TENT2,CMYA5,MTX3,THBS4,SERINC5,SPZ1,ZFYVE16,FAM151B,ANKRD34B,DHFR,MSH3,RASGRF2,CKMT2,ZCCHC9,ACOT12,SSBP2,ATG10,RPS23,TMEM167A,XRCC4,VCAN,HAPLN1	0.010954102672635212	0.01059083344024748
chr5	79976716	88269476	MTX3,THBS4,SERINC5,SPZ1,ZFYVE16,FAM151B,ANKRD34B,DHFR,MSH3,RASGRF2,CKMT2,ZCCHC9,ACOT12,SSBP2,ATG10,RPS23,TMEM167A,XRCC4,VCAN,HAPLN1,EDIL3,COX7C,RASA1,CCNH,TMEM161B	0.013301000098670955	0.0055460367410303316
chr5	80487969	90529584	FAM151B,ANKRD34B,DHFR,MSH3,RASGRF2,CKMT2,ZCCHC9,ACOT12,SSBP2,ATG10,RPS23,TMEM167A,XRCC4,VCAN,HAPLN1,EDIL3,COX7C,RASA1,CCNH,TMEM161B,MEF2C,CETN3,MBLAC2,POLR3G,LYSMD3	0.02979202277433198	0.006987995921393977
chr5	81233320	94111699	CKMT2,ZCCHC9,ACOT12,SSBP2,ATG10,RPS23,TMEM167A,XRCC4,VCAN,HAPLN1,EDIL3,COX7C,RASA1,CCNH,TMEM161B,MEF2C,CETN3,MBLAC2,POLR3G,LYSMD3,ADGRV1,ARRDC3,NR2F1,FAM172A,POU5F2	0.041277454003327066	0.007100210678669478
chr5	82273320	95605102	RPS23,TMEM167A,XRCC4,VCAN,HAPLN1,EDIL3,COX7C,RASA1,CCNH,TMEM161B,MEF2C,CETN3,MBLAC2,POLR3G,LYSMD3,ADGRV1,ARRDC3,NR2F1,FAM172A,POU5F2,KIAA0825,SLF1,MCTP1,FAM81B,ARSK	0.048238456117799554	0.009470052102479734
chr5	83940554	95824383	EDIL3,COX7C,RASA1,CCNH,TMEM161B,MEF2C,CETN3,MBLAC2,POLR3G,LYSMD3,ADGRV1,ARRDC3,NR2F1,FAM172A,POU5F2,KIAA0825,SLF1,MCTP1,FAM81B,ARSK,GPR150,RFESD,SPATA9,RHOBTB3,GLRX	0.049356201709605266	0.007423642098210952
chr5	88717117	96919703	MEF2C,CETN3,MBLAC2,POLR3G,LYSMD3,ADGRV1,ARRDC3,NR2F1,FAM172A,POU5F2,KIAA0825,SLF1,MCTP1,FAM81B,ARSK,GPR150,RFESD,SPATA9,RHOBTB3,GLRX,ELL2,PCSK1,CAST,ERAP1,ERAP2	0.03745136684991037	0.010572967657170886
chr5	90529344	98929007	ADGRV1,ARRDC3,NR2F1,FAM172A,POU5F2,KIAA0825,SLF1,MCTP1,FAM81B,ARSK,GPR150,RFESD,SPATA9,RHOBTB3,GLRX,ELL2,PCSK1,CAST,ERAP1,ERAP2,LNPEP,LIX1,RIOK2,RGMB,CHD1	0.021949078518930933	0.014360050947264964
chr5	94150851	103029730	KIAA0825,SLF1,MCTP1,FAM81B,ARSK,GPR150,RFESD,SPATA9,RHOBTB3,GLRX,ELL2,PCSK1,CAST,ERAP1,ERAP2,LNPEP,LIX1,RIOK2,RGMB,CHD1,FAM174A,ST8SIA4,SLCO4C1,SLCO6A1,PAM	0.016206974340062887	0.01342861065538702
chr5	95620087	107670937	GPR150,RFESD,SPATA9,RHOBTB3,GLRX,ELL2,PCSK1,CAST,ERAP1,ERAP2,LNPEP,LIX1,RIOK2,RGMB,CHD1,FAM174A,ST8SIA4,SLCO4C1,SLCO6A1,PAM,GIN1,PPIP5K2,MACIR,NUDT12,EFNA5	0.023588758142381372	0.017311277002745883
chr5	95885098	110738956	ELL2,PCSK1,CAST,ERAP1,ERAP2,LNPEP,LIX1,RIOK2,RGMB,CHD1,FAM174A,ST8SIA4,SLCO4C1,SLCO6A1,PAM,GIN1,PPIP5K2,MACIR,NUDT12,EFNA5,FBXL17,FER,PJA2,MAN2A1,TMEM232	0.023190033147137818	0.01675298463468574
chr5	96935394	111512590	LNPEP,LIX1,RIOK2,RGMB,CHD1,FAM174A,ST8SIA4,SLCO4C1,SLCO6A1,PAM,GIN1,PPIP5K2,MACIR,NUDT12,EFNA5,FBXL17,FER,PJA2,MAN2A1,TMEM232,SLC25A46,TSLP,WDR36,CAMK4,STARD4	0.011078825796783731	0.012912468849063774
chr5	100535374	112898371	FAM174A,ST8SIA4,SLCO4C1,SLCO6A1,PAM,GIN1,PPIP5K2,MACIR,NUDT12,EFNA5,FBXL17,FER,PJA2,MAN2A1,TMEM232,SLC25A46,TSLP,WDR36,CAMK4,STARD4,NREP,EPB41L4A,APC,ENSG00000258864,SRP19	-0.016432274070169846	0.006489074701599714
chr5	103086000	113595285	GIN1,PPIP5K2,MACIR,NUDT12,EFNA5,FBXL17,FER,PJA2,MAN2A1,TMEM232,SLC25A46,TSLP,WDR36,CAMK4,STARD4,NREP,EPB41L4A,APC,ENSG00000258864,SRP19,REEP5,DCP2,MCC,TSSK1B,YTHDC2	-0.019985545753253616	0.007866237323049466
chr5	107859035	115544775	FBXL17,FER,PJA2,MAN2A1,TMEM232,SLC25A46,TSLP,WDR36,CAMK4,STARD4,NREP,EPB41L4A,APC,ENSG00000258864,SRP19,REEP5,DCP2,MCC,TSSK1B,YTHDC2,KCNN2,TRIM36,PGGT1B,CCDC112,FEM1C	-0.011544092913029656	0.006774225043328526
chr5	110738136	115841837	SLC25A46,TSLP,WDR36,CAMK4,STARD4,NREP,EPB41L4A,APC,ENSG00000258864,SRP19,REEP5,DCP2,MCC,TSSK1B,YTHDC2,KCNN2,TRIM36,PGGT1B,CCDC112,FEM1C,TICAM2,TMED7-TICAM2,TMED7,CDO1,ATG12	0.007238248285067856	0.00893243353432008
chr5	111662621	116574823	NREP,EPB41L4A,APC,ENSG00000258864,SRP19,REEP5,DCP2,MCC,TSSK1B,YTHDC2,KCNN2,TRIM36,PGGT1B,CCDC112,FEM1C,TICAM2,TMED7-TICAM2,TMED7,CDO1,ATG12,AP3S1,LVRN,ARL14EPL,COMMD10,SEMA6A	0.01994536047579468	0.010521178891233916
chr5	112876385	119637199	REEP5,DCP2,MCC,TSSK1B,YTHDC2,KCNN2,TRIM36,PGGT1B,CCDC112,FEM1C,TICAM2,TMED7-TICAM2,TMED7,CDO1,ATG12,AP3S1,LVRN,ARL14EPL,COMMD10,SEMA6A,DTWD2,DMXL1,TNFAIP8,HSD17B4,FAM170A	0.022999047814314576	0.013138491438297104
chr5	114055926	122182658	KCNN2,TRIM36,PGGT1B,CCDC112,FEM1C,TICAM2,TMED7-TICAM2,TMED7,CDO1,ATG12,AP3S1,LVRN,ARL14EPL,COMMD10,SEMA6A,DTWD2,DMXL1,TNFAIP8,HSD17B4,FAM170A,PRR16,FTMT,SRFBP1,LOX,ZNF474	0.020974219975898812	0.015822271374280418
chr5	115578496	123036725	TICAM2,TMED7-TICAM2,TMED7,CDO1,ATG12,AP3S1,LVRN,ARL14EPL,COMMD10,SEMA6A,DTWD2,DMXL1,TNFAIP8,HSD17B4,FAM170A,PRR16,FTMT,SRFBP1,LOX,ZNF474,ENSG00000250803,SNCAIP,SNX2,SNX24,PPIC	0.016634142008881848	0.01312537293888563
chr5	115841592	126496494	AP3S1,LVRN,ARL14EPL,COMMD10,SEMA6A,DTWD2,DMXL1,TNFAIP8,HSD17B4,FAM170A,PRR16,FTMT,SRFBP1,LOX,ZNF474,ENSG00000250803,SNCAIP,SNX2,SNX24,PPIC,PRDM6,CEP120,CSNK1G3,ZNF608,GRAMD2B	0.014635332117253784	0.012599995439817949
chr5	118836074	127030558	DTWD2,DMXL1,TNFAIP8,HSD17B4,FAM170A,PRR16,FTMT,SRFBP1,LOX,ZNF474,ENSG00000250803,SNCAIP,SNX2,SNX24,PPIC,PRDM6,CEP120,CSNK1G3,ZNF608,GRAMD2B,ALDH7A1,PHAX,TEX43,LMNB1,MARCHF3	0.020173299385712815	0.017697178810771475
chr5	120464300	127941507	PRR16,FTMT,SRFBP1,LOX,ZNF474,ENSG00000250803,SNCAIP,SNX2,SNX24,PPIC,PRDM6,CEP120,CSNK1G3,ZNF608,GRAMD2B,ALDH7A1,PHAX,TEX43,LMNB1,MARCHF3,C5orf63,MEGF10,PRRC1,CTXN3,CCDC192	0.026503338277311005	0.01784511289176183
chr5	122129622	129738683	ENSG00000250803,SNCAIP,SNX2,SNX24,PPIC,PRDM6,CEP120,CSNK1G3,ZNF608,GRAMD2B,ALDH7A1,PHAX,TEX43,LMNB1,MARCHF3,C5orf63,MEGF10,PRRC1,CTXN3,CCDC192,SLC12A2,FBN2,SLC27A6,ISOC1,ADAMTS19	0.026326000035782126	0.017977139606342115
chr5	123089241	131398447	PRDM6,CEP120,CSNK1G3,ZNF608,GRAMD2B,ALDH7A1,PHAX,TEX43,LMNB1,MARCHF3,C5orf63,MEGF10,PRRC1,CTXN3,CCDC192,SLC12A2,FBN2,SLC27A6,ISOC1,ADAMTS19,MINAR2,CHSY3,HINT1,LYRM7,CDC42SE2	0.015152355867709428	0.011399605697500986
chr5	126531200	132011637	ALDH7A1,PHAX,TEX43,LMNB1,MARCHF3,C5orf63,MEGF10,PRRC1,CTXN3,CCDC192,SLC12A2,FBN2,SLC27A6,ISOC1,ADAMTS19,MINAR2,CHSY3,HINT1,LYRM7,CDC42SE2,RAPGEF6,ENSG00000273217,FNIP1,MEIKIN,ENSG00000281938	0.0056316528934220594	0.004893225434302653
chr5	127045235	132295315	C5orf63,MEGF10,PRRC1,CTXN3,CCDC192,SLC12A2,FBN2,SLC27A6,ISOC1,ADAMTS19,MINAR2,CHSY3,HINT1,LYRM7,CDC42SE2,RAPGEF6,ENSG00000273217,FNIP1,MEIKIN,ENSG00000281938,ACSL6,IL3,CSF2,P4HA2,PDLIM4	-0.004693267692217995	-0.0003268801641335573
chr5	128083766	132646079	SLC12A2,FBN2,SLC27A6,ISOC1,ADAMTS19,MINAR2,CHSY3,HINT1,LYRM7,CDC42SE2,RAPGEF6,ENSG00000273217,FNIP1,MEIKIN,ENSG00000281938,ACSL6,IL3,CSF2,P4HA2,PDLIM4,SLC22A4,SLC22A5,ENSG00000283782,IRF1,IL5	0.005548150740452844	0.00710059748049947
chr5	129748094	132754403	MINAR2,CHSY3,HINT1,LYRM7,CDC42SE2,RAPGEF6,ENSG00000273217,FNIP1,MEIKIN,ENSG00000281938,ACSL6,IL3,CSF2,P4HA2,PDLIM4,SLC22A4,SLC22A5,ENSG00000283782,IRF1,IL5,RAD50,IL13,IL4,KIF3A,CCNI2	0.004185495096203773	0.0039991116325840395
chr5	131423921	132868847	RAPGEF6,ENSG00000273217,FNIP1,MEIKIN,ENSG00000281938,ACSL6,IL3,CSF2,P4HA2,PDLIM4,SLC22A4,SLC22A5,ENSG00000283782,IRF1,IL5,RAD50,IL13,IL4,KIF3A,CCNI2,SEPTIN8,SOWAHA,SHROOM1,GDF9,UQCRQ	0.0038426493484110236	0.004592471319235016
chr5	131949973	133612541	ACSL6,IL3,CSF2,P4HA2,PDLIM4,SLC22A4,SLC22A5,ENSG00000283782,IRF1,IL5,RAD50,IL13,IL4,KIF3A,CCNI2,SEPTIN8,SOWAHA,SHROOM1,GDF9,UQCRQ,LEAP2,AFF4,ZCCHC10,HSPA4,FSTL4	0.006215739273610627	0.008444536795636828
chr5	132294394	134225861	SLC22A4,SLC22A5,ENSG00000283782,IRF1,IL5,RAD50,IL13,IL4,KIF3A,CCNI2,SEPTIN8,SOWAHA,SHROOM1,GDF9,UQCRQ,LEAP2,AFF4,ZCCHC10,HSPA4,FSTL4,C5orf15,VDAC1,TCF7,SKP1,ENSG00000272772	0.003735936422867979	0.0025156561876617427
chr5	132556019	134411881	RAD50,IL13,IL4,KIF3A,CCNI2,SEPTIN8,SOWAHA,SHROOM1,GDF9,UQCRQ,LEAP2,AFF4,ZCCHC10,HSPA4,FSTL4,C5orf15,VDAC1,TCF7,SKP1,ENSG00000272772,PPP2CA,ENSG00000273345,CDKL3,UBE2B,CDKN2AIPNL	0.011024524909286017	0.0046201874636987855
chr5	132750819	134855133	SEPTIN8,SOWAHA,SHROOM1,GDF9,UQCRQ,LEAP2,AFF4,ZCCHC10,HSPA4,FSTL4,C5orf15,VDAC1,TCF7,SKP1,ENSG00000272772,PPP2CA,ENSG00000273345,CDKL3,UBE2B,CDKN2AIPNL,JADE2,SAR1B,SEC24A,CAMLG,DDX46	0.00673065490379168	0.0037257535496775813
chr5	132873444	135034813	LEAP2,AFF4,ZCCHC10,HSPA4,FSTL4,C5orf15,VDAC1,TCF7,SKP1,ENSG00000272772,PPP2CA,ENSG00000273345,CDKL3,UBE2B,CDKN2AIPNL,JADE2,SAR1B,SEC24A,CAMLG,DDX46,C5orf24,TXNDC15,PCBD2,CATSPER3,PITX1	0.002969152512521704	0.004354645547733983
chr5	133955510	135889770	C5orf15,VDAC1,TCF7,SKP1,ENSG00000272772,PPP2CA,ENSG00000273345,CDKL3,UBE2B,CDKN2AIPNL,JADE2,SAR1B,SEC24A,CAMLG,DDX46,C5orf24,TXNDC15,PCBD2,CATSPER3,PITX1,MACROH2A1,DCANP1,TIFAB,SLC25A48,NEUROG1	0.005493584141019898	0.0059748303011848535
chr5	134194035	136188747	PPP2CA,ENSG00000273345,CDKL3,UBE2B,CDKN2AIPNL,JADE2,SAR1B,SEC24A,CAMLG,DDX46,C5orf24,TXNDC15,PCBD2,CATSPER3,PITX1,MACROH2A1,DCANP1,TIFAB,SLC25A48,NEUROG1,CXCL14,IL9,LECT2,TGFBI,SMAD5	0.00713283301456608	0.005004855546033286
chr5	134524312	137754363	JADE2,SAR1B,SEC24A,CAMLG,DDX46,C5orf24,TXNDC15,PCBD2,CATSPER3,PITX1,MACROH2A1,DCANP1,TIFAB,SLC25A48,NEUROG1,CXCL14,IL9,LECT2,TGFBI,SMAD5,SMIM32,TRPC7,SPOCK1,KLHL3,HNRNPA0	0.010420005091485787	0.00826577183341043
chr5	134845680	138139443	C5orf24,TXNDC15,PCBD2,CATSPER3,PITX1,MACROH2A1,DCANP1,TIFAB,SLC25A48,NEUROG1,CXCL14,IL9,LECT2,TGFBI,SMAD5,SMIM32,TRPC7,SPOCK1,KLHL3,HNRNPA0,MYOT,PKD2L2,FAM13B,WNT8A,NME5	0.010049933491148065	0.008052246446527137
chr5	135334381	138338355	MACROH2A1,DCANP1,TIFAB,SLC25A48,NEUROG1,CXCL14,IL9,LECT2,TGFBI,SMAD5,SMIM32,TRPC7,SPOCK1,KLHL3,HNRNPA0,MYOT,PKD2L2,FAM13B,WNT8A,NME5,BRD8,KIF20A,CDC23,GFRA3,CDC25C	0.013699186801431089	0.010475976795875891
chr5	135570679	138543236	CXCL14,IL9,LECT2,TGFBI,SMAD5,SMIM32,TRPC7,SPOCK1,KLHL3,HNRNPA0,MYOT,PKD2L2,FAM13B,WNT8A,NME5,BRD8,KIF20A,CDC23,GFRA3,CDC25C,FAM53C,KDM3B,REEP2,EGR1,ETF1	0.012890757734363165	0.010796885988968132
chr5	136191468	139331671	SMIM32,TRPC7,SPOCK1,KLHL3,HNRNPA0,MYOT,PKD2L2,FAM13B,WNT8A,NME5,BRD8,KIF20A,CDC23,GFRA3,CDC25C,FAM53C,KDM3B,REEP2,EGR1,ETF1,HSPA9,CTNNA1,LRRTM2,SIL1,MATR3	0.018281603830711757	0.014260902770260594
chr5	137867858	139404089	MYOT,PKD2L2,FAM13B,WNT8A,NME5,BRD8,KIF20A,CDC23,GFRA3,CDC25C,FAM53C,KDM3B,REEP2,EGR1,ETF1,HSPA9,CTNNA1,LRRTM2,SIL1,MATR3,PAIP2,SLC23A1,MZB1,PROB1,SPATA24	0.02698235831700897	0.014925452989948504
chr5	138139770	139482935	BRD8,KIF20A,CDC23,GFRA3,CDC25C,FAM53C,KDM3B,REEP2,EGR1,ETF1,HSPA9,CTNNA1,LRRTM2,SIL1,MATR3,PAIP2,SLC23A1,MZB1,PROB1,SPATA24,DNAJC18,ENSG00000279686,ECSCR,SMIM33,STING1	0.021830052159554914	0.01238557978820293
chr5	138331935	140125619	FAM53C,KDM3B,REEP2,EGR1,ETF1,HSPA9,CTNNA1,LRRTM2,SIL1,MATR3,PAIP2,SLC23A1,MZB1,PROB1,SPATA24,DNAJC18,ENSG00000279686,ECSCR,SMIM33,STING1,UBE2D2,CXXC5,PSD2,NRG2,PURA	0.015456941869675826	0.0099058860304243
chr5	138553756	140375141	HSPA9,CTNNA1,LRRTM2,SIL1,MATR3,PAIP2,SLC23A1,MZB1,PROB1,SPATA24,DNAJC18,ENSG00000279686,ECSCR,SMIM33,STING1,UBE2D2,CXXC5,PSD2,NRG2,PURA,IGIP,CYSTM1,PFDN1,HBEGF,SLC4A9	0.01373645154033485	0.008887333688061638
chr5	139341587	140564781	PAIP2,SLC23A1,MZB1,PROB1,SPATA24,DNAJC18,ENSG00000279686,ECSCR,SMIM33,STING1,UBE2D2,CXXC5,PSD2,NRG2,PURA,IGIP,CYSTM1,PFDN1,HBEGF,SLC4A9,ANKHD1,ANKHD1-EIF4EBP3,SRA1,EIF4EBP3,APBB3	0.019383797867509947	0.011287214565375535
chr5	139408588	140662480	DNAJC18,ENSG00000279686,ECSCR,SMIM33,STING1,UBE2D2,CXXC5,PSD2,NRG2,PURA,IGIP,CYSTM1,PFDN1,HBEGF,SLC4A9,ANKHD1,ANKHD1-EIF4EBP3,SRA1,EIF4EBP3,APBB3,SLC35A4,CD14,NDUFA2,TMCO6,IK	0.017264700620841993	0.01360494272395539
chr5	139526431	140706686	UBE2D2,CXXC5,PSD2,NRG2,PURA,IGIP,CYSTM1,PFDN1,HBEGF,SLC4A9,ANKHD1,ANKHD1-EIF4EBP3,SRA1,EIF4EBP3,APBB3,SLC35A4,CD14,NDUFA2,TMCO6,IK,WDR55,DND1,HARS1,HARS2,ZMAT2	0.012383234071563394	0.011725641930200988
chr5	140125937	141012347	IGIP,CYSTM1,PFDN1,HBEGF,SLC4A9,ANKHD1,ANKHD1-EIF4EBP3,SRA1,EIF4EBP3,APBB3,SLC35A4,CD14,NDUFA2,TMCO6,IK,WDR55,DND1,HARS1,HARS2,ZMAT2,PCDHA1,PCDHA2,PCDHA3,PCDHA4,PCDHA5	0.00782167978440388	0.008225696651379663
chr5	140401814	141012347	ANKHD1,ANKHD1-EIF4EBP3,SRA1,EIF4EBP3,APBB3,SLC35A4,CD14,NDUFA2,TMCO6,IK,WDR55,DND1,HARS1,HARS2,ZMAT2,PCDHA1,PCDHA2,PCDHA3,PCDHA4,PCDHA5,PCDHA6,PCDHA7,PCDHA8,PCDHA9,PCDHA10	0.009905686733025987	0.01141227057649783
chr5	140564446	141012347	SLC35A4,CD14,NDUFA2,TMCO6,IK,WDR55,DND1,HARS1,HARS2,ZMAT2,PCDHA1,PCDHA2,PCDHA3,PCDHA4,PCDHA5,PCDHA6,PCDHA7,PCDHA8,PCDHA9,PCDHA10,PCDHA11,PCDHA12,PCDHA13,PCDHAC1,PCDHAC2	0.008476064406360327	0.010947588319656313
chr5	140664868	141138615	WDR55,DND1,HARS1,HARS2,ZMAT2,PCDHA1,PCDHA2,PCDHA3,PCDHA4,PCDHA5,PCDHA6,PCDHA7,PCDHA8,PCDHA9,PCDHA10,PCDHA11,PCDHA12,PCDHA13,PCDHAC1,PCDHAC2,PCDHB1,PCDHB2,PCDHB3,PCDHB4,PCDHB5	0.007756221859527902	0.007018877945842787
chr5	140786136	141191541	PCDHA1,PCDHA2,PCDHA3,PCDHA4,PCDHA5,PCDHA6,PCDHA7,PCDHA8,PCDHA9,PCDHA10,PCDHA11,PCDHA12,PCDHA13,PCDHAC1,PCDHAC2,PCDHB1,PCDHB2,PCDHB3,PCDHB4,PCDHB5,PCDHB6,PCDHB7,PCDHB8,PCDHB16,PCDHB9	0.009146305000550673	0.007937210352171388
chr5	140827958	141227759	PCDHA6,PCDHA7,PCDHA8,PCDHA9,PCDHA10,PCDHA11,PCDHA12,PCDHA13,PCDHAC1,PCDHAC2,PCDHB1,PCDHB2,PCDHB3,PCDHB4,PCDHB5,PCDHB6,PCDHB7,PCDHB8,PCDHB16,PCDHB9,PCDHB10,PCDHB11,PCDHB12,PCDHB13,PCDHB14	0.008842620982988833	0.009646621611873936
chr5	140868183	141512975	PCDHA11,PCDHA12,PCDHA13,PCDHAC1,PCDHAC2,PCDHB1,PCDHB2,PCDHB3,PCDHB4,PCDHB5,PCDHB6,PCDHB7,PCDHB8,PCDHB16,PCDHB9,PCDHB10,PCDHB11,PCDHB12,PCDHB13,PCDHB14,ENSG00000279983,PCDHB15,TAF7,SLC25A2,PCDHGA1	0.0049009506665165185	0.007292068103357767
chr5	141051374	141512975	PCDHB1,PCDHB2,PCDHB3,PCDHB4,PCDHB5,PCDHB6,PCDHB7,PCDHB8,PCDHB16,PCDHB9,PCDHB10,PCDHB11,PCDHB12,PCDHB13,PCDHB14,ENSG00000279983,PCDHB15,TAF7,SLC25A2,PCDHGA1,PCDHGA2,PCDHGA3,PCDHGB1,PCDHGA4,PCDHGB2	0.004978730272361628	0.008637685728619431
chr5	141150057	141512975	PCDHB6,PCDHB7,PCDHB8,PCDHB16,PCDHB9,PCDHB10,PCDHB11,PCDHB12,PCDHB13,PCDHB14,ENSG00000279983,PCDHB15,TAF7,SLC25A2,PCDHGA1,PCDHGA2,PCDHGA3,PCDHGB1,PCDHGA4,PCDHGB2,PCDHGA5,PCDHGB3,PCDHGA6,PCDHGA7,PCDHGB4	0.00658872721174386	0.01335878973444355
chr5	141192353	141512975	PCDHB10,PCDHB11,PCDHB12,PCDHB13,PCDHB14,ENSG00000279983,PCDHB15,TAF7,SLC25A2,PCDHGA1,PCDHGA2,PCDHGA3,PCDHGB1,PCDHGA4,PCDHGB2,PCDHGA5,PCDHGB3,PCDHGA6,PCDHGA7,PCDHGB4,PCDHGA8,PCDHGB5,PCDHGA9,PCDHGB6,PCDHGA10	0.003609510589051239	0.008345572045364773
chr5	141223372	141512977	ENSG00000279983,PCDHB15,TAF7,SLC25A2,PCDHGA1,PCDHGA2,PCDHGA3,PCDHGB1,PCDHGA4,PCDHGB2,PCDHGA5,PCDHGB3,PCDHGA6,PCDHGA7,PCDHGB4,PCDHGA8,PCDHGB5,PCDHGA9,PCDHGB6,PCDHGA10,PCDHGB7,PCDHGA11,PCDHGA12,PCDHGC3,PCDHGC4	0.0035384968442907657	0.006201993499319456
chr5	141338760	141651418	PCDHGA2,PCDHGA3,PCDHGB1,PCDHGA4,PCDHGB2,PCDHGA5,PCDHGB3,PCDHGA6,PCDHGA7,PCDHGB4,PCDHGA8,PCDHGB5,PCDHGA9,PCDHGB6,PCDHGA10,PCDHGB7,PCDHGA11,PCDHGA12,PCDHGC3,PCDHGC4,PCDHGC5,DIAPH1,HDAC3,RELL2,FCHSD1	0.00960993306972678	0.010174155142893609
chr5	141364162	141990292	PCDHGA5,PCDHGB3,PCDHGA6,PCDHGA7,PCDHGB4,PCDHGA8,PCDHGB5,PCDHGA9,PCDHGB6,PCDHGA10,PCDHGB7,PCDHGA11,PCDHGA12,PCDHGC3,PCDHGC4,PCDHGC5,DIAPH1,HDAC3,RELL2,FCHSD1,ARAP3,PCDH1,DELE1,PCDH12,RNF14	0.008892050402123009	0.009372889740773176
chr5	141390157	143229011	PCDHGA8,PCDHGB5,PCDHGA9,PCDHGB6,PCDHGA10,PCDHGB7,PCDHGA11,PCDHGA12,PCDHGC3,PCDHGC4,PCDHGC5,DIAPH1,HDAC3,RELL2,FCHSD1,ARAP3,PCDH1,DELE1,PCDH12,RNF14,GNPDA1,NDFIP1,SPRY4,FGF1,ARHGAP26	0.009513801002787786	0.011905972705085695
chr5	141417645	145835369	PCDHGB7,PCDHGA11,PCDHGA12,PCDHGC3,PCDHGC4,PCDHGC5,DIAPH1,HDAC3,RELL2,FCHSD1,ARAP3,PCDH1,DELE1,PCDH12,RNF14,GNPDA1,NDFIP1,SPRY4,FGF1,ARHGAP26,NR3C1,HMHB1,YIPF5,KCTD16,PRELID2	0.00761955488965546	0.010977963170500038
chr5	141489081	146339251	PCDHGC5,DIAPH1,HDAC3,RELL2,FCHSD1,ARAP3,PCDH1,DELE1,PCDH12,RNF14,GNPDA1,NDFIP1,SPRY4,FGF1,ARHGAP26,NR3C1,HMHB1,YIPF5,KCTD16,PRELID2,GRXCR2,SH3RF2,PLAC8L1,LARS1,ENSG00000275740	0.006564555743396685	0.009379351647493173
chr5	141653401	147084784	ARAP3,PCDH1,DELE1,PCDH12,RNF14,GNPDA1,NDFIP1,SPRY4,FGF1,ARHGAP26,NR3C1,HMHB1,YIPF5,KCTD16,PRELID2,GRXCR2,SH3RF2,PLAC8L1,LARS1,ENSG00000275740,RBM27,POU4F3,TCERG1,GPR151,PPP2R2B	0.010424082576600744	0.009793401171669758
chr5	141991749	147882191	GNPDA1,NDFIP1,SPRY4,FGF1,ARHGAP26,NR3C1,HMHB1,YIPF5,KCTD16,PRELID2,GRXCR2,SH3RF2,PLAC8L1,LARS1,ENSG00000275740,RBM27,POU4F3,TCERG1,GPR151,PPP2R2B,STK32A,DPYSL3,JAKMIP2,SPINK1,SCGB3A2	0.009070182459555211	0.01102998302561954
chr5	143277931	148243580	NR3C1,HMHB1,YIPF5,KCTD16,PRELID2,GRXCR2,SH3RF2,PLAC8L1,LARS1,ENSG00000275740,RBM27,POU4F3,TCERG1,GPR151,PPP2R2B,STK32A,DPYSL3,JAKMIP2,SPINK1,SCGB3A2,C5orf46,SPINK5,SPINK14,SPINK6,MARCOL	-0.0028859356265088626	0.007929926824305981
chr5	145858521	148677235	GRXCR2,SH3RF2,PLAC8L1,LARS1,ENSG00000275740,RBM27,POU4F3,TCERG1,GPR151,PPP2R2B,STK32A,DPYSL3,JAKMIP2,SPINK1,SCGB3A2,C5orf46,SPINK5,SPINK14,SPINK6,MARCOL,SPINK13,SPINK7,SPINK9,FBXO38,HTR4	-0.008974362070846354	0.006611574109504231
chr5	146203605	149354583	RBM27,POU4F3,TCERG1,GPR151,PPP2R2B,STK32A,DPYSL3,JAKMIP2,SPINK1,SCGB3A2,C5orf46,SPINK5,SPINK14,SPINK6,MARCOL,SPINK13,SPINK7,SPINK9,FBXO38,HTR4,ADRB2,SH3TC2,ABLIM3,AFAP1L1,GRPEL2	0.00417557059811325	0.006319094838229287
chr5	147234963	149855022	STK32A,DPYSL3,JAKMIP2,SPINK1,SCGB3A2,C5orf46,SPINK5,SPINK14,SPINK6,MARCOL,SPINK13,SPINK7,SPINK9,FBXO38,HTR4,ADRB2,SH3TC2,ABLIM3,AFAP1L1,GRPEL2,PCYOX1L,IL17B,CSNK1A1,ARHGEF37,PPARGC1B	0.0023727030093992746	0.0025009341203228994
chr5	147880726	150113372	C5orf46,SPINK5,SPINK14,SPINK6,MARCOL,SPINK13,SPINK7,SPINK9,FBXO38,HTR4,ADRB2,SH3TC2,ABLIM3,AFAP1L1,GRPEL2,PCYOX1L,IL17B,CSNK1A1,ARHGEF37,PPARGC1B,PDE6A,SLC26A2,TIGD6,HMGXB3,CSF1R	0.004160025161075481	0.004481267430183099
chr5	148268180	150339307	SPINK13,SPINK7,SPINK9,FBXO38,HTR4,ADRB2,SH3TC2,ABLIM3,AFAP1L1,GRPEL2,PCYOX1L,IL17B,CSNK1A1,ARHGEF37,PPARGC1B,PDE6A,SLC26A2,TIGD6,HMGXB3,CSF1R,PDGFRB,CDX1,SLC6A7,CAMK2A,ARSI	0.009057438507822162	0.010183942297474867
chr5	148826611	150659207	ADRB2,SH3TC2,ABLIM3,AFAP1L1,GRPEL2,PCYOX1L,IL17B,CSNK1A1,ARHGEF37,PPARGC1B,PDE6A,SLC26A2,TIGD6,HMGXB3,CSF1R,PDGFRB,CDX1,SLC6A7,CAMK2A,ARSI,TCOF1,CD74,RPS14,NDST1,SYNPO	0.00850032805142332	0.007058570008891038
chr5	149358037	150900736	PCYOX1L,IL17B,CSNK1A1,ARHGEF37,PPARGC1B,PDE6A,SLC26A2,TIGD6,HMGXB3,CSF1R,PDGFRB,CDX1,SLC6A7,CAMK2A,ARSI,TCOF1,CD74,RPS14,NDST1,SYNPO,MYOZ3,RBM22,DCTN4,SMIM3,IRGM	0.0036363423987018674	0.004001305603096614
chr5	149857953	151224093	PDE6A,SLC26A2,TIGD6,HMGXB3,CSF1R,PDGFRB,CDX1,SLC6A7,CAMK2A,ARSI,TCOF1,CD74,RPS14,NDST1,SYNPO,MYOZ3,RBM22,DCTN4,SMIM3,IRGM,ZNF300,GPX3,TNIP1,ANXA6,CCDC69	-0.0006365492414168091	0.004269369314039403
chr5	150113839	151591331	PDGFRB,CDX1,SLC6A7,CAMK2A,ARSI,TCOF1,CD74,RPS14,NDST1,SYNPO,MYOZ3,RBM22,DCTN4,SMIM3,IRGM,ZNF300,GPX3,TNIP1,ANXA6,CCDC69,GM2A,SLC36A3,SLC36A2,SLC36A1,FAT2	0.006120234656453536	0.011727535954087704
chr5	150357629	152433368	TCOF1,CD74,RPS14,NDST1,SYNPO,MYOZ3,RBM22,DCTN4,SMIM3,IRGM,ZNF300,GPX3,TNIP1,ANXA6,CCDC69,GM2A,SLC36A3,SLC36A2,SLC36A1,FAT2,SPARC,ATOX1,G3BP1,GLRA1,NMUR2	0.010854009808680957	0.010231065982054048
chr5	150660882	154461053	MYOZ3,RBM22,DCTN4,SMIM3,IRGM,ZNF300,GPX3,TNIP1,ANXA6,CCDC69,GM2A,SLC36A3,SLC36A2,SLC36A1,FAT2,SPARC,ATOX1,G3BP1,GLRA1,NMUR2,GRIA1,FAM114A2,MFAP3,GALNT10,SAP30L	0.008853341011239059	0.009160335623292918
chr5	150894392	154938211	ZNF300,GPX3,TNIP1,ANXA6,CCDC69,GM2A,SLC36A3,SLC36A2,SLC36A1,FAT2,SPARC,ATOX1,G3BP1,GLRA1,NMUR2,GRIA1,FAM114A2,MFAP3,GALNT10,SAP30L,HAND1,LARP1,FAXDC2,CNOT8,GEMIN5	0.004095548719887821	0.007378162638361828
chr5	151212150	156963226	GM2A,SLC36A3,SLC36A2,SLC36A1,FAT2,SPARC,ATOX1,G3BP1,GLRA1,NMUR2,GRIA1,FAM114A2,MFAP3,GALNT10,SAP30L,HAND1,LARP1,FAXDC2,CNOT8,GEMIN5,MRPL22,KIF4B,SGCD,PPP1R2B,TIMD4	0.004946036903227197	0.009116990538382113
chr5	151661096	157395595	SPARC,ATOX1,G3BP1,GLRA1,NMUR2,GRIA1,FAM114A2,MFAP3,GALNT10,SAP30L,HAND1,LARP1,FAXDC2,CNOT8,GEMIN5,MRPL22,KIF4B,SGCD,PPP1R2B,TIMD4,HAVCR1,HAVCR2,MED7,ITK,CYFIP2	0.011920337857414314	0.01403649200425947
chr5	153489615	157671480	GRIA1,FAM114A2,MFAP3,GALNT10,SAP30L,HAND1,LARP1,FAXDC2,CNOT8,GEMIN5,MRPL22,KIF4B,SGCD,PPP1R2B,TIMD4,HAVCR1,HAVCR2,MED7,ITK,CYFIP2,ENSG00000285868,FNDC9,ADAM19,NIPAL4,SOX30	0.008066323033129149	0.009592720008138907
chr5	154474972	159099916	HAND1,LARP1,FAXDC2,CNOT8,GEMIN5,MRPL22,KIF4B,SGCD,PPP1R2B,TIMD4,HAVCR1,HAVCR2,MED7,ITK,CYFIP2,ENSG00000285868,FNDC9,ADAM19,NIPAL4,SOX30,C5orf52,THG1L,LSM11,CLINT1,EBF1	0.006461424422090105	0.010214554246425664
chr5	154941073	160065543	MRPL22,KIF4B,SGCD,PPP1R2B,TIMD4,HAVCR1,HAVCR2,MED7,ITK,CYFIP2,ENSG00000285868,FNDC9,ADAM19,NIPAL4,SOX30,C5orf52,THG1L,LSM11,CLINT1,EBF1,RNF145,UBLCP1,IL12B,ADRA1B,TTC1	0.00611284926010156	0.007801279405402874
chr5	157026742	160421711	HAVCR1,HAVCR2,MED7,ITK,CYFIP2,ENSG00000285868,FNDC9,ADAM19,NIPAL4,SOX30,C5orf52,THG1L,LSM11,CLINT1,EBF1,RNF145,UBLCP1,IL12B,ADRA1B,TTC1,PWWP2A,FABP6,CCNJL,C1QTNF2,SLU7	0.014443680632291202	0.012504407831425732
chr5	157341596	161899981	ENSG00000285868,FNDC9,ADAM19,NIPAL4,SOX30,C5orf52,THG1L,LSM11,CLINT1,EBF1,RNF145,UBLCP1,IL12B,ADRA1B,TTC1,PWWP2A,FABP6,CCNJL,C1QTNF2,SLU7,PTTG1,ATP10B,GABRB2,GABRA6,GABRA1	0.021018034272270253	0.01581877563794551
chr5	157671533	163519558	C5orf52,THG1L,LSM11,CLINT1,EBF1,RNF145,UBLCP1,IL12B,ADRA1B,TTC1,PWWP2A,FABP6,CCNJL,C1QTNF2,SLU7,PTTG1,ATP10B,GABRB2,GABRA6,GABRA1,GABRG2,CCNG1,NUDCD2,HMMR,MAT2B	0.021613898259040476	0.016578660444482533
chr5	159157409	168579368	RNF145,UBLCP1,IL12B,ADRA1B,TTC1,PWWP2A,FABP6,CCNJL,C1QTNF2,SLU7,PTTG1,ATP10B,GABRB2,GABRA6,GABRA1,GABRG2,CCNG1,NUDCD2,HMMR,MAT2B,TENM2,WWC1,RARS1,FBLL1,PANK3	0.026209687190209573	0.018973084859772563
chr5	160061801	170109734	PWWP2A,FABP6,CCNJL,C1QTNF2,SLU7,PTTG1,ATP10B,GABRB2,GABRA6,GABRA1,GABRG2,CCNG1,NUDCD2,HMMR,MAT2B,TENM2,WWC1,RARS1,FBLL1,PANK3,SLIT3,SPDL1,DOCK2,INSYN2B,FOXI1	0.03305875735355957	0.020351217298061393
chr5	160421855	170814047	PTTG1,ATP10B,GABRB2,GABRA6,GABRA1,GABRG2,CCNG1,NUDCD2,HMMR,MAT2B,TENM2,WWC1,RARS1,FBLL1,PANK3,SLIT3,SPDL1,DOCK2,INSYN2B,FOXI1,C5orf58,LCP2,KCNIP1,KCNMB1,GABRP	0.028178313721719982	0.017730830606782787
chr5	162000057	171796126	GABRG2,CCNG1,NUDCD2,HMMR,MAT2B,TENM2,WWC1,RARS1,FBLL1,PANK3,SLIT3,SPDL1,DOCK2,INSYN2B,FOXI1,C5orf58,LCP2,KCNIP1,KCNMB1,GABRP,RANBP17,TLX3,NPM1,FGF18,SMIM23	0.013157558497124786	0.007941921417216365
chr5	166979029	172454525	TENM2,WWC1,RARS1,FBLL1,PANK3,SLIT3,SPDL1,DOCK2,INSYN2B,FOXI1,C5orf58,LCP2,KCNIP1,KCNMB1,GABRP,RANBP17,TLX3,NPM1,FGF18,SMIM23,FBXW11,STK10,EFCAB9,UBTD2,SH3PXD2B	0.0062055917935010686	0.0032644873669164256
chr5	168661740	173035445	SLIT3,SPDL1,DOCK2,INSYN2B,FOXI1,C5orf58,LCP2,KCNIP1,KCNMB1,GABRP,RANBP17,TLX3,NPM1,FGF18,SMIM23,FBXW11,STK10,EFCAB9,UBTD2,SH3PXD2B,NEURL1B,DUSP1,ERGIC1,RPL26L1,ATP6V0E1	0.0008728693674907492	-0.000820625044144108
chr5	170229104	173616659	C5orf58,LCP2,KCNIP1,KCNMB1,GABRP,RANBP17,TLX3,NPM1,FGF18,SMIM23,FBXW11,STK10,EFCAB9,UBTD2,SH3PXD2B,NEURL1B,DUSP1,ERGIC1,RPL26L1,ATP6V0E1,CREBRF,BNIP1,NKX2-5,STC2,BOD1	0.004273435491605135	0.005403018665896883
chr5	170861870	175444182	RANBP17,TLX3,NPM1,FGF18,SMIM23,FBXW11,STK10,EFCAB9,UBTD2,SH3PXD2B,NEURL1B,DUSP1,ERGIC1,RPL26L1,ATP6V0E1,CREBRF,BNIP1,NKX2-5,STC2,BOD1,CPEB4,C5orf47,NSG2,MSX2,DRD1	0.004291179111433034	0.006516716390945645
chr5	171861549	176345991	FBXW11,STK10,EFCAB9,UBTD2,SH3PXD2B,NEURL1B,DUSP1,ERGIC1,RPL26L1,ATP6V0E1,CREBRF,BNIP1,NKX2-5,STC2,BOD1,CPEB4,C5orf47,NSG2,MSX2,DRD1,SFXN1,HRH2,CPLX2,THOC3,SIMC1	0.006256842993479701	0.005748569654513078
chr5	172641263	176416539	NEURL1B,DUSP1,ERGIC1,RPL26L1,ATP6V0E1,CREBRF,BNIP1,NKX2-5,STC2,BOD1,CPEB4,C5orf47,NSG2,MSX2,DRD1,SFXN1,HRH2,CPLX2,THOC3,SIMC1,KIAA1191,ARL10,NOP16,HIGD2A,CLTB	-0.00023042718290058252	0.005558892825414149
chr5	173056352	176630556	CREBRF,BNIP1,NKX2-5,STC2,BOD1,CPEB4,C5orf47,NSG2,MSX2,DRD1,SFXN1,HRH2,CPLX2,THOC3,SIMC1,KIAA1191,ARL10,NOP16,HIGD2A,CLTB,FAF2,RNF44,CDHR2,GPRIN1,SNCB	-0.004108556909881867	0.009099801885389546
chr5	173888349	177022633	CPEB4,C5orf47,NSG2,MSX2,DRD1,SFXN1,HRH2,CPLX2,THOC3,SIMC1,KIAA1191,ARL10,NOP16,HIGD2A,CLTB,FAF2,RNF44,CDHR2,GPRIN1,SNCB,EIF4E1B,TSPAN17,UNC5A,HK3,UIMC1	-0.02150879343770618	0.007363025081230728
chr5	175477062	177312757	SFXN1,HRH2,CPLX2,THOC3,SIMC1,KIAA1191,ARL10,NOP16,HIGD2A,CLTB,FAF2,RNF44,CDHR2,GPRIN1,SNCB,EIF4E1B,TSPAN17,UNC5A,HK3,UIMC1,ZNF346,FGFR4,NSD1,RAB24,MXD3	-0.02923379276211119	0.007365303663359335
chr5	176346062	177400661	KIAA1191,ARL10,NOP16,HIGD2A,CLTB,FAF2,RNF44,CDHR2,GPRIN1,SNCB,EIF4E1B,TSPAN17,UNC5A,HK3,UIMC1,ZNF346,FGFR4,NSD1,RAB24,MXD3,PRELID1,LMAN2,RGS14,SLC34A1,PFN3	-0.024513016473076625	0.010124222418502407
chr5	176447628	177497606	FAF2,RNF44,CDHR2,GPRIN1,SNCB,EIF4E1B,TSPAN17,UNC5A,HK3,UIMC1,ZNF346,FGFR4,NSD1,RAB24,MXD3,PRELID1,LMAN2,RGS14,SLC34A1,PFN3,F12,GRK6,PRR7,DBN1,PDLIM7	-0.015019517383006595	0.008279791790799098
chr5	176630618	177610330	EIF4E1B,TSPAN17,UNC5A,HK3,UIMC1,ZNF346,FGFR4,NSD1,RAB24,MXD3,PRELID1,LMAN2,RGS14,SLC34A1,PFN3,F12,GRK6,PRR7,DBN1,PDLIM7,DOK3,DDX41,FAM193B,TMED9,B4GALT7	-0.00987081587605587	0.006592768175813849
chr5	177022696	178153894	ZNF346,FGFR4,NSD1,RAB24,MXD3,PRELID1,LMAN2,RGS14,SLC34A1,PFN3,F12,GRK6,PRR7,DBN1,PDLIM7,DOK3,DDX41,FAM193B,TMED9,B4GALT7,FAM153A,PROP1,N4BP3,RMND5B,NHP2	-0.007492650271891428	0.005153435103817297
chr5	177303799	178630615	PRELID1,LMAN2,RGS14,SLC34A1,PFN3,F12,GRK6,PRR7,DBN1,PDLIM7,DOK3,DDX41,FAM193B,TMED9,B4GALT7,FAM153A,PROP1,N4BP3,RMND5B,NHP2,GMCL2,HNRNPAB,PHYKPL,COL23A1,CLK4	-0.0008635317982041901	0.006861032229232318
chr5	177402133	178933212	F12,GRK6,PRR7,DBN1,PDLIM7,DOK3,DDX41,FAM193B,TMED9,B4GALT7,FAM153A,PROP1,N4BP3,RMND5B,NHP2,GMCL2,HNRNPAB,PHYKPL,COL23A1,CLK4,MSANTD5,ENSG00000285978,ZNF354A,ZNF354B,ZFP2	0.002709584620276899	0.006229947801350588
chr5	177501904	179345461	DOK3,DDX41,FAM193B,TMED9,B4GALT7,FAM153A,PROP1,N4BP3,RMND5B,NHP2,GMCL2,HNRNPAB,PHYKPL,COL23A1,CLK4,MSANTD5,ENSG00000285978,ZNF354A,ZNF354B,ZFP2,ZNF454,GRM6,ZNF879,ZNF354C,ADAMTS2	0.004845853464991796	0.007008868298169901
chr5	177707981	179777283	FAM153A,PROP1,N4BP3,RMND5B,NHP2,GMCL2,HNRNPAB,PHYKPL,COL23A1,CLK4,MSANTD5,ENSG00000285978,ZNF354A,ZNF354B,ZFP2,ZNF454,GRM6,ZNF879,ZNF354C,ADAMTS2,RUFY1,HNRNPH1,CBY3,CANX,MAML1	0.008010524680754146	0.010752597060614648
chr5	178184505	179907897	GMCL2,HNRNPAB,PHYKPL,COL23A1,CLK4,MSANTD5,ENSG00000285978,ZNF354A,ZNF354B,ZFP2,ZNF454,GRM6,ZNF879,ZNF354C,ADAMTS2,RUFY1,HNRNPH1,CBY3,CANX,MAML1,LTC4S,MGAT4B,SQSTM1,MRNIP,TBC1D9B	0.004568183194522375	0.007200977577754276
chr5	178694572	180578358	MSANTD5,ENSG00000285978,ZNF354A,ZNF354B,ZFP2,ZNF454,GRM6,ZNF879,ZNF354C,ADAMTS2,RUFY1,HNRNPH1,CBY3,CANX,MAML1,LTC4S,MGAT4B,SQSTM1,MRNIP,TBC1D9B,RNF130,RASGEF1C,MAPK9,GFPT2,CNOT6	0.002392385036753463	0.006554328816306952
chr5	178941191	180861285	ZNF454,GRM6,ZNF879,ZNF354C,ADAMTS2,RUFY1,HNRNPH1,CBY3,CANX,MAML1,LTC4S,MGAT4B,SQSTM1,MRNIP,TBC1D9B,RNF130,RASGEF1C,MAPK9,GFPT2,CNOT6,SCGB3A1,FLT4,OR2Y1,MGAT1,ZFP62	0.009211315132160575	0.01137643949710393
chr5	179550554	181159285	RUFY1,HNRNPH1,CBY3,CANX,MAML1,LTC4S,MGAT4B,SQSTM1,MRNIP,TBC1D9B,RNF130,RASGEF1C,MAPK9,GFPT2,CNOT6,SCGB3A1,FLT4,OR2Y1,MGAT1,ZFP62,BTNL8,BTNL3,BTNL9,OR2V1,OR2V2	0.015738261319174066	0.016373427623387362
chr5	179793980	181368262	LTC4S,MGAT4B,SQSTM1,MRNIP,TBC1D9B,RNF130,RASGEF1C,MAPK9,GFPT2,CNOT6,SCGB3A1,FLT4,OR2Y1,MGAT1,ZFP62,BTNL8,BTNL3,BTNL9,OR2V1,OR2V2,TRIM7,TRIM41,RACK1,TRIM52,OR4F3	0.00917561716168262	0.008220544273890547
chr6	291630	4135597	DUSP22,IRF4,EXOC2,HUS1B,FOXQ1,FOXF2,FOXC1,GMDS,MYLK4,WRNIP1,SERPINB1,SERPINB9,SERPINB6,NQO2,RIPK1,BPHL,TUBB2A,TUBB2B,PSMG4,SLC22A23,PXDC1,FAM50B,PRPF4B,FAM217A,ECI2	-0.023473943222396057	0.0014958394701224582
chr6	1389576	5829192	FOXF2,FOXC1,GMDS,MYLK4,WRNIP1,SERPINB1,SERPINB9,SERPINB6,NQO2,RIPK1,BPHL,TUBB2A,TUBB2B,PSMG4,SLC22A23,PXDC1,FAM50B,PRPF4B,FAM217A,ECI2,CDYL,RPP40,PPP1R3G,LYRM4,FARS2	-0.039908930519039196	0.002699894639539982
chr6	2832332	7347446	SERPINB1,SERPINB9,SERPINB6,NQO2,RIPK1,BPHL,TUBB2A,TUBB2B,PSMG4,SLC22A23,PXDC1,FAM50B,PRPF4B,FAM217A,ECI2,CDYL,RPP40,PPP1R3G,LYRM4,FARS2,NRN1,F13A1,LY86,RREB1,SSR1	-0.003452504765192081	0.009085692807082445
chr6	3118374	7881728	BPHL,TUBB2A,TUBB2B,PSMG4,SLC22A23,PXDC1,FAM50B,PRPF4B,FAM217A,ECI2,CDYL,RPP40,PPP1R3G,LYRM4,FARS2,NRN1,F13A1,LY86,RREB1,SSR1,CAGE1,RIOK1,DSP,SNRNP48,BMP6	0.027069002670041448	0.014449594323862829
chr6	3722614	8102559	PXDC1,FAM50B,PRPF4B,FAM217A,ECI2,CDYL,RPP40,PPP1R3G,LYRM4,FARS2,NRN1,F13A1,LY86,RREB1,SSR1,CAGE1,RIOK1,DSP,SNRNP48,BMP6,TXNDC5,BLOC1S5-TXNDC5,BLOC1S5,EEF1E1-BLOC1S5,EEF1E1	0.03490733361110199	0.01433191527563283
chr6	4706159	10709782	CDYL,RPP40,PPP1R3G,LYRM4,FARS2,NRN1,F13A1,LY86,RREB1,SSR1,CAGE1,RIOK1,DSP,SNRNP48,BMP6,TXNDC5,BLOC1S5-TXNDC5,BLOC1S5,EEF1E1-BLOC1S5,EEF1E1,SLC35B3,TFAP2A,GCNT2,C6orf52,PAK1IP1	0.020105097015552503	0.010424266945313697
chr6	5997999	10930423	NRN1,F13A1,LY86,RREB1,SSR1,CAGE1,RIOK1,DSP,SNRNP48,BMP6,TXNDC5,BLOC1S5-TXNDC5,BLOC1S5,EEF1E1-BLOC1S5,EEF1E1,SLC35B3,TFAP2A,GCNT2,C6orf52,PAK1IP1,TMEM14C,TMEM14B,ENSG00000272162,MAK,GCM2	0.015628423055310935	0.012171984519703957
chr6	7326656	11382348	CAGE1,RIOK1,DSP,SNRNP48,BMP6,TXNDC5,BLOC1S5-TXNDC5,BLOC1S5,EEF1E1-BLOC1S5,EEF1E1,SLC35B3,TFAP2A,GCNT2,C6orf52,PAK1IP1,TMEM14C,TMEM14B,ENSG00000272162,MAK,GCM2,SYCP2L,ELOVL2,SMIM13,ERVFRD-1,NEDD9	0.01716845376457803	0.011624915167466738
chr6	7881517	13290446	TXNDC5,BLOC1S5-TXNDC5,BLOC1S5,EEF1E1-BLOC1S5,EEF1E1,SLC35B3,TFAP2A,GCNT2,C6orf52,PAK1IP1,TMEM14C,TMEM14B,ENSG00000272162,MAK,GCM2,SYCP2L,ELOVL2,SMIM13,ERVFRD-1,NEDD9,TMEM170B,ADTRP,HIVEP1,EDN1,PHACTR1	0.012937940203864528	0.010387302712327134
chr6	8411435	13711835	SLC35B3,TFAP2A,GCNT2,C6orf52,PAK1IP1,TMEM14C,TMEM14B,ENSG00000272162,MAK,GCM2,SYCP2L,ELOVL2,SMIM13,ERVFRD-1,NEDD9,TMEM170B,ADTRP,HIVEP1,EDN1,PHACTR1,TBC1D7,GFOD1,SIRT5,NOL7,RANBP9	0.009452516855554467	0.012062479301231417
chr6	10722915	15663058	TMEM14C,TMEM14B,ENSG00000272162,MAK,GCM2,SYCP2L,ELOVL2,SMIM13,ERVFRD-1,NEDD9,TMEM170B,ADTRP,HIVEP1,EDN1,PHACTR1,TBC1D7,GFOD1,SIRT5,NOL7,RANBP9,MCUR1,RNF182,CD83,JARID2,DTNBP1	0.007154676936921667	0.014951381662519107
chr6	10886831	17131378	SYCP2L,ELOVL2,SMIM13,ERVFRD-1,NEDD9,TMEM170B,ADTRP,HIVEP1,EDN1,PHACTR1,TBC1D7,GFOD1,SIRT5,NOL7,RANBP9,MCUR1,RNF182,CD83,JARID2,DTNBP1,MYLIP,GMPR,ATXN1,ENSG00000288708,STMND1	-0.004578327240284983	0.010692555788418457
chr6	11537749	17987635	TMEM170B,ADTRP,HIVEP1,EDN1,PHACTR1,TBC1D7,GFOD1,SIRT5,NOL7,RANBP9,MCUR1,RNF182,CD83,JARID2,DTNBP1,MYLIP,GMPR,ATXN1,ENSG00000288708,STMND1,RBM24,CAP2,FAM8A1,NUP153,KIF13A	-0.002266706381627396	0.013423356177608084
chr6	13266542	18468870	TBC1D7,GFOD1,SIRT5,NOL7,RANBP9,MCUR1,RNF182,CD83,JARID2,DTNBP1,MYLIP,GMPR,ATXN1,ENSG00000288708,STMND1,RBM24,CAP2,FAM8A1,NUP153,KIF13A,NHLRC1,TPMT,KDM1B,DEK,RNF144B	0.007371158358582362	0.012548715397309982
chr6	13786557	21598619	MCUR1,RNF182,CD83,JARID2,DTNBP1,MYLIP,GMPR,ATXN1,ENSG00000288708,STMND1,RBM24,CAP2,FAM8A1,NUP153,KIF13A,NHLRC1,TPMT,KDM1B,DEK,RNF144B,ID4,MBOAT1,E2F3,CDKAL1,SOX4	0.015679496646869774	0.014304627489537694
chr6	16129086	24426194	MYLIP,GMPR,ATXN1,ENSG00000288708,STMND1,RBM24,CAP2,FAM8A1,NUP153,KIF13A,NHLRC1,TPMT,KDM1B,DEK,RNF144B,ID4,MBOAT1,E2F3,CDKAL1,SOX4,PRL,HDGFL1,NRSN1,DCDC2,MRS2	0.018284560924722686	0.015217157104271434
chr6	17281361	24705065	RBM24,CAP2,FAM8A1,NUP153,KIF13A,NHLRC1,TPMT,KDM1B,DEK,RNF144B,ID4,MBOAT1,E2F3,CDKAL1,SOX4,PRL,HDGFL1,NRSN1,DCDC2,MRS2,GPLD1,ALDH5A1,KIAA0319,TDP2,ACOT13	0.0033136270396300384	0.013488192358602526
chr6	18120440	25042170	NHLRC1,TPMT,KDM1B,DEK,RNF144B,ID4,MBOAT1,E2F3,CDKAL1,SOX4,PRL,HDGFL1,NRSN1,DCDC2,MRS2,GPLD1,ALDH5A1,KIAA0319,TDP2,ACOT13,C6orf62,GMNN,ARMH2,ENSG00000282804,RIPOR2	-0.0023525709168311514	0.00871946601168332
chr6	19837370	25781199	ID4,MBOAT1,E2F3,CDKAL1,SOX4,PRL,HDGFL1,NRSN1,DCDC2,MRS2,GPLD1,ALDH5A1,KIAA0319,TDP2,ACOT13,C6orf62,GMNN,ARMH2,ENSG00000282804,RIPOR2,CARMIL1,SCGN,H2AC1,H2BC1,SLC17A4	0.006282831090199019	0.013804209158149892
chr6	22287244	26017787	PRL,HDGFL1,NRSN1,DCDC2,MRS2,GPLD1,ALDH5A1,KIAA0319,TDP2,ACOT13,C6orf62,GMNN,ARMH2,ENSG00000282804,RIPOR2,CARMIL1,SCGN,H2AC1,H2BC1,SLC17A4,SLC17A1,SLC17A3,SLC17A2,TRIM38,H1-1	0.009691431055980271	0.013424599932208877
chr6	24424565	26033618	GPLD1,ALDH5A1,KIAA0319,TDP2,ACOT13,C6orf62,GMNN,ARMH2,ENSG00000282804,RIPOR2,CARMIL1,SCGN,H2AC1,H2BC1,SLC17A4,SLC17A1,SLC17A3,SLC17A2,TRIM38,H1-1,H3C1,H4C1,H4C2,H3C2,H2AC4	0.004062515937287853	0.0068187391741589675
chr6	24704861	26123926	C6orf62,GMNN,ARMH2,ENSG00000282804,RIPOR2,CARMIL1,SCGN,H2AC1,H2BC1,SLC17A4,SLC17A1,SLC17A3,SLC17A2,TRIM38,H1-1,H3C1,H4C1,H4C2,H3C2,H2AC4,H2BC3,H3C3,H1-2,H2BC4,HFE	0.005446498075153074	0.004926711119808105
chr6	25279078	26171349	CARMIL1,SCGN,H2AC1,H2BC1,SLC17A4,SLC17A1,SLC17A3,SLC17A2,TRIM38,H1-1,H3C1,H4C1,H4C2,H3C2,H2AC4,H2BC3,H3C3,H1-2,H2BC4,HFE,H4C3,H1-6,H2AC6,H1-4,H2BC5	0.014979516468073396	0.012523867169114898
chr6	25782915	26199293	SLC17A1,SLC17A3,SLC17A2,TRIM38,H1-1,H3C1,H4C1,H4C2,H3C2,H2AC4,H2BC3,H3C3,H1-2,H2BC4,HFE,H4C3,H1-6,H2AC6,H1-4,H2BC5,H2BC6,H4C4,ENSG00000282988,H3C4,H2AC7	0.025612302219162372	0.021273861715924137
chr6	26020451	26227473	H3C1,H4C1,H4C2,H3C2,H2AC4,H2BC3,H3C3,H1-2,H2BC4,HFE,H4C3,H1-6,H2AC6,H1-4,H2BC5,H2BC6,H4C4,ENSG00000282988,H3C4,H2AC7,H2BC7,H4C5,H2BC8,H2AC8,H3C6	0.02503924520939792	0.018679757283705228
chr6	26043227	26252075	H2BC3,H3C3,H1-2,H2BC4,HFE,H4C3,H1-6,H2AC6,H1-4,H2BC5,H2BC6,H4C4,ENSG00000282988,H3C4,H2AC7,H2BC7,H4C5,H2BC8,H2AC8,H3C6,H1-3,H4C6,H4C7,H3C7,H2BC9	0.017594715336055528	0.017427730078197083
chr6	26103933	26394874	H4C3,H1-6,H2AC6,H1-4,H2BC5,H2BC6,H4C4,ENSG00000282988,H3C4,H2AC7,H2BC7,H4C5,H2BC8,H2AC8,H3C6,H1-3,H4C6,H4C7,H3C7,H2BC9,H3C8,H2BC10,H4C8,BTN3A2,BTN2A2	0.013826125930344319	0.015008827166283514
chr6	26172059	26546933	H2BC6,H4C4,ENSG00000282988,H3C4,H2AC7,H2BC7,H4C5,H2BC8,H2AC8,H3C6,H1-3,H4C6,H4C7,H3C7,H2BC9,H3C8,H2BC10,H4C8,BTN3A2,BTN2A2,BTN3A1,BTN3A3,BTN2A1,BTN1A1,HMGN4	0.01163706820132116	0.012601764982673633
chr6	26199516	27139678	H2BC7,H4C5,H2BC8,H2AC8,H3C6,H1-3,H4C6,H4C7,H3C7,H2BC9,H3C8,H2BC10,H4C8,BTN3A2,BTN2A2,BTN3A1,BTN3A3,BTN2A1,BTN1A1,HMGN4,ABT1,ZNF322,H2BC11,H2AC11,H4C9	0.010333835132278396	0.008888343770179972
chr6	26234212	27403908	H1-3,H4C6,H4C7,H3C7,H2BC9,H3C8,H2BC10,H4C8,BTN3A2,BTN2A2,BTN3A1,BTN3A3,BTN2A1,BTN1A1,HMGN4,ABT1,ZNF322,H2BC11,H2AC11,H4C9,H2BC12,H2AC12,PRSS16,POM121L2,ZNF391	0.015638188354986166	0.013606121897379085
chr6	26270918	27814777	H3C8,H2BC10,H4C8,BTN3A2,BTN2A2,BTN3A1,BTN3A3,BTN2A1,BTN1A1,HMGN4,ABT1,ZNF322,H2BC11,H2AC11,H4C9,H2BC12,H2AC12,PRSS16,POM121L2,ZNF391,ZNF184,H2BC13,H2AC13,H3C10,H2AC14	0.015954964711254786	0.013878540699921952
chr6	26402237	27855709	BTN3A1,BTN3A3,BTN2A1,BTN1A1,HMGN4,ABT1,ZNF322,H2BC11,H2AC11,H4C9,H2BC12,H2AC12,PRSS16,POM121L2,ZNF391,ZNF184,H2BC13,H2AC13,H3C10,H2AC14,H2BC14,H4C11,H4C12,H2AC15,H2BC15	0.008377451363535276	0.0072470400882501595
chr6	26596953	27893106	ABT1,ZNF322,H2BC11,H2AC11,H4C9,H2BC12,H2AC12,PRSS16,POM121L2,ZNF391,ZNF184,H2BC13,H2AC13,H3C10,H2AC14,H2BC14,H4C11,H4C12,H2AC15,H2BC15,H2AC16,H1-5,H3C11,H4C13,H3C12	0.00962869705761912	0.0068827140526631575
chr6	27146361	28089563	H2BC12,H2AC12,PRSS16,POM121L2,ZNF391,ZNF184,H2BC13,H2AC13,H3C10,H2AC14,H2BC14,H4C11,H4C12,H2AC15,H2BC15,H2AC16,H1-5,H3C11,H4C13,H3C12,H2AC17,H2BC17,OR2B2,OR2B6,ZNF165	0.011952550239569563	0.008241550183816958
chr6	27450743	28260958	ZNF184,H2BC13,H2AC13,H3C10,H2AC14,H2BC14,H4C11,H4C12,H2AC15,H2BC15,H2AC16,H1-5,H3C11,H4C13,H3C12,H2AC17,H2BC17,OR2B2,OR2B6,ZNF165,ZSCAN16,ZKSCAN8,ZSCAN9,ZKSCAN4,NKAPL	0.011932016001992262	0.008184434676754806
chr6	27815022	28369172	H2BC14,H4C11,H4C12,H2AC15,H2BC15,H2AC16,H1-5,H3C11,H4C13,H3C12,H2AC17,H2BC17,OR2B2,OR2B6,ZNF165,ZSCAN16,ZKSCAN8,ZSCAN9,ZKSCAN4,NKAPL,ZSCAN26,ENSG00000276302,PGBD1,ZSCAN31,ZKSCAN3	0.009072276170849679	0.006292179455555567
chr6	27865317	28923988	H2AC16,H1-5,H3C11,H4C13,H3C12,H2AC17,H2BC17,OR2B2,OR2B6,ZNF165,ZSCAN16,ZKSCAN8,ZSCAN9,ZKSCAN4,NKAPL,ZSCAN26,ENSG00000276302,PGBD1,ZSCAN31,ZKSCAN3,ZSCAN12,ZSCAN23,GPX6,GPX5,TRIM27	0.010164658043704408	0.008237258139231178
chr6	27892699	29114770	H2AC17,H2BC17,OR2B2,OR2B6,ZNF165,ZSCAN16,ZKSCAN8,ZSCAN9,ZKSCAN4,NKAPL,ZSCAN26,ENSG00000276302,PGBD1,ZSCAN31,ZKSCAN3,ZSCAN12,ZSCAN23,GPX6,GPX5,TRIM27,ZNF311,OR2W1,OR2B3,OR2J1,OR2J3	0.008670023025637914	0.007457381913428384
chr6	28107689	29431967	ZSCAN16,ZKSCAN8,ZSCAN9,ZKSCAN4,NKAPL,ZSCAN26,ENSG00000276302,PGBD1,ZSCAN31,ZKSCAN3,ZSCAN12,ZSCAN23,GPX6,GPX5,TRIM27,ZNF311,OR2W1,OR2B3,OR2J1,OR2J3,OR2J2,OR14J1,OR5V1,OR12D3,OR12D2	0.005736569142233519	0.004541270786210456
chr6	28267058	29557773	ZSCAN26,ENSG00000276302,PGBD1,ZSCAN31,ZKSCAN3,ZSCAN12,ZSCAN23,GPX6,GPX5,TRIM27,ZNF311,OR2W1,OR2B3,OR2J1,OR2J3,OR2J2,OR14J1,OR5V1,OR12D3,OR12D2,OR11A1,OR10C1,OR2H1,MAS1L,OR2I1P	0.002561711976589574	0.0018304589257711237
chr6	28378955	29681155	ZSCAN12,ZSCAN23,GPX6,GPX5,TRIM27,ZNF311,OR2W1,OR2B3,OR2J1,OR2J3,OR2J2,OR14J1,OR5V1,OR12D3,OR12D2,OR11A1,OR10C1,OR2H1,MAS1L,OR2I1P,UBD,GABBR1,OR2H2,MOG,ZFP57	0.000791366792878315	0.00044473249015776386
chr6	28994785	30070333	ZNF311,OR2W1,OR2B3,OR2J1,OR2J3,OR2J2,OR14J1,OR5V1,OR12D3,OR12D2,OR11A1,OR10C1,OR2H1,MAS1L,OR2I1P,UBD,GABBR1,OR2H2,MOG,ZFP57,HLA-F,HLA-G,HLA-A,POLR1H,PPP1R11	0.0016942340051975583	0.0015092618460097814
chr6	29170907	30172693	OR2J2,OR14J1,OR5V1,OR12D3,OR12D2,OR11A1,OR10C1,OR2H1,MAS1L,OR2I1P,UBD,GABBR1,OR2H2,MOG,ZFP57,HLA-F,HLA-G,HLA-A,POLR1H,PPP1R11,RNF39,TRIM31,TRIM40,TRIM10,TRIM15	0.005870854462550693	0.005210541755919213
chr6	29425504	30494194	OR11A1,OR10C1,OR2H1,MAS1L,OR2I1P,UBD,GABBR1,OR2H2,MOG,ZFP57,HLA-F,HLA-G,HLA-A,POLR1H,PPP1R11,RNF39,TRIM31,TRIM40,TRIM10,TRIM15,TRIM26,TRIM39,TRIM39-RPP21,RPP21,HLA-E	0.012932950807616021	0.010641811001874255
chr6	29555515	30626395	UBD,GABBR1,OR2H2,MOG,ZFP57,HLA-F,HLA-G,HLA-A,POLR1H,PPP1R11,RNF39,TRIM31,TRIM40,TRIM10,TRIM15,TRIM26,TRIM39,TRIM39-RPP21,RPP21,HLA-E,GNL1,PRR3,ABCF1,PPP1R10,MRPS18B	0.009079979980289523	0.006916807345485409
chr6	29722775	30691420	HLA-F,HLA-G,HLA-A,POLR1H,PPP1R11,RNF39,TRIM31,TRIM40,TRIM10,TRIM15,TRIM26,TRIM39,TRIM39-RPP21,RPP21,HLA-E,GNL1,PRR3,ABCF1,PPP1R10,MRPS18B,ATAT1,C6orf136,DHX16,PPP1R18,NRM	0.015962316767758375	0.011533446337324577
chr6	30070266	30900156	RNF39,TRIM31,TRIM40,TRIM10,TRIM15,TRIM26,TRIM39,TRIM39-RPP21,RPP21,HLA-E,GNL1,PRR3,ABCF1,PPP1R10,MRPS18B,ATAT1,C6orf136,DHX16,PPP1R18,NRM,MDC1,TUBB,FLOT1,IER3,DDR1	0.01281964253644097	0.01022462156792885
chr6	30184455	30989903	TRIM26,TRIM39,TRIM39-RPP21,RPP21,HLA-E,GNL1,PRR3,ABCF1,PPP1R10,MRPS18B,ATAT1,C6orf136,DHX16,PPP1R18,NRM,MDC1,TUBB,FLOT1,IER3,DDR1,GTF2H4,VARS2,SFTA2,MUCL3,MUC21	0.0016416704153578065	0.008913216107998476
chr6	30541381	31140092	GNL1,PRR3,ABCF1,PPP1R10,MRPS18B,ATAT1,C6orf136,DHX16,PPP1R18,NRM,MDC1,TUBB,FLOT1,IER3,DDR1,GTF2H4,VARS2,SFTA2,MUCL3,MUC21,MUC22,C6orf15,PSORS1C1,CDSN,PSORS1C2	-0.005337874549635271	0.008929217026163078
chr6	30626842	31367067	ATAT1,C6orf136,DHX16,PPP1R18,NRM,MDC1,TUBB,FLOT1,IER3,DDR1,GTF2H4,VARS2,SFTA2,MUCL3,MUC21,MUC22,C6orf15,PSORS1C1,CDSN,PSORS1C2,CCHCR1,TCF19,POU5F1,HLA-C,HLA-B	0.004504848884688367	0.007822646499062726
chr6	30699807	31546608	MDC1,TUBB,FLOT1,IER3,DDR1,GTF2H4,VARS2,SFTA2,MUCL3,MUC21,MUC22,C6orf15,PSORS1C1,CDSN,PSORS1C2,CCHCR1,TCF19,POU5F1,HLA-C,HLA-B,MICA,MICB,MCCD1,DDX39B,ATP6V1G2-DDX39B	0.0029208606838721355	0.0022961583841800684
chr6	30908207	31582522	GTF2H4,VARS2,SFTA2,MUCL3,MUC21,MUC22,C6orf15,PSORS1C1,CDSN,PSORS1C2,CCHCR1,TCF19,POU5F1,HLA-C,HLA-B,MICA,MICB,MCCD1,DDX39B,ATP6V1G2-DDX39B,ATP6V1G2,NFKBIL1,LTA,TNF,LTB	0.008492472440960559	0.005329516473173526
chr6	31010474	31652705	MUC22,C6orf15,PSORS1C1,CDSN,PSORS1C2,CCHCR1,TCF19,POU5F1,HLA-C,HLA-B,MICA,MICB,MCCD1,DDX39B,ATP6V1G2-DDX39B,ATP6V1G2,NFKBIL1,LTA,TNF,LTB,LST1,NCR3,AIF1,PRRC2A,BAG6	0.010912537351965818	0.009129521932895998
chr6	31142439	31673546	CCHCR1,TCF19,POU5F1,HLA-C,HLA-B,MICA,MICB,MCCD1,DDX39B,ATP6V1G2-DDX39B,ATP6V1G2,NFKBIL1,LTA,TNF,LTB,LST1,NCR3,AIF1,PRRC2A,BAG6,APOM,C6orf47,GPANK1,CSNK2B,ENSG00000263020	0.010149417033807994	0.011702072757623829
chr6	31399784	31717918	MICA,MICB,MCCD1,DDX39B,ATP6V1G2-DDX39B,ATP6V1G2,NFKBIL1,LTA,TNF,LTB,LST1,NCR3,AIF1,PRRC2A,BAG6,APOM,C6orf47,GPANK1,CSNK2B,ENSG00000263020,LY6G5B,LY6G5C,ABHD16A,LY6G6F,LY6G6F-LY6G6D	0.009803138965402258	0.014004620253075258
chr6	31544444	31739763	ATP6V1G2,NFKBIL1,LTA,TNF,LTB,LST1,NCR3,AIF1,PRRC2A,BAG6,APOM,C6orf47,GPANK1,CSNK2B,ENSG00000263020,LY6G5B,LY6G5C,ABHD16A,LY6G6F,LY6G6F-LY6G6D,LY6G6D,MPIG6B,LY6G6C,DDAH2,CLIC1	0.009329080836519083	0.01542235720289391
chr6	31586124	31795752	LST1,NCR3,AIF1,PRRC2A,BAG6,APOM,C6orf47,GPANK1,CSNK2B,ENSG00000263020,LY6G5B,LY6G5C,ABHD16A,LY6G6F,LY6G6F-LY6G6D,LY6G6D,MPIG6B,LY6G6C,DDAH2,CLIC1,MSH5,MSH5-SAPCD1,SAPCD1,VWA7,VARS1	0.00019974452841525024	0.0074671201168726095
chr6	31652416	31862905	APOM,C6orf47,GPANK1,CSNK2B,ENSG00000263020,LY6G5B,LY6G5C,ABHD16A,LY6G6F,LY6G6F-LY6G6D,LY6G6D,MPIG6B,LY6G6C,DDAH2,CLIC1,MSH5,MSH5-SAPCD1,SAPCD1,VWA7,VARS1,LSM2,HSPA1L,HSPA1A,HSPA1B,NEU1	-0.011326032037705273	0.002572681609943217
chr6	31669976	31952048	LY6G5B,LY6G5C,ABHD16A,LY6G6F,LY6G6F-LY6G6D,LY6G6D,MPIG6B,LY6G6C,DDAH2,CLIC1,MSH5,MSH5-SAPCD1,SAPCD1,VWA7,VARS1,LSM2,HSPA1L,HSPA1A,HSPA1B,NEU1,SLC44A4,EHMT2,C2,ZBTB12,ENSG00000244255	-0.004832509083222675	0.006916807556166701
chr6	31715348	32002681	LY6G6D,MPIG6B,LY6G6C,DDAH2,CLIC1,MSH5,MSH5-SAPCD1,SAPCD1,VWA7,VARS1,LSM2,HSPA1L,HSPA1A,HSPA1B,NEU1,SLC44A4,EHMT2,C2,ZBTB12,ENSG00000244255,CFB,NELFE,DXO,STK19,C4A	0.0035687238939119937	0.013575252740108857
chr6	31739677	32130288	MSH5,MSH5-SAPCD1,SAPCD1,VWA7,VARS1,LSM2,HSPA1L,HSPA1A,HSPA1B,NEU1,SLC44A4,EHMT2,C2,ZBTB12,ENSG00000244255,CFB,NELFE,DXO,STK19,C4A,C4B,CYP21A2,TNXB,ATF6B,FKBPL	0.011609002951163669	0.015073195171780226
chr6	31797396	32171978	LSM2,HSPA1L,HSPA1A,HSPA1B,NEU1,SLC44A4,EHMT2,C2,ZBTB12,ENSG00000244255,CFB,NELFE,DXO,STK19,C4A,C4B,CYP21A2,TNXB,ATF6B,FKBPL,PRRT1,ENSG00000285085,PPT2,PPT2-EGFL8,EGFL8	0.01096455309584826	0.013322163705308598
chr6	31863192	32195523	SLC44A4,EHMT2,C2,ZBTB12,ENSG00000244255,CFB,NELFE,DXO,STK19,C4A,C4B,CYP21A2,TNXB,ATF6B,FKBPL,PRRT1,ENSG00000285085,PPT2,PPT2-EGFL8,EGFL8,AGPAT1,RNF5,AGER,PBX2,GPSM3	0.008129727355674252	0.009201566414877528
chr6	31945650	32530287	CFB,NELFE,DXO,STK19,C4A,C4B,CYP21A2,TNXB,ATF6B,FKBPL,PRRT1,ENSG00000285085,PPT2,PPT2-EGFL8,EGFL8,AGPAT1,RNF5,AGER,PBX2,GPSM3,NOTCH4,TSBP1,BTNL2,HLA-DRA,HLA-DRB5	0.00836171057721645	0.011108799587423853
chr6	32014795	32763532	C4B,CYP21A2,TNXB,ATF6B,FKBPL,PRRT1,ENSG00000285085,PPT2,PPT2-EGFL8,EGFL8,AGPAT1,RNF5,AGER,PBX2,GPSM3,NOTCH4,TSBP1,BTNL2,HLA-DRA,HLA-DRB5,HLA-DRB1,HLA-DQA1,HLA-DQB1,HLA-DQA2,HLA-DQB2	0.00861134157971606	0.01330516860832274
chr6	32148359	32859851	PRRT1,ENSG00000285085,PPT2,PPT2-EGFL8,EGFL8,AGPAT1,RNF5,AGER,PBX2,GPSM3,NOTCH4,TSBP1,BTNL2,HLA-DRA,HLA-DRB5,HLA-DRB1,HLA-DQA1,HLA-DQB1,HLA-DQA2,HLA-DQB2,HLA-DOB,ENSG00000250264,TAP2,PSMB8,PSMB9	0.002394687517846063	0.0038523310480453616
chr6	32168212	32981505	AGPAT1,RNF5,AGER,PBX2,GPSM3,NOTCH4,TSBP1,BTNL2,HLA-DRA,HLA-DRB5,HLA-DRB1,HLA-DQA1,HLA-DQB1,HLA-DQA2,HLA-DQB2,HLA-DOB,ENSG00000250264,TAP2,PSMB8,PSMB9,TAP1,HLA-DMB,ENSG00000248993,HLA-DMA,BRD2	0.00042031448583098967	0.0018158425786122384
chr6	32194843	33200665	NOTCH4,TSBP1,BTNL2,HLA-DRA,HLA-DRB5,HLA-DRB1,HLA-DQA1,HLA-DQB1,HLA-DQA2,HLA-DQB2,HLA-DOB,ENSG00000250264,TAP2,PSMB8,PSMB9,TAP1,HLA-DMB,ENSG00000248993,HLA-DMA,BRD2,HLA-DOA,HLA-DPA1,HLA-DPB1,COL11A2,RXRB	0.002105945697155221	0.002155197305190903
chr6	32577902	33276511	HLA-DRB1,HLA-DQA1,HLA-DQB1,HLA-DQA2,HLA-DQB2,HLA-DOB,ENSG00000250264,TAP2,PSMB8,PSMB9,TAP1,HLA-DMB,ENSG00000248993,HLA-DMA,BRD2,HLA-DOA,HLA-DPA1,HLA-DPB1,COL11A2,RXRB,SLC39A7,HSD17B8,RING1,VPS52,RPS18	0.006742749105942854	0.006492441652931985
chr6	32812763	33314284	HLA-DOB,ENSG00000250264,TAP2,PSMB8,PSMB9,TAP1,HLA-DMB,ENSG00000248993,HLA-DMA,BRD2,HLA-DOA,HLA-DPA1,HLA-DPB1,COL11A2,RXRB,SLC39A7,HSD17B8,RING1,VPS52,RPS18,B3GALT4,WDR46,PFDN6,RGL2,TAPBP	0.009772706593031012	0.010560868703821027
chr6	32845209	33409896	TAP1,HLA-DMB,ENSG00000248993,HLA-DMA,BRD2,HLA-DOA,HLA-DPA1,HLA-DPB1,COL11A2,RXRB,SLC39A7,HSD17B8,RING1,VPS52,RPS18,B3GALT4,WDR46,PFDN6,RGL2,TAPBP,ZBTB22,DAXX,ENSG00000285064,SMIM40,KIFC1	0.006391608293302865	0.011710838849864215
chr6	33004182	33580293	HLA-DOA,HLA-DPA1,HLA-DPB1,COL11A2,RXRB,SLC39A7,HSD17B8,RING1,VPS52,RPS18,B3GALT4,WDR46,PFDN6,RGL2,TAPBP,ZBTB22,DAXX,ENSG00000285064,SMIM40,KIFC1,PHF1,CUTA,SYNGAP1,ZBTB9,BAK1	0.004578257714832355	0.011150938302759499
chr6	33200305	33804003	SLC39A7,HSD17B8,RING1,VPS52,RPS18,B3GALT4,WDR46,PFDN6,RGL2,TAPBP,ZBTB22,DAXX,ENSG00000285064,SMIM40,KIFC1,PHF1,CUTA,SYNGAP1,ZBTB9,BAK1,ITPR3,UQCC2,IP6K3,LEMD2,MLN	0.0036072178255762716	0.009112241592198365
chr6	33277123	34426071	B3GALT4,WDR46,PFDN6,RGL2,TAPBP,ZBTB22,DAXX,ENSG00000285064,SMIM40,KIFC1,PHF1,CUTA,SYNGAP1,ZBTB9,BAK1,ITPR3,UQCC2,IP6K3,LEMD2,MLN,GRM4,HMGA1,SMIM29,NUDT3,RPS10-NUDT3	0.002364787265731833	0.006322022680471289
chr6	33314406	34773857	ZBTB22,DAXX,ENSG00000285064,SMIM40,KIFC1,PHF1,CUTA,SYNGAP1,ZBTB9,BAK1,ITPR3,UQCC2,IP6K3,LEMD2,MLN,GRM4,HMGA1,SMIM29,NUDT3,RPS10-NUDT3,RPS10,PACSIN1,SPDEF,ILRUN,SNRPC	0.0018433586203211302	0.007729893660788956
chr6	33410399	35295985	PHF1,CUTA,SYNGAP1,ZBTB9,BAK1,ITPR3,UQCC2,IP6K3,LEMD2,MLN,GRM4,HMGA1,SMIM29,NUDT3,RPS10-NUDT3,RPS10,PACSIN1,SPDEF,ILRUN,SNRPC,TAF11,ANKS1A,TCP11,SCUBE3,ZNF76	0.002610727829280372	0.005961900759437039
chr6	33620365	35497079	ITPR3,UQCC2,IP6K3,LEMD2,MLN,GRM4,HMGA1,SMIM29,NUDT3,RPS10-NUDT3,RPS10,PACSIN1,SPDEF,ILRUN,SNRPC,TAF11,ANKS1A,TCP11,SCUBE3,ZNF76,DEF6,PPARD,FANCE,RPL10A,TEAD3	0.006903980983469041	0.005283679269640243
chr6	34018643	35793675	GRM4,HMGA1,SMIM29,NUDT3,RPS10-NUDT3,RPS10,PACSIN1,SPDEF,ILRUN,SNRPC,TAF11,ANKS1A,TCP11,SCUBE3,ZNF76,DEF6,PPARD,FANCE,RPL10A,TEAD3,TULP1,FKBP5,ARMC12,CLPSL2,CLPSL1	0.007909345806153722	0.007840377862102696
chr6	34417454	36111236	RPS10,PACSIN1,SPDEF,ILRUN,SNRPC,TAF11,ANKS1A,TCP11,SCUBE3,ZNF76,DEF6,PPARD,FANCE,RPL10A,TEAD3,TULP1,FKBP5,ARMC12,CLPSL2,CLPSL1,CLPS,LHFPL5,SRPK1,SLC26A8,MAPK14	-0.0005368502671257959	-2.842075153136659e-05
chr6	34877462	36387800	TAF11,ANKS1A,TCP11,SCUBE3,ZNF76,DEF6,PPARD,FANCE,RPL10A,TEAD3,TULP1,FKBP5,ARMC12,CLPSL2,CLPSL1,CLPS,LHFPL5,SRPK1,SLC26A8,MAPK14,MAPK13,BRPF3,PNPLA1,BNIP5,ETV7	0.002567306723152775	0.0030496730379334573
chr6	35297818	36687337	DEF6,PPARD,FANCE,RPL10A,TEAD3,TULP1,FKBP5,ARMC12,CLPSL2,CLPSL1,CLPS,LHFPL5,SRPK1,SLC26A8,MAPK14,MAPK13,BRPF3,PNPLA1,BNIP5,ETV7,PXT1,KCTD20,STK38,SRSF3,CDKN1A	0.007230603200412286	0.009216746619303783
chr6	35497874	36964837	TULP1,FKBP5,ARMC12,CLPSL2,CLPSL1,CLPS,LHFPL5,SRPK1,SLC26A8,MAPK14,MAPK13,BRPF3,PNPLA1,BNIP5,ETV7,PXT1,KCTD20,STK38,SRSF3,CDKN1A,RAB44,CPNE5,PPIL1,C6orf89,PI16	0.007562684284840057	0.007902445676339213
chr6	35794982	37332970	CLPS,LHFPL5,SRPK1,SLC26A8,MAPK14,MAPK13,BRPF3,PNPLA1,BNIP5,ETV7,PXT1,KCTD20,STK38,SRSF3,CDKN1A,RAB44,CPNE5,PPIL1,C6orf89,PI16,MTCH1,FGD2,PIM1,TMEM217,TBC1D22B	0.004218520307472672	0.004708214134365227
chr6	36127809	38154624	MAPK13,BRPF3,PNPLA1,BNIP5,ETV7,PXT1,KCTD20,STK38,SRSF3,CDKN1A,RAB44,CPNE5,PPIL1,C6orf89,PI16,MTCH1,FGD2,PIM1,TMEM217,TBC1D22B,RNF8,CMTR1,CCDC167,MDGA1,ZFAND3	0.00391425739541619	0.006541668300368535
chr6	36390551	39115193	PXT1,KCTD20,STK38,SRSF3,CDKN1A,RAB44,CPNE5,PPIL1,C6orf89,PI16,MTCH1,FGD2,PIM1,TMEM217,TBC1D22B,RNF8,CMTR1,CCDC167,MDGA1,ZFAND3,BTBD9,GLO1,DNAH8,GLP1R,SAYSD1	0.0057092781527073935	0.008848070574692177
chr6	36697826	39904877	RAB44,CPNE5,PPIL1,C6orf89,PI16,MTCH1,FGD2,PIM1,TMEM217,TBC1D22B,RNF8,CMTR1,CCDC167,MDGA1,ZFAND3,BTBD9,GLO1,DNAH8,GLP1R,SAYSD1,KCNK5,KCNK17,KCNK16,KIF6,DAAM2	0.008575994203844936	0.012681277792412545
chr6	36965807	41097787	MTCH1,FGD2,PIM1,TMEM217,TBC1D22B,RNF8,CMTR1,CCDC167,MDGA1,ZFAND3,BTBD9,GLO1,DNAH8,GLP1R,SAYSD1,KCNK5,KCNK17,KCNK16,KIF6,DAAM2,MOCS1,LRFN2,UNC5CL,OARD1,TSPO2	0.011100177076165391	0.014393341312319497
chr6	37353979	41201149	RNF8,CMTR1,CCDC167,MDGA1,ZFAND3,BTBD9,GLO1,DNAH8,GLP1R,SAYSD1,KCNK5,KCNK17,KCNK16,KIF6,DAAM2,MOCS1,LRFN2,UNC5CL,OARD1,TSPO2,APOBEC2,NFYA,TREML1,TREM2,TREML2	0.003723405783536437	0.0054554561532453106
chr6	38168451	41654244	BTBD9,GLO1,DNAH8,GLP1R,SAYSD1,KCNK5,KCNK17,KCNK16,KIF6,DAAM2,MOCS1,LRFN2,UNC5CL,OARD1,TSPO2,APOBEC2,NFYA,TREML1,TREM2,TREML2,TREML4,TREM1,NCR2,FOXP4,MDFI	0.004710321387854897	0.00526393895410477
chr6	39188971	41790141	KCNK5,KCNK17,KCNK16,KIF6,DAAM2,MOCS1,LRFN2,UNC5CL,OARD1,TSPO2,APOBEC2,NFYA,TREML1,TREM2,TREML2,TREML4,TREM1,NCR2,FOXP4,MDFI,TFEB,PGC,FRS3,ENSG00000124593,PRICKLE4	0.0035749793175399087	0.00466990216875138
chr6	39899578	41933046	MOCS1,LRFN2,UNC5CL,OARD1,TSPO2,APOBEC2,NFYA,TREML1,TREM2,TREML2,TREML4,TREM1,NCR2,FOXP4,MDFI,TFEB,PGC,FRS3,ENSG00000124593,PRICKLE4,TOMM6,USP49,ENSG00000288721,MED20,BYSL	0.003873417545770629	0.004646662148941742
chr6	41053202	42181338	APOBEC2,NFYA,TREML1,TREM2,TREML2,TREML4,TREM1,NCR2,FOXP4,MDFI,TFEB,PGC,FRS3,ENSG00000124593,PRICKLE4,TOMM6,USP49,ENSG00000288721,MED20,BYSL,CCND3,TAF8,C6orf132,GUCA1ANB,GUCA1A	0.0051460778612568946	0.005263574730592328
chr6	41228339	42722597	TREML4,TREM1,NCR2,FOXP4,MDFI,TFEB,PGC,FRS3,ENSG00000124593,PRICKLE4,TOMM6,USP49,ENSG00000288721,MED20,BYSL,CCND3,TAF8,C6orf132,GUCA1ANB,GUCA1A,GUCA1B,MRPS10,TRERF1,UBR2,PRPH2	0.006999716261925582	0.006469623520048794
chr6	41683978	42925838	TFEB,PGC,FRS3,ENSG00000124593,PRICKLE4,TOMM6,USP49,ENSG00000288721,MED20,BYSL,CCND3,TAF8,C6orf132,GUCA1ANB,GUCA1A,GUCA1B,MRPS10,TRERF1,UBR2,PRPH2,TBCC,BICRAL,RPL7L1,C6orf226,PTCRA	0.008208181448945567	0.00796345667116723
chr6	41787662	43016868	TOMM6,USP49,ENSG00000288721,MED20,BYSL,CCND3,TAF8,C6orf132,GUCA1ANB,GUCA1A,GUCA1B,MRPS10,TRERF1,UBR2,PRPH2,TBCC,BICRAL,RPL7L1,C6orf226,PTCRA,CNPY3,GNMT,PEX6,PPP2R5D,MEA1	0.013149277089663349	0.014696813159427991
chr6	41934934	43075095	CCND3,TAF8,C6orf132,GUCA1ANB,GUCA1A,GUCA1B,MRPS10,TRERF1,UBR2,PRPH2,TBCC,BICRAL,RPL7L1,C6orf226,PTCRA,CNPY3,GNMT,PEX6,PPP2R5D,MEA1,KLHDC3,RRP36,CUL7,KLC4,ENSG00000288564	0.009346087056423851	0.009629829047375036
chr6	42183284	43229481	GUCA1B,MRPS10,TRERF1,UBR2,PRPH2,TBCC,BICRAL,RPL7L1,C6orf226,PTCRA,CNPY3,GNMT,PEX6,PPP2R5D,MEA1,KLHDC3,RRP36,CUL7,KLC4,ENSG00000288564,MRPL2,PTK7,SRF,CUL9,DNPH1	0.010389846011353643	0.011557416542217796
chr6	42744498	43450427	TBCC,BICRAL,RPL7L1,C6orf226,PTCRA,CNPY3,GNMT,PEX6,PPP2R5D,MEA1,KLHDC3,RRP36,CUL7,KLC4,ENSG00000288564,MRPL2,PTK7,SRF,CUL9,DNPH1,TTBK1,SLC22A7,CRIP3,ZNF318,ABCC10	0.011807463785609278	0.015186975466834018
chr6	42929480	43562419	CNPY3,GNMT,PEX6,PPP2R5D,MEA1,KLHDC3,RRP36,CUL7,KLC4,ENSG00000288564,MRPL2,PTK7,SRF,CUL9,DNPH1,TTBK1,SLC22A7,CRIP3,ZNF318,ABCC10,DLK2,TJAP1,LRRC73,POLR1C,YIPF3	0.011558816374889216	0.013914041786177878
chr6	43014103	43672600	KLHDC3,RRP36,CUL7,KLC4,ENSG00000288564,MRPL2,PTK7,SRF,CUL9,DNPH1,TTBK1,SLC22A7,CRIP3,ZNF318,ABCC10,DLK2,TJAP1,LRRC73,POLR1C,YIPF3,XPO5,POLH,GTPBP2,MAD2L1BP,RSPH9	0.008131437812794781	0.010743634327759412
chr6	43054029	44184401	MRPL2,PTK7,SRF,CUL9,DNPH1,TTBK1,SLC22A7,CRIP3,ZNF318,ABCC10,DLK2,TJAP1,LRRC73,POLR1C,YIPF3,XPO5,POLH,GTPBP2,MAD2L1BP,RSPH9,MRPS18A,VEGFA,MRPL14,TMEM63B,CAPN11	0.01252103086416466	0.014553068554741186
chr6	43243481	44265788	TTBK1,SLC22A7,CRIP3,ZNF318,ABCC10,DLK2,TJAP1,LRRC73,POLR1C,YIPF3,XPO5,POLH,GTPBP2,MAD2L1BP,RSPH9,MRPS18A,VEGFA,MRPL14,TMEM63B,CAPN11,MYMX,SLC29A1,HSP90AB1,SLC35B2,NFKBIE	0.014382575721009762	0.013807440548627327
chr6	43450352	44380179	DLK2,TJAP1,LRRC73,POLR1C,YIPF3,XPO5,POLH,GTPBP2,MAD2L1BP,RSPH9,MRPS18A,VEGFA,MRPL14,TMEM63B,CAPN11,MYMX,SLC29A1,HSP90AB1,SLC35B2,NFKBIE,TMEM151B,ENSG00000272442,TCTE1,AARS2,SPATS1	0.011729013983016274	0.011597098387134392
chr6	43522334	46146688	XPO5,POLH,GTPBP2,MAD2L1BP,RSPH9,MRPS18A,VEGFA,MRPL14,TMEM63B,CAPN11,MYMX,SLC29A1,HSP90AB1,SLC35B2,NFKBIE,TMEM151B,ENSG00000272442,TCTE1,AARS2,SPATS1,CDC5L,SUPT3H,RUNX2,CLIC5,ENPP4	-0.0011417847324882162	0.00482616972158977
chr6	43671202	46704319	MRPS18A,VEGFA,MRPL14,TMEM63B,CAPN11,MYMX,SLC29A1,HSP90AB1,SLC35B2,NFKBIE,TMEM151B,ENSG00000272442,TCTE1,AARS2,SPATS1,CDC5L,SUPT3H,RUNX2,CLIC5,ENPP4,ENPP5,RCAN2,CYP39A1,SLC25A27,TDRD6	0.004143513445678159	0.00752131411854224
chr6	44216926	47042350	MYMX,SLC29A1,HSP90AB1,SLC35B2,NFKBIE,TMEM151B,ENSG00000272442,TCTE1,AARS2,SPATS1,CDC5L,SUPT3H,RUNX2,CLIC5,ENPP4,ENPP5,RCAN2,CYP39A1,SLC25A27,TDRD6,PLA2G7,ANKRD66,MEP1A,ADGRF5,ADGRF1	0.006149297848865832	0.007755490885863218
chr6	44270450	48111197	TMEM151B,ENSG00000272442,TCTE1,AARS2,SPATS1,CDC5L,SUPT3H,RUNX2,CLIC5,ENPP4,ENPP5,RCAN2,CYP39A1,SLC25A27,TDRD6,PLA2G7,ANKRD66,MEP1A,ADGRF5,ADGRF1,TNFRSF21,CD2AP,ADGRF4,OPN5,PTCHD4	0.00360038066453779	0.0032542947328143964
chr6	44387706	49636839	CDC5L,SUPT3H,RUNX2,CLIC5,ENPP4,ENPP5,RCAN2,CYP39A1,SLC25A27,TDRD6,PLA2G7,ANKRD66,MEP1A,ADGRF5,ADGRF1,TNFRSF21,CD2AP,ADGRF4,OPN5,PTCHD4,MMUT,CENPQ,GLYATL3,C6orf141,RHAG	0.002912843334374002	0.001901644329715259
chr6	46159185	49964164	ENPP5,RCAN2,CYP39A1,SLC25A27,TDRD6,PLA2G7,ANKRD66,MEP1A,ADGRF5,ADGRF1,TNFRSF21,CD2AP,ADGRF4,OPN5,PTCHD4,MMUT,CENPQ,GLYATL3,C6orf141,RHAG,CRISP2,CRISP3,PGK2,CRISP1,DEFB114	0.006355234220314395	0.004814469944968469
chr6	46704201	50847619	PLA2G7,ANKRD66,MEP1A,ADGRF5,ADGRF1,TNFRSF21,CD2AP,ADGRF4,OPN5,PTCHD4,MMUT,CENPQ,GLYATL3,C6orf141,RHAG,CRISP2,CRISP3,PGK2,CRISP1,DEFB114,DEFB113,DEFB110,DEFB112,TFAP2D,TFAP2B	0.006524308200407981	0.004098755784049851
chr6	47231532	52407777	TNFRSF21,CD2AP,ADGRF4,OPN5,PTCHD4,MMUT,CENPQ,GLYATL3,C6orf141,RHAG,CRISP2,CRISP3,PGK2,CRISP1,DEFB114,DEFB113,DEFB110,DEFB112,TFAP2D,TFAP2B,PKHD1,IL17A,IL17F,MCM3,PAQR8	0.002330757884755274	0.0008198170135636127
chr6	49430360	52803860	MMUT,CENPQ,GLYATL3,C6orf141,RHAG,CRISP2,CRISP3,PGK2,CRISP1,DEFB114,DEFB113,DEFB110,DEFB112,TFAP2D,TFAP2B,PKHD1,IL17A,IL17F,MCM3,PAQR8,EFHC1,TRAM2,TMEM14A,GSTA2,GSTA1	0.002874660800487606	0.0008290918664439023
chr6	49692358	53061824	CRISP2,CRISP3,PGK2,CRISP1,DEFB114,DEFB113,DEFB110,DEFB112,TFAP2D,TFAP2B,PKHD1,IL17A,IL17F,MCM3,PAQR8,EFHC1,TRAM2,TMEM14A,GSTA2,GSTA1,GSTA5,GSTA3,GSTA4,CILK1,ENSG00000288614	0.00557083717892907	0.005022506754785817
chr6	49968677	53616970	DEFB113,DEFB110,DEFB112,TFAP2D,TFAP2B,PKHD1,IL17A,IL17F,MCM3,PAQR8,EFHC1,TRAM2,TMEM14A,GSTA2,GSTA1,GSTA5,GSTA3,GSTA4,CILK1,ENSG00000288614,FBXO9,ENSG00000288646,GCM1,ELOVL5,GCLC	0.006078274614473703	0.012178847587864383
chr6	51615299	54945099	PKHD1,IL17A,IL17F,MCM3,PAQR8,EFHC1,TRAM2,TMEM14A,GSTA2,GSTA1,GSTA5,GSTA3,GSTA4,CILK1,ENSG00000288614,FBXO9,ENSG00000288646,GCM1,ELOVL5,GCLC,KLHL31,LRRC1,MLIP,TINAG,FAM83B	-0.0050776055661297245	0.006128499915759209
chr6	52362123	56394094	EFHC1,TRAM2,TMEM14A,GSTA2,GSTA1,GSTA5,GSTA3,GSTA4,CILK1,ENSG00000288614,FBXO9,ENSG00000288646,GCM1,ELOVL5,GCLC,KLHL31,LRRC1,MLIP,TINAG,FAM83B,HCRTR2,GFRAL,HMGCLL1,BMP5,COL21A1	0.005150166050521742	0.011219717748156763
chr6	52831655	57189833	GSTA5,GSTA3,GSTA4,CILK1,ENSG00000288614,FBXO9,ENSG00000288646,GCM1,ELOVL5,GCLC,KLHL31,LRRC1,MLIP,TINAG,FAM83B,HCRTR2,GFRAL,HMGCLL1,BMP5,COL21A1,DST,BEND6,KIAA1586,ZNF451,BAG2	0.004175815460281891	0.0077471546965011155
chr6	53051991	63319983	FBXO9,ENSG00000288646,GCM1,ELOVL5,GCLC,KLHL31,LRRC1,MLIP,TINAG,FAM83B,HCRTR2,GFRAL,HMGCLL1,BMP5,COL21A1,DST,BEND6,KIAA1586,ZNF451,BAG2,RAB23,PRIM2,KHDRBS2,FKBP1C,LGSN	0.010634320993142977	0.012720274203598099
chr6	53647916	69390571	KLHL31,LRRC1,MLIP,TINAG,FAM83B,HCRTR2,GFRAL,HMGCLL1,BMP5,COL21A1,DST,BEND6,KIAA1586,ZNF451,BAG2,RAB23,PRIM2,KHDRBS2,FKBP1C,LGSN,PTP4A1,ENSG00000285976,PHF3,EYS,ADGRB3	0.010241642543355573	0.01610770981214995
chr6	55106460	70561174	HCRTR2,GFRAL,HMGCLL1,BMP5,COL21A1,DST,BEND6,KIAA1586,ZNF451,BAG2,RAB23,PRIM2,KHDRBS2,FKBP1C,LGSN,PTP4A1,ENSG00000285976,PHF3,EYS,ADGRB3,ENSG00000288712,LMBRD1,COL19A1,COL9A1,FAM135A	0.010593538621817096	0.014581572002939146
chr6	56457987	72403150	DST,BEND6,KIAA1586,ZNF451,BAG2,RAB23,PRIM2,KHDRBS2,FKBP1C,LGSN,PTP4A1,ENSG00000285976,PHF3,EYS,ADGRB3,ENSG00000288712,LMBRD1,COL19A1,COL9A1,FAM135A,SDHAF4,SMAP1,B3GAT2,OGFRL1,RIMS1	0.01435055570223896	0.017027850386724344
chr6	57186992	73354276	RAB23,PRIM2,KHDRBS2,FKBP1C,LGSN,PTP4A1,ENSG00000285976,PHF3,EYS,ADGRB3,ENSG00000288712,LMBRD1,COL19A1,COL9A1,FAM135A,SDHAF4,SMAP1,B3GAT2,OGFRL1,RIMS1,KCNQ5,ENSG00000243501,KHDC1L,KHDC1,DPPA5	0.017067646757950344	0.017019454127938916
chr6	63521746	73509236	PTP4A1,ENSG00000285976,PHF3,EYS,ADGRB3,ENSG00000288712,LMBRD1,COL19A1,COL9A1,FAM135A,SDHAF4,SMAP1,B3GAT2,OGFRL1,RIMS1,KCNQ5,ENSG00000243501,KHDC1L,KHDC1,DPPA5,KHDC3L,OOEP,DDX43,CGAS,MTO1	0.020043407246015606	0.016008544546664973
chr6	68635890	75250323	ENSG00000288712,LMBRD1,COL19A1,COL9A1,FAM135A,SDHAF4,SMAP1,B3GAT2,OGFRL1,RIMS1,KCNQ5,ENSG00000243501,KHDC1L,KHDC1,DPPA5,KHDC3L,OOEP,DDX43,CGAS,MTO1,EEF1A1,SLC17A5,CD109,COL12A1,COX7A2	0.007122153190169381	0.004880278746277244
chr6	70566917	76072678	SDHAF4,SMAP1,B3GAT2,OGFRL1,RIMS1,KCNQ5,ENSG00000243501,KHDC1L,KHDC1,DPPA5,KHDC3L,OOEP,DDX43,CGAS,MTO1,EEF1A1,SLC17A5,CD109,COL12A1,COX7A2,TMEM30A,FILIP1,SENP6,MYO6,IMPG1	-0.0035682184696634606	0.0015562230790609232
chr6	72621792	79234689	KCNQ5,ENSG00000243501,KHDC1L,KHDC1,DPPA5,KHDC3L,OOEP,DDX43,CGAS,MTO1,EEF1A1,SLC17A5,CD109,COL12A1,COX7A2,TMEM30A,FILIP1,SENP6,MYO6,IMPG1,HTR1B,MEI4,IRAK1BP1,PHIP,HMGN3	-0.01228910304557645	0.0008741861690062755
chr6	73362658	80346270	KHDC3L,OOEP,DDX43,CGAS,MTO1,EEF1A1,SLC17A5,CD109,COL12A1,COX7A2,TMEM30A,FILIP1,SENP6,MYO6,IMPG1,HTR1B,MEI4,IRAK1BP1,PHIP,HMGN3,LCA5,SH3BGRL2,ELOVL4,TTK,BCKDHB	-0.008083572689764	0.006324532677441398
chr6	73489308	83171350	EEF1A1,SLC17A5,CD109,COL12A1,COX7A2,TMEM30A,FILIP1,SENP6,MYO6,IMPG1,HTR1B,MEI4,IRAK1BP1,PHIP,HMGN3,LCA5,SH3BGRL2,ELOVL4,TTK,BCKDHB,TENT5A,IBTK,TPBG,UBE3D,DOP1A	0.0012692420754858394	0.0071715302769568634
chr6	75252924	83709691	TMEM30A,FILIP1,SENP6,MYO6,IMPG1,HTR1B,MEI4,IRAK1BP1,PHIP,HMGN3,LCA5,SH3BGRL2,ELOVL4,TTK,BCKDHB,TENT5A,IBTK,TPBG,UBE3D,DOP1A,PGM3,RWDD2A,ME1,PRSS35,SNAP91	0.01090487551328909	0.01067700518522073
chr6	77460924	84764598	HTR1B,MEI4,IRAK1BP1,PHIP,HMGN3,LCA5,SH3BGRL2,ELOVL4,TTK,BCKDHB,TENT5A,IBTK,TPBG,UBE3D,DOP1A,PGM3,RWDD2A,ME1,PRSS35,SNAP91,RIPPLY2,CYB5R4,MRAP2,CEP162,TBX18	0.013258887347577422	0.012582332392226742
chr6	79484991	87016679	LCA5,SH3BGRL2,ELOVL4,TTK,BCKDHB,TENT5A,IBTK,TPBG,UBE3D,DOP1A,PGM3,RWDD2A,ME1,PRSS35,SNAP91,RIPPLY2,CYB5R4,MRAP2,CEP162,TBX18,NT5E,SNX14,ENSG00000271793,SYNCRIP,HTR1E	0.010605122183302182	0.011697806713508367
chr6	81491439	87399749	TENT5A,IBTK,TPBG,UBE3D,DOP1A,PGM3,RWDD2A,ME1,PRSS35,SNAP91,RIPPLY2,CYB5R4,MRAP2,CEP162,TBX18,NT5E,SNX14,ENSG00000271793,SYNCRIP,HTR1E,CGA,ZNF292,GJB7,SMIM8,C6orf163	0.011191520555998787	0.012545567989518848
chr6	83147324	87667453	PGM3,RWDD2A,ME1,PRSS35,SNAP91,RIPPLY2,CYB5R4,MRAP2,CEP162,TBX18,NT5E,SNX14,ENSG00000271793,SYNCRIP,HTR1E,CGA,ZNF292,GJB7,SMIM8,C6orf163,CFAP206,ENSG00000213204,SLC35A1,RARS2,ORC3	0.014271327867034011	0.012758113070151234
chr6	83853360	89085160	RIPPLY2,CYB5R4,MRAP2,CEP162,TBX18,NT5E,SNX14,ENSG00000271793,SYNCRIP,HTR1E,CGA,ZNF292,GJB7,SMIM8,C6orf163,CFAP206,ENSG00000213204,SLC35A1,RARS2,ORC3,AKIRIN2,SPACA1,CNR1,RNGTT,PNRC1	0.011188811542574652	0.009481678306636022
chr6	85449584	89352722	NT5E,SNX14,ENSG00000271793,SYNCRIP,HTR1E,CGA,ZNF292,GJB7,SMIM8,C6orf163,CFAP206,ENSG00000213204,SLC35A1,RARS2,ORC3,AKIRIN2,SPACA1,CNR1,RNGTT,PNRC1,SRSF12,PM20D2,GABRR1,GABRR2,UBE2J1	0.010032770732471327	0.010131871439174125
chr6	87085498	89874436	CGA,ZNF292,GJB7,SMIM8,C6orf163,CFAP206,ENSG00000213204,SLC35A1,RARS2,ORC3,AKIRIN2,SPACA1,CNR1,RNGTT,PNRC1,SRSF12,PM20D2,GABRR1,GABRR2,UBE2J1,RRAGD,ANKRD6,LYRM2,MDN1,CASP8AP2	0.006488832637557508	0.00810058089457931
chr6	87407972	95609470	CFAP206,ENSG00000213204,SLC35A1,RARS2,ORC3,AKIRIN2,SPACA1,CNR1,RNGTT,PNRC1,SRSF12,PM20D2,GABRR1,GABRR2,UBE2J1,RRAGD,ANKRD6,LYRM2,MDN1,CASP8AP2,GJA10,BACH2,MAP3K7,EPHA7,MANEA	0.01083564292415927	0.011027738847646988
chr6	87674860	96897891	AKIRIN2,SPACA1,CNR1,RNGTT,PNRC1,SRSF12,PM20D2,GABRR1,GABRR2,UBE2J1,RRAGD,ANKRD6,LYRM2,MDN1,CASP8AP2,GJA10,BACH2,MAP3K7,EPHA7,MANEA,FUT9,UFL1,FHL5,GPR63,NDUFAF4	0.01683927045989333	0.014274249752880101
chr6	89095959	99350062	SRSF12,PM20D2,GABRR1,GABRR2,UBE2J1,RRAGD,ANKRD6,LYRM2,MDN1,CASP8AP2,GJA10,BACH2,MAP3K7,EPHA7,MANEA,FUT9,UFL1,FHL5,GPR63,NDUFAF4,KLHL32,MMS22L,POU3F2,FBXL4,FAXC	0.01962195526280368	0.015359774802204405
chr6	89364616	99589899	RRAGD,ANKRD6,LYRM2,MDN1,CASP8AP2,GJA10,BACH2,MAP3K7,EPHA7,MANEA,FUT9,UFL1,FHL5,GPR63,NDUFAF4,KLHL32,MMS22L,POU3F2,FBXL4,FAXC,COQ3,PNISR,USP45,TSTD3,CCNC	0.022102543746446848	0.014623504714787667
chr6	89894469	102081622	GJA10,BACH2,MAP3K7,EPHA7,MANEA,FUT9,UFL1,FHL5,GPR63,NDUFAF4,KLHL32,MMS22L,POU3F2,FBXL4,FAXC,COQ3,PNISR,USP45,TSTD3,CCNC,PRDM13,MCHR2,SIM1,ASCC3,GRIK2	0.02199886918573978	0.01271938361349464
chr6	96015974	105454062	FUT9,UFL1,FHL5,GPR63,NDUFAF4,KLHL32,MMS22L,POU3F2,FBXL4,FAXC,COQ3,PNISR,USP45,TSTD3,CCNC,PRDM13,MCHR2,SIM1,ASCC3,GRIK2,HACE1,LIN28B,BVES,POPDC3,PREP	0.024785680401299602	0.010649159853241483
chr6	96924620	106668417	KLHL32,MMS22L,POU3F2,FBXL4,FAXC,COQ3,PNISR,USP45,TSTD3,CCNC,PRDM13,MCHR2,SIM1,ASCC3,GRIK2,HACE1,LIN28B,BVES,POPDC3,PREP,PRDM1,ATG5,CRYBG1,RTN4IP1,QRSL1	0.025830547569078967	0.014240546246118676
chr6	99369401	107661306	COQ3,PNISR,USP45,TSTD3,CCNC,PRDM13,MCHR2,SIM1,ASCC3,GRIK2,HACE1,LIN28B,BVES,POPDC3,PREP,PRDM1,ATG5,CRYBG1,RTN4IP1,QRSL1,CD24,MTRES1,BEND3,PDSS2,SOBP	0.016331301193684426	0.011655144867886321
chr6	99606774	108261246	PRDM13,MCHR2,SIM1,ASCC3,GRIK2,HACE1,LIN28B,BVES,POPDC3,PREP,PRDM1,ATG5,CRYBG1,RTN4IP1,QRSL1,CD24,MTRES1,BEND3,PDSS2,SOBP,SCML4,SEC63,OSTM1,NR2E1,SNX3	0.0039028646277732204	0.00625192888643
chr6	104728094	109174418	HACE1,LIN28B,BVES,POPDC3,PREP,PRDM1,ATG5,CRYBG1,RTN4IP1,QRSL1,CD24,MTRES1,BEND3,PDSS2,SOBP,SCML4,SEC63,OSTM1,NR2E1,SNX3,AFG1L,FOXO3,ARMC2,SESN1,CEP57L1	0.0016892287135977816	0.005570227288614953
chr6	105993463	109483239	PRDM1,ATG5,CRYBG1,RTN4IP1,QRSL1,CD24,MTRES1,BEND3,PDSS2,SOBP,SCML4,SEC63,OSTM1,NR2E1,SNX3,AFG1L,FOXO3,ARMC2,SESN1,CEP57L1,CD164,PPIL6,SMPD2,MICAL1,ZBTB24	0.012830738284877264	0.0121738673092725
chr6	106969831	110254275	CD24,MTRES1,BEND3,PDSS2,SOBP,SCML4,SEC63,OSTM1,NR2E1,SNX3,AFG1L,FOXO3,ARMC2,SESN1,CEP57L1,CD164,PPIL6,SMPD2,MICAL1,ZBTB24,AK9,FIG4,GPR6,WASF1,CDC40	0.016741539828933453	0.015094189500632517
chr6	107702154	110898879	SCML4,SEC63,OSTM1,NR2E1,SNX3,AFG1L,FOXO3,ARMC2,SESN1,CEP57L1,CD164,PPIL6,SMPD2,MICAL1,ZBTB24,AK9,FIG4,GPR6,WASF1,CDC40,METTL24,DDO,SLC22A16,CDK19,AMD1	0.01456610613991299	0.015050632674943182
chr6	108294991	111483715	AFG1L,FOXO3,ARMC2,SESN1,CEP57L1,CD164,PPIL6,SMPD2,MICAL1,ZBTB24,AK9,FIG4,GPR6,WASF1,CDC40,METTL24,DDO,SLC22A16,CDK19,AMD1,GTF3C6,RPF2,SLC16A10,MFSD4B,REV3L	0.013256965378634581	0.015218243128593255
chr6	109366514	112102790	CD164,PPIL6,SMPD2,MICAL1,ZBTB24,AK9,FIG4,GPR6,WASF1,CDC40,METTL24,DDO,SLC22A16,CDK19,AMD1,GTF3C6,RPF2,SLC16A10,MFSD4B,REV3L,TRAF3IP2,FYN,CCN6,TUBE1,FAM229B	0.013669811264835689	0.0100747402196342
chr6	109492855	114011308	AK9,FIG4,GPR6,WASF1,CDC40,METTL24,DDO,SLC22A16,CDK19,AMD1,GTF3C6,RPF2,SLC16A10,MFSD4B,REV3L,TRAF3IP2,FYN,CCN6,TUBE1,FAM229B,LAMA4,ENSG00000281613,RFPL4B,MARCKS,HDAC2	0.014684700335732114	0.007886198846021899
chr6	110243940	116254075	METTL24,DDO,SLC22A16,CDK19,AMD1,GTF3C6,RPF2,SLC16A10,MFSD4B,REV3L,TRAF3IP2,FYN,CCN6,TUBE1,FAM229B,LAMA4,ENSG00000281613,RFPL4B,MARCKS,HDAC2,HS3ST5,FRK,NT5DC1,COL10A1,TSPYL4	0.012576521062326302	0.0079119714198618
chr6	110958706	116545684	GTF3C6,RPF2,SLC16A10,MFSD4B,REV3L,TRAF3IP2,FYN,CCN6,TUBE1,FAM229B,LAMA4,ENSG00000281613,RFPL4B,MARCKS,HDAC2,HS3ST5,FRK,NT5DC1,COL10A1,TSPYL4,DSE,TSPYL1,ENSG00000285446,CALHM6,TRAPPC3L	0.0037600623972534344	0.003373828193852786
chr6	111555381	116668794	TRAF3IP2,FYN,CCN6,TUBE1,FAM229B,LAMA4,ENSG00000281613,RFPL4B,MARCKS,HDAC2,HS3ST5,FRK,NT5DC1,COL10A1,TSPYL4,DSE,TSPYL1,ENSG00000285446,CALHM6,TRAPPC3L,CALHM5,CALHM4,RWDD1,RSPH4A,ZUP1	0.0030332428466210573	0.006219544153026397
chr6	112107931	117273565	LAMA4,ENSG00000281613,RFPL4B,MARCKS,HDAC2,HS3ST5,FRK,NT5DC1,COL10A1,TSPYL4,DSE,TSPYL1,ENSG00000285446,CALHM6,TRAPPC3L,CALHM5,CALHM4,RWDD1,RSPH4A,ZUP1,KPNA5,FAM162B,GPRC6A,RFX6,VGLL2	0.008542227873870727	0.01059530457875698
chr6	114055596	117710727	HS3ST5,FRK,NT5DC1,COL10A1,TSPYL4,DSE,TSPYL1,ENSG00000285446,CALHM6,TRAPPC3L,CALHM5,CALHM4,RWDD1,RSPH4A,ZUP1,KPNA5,FAM162B,GPRC6A,RFX6,VGLL2,ROS1,ENSG00000282218,DCBLD1,GOPC,NUS1	0.011502940723269236	0.013789034543107927
chr6	116254173	118935162	DSE,TSPYL1,ENSG00000285446,CALHM6,TRAPPC3L,CALHM5,CALHM4,RWDD1,RSPH4A,ZUP1,KPNA5,FAM162B,GPRC6A,RFX6,VGLL2,ROS1,ENSG00000282218,DCBLD1,GOPC,NUS1,SLC35F1,CEP85L,PLN,MCM9,ASF1A	0.008972708845353988	0.009421706251171481
chr6	116511639	122433119	CALHM5,CALHM4,RWDD1,RSPH4A,ZUP1,KPNA5,FAM162B,GPRC6A,RFX6,VGLL2,ROS1,ENSG00000282218,DCBLD1,GOPC,NUS1,SLC35F1,CEP85L,PLN,MCM9,ASF1A,FAM184A,MAN1A1,TBC1D32,GJA1,HSF2	0.011171626542756217	0.013110289065800796
chr6	116681187	123072925	KPNA5,FAM162B,GPRC6A,RFX6,VGLL2,ROS1,ENSG00000282218,DCBLD1,GOPC,NUS1,SLC35F1,CEP85L,PLN,MCM9,ASF1A,FAM184A,MAN1A1,TBC1D32,GJA1,HSF2,SERINC1,PKIB,FABP7,SMPDL3A,CLVS2	0.004992307796992549	0.013520752437060295
chr6	117287353	125302078	ROS1,ENSG00000282218,DCBLD1,GOPC,NUS1,SLC35F1,CEP85L,PLN,MCM9,ASF1A,FAM184A,MAN1A1,TBC1D32,GJA1,HSF2,SERINC1,PKIB,FABP7,SMPDL3A,CLVS2,TRDN,NKAIN2,RNF217,TPD52L1,HDDC2	-0.012785202811899567	0.005946079702394876
chr6	117907264	126348875	SLC35F1,CEP85L,PLN,MCM9,ASF1A,FAM184A,MAN1A1,TBC1D32,GJA1,HSF2,SERINC1,PKIB,FABP7,SMPDL3A,CLVS2,TRDN,NKAIN2,RNF217,TPD52L1,HDDC2,HEY2,NCOA7,HINT3,TRMT11,CENPW	-0.0179103612023394	0.004794064763710124
chr6	118959763	127519001	FAM184A,MAN1A1,TBC1D32,GJA1,HSF2,SERINC1,PKIB,FABP7,SMPDL3A,CLVS2,TRDN,NKAIN2,RNF217,TPD52L1,HDDC2,HEY2,NCOA7,HINT3,TRMT11,CENPW,RSPO3,RNF146,ECHDC1,KIAA0408,ENSG00000255330	0.0021855568215658223	0.007235259489453977
chr6	122443351	129516566	SERINC1,PKIB,FABP7,SMPDL3A,CLVS2,TRDN,NKAIN2,RNF217,TPD52L1,HDDC2,HEY2,NCOA7,HINT3,TRMT11,CENPW,RSPO3,RNF146,ECHDC1,KIAA0408,ENSG00000255330,SOGA3,C6orf58,THEMIS,PTPRK,LAMA2	0.024769389936960227	0.014581772613637538
chr6	123216339	130443067	TRDN,NKAIN2,RNF217,TPD52L1,HDDC2,HEY2,NCOA7,HINT3,TRMT11,CENPW,RSPO3,RNF146,ECHDC1,KIAA0408,ENSG00000255330,SOGA3,C6orf58,THEMIS,PTPRK,LAMA2,ARHGAP18,TMEM244,L3MBTL3,SAMD3,TMEM200A	0.02927062812093046	0.017534706248312718
chr6	125747664	131628242	HEY2,NCOA7,HINT3,TRMT11,CENPW,RSPO3,RNF146,ECHDC1,KIAA0408,ENSG00000255330,SOGA3,C6orf58,THEMIS,PTPRK,LAMA2,ARHGAP18,TMEM244,L3MBTL3,SAMD3,TMEM200A,SMLR1,EPB41L2,AKAP7,ARG1,MED23	0.011827655038747375	0.007893629282463227
chr6	127118671	131951372	RSPO3,RNF146,ECHDC1,KIAA0408,ENSG00000255330,SOGA3,C6orf58,THEMIS,PTPRK,LAMA2,ARHGAP18,TMEM244,L3MBTL3,SAMD3,TMEM200A,SMLR1,EPB41L2,AKAP7,ARG1,MED23,ENPP3,OR2A4,CTAGE9,ENPP1,CCN2	0.006629267211147492	0.0058404906174337684
chr6	127472806	132571359	SOGA3,C6orf58,THEMIS,PTPRK,LAMA2,ARHGAP18,TMEM244,L3MBTL3,SAMD3,TMEM200A,SMLR1,EPB41L2,AKAP7,ARG1,MED23,ENPP3,OR2A4,CTAGE9,ENPP1,CCN2,MOXD1,STX7,TAAR9,TAAR8,TAAR6	0.00586631686301722	0.0058757170849896715
chr6	129576132	132763459	ARHGAP18,TMEM244,L3MBTL3,SAMD3,TMEM200A,SMLR1,EPB41L2,AKAP7,ARG1,MED23,ENPP3,OR2A4,CTAGE9,ENPP1,CCN2,MOXD1,STX7,TAAR9,TAAR8,TAAR6,TAAR5,TAAR2,TAAR1,VNN1,VNN2	0.00487344803630983	0.005350398157253185
chr6	130827406	133990432	SMLR1,EPB41L2,AKAP7,ARG1,MED23,ENPP3,OR2A4,CTAGE9,ENPP1,CCN2,MOXD1,STX7,TAAR9,TAAR8,TAAR6,TAAR5,TAAR2,TAAR1,VNN1,VNN2,SLC18B1,RPS12,EYA4,TCF21,TBPL1	0.004766021507362364	0.006343670644288179
chr6	131628442	135103056	ENPP3,OR2A4,CTAGE9,ENPP1,CCN2,MOXD1,STX7,TAAR9,TAAR8,TAAR6,TAAR5,TAAR2,TAAR1,VNN1,VNN2,SLC18B1,RPS12,EYA4,TCF21,TBPL1,ENSG00000288529,SLC2A12,SGK1,ALDH8A1,HBS1L	-0.0010608934934901162	0.0016231303244027039
chr6	132296055	136289851	MOXD1,STX7,TAAR9,TAAR8,TAAR6,TAAR5,TAAR2,TAAR1,VNN1,VNN2,SLC18B1,RPS12,EYA4,TCF21,TBPL1,ENSG00000288529,SLC2A12,SGK1,ALDH8A1,HBS1L,MYB,AHI1,PDE7B,MTFR2,BCLAF1	-0.0031771842517574955	0.0033759041955328905
chr6	132588592	137045180	TAAR5,TAAR2,TAAR1,VNN1,VNN2,SLC18B1,RPS12,EYA4,TCF21,TBPL1,ENSG00000288529,SLC2A12,SGK1,ALDH8A1,HBS1L,MYB,AHI1,PDE7B,MTFR2,BCLAF1,MAP7,MAP3K5,PEX7,SLC35D3,IL20RA	0.007326721213527094	0.010392936364831648
chr6	132769370	138107419	SLC18B1,RPS12,EYA4,TCF21,TBPL1,ENSG00000288529,SLC2A12,SGK1,ALDH8A1,HBS1L,MYB,AHI1,PDE7B,MTFR2,BCLAF1,MAP7,MAP3K5,PEX7,SLC35D3,IL20RA,IL22RA2,IFNGR1,OLIG3,TNFAIP3,PERP	0.014538634257063355	0.013894732264210223
chr6	133953304	138692571	ENSG00000288529,SLC2A12,SGK1,ALDH8A1,HBS1L,MYB,AHI1,PDE7B,MTFR2,BCLAF1,MAP7,MAP3K5,PEX7,SLC35D3,IL20RA,IL22RA2,IFNGR1,OLIG3,TNFAIP3,PERP,ARFGEF3,PBOV1,SMIM28,HEBP2,NHSL1	0.009220402168283957	0.008913024010229373
chr6	135181308	139180802	MYB,AHI1,PDE7B,MTFR2,BCLAF1,MAP7,MAP3K5,PEX7,SLC35D3,IL20RA,IL22RA2,IFNGR1,OLIG3,TNFAIP3,PERP,ARFGEF3,PBOV1,SMIM28,HEBP2,NHSL1,CCDC28A,ECT2L,REPS1,ABRACL,HECA	0.004908676694978659	0.006926908398451
chr6	136342281	142224685	MAP7,MAP3K5,PEX7,SLC35D3,IL20RA,IL22RA2,IFNGR1,OLIG3,TNFAIP3,PERP,ARFGEF3,PBOV1,SMIM28,HEBP2,NHSL1,CCDC28A,ECT2L,REPS1,ABRACL,HECA,TXLNB,CITED2,NMBR,GJE1,VTA1	-0.006070194159843499	0.012507727239681174
chr6	137143820	143490616	IL22RA2,IFNGR1,OLIG3,TNFAIP3,PERP,ARFGEF3,PBOV1,SMIM28,HEBP2,NHSL1,CCDC28A,ECT2L,REPS1,ABRACL,HECA,TXLNB,CITED2,NMBR,GJE1,VTA1,ADGRG6,HIVEP2,AIG1,ADAT2,PEX3	-0.036942539402579876	0.004676817543261035
chr6	138161939	143938471	ARFGEF3,PBOV1,SMIM28,HEBP2,NHSL1,CCDC28A,ECT2L,REPS1,ABRACL,HECA,TXLNB,CITED2,NMBR,GJE1,VTA1,ADGRG6,HIVEP2,AIG1,ADAT2,PEX3,FUCA2,PHACTR2,ENSG00000257065,LTV1,ENSG00000280148	-0.023382985273185573	0.00834891685078822
chr6	138773769	144853034	CCDC28A,ECT2L,REPS1,ABRACL,HECA,TXLNB,CITED2,NMBR,GJE1,VTA1,ADGRG6,HIVEP2,AIG1,ADAT2,PEX3,FUCA2,PHACTR2,ENSG00000257065,LTV1,ENSG00000280148,ZC2HC1B,PLAGL1,SF3B5,STX11,UTRN	0.003495800971943674	0.01392985988138963
chr6	139240061	146554953	TXLNB,CITED2,NMBR,GJE1,VTA1,ADGRG6,HIVEP2,AIG1,ADAT2,PEX3,FUCA2,PHACTR2,ENSG00000257065,LTV1,ENSG00000280148,ZC2HC1B,PLAGL1,SF3B5,STX11,UTRN,EPM2A,FBXO30,SHPRH,GRM1,RAB32	0.01043938942156916	0.010820044741870849
chr6	142301854	149076990	ADGRG6,HIVEP2,AIG1,ADAT2,PEX3,FUCA2,PHACTR2,ENSG00000257065,LTV1,ENSG00000280148,ZC2HC1B,PLAGL1,SF3B5,STX11,UTRN,EPM2A,FBXO30,SHPRH,GRM1,RAB32,ADGB,STXBP5,SAMD5,SASH1,UST	0.015371232302600433	0.014235944436900747
chr6	143494812	149591748	FUCA2,PHACTR2,ENSG00000257065,LTV1,ENSG00000280148,ZC2HC1B,PLAGL1,SF3B5,STX11,UTRN,EPM2A,FBXO30,SHPRH,GRM1,RAB32,ADGB,STXBP5,SAMD5,SASH1,UST,TAB2,SUMO4,ZC3H12D,PPIL4,GINM1	0.015630113848538574	0.012763417712290129
chr6	143864436	149896011	ZC2HC1B,PLAGL1,SF3B5,STX11,UTRN,EPM2A,FBXO30,SHPRH,GRM1,RAB32,ADGB,STXBP5,SAMD5,SASH1,UST,TAB2,SUMO4,ZC3H12D,PPIL4,GINM1,KATNA1,LATS1,NUP43,PCMT1,ENSG00000285991	0.012538339151987047	0.008830825734910602
chr6	145382535	149973715	EPM2A,FBXO30,SHPRH,GRM1,RAB32,ADGB,STXBP5,SAMD5,SASH1,UST,TAB2,SUMO4,ZC3H12D,PPIL4,GINM1,KATNA1,LATS1,NUP43,PCMT1,ENSG00000285991,LRP11,RAET1E,RAET1G,ULBP2,ULBP1	0.020036519883275476	0.014813609154054249
chr6	146598967	150843665	ADGB,STXBP5,SAMD5,SASH1,UST,TAB2,SUMO4,ZC3H12D,PPIL4,GINM1,KATNA1,LATS1,NUP43,PCMT1,ENSG00000285991,LRP11,RAET1E,RAET1G,ULBP2,ULBP1,RAET1L,ULBP3,PPP1R14C,IYD,PLEKHG1	0.01929645833796594	0.013630753368866082
chr6	149218641	151470101	TAB2,SUMO4,ZC3H12D,PPIL4,GINM1,KATNA1,LATS1,NUP43,PCMT1,ENSG00000285991,LRP11,RAET1E,RAET1G,ULBP2,ULBP1,RAET1L,ULBP3,PPP1R14C,IYD,PLEKHG1,MTHFD1L,AKAP12,ZBTB2,RMND1,ARMT1	0.010380122492466589	0.0064613716867954534
chr6	149594873	152759765	KATNA1,LATS1,NUP43,PCMT1,ENSG00000285991,LRP11,RAET1E,RAET1G,ULBP2,ULBP1,RAET1L,ULBP3,PPP1R14C,IYD,PLEKHG1,MTHFD1L,AKAP12,ZBTB2,RMND1,ARMT1,CCDC170,ESR1,SYNE1,MYCT1,VIP	0.009083141614759718	0.004529983032246425
chr6	149818757	154356803	LRP11,RAET1E,RAET1G,ULBP2,ULBP1,RAET1L,ULBP3,PPP1R14C,IYD,PLEKHG1,MTHFD1L,AKAP12,ZBTB2,RMND1,ARMT1,CCDC170,ESR1,SYNE1,MYCT1,VIP,FBXO5,MTRF1L,RGS17,OPRM1,IPCEF1	0.01482202541678224	0.009637138752705636
chr6	150018334	155314493	RAET1L,ULBP3,PPP1R14C,IYD,PLEKHG1,MTHFD1L,AKAP12,ZBTB2,RMND1,ARMT1,CCDC170,ESR1,SYNE1,MYCT1,VIP,FBXO5,MTRF1L,RGS17,OPRM1,IPCEF1,ENSG00000288520,CNKSR3,SCAF8,TIAM2,TFB1M	0.01413155034702351	0.009970374447446981
chr6	150865679	157678157	MTHFD1L,AKAP12,ZBTB2,RMND1,ARMT1,CCDC170,ESR1,SYNE1,MYCT1,VIP,FBXO5,MTRF1L,RGS17,OPRM1,IPCEF1,ENSG00000288520,CNKSR3,SCAF8,TIAM2,TFB1M,CLDN20,NOX3,ARID1B,TMEM242,ZDHHC14	0.014482889119786279	0.011297621736605742
chr6	151494017	158511828	CCDC170,ESR1,SYNE1,MYCT1,VIP,FBXO5,MTRF1L,RGS17,OPRM1,IPCEF1,ENSG00000288520,CNKSR3,SCAF8,TIAM2,TFB1M,CLDN20,NOX3,ARID1B,TMEM242,ZDHHC14,SNX9,SYNJ2,SERAC1,GTF2H5,TULP4	0.01481988216445406	0.012304457890063196
chr6	152970519	159000202	FBXO5,MTRF1L,RGS17,OPRM1,IPCEF1,ENSG00000288520,CNKSR3,SCAF8,TIAM2,TFB1M,CLDN20,NOX3,ARID1B,TMEM242,ZDHHC14,SNX9,SYNJ2,SERAC1,GTF2H5,TULP4,TMEM181,DYNLT1,SYTL3,EZR,RSPH3	0.012431521498431127	0.01393641883621455
chr6	154159828	159779112	ENSG00000288520,CNKSR3,SCAF8,TIAM2,TFB1M,CLDN20,NOX3,ARID1B,TMEM242,ZDHHC14,SNX9,SYNJ2,SERAC1,GTF2H5,TULP4,TMEM181,DYNLT1,SYTL3,EZR,RSPH3,TAGAP,FNDC1,SOD2,WTAP,ACAT2	-0.012038988950572963	0.0053731206422178044
chr6	155264013	160113507	CLDN20,NOX3,ARID1B,TMEM242,ZDHHC14,SNX9,SYNJ2,SERAC1,GTF2H5,TULP4,TMEM181,DYNLT1,SYTL3,EZR,RSPH3,TAGAP,FNDC1,SOD2,WTAP,ACAT2,TCP1,MRPL18,PNLDC1,MAS1,IGF2R	-0.042684686585741614	0.0025087159468708564
chr6	157700387	160754097	SNX9,SYNJ2,SERAC1,GTF2H5,TULP4,TMEM181,DYNLT1,SYTL3,EZR,RSPH3,TAGAP,FNDC1,SOD2,WTAP,ACAT2,TCP1,MRPL18,PNLDC1,MAS1,IGF2R,SLC22A1,SLC22A2,SLC22A3,LPA,PLG	-0.04894982489022376	0.002410218722940895
chr6	158536436	163578592	TMEM181,DYNLT1,SYTL3,EZR,RSPH3,TAGAP,FNDC1,SOD2,WTAP,ACAT2,TCP1,MRPL18,PNLDC1,MAS1,IGF2R,SLC22A1,SLC22A2,SLC22A3,LPA,PLG,MAP3K4,AGPAT4,PRKN,PACRG,QKI	-0.027123623602419704	0.0038369803309249734
chr6	159034468	166342576	TAGAP,FNDC1,SOD2,WTAP,ACAT2,TCP1,MRPL18,PNLDC1,MAS1,IGF2R,SLC22A1,SLC22A2,SLC22A3,LPA,PLG,MAP3K4,AGPAT4,PRKN,PACRG,QKI,C6orf118,PDE10A,TBXT,PRR18,SFT2D1	0.0049614242274808725	0.008430299999160874
chr6	159778498	166957191	TCP1,MRPL18,PNLDC1,MAS1,IGF2R,SLC22A1,SLC22A2,SLC22A3,LPA,PLG,MAP3K4,AGPAT4,PRKN,PACRG,QKI,C6orf118,PDE10A,TBXT,PRR18,SFT2D1,MPC1,RPS6KA2,RAMACL,ENSG00000249141,RNASET2	0.023303547585083892	0.016726332410073565
chr6	160121815	167316014	SLC22A1,SLC22A2,SLC22A3,LPA,PLG,MAP3K4,AGPAT4,PRKN,PACRG,QKI,C6orf118,PDE10A,TBXT,PRR18,SFT2D1,MPC1,RPS6KA2,RAMACL,ENSG00000249141,RNASET2,CEP43,ENSG00000272980,CCR6,GPR31,UNC93A	0.019937079942565574	0.015835698792300554
chr6	160991727	168319777	MAP3K4,AGPAT4,PRKN,PACRG,QKI,C6orf118,PDE10A,TBXT,PRR18,SFT2D1,MPC1,RPS6KA2,RAMACL,ENSG00000249141,RNASET2,CEP43,ENSG00000272980,CCR6,GPR31,UNC93A,TTLL2,AFDN,KIF25,FRMD1,DACT2	0.013124815910810193	0.013459125151597575
chr6	165279664	169706360	C6orf118,PDE10A,TBXT,PRR18,SFT2D1,MPC1,RPS6KA2,RAMACL,ENSG00000249141,RNASET2,CEP43,ENSG00000272980,CCR6,GPR31,UNC93A,TTLL2,AFDN,KIF25,FRMD1,DACT2,SMOC2,THBS2,ENSG00000285733,WDR27,C6orf120	0.007158973884112544	0.007757974122396018
chr6	166364919	170407067	MPC1,RPS6KA2,RAMACL,ENSG00000249141,RNASET2,CEP43,ENSG00000272980,CCR6,GPR31,UNC93A,TTLL2,AFDN,KIF25,FRMD1,DACT2,SMOC2,THBS2,ENSG00000285733,WDR27,C6orf120,PHF10,DYNLT2,ERMARD,DLL1,FAM120B	0.009666225949946606	0.008969006229581371
chr7	192571	2251146	FAM20C,FOXL3,PDGFA,PRKAR1B,DNAAF5,SUN1,GET4,ADAP1,COX19,CYP2W1,C7orf50,GPR146,GPER1,ZFAND2A,UNCX,MICALL2,INTS1,MAFK,TMEM184A,PSMG3,ELFN1,MAD1L1,ENSG00000286192,MRM2,NUDT1	0.01143607318988214	0.012037278650637718
chr7	816615	2529177	SUN1,GET4,ADAP1,COX19,CYP2W1,C7orf50,GPR146,GPER1,ZFAND2A,UNCX,MICALL2,INTS1,MAFK,TMEM184A,PSMG3,ELFN1,MAD1L1,ENSG00000286192,MRM2,NUDT1,SNX8,EIF3B,CHST12,GRIFIN,LFNG	0.009059482554180423	0.011161012760753965
chr7	996986	2844308	C7orf50,GPR146,GPER1,ZFAND2A,UNCX,MICALL2,INTS1,MAFK,TMEM184A,PSMG3,ELFN1,MAD1L1,ENSG00000286192,MRM2,NUDT1,SNX8,EIF3B,CHST12,GRIFIN,LFNG,BRAT1,IQCE,TTYH3,AMZ1,GNA12	0.008555644901987675	0.01260817697576817
chr7	1428465	4883716	MICALL2,INTS1,MAFK,TMEM184A,PSMG3,ELFN1,MAD1L1,ENSG00000286192,MRM2,NUDT1,SNX8,EIF3B,CHST12,GRIFIN,LFNG,BRAT1,IQCE,TTYH3,AMZ1,GNA12,CARD11,SDK1,FOXK1,AP5Z1,RADIL	0.010062049836956952	0.01496906903469453
chr7	1665745	5233840	ELFN1,MAD1L1,ENSG00000286192,MRM2,NUDT1,SNX8,EIF3B,CHST12,GRIFIN,LFNG,BRAT1,IQCE,TTYH3,AMZ1,GNA12,CARD11,SDK1,FOXK1,AP5Z1,RADIL,PAPOLB,MMD2,RBAK-RBAKDN,RBAK,WIPI2	0.012772767549853663	0.017097678851026192
chr7	2251770	5606655	SNX8,EIF3B,CHST12,GRIFIN,LFNG,BRAT1,IQCE,TTYH3,AMZ1,GNA12,CARD11,SDK1,FOXK1,AP5Z1,RADIL,PAPOLB,MMD2,RBAK-RBAKDN,RBAK,WIPI2,SLC29A4,TNRC18,FBXL18,ACTB,FSCN1	0.0093600622561782	0.013553938099152486
chr7	2537810	6009130	BRAT1,IQCE,TTYH3,AMZ1,GNA12,CARD11,SDK1,FOXK1,AP5Z1,RADIL,PAPOLB,MMD2,RBAK-RBAKDN,RBAK,WIPI2,SLC29A4,TNRC18,FBXL18,ACTB,FSCN1,RNF216,OCM,CCZ1,RSPH10B,PMS2	-0.003516451546856036	0.009978102627810794
chr7	2906142	6272644	CARD11,SDK1,FOXK1,AP5Z1,RADIL,PAPOLB,MMD2,RBAK-RBAKDN,RBAK,WIPI2,SLC29A4,TNRC18,FBXL18,ACTB,FSCN1,RNF216,OCM,CCZ1,RSPH10B,PMS2,AIMP2,EIF2AK1,ANKRD61,USP42,CYTH3	-0.018479978463491125	0.006370598957910148
chr7	4857738	6551461	PAPOLB,MMD2,RBAK-RBAKDN,RBAK,WIPI2,SLC29A4,TNRC18,FBXL18,ACTB,FSCN1,RNF216,OCM,CCZ1,RSPH10B,PMS2,AIMP2,EIF2AK1,ANKRD61,USP42,CYTH3,FAM220A,RAC1,DAGLB,KDELR2,GRID2IP	-0.01369673577563271	0.006830673806700929
chr7	5274369	6799365	SLC29A4,TNRC18,FBXL18,ACTB,FSCN1,RNF216,OCM,CCZ1,RSPH10B,PMS2,AIMP2,EIF2AK1,ANKRD61,USP42,CYTH3,FAM220A,RAC1,DAGLB,KDELR2,GRID2IP,ZDHHC4,ZNF853,ZNF316,ZNF12,RSPH10B2	-0.002977396193811627	0.007672643446481937
chr7	5620047	7718607	RNF216,OCM,CCZ1,RSPH10B,PMS2,AIMP2,EIF2AK1,ANKRD61,USP42,CYTH3,FAM220A,RAC1,DAGLB,KDELR2,GRID2IP,ZDHHC4,ZNF853,ZNF316,ZNF12,RSPH10B2,CCZ1B,C1GALT1,COL28A1,MIOS,RPA3	0.007739777492675426	0.0073498687951631045
chr7	6009255	10940153	AIMP2,EIF2AK1,ANKRD61,USP42,CYTH3,FAM220A,RAC1,DAGLB,KDELR2,GRID2IP,ZDHHC4,ZNF853,ZNF316,ZNF12,RSPH10B2,CCZ1B,C1GALT1,COL28A1,MIOS,RPA3,UMAD1,GLCCI1,ICA1,NXPH1,NDUFA4	0.012363101745556982	0.01312342361141257
chr7	6329411	12542222	FAM220A,RAC1,DAGLB,KDELR2,GRID2IP,ZDHHC4,ZNF853,ZNF316,ZNF12,RSPH10B2,CCZ1B,C1GALT1,COL28A1,MIOS,RPA3,UMAD1,GLCCI1,ICA1,NXPH1,NDUFA4,PHF14,THSD7A,TMEM106B,VWDE,ENSG00000226690	0.003992089961051274	0.011429350562173304
chr7	6577434	15562015	ZDHHC4,ZNF853,ZNF316,ZNF12,RSPH10B2,CCZ1B,C1GALT1,COL28A1,MIOS,RPA3,UMAD1,GLCCI1,ICA1,NXPH1,NDUFA4,PHF14,THSD7A,TMEM106B,VWDE,ENSG00000226690,SCIN,ARL4A,ETV1,DGKB,AGMO	-0.007993905252477465	0.006858399216825805
chr7	6794134	16645817	CCZ1B,C1GALT1,COL28A1,MIOS,RPA3,UMAD1,GLCCI1,ICA1,NXPH1,NDUFA4,PHF14,THSD7A,TMEM106B,VWDE,ENSG00000226690,SCIN,ARL4A,ETV1,DGKB,AGMO,MEOX2,CRPPA,SOSTDC1,LRRC72,ANKMY2	-0.003670231488113111	0.0075442075676945075
chr7	7640711	17346152	UMAD1,GLCCI1,ICA1,NXPH1,NDUFA4,PHF14,THSD7A,TMEM106B,VWDE,ENSG00000226690,SCIN,ARL4A,ETV1,DGKB,AGMO,MEOX2,CRPPA,SOSTDC1,LRRC72,ANKMY2,BZW2,TSPAN13,AGR2,AGR3,AHR	0.00829846217177414	0.005816388576437092
chr7	10973336	19117636	PHF14,THSD7A,TMEM106B,VWDE,ENSG00000226690,SCIN,ARL4A,ETV1,DGKB,AGMO,MEOX2,CRPPA,SOSTDC1,LRRC72,ANKMY2,BZW2,TSPAN13,AGR2,AGR3,AHR,ENSG00000283321,SNX13,PRPS1L1,HDAC9,TWIST1	0.019481207431043753	0.009711550428930982
chr7	12570577	20415754	SCIN,ARL4A,ETV1,DGKB,AGMO,MEOX2,CRPPA,SOSTDC1,LRRC72,ANKMY2,BZW2,TSPAN13,AGR2,AGR3,AHR,ENSG00000283321,SNX13,PRPS1L1,HDAC9,TWIST1,FERD3L,POLR1F,TMEM196,MACC1,ITGB8	0.018151554741202013	0.00932883958223758
chr7	15611212	21945903	MEOX2,CRPPA,SOSTDC1,LRRC72,ANKMY2,BZW2,TSPAN13,AGR2,AGR3,AHR,ENSG00000283321,SNX13,PRPS1L1,HDAC9,TWIST1,FERD3L,POLR1F,TMEM196,MACC1,ITGB8,ABCB5,SP8,SP4,DNAH11,CDCA7L	0.013118795725669413	0.011166529896693192
chr7	16646131	23177914	BZW2,TSPAN13,AGR2,AGR3,AHR,ENSG00000283321,SNX13,PRPS1L1,HDAC9,TWIST1,FERD3L,POLR1F,TMEM196,MACC1,ITGB8,ABCB5,SP8,SP4,DNAH11,CDCA7L,RAPGEF5,STEAP1B,IL6,TOMM7,KLHL7	0.011416178321029365	0.010543950476033246
chr7	17299295	23532041	ENSG00000283321,SNX13,PRPS1L1,HDAC9,TWIST1,FERD3L,POLR1F,TMEM196,MACC1,ITGB8,ABCB5,SP8,SP4,DNAH11,CDCA7L,RAPGEF5,STEAP1B,IL6,TOMM7,KLHL7,NUP42,GPNMB,MALSU1,IGF2BP3,TRA2A	0.014822088710352675	0.011692366353685946
chr7	19144782	24757940	FERD3L,POLR1F,TMEM196,MACC1,ITGB8,ABCB5,SP8,SP4,DNAH11,CDCA7L,RAPGEF5,STEAP1B,IL6,TOMM7,KLHL7,NUP42,GPNMB,MALSU1,IGF2BP3,TRA2A,CCDC126,FAM221A,STK31,NPY,GSDME	0.018012015833155412	0.007695375812353307
chr7	20615667	26187137	ABCB5,SP8,SP4,DNAH11,CDCA7L,RAPGEF5,STEAP1B,IL6,TOMM7,KLHL7,NUP42,GPNMB,MALSU1,IGF2BP3,TRA2A,CCDC126,FAM221A,STK31,NPY,GSDME,OSBPL3,CYCS,C7orf31,NPVF,NFE2L3	0.017432557924579758	0.008655541518802417
chr7	22118236	27096000	RAPGEF5,STEAP1B,IL6,TOMM7,KLHL7,NUP42,GPNMB,MALSU1,IGF2BP3,TRA2A,CCDC126,FAM221A,STK31,NPY,GSDME,OSBPL3,CYCS,C7orf31,NPVF,NFE2L3,HNRNPA2B1,CBX3,SNX10,SKAP2,HOXA1	0.007547981220640759	0.00706053671362103
chr7	23181841	27152583	NUP42,GPNMB,MALSU1,IGF2BP3,TRA2A,CCDC126,FAM221A,STK31,NPY,GSDME,OSBPL3,CYCS,C7orf31,NPVF,NFE2L3,HNRNPA2B1,CBX3,SNX10,SKAP2,HOXA1,HOXA2,HOXA3,HOXA4,HOXA5,HOXA6	-0.001169628431407976	0.0013683254699267697
chr7	23597382	27185232	CCDC126,FAM221A,STK31,NPY,GSDME,OSBPL3,CYCS,C7orf31,NPVF,NFE2L3,HNRNPA2B1,CBX3,SNX10,SKAP2,HOXA1,HOXA2,HOXA3,HOXA4,HOXA5,HOXA6,HOXA7,HOXA9,ENSG00000257184,HOXA10,HOXA11	0.006194503112443179	0.00010812563434652992
chr7	24796540	28180795	OSBPL3,CYCS,C7orf31,NPVF,NFE2L3,HNRNPA2B1,CBX3,SNX10,SKAP2,HOXA1,HOXA2,HOXA3,HOXA4,HOXA5,HOXA6,HOXA7,HOXA9,ENSG00000257184,HOXA10,HOXA11,HOXA13,EVX1,HIBADH,TAX1BP1,JAZF1	0.018429216025265153	0.0019223335638528104
chr7	26171151	29567293	HNRNPA2B1,CBX3,SNX10,SKAP2,HOXA1,HOXA2,HOXA3,HOXA4,HOXA5,HOXA6,HOXA7,HOXA9,ENSG00000257184,HOXA10,HOXA11,HOXA13,EVX1,HIBADH,TAX1BP1,JAZF1,CREB5,TRIL,CPVL,CHN2,PRR15	0.010183250699051294	0.001988695164101024
chr7	27100354	30162762	HOXA2,HOXA3,HOXA4,HOXA5,HOXA6,HOXA7,HOXA9,ENSG00000257184,HOXA10,HOXA11,HOXA13,EVX1,HIBADH,TAX1BP1,JAZF1,CREB5,TRIL,CPVL,CHN2,PRR15,WIPF3,SCRN1,FKBP14,PLEKHA8,MTURN	0.010786033368738507	0.010304366132292258
chr7	27153716	30550761	HOXA7,HOXA9,ENSG00000257184,HOXA10,HOXA11,HOXA13,EVX1,HIBADH,TAX1BP1,JAZF1,CREB5,TRIL,CPVL,CHN2,PRR15,WIPF3,SCRN1,FKBP14,PLEKHA8,MTURN,ZNRF2,ENSG00000281593,NOD1,GGCT,ENSG00000281039	0.011721708525136224	0.01293170923603724
chr7	27193503	30892387	HOXA13,EVX1,HIBADH,TAX1BP1,JAZF1,CREB5,TRIL,CPVL,CHN2,PRR15,WIPF3,SCRN1,FKBP14,PLEKHA8,MTURN,ZNRF2,ENSG00000281593,NOD1,GGCT,ENSG00000281039,GARS1,CRHR2,INMT,INMT-MINDY4,MINDY4	0.013209999659590157	0.01770985468299521
chr7	28299321	31340726	CREB5,TRIL,CPVL,CHN2,PRR15,WIPF3,SCRN1,FKBP14,PLEKHA8,MTURN,ZNRF2,ENSG00000281593,NOD1,GGCT,ENSG00000281039,GARS1,CRHR2,INMT,INMT-MINDY4,MINDY4,ENSG00000250424,AQP1,GHRHR,ADCYAP1R1,NEUROD6	0.01061416066326215	0.014834252119821164
chr7	29806486	32588726	WIPF3,SCRN1,FKBP14,PLEKHA8,MTURN,ZNRF2,ENSG00000281593,NOD1,GGCT,ENSG00000281039,GARS1,CRHR2,INMT,INMT-MINDY4,MINDY4,ENSG00000250424,AQP1,GHRHR,ADCYAP1R1,NEUROD6,ITPRID1,PPP1R17,PDE1C,LSM5,AVL9	-0.0017704229331321208	0.00762316606870853
chr7	30284597	33877180	ZNRF2,ENSG00000281593,NOD1,GGCT,ENSG00000281039,GARS1,CRHR2,INMT,INMT-MINDY4,MINDY4,ENSG00000250424,AQP1,GHRHR,ADCYAP1R1,NEUROD6,ITPRID1,PPP1R17,PDE1C,LSM5,AVL9,KBTBD2,FKBP9,NT5C3A,RP9,BBS9	-0.03306974770129126	-0.0005565208203901046
chr7	30580533	35697459	GARS1,CRHR2,INMT,INMT-MINDY4,MINDY4,ENSG00000250424,AQP1,GHRHR,ADCYAP1R1,NEUROD6,ITPRID1,PPP1R17,PDE1C,LSM5,AVL9,KBTBD2,FKBP9,NT5C3A,RP9,BBS9,BMPER,NPSR1,DPY19L1,TBX20,HERPUD2	-0.030577538608041025	0.005974429372798653
chr7	30852273	37449223	ENSG00000250424,AQP1,GHRHR,ADCYAP1R1,NEUROD6,ITPRID1,PPP1R17,PDE1C,LSM5,AVL9,KBTBD2,FKBP9,NT5C3A,RP9,BBS9,BMPER,NPSR1,DPY19L1,TBX20,HERPUD2,SEPTIN7,EEPD1,ANLN,AOAH,ELMO1	-0.006263854739532087	0.010402391690437244
chr7	31514090	38230670	ITPRID1,PPP1R17,PDE1C,LSM5,AVL9,KBTBD2,FKBP9,NT5C3A,RP9,BBS9,BMPER,NPSR1,DPY19L1,TBX20,HERPUD2,SEPTIN7,EEPD1,ANLN,AOAH,ELMO1,GPR141,NME8,SFRP4,EPDR1,STARD3NL	0.006315809790875726	0.008252094922050911
chr7	32868172	39708120	KBTBD2,FKBP9,NT5C3A,RP9,BBS9,BMPER,NPSR1,DPY19L1,TBX20,HERPUD2,SEPTIN7,EEPD1,ANLN,AOAH,ELMO1,GPR141,NME8,SFRP4,EPDR1,STARD3NL,AMPH,VPS41,POU6F2,YAE1,RALA	0.004795552726832397	0.004899014139661362
chr7	33904308	42264100	BMPER,NPSR1,DPY19L1,TBX20,HERPUD2,SEPTIN7,EEPD1,ANLN,AOAH,ELMO1,GPR141,NME8,SFRP4,EPDR1,STARD3NL,AMPH,VPS41,POU6F2,YAE1,RALA,CDK13,MPLKIP,SUGCT,INHBA,GLI3	0.011472211637070627	0.00957077524429078
chr7	35800932	43566001	SEPTIN7,EEPD1,ANLN,AOAH,ELMO1,GPR141,NME8,SFRP4,EPDR1,STARD3NL,AMPH,VPS41,POU6F2,YAE1,RALA,CDK13,MPLKIP,SUGCT,INHBA,GLI3,C7orf25,ENSG00000256646,PSMA2,MRPL32,HECW1	0.022793656437351678	0.015103010095594725
chr7	37683766	43906589	GPR141,NME8,SFRP4,EPDR1,STARD3NL,AMPH,VPS41,POU6F2,YAE1,RALA,CDK13,MPLKIP,SUGCT,INHBA,GLI3,C7orf25,ENSG00000256646,PSMA2,MRPL32,HECW1,STK17A,COA1,BLVRA,MRPS24,URGCP-MRPS24	0.020138864946427627	0.01336573820679942
chr7	38383704	44069456	AMPH,VPS41,POU6F2,YAE1,RALA,CDK13,MPLKIP,SUGCT,INHBA,GLI3,C7orf25,ENSG00000256646,PSMA2,MRPL32,HECW1,STK17A,COA1,BLVRA,MRPS24,URGCP-MRPS24,URGCP,UBE2D4,SPDYE1,DBNL,PGAM2	0.011194505085491064	0.013326730320161195
chr7	39950121	44198170	CDK13,MPLKIP,SUGCT,INHBA,GLI3,C7orf25,ENSG00000256646,PSMA2,MRPL32,HECW1,STK17A,COA1,BLVRA,MRPS24,URGCP-MRPS24,URGCP,UBE2D4,SPDYE1,DBNL,PGAM2,POLM,AEBP1,POLD2,MYL7,GCK	0.006380055505115738	0.016072385232647406
chr7	42909273	44575051	C7orf25,ENSG00000256646,PSMA2,MRPL32,HECW1,STK17A,COA1,BLVRA,MRPS24,URGCP-MRPS24,URGCP,UBE2D4,SPDYE1,DBNL,PGAM2,POLM,AEBP1,POLD2,MYL7,GCK,YKT6,CAMK2B,NUDCD3,NPC1L1,DDX56	0.005530381272812944	0.012865967444856076
chr7	43582758	44848087	STK17A,COA1,BLVRA,MRPS24,URGCP-MRPS24,URGCP,UBE2D4,SPDYE1,DBNL,PGAM2,POLM,AEBP1,POLD2,MYL7,GCK,YKT6,CAMK2B,NUDCD3,NPC1L1,DDX56,TMED4,OGDH,ZMIZ2,PPIA,H2AZ2	0.0034052602614069887	0.012840249930452515
chr7	43875894	45112047	URGCP,UBE2D4,SPDYE1,DBNL,PGAM2,POLM,AEBP1,POLD2,MYL7,GCK,YKT6,CAMK2B,NUDCD3,NPC1L1,DDX56,TMED4,OGDH,ZMIZ2,PPIA,H2AZ2,PURB,MYO1G,CCM2,NACAD,TBRG4	-0.0026852878080683633	0.01000093879270096
chr7	44072062	45921874	POLM,AEBP1,POLD2,MYL7,GCK,YKT6,CAMK2B,NUDCD3,NPC1L1,DDX56,TMED4,OGDH,ZMIZ2,PPIA,H2AZ2,PURB,MYO1G,CCM2,NACAD,TBRG4,RAMP3,ADCY1,CCDC201,IGFBP1,IGFBP3	-0.005885182771728369	0.00719587459800969
chr7	44200959	48061304	YKT6,CAMK2B,NUDCD3,NPC1L1,DDX56,TMED4,OGDH,ZMIZ2,PPIA,H2AZ2,PURB,MYO1G,CCM2,NACAD,TBRG4,RAMP3,ADCY1,CCDC201,IGFBP1,IGFBP3,TNS3,PKD1L1,HUS1,SUN3,C7orf57	0.00013929706376402816	0.010397849642020077
chr7	44577894	50121329	TMED4,OGDH,ZMIZ2,PPIA,H2AZ2,PURB,MYO1G,CCM2,NACAD,TBRG4,RAMP3,ADCY1,CCDC201,IGFBP1,IGFBP3,TNS3,PKD1L1,HUS1,SUN3,C7orf57,UPP1,ABCA13,CDC14C,VWC2,ZPBP	0.004733224575172114	0.007177752287058222
chr7	44876299	50793462	PURB,MYO1G,CCM2,NACAD,TBRG4,RAMP3,ADCY1,CCDC201,IGFBP1,IGFBP3,TNS3,PKD1L1,HUS1,SUN3,C7orf57,UPP1,ABCA13,CDC14C,VWC2,ZPBP,SPATA48,IKZF1,FIGNL1,DDC,GRB10	0.002623165231518769	0.003923887724688252
chr7	45157791	55211628	RAMP3,ADCY1,CCDC201,IGFBP1,IGFBP3,TNS3,PKD1L1,HUS1,SUN3,C7orf57,UPP1,ABCA13,CDC14C,VWC2,ZPBP,SPATA48,IKZF1,FIGNL1,DDC,GRB10,COBL,POM121L12,VSTM2A,SEC61G,EGFR	0.0030347298745612246	0.0018993473608450574
chr7	47275154	55955239	TNS3,PKD1L1,HUS1,SUN3,C7orf57,UPP1,ABCA13,CDC14C,VWC2,ZPBP,SPATA48,IKZF1,FIGNL1,DDC,GRB10,COBL,POM121L12,VSTM2A,SEC61G,EGFR,LANCL2,VOPP1,SEPTIN14,ENSG00000249773,ZNF713	0.007248977802044974	0.005233449616691788
chr7	48088628	56080670	UPP1,ABCA13,CDC14C,VWC2,ZPBP,SPATA48,IKZF1,FIGNL1,DDC,GRB10,COBL,POM121L12,VSTM2A,SEC61G,EGFR,LANCL2,VOPP1,SEPTIN14,ENSG00000249773,ZNF713,NIPSNAP2,MRPS17,PSPH,CCT6A,SUMF2	0.012301845903404975	0.004521699081010157
chr7	50095883	57473559	SPATA48,IKZF1,FIGNL1,DDC,GRB10,COBL,POM121L12,VSTM2A,SEC61G,EGFR,LANCL2,VOPP1,SEPTIN14,ENSG00000249773,ZNF713,NIPSNAP2,MRPS17,PSPH,CCT6A,SUMF2,PHKG1,CHCHD2,NUPR2,ZNF479,ZNF716	0.0013547182112596072	0.006726641516338068
chr7	51016212	64563075	COBL,POM121L12,VSTM2A,SEC61G,EGFR,LANCL2,VOPP1,SEPTIN14,ENSG00000249773,ZNF713,NIPSNAP2,MRPS17,PSPH,CCT6A,SUMF2,PHKG1,CHCHD2,NUPR2,ZNF479,ZNF716,ZNF727,ZNF735,ZNF679,ZNF736,ZNF680	-0.01954493187282481	0.005769737399457534
chr7	55365337	65006743	LANCL2,VOPP1,SEPTIN14,ENSG00000249773,ZNF713,NIPSNAP2,MRPS17,PSPH,CCT6A,SUMF2,PHKG1,CHCHD2,NUPR2,ZNF479,ZNF716,ZNF727,ZNF735,ZNF679,ZNF736,ZNF680,ZNF107,ZNF138,ZNF273,ZNF117,ERV3-1	-0.03019874800998038	0.0025394104704847147
chr7	55951793	66152277	NIPSNAP2,MRPS17,PSPH,CCT6A,SUMF2,PHKG1,CHCHD2,NUPR2,ZNF479,ZNF716,ZNF727,ZNF735,ZNF679,ZNF736,ZNF680,ZNF107,ZNF138,ZNF273,ZNF117,ERV3-1,ZNF92,VKORC1L1,GUSB,ASL,ENSG00000249319	-0.004818380999008769	0.009044673861950946
chr7	56080283	66811464	PHKG1,CHCHD2,NUPR2,ZNF479,ZNF716,ZNF727,ZNF735,ZNF679,ZNF736,ZNF680,ZNF107,ZNF138,ZNF273,ZNF117,ERV3-1,ZNF92,VKORC1L1,GUSB,ASL,ENSG00000249319,CRCP,TPST1,KCTD7,ENSG00000284461,RABGEF1	0.011668984389793509	0.019152570657763192
chr7	64045434	70793506	ZNF727,ZNF735,ZNF679,ZNF736,ZNF680,ZNF107,ZNF138,ZNF273,ZNF117,ERV3-1,ZNF92,VKORC1L1,GUSB,ASL,ENSG00000249319,CRCP,TPST1,KCTD7,ENSG00000284461,RABGEF1,TMEM248,SBDS,TYW1,SPDYE21,AUTS2	0.01519236520275419	0.018133907697338216
chr7	64666099	72969466	ZNF107,ZNF138,ZNF273,ZNF117,ERV3-1,ZNF92,VKORC1L1,GUSB,ASL,ENSG00000249319,CRCP,TPST1,KCTD7,ENSG00000284461,RABGEF1,TMEM248,SBDS,TYW1,SPDYE21,AUTS2,GALNT17,CALN1,TYW1B,POM121,TRIM74	0.009104539669000334	0.012673127804643448
chr7	65373799	73328082	ZNF92,VKORC1L1,GUSB,ASL,ENSG00000249319,CRCP,TPST1,KCTD7,ENSG00000284461,RABGEF1,TMEM248,SBDS,TYW1,SPDYE21,AUTS2,GALNT17,CALN1,TYW1B,POM121,TRIM74,SPDYE8,SPDYE11,SPDYE9,NSUN5,TRIM50	0.0014354434676586406	0.006348740293325914
chr7	66114604	73578791	CRCP,TPST1,KCTD7,ENSG00000284461,RABGEF1,TMEM248,SBDS,TYW1,SPDYE21,AUTS2,GALNT17,CALN1,TYW1B,POM121,TRIM74,SPDYE8,SPDYE11,SPDYE9,NSUN5,TRIM50,FKBP6,FZD9,BAZ1B,BCL7B,TBL2	0.005228715505938314	0.008287485741772259
chr7	66921225	73719672	TMEM248,SBDS,TYW1,SPDYE21,AUTS2,GALNT17,CALN1,TYW1B,POM121,TRIM74,SPDYE8,SPDYE11,SPDYE9,NSUN5,TRIM50,FKBP6,FZD9,BAZ1B,BCL7B,TBL2,MLXIPL,VPS37D,DNAJC30,BUD23,STX1A	0.006942921683466184	0.0067412080103570835
chr7	71132144	73865890	GALNT17,CALN1,TYW1B,POM121,TRIM74,SPDYE8,SPDYE11,SPDYE9,NSUN5,TRIM50,FKBP6,FZD9,BAZ1B,BCL7B,TBL2,MLXIPL,VPS37D,DNAJC30,BUD23,STX1A,ABHD11,CLDN3,CLDN4,METTL27,TMEM270	0.014779073507566126	0.015581985138195408
chr7	73019719	74254458	SPDYE8,SPDYE11,SPDYE9,NSUN5,TRIM50,FKBP6,FZD9,BAZ1B,BCL7B,TBL2,MLXIPL,VPS37D,DNAJC30,BUD23,STX1A,ABHD11,CLDN3,CLDN4,METTL27,TMEM270,ELN,LIMK1,EIF4H,LAT2,RFC2	0.014416376856471357	0.017150571973492786
chr7	73328161	74851605	FKBP6,FZD9,BAZ1B,BCL7B,TBL2,MLXIPL,VPS37D,DNAJC30,BUD23,STX1A,ABHD11,CLDN3,CLDN4,METTL27,TMEM270,ELN,LIMK1,EIF4H,LAT2,RFC2,CLIP2,GTF2IRD1,GTF2I,NCF1,GTF2IRD2	0.008690371447598672	0.01099706468161193
chr7	73593194	75317429	MLXIPL,VPS37D,DNAJC30,BUD23,STX1A,ABHD11,CLDN3,CLDN4,METTL27,TMEM270,ELN,LIMK1,EIF4H,LAT2,RFC2,CLIP2,GTF2IRD1,GTF2I,NCF1,GTF2IRD2,CASTOR2,RCC1L,GTF2IRD2B,SPDYE13,SPDYE14	0.0100048845492302	0.009900493659563766
chr7	73736094	75738962	ABHD11,CLDN3,CLDN4,METTL27,TMEM270,ELN,LIMK1,EIF4H,LAT2,RFC2,CLIP2,GTF2IRD1,GTF2I,NCF1,GTF2IRD2,CASTOR2,RCC1L,GTF2IRD2B,SPDYE13,SPDYE14,SPDYE15,TRIM73,POM121C,SPDYE5,HIP1	0.008595583386843774	0.0046478881352736805
chr7	74027789	75994656	ELN,LIMK1,EIF4H,LAT2,RFC2,CLIP2,GTF2IRD1,GTF2I,NCF1,GTF2IRD2,CASTOR2,RCC1L,GTF2IRD2B,SPDYE13,SPDYE14,SPDYE15,TRIM73,POM121C,SPDYE5,HIP1,CCL26,CCL24,RHBDD2,POR,TMEM120A	0.012279559159087112	0.010377322272611175
chr7	74289407	76358991	CLIP2,GTF2IRD1,GTF2I,NCF1,GTF2IRD2,CASTOR2,RCC1L,GTF2IRD2B,SPDYE13,SPDYE14,SPDYE15,TRIM73,POM121C,SPDYE5,HIP1,CCL26,CCL24,RHBDD2,POR,TMEM120A,STYXL1,MDH2,SRRM3,HSPB1,YWHAG	0.010962423603601707	0.012065530300142142
chr7	74964705	76543297	CASTOR2,RCC1L,GTF2IRD2B,SPDYE13,SPDYE14,SPDYE15,TRIM73,POM121C,SPDYE5,HIP1,CCL26,CCL24,RHBDD2,POR,TMEM120A,STYXL1,MDH2,SRRM3,HSPB1,YWHAG,SSC4D,ZP3,DTX2,UPK3B,SPDYE16	0.0009794679737497127	0.010245885627592072
chr7	75335343	77416349	SPDYE15,TRIM73,POM121C,SPDYE5,HIP1,CCL26,CCL24,RHBDD2,POR,TMEM120A,STYXL1,MDH2,SRRM3,HSPB1,YWHAG,SSC4D,ZP3,DTX2,UPK3B,SPDYE16,POMZP3,SPDYE17,CCDC146,FGL2,GSAP	-0.010813250744964805	0.004204250077698951
chr7	75769533	79453667	CCL26,CCL24,RHBDD2,POR,TMEM120A,STYXL1,MDH2,SRRM3,HSPB1,YWHAG,SSC4D,ZP3,DTX2,UPK3B,SPDYE16,POMZP3,SPDYE17,CCDC146,FGL2,GSAP,PTPN12,RSBN1L,TMEM60,PHTF2,MAGI2	0.0011024158548506855	0.005494430001401117
chr7	75996338	81770438	STYXL1,MDH2,SRRM3,HSPB1,YWHAG,SSC4D,ZP3,DTX2,UPK3B,SPDYE16,POMZP3,SPDYE17,CCDC146,FGL2,GSAP,PTPN12,RSBN1L,TMEM60,PHTF2,MAGI2,GNAI1,CD36,GNAT3,SEMA3C,HGF	0.007137493073952084	0.010199919980360145
chr7	76389334	85187056	SSC4D,ZP3,DTX2,UPK3B,SPDYE16,POMZP3,SPDYE17,CCDC146,FGL2,GSAP,PTPN12,RSBN1L,TMEM60,PHTF2,MAGI2,GNAI1,CD36,GNAT3,SEMA3C,HGF,CACNA2D1,PCLO,SEMA3E,SEMA3A,SEMA3D	0.0006233010622164766	0.014907769877461046
chr7	76609986	87399794	POMZP3,SPDYE17,CCDC146,FGL2,GSAP,PTPN12,RSBN1L,TMEM60,PHTF2,MAGI2,GNAI1,CD36,GNAT3,SEMA3C,HGF,CACNA2D1,PCLO,SEMA3E,SEMA3A,SEMA3D,GRM3,ELAPOR2,DMTF1,TMEM243,CROT	-0.010224631415333554	0.014628877694642868
chr7	77537295	87909553	PTPN12,RSBN1L,TMEM60,PHTF2,MAGI2,GNAI1,CD36,GNAT3,SEMA3C,HGF,CACNA2D1,PCLO,SEMA3E,SEMA3A,SEMA3D,GRM3,ELAPOR2,DMTF1,TMEM243,CROT,ABCB4,ABCB1,RUNDC3B,SLC25A40,DBF4	-0.006261939800390774	0.01781421494604082
chr7	79768028	89338528	GNAI1,CD36,GNAT3,SEMA3C,HGF,CACNA2D1,PCLO,SEMA3E,SEMA3A,SEMA3D,GRM3,ELAPOR2,DMTF1,TMEM243,CROT,ABCB4,ABCB1,RUNDC3B,SLC25A40,DBF4,ADAM22,SRI,STEAP4,ZNF804B,TEX47	0.013097037128874538	0.018805617928455646
chr7	81946444	90391453	CACNA2D1,PCLO,SEMA3E,SEMA3A,SEMA3D,GRM3,ELAPOR2,DMTF1,TMEM243,CROT,ABCB4,ABCB1,RUNDC3B,SLC25A40,DBF4,ADAM22,SRI,STEAP4,ZNF804B,TEX47,STEAP1,STEAP2,CFAP69,FAM237B,GTPBP10	0.016386595599333708	0.013038337899290126
chr7	86643909	91880702	GRM3,ELAPOR2,DMTF1,TMEM243,CROT,ABCB4,ABCB1,RUNDC3B,SLC25A40,DBF4,ADAM22,SRI,STEAP4,ZNF804B,TEX47,STEAP1,STEAP2,CFAP69,FAM237B,GTPBP10,CLDN12,CDK14,PTTG1IP2,FZD1,MTERF1	0.01873845980594302	0.0111105953924808
chr7	87401696	92245943	ABCB4,ABCB1,RUNDC3B,SLC25A40,DBF4,ADAM22,SRI,STEAP4,ZNF804B,TEX47,STEAP1,STEAP2,CFAP69,FAM237B,GTPBP10,CLDN12,CDK14,PTTG1IP2,FZD1,MTERF1,AKAP9,CYP51A1,ENSG00000285772,LRRD1,ENSG00000285953	0.010408831620507944	0.0054939072687589935
chr7	87934143	92528520	ADAM22,SRI,STEAP4,ZNF804B,TEX47,STEAP1,STEAP2,CFAP69,FAM237B,GTPBP10,CLDN12,CDK14,PTTG1IP2,FZD1,MTERF1,AKAP9,CYP51A1,ENSG00000285772,LRRD1,ENSG00000285953,KRIT1,ANKIB1,GATAD1,ERVW-1,PEX1	0.01840376977738804	0.012499093966146003
chr7	90154456	93148385	STEAP1,STEAP2,CFAP69,FAM237B,GTPBP10,CLDN12,CDK14,PTTG1IP2,FZD1,MTERF1,AKAP9,CYP51A1,ENSG00000285772,LRRD1,ENSG00000285953,KRIT1,ANKIB1,GATAD1,ERVW-1,PEX1,RBM48,FAM133B,CDK6,SAMD9,SAMD9L	0.02388074686926876	0.0114635769051472
chr7	90383721	93911265	CLDN12,CDK14,PTTG1IP2,FZD1,MTERF1,AKAP9,CYP51A1,ENSG00000285772,LRRD1,ENSG00000285953,KRIT1,ANKIB1,GATAD1,ERVW-1,PEX1,RBM48,FAM133B,CDK6,SAMD9,SAMD9L,HEPACAM2,VPS50,CALCR,GNGT1,TFPI2	0.030615312584857664	0.015698432267945202
chr7	91940840	94656572	AKAP9,CYP51A1,ENSG00000285772,LRRD1,ENSG00000285953,KRIT1,ANKIB1,GATAD1,ERVW-1,PEX1,RBM48,FAM133B,CDK6,SAMD9,SAMD9L,HEPACAM2,VPS50,CALCR,GNGT1,TFPI2,GNG11,BET1,COL1A2,CASD1,SGCE	0.025864687739977178	0.01366810270280034
chr7	92197498	95435329	KRIT1,ANKIB1,GATAD1,ERVW-1,PEX1,RBM48,FAM133B,CDK6,SAMD9,SAMD9L,HEPACAM2,VPS50,CALCR,GNGT1,TFPI2,GNG11,BET1,COL1A2,CASD1,SGCE,PEG10,PPP1R9A,PON1,PON3,PON2	0.015028925827313163	0.009270836648231497
chr7	92528773	96709880	RBM48,FAM133B,CDK6,SAMD9,SAMD9L,HEPACAM2,VPS50,CALCR,GNGT1,TFPI2,GNG11,BET1,COL1A2,CASD1,SGCE,PEG10,PPP1R9A,PON1,PON3,PON2,ASB4,PDK4,DYNC1I1,SLC25A13,SEM1	0.019595752979400083	0.010116790052791846
chr7	93188534	97872542	HEPACAM2,VPS50,CALCR,GNGT1,TFPI2,GNG11,BET1,COL1A2,CASD1,SGCE,PEG10,PPP1R9A,PON1,PON3,PON2,ASB4,PDK4,DYNC1I1,SLC25A13,SEM1,DLX6,DLX5,SDHAF3,TAC1,ASNS	0.019323178850526406	0.007600616001944095
chr7	93921735	98310441	GNG11,BET1,COL1A2,CASD1,SGCE,PEG10,PPP1R9A,PON1,PON3,PON2,ASB4,PDK4,DYNC1I1,SLC25A13,SEM1,DLX6,DLX5,SDHAF3,TAC1,ASNS,OCM2,LMTK2,BHLHA15,TECPR1,BRI3	0.013090599564903105	0.008422373306352782
chr7	94656325	99144108	PEG10,PPP1R9A,PON1,PON3,PON2,ASB4,PDK4,DYNC1I1,SLC25A13,SEM1,DLX6,DLX5,SDHAF3,TAC1,ASNS,OCM2,LMTK2,BHLHA15,TECPR1,BRI3,BAIAP2L1,NPTX2,TMEM130,TRRAP,SMURF1	0.009878323090972408	0.009515185204474644
chr7	95478444	99408597	ASB4,PDK4,DYNC1I1,SLC25A13,SEM1,DLX6,DLX5,SDHAF3,TAC1,ASNS,OCM2,LMTK2,BHLHA15,TECPR1,BRI3,BAIAP2L1,NPTX2,TMEM130,TRRAP,SMURF1,KPNA7,ENSG00000284292,ARPC1A,ARPC1B,PDAP1	0.005598585897543587	0.009090618353685062
chr7	97005553	99466197	DLX6,DLX5,SDHAF3,TAC1,ASNS,OCM2,LMTK2,BHLHA15,TECPR1,BRI3,BAIAP2L1,NPTX2,TMEM130,TRRAP,SMURF1,KPNA7,ENSG00000284292,ARPC1A,ARPC1B,PDAP1,BUD31,PTCD1,ATP5MF-PTCD1,CPSF4,ATP5MF	0.00244899028583726	0.006600517742709277
chr7	97984687	99576453	OCM2,LMTK2,BHLHA15,TECPR1,BRI3,BAIAP2L1,NPTX2,TMEM130,TRRAP,SMURF1,KPNA7,ENSG00000284292,ARPC1A,ARPC1B,PDAP1,BUD31,PTCD1,ATP5MF-PTCD1,CPSF4,ATP5MF,ZNF789,ZNF394,ZKSCAN5,FAM200A,ZNF655	-0.001880788193532471	0.005055052043025871
chr7	98291650	99735102	BAIAP2L1,NPTX2,TMEM130,TRRAP,SMURF1,KPNA7,ENSG00000284292,ARPC1A,ARPC1B,PDAP1,BUD31,PTCD1,ATP5MF-PTCD1,CPSF4,ATP5MF,ZNF789,ZNF394,ZKSCAN5,FAM200A,ZNF655,ENSG00000272647,TMEM225B,ZSCAN25,CYP3A5,CYP3A7-CYP3A51P	0.0007035608307554817	0.0033088763996802144
chr7	99173572	99919531	KPNA7,ENSG00000284292,ARPC1A,ARPC1B,PDAP1,BUD31,PTCD1,ATP5MF-PTCD1,CPSF4,ATP5MF,ZNF789,ZNF394,ZKSCAN5,FAM200A,ZNF655,ENSG00000272647,TMEM225B,ZSCAN25,CYP3A5,CYP3A7-CYP3A51P,CYP3A7,CYP3A4,CYP3A43,OR2AE1,TRIM4	0.0084772810035743	0.006354548999624599
chr7	99408641	100082548	BUD31,PTCD1,ATP5MF-PTCD1,CPSF4,ATP5MF,ZNF789,ZNF394,ZKSCAN5,FAM200A,ZNF655,ENSG00000272647,TMEM225B,ZSCAN25,CYP3A5,CYP3A7-CYP3A51P,CYP3A7,CYP3A4,CYP3A43,OR2AE1,TRIM4,GJC3,AZGP1,ZKSCAN1,ZSCAN21,ZNF3	0.006998138626318684	0.005482869474478132
chr7	99472890	100125508	ZNF789,ZNF394,ZKSCAN5,FAM200A,ZNF655,ENSG00000272647,TMEM225B,ZSCAN25,CYP3A5,CYP3A7-CYP3A51P,CYP3A7,CYP3A4,CYP3A43,OR2AE1,TRIM4,GJC3,AZGP1,ZKSCAN1,ZSCAN21,ZNF3,COPS6,MCM7,AP4M1,TAF6,CNPY4	0.007600141253486515	0.005177452066660471
chr7	99558695	100177381	ENSG00000272647,TMEM225B,ZSCAN25,CYP3A5,CYP3A7-CYP3A51P,CYP3A7,CYP3A4,CYP3A43,OR2AE1,TRIM4,GJC3,AZGP1,ZKSCAN1,ZSCAN21,ZNF3,COPS6,MCM7,AP4M1,TAF6,CNPY4,MBLAC1,LAMTOR4,TRAPPC14,GAL3ST4,GPC2	0.016630567053333163	0.011988206598202666
chr7	99705036	100400096	CYP3A7,CYP3A4,CYP3A43,OR2AE1,TRIM4,GJC3,AZGP1,ZKSCAN1,ZSCAN21,ZNF3,COPS6,MCM7,AP4M1,TAF6,CNPY4,MBLAC1,LAMTOR4,TRAPPC14,GAL3ST4,GPC2,STAG3,PVRIG,SPDYE3,PILRB,PILRA	0.014462801457400563	0.008420179378305769
chr7	99923266	100494802	GJC3,AZGP1,ZKSCAN1,ZSCAN21,ZNF3,COPS6,MCM7,AP4M1,TAF6,CNPY4,MBLAC1,LAMTOR4,TRAPPC14,GAL3ST4,GPC2,STAG3,PVRIG,SPDYE3,PILRB,PILRA,ZCWPW1,MEPCE,PPP1R35,TSC22D4,NYAP1	0.013662996383868385	0.008959683530503125
chr7	100088969	100608175	COPS6,MCM7,AP4M1,TAF6,CNPY4,MBLAC1,LAMTOR4,TRAPPC14,GAL3ST4,GPC2,STAG3,PVRIG,SPDYE3,PILRB,PILRA,ZCWPW1,MEPCE,PPP1R35,TSC22D4,NYAP1,AGFG2,SAP25,LRCH4,FBXO24,PCOLCE	0.011734911713706572	0.010072180178481873
chr7	100126785	100694250	MBLAC1,LAMTOR4,TRAPPC14,GAL3ST4,GPC2,STAG3,PVRIG,SPDYE3,PILRB,PILRA,ZCWPW1,MEPCE,PPP1R35,TSC22D4,NYAP1,AGFG2,SAP25,LRCH4,FBXO24,PCOLCE,MOSPD3,TFR2,ACTL6B,GNB2,GIGYF1	0.009706148899186615	0.01039311640628972
chr7	100177563	100867010	STAG3,PVRIG,SPDYE3,PILRB,PILRA,ZCWPW1,MEPCE,PPP1R35,TSC22D4,NYAP1,AGFG2,SAP25,LRCH4,FBXO24,PCOLCE,MOSPD3,TFR2,ACTL6B,GNB2,GIGYF1,POP7,EPO,ZAN,EPHB4,SLC12A9	0.0059623216321725465	0.010830497175085647
chr7	100400826	100968347	ZCWPW1,MEPCE,PPP1R35,TSC22D4,NYAP1,AGFG2,SAP25,LRCH4,FBXO24,PCOLCE,MOSPD3,TFR2,ACTL6B,GNB2,GIGYF1,POP7,EPO,ZAN,EPHB4,SLC12A9,TRIP6,SRRT,UFSP1,ACHE,MUC3A	-0.0036354961129080113	0.009881053168294915
chr7	100539203	101161596	AGFG2,SAP25,LRCH4,FBXO24,PCOLCE,MOSPD3,TFR2,ACTL6B,GNB2,GIGYF1,POP7,EPO,ZAN,EPHB4,SLC12A9,TRIP6,SRRT,UFSP1,ACHE,MUC3A,MUC12,MUC17,TRIM56,SERPINE1,AP1S1	0.003368577148199388	0.012037906814914656
chr7	100612102	101224190	MOSPD3,TFR2,ACTL6B,GNB2,GIGYF1,POP7,EPO,ZAN,EPHB4,SLC12A9,TRIP6,SRRT,UFSP1,ACHE,MUC3A,MUC12,MUC17,TRIM56,SERPINE1,AP1S1,VGF,NAT16,MOGAT3,PLOD3,ZNHIT1	0.0071693087012673715	0.009503480684067511
chr7	100706121	101629296	POP7,EPO,ZAN,EPHB4,SLC12A9,TRIP6,SRRT,UFSP1,ACHE,MUC3A,MUC12,MUC17,TRIM56,SERPINE1,AP1S1,VGF,NAT16,MOGAT3,PLOD3,ZNHIT1,CLDN15,FIS1,IFT22,COL26A1,MYL10	0.006917970068208484	0.009934892521069012
chr7	100867387	102456825	TRIP6,SRRT,UFSP1,ACHE,MUC3A,MUC12,MUC17,TRIM56,SERPINE1,AP1S1,VGF,NAT16,MOGAT3,PLOD3,ZNHIT1,CLDN15,FIS1,IFT22,COL26A1,MYL10,CUX1,SH2B2,SPDYE6,PRKRIP1,ORAI2	0.0040738111421619125	0.007364471907360609
chr7	100969565	102572653	MUC12,MUC17,TRIM56,SERPINE1,AP1S1,VGF,NAT16,MOGAT3,PLOD3,ZNHIT1,CLDN15,FIS1,IFT22,COL26A1,MYL10,CUX1,SH2B2,SPDYE6,PRKRIP1,ORAI2,ALKBH4,LRWD1,POLR2J,RASA4B,POLR2J3	0.0008960144538729629	0.00546655230175595
chr7	101162509	102642869	VGF,NAT16,MOGAT3,PLOD3,ZNHIT1,CLDN15,FIS1,IFT22,COL26A1,MYL10,CUX1,SH2B2,SPDYE6,PRKRIP1,ORAI2,ALKBH4,LRWD1,POLR2J,RASA4B,POLR2J3,UPK3BL2,ENSG00000270249,SPDYE2,RASA4,ENSG00000205236	0.010450594531421048	0.010643236125532843
chr7	101232092	102809225	CLDN15,FIS1,IFT22,COL26A1,MYL10,CUX1,SH2B2,SPDYE6,PRKRIP1,ORAI2,ALKBH4,LRWD1,POLR2J,RASA4B,POLR2J3,UPK3BL2,ENSG00000270249,SPDYE2,RASA4,ENSG00000205236,UPK3BL1,ENSG00000267645,SPDYE2B,POLR2J2,FAM185A	0.013194787450530064	0.015439020005054762
chr7	101815904	103331818	CUX1,SH2B2,SPDYE6,PRKRIP1,ORAI2,ALKBH4,LRWD1,POLR2J,RASA4B,POLR2J3,UPK3BL2,ENSG00000270249,SPDYE2,RASA4,ENSG00000205236,UPK3BL1,ENSG00000267645,SPDYE2B,POLR2J2,FAM185A,FBXL13,LRRC17,ARMC10,NAPEPLD,PMPCB	0.004125544396641826	0.0071990090392649204
chr7	102456238	104208047	ALKBH4,LRWD1,POLR2J,RASA4B,POLR2J3,UPK3BL2,ENSG00000270249,SPDYE2,RASA4,ENSG00000205236,UPK3BL1,ENSG00000267645,SPDYE2B,POLR2J2,FAM185A,FBXL13,LRRC17,ARMC10,NAPEPLD,PMPCB,DNAJC2,PSMC2,SLC26A5,RELN,ORC5	0.005356139912864684	0.006896580960576662
chr7	102537919	105567677	UPK3BL2,ENSG00000270249,SPDYE2,RASA4,ENSG00000205236,UPK3BL1,ENSG00000267645,SPDYE2B,POLR2J2,FAM185A,FBXL13,LRRC17,ARMC10,NAPEPLD,PMPCB,DNAJC2,PSMC2,SLC26A5,RELN,ORC5,LHFPL3,KMT2E,SRPK2,PUS7,RINT1	0.016430584100051687	0.015520903346311747
chr7	102637025	106285966	UPK3BL1,ENSG00000267645,SPDYE2B,POLR2J2,FAM185A,FBXL13,LRRC17,ARMC10,NAPEPLD,PMPCB,DNAJC2,PSMC2,SLC26A5,RELN,ORC5,LHFPL3,KMT2E,SRPK2,PUS7,RINT1,EFCAB10,ATXN7L1,CDHR3,SYPL1,NAMPT	0.01603863217977711	0.011202594144798336
chr7	102811189	107564261	FBXL13,LRRC17,ARMC10,NAPEPLD,PMPCB,DNAJC2,PSMC2,SLC26A5,RELN,ORC5,LHFPL3,KMT2E,SRPK2,PUS7,RINT1,EFCAB10,ATXN7L1,CDHR3,SYPL1,NAMPT,CCDC71L,PIK3CG,PRKAR2B,HBP1,COG5	0.013660608329477195	0.007884088571875456
chr7	103312289	107717809	DNAJC2,PSMC2,SLC26A5,RELN,ORC5,LHFPL3,KMT2E,SRPK2,PUS7,RINT1,EFCAB10,ATXN7L1,CDHR3,SYPL1,NAMPT,CCDC71L,PIK3CG,PRKAR2B,HBP1,COG5,GPR22,DUS4L,DUS4L-BCAP29,BCAP29,SLC26A4	0.011405277141971837	0.012828258286332718
chr7	104328603	108130361	LHFPL3,KMT2E,SRPK2,PUS7,RINT1,EFCAB10,ATXN7L1,CDHR3,SYPL1,NAMPT,CCDC71L,PIK3CG,PRKAR2B,HBP1,COG5,GPR22,DUS4L,DUS4L-BCAP29,BCAP29,SLC26A4,CBLL1,SLC26A3,DLD,LAMB1,LAMB4	0.009617605324747501	0.01796430183995715
chr7	105565120	111562517	EFCAB10,ATXN7L1,CDHR3,SYPL1,NAMPT,CCDC71L,PIK3CG,PRKAR2B,HBP1,COG5,GPR22,DUS4L,DUS4L-BCAP29,BCAP29,SLC26A4,CBLL1,SLC26A3,DLD,LAMB1,LAMB4,NRCAM,PNPLA8,THAP5,DNAJB9,IMMP2L	0.0045630074022502765	0.01657367512115279
chr7	106654360	112490941	CCDC71L,PIK3CG,PRKAR2B,HBP1,COG5,GPR22,DUS4L,DUS4L-BCAP29,BCAP29,SLC26A4,CBLL1,SLC26A3,DLD,LAMB1,LAMB4,NRCAM,PNPLA8,THAP5,DNAJB9,IMMP2L,LRRN3,DOCK4,ZNF277,IFRD1,ENSG00000288640	-0.002171720458492439	0.013747009453595827
chr7	107470018	113087778	GPR22,DUS4L,DUS4L-BCAP29,BCAP29,SLC26A4,CBLL1,SLC26A3,DLD,LAMB1,LAMB4,NRCAM,PNPLA8,THAP5,DNAJB9,IMMP2L,LRRN3,DOCK4,ZNF277,IFRD1,ENSG00000288640,ENSG00000288634,LSMEM1,TMEM168,BMT2,GPR85	-0.005464417830001254	0.010380261950320477
chr7	107743073	116159896	CBLL1,SLC26A3,DLD,LAMB1,LAMB4,NRCAM,PNPLA8,THAP5,DNAJB9,IMMP2L,LRRN3,DOCK4,ZNF277,IFRD1,ENSG00000288640,ENSG00000288634,LSMEM1,TMEM168,BMT2,GPR85,SMIM30,PPP1R3A,FOXP2,MDFIC,TFEC	0.008326333576749567	0.015029394617518111
chr7	108147623	116922049	NRCAM,PNPLA8,THAP5,DNAJB9,IMMP2L,LRRN3,DOCK4,ZNF277,IFRD1,ENSG00000288640,ENSG00000288634,LSMEM1,TMEM168,BMT2,GPR85,SMIM30,PPP1R3A,FOXP2,MDFIC,TFEC,TES,CAV2,CAV1,MET,CAPZA2	0.010409780254946047	0.011978321849115478
chr7	111091006	117715971	LRRN3,DOCK4,ZNF277,IFRD1,ENSG00000288640,ENSG00000288634,LSMEM1,TMEM168,BMT2,GPR85,SMIM30,PPP1R3A,FOXP2,MDFIC,TFEC,TES,CAV2,CAV1,MET,CAPZA2,ST7,ENSG00000288635,WNT2,CFTR,ASZ1	0.00607699037338073	0.0068378730116867015
chr7	112450487	120858402	ENSG00000288634,LSMEM1,TMEM168,BMT2,GPR85,SMIM30,PPP1R3A,FOXP2,MDFIC,TFEC,TES,CAV2,CAV1,MET,CAPZA2,ST7,ENSG00000288635,WNT2,CFTR,ASZ1,CTTNBP2,LSM8,ANKRD7,KCND2,TSPAN12	0.004549812630484112	0.009238075388492402
chr7	113116718	122062036	SMIM30,PPP1R3A,FOXP2,MDFIC,TFEC,TES,CAV2,CAV1,MET,CAPZA2,ST7,ENSG00000288635,WNT2,CFTR,ASZ1,CTTNBP2,LSM8,ANKRD7,KCND2,TSPAN12,ING3,CPED1,WNT16,FAM3C,PTPRZ1	0.0032741103862648935	0.011906713914964489
chr7	116210506	122886759	TES,CAV2,CAV1,MET,CAPZA2,ST7,ENSG00000288635,WNT2,CFTR,ASZ1,CTTNBP2,LSM8,ANKRD7,KCND2,TSPAN12,ING3,CPED1,WNT16,FAM3C,PTPRZ1,AASS,FEZF1,CADPS2,RNF133,RNF148	0.0023587527927637656	0.009707855618858677
chr7	116953238	123639481	ST7,ENSG00000288635,WNT2,CFTR,ASZ1,CTTNBP2,LSM8,ANKRD7,KCND2,TSPAN12,ING3,CPED1,WNT16,FAM3C,PTPRZ1,AASS,FEZF1,CADPS2,RNF133,RNF148,TAS2R16,SLC13A1,IQUB,NDUFA5,ASB15	0.006105780433035525	0.0051019122079844605
chr7	117710651	124033067	CTTNBP2,LSM8,ANKRD7,KCND2,TSPAN12,ING3,CPED1,WNT16,FAM3C,PTPRZ1,AASS,FEZF1,CADPS2,RNF133,RNF148,TAS2R16,SLC13A1,IQUB,NDUFA5,ASB15,LMOD2,WASL,HYAL4,SPAM1,TMEM229A	0.008648991001375743	0.004402427480271353
chr7	120950763	127593611	ING3,CPED1,WNT16,FAM3C,PTPRZ1,AASS,FEZF1,CADPS2,RNF133,RNF148,TAS2R16,SLC13A1,IQUB,NDUFA5,ASB15,LMOD2,WASL,HYAL4,SPAM1,TMEM229A,GPR37,POT1,GRM8,ZNF800,GCC1	0.00397943469760075	0.005110575210615818
chr7	122064583	128092609	AASS,FEZF1,CADPS2,RNF133,RNF148,TAS2R16,SLC13A1,IQUB,NDUFA5,ASB15,LMOD2,WASL,HYAL4,SPAM1,TMEM229A,GPR37,POT1,GRM8,ZNF800,GCC1,ARF5,FSCN3,PAX4,SND1,LRRC4	0.006516458185433366	0.009369425717932455
chr7	122994704	128458418	TAS2R16,SLC13A1,IQUB,NDUFA5,ASB15,LMOD2,WASL,HYAL4,SPAM1,TMEM229A,GPR37,POT1,GRM8,ZNF800,GCC1,ARF5,FSCN3,PAX4,SND1,LRRC4,LEP,RBM28,PRRT4,IMPDH1,HILPDA	0.0093188013373826	0.00892683265928658
chr7	123655866	128859274	LMOD2,WASL,HYAL4,SPAM1,TMEM229A,GPR37,POT1,GRM8,ZNF800,GCC1,ARF5,FSCN3,PAX4,SND1,LRRC4,LEP,RBM28,PRRT4,IMPDH1,HILPDA,METTL2B,CALU,OPN1SW,CCDC136,FLNC	0.019410988757057063	0.01274805732094631
chr7	124743885	129055173	GPR37,POT1,GRM8,ZNF800,GCC1,ARF5,FSCN3,PAX4,SND1,LRRC4,LEP,RBM28,PRRT4,IMPDH1,HILPDA,METTL2B,CALU,OPN1SW,CCDC136,FLNC,KCP,ATP6V1F,ATP6V1FNB,IRF5,TNPO3	0.0292120462573764	0.014023090407058158
chr7	127588386	129512918	ARF5,FSCN3,PAX4,SND1,LRRC4,LEP,RBM28,PRRT4,IMPDH1,HILPDA,METTL2B,CALU,OPN1SW,CCDC136,FLNC,KCP,ATP6V1F,ATP6V1FNB,IRF5,TNPO3,TSPAN33,SMO,AHCYL2,STRIP2,SMKR1	0.020896108533075806	0.010026393626027176
chr7	128241278	130207770	LEP,RBM28,PRRT4,IMPDH1,HILPDA,METTL2B,CALU,OPN1SW,CCDC136,FLNC,KCP,ATP6V1F,ATP6V1FNB,IRF5,TNPO3,TSPAN33,SMO,AHCYL2,STRIP2,SMKR1,NRF1,UBE2H,ZC3HC1,KLHDC10,TMEM209	0.006492693517799524	0.004061911008840205
chr7	128476729	130388114	METTL2B,CALU,OPN1SW,CCDC136,FLNC,KCP,ATP6V1F,ATP6V1FNB,IRF5,TNPO3,TSPAN33,SMO,AHCYL2,STRIP2,SMKR1,NRF1,UBE2H,ZC3HC1,KLHDC10,TMEM209,SSMEM1,CPA2,CPA4,CPA5,CPA1	0.007442140182832271	0.0104431488967667
chr7	128862042	130734207	KCP,ATP6V1F,ATP6V1FNB,IRF5,TNPO3,TSPAN33,SMO,AHCYL2,STRIP2,SMKR1,NRF1,UBE2H,ZC3HC1,KLHDC10,TMEM209,SSMEM1,CPA2,CPA4,CPA5,CPA1,CEP41,MEST,COPG2,TSGA13,KLF14	0.01190088891320739	0.013702298462320045
chr7	129144707	134066589	TSPAN33,SMO,AHCYL2,STRIP2,SMKR1,NRF1,UBE2H,ZC3HC1,KLHDC10,TMEM209,SSMEM1,CPA2,CPA4,CPA5,CPA1,CEP41,MEST,COPG2,TSGA13,KLF14,MKLN1,PODXL,PLXNA4,CHCHD3,EXOC4	0.007780196940148931	0.0074163632586532495
chr7	129611720	134579875	NRF1,UBE2H,ZC3HC1,KLHDC10,TMEM209,SSMEM1,CPA2,CPA4,CPA5,CPA1,CEP41,MEST,COPG2,TSGA13,KLF14,MKLN1,PODXL,PLXNA4,CHCHD3,EXOC4,LRGUK,SLC35B4,AKR1B1,AKR1B10,AKR1B15	0.012319740839785513	0.010426161845360361
chr7	130206344	135170795	SSMEM1,CPA2,CPA4,CPA5,CPA1,CEP41,MEST,COPG2,TSGA13,KLF14,MKLN1,PODXL,PLXNA4,CHCHD3,EXOC4,LRGUK,SLC35B4,AKR1B1,AKR1B10,AKR1B15,BPGM,CALD1,AGBL3,CYREN,TMEM140	0.020194527299207014	0.0173802503625723
chr7	130393771	135693418	CEP41,MEST,COPG2,TSGA13,KLF14,MKLN1,PODXL,PLXNA4,CHCHD3,EXOC4,LRGUK,SLC35B4,AKR1B1,AKR1B10,AKR1B15,BPGM,CALD1,AGBL3,CYREN,TMEM140,WDR91,STRA8,CNOT4,NUP205,STMP1	0.017976756867122527	0.016001633602441587
chr7	131110096	137343774	MKLN1,PODXL,PLXNA4,CHCHD3,EXOC4,LRGUK,SLC35B4,AKR1B1,AKR1B10,AKR1B15,BPGM,CALD1,AGBL3,CYREN,TMEM140,WDR91,STRA8,CNOT4,NUP205,STMP1,SLC13A4,FAM180A,MTPN,CHRM2,PTN	0.016944813542679966	0.01368766908094944
chr7	134127299	138701362	LRGUK,SLC35B4,AKR1B1,AKR1B10,AKR1B15,BPGM,CALD1,AGBL3,CYREN,TMEM140,WDR91,STRA8,CNOT4,NUP205,STMP1,SLC13A4,FAM180A,MTPN,CHRM2,PTN,DGKI,CREB3L2,AKR1D1,TRIM24,SVOPL	0.014985113110573623	0.008750787058973504
chr7	134646811	139132122	BPGM,CALD1,AGBL3,CYREN,TMEM140,WDR91,STRA8,CNOT4,NUP205,STMP1,SLC13A4,FAM180A,MTPN,CHRM2,PTN,DGKI,CREB3L2,AKR1D1,TRIM24,SVOPL,ATP6V0A4,TMEM213,KIAA1549,ZC3HAV1L,ZC3HAV1	0.01363164937552253	0.007719145168553878
chr7	135183839	139423457	WDR91,STRA8,CNOT4,NUP205,STMP1,SLC13A4,FAM180A,MTPN,CHRM2,PTN,DGKI,CREB3L2,AKR1D1,TRIM24,SVOPL,ATP6V0A4,TMEM213,KIAA1549,ZC3HAV1L,ZC3HAV1,TTC26,UBN2,FMC1,LUC7L2,FMC1-LUC7L2	0.018646098062028445	0.01108313578424361
chr7	135681231	140062951	SLC13A4,FAM180A,MTPN,CHRM2,PTN,DGKI,CREB3L2,AKR1D1,TRIM24,SVOPL,ATP6V0A4,TMEM213,KIAA1549,ZC3HAV1L,ZC3HAV1,TTC26,UBN2,FMC1,LUC7L2,FMC1-LUC7L2,KLRG2,CLEC2L,HIPK2,TBXAS1,PARP12	0.021135214768298608	0.015097466839610302
chr7	137381037	140673993	DGKI,CREB3L2,AKR1D1,TRIM24,SVOPL,ATP6V0A4,TMEM213,KIAA1549,ZC3HAV1L,ZC3HAV1,TTC26,UBN2,FMC1,LUC7L2,FMC1-LUC7L2,KLRG2,CLEC2L,HIPK2,TBXAS1,PARP12,KDM7A,SLC37A3,RAB19,MKRN1,DENND2A	0.024729390893856715	0.01575713486380719
chr7	138706294	141480380	ATP6V0A4,TMEM213,KIAA1549,ZC3HAV1L,ZC3HAV1,TTC26,UBN2,FMC1,LUC7L2,FMC1-LUC7L2,KLRG2,CLEC2L,HIPK2,TBXAS1,PARP12,KDM7A,SLC37A3,RAB19,MKRN1,DENND2A,ADCK2,NDUFB2,BRAF,MRPS33,TMEM178B	0.020548687584585616	0.012699130193315311
chr7	139133744	141787922	TTC26,UBN2,FMC1,LUC7L2,FMC1-LUC7L2,KLRG2,CLEC2L,HIPK2,TBXAS1,PARP12,KDM7A,SLC37A3,RAB19,MKRN1,DENND2A,ADCK2,NDUFB2,BRAF,MRPS33,TMEM178B,AGK,DENND11,WEE2,SSBP1,TAS2R3	0.0157144125335997	0.009423622664590474
chr7	139452690	142106747	KLRG2,CLEC2L,HIPK2,TBXAS1,PARP12,KDM7A,SLC37A3,RAB19,MKRN1,DENND2A,ADCK2,NDUFB2,BRAF,MRPS33,TMEM178B,AGK,DENND11,WEE2,SSBP1,TAS2R3,TAS2R4,TAS2R5,PRSS37,MGAM,OR9A4	0.008082954606170544	0.004745778731129806
chr7	140084746	142753072	KDM7A,SLC37A3,RAB19,MKRN1,DENND2A,ADCK2,NDUFB2,BRAF,MRPS33,TMEM178B,AGK,DENND11,WEE2,SSBP1,TAS2R3,TAS2R4,TAS2R5,PRSS37,MGAM,OR9A4,CLEC5A,TAS2R38,MGAM2,PRSS58,PRSS1	0.006166621379207897	0.00468959552433153
chr7	140672945	142940868	ADCK2,NDUFB2,BRAF,MRPS33,TMEM178B,AGK,DENND11,WEE2,SSBP1,TAS2R3,TAS2R4,TAS2R5,PRSS37,MGAM,OR9A4,CLEC5A,TAS2R38,MGAM2,PRSS58,PRSS1,PRSS2,EPHB6,TRPV6,TRPV5,LLCFC1	0.0037085109416672072	0.004067485220904729
chr7	141551278	143184435	AGK,DENND11,WEE2,SSBP1,TAS2R3,TAS2R4,TAS2R5,PRSS37,MGAM,OR9A4,CLEC5A,TAS2R38,MGAM2,PRSS58,PRSS1,PRSS2,EPHB6,TRPV6,TRPV5,LLCFC1,KEL,OR9A2,OR6V1,PIP,TAS2R39	0.0011408781821582524	0.0012389821869506657
chr7	141776674	143352083	TAS2R4,TAS2R5,PRSS37,MGAM,OR9A4,CLEC5A,TAS2R38,MGAM2,PRSS58,PRSS1,PRSS2,EPHB6,TRPV6,TRPV5,LLCFC1,KEL,OR9A2,OR6V1,PIP,TAS2R39,TAS2R40,GSTK1,TMEM139,CASP2,CLCN1	0.0011618597126131244	0.0026134528521484083
chr7	141927357	143478796	CLEC5A,TAS2R38,MGAM2,PRSS58,PRSS1,PRSS2,EPHB6,TRPV6,TRPV5,LLCFC1,KEL,OR9A2,OR6V1,PIP,TAS2R39,TAS2R40,GSTK1,TMEM139,CASP2,CLCN1,FAM131B,ZYX,EPHA1,TAS2R60,TAS2R41	0.001768347293089473	0.002269182516450632
chr7	142760398	143902198	PRSS2,EPHB6,TRPV6,TRPV5,LLCFC1,KEL,OR9A2,OR6V1,PIP,TAS2R39,TAS2R40,GSTK1,TMEM139,CASP2,CLCN1,FAM131B,ZYX,EPHA1,TAS2R60,TAS2R41,CTAGE15,TCAF2,TCAF2C,CTAGE6,TCAF1	0.004708435261650422	0.005979363682498805
chr7	142941114	144075870	KEL,OR9A2,OR6V1,PIP,TAS2R39,TAS2R40,GSTK1,TMEM139,CASP2,CLCN1,FAM131B,ZYX,EPHA1,TAS2R60,TAS2R41,CTAGE15,TCAF2,TCAF2C,CTAGE6,TCAF1,OR2F2,OR2F1,OR6B1,OR2A5,OR2A25	0.004617833804338256	0.006479817109143614
chr7	143222037	144195879	TAS2R40,GSTK1,TMEM139,CASP2,CLCN1,FAM131B,ZYX,EPHA1,TAS2R60,TAS2R41,CTAGE15,TCAF2,TCAF2C,CTAGE6,TCAF1,OR2F2,OR2F1,OR6B1,OR2A5,OR2A25,OR2A12,OR2A2,OR2A14,CTAGE4,ARHGEF35	0.00414932233661195	0.005382782264612691
chr7	143353400	144380632	FAM131B,ZYX,EPHA1,TAS2R60,TAS2R41,CTAGE15,TCAF2,TCAF2C,CTAGE6,TCAF1,OR2F2,OR2F1,OR6B1,OR2A5,OR2A25,OR2A12,OR2A2,OR2A14,CTAGE4,ARHGEF35,OR2A42,OR2A7,CTAGE8,OR2A1,ARHGEF5	0.0026338683030882547	0.0027113102414715287
chr7	143571801	148801110	CTAGE15,TCAF2,TCAF2C,CTAGE6,TCAF1,OR2F2,OR2F1,OR6B1,OR2A5,OR2A25,OR2A12,OR2A2,OR2A14,CTAGE4,ARHGEF35,OR2A42,OR2A7,CTAGE8,OR2A1,ARHGEF5,NOBOX,TPK1,CNTNAP2,C7orf33,CUL1	0.00027574078214754276	0.0003900872938191849
chr7	143935233	149183042	OR2F2,OR2F1,OR6B1,OR2A5,OR2A25,OR2A12,OR2A2,OR2A14,CTAGE4,ARHGEF35,OR2A42,OR2A7,CTAGE8,OR2A1,ARHGEF5,NOBOX,TPK1,CNTNAP2,C7orf33,CUL1,EZH2,PDIA4,ZNF786,ZNF425,ZNF398	0.00037981512127541764	0.003178615275227852
chr7	144086278	149497817	OR2A12,OR2A2,OR2A14,CTAGE4,ARHGEF35,OR2A42,OR2A7,CTAGE8,OR2A1,ARHGEF5,NOBOX,TPK1,CNTNAP2,C7orf33,CUL1,EZH2,PDIA4,ZNF786,ZNF425,ZNF398,ZNF282,ZNF212,ZNF783,ZNF777,ZNF746	-0.029454346283802144	0.0021304479507409002
chr7	144228244	150323725	OR2A42,OR2A7,CTAGE8,OR2A1,ARHGEF5,NOBOX,TPK1,CNTNAP2,C7orf33,CUL1,EZH2,PDIA4,ZNF786,ZNF425,ZNF398,ZNF282,ZNF212,ZNF783,ZNF777,ZNF746,KRBA1,ZNF467,ZNF862,ATP6V0E2,ACTR3C	-0.010301735427161842	0.008624583156322974
chr7	144397240	150412470	NOBOX,TPK1,CNTNAP2,C7orf33,CUL1,EZH2,PDIA4,ZNF786,ZNF425,ZNF398,ZNF282,ZNF212,ZNF783,ZNF777,ZNF746,KRBA1,ZNF467,ZNF862,ATP6V0E2,ACTR3C,LRRC61,RARRES2,REPIN1,ZNF775,ENSG00000284691	0.0037214861917116856	0.011186896475355175
chr7	148807257	150693641	EZH2,PDIA4,ZNF786,ZNF425,ZNF398,ZNF282,ZNF212,ZNF783,ZNF777,ZNF746,KRBA1,ZNF467,ZNF862,ATP6V0E2,ACTR3C,LRRC61,RARRES2,REPIN1,ZNF775,ENSG00000284691,GIMAP8,GIMAP7,GIMAP4,GIMAP6,GIMAP2	0.006940729054544317	0.01234113020338275
chr7	149195546	150805118	ZNF282,ZNF212,ZNF783,ZNF777,ZNF746,KRBA1,ZNF467,ZNF862,ATP6V0E2,ACTR3C,LRRC61,RARRES2,REPIN1,ZNF775,ENSG00000284691,GIMAP8,GIMAP7,GIMAP4,GIMAP6,GIMAP2,GIMAP1,GIMAP1-GIMAP5,GIMAP5,TMEM176B,TMEM176A	0.0097396332656412	0.01278835666705305
chr7	149714781	151047782	KRBA1,ZNF467,ZNF862,ATP6V0E2,ACTR3C,LRRC61,RARRES2,REPIN1,ZNF775,ENSG00000284691,GIMAP8,GIMAP7,GIMAP4,GIMAP6,GIMAP2,GIMAP1,GIMAP1-GIMAP5,GIMAP5,TMEM176B,TMEM176A,AOC1,KCNH2,NOS3,ATG9B,ABCB8	0.0028666947836820285	0.0041779897507392165
chr7	150323263	151080866	LRRC61,RARRES2,REPIN1,ZNF775,ENSG00000284691,GIMAP8,GIMAP7,GIMAP4,GIMAP6,GIMAP2,GIMAP1,GIMAP1-GIMAP5,GIMAP5,TMEM176B,TMEM176A,AOC1,KCNH2,NOS3,ATG9B,ABCB8,ASIC3,CDK5,SLC4A2,ENSG00000288608,FASTK	0.0018111123811830427	0.0015743319670240151
chr7	150450630	151205496	GIMAP8,GIMAP7,GIMAP4,GIMAP6,GIMAP2,GIMAP1,GIMAP1-GIMAP5,GIMAP5,TMEM176B,TMEM176A,AOC1,KCNH2,NOS3,ATG9B,ABCB8,ASIC3,CDK5,SLC4A2,ENSG00000288608,FASTK,TMUB1,AGAP3,GBX1,ASB10,IQCA1L	0.005752218429400542	0.00689471721666552
chr7	150716606	151410727	GIMAP1,GIMAP1-GIMAP5,GIMAP5,TMEM176B,TMEM176A,AOC1,KCNH2,NOS3,ATG9B,ABCB8,ASIC3,CDK5,SLC4A2,ENSG00000288608,FASTK,TMUB1,AGAP3,GBX1,ASB10,IQCA1L,ABCF2,CHPF2,SMARCD3,NUB1,WDR86	0.01167363283437541	0.014354100435390033
chr7	150824627	152122340	AOC1,KCNH2,NOS3,ATG9B,ABCB8,ASIC3,CDK5,SLC4A2,ENSG00000288608,FASTK,TMUB1,AGAP3,GBX1,ASB10,IQCA1L,ABCF2,CHPF2,SMARCD3,NUB1,WDR86,CRYGN,RHEB,PRKAG2,GALNTL5,GALNT11	0.012027270019983822	0.014314915953287696
chr7	151048292	155003124	ASIC3,CDK5,SLC4A2,ENSG00000288608,FASTK,TMUB1,AGAP3,GBX1,ASB10,IQCA1L,ABCF2,CHPF2,SMARCD3,NUB1,WDR86,CRYGN,RHEB,PRKAG2,GALNTL5,GALNT11,KMT2C,XRCC2,ACTR3B,DPP6,PAXIP1	0.011340157812974669	0.011945638622207795
chr7	151081085	155644406	TMUB1,AGAP3,GBX1,ASB10,IQCA1L,ABCF2,CHPF2,SMARCD3,NUB1,WDR86,CRYGN,RHEB,PRKAG2,GALNTL5,GALNT11,KMT2C,XRCC2,ACTR3B,DPP6,PAXIP1,HTR5A,INSIG1,EN2,CNPY1,ENSG00000283128	0.0043293880223247965	0.008470300682461912
chr7	151211484	156973176	ABCF2,CHPF2,SMARCD3,NUB1,WDR86,CRYGN,RHEB,PRKAG2,GALNTL5,GALNT11,KMT2C,XRCC2,ACTR3B,DPP6,PAXIP1,HTR5A,INSIG1,EN2,CNPY1,ENSG00000283128,RBM33,SHH,RNF32,LMBR1,NOM1	0.004750414993479685	0.012232370221158705
chr7	151428832	158704804	CRYGN,RHEB,PRKAG2,GALNTL5,GALNT11,KMT2C,XRCC2,ACTR3B,DPP6,PAXIP1,HTR5A,INSIG1,EN2,CNPY1,ENSG00000283128,RBM33,SHH,RNF32,LMBR1,NOM1,MNX1,UBE3C,DNAJB6,PTPRN2,NCAPG2	0.007772103064738162	0.014470302461518224
chr8	166086	7338707	OR4F21,ZNF596,FBXO25,TDRP,ERICH1,DLGAP2,CLN8,KBTBD11-OT1,ARHGEF10,KBTBD11,MYOM2,CSMD1,MCPH1,ANGPT2,AGPAT5,XKR5,DEFB1,DEFA6,DEFA4,DEFA1,DEFA1B,DEFA3,DEFA5,USP17L1,USP17L4	0.01287342688852102	0.013168579967093174
chr8	737628	7475082	DLGAP2,CLN8,KBTBD11-OT1,ARHGEF10,KBTBD11,MYOM2,CSMD1,MCPH1,ANGPT2,AGPAT5,XKR5,DEFB1,DEFA6,DEFA4,DEFA1,DEFA1B,DEFA3,DEFA5,USP17L1,USP17L4,ZNF705G,DEFB4B,DEFB103B,SPAG11B,DEFB104B	0.004893352148301932	0.005291378045738922
chr8	2045046	7781413	MYOM2,CSMD1,MCPH1,ANGPT2,AGPAT5,XKR5,DEFB1,DEFA6,DEFA4,DEFA1,DEFA1B,DEFA3,DEFA5,USP17L1,USP17L4,ZNF705G,DEFB4B,DEFB103B,SPAG11B,DEFB104B,DEFB106B,DEFB105B,DEFB107B,PRR23D1,PRR23D2	0.0008322138124719118	0.0005891302674275958
chr8	6808517	7868867	XKR5,DEFB1,DEFA6,DEFA4,DEFA1,DEFA1B,DEFA3,DEFA5,USP17L1,USP17L4,ZNF705G,DEFB4B,DEFB103B,SPAG11B,DEFB104B,DEFB106B,DEFB105B,DEFB107B,PRR23D1,PRR23D2,DEFB107A,DEFB105A,DEFB106A,DEFB104A,SPAG11A	0.0	0.0
chr8	6996766	7977985	DEFA1B,DEFA3,DEFA5,USP17L1,USP17L4,ZNF705G,DEFB4B,DEFB103B,SPAG11B,DEFB104B,DEFB106B,DEFB105B,DEFB107B,PRR23D1,PRR23D2,DEFB107A,DEFB105A,DEFB106A,DEFB104A,SPAG11A,DEFB103A,DEFB4A,ZNF705B,USP17L8,USP17L3	0.0	0.0
chr8	7355517	9151574	ZNF705G,DEFB4B,DEFB103B,SPAG11B,DEFB104B,DEFB106B,DEFB105B,DEFB107B,PRR23D1,PRR23D2,DEFB107A,DEFB105A,DEFB106A,DEFB104A,SPAG11A,DEFB103A,DEFB4A,ZNF705B,USP17L8,USP17L3,PRAG1,CLDN23,MFHAS1,ERI1,PPP1R3B	0.00034685898991734874	0.00016158029834125216
chr8	7482504	10712187	DEFB106B,DEFB105B,DEFB107B,PRR23D1,PRR23D2,DEFB107A,DEFB105A,DEFB106A,DEFB104A,SPAG11A,DEFB103A,DEFB4A,ZNF705B,USP17L8,USP17L3,PRAG1,CLDN23,MFHAS1,ERI1,PPP1R3B,TNKS,MSRA,PRSS51,PRSS55,RP1L1	0.0028930770047659892	0.002158012748132185
chr8	7811720	11328146	DEFB107A,DEFB105A,DEFB106A,DEFB104A,SPAG11A,DEFB103A,DEFB4A,ZNF705B,USP17L8,USP17L3,PRAG1,CLDN23,MFHAS1,ERI1,PPP1R3B,TNKS,MSRA,PRSS51,PRSS55,RP1L1,C8orf74,SOX7,PINX1,XKR6,MTMR9	0.01224495905646198	0.009035414047378235
chr8	7881392	11787345	DEFB103A,DEFB4A,ZNF705B,USP17L8,USP17L3,PRAG1,CLDN23,MFHAS1,ERI1,PPP1R3B,TNKS,MSRA,PRSS51,PRSS55,RP1L1,C8orf74,SOX7,PINX1,XKR6,MTMR9,SLC35G5,FAM167A,BLK,GATA4,NEIL2	0.01492192932039678	0.010466385923478063
chr8	8317736	12000752	PRAG1,CLDN23,MFHAS1,ERI1,PPP1R3B,TNKS,MSRA,PRSS51,PRSS55,RP1L1,C8orf74,SOX7,PINX1,XKR6,MTMR9,SLC35G5,FAM167A,BLK,GATA4,NEIL2,FDFT1,CTSB,DEFB136,DEFB135,DEFB134	0.010322187891083957	0.009161076929574257
chr8	9555912	12194133	TNKS,MSRA,PRSS51,PRSS55,RP1L1,C8orf74,SOX7,PINX1,XKR6,MTMR9,SLC35G5,FAM167A,BLK,GATA4,NEIL2,FDFT1,CTSB,DEFB136,DEFB135,DEFB134,DEFB130B,ZNF705D,USP17L7,USP17L2,FAM86B1	0.0027505344348746695	0.004969375473695384
chr8	10672628	13604610	C8orf74,SOX7,PINX1,XKR6,MTMR9,SLC35G5,FAM167A,BLK,GATA4,NEIL2,FDFT1,CTSB,DEFB136,DEFB135,DEFB134,DEFB130B,ZNF705D,USP17L7,USP17L2,FAM86B1,DEFB130A,FAM86B2,LONRF1,TRMT9B,DLC1	-0.0014977478274186646	0.0020655976847091294
chr8	11331012	17002345	SLC35G5,FAM167A,BLK,GATA4,NEIL2,FDFT1,CTSB,DEFB136,DEFB135,DEFB134,DEFB130B,ZNF705D,USP17L7,USP17L2,FAM86B1,DEFB130A,FAM86B2,LONRF1,TRMT9B,DLC1,C8orf48,SGCZ,TUSC3,MSR1,FGF20	0.0015120011975696857	0.003837546118890494
chr8	11795573	17413528	FDFT1,CTSB,DEFB136,DEFB135,DEFB134,DEFB130B,ZNF705D,USP17L7,USP17L2,FAM86B1,DEFB130A,FAM86B2,LONRF1,TRMT9B,DLC1,C8orf48,SGCZ,TUSC3,MSR1,FGF20,MICU3,ZDHHC2,CNOT7,VPS37A,MTMR7	0.007755757561448799	0.012044118643517
chr8	12064389	18029948	DEFB130B,ZNF705D,USP17L7,USP17L2,FAM86B1,DEFB130A,FAM86B2,LONRF1,TRMT9B,DLC1,C8orf48,SGCZ,TUSC3,MSR1,FGF20,MICU3,ZDHHC2,CNOT7,VPS37A,MTMR7,SLC7A2,PDGFRL,MTUS1,FGL1,PCM1	0.01435808299190012	0.016651649800546488
chr8	12310962	19396218	DEFB130A,FAM86B2,LONRF1,TRMT9B,DLC1,C8orf48,SGCZ,TUSC3,MSR1,FGF20,MICU3,ZDHHC2,CNOT7,VPS37A,MTMR7,SLC7A2,PDGFRL,MTUS1,FGL1,PCM1,ASAH1,NAT1,NAT2,PSD3,SH2D4A	0.02087170544791751	0.014731554240102118
chr8	13566869	20226819	C8orf48,SGCZ,TUSC3,MSR1,FGF20,MICU3,ZDHHC2,CNOT7,VPS37A,MTMR7,SLC7A2,PDGFRL,MTUS1,FGL1,PCM1,ASAH1,NAT1,NAT2,PSD3,SH2D4A,CSGALNACT1,INTS10,LPL,SLC18A1,ATP6V1B2	0.02333719953911897	0.013463419815718858
chr8	17027238	22036897	MICU3,ZDHHC2,CNOT7,VPS37A,MTMR7,SLC7A2,PDGFRL,MTUS1,FGL1,PCM1,ASAH1,NAT1,NAT2,PSD3,SH2D4A,CSGALNACT1,INTS10,LPL,SLC18A1,ATP6V1B2,LZTS1,GFRA2,DOK2,XPO7,NPM2	0.014954483563208717	0.015169997249829873
chr8	17497088	22141951	SLC7A2,PDGFRL,MTUS1,FGL1,PCM1,ASAH1,NAT1,NAT2,PSD3,SH2D4A,CSGALNACT1,INTS10,LPL,SLC18A1,ATP6V1B2,LZTS1,GFRA2,DOK2,XPO7,NPM2,FGF17,DMTN,NUDT18,HR,REEP4	0.009793856247269426	0.016687524871592176
chr8	18055992	22254601	ASAH1,NAT1,NAT2,PSD3,SH2D4A,CSGALNACT1,INTS10,LPL,SLC18A1,ATP6V1B2,LZTS1,GFRA2,DOK2,XPO7,NPM2,FGF17,DMTN,NUDT18,HR,REEP4,LGI3,SFTPC,BMP1,PHYHIP,POLR3D	0.007383754468294264	0.013182485329511025
chr8	19404161	22598025	CSGALNACT1,INTS10,LPL,SLC18A1,ATP6V1B2,LZTS1,GFRA2,DOK2,XPO7,NPM2,FGF17,DMTN,NUDT18,HR,REEP4,LGI3,SFTPC,BMP1,PHYHIP,POLR3D,PIWIL2,SLC39A14,PPP3CC,SORBS3,PDLIM2	0.005114908872333104	0.008419495499808211
chr8	20246165	22693480	LZTS1,GFRA2,DOK2,XPO7,NPM2,FGF17,DMTN,NUDT18,HR,REEP4,LGI3,SFTPC,BMP1,PHYHIP,POLR3D,PIWIL2,SLC39A14,PPP3CC,SORBS3,PDLIM2,ENSG00000248235,C8orf58,CCAR2,BIN3,EGR3	0.006920057478289022	0.008399623843073096
chr8	22042398	23117445	FGF17,DMTN,NUDT18,HR,REEP4,LGI3,SFTPC,BMP1,PHYHIP,POLR3D,PIWIL2,SLC39A14,PPP3CC,SORBS3,PDLIM2,ENSG00000248235,C8orf58,CCAR2,BIN3,EGR3,PEBP4,RHOBTB2,TNFRSF10B,ENSG00000284956,TNFRSF10C	0.00876015947198206	0.008318320922548621
chr8	22146830	23425328	LGI3,SFTPC,BMP1,PHYHIP,POLR3D,PIWIL2,SLC39A14,PPP3CC,SORBS3,PDLIM2,ENSG00000248235,C8orf58,CCAR2,BIN3,EGR3,PEBP4,RHOBTB2,TNFRSF10B,ENSG00000284956,TNFRSF10C,TNFRSF10D,TNFRSF10A,CHMP7,R3HCC1,LOXL2	0.009997032456754911	0.009251621120296281
chr8	22275316	23854806	PIWIL2,SLC39A14,PPP3CC,SORBS3,PDLIM2,ENSG00000248235,C8orf58,CCAR2,BIN3,EGR3,PEBP4,RHOBTB2,TNFRSF10B,ENSG00000284956,TNFRSF10C,TNFRSF10D,TNFRSF10A,CHMP7,R3HCC1,LOXL2,ENTPD4,SLC25A37,NKX3-1,NKX2-6,STC1	0.01068722866189956	0.010436505828387534
chr8	22589274	24956721	ENSG00000248235,C8orf58,CCAR2,BIN3,EGR3,PEBP4,RHOBTB2,TNFRSF10B,ENSG00000284956,TNFRSF10C,TNFRSF10D,TNFRSF10A,CHMP7,R3HCC1,LOXL2,ENTPD4,SLC25A37,NKX3-1,NKX2-6,STC1,ADAM28,ADAMDEC1,ADAM7,NEFM,NEFL	0.013645950431952044	0.012701482527920816
chr8	22713251	26045413	PEBP4,RHOBTB2,TNFRSF10B,ENSG00000284956,TNFRSF10C,TNFRSF10D,TNFRSF10A,CHMP7,R3HCC1,LOXL2,ENTPD4,SLC25A37,NKX3-1,NKX2-6,STC1,ADAM28,ADAMDEC1,ADAM7,NEFM,NEFL,DOCK5,GNRH1,KCTD9,CDCA2,EBF2	0.019269252396300538	0.009213139648956828
chr8	23135588	26867278	TNFRSF10D,TNFRSF10A,CHMP7,R3HCC1,LOXL2,ENTPD4,SLC25A37,NKX3-1,NKX2-6,STC1,ADAM28,ADAMDEC1,ADAM7,NEFM,NEFL,DOCK5,GNRH1,KCTD9,CDCA2,EBF2,PPP2R2A,BNIP3L,PNMA2,DPYSL2,ADRA1A	0.02507505749296085	0.008567549839593682
chr8	23385783	27545564	ENTPD4,SLC25A37,NKX3-1,NKX2-6,STC1,ADAM28,ADAMDEC1,ADAM7,NEFM,NEFL,DOCK5,GNRH1,KCTD9,CDCA2,EBF2,PPP2R2A,BNIP3L,PNMA2,DPYSL2,ADRA1A,STMN4,TRIM35,PTK2B,CHRNA2,EPHX2	0.0169638760037174	0.006440179929351966
chr8	24294069	27838082	ADAM28,ADAMDEC1,ADAM7,NEFM,NEFL,DOCK5,GNRH1,KCTD9,CDCA2,EBF2,PPP2R2A,BNIP3L,PNMA2,DPYSL2,ADRA1A,STMN4,TRIM35,PTK2B,CHRNA2,EPHX2,CLU,SCARA3,CCDC25,ESCO2,PBK	0.004430930451593814	0.004227788029192139
chr8	25184689	28402701	DOCK5,GNRH1,KCTD9,CDCA2,EBF2,PPP2R2A,BNIP3L,PNMA2,DPYSL2,ADRA1A,STMN4,TRIM35,PTK2B,CHRNA2,EPHX2,CLU,SCARA3,CCDC25,ESCO2,PBK,SCARA5,NUGGC,ELP3,PNOC,ZNF395	0.0025267775112613865	0.0038602472437037814
chr8	26291508	29064764	PPP2R2A,BNIP3L,PNMA2,DPYSL2,ADRA1A,STMN4,TRIM35,PTK2B,CHRNA2,EPHX2,CLU,SCARA3,CCDC25,ESCO2,PBK,SCARA5,NUGGC,ELP3,PNOC,ZNF395,FBXO16,FZD3,EXTL3,INTS9,HMBOX1	0.01649071993946872	0.011900971761378122
chr8	27235308	30177208	STMN4,TRIM35,PTK2B,CHRNA2,EPHX2,CLU,SCARA3,CCDC25,ESCO2,PBK,SCARA5,NUGGC,ELP3,PNOC,ZNF395,FBXO16,FZD3,EXTL3,INTS9,HMBOX1,KIF13B,DUSP4,SARAF,LEPROTL1,MBOAT4	0.017846115364908793	0.01150711326686885
chr8	27596917	30727846	CLU,SCARA3,CCDC25,ESCO2,PBK,SCARA5,NUGGC,ELP3,PNOC,ZNF395,FBXO16,FZD3,EXTL3,INTS9,HMBOX1,KIF13B,DUSP4,SARAF,LEPROTL1,MBOAT4,DCTN6,RBPMS,GTF2E2,SMIM18,GSR	0.02161068077926066	0.011019433262602983
chr8	27869883	31176138	SCARA5,NUGGC,ELP3,PNOC,ZNF395,FBXO16,FZD3,EXTL3,INTS9,HMBOX1,KIF13B,DUSP4,SARAF,LEPROTL1,MBOAT4,DCTN6,RBPMS,GTF2E2,SMIM18,GSR,UBXN8,PPP2CB,TEX15,PURG,WRN	0.013054794960166184	0.003387802898952095
chr8	28348287	33513185	FBXO16,FZD3,EXTL3,INTS9,HMBOX1,KIF13B,DUSP4,SARAF,LEPROTL1,MBOAT4,DCTN6,RBPMS,GTF2E2,SMIM18,GSR,UBXN8,PPP2CB,TEX15,PURG,WRN,NRG1,ENSG00000286131,FUT10,TTI2,MAK16	0.015282009395728024	0.009005991406210135
chr8	29067278	37700019	KIF13B,DUSP4,SARAF,LEPROTL1,MBOAT4,DCTN6,RBPMS,GTF2E2,SMIM18,GSR,UBXN8,PPP2CB,TEX15,PURG,WRN,NRG1,ENSG00000286131,FUT10,TTI2,MAK16,RNF122,DUSP26,UNC5D,KCNU1,ZNF703	0.018231266275460994	0.01482672626184391
chr8	30156319	37899497	DCTN6,RBPMS,GTF2E2,SMIM18,GSR,UBXN8,PPP2CB,TEX15,PURG,WRN,NRG1,ENSG00000286131,FUT10,TTI2,MAK16,RNF122,DUSP26,UNC5D,KCNU1,ZNF703,ERLIN2,PLPBP,ADGRA2,BRF2,RAB11FIP1	0.01513595807421709	0.011418223858078462
chr8	30729131	38144076	UBXN8,PPP2CB,TEX15,PURG,WRN,NRG1,ENSG00000286131,FUT10,TTI2,MAK16,RNF122,DUSP26,UNC5D,KCNU1,ZNF703,ERLIN2,PLPBP,ADGRA2,BRF2,RAB11FIP1,GOT1L1,ENSG00000285880,ADRB3,EIF4EBP1,ASH2L	0.011882363133622663	0.00968863124686617
chr8	31639222	38275558	NRG1,ENSG00000286131,FUT10,TTI2,MAK16,RNF122,DUSP26,UNC5D,KCNU1,ZNF703,ERLIN2,PLPBP,ADGRA2,BRF2,RAB11FIP1,GOT1L1,ENSG00000285880,ADRB3,EIF4EBP1,ASH2L,STAR,LSM1,BAG4,DDHD2,PLPP5	0.00857602595415376	0.009304488040690815
chr8	33547754	38973912	RNF122,DUSP26,UNC5D,KCNU1,ZNF703,ERLIN2,PLPBP,ADGRA2,BRF2,RAB11FIP1,GOT1L1,ENSG00000285880,ADRB3,EIF4EBP1,ASH2L,STAR,LSM1,BAG4,DDHD2,PLPP5,NSD3,LETM2,FGFR1,TACC1,PLEKHA2	0.00882200924770691	0.011057059281871253
chr8	37736601	39730065	ERLIN2,PLPBP,ADGRA2,BRF2,RAB11FIP1,GOT1L1,ENSG00000285880,ADRB3,EIF4EBP1,ASH2L,STAR,LSM1,BAG4,DDHD2,PLPP5,NSD3,LETM2,FGFR1,TACC1,PLEKHA2,HTRA4,TM2D2,ADAM9,ADAM32,ADAM18	0.00828729016934983	0.00873936015808711
chr8	37934281	40897833	GOT1L1,ENSG00000285880,ADRB3,EIF4EBP1,ASH2L,STAR,LSM1,BAG4,DDHD2,PLPP5,NSD3,LETM2,FGFR1,TACC1,PLEKHA2,HTRA4,TM2D2,ADAM9,ADAM32,ADAM18,ADAM2,IDO1,IDO2,TCIM,ZMAT4	0.011251907682344736	0.010062000744106436
chr8	38142700	41650817	STAR,LSM1,BAG4,DDHD2,PLPP5,NSD3,LETM2,FGFR1,TACC1,PLEKHA2,HTRA4,TM2D2,ADAM9,ADAM32,ADAM18,ADAM2,IDO1,IDO2,TCIM,ZMAT4,SFRP1,GOLGA7,GINS4,GPAT4,NKX6-3	0.010386087259643042	0.011816078085248094
chr8	38269704	42332460	NSD3,LETM2,FGFR1,TACC1,PLEKHA2,HTRA4,TM2D2,ADAM9,ADAM32,ADAM18,ADAM2,IDO1,IDO2,TCIM,ZMAT4,SFRP1,GOLGA7,GINS4,GPAT4,NKX6-3,ANK1,KAT6A,AP3M2,PLAT,IKBKB	0.012901270469500955	0.015219817838441518
chr8	38974228	42555195	HTRA4,TM2D2,ADAM9,ADAM32,ADAM18,ADAM2,IDO1,IDO2,TCIM,ZMAT4,SFRP1,GOLGA7,GINS4,GPAT4,NKX6-3,ANK1,KAT6A,AP3M2,PLAT,IKBKB,POLB,DKK4,VDAC3,SLC20A2,SMIM19	0.01217751626848226	0.017510033471442914
chr8	39743735	43030535	ADAM2,IDO1,IDO2,TCIM,ZMAT4,SFRP1,GOLGA7,GINS4,GPAT4,NKX6-3,ANK1,KAT6A,AP3M2,PLAT,IKBKB,POLB,DKK4,VDAC3,SLC20A2,SMIM19,CHRNB3,CHRNA6,THAP1,RNF170,HOOK3	0.006154718526502245	0.010145242583811985
chr8	41261962	47736306	SFRP1,GOLGA7,GINS4,GPAT4,NKX6-3,ANK1,KAT6A,AP3M2,PLAT,IKBKB,POLB,DKK4,VDAC3,SLC20A2,SMIM19,CHRNB3,CHRNA6,THAP1,RNF170,HOOK3,ENSG00000254673,FNTA,POMK,HGSNAT,SPIDR	0.0017130156241660292	0.0056977829745783045
chr8	41653220	48921740	ANK1,KAT6A,AP3M2,PLAT,IKBKB,POLB,DKK4,VDAC3,SLC20A2,SMIM19,CHRNB3,CHRNA6,THAP1,RNF170,HOOK3,ENSG00000254673,FNTA,POMK,HGSNAT,SPIDR,CEBPD,PRKDC,MCM4,UBE2V2,SNAI2	0.008764438612483261	0.011254068260867028
chr8	42338454	52460959	POLB,DKK4,VDAC3,SLC20A2,SMIM19,CHRNB3,CHRNA6,THAP1,RNF170,HOOK3,ENSG00000254673,FNTA,POMK,HGSNAT,SPIDR,CEBPD,PRKDC,MCM4,UBE2V2,SNAI2,PPDPFL,SNTG1,PXDNL,PCMTD1,ST18	0.012542051190347275	0.01061271214267822
chr8	42697366	53843558	CHRNB3,CHRNA6,THAP1,RNF170,HOOK3,ENSG00000254673,FNTA,POMK,HGSNAT,SPIDR,CEBPD,PRKDC,MCM4,UBE2V2,SNAI2,PPDPFL,SNTG1,PXDNL,PCMTD1,ST18,ALKAL1,RB1CC1,NPBWR1,OPRK1,ATP6V1H	0.007898555348623009	0.0069741338205668215
chr8	43018424	54460892	ENSG00000254673,FNTA,POMK,HGSNAT,SPIDR,CEBPD,PRKDC,MCM4,UBE2V2,SNAI2,PPDPFL,SNTG1,PXDNL,PCMTD1,ST18,ALKAL1,RB1CC1,NPBWR1,OPRK1,ATP6V1H,RGS20,TCEA1,LYPLA1,MRPL15,SOX17	0.007743833596625212	0.00864686611487329
chr8	47736913	56014169	CEBPD,PRKDC,MCM4,UBE2V2,SNAI2,PPDPFL,SNTG1,PXDNL,PCMTD1,ST18,ALKAL1,RB1CC1,NPBWR1,OPRK1,ATP6V1H,RGS20,TCEA1,LYPLA1,MRPL15,SOX17,RP1,XKR4,TMEM68,TGS1,LYN	0.010619231928370453	0.009679296308206426
chr8	49054311	56320776	PPDPFL,SNTG1,PXDNL,PCMTD1,ST18,ALKAL1,RB1CC1,NPBWR1,OPRK1,ATP6V1H,RGS20,TCEA1,LYPLA1,MRPL15,SOX17,RP1,XKR4,TMEM68,TGS1,LYN,RPS20,MOS,PLAG1,CHCHD7,SDR16C5	0.02312540180485266	0.009390879587768266
chr8	52534037	58500163	ALKAL1,RB1CC1,NPBWR1,OPRK1,ATP6V1H,RGS20,TCEA1,LYPLA1,MRPL15,SOX17,RP1,XKR4,TMEM68,TGS1,LYN,RPS20,MOS,PLAG1,CHCHD7,SDR16C5,PENK,BPNT2,FAM110B,UBXN2B,CYP7A1	0.033706451331766356	0.011404295270088512
chr8	53851795	60623644	RGS20,TCEA1,LYPLA1,MRPL15,SOX17,RP1,XKR4,TMEM68,TGS1,LYN,RPS20,MOS,PLAG1,CHCHD7,SDR16C5,PENK,BPNT2,FAM110B,UBXN2B,CYP7A1,SDCBP,NSMAF,TOX,CA8,RAB2A	0.03205437954568589	0.01291832143308209
chr8	54509422	63039407	RP1,XKR4,TMEM68,TGS1,LYN,RPS20,MOS,PLAG1,CHCHD7,SDR16C5,PENK,BPNT2,FAM110B,UBXN2B,CYP7A1,SDCBP,NSMAF,TOX,CA8,RAB2A,CHD7,CLVS1,ASPH,NKAIN3,GGH	0.02637408206352359	0.012375589561872293
chr8	56067254	65634217	RPS20,MOS,PLAG1,CHCHD7,SDR16C5,PENK,BPNT2,FAM110B,UBXN2B,CYP7A1,SDCBP,NSMAF,TOX,CA8,RAB2A,CHD7,CLVS1,ASPH,NKAIN3,GGH,TTPA,YTHDF3,BHLHE22,CYP7B1,ARMC1	0.02506884001121309	0.00799046912957464
chr8	56436674	66178464	PENK,BPNT2,FAM110B,UBXN2B,CYP7A1,SDCBP,NSMAF,TOX,CA8,RAB2A,CHD7,CLVS1,ASPH,NKAIN3,GGH,TTPA,YTHDF3,BHLHE22,CYP7B1,ARMC1,MTFR1,PDE7A,DNAJC5B,TRIM55,CRH	0.042993277673841326	0.010137965569514065
chr8	58552924	66518524	SDCBP,NSMAF,TOX,CA8,RAB2A,CHD7,CLVS1,ASPH,NKAIN3,GGH,TTPA,YTHDF3,BHLHE22,CYP7B1,ARMC1,MTFR1,PDE7A,DNAJC5B,TRIM55,CRH,RRS1,ENSG00000285655,ENSG00000285791,ADHFE1,VXN	0.05043326959405936	0.014934244923737837
chr8	60678740	66922048	CHD7,CLVS1,ASPH,NKAIN3,GGH,TTPA,YTHDF3,BHLHE22,CYP7B1,ARMC1,MTFR1,PDE7A,DNAJC5B,TRIM55,CRH,RRS1,ENSG00000285655,ENSG00000285791,ADHFE1,VXN,MYBL1,VCPIP1,C8orf44-SGK3,SGK3,MCMDC2	0.025905125720402218	0.012878183246900578
chr8	63048553	67343781	TTPA,YTHDF3,BHLHE22,CYP7B1,ARMC1,MTFR1,PDE7A,DNAJC5B,TRIM55,CRH,RRS1,ENSG00000285655,ENSG00000285791,ADHFE1,VXN,MYBL1,VCPIP1,C8orf44-SGK3,SGK3,MCMDC2,TCF24,PPP1R42,COPS5,CSPP1,ARFGEF1	0.005962706841169201	0.004015783140751744
chr8	65644734	69834978	MTFR1,PDE7A,DNAJC5B,TRIM55,CRH,RRS1,ENSG00000285655,ENSG00000285791,ADHFE1,VXN,MYBL1,VCPIP1,C8orf44-SGK3,SGK3,MCMDC2,TCF24,PPP1R42,COPS5,CSPP1,ARFGEF1,CPA6,PREX2,C8orf34,SULF1,SLCO5A1	0.006273694671570234	0.005987791103967416
chr8	66429014	70790371	RRS1,ENSG00000285655,ENSG00000285791,ADHFE1,VXN,MYBL1,VCPIP1,C8orf44-SGK3,SGK3,MCMDC2,TCF24,PPP1R42,COPS5,CSPP1,ARFGEF1,CPA6,PREX2,C8orf34,SULF1,SLCO5A1,PRDM14,NCOA2,TRAM1,LACTB2,XKR9	0.014492966610481314	0.016039762603939935
chr8	66562175	73048123	MYBL1,VCPIP1,C8orf44-SGK3,SGK3,MCMDC2,TCF24,PPP1R42,COPS5,CSPP1,ARFGEF1,CPA6,PREX2,C8orf34,SULF1,SLCO5A1,PRDM14,NCOA2,TRAM1,LACTB2,XKR9,EYA1,MSC,TRPA1,KCNB2,TERF1	0.01397417099620376	0.014838750469507635
chr8	66946501	73747708	TCF24,PPP1R42,COPS5,CSPP1,ARFGEF1,CPA6,PREX2,C8orf34,SULF1,SLCO5A1,PRDM14,NCOA2,TRAM1,LACTB2,XKR9,EYA1,MSC,TRPA1,KCNB2,TERF1,SBSPON,C8orf89,RPL7,RDH10,STAU2	0.013469263323106386	0.013213842311797756
chr8	67422038	74029079	CPA6,PREX2,C8orf34,SULF1,SLCO5A1,PRDM14,NCOA2,TRAM1,LACTB2,XKR9,EYA1,MSC,TRPA1,KCNB2,TERF1,SBSPON,C8orf89,RPL7,RDH10,STAU2,ENSG00000258677,UBE2W,ELOC,TMEM70,LY96	0.008266293125877882	0.008162130519990709
chr8	70051651	75566834	PRDM14,NCOA2,TRAM1,LACTB2,XKR9,EYA1,MSC,TRPA1,KCNB2,TERF1,SBSPON,C8orf89,RPL7,RDH10,STAU2,ENSG00000258677,UBE2W,ELOC,TMEM70,LY96,JPH1,GDAP1,PI15,CRISPLD1,HNF4G	-0.00043764919797524516	0.0028431925372023404
chr8	71197433	78805523	EYA1,MSC,TRPA1,KCNB2,TERF1,SBSPON,C8orf89,RPL7,RDH10,STAU2,ENSG00000258677,UBE2W,ELOC,TMEM70,LY96,JPH1,GDAP1,PI15,CRISPLD1,HNF4G,ZFHX4,PEX2,PKIA,ZC2HC1A,IL7	0.0030353598633952165	0.006037066165012544
chr8	73064543	80231232	SBSPON,C8orf89,RPL7,RDH10,STAU2,ENSG00000258677,UBE2W,ELOC,TMEM70,LY96,JPH1,GDAP1,PI15,CRISPLD1,HNF4G,ZFHX4,PEX2,PKIA,ZC2HC1A,IL7,STMN2,HEY1,MRPS28,ENSG00000276418,TPD52	-0.0024758239287581683	0.00421587151711211
chr8	73688691	81447439	ENSG00000258677,UBE2W,ELOC,TMEM70,LY96,JPH1,GDAP1,PI15,CRISPLD1,HNF4G,ZFHX4,PEX2,PKIA,ZC2HC1A,IL7,STMN2,HEY1,MRPS28,ENSG00000276418,TPD52,ZBTB10,ZNF704,PAG1,FABP5,PMP2	-0.013771589822953052	0.003066037822402664
chr8	74234700	81695058	JPH1,GDAP1,PI15,CRISPLD1,HNF4G,ZFHX4,PEX2,PKIA,ZC2HC1A,IL7,STMN2,HEY1,MRPS28,ENSG00000276418,TPD52,ZBTB10,ZNF704,PAG1,FABP5,PMP2,FABP9,FABP4,FABP12,IMPA1,SLC10A5	-0.024365290446589357	0.0026316084788076764
chr8	76681239	85146080	ZFHX4,PEX2,PKIA,ZC2HC1A,IL7,STMN2,HEY1,MRPS28,ENSG00000276418,TPD52,ZBTB10,ZNF704,PAG1,FABP5,PMP2,FABP9,FABP4,FABP12,IMPA1,SLC10A5,ZFAND1,CHMP4C,SNX16,RALYL,LRRCC1	-0.017785972392375893	0.003204224459631208
chr8	79611117	85449040	STMN2,HEY1,MRPS28,ENSG00000276418,TPD52,ZBTB10,ZNF704,PAG1,FABP5,PMP2,FABP9,FABP4,FABP12,IMPA1,SLC10A5,ZFAND1,CHMP4C,SNX16,RALYL,LRRCC1,E2F5,RBIS,CA13,CA1,CA3	0.00274350325287684	0.00872213223055992
chr8	80485619	86478420	ZBTB10,ZNF704,PAG1,FABP5,PMP2,FABP9,FABP4,FABP12,IMPA1,SLC10A5,ZFAND1,CHMP4C,SNX16,RALYL,LRRCC1,E2F5,RBIS,CA13,CA1,CA3,CA2,ATP6V0D2,PSKH2,SLC7A13,WWP1	0.009431975683945987	0.014705898753441807
chr8	81458253	87874015	FABP9,FABP4,FABP12,IMPA1,SLC10A5,ZFAND1,CHMP4C,SNX16,RALYL,LRRCC1,E2F5,RBIS,CA13,CA1,CA3,CA2,ATP6V0D2,PSKH2,SLC7A13,WWP1,RMDN1,CPNE3,CNGB3,CNBD1,DCAF4L2	0.01003074128031335	0.01195257182445485
chr8	81701334	90053633	ZFAND1,CHMP4C,SNX16,RALYL,LRRCC1,E2F5,RBIS,CA13,CA1,CA3,CA2,ATP6V0D2,PSKH2,SLC7A13,WWP1,RMDN1,CPNE3,CNGB3,CNBD1,DCAF4L2,MMP16,RIPK2,OSGIN2,NBN,DECR1	0.006928248001281517	0.008438223156678658
chr8	85177154	91040872	E2F5,RBIS,CA13,CA1,CA3,CA2,ATP6V0D2,PSKH2,SLC7A13,WWP1,RMDN1,CPNE3,CNGB3,CNBD1,DCAF4L2,MMP16,RIPK2,OSGIN2,NBN,DECR1,CALB1,TMEM64,NECAB1,C8orf88,PIP4P2	0.010736278496623746	0.012173436491561154
chr8	85463968	93017673	CA2,ATP6V0D2,PSKH2,SLC7A13,WWP1,RMDN1,CPNE3,CNGB3,CNBD1,DCAF4L2,MMP16,RIPK2,OSGIN2,NBN,DECR1,CALB1,TMEM64,NECAB1,C8orf88,PIP4P2,OTUD6B,LRRC69,SLC26A7,RUNX1T1,TRIQK	0.011516068610849703	0.011329184841636373
chr8	86468257	94217303	RMDN1,CPNE3,CNGB3,CNBD1,DCAF4L2,MMP16,RIPK2,OSGIN2,NBN,DECR1,CALB1,TMEM64,NECAB1,C8orf88,PIP4P2,OTUD6B,LRRC69,SLC26A7,RUNX1T1,TRIQK,CIBAR1,RBM12B,TMEM67,PDP1,CDH17	0.017449403103209606	0.015342115850486407
chr8	88032011	94707466	MMP16,RIPK2,OSGIN2,NBN,DECR1,CALB1,TMEM64,NECAB1,C8orf88,PIP4P2,OTUD6B,LRRC69,SLC26A7,RUNX1T1,TRIQK,CIBAR1,RBM12B,TMEM67,PDP1,CDH17,GEM,RAD54B,FSBP,VIRMA,ESRP1	0.018556301920807216	0.017105029987629687
chr8	90058608	95116455	CALB1,TMEM64,NECAB1,C8orf88,PIP4P2,OTUD6B,LRRC69,SLC26A7,RUNX1T1,TRIQK,CIBAR1,RBM12B,TMEM67,PDP1,CDH17,GEM,RAD54B,FSBP,VIRMA,ESRP1,DPY19L4,INTS8,CCNE2,NDUFAF6,TP53INP1	0.018776592610290646	0.0163648866077811
chr8	91070196	96336995	OTUD6B,LRRC69,SLC26A7,RUNX1T1,TRIQK,CIBAR1,RBM12B,TMEM67,PDP1,CDH17,GEM,RAD54B,FSBP,VIRMA,ESRP1,DPY19L4,INTS8,CCNE2,NDUFAF6,TP53INP1,PLEKHF2,GDF6,UQCRB,MTERF3,PTDSS1	0.01278869451326102	0.01282479033746129
chr8	93698561	97853013	CIBAR1,RBM12B,TMEM67,PDP1,CDH17,GEM,RAD54B,FSBP,VIRMA,ESRP1,DPY19L4,INTS8,CCNE2,NDUFAF6,TP53INP1,PLEKHF2,GDF6,UQCRB,MTERF3,PTDSS1,SDC2,CPQ,TSPYL5,MTDH,LAPTM4B	0.013631726608534307	0.012542720573306982
chr8	94249253	98159835	GEM,RAD54B,FSBP,VIRMA,ESRP1,DPY19L4,INTS8,CCNE2,NDUFAF6,TP53INP1,PLEKHF2,GDF6,UQCRB,MTERF3,PTDSS1,SDC2,CPQ,TSPYL5,MTDH,LAPTM4B,MATN2,RPL30,ERICH5,RIDA,POP1	0.0126496174562067	0.006391415208608274
chr8	94719703	99877580	DPY19L4,INTS8,CCNE2,NDUFAF6,TP53INP1,PLEKHF2,GDF6,UQCRB,MTERF3,PTDSS1,SDC2,CPQ,TSPYL5,MTDH,LAPTM4B,MATN2,RPL30,ERICH5,RIDA,POP1,NIPAL2,STK3,KCNS2,OSR2,VPS13B	0.011053792573719481	0.008444021307222197
chr8	95115642	100259278	PLEKHF2,GDF6,UQCRB,MTERF3,PTDSS1,SDC2,CPQ,TSPYL5,MTDH,LAPTM4B,MATN2,RPL30,ERICH5,RIDA,POP1,NIPAL2,STK3,KCNS2,OSR2,VPS13B,COX6C,RGS22,FBXO43,POLR2K,SPAG1	-0.0017060303812233676	0.006336997207367844
chr8	96493813	100953388	SDC2,CPQ,TSPYL5,MTDH,LAPTM4B,MATN2,RPL30,ERICH5,RIDA,POP1,NIPAL2,STK3,KCNS2,OSR2,VPS13B,COX6C,RGS22,FBXO43,POLR2K,SPAG1,RNF19A,ANKRD46,SNX31,PABPC1,YWHAZ	-0.010507793918528225	0.0009928809030127308
chr8	97868840	102412759	MATN2,RPL30,ERICH5,RIDA,POP1,NIPAL2,STK3,KCNS2,OSR2,VPS13B,COX6C,RGS22,FBXO43,POLR2K,SPAG1,RNF19A,ANKRD46,SNX31,PABPC1,YWHAZ,ZNF706,GRHL2,NCALD,RRM2B,UBR5	-0.011487427031699674	0.002573244120563222
chr8	98189826	103230305	NIPAL2,STK3,KCNS2,OSR2,VPS13B,COX6C,RGS22,FBXO43,POLR2K,SPAG1,RNF19A,ANKRD46,SNX31,PABPC1,YWHAZ,ZNF706,GRHL2,NCALD,RRM2B,UBR5,ODF1,KLF10,AZIN1,ATP6V1C1,BAALC	-0.006626517053988865	0.005369548982782994
chr8	99873200	103501895	COX6C,RGS22,FBXO43,POLR2K,SPAG1,RNF19A,ANKRD46,SNX31,PABPC1,YWHAZ,ZNF706,GRHL2,NCALD,RRM2B,UBR5,ODF1,KLF10,AZIN1,ATP6V1C1,BAALC,FZD6,CTHRC1,SLC25A32,ENSG00000285982,DCAF13	0.0018116755038857682	0.007168278251138475
chr8	100257060	105804539	RNF19A,ANKRD46,SNX31,PABPC1,YWHAZ,ZNF706,GRHL2,NCALD,RRM2B,UBR5,ODF1,KLF10,AZIN1,ATP6V1C1,BAALC,FZD6,CTHRC1,SLC25A32,ENSG00000285982,DCAF13,RIMS2,DPYS,DCSTAMP,LRP12,ZFPM2	0.009503599527076186	0.0134102651263511
chr8	101177878	108443496	ZNF706,GRHL2,NCALD,RRM2B,UBR5,ODF1,KLF10,AZIN1,ATP6V1C1,BAALC,FZD6,CTHRC1,SLC25A32,ENSG00000285982,DCAF13,RIMS2,DPYS,DCSTAMP,LRP12,ZFPM2,OXR1,ABRA,ANGPT1,RSPO2,EIF3E	0.012538954641877603	0.012523156270624742
chr8	102551589	109345954	ODF1,KLF10,AZIN1,ATP6V1C1,BAALC,FZD6,CTHRC1,SLC25A32,ENSG00000285982,DCAF13,RIMS2,DPYS,DCSTAMP,LRP12,ZFPM2,OXR1,ABRA,ANGPT1,RSPO2,EIF3E,EMC2,TMEM74,TRHR,NUDCD1,ENY2	0.019240382491384878	0.013784198447259493
chr8	103298433	113436939	FZD6,CTHRC1,SLC25A32,ENSG00000285982,DCAF13,RIMS2,DPYS,DCSTAMP,LRP12,ZFPM2,OXR1,ABRA,ANGPT1,RSPO2,EIF3E,EMC2,TMEM74,TRHR,NUDCD1,ENY2,PKHD1L1,EBAG9,SYBU,KCNV1,CSMD3	0.02287735874938394	0.00914021279318829
chr8	103500610	116944487	RIMS2,DPYS,DCSTAMP,LRP12,ZFPM2,OXR1,ABRA,ANGPT1,RSPO2,EIF3E,EMC2,TMEM74,TRHR,NUDCD1,ENY2,PKHD1L1,EBAG9,SYBU,KCNV1,CSMD3,TRPS1,EIF3H,UTP23,RAD21,AARD	0.02178847833316345	0.0077327243618466705
chr8	106270144	118951885	OXR1,ABRA,ANGPT1,RSPO2,EIF3E,EMC2,TMEM74,TRHR,NUDCD1,ENY2,PKHD1L1,EBAG9,SYBU,KCNV1,CSMD3,TRPS1,EIF3H,UTP23,RAD21,AARD,SLC30A8,MED30,EXT1,SAMD12,TNFRSF11B	0.0190750248362655	0.007531016513194675
chr8	108443601	119832863	EMC2,TMEM74,TRHR,NUDCD1,ENY2,PKHD1L1,EBAG9,SYBU,KCNV1,CSMD3,TRPS1,EIF3H,UTP23,RAD21,AARD,SLC30A8,MED30,EXT1,SAMD12,TNFRSF11B,COLEC10,MAL2,CCN3,ENPP2,TAF2	0.012828344760963983	0.008411249437411073
chr8	109362461	120542133	PKHD1L1,EBAG9,SYBU,KCNV1,CSMD3,TRPS1,EIF3H,UTP23,RAD21,AARD,SLC30A8,MED30,EXT1,SAMD12,TNFRSF11B,COLEC10,MAL2,CCN3,ENPP2,TAF2,DSCC1,DEPTOR,COL14A1,MRPL13,MTBP	0.009806642271023538	0.01393795474560528
chr8	115408496	123152153	TRPS1,EIF3H,UTP23,RAD21,AARD,SLC30A8,MED30,EXT1,SAMD12,TNFRSF11B,COLEC10,MAL2,CCN3,ENPP2,TAF2,DSCC1,DEPTOR,COL14A1,MRPL13,MTBP,SNTB1,HAS2,ZHX2,DERL1,TBC1D31	0.005477143934569594	0.014033678629035363
chr8	116950273	123416350	SLC30A8,MED30,EXT1,SAMD12,TNFRSF11B,COLEC10,MAL2,CCN3,ENPP2,TAF2,DSCC1,DEPTOR,COL14A1,MRPL13,MTBP,SNTB1,HAS2,ZHX2,DERL1,TBC1D31,FAM83A,C8orf76,ZHX1-C8orf76,ZHX1,ATAD2	0.006553689174928254	0.009789290767785442
chr8	118995452	123815452	COLEC10,MAL2,CCN3,ENPP2,TAF2,DSCC1,DEPTOR,COL14A1,MRPL13,MTBP,SNTB1,HAS2,ZHX2,DERL1,TBC1D31,FAM83A,C8orf76,ZHX1-C8orf76,ZHX1,ATAD2,NTAQ1,FBXO32,KLHL38,ANXA13,FAM91A1	0.008494905565844068	0.009104900699462293
chr8	119833976	124539458	DSCC1,DEPTOR,COL14A1,MRPL13,MTBP,SNTB1,HAS2,ZHX2,DERL1,TBC1D31,FAM83A,C8orf76,ZHX1-C8orf76,ZHX1,ATAD2,NTAQ1,FBXO32,KLHL38,ANXA13,FAM91A1,FER1L6,TMEM65,TRMT12,RNF139,TATDN1	0.010745272088092473	0.010778254377636765
chr8	120535745	125091819	SNTB1,HAS2,ZHX2,DERL1,TBC1D31,FAM83A,C8orf76,ZHX1-C8orf76,ZHX1,ATAD2,NTAQ1,FBXO32,KLHL38,ANXA13,FAM91A1,FER1L6,TMEM65,TRMT12,RNF139,TATDN1,NDUFB9,MTSS1,ZNF572,SQLE,WASHC5	0.007489818568553224	0.00900806151966618
chr8	123178960	127742951	FAM83A,C8orf76,ZHX1-C8orf76,ZHX1,ATAD2,NTAQ1,FBXO32,KLHL38,ANXA13,FAM91A1,FER1L6,TMEM65,TRMT12,RNF139,TATDN1,NDUFB9,MTSS1,ZNF572,SQLE,WASHC5,NSMCE2,TRIB1,LRATD2,POU5F1B,MYC	-0.0031005752381799106	0.006599999964748868
chr8	123416726	132013642	NTAQ1,FBXO32,KLHL38,ANXA13,FAM91A1,FER1L6,TMEM65,TRMT12,RNF139,TATDN1,NDUFB9,MTSS1,ZNF572,SQLE,WASHC5,NSMCE2,TRIB1,LRATD2,POU5F1B,MYC,GSDMC,CYRIB,ASAP1,ADCY8,EFR3A	-0.014113647376102085	0.0043877746606497256
chr8	123851987	132760712	FER1L6,TMEM65,TRMT12,RNF139,TATDN1,NDUFB9,MTSS1,ZNF572,SQLE,WASHC5,NSMCE2,TRIB1,LRATD2,POU5F1B,MYC,GSDMC,CYRIB,ASAP1,ADCY8,EFR3A,OC90,ENSG00000258417,HHLA1,KCNQ3,TMEM71	-0.0065467225694263685	0.005523031359940465
chr8	124539101	133302022	NDUFB9,MTSS1,ZNF572,SQLE,WASHC5,NSMCE2,TRIB1,LRATD2,POU5F1B,MYC,GSDMC,CYRIB,ASAP1,ADCY8,EFR3A,OC90,ENSG00000258417,HHLA1,KCNQ3,TMEM71,PHF20L1,TG,SLA,CCN4,NDRG1	0.006098218959320387	0.0132519787707635
chr8	125091679	138914041	NSMCE2,TRIB1,LRATD2,POU5F1B,MYC,GSDMC,CYRIB,ASAP1,ADCY8,EFR3A,OC90,ENSG00000258417,HHLA1,KCNQ3,TMEM71,PHF20L1,TG,SLA,CCN4,NDRG1,ST3GAL1,ZFAT,KHDRBS3,FAM135B,COL22A1	0.005062582015952479	0.013867666566174011
chr8	129748196	141002216	GSDMC,CYRIB,ASAP1,ADCY8,EFR3A,OC90,ENSG00000258417,HHLA1,KCNQ3,TMEM71,PHF20L1,TG,SLA,CCN4,NDRG1,ST3GAL1,ZFAT,KHDRBS3,FAM135B,COL22A1,KCNK9,TRAPPC9,CHRAC1,AGO2,PTK2	-0.00032709393644116754	0.013565313517507942
chr8	132024216	142403182	OC90,ENSG00000258417,HHLA1,KCNQ3,TMEM71,PHF20L1,TG,SLA,CCN4,NDRG1,ST3GAL1,ZFAT,KHDRBS3,FAM135B,COL22A1,KCNK9,TRAPPC9,CHRAC1,AGO2,PTK2,DENND3,SLC45A4,GPR20,PTP4A3,TSNARE1	0.006175428547626665	0.01593175978709556
chr8	132775358	142705127	PHF20L1,TG,SLA,CCN4,NDRG1,ST3GAL1,ZFAT,KHDRBS3,FAM135B,COL22A1,KCNK9,TRAPPC9,CHRAC1,AGO2,PTK2,DENND3,SLC45A4,GPR20,PTP4A3,TSNARE1,ADGRB1,ARC,JRK,PSCA,LY6K	0.011457037236242845	0.016814527712320712
chr8	133454848	142778224	ST3GAL1,ZFAT,KHDRBS3,FAM135B,COL22A1,KCNK9,TRAPPC9,CHRAC1,AGO2,PTK2,DENND3,SLC45A4,GPR20,PTP4A3,TSNARE1,ADGRB1,ARC,JRK,PSCA,LY6K,THEM6,SLURP1,LYPD2,LYNX1-SLURP2,SLURP2	0.009579110420016142	0.011629955209076018
chr8	139600838	142917843	KCNK9,TRAPPC9,CHRAC1,AGO2,PTK2,DENND3,SLC45A4,GPR20,PTP4A3,TSNARE1,ADGRB1,ARC,JRK,PSCA,LY6K,THEM6,SLURP1,LYPD2,LYNX1-SLURP2,SLURP2,LYNX1,LY6D,GML,CYP11B1,CYP11B2	0.005213445257427457	0.00811542050413636
chr8	141117278	143262705	DENND3,SLC45A4,GPR20,PTP4A3,TSNARE1,ADGRB1,ARC,JRK,PSCA,LY6K,THEM6,SLURP1,LYPD2,LYNX1-SLURP2,SLURP2,LYNX1,LY6D,GML,CYP11B1,CYP11B2,LY6E,LY6L,LY6H,GPIHBP1,ZFP41	0.0019505709276879733	0.0042919062141826905
chr8	142449430	143384221	ADGRB1,ARC,JRK,PSCA,LY6K,THEM6,SLURP1,LYPD2,LYNX1-SLURP2,SLURP2,LYNX1,LY6D,GML,CYP11B1,CYP11B2,LY6E,LY6L,LY6H,GPIHBP1,ZFP41,ENSG00000264668,GLI4,ZNF696,TOP1MT,RHPN1	0.003134094018646567	0.006867004920697031
chr8	142727223	143578649	THEM6,SLURP1,LYPD2,LYNX1-SLURP2,SLURP2,LYNX1,LY6D,GML,CYP11B1,CYP11B2,LY6E,LY6L,LY6H,GPIHBP1,ZFP41,ENSG00000264668,GLI4,ZNF696,TOP1MT,RHPN1,MAFA,ZC3H3,GSDMD,MROH6,NAPRT	0.006638693661705469	0.016137509028528438
chr8	142771197	143656418	LYNX1,LY6D,GML,CYP11B1,CYP11B2,LY6E,LY6L,LY6H,GPIHBP1,ZFP41,ENSG00000264668,GLI4,ZNF696,TOP1MT,RHPN1,MAFA,ZC3H3,GSDMD,MROH6,NAPRT,EEF1D,TIGD5,PYCR3,GFUS,ZNF623	0.005896290328551696	0.011408498253869085
chr8	143017982	143790645	LY6E,LY6L,LY6H,GPIHBP1,ZFP41,ENSG00000264668,GLI4,ZNF696,TOP1MT,RHPN1,MAFA,ZC3H3,GSDMD,MROH6,NAPRT,EEF1D,TIGD5,PYCR3,GFUS,ZNF623,ZNF707,CCDC166,MAPK15,FAM83H,IQANK1	0.00845898827366104	0.01210313458804499
chr8	143247110	143976734	ENSG00000264668,GLI4,ZNF696,TOP1MT,RHPN1,MAFA,ZC3H3,GSDMD,MROH6,NAPRT,EEF1D,TIGD5,PYCR3,GFUS,ZNF623,ZNF707,CCDC166,MAPK15,FAM83H,IQANK1,SCRIB,PUF60,NRBP2,EPPK1,PLEC	0.010560524833454167	0.012687167511438259
chr8	143419182	144080648	MAFA,ZC3H3,GSDMD,MROH6,NAPRT,EEF1D,TIGD5,PYCR3,GFUS,ZNF623,ZNF707,CCDC166,MAPK15,FAM83H,IQANK1,SCRIB,PUF60,NRBP2,EPPK1,PLEC,PARP10,GRINA,SPATC1,OPLAH,EXOSC4	0.008718708116072752	0.010918342552365703
chr8	143579697	144118328	EEF1D,TIGD5,PYCR3,GFUS,ZNF623,ZNF707,CCDC166,MAPK15,FAM83H,IQANK1,SCRIB,PUF60,NRBP2,EPPK1,PLEC,PARP10,GRINA,SPATC1,OPLAH,EXOSC4,GPAA1,CYC1,SHARPIN,MAF1,WDR97	0.007817701589826653	0.012220396581190356
chr8	143684452	144314720	ZNF707,CCDC166,MAPK15,FAM83H,IQANK1,SCRIB,PUF60,NRBP2,EPPK1,PLEC,PARP10,GRINA,SPATC1,OPLAH,EXOSC4,GPAA1,CYC1,SHARPIN,MAF1,WDR97,HGH1,MROH1,BOP1,SCX,HSF1	0.005068129450909711	0.011514479222161597
chr8	143790920	144361286	SCRIB,PUF60,NRBP2,EPPK1,PLEC,PARP10,GRINA,SPATC1,OPLAH,EXOSC4,GPAA1,CYC1,SHARPIN,MAF1,WDR97,HGH1,MROH1,BOP1,SCX,HSF1,DGAT1,SCRT1,SLC52A2,TMEM249,ENSG00000271698	0.005198919185329273	0.012829305694308136
chr8	143977153	144428563	PARP10,GRINA,SPATC1,OPLAH,EXOSC4,GPAA1,CYC1,SHARPIN,MAF1,WDR97,HGH1,MROH1,BOP1,SCX,HSF1,DGAT1,SCRT1,SLC52A2,TMEM249,ENSG00000271698,FBXL6,ADCK5,CPSF1,SLC39A4,VPS28	0.00922148163713515	0.01524826932688587
chr8	144082337	144507174	GPAA1,CYC1,SHARPIN,MAF1,WDR97,HGH1,MROH1,BOP1,SCX,HSF1,DGAT1,SCRT1,SLC52A2,TMEM249,ENSG00000271698,FBXL6,ADCK5,CPSF1,SLC39A4,VPS28,TONSL,KIFC2,FOXH1,PPP1R16A,GPT	0.008095247357884463	0.014197430744461495
chr8	144137774	144529132	HGH1,MROH1,BOP1,SCX,HSF1,DGAT1,SCRT1,SLC52A2,TMEM249,ENSG00000271698,FBXL6,ADCK5,CPSF1,SLC39A4,VPS28,TONSL,KIFC2,FOXH1,PPP1R16A,GPT,MFSD3,RECQL4,LRRC14,LRRC24,C8orf82	0.003434598601394747	0.010140166220645022
chr8	144314584	144811169	DGAT1,SCRT1,SLC52A2,TMEM249,ENSG00000271698,FBXL6,ADCK5,CPSF1,SLC39A4,VPS28,TONSL,KIFC2,FOXH1,PPP1R16A,GPT,MFSD3,RECQL4,LRRC14,LRRC24,C8orf82,ARHGAP39,ZNF251,ZNF34,RPL8,ZNF517	0.00418654673994685	0.010091922636812063
chr8	144355431	145066685	FBXL6,ADCK5,CPSF1,SLC39A4,VPS28,TONSL,KIFC2,FOXH1,PPP1R16A,GPT,MFSD3,RECQL4,LRRC14,LRRC24,C8orf82,ARHGAP39,ZNF251,ZNF34,RPL8,ZNF517,ZNF7,COMMD5,ZNF250,ZNF16,C8orf33	0.002600892138188835	0.010133642894551837
chr9	14475	5437925	WASHC1,FOXD4,DOCK8,KANK1,DMRT1,DMRT3,DMRT2,SMARCA2,VLDLR,KCNV2,PUM3,RFX3,GLIS3,SLC1A1,SPATA6L,PLPP6,CDC37L1,AK3,RCL1,JAK2,INSL6,INSL4,RLN2,RLN1,PLGRKT	0.019263616366021214	0.013784870882791986
chr9	976655	6008482	DMRT3,DMRT2,SMARCA2,VLDLR,KCNV2,PUM3,RFX3,GLIS3,SLC1A1,SPATA6L,PLPP6,CDC37L1,AK3,RCL1,JAK2,INSL6,INSL4,RLN2,RLN1,PLGRKT,CD274,PDCD1LG2,RIC1,ERMP1,KIAA2026	0.01354349345505943	0.010669920321081782
chr9	2720469	6507054	PUM3,RFX3,GLIS3,SLC1A1,SPATA6L,PLPP6,CDC37L1,AK3,RCL1,JAK2,INSL6,INSL4,RLN2,RLN1,PLGRKT,CD274,PDCD1LG2,RIC1,ERMP1,KIAA2026,MLANA,RANBP6,IL33,TPD52L3,UHRF2	0.006575219050673633	0.007043860020903563
chr9	4662294	12710285	PLPP6,CDC37L1,AK3,RCL1,JAK2,INSL6,INSL4,RLN2,RLN1,PLGRKT,CD274,PDCD1LG2,RIC1,ERMP1,KIAA2026,MLANA,RANBP6,IL33,TPD52L3,UHRF2,GLDC,KDM4C,DMAC1,PTPRD,TYRP1	0.008797728078343676	0.009474298646432002
chr9	5123880	14722733	INSL6,INSL4,RLN2,RLN1,PLGRKT,CD274,PDCD1LG2,RIC1,ERMP1,KIAA2026,MLANA,RANBP6,IL33,TPD52L3,UHRF2,GLDC,KDM4C,DMAC1,PTPRD,TYRP1,LURAP1L,MPDZ,NFIB,ZDHHC21,CER1	0.010852589007543365	0.014641486570144632
chr9	5450503	16061663	CD274,PDCD1LG2,RIC1,ERMP1,KIAA2026,MLANA,RANBP6,IL33,TPD52L3,UHRF2,GLDC,KDM4C,DMAC1,PTPRD,TYRP1,LURAP1L,MPDZ,NFIB,ZDHHC21,CER1,FREM1,TTC39B,SNAPC3,PSIP1,CCDC171	-0.0008320168716728504	0.011306304355369806
chr9	5890889	19049358	MLANA,RANBP6,IL33,TPD52L3,UHRF2,GLDC,KDM4C,DMAC1,PTPRD,TYRP1,LURAP1L,MPDZ,NFIB,ZDHHC21,CER1,FREM1,TTC39B,SNAPC3,PSIP1,CCDC171,BNC2,CNTLN,SH3GL2,ADAMTSL1,SAXO1	-0.017202126482617076	0.005682547890066635
chr9	6532467	19380236	GLDC,KDM4C,DMAC1,PTPRD,TYRP1,LURAP1L,MPDZ,NFIB,ZDHHC21,CER1,FREM1,TTC39B,SNAPC3,PSIP1,CCDC171,BNC2,CNTLN,SH3GL2,ADAMTSL1,SAXO1,RRAGA,HAUS6,PLIN2,DENND4C,RPS6	-0.006151012374442559	0.0074028323024502895
chr9	12775020	21031640	LURAP1L,MPDZ,NFIB,ZDHHC21,CER1,FREM1,TTC39B,SNAPC3,PSIP1,CCDC171,BNC2,CNTLN,SH3GL2,ADAMTSL1,SAXO1,RRAGA,HAUS6,PLIN2,DENND4C,RPS6,ACER2,SLC24A2,MLLT3,FOCAD,HACD4	-0.007347638749174257	0.00792760252433314
chr9	14737152	21202205	FREM1,TTC39B,SNAPC3,PSIP1,CCDC171,BNC2,CNTLN,SH3GL2,ADAMTSL1,SAXO1,RRAGA,HAUS6,PLIN2,DENND4C,RPS6,ACER2,SLC24A2,MLLT3,FOCAD,HACD4,IFNB1,IFNW1,IFNA21,IFNA4,IFNA7	-0.013634472558880225	0.006834646559233421
chr9	16409503	21305313	BNC2,CNTLN,SH3GL2,ADAMTSL1,SAXO1,RRAGA,HAUS6,PLIN2,DENND4C,RPS6,ACER2,SLC24A2,MLLT3,FOCAD,HACD4,IFNB1,IFNW1,IFNA21,IFNA4,IFNA7,IFNA10,IFNA16,IFNA17,IFNA14,IFNA5	-0.012210482071499865	0.008479266114588263
chr9	19049427	21410185	RRAGA,HAUS6,PLIN2,DENND4C,RPS6,ACER2,SLC24A2,MLLT3,FOCAD,HACD4,IFNB1,IFNW1,IFNA21,IFNA4,IFNA7,IFNA10,IFNA16,IFNA17,IFNA14,IFNA5,KLHL9,IFNA6,IFNA13,IFNA2,IFNA8	0.0013658387593012335	0.004921124311450134
chr9	19409009	22009305	ACER2,SLC24A2,MLLT3,FOCAD,HACD4,IFNB1,IFNW1,IFNA21,IFNA4,IFNA7,IFNA10,IFNA16,IFNA17,IFNA14,IFNA5,KLHL9,IFNA6,IFNA13,IFNA2,IFNA8,IFNA1,IFNE,MTAP,CDKN2A,CDKN2B	0.002019415950948136	0.0027234658125162782
chr9	21077104	26892803	IFNB1,IFNW1,IFNA21,IFNA4,IFNA7,IFNA10,IFNA16,IFNA17,IFNA14,IFNA5,KLHL9,IFNA6,IFNA13,IFNA2,IFNA8,IFNA1,IFNE,MTAP,CDKN2A,CDKN2B,DMRTA1,ELAVL2,IZUMO3,TUSC1,CAAP1	0.004801059804466709	0.004059956237805276
chr9	21206181	27297150	IFNA10,IFNA16,IFNA17,IFNA14,IFNA5,KLHL9,IFNA6,IFNA13,IFNA2,IFNA8,IFNA1,IFNE,MTAP,CDKN2A,CDKN2B,DMRTA1,ELAVL2,IZUMO3,TUSC1,CAAP1,PLAA,IFT74,LRRC19,TEK,EQTN	0.011803218785932835	0.006963346713870291
chr9	21329665	32454769	KLHL9,IFNA6,IFNA13,IFNA2,IFNA8,IFNA1,IFNE,MTAP,CDKN2A,CDKN2B,DMRTA1,ELAVL2,IZUMO3,TUSC1,CAAP1,PLAA,IFT74,LRRC19,TEK,EQTN,MOB3B,IFNK,C9orf72,LINGO2,ACO1	0.02082055348437856	0.012949050486193013
chr9	21440439	32635669	IFNA1,IFNE,MTAP,CDKN2A,CDKN2B,DMRTA1,ELAVL2,IZUMO3,TUSC1,CAAP1,PLAA,IFT74,LRRC19,TEK,EQTN,MOB3B,IFNK,C9orf72,LINGO2,ACO1,ENSG00000288684,TOPORS,SMIM27,NDUFB6,TAF1L	0.01293589557919954	0.009987809797626743
chr9	22446824	33167356	DMRTA1,ELAVL2,IZUMO3,TUSC1,CAAP1,PLAA,IFT74,LRRC19,TEK,EQTN,MOB3B,IFNK,C9orf72,LINGO2,ACO1,ENSG00000288684,TOPORS,SMIM27,NDUFB6,TAF1L,TMEM215,APTX,DNAJA1,SMU1,B4GALT1	0.011294762127521221	0.012234455446618256
chr9	26903372	33402682	PLAA,IFT74,LRRC19,TEK,EQTN,MOB3B,IFNK,C9orf72,LINGO2,ACO1,ENSG00000288684,TOPORS,SMIM27,NDUFB6,TAF1L,TMEM215,APTX,DNAJA1,SMU1,B4GALT1,SPINK4,BAG1,CHMP5,NFX1,AQP7	0.006999933793510237	0.008144131087257615
chr9	27325209	33920399	MOB3B,IFNK,C9orf72,LINGO2,ACO1,ENSG00000288684,TOPORS,SMIM27,NDUFB6,TAF1L,TMEM215,APTX,DNAJA1,SMU1,B4GALT1,SPINK4,BAG1,CHMP5,NFX1,AQP7,AQP3,NOL6,ANKRD18B,PRSS3,UBE2R2	-0.0022572023461094356	0.0032178030208018593
chr9	32455323	34343711	ENSG00000288684,TOPORS,SMIM27,NDUFB6,TAF1L,TMEM215,APTX,DNAJA1,SMU1,B4GALT1,SPINK4,BAG1,CHMP5,NFX1,AQP7,AQP3,NOL6,ANKRD18B,PRSS3,UBE2R2,UBAP2,DCAF12,UBAP1,KIF24,NUDT2	-0.0002740075189164109	0.004254252353655651
chr9	32783540	34522990	TMEM215,APTX,DNAJA1,SMU1,B4GALT1,SPINK4,BAG1,CHMP5,NFX1,AQP7,AQP3,NOL6,ANKRD18B,PRSS3,UBE2R2,UBAP2,DCAF12,UBAP1,KIF24,NUDT2,MYORG,C9orf24,FAM219A,DNAI1,ENHO	0.006980613340034968	0.0088874508135397
chr9	33218365	34637844	SPINK4,BAG1,CHMP5,NFX1,AQP7,AQP3,NOL6,ANKRD18B,PRSS3,UBE2R2,UBAP2,DCAF12,UBAP1,KIF24,NUDT2,MYORG,C9orf24,FAM219A,DNAI1,ENHO,CNTFR,RPP25L,DCTN3,ARID3C,SIGMAR1	0.009505347877553763	0.012029519521246434
chr9	33441156	34666112	AQP3,NOL6,ANKRD18B,PRSS3,UBE2R2,UBAP2,DCAF12,UBAP1,KIF24,NUDT2,MYORG,C9orf24,FAM219A,DNAI1,ENHO,CNTFR,RPP25L,DCTN3,ARID3C,SIGMAR1,GALT,ENSG00000258728,IL11RA,CCL27,ENSG00000187186	0.003631597358215685	0.009152837636310491
chr9	33921693	34982544	UBAP2,DCAF12,UBAP1,KIF24,NUDT2,MYORG,C9orf24,FAM219A,DNAI1,ENHO,CNTFR,RPP25L,DCTN3,ARID3C,SIGMAR1,GALT,ENSG00000258728,IL11RA,CCL27,ENSG00000187186,CCL19,CCL21,FAM205A,FAM205C,PHF24	-0.005023740176839785	0.005664725594760459
chr9	34366666	35080004	MYORG,C9orf24,FAM219A,DNAI1,ENHO,CNTFR,RPP25L,DCTN3,ARID3C,SIGMAR1,GALT,ENSG00000258728,IL11RA,CCL27,ENSG00000187186,CCL19,CCL21,FAM205A,FAM205C,PHF24,DNAJB5,C9orf131,VCP,ENSG00000288699,FANCG	0.0033918085959365545	0.008385697182832047
chr9	34551432	35563899	CNTFR,RPP25L,DCTN3,ARID3C,SIGMAR1,GALT,ENSG00000258728,IL11RA,CCL27,ENSG00000187186,CCL19,CCL21,FAM205A,FAM205C,PHF24,DNAJB5,C9orf131,VCP,ENSG00000288699,FANCG,PIGO,STOML2,UNC13B,RUSC2,FAM166B	0.003722140332815416	0.006829992874362091
chr9	34638133	35675866	GALT,ENSG00000258728,IL11RA,CCL27,ENSG00000187186,CCL19,CCL21,FAM205A,FAM205C,PHF24,DNAJB5,C9orf131,VCP,ENSG00000288699,FANCG,PIGO,STOML2,UNC13B,RUSC2,FAM166B,TESK1,CD72,SIT1,CCDC107,ARHGEF39	0.009330893933163237	0.014008481889004129
chr9	34689570	35749228	CCL19,CCL21,FAM205A,FAM205C,PHF24,DNAJB5,C9orf131,VCP,ENSG00000288699,FANCG,PIGO,STOML2,UNC13B,RUSC2,FAM166B,TESK1,CD72,SIT1,CCDC107,ARHGEF39,CA9,TPM2,TLN1,CREB3,GBA2	0.007788049485709347	0.013213679336290588
chr9	34989641	35815354	DNAJB5,C9orf131,VCP,ENSG00000288699,FANCG,PIGO,STOML2,UNC13B,RUSC2,FAM166B,TESK1,CD72,SIT1,CCDC107,ARHGEF39,CA9,TPM2,TLN1,CREB3,GBA2,RGP1,MSMP,NPR2,SPAG8,HINT2	0.010468187759827899	0.012538142825414239
chr9	35087237	35907136	PIGO,STOML2,UNC13B,RUSC2,FAM166B,TESK1,CD72,SIT1,CCDC107,ARHGEF39,CA9,TPM2,TLN1,CREB3,GBA2,RGP1,MSMP,NPR2,SPAG8,HINT2,ENSG00000285645,TMEM8B,FAM221B,OR13J1,HRCT1	0.010981200055564924	0.011919478287557492
chr9	35605262	36171334	TESK1,CD72,SIT1,CCDC107,ARHGEF39,CA9,TPM2,TLN1,CREB3,GBA2,RGP1,MSMP,NPR2,SPAG8,HINT2,ENSG00000285645,TMEM8B,FAM221B,OR13J1,HRCT1,SPAAR,OR2S2,RECK,GLIPR2,CCIN	0.007095125934520306	0.006416740068621692
chr9	35673928	37034268	CA9,TPM2,TLN1,CREB3,GBA2,RGP1,MSMP,NPR2,SPAG8,HINT2,ENSG00000285645,TMEM8B,FAM221B,OR13J1,HRCT1,SPAAR,OR2S2,RECK,GLIPR2,CCIN,CLTA,GNE,RNF38,MELK,PAX5	0.0027154784760104202	0.0040819294099110085
chr9	35749287	37576380	RGP1,MSMP,NPR2,SPAG8,HINT2,ENSG00000285645,TMEM8B,FAM221B,OR13J1,HRCT1,SPAAR,OR2S2,RECK,GLIPR2,CCIN,CLTA,GNE,RNF38,MELK,PAX5,ZCCHC7,GRHPR,ZBTB5,POLR1E,FBXO10	0.0035349554823782903	0.006291086603462962
chr9	35812960	38068687	ENSG00000285645,TMEM8B,FAM221B,OR13J1,HRCT1,SPAAR,OR2S2,RECK,GLIPR2,CCIN,CLTA,GNE,RNF38,MELK,PAX5,ZCCHC7,GRHPR,ZBTB5,POLR1E,FBXO10,ENSG00000256966,TOMM5,ENSG00000255872,FRMPD1,TRMT10B	0.0034120690274964155	0.008303880484928293
chr9	35909490	38398661	SPAAR,OR2S2,RECK,GLIPR2,CCIN,CLTA,GNE,RNF38,MELK,PAX5,ZCCHC7,GRHPR,ZBTB5,POLR1E,FBXO10,ENSG00000256966,TOMM5,ENSG00000255872,FRMPD1,TRMT10B,EXOSC3,DCAF10,SLC25A51,SHB,ALDH1B1	0.010899732154973432	0.013347108808027858
chr9	36190856	39361962	CLTA,GNE,RNF38,MELK,PAX5,ZCCHC7,GRHPR,ZBTB5,POLR1E,FBXO10,ENSG00000256966,TOMM5,ENSG00000255872,FRMPD1,TRMT10B,EXOSC3,DCAF10,SLC25A51,SHB,ALDH1B1,IGFBPL1,ANKRD18A,FAM240B,CNTNAP3,SPATA31A1	0.006858138517338674	0.011969904915395567
chr9	37120574	60920653	ZCCHC7,GRHPR,ZBTB5,POLR1E,FBXO10,ENSG00000256966,TOMM5,ENSG00000255872,FRMPD1,TRMT10B,EXOSC3,DCAF10,SLC25A51,SHB,ALDH1B1,IGFBPL1,ANKRD18A,FAM240B,CNTNAP3,SPATA31A1,ENSG00000283886,FOXD4L6,CNTNAP3B,SPATA31A6,SPATA31A5	-0.00446497148225687	0.011493408425168007
chr9	37512547	66932141	ENSG00000256966,TOMM5,ENSG00000255872,FRMPD1,TRMT10B,EXOSC3,DCAF10,SLC25A51,SHB,ALDH1B1,IGFBPL1,ANKRD18A,FAM240B,CNTNAP3,SPATA31A1,ENSG00000283886,FOXD4L6,CNTNAP3B,SPATA31A6,SPATA31A5,SPATA31A7,CNTNAP3C,FOXD4L5,FOXD4L4,ZNF658	-0.0015830006874987526	0.009428704354273943
chr9	37759234	68540883	EXOSC3,DCAF10,SLC25A51,SHB,ALDH1B1,IGFBPL1,ANKRD18A,FAM240B,CNTNAP3,SPATA31A1,ENSG00000283886,FOXD4L6,CNTNAP3B,SPATA31A6,SPATA31A5,SPATA31A7,CNTNAP3C,FOXD4L5,FOXD4L4,ZNF658,SPATA31A3,ANKRD20A1,FOXD4L3,PGM5,TMEM252	0.0012665002462745774	0.0028951051529901187
chr9	38406528	69255187	IGFBPL1,ANKRD18A,FAM240B,CNTNAP3,SPATA31A1,ENSG00000283886,FOXD4L6,CNTNAP3B,SPATA31A6,SPATA31A5,SPATA31A7,CNTNAP3C,FOXD4L5,FOXD4L4,ZNF658,SPATA31A3,ANKRD20A1,FOXD4L3,PGM5,TMEM252,PIP5K1B,PABIR1,PRKACG,ENSG00000285130,FXN	0.0010287540752267229	0.0013177358403173409
chr9	39816599	70354873	ENSG00000283886,FOXD4L6,CNTNAP3B,SPATA31A6,SPATA31A5,SPATA31A7,CNTNAP3C,FOXD4L5,FOXD4L4,ZNF658,SPATA31A3,ANKRD20A1,FOXD4L3,PGM5,TMEM252,PIP5K1B,PABIR1,PRKACG,ENSG00000285130,FXN,TJP2,APBA1,PTAR1,MAMDC2,SMC5	0.0018856791464034219	0.0021883270298329116
chr9	61190036	71986054	SPATA31A7,CNTNAP3C,FOXD4L5,FOXD4L4,ZNF658,SPATA31A3,ANKRD20A1,FOXD4L3,PGM5,TMEM252,PIP5K1B,PABIR1,PRKACG,ENSG00000285130,FXN,TJP2,APBA1,PTAR1,MAMDC2,SMC5,KLF9,TRPM3,CEMIP2,ABHD17B,C9orf85	0.005542970130852541	0.005995035840314474
chr9	66986304	73080442	SPATA31A3,ANKRD20A1,FOXD4L3,PGM5,TMEM252,PIP5K1B,PABIR1,PRKACG,ENSG00000285130,FXN,TJP2,APBA1,PTAR1,MAMDC2,SMC5,KLF9,TRPM3,CEMIP2,ABHD17B,C9orf85,C9orf57,GDA,ZFAND5,TMC1,ALDH1A1	0.010418376586425384	0.010117497507066248
chr9	68705240	75028423	PIP5K1B,PABIR1,PRKACG,ENSG00000285130,FXN,TJP2,APBA1,PTAR1,MAMDC2,SMC5,KLF9,TRPM3,CEMIP2,ABHD17B,C9orf85,C9orf57,GDA,ZFAND5,TMC1,ALDH1A1,ANXA1,RORB,TRPM6,C9orf40,CARNMT1	0.011593534119812515	0.010002350655201898
chr9	69121264	76651203	TJP2,APBA1,PTAR1,MAMDC2,SMC5,KLF9,TRPM3,CEMIP2,ABHD17B,C9orf85,C9orf57,GDA,ZFAND5,TMC1,ALDH1A1,ANXA1,RORB,TRPM6,C9orf40,CARNMT1,NMRK1,OSTF1,PCSK5,RFK,GCNT1	0.010651815399787965	0.01060624266733602
chr9	70384604	78031811	KLF9,TRPM3,CEMIP2,ABHD17B,C9orf85,C9orf57,GDA,ZFAND5,TMC1,ALDH1A1,ANXA1,RORB,TRPM6,C9orf40,CARNMT1,NMRK1,OSTF1,PCSK5,RFK,GCNT1,PRUNE2,FOXB2,VPS13A,GNA14,GNAQ	0.007690903712531852	0.009719150932631775
chr9	72051376	81934998	C9orf57,GDA,ZFAND5,TMC1,ALDH1A1,ANXA1,RORB,TRPM6,C9orf40,CARNMT1,NMRK1,OSTF1,PCSK5,RFK,GCNT1,PRUNE2,FOXB2,VPS13A,GNA14,GNAQ,CEP78,PSAT1,TLE4,TLE1,SPATA31D4	0.013919099558149996	0.012621904860877648
chr9	73151865	83644130	ANXA1,RORB,TRPM6,C9orf40,CARNMT1,NMRK1,OSTF1,PCSK5,RFK,GCNT1,PRUNE2,FOXB2,VPS13A,GNA14,GNAQ,CEP78,PSAT1,TLE4,TLE1,SPATA31D4,SPATA31D3,SPATA31D1,RASEF,FRMD3,IDNK	0.025370879126195837	0.01669551388729148
chr9	75060573	83980631	NMRK1,OSTF1,PCSK5,RFK,GCNT1,PRUNE2,FOXB2,VPS13A,GNA14,GNAQ,CEP78,PSAT1,TLE4,TLE1,SPATA31D4,SPATA31D3,SPATA31D1,RASEF,FRMD3,IDNK,UBQLN1,GKAP1,KIF27,C9orf64,HNRNPK	0.03570453563118268	0.017944930131686066
chr9	76611376	86025462	PRUNE2,FOXB2,VPS13A,GNA14,GNAQ,CEP78,PSAT1,TLE4,TLE1,SPATA31D4,SPATA31D3,SPATA31D1,RASEF,FRMD3,IDNK,UBQLN1,GKAP1,KIF27,C9orf64,HNRNPK,RMI1,SLC28A3,NTRK2,AGTPBP1,NAA35	0.021214835556900156	0.011239129489888665
chr9	78236062	86947506	CEP78,PSAT1,TLE4,TLE1,SPATA31D4,SPATA31D3,SPATA31D1,RASEF,FRMD3,IDNK,UBQLN1,GKAP1,KIF27,C9orf64,HNRNPK,RMI1,SLC28A3,NTRK2,AGTPBP1,NAA35,GOLM1,C9orf153,ISCA1,TUT7,GAS1	0.015054305502397062	0.006204163386419478
chr9	81943500	87974753	SPATA31D3,SPATA31D1,RASEF,FRMD3,IDNK,UBQLN1,GKAP1,KIF27,C9orf64,HNRNPK,RMI1,SLC28A3,NTRK2,AGTPBP1,NAA35,GOLM1,C9orf153,ISCA1,TUT7,GAS1,DAPK1,CTSL,SPATA31E1,ENSG00000283205,CDK20	0.02051426246149849	0.008948093540903684
chr9	83659968	89316703	UBQLN1,GKAP1,KIF27,C9orf64,HNRNPK,RMI1,SLC28A3,NTRK2,AGTPBP1,NAA35,GOLM1,C9orf153,ISCA1,TUT7,GAS1,DAPK1,CTSL,SPATA31E1,ENSG00000283205,CDK20,SPIN1,NXNL2,S1PR3,SHC3,CKS2	0.021473097035891883	0.01381284815439787
chr9	83980798	90898549	RMI1,SLC28A3,NTRK2,AGTPBP1,NAA35,GOLM1,C9orf153,ISCA1,TUT7,GAS1,DAPK1,CTSL,SPATA31E1,ENSG00000283205,CDK20,SPIN1,NXNL2,S1PR3,SHC3,CKS2,SECISBP2,SEMA4D,GADD45G,DIRAS2,SYK	0.0058988805587558805	0.010806290850655674
chr9	86026146	92293854	GOLM1,C9orf153,ISCA1,TUT7,GAS1,DAPK1,CTSL,SPATA31E1,ENSG00000283205,CDK20,SPIN1,NXNL2,S1PR3,SHC3,CKS2,SECISBP2,SEMA4D,GADD45G,DIRAS2,SYK,AUH,NFIL3,ROR2,SPTLC1,IARS1	-0.015435126843970803	0.006628684840848399
chr9	87497228	92620529	DAPK1,CTSL,SPATA31E1,ENSG00000283205,CDK20,SPIN1,NXNL2,S1PR3,SHC3,CKS2,SECISBP2,SEMA4D,GADD45G,DIRAS2,SYK,AUH,NFIL3,ROR2,SPTLC1,IARS1,NOL8,CENPP,OGN,OMD,ASPN	-0.028359792927958566	0.006836371759188112
chr9	88388430	93036236	SPIN1,NXNL2,S1PR3,SHC3,CKS2,SECISBP2,SEMA4D,GADD45G,DIRAS2,SYK,AUH,NFIL3,ROR2,SPTLC1,IARS1,NOL8,CENPP,OGN,OMD,ASPN,ECM2,IPPK,BICD2,ZNF484,FGD3	-0.005850159722126101	0.011065471608809179
chr9	89318500	93453581	SECISBP2,SEMA4D,GADD45G,DIRAS2,SYK,AUH,NFIL3,ROR2,SPTLC1,IARS1,NOL8,CENPP,OGN,OMD,ASPN,ECM2,IPPK,BICD2,ZNF484,FGD3,SUSD3,CARD19,NINJ1,WNK2,FAM120AOS	0.008890026228380796	0.011224458587437534
chr9	91213815	94301829	AUH,NFIL3,ROR2,SPTLC1,IARS1,NOL8,CENPP,OGN,OMD,ASPN,ECM2,IPPK,BICD2,ZNF484,FGD3,SUSD3,CARD19,NINJ1,WNK2,FAM120AOS,FAM120A,PHF2,BARX1,PTPDC1,ZNF169	0.00736807770553045	0.009141866452073212
chr9	92297358	95151793	NOL8,CENPP,OGN,OMD,ASPN,ECM2,IPPK,BICD2,ZNF484,FGD3,SUSD3,CARD19,NINJ1,WNK2,FAM120AOS,FAM120A,PHF2,BARX1,PTPDC1,ZNF169,NUTM2F,MFSD14B,FBP2,FBP1,AOPEP	0.010031872213723245	0.012802245123975566
chr9	92493554	96352058	ECM2,IPPK,BICD2,ZNF484,FGD3,SUSD3,CARD19,NINJ1,WNK2,FAM120AOS,FAM120A,PHF2,BARX1,PTPDC1,ZNF169,NUTM2F,MFSD14B,FBP2,FBP1,AOPEP,FANCC,PTCH1,ERCC6L2,HSD17B3,ENSG00000285269	0.009308806296266969	0.01023655406930316
chr9	93058688	96655317	SUSD3,CARD19,NINJ1,WNK2,FAM120AOS,FAM120A,PHF2,BARX1,PTPDC1,ZNF169,NUTM2F,MFSD14B,FBP2,FBP1,AOPEP,FANCC,PTCH1,ERCC6L2,HSD17B3,ENSG00000285269,SLC35D2,ZNF367,HABP4,CDC14B,PRXL2C	0.007816177707362421	0.00599468742234943
chr9	93451685	97378751	FAM120A,PHF2,BARX1,PTPDC1,ZNF169,NUTM2F,MFSD14B,FBP2,FBP1,AOPEP,FANCC,PTCH1,ERCC6L2,HSD17B3,ENSG00000285269,SLC35D2,ZNF367,HABP4,CDC14B,PRXL2C,ZNF510,ZNF782,NUTM2G,CTSV,CCDC180	0.011128754457432494	0.008450807010882203
chr9	94318198	97697340	NUTM2F,MFSD14B,FBP2,FBP1,AOPEP,FANCC,PTCH1,ERCC6L2,HSD17B3,ENSG00000285269,SLC35D2,ZNF367,HABP4,CDC14B,PRXL2C,ZNF510,ZNF782,NUTM2G,CTSV,CCDC180,TDRD7,TMOD1,TSTD2,NCBP1,XPA	0.008856796558264586	0.007503981435211858
chr9	95099054	98083077	FANCC,PTCH1,ERCC6L2,HSD17B3,ENSG00000285269,SLC35D2,ZNF367,HABP4,CDC14B,PRXL2C,ZNF510,ZNF782,NUTM2G,CTSV,CCDC180,TDRD7,TMOD1,TSTD2,NCBP1,XPA,FOXE1,TRMO,HEMGN,ANP32B,NANS	0.007077920347492002	0.00596766280936536
chr9	96313444	98796965	SLC35D2,ZNF367,HABP4,CDC14B,PRXL2C,ZNF510,ZNF782,NUTM2G,CTSV,CCDC180,TDRD7,TMOD1,TSTD2,NCBP1,XPA,FOXE1,TRMO,HEMGN,ANP32B,NANS,TRIM14,CORO2A,TBC1D2,GABBR2,ANKS6	0.01203608436278541	0.012402544346799094
chr9	96754553	99230615	ZNF510,ZNF782,NUTM2G,CTSV,CCDC180,TDRD7,TMOD1,TSTD2,NCBP1,XPA,FOXE1,TRMO,HEMGN,ANP32B,NANS,TRIM14,CORO2A,TBC1D2,GABBR2,ANKS6,GALNT12,COL15A1,TGFBR1,ALG2,SEC61B	0.011519110638282253	0.014687475911411741
chr9	97412096	100352942	TDRD7,TMOD1,TSTD2,NCBP1,XPA,FOXE1,TRMO,HEMGN,ANP32B,NANS,TRIM14,CORO2A,TBC1D2,GABBR2,ANKS6,GALNT12,COL15A1,TGFBR1,ALG2,SEC61B,NR4A3,STX17,ERP44,INVS,TEX10	0.0047548667915870355	0.009687529370211261
chr9	97853226	101325135	FOXE1,TRMO,HEMGN,ANP32B,NANS,TRIM14,CORO2A,TBC1D2,GABBR2,ANKS6,GALNT12,COL15A1,TGFBR1,ALG2,SEC61B,NR4A3,STX17,ERP44,INVS,TEX10,MSANTD3,MSANTD3-TMEFF1,TMEFF1,CAVIN4,PLPPR1	-0.0039058251120269063	0.0060568941894967206
chr9	98069275	101533537	TRIM14,CORO2A,TBC1D2,GABBR2,ANKS6,GALNT12,COL15A1,TGFBR1,ALG2,SEC61B,NR4A3,STX17,ERP44,INVS,TEX10,MSANTD3,MSANTD3-TMEFF1,TMEFF1,CAVIN4,PLPPR1,BAAT,MRPL50,ZNF189,ALDOB,PGAP4	-0.0023686297415273683	0.008996989113834246
chr9	98807670	104141419	GALNT12,COL15A1,TGFBR1,ALG2,SEC61B,NR4A3,STX17,ERP44,INVS,TEX10,MSANTD3,MSANTD3-TMEFF1,TMEFF1,CAVIN4,PLPPR1,BAAT,MRPL50,ZNF189,ALDOB,PGAP4,RNF20,GRIN3A,PPP3R2,CYLC2,SMC2	0.008285179634492712	0.014438375317339425
chr9	99821855	104599413	NR4A3,STX17,ERP44,INVS,TEX10,MSANTD3,MSANTD3-TMEFF1,TMEFF1,CAVIN4,PLPPR1,BAAT,MRPL50,ZNF189,ALDOB,PGAP4,RNF20,GRIN3A,PPP3R2,CYLC2,SMC2,OR13F1,OR13C4,OR13C3,OR13C8,OR13C5	0.013478210660416158	0.015600366016663562
chr9	100427143	104777764	MSANTD3,MSANTD3-TMEFF1,TMEFF1,CAVIN4,PLPPR1,BAAT,MRPL50,ZNF189,ALDOB,PGAP4,RNF20,GRIN3A,PPP3R2,CYLC2,SMC2,OR13F1,OR13C4,OR13C3,OR13C8,OR13C5,OR13C2,OR13C9,OR13D1,NIPSNAP3A,NIPSNAP3B	0.009102604719334025	0.008100757675723743
chr9	101354182	105663124	BAAT,MRPL50,ZNF189,ALDOB,PGAP4,RNF20,GRIN3A,PPP3R2,CYLC2,SMC2,OR13F1,OR13C4,OR13C3,OR13C8,OR13C5,OR13C2,OR13C9,OR13D1,NIPSNAP3A,NIPSNAP3B,ABCA1,SLC44A1,FSD1L,FKTN,TAL2	0.0035545419814279953	0.003118039147961
chr9	101533853	108855986	RNF20,GRIN3A,PPP3R2,CYLC2,SMC2,OR13F1,OR13C4,OR13C3,OR13C8,OR13C5,OR13C2,OR13C9,OR13D1,NIPSNAP3A,NIPSNAP3B,ABCA1,SLC44A1,FSD1L,FKTN,TAL2,TMEM38B,ZNF462,RAD23B,KLF4,ACTL7B	0.006668192535221927	0.006110828335337721
chr9	104504263	109119947	OR13F1,OR13C4,OR13C3,OR13C8,OR13C5,OR13C2,OR13C9,OR13D1,NIPSNAP3A,NIPSNAP3B,ABCA1,SLC44A1,FSD1L,FKTN,TAL2,TMEM38B,ZNF462,RAD23B,KLF4,ACTL7B,ACTL7A,ELP1,ABITRAM,CTNNAL1,TMEM245	0.01814639184898937	0.01509870424937105
chr9	104604671	110208159	OR13C2,OR13C9,OR13D1,NIPSNAP3A,NIPSNAP3B,ABCA1,SLC44A1,FSD1L,FKTN,TAL2,TMEM38B,ZNF462,RAD23B,KLF4,ACTL7B,ACTL7A,ELP1,ABITRAM,CTNNAL1,TMEM245,FRRS1L,EPB41L4B,PTPN3,PALM2AKAP2,C9orf152	0.02005236365617099	0.012452388159312643
chr9	104781006	111038470	ABCA1,SLC44A1,FSD1L,FKTN,TAL2,TMEM38B,ZNF462,RAD23B,KLF4,ACTL7B,ACTL7A,ELP1,ABITRAM,CTNNAL1,TMEM245,FRRS1L,EPB41L4B,PTPN3,PALM2AKAP2,C9orf152,TXN,TXNDC8,SVEP1,MUSK,LPAR1	0.013612450096450297	0.012528676937906614
chr9	105694541	111654351	TMEM38B,ZNF462,RAD23B,KLF4,ACTL7B,ACTL7A,ELP1,ABITRAM,CTNNAL1,TMEM245,FRRS1L,EPB41L4B,PTPN3,PALM2AKAP2,C9orf152,TXN,TXNDC8,SVEP1,MUSK,LPAR1,OR2K2,ECPAS,ZNF483,PTGR1,DNAJC25	0.004841825539923121	0.007547605229806358
chr9	108862266	112175297	ACTL7A,ELP1,ABITRAM,CTNNAL1,TMEM245,FRRS1L,EPB41L4B,PTPN3,PALM2AKAP2,C9orf152,TXN,TXNDC8,SVEP1,MUSK,LPAR1,OR2K2,ECPAS,ZNF483,PTGR1,DNAJC25,DNAJC25-GNG10,GNG10,SHOC1,UGCG,SUSD1	0.0027271386186096874	0.005028669910280538
chr9	109130293	112881671	FRRS1L,EPB41L4B,PTPN3,PALM2AKAP2,C9orf152,TXN,TXNDC8,SVEP1,MUSK,LPAR1,OR2K2,ECPAS,ZNF483,PTGR1,DNAJC25,DNAJC25-GNG10,GNG10,SHOC1,UGCG,SUSD1,PTBP3,HSDL2,KIAA1958,INIP,SNX30	0.010633382035185405	0.0074265220246362874
chr9	110243810	113264492	TXN,TXNDC8,SVEP1,MUSK,LPAR1,OR2K2,ECPAS,ZNF483,PTGR1,DNAJC25,DNAJC25-GNG10,GNG10,SHOC1,UGCG,SUSD1,PTBP3,HSDL2,KIAA1958,INIP,SNX30,SLC46A2,ZFP37,SLC31A2,FKBP15,SLC31A1	0.013000303672795682	0.009905140375178192
chr9	111327229	113371233	OR2K2,ECPAS,ZNF483,PTGR1,DNAJC25,DNAJC25-GNG10,GNG10,SHOC1,UGCG,SUSD1,PTBP3,HSDL2,KIAA1958,INIP,SNX30,SLC46A2,ZFP37,SLC31A2,FKBP15,SLC31A1,CDC26,PRPF4,RNF183,WDR31,BSPRY	0.015956794469831254	0.014201144271254431
chr9	111631386	113597743	DNAJC25-GNG10,GNG10,SHOC1,UGCG,SUSD1,PTBP3,HSDL2,KIAA1958,INIP,SNX30,SLC46A2,ZFP37,SLC31A2,FKBP15,SLC31A1,CDC26,PRPF4,RNF183,WDR31,BSPRY,HDHD3,ALAD,POLE3,C9orf43,RGS3	0.01421866516309479	0.012548483145938651
chr9	112217716	114326479	PTBP3,HSDL2,KIAA1958,INIP,SNX30,SLC46A2,ZFP37,SLC31A2,FKBP15,SLC31A1,CDC26,PRPF4,RNF183,WDR31,BSPRY,HDHD3,ALAD,POLE3,C9orf43,RGS3,ZNF618,AMBP,KIF12,COL27A1,ORM1	0.013900980230093937	0.012545129843876374
chr9	112878920	114646422	SLC46A2,ZFP37,SLC31A2,FKBP15,SLC31A1,CDC26,PRPF4,RNF183,WDR31,BSPRY,HDHD3,ALAD,POLE3,C9orf43,RGS3,ZNF618,AMBP,KIF12,COL27A1,ORM1,ORM2,AKNA,WHRN,ATP6V1G1,TMEM268	0.013804790022440222	0.012639607484917844
chr9	113255835	115118207	CDC26,PRPF4,RNF183,WDR31,BSPRY,HDHD3,ALAD,POLE3,C9orf43,RGS3,ZNF618,AMBP,KIF12,COL27A1,ORM1,ORM2,AKNA,WHRN,ATP6V1G1,TMEM268,TEX53,TEX48,TNFSF15,TNFSF8,TNC	0.007957718468598558	0.007563780287715307
chr9	113373419	118083691	HDHD3,ALAD,POLE3,C9orf43,RGS3,ZNF618,AMBP,KIF12,COL27A1,ORM1,ORM2,AKNA,WHRN,ATP6V1G1,TMEM268,TEX53,TEX48,TNFSF15,TNFSF8,TNC,PAPPA,ASTN2,TRIM32,ENSG00000285082,TLR4	0.0019483876484346612	0.0020443530556917455
chr9	113876282	120801787	ZNF618,AMBP,KIF12,COL27A1,ORM1,ORM2,AKNA,WHRN,ATP6V1G1,TMEM268,TEX53,TEX48,TNFSF15,TNFSF8,TNC,PAPPA,ASTN2,TRIM32,ENSG00000285082,TLR4,BRINP1,CDK5RAP2,MEGF9,FBXW2,B3GALT9	0.0020713570025401714	0.003047135424387101
chr9	114329869	121177729	ORM2,AKNA,WHRN,ATP6V1G1,TMEM268,TEX53,TEX48,TNFSF15,TNFSF8,TNC,PAPPA,ASTN2,TRIM32,ENSG00000285082,TLR4,BRINP1,CDK5RAP2,MEGF9,FBXW2,B3GALT9,PSMD5,PHF19,TRAF1,C5,CNTRL	0.004938402265614474	0.006988556313304769
chr9	114656304	121785530	TEX53,TEX48,TNFSF15,TNFSF8,TNC,PAPPA,ASTN2,TRIM32,ENSG00000285082,TLR4,BRINP1,CDK5RAP2,MEGF9,FBXW2,B3GALT9,PSMD5,PHF19,TRAF1,C5,CNTRL,RAB14,GSN,STOM,GGTA1,DAB2IP	0.013006515516885597	0.01525709273061565
chr9	116153791	122264840	PAPPA,ASTN2,TRIM32,ENSG00000285082,TLR4,BRINP1,CDK5RAP2,MEGF9,FBXW2,B3GALT9,PSMD5,PHF19,TRAF1,C5,CNTRL,RAB14,GSN,STOM,GGTA1,DAB2IP,TTLL11,NDUFA8,MORN5,LHX6,RBM18	0.01260369061384604	0.012454941428808071
chr9	119153458	122520082	BRINP1,CDK5RAP2,MEGF9,FBXW2,B3GALT9,PSMD5,PHF19,TRAF1,C5,CNTRL,RAB14,GSN,STOM,GGTA1,DAB2IP,TTLL11,NDUFA8,MORN5,LHX6,RBM18,MRRF,PTGS1,OR1J1,OR1J2,OR1J4	0.012385870197765632	0.013056532181645784
chr9	120815496	122657627	PSMD5,PHF19,TRAF1,C5,CNTRL,RAB14,GSN,STOM,GGTA1,DAB2IP,TTLL11,NDUFA8,MORN5,LHX6,RBM18,MRRF,PTGS1,OR1J1,OR1J2,OR1J4,OR1N1,OR1N2,OR1L8,OR1Q1,OR1B1	0.010114356250936426	0.01199568492779288
chr9	121178133	122789895	RAB14,GSN,STOM,GGTA1,DAB2IP,TTLL11,NDUFA8,MORN5,LHX6,RBM18,MRRF,PTGS1,OR1J1,OR1J2,OR1J4,OR1N1,OR1N2,OR1L8,OR1Q1,OR1B1,OR1L1,OR1L3,OR1L4,OR1L6,OR5C1	0.003091489268405429	0.004651051229780082
chr9	121815674	122931512	TTLL11,NDUFA8,MORN5,LHX6,RBM18,MRRF,PTGS1,OR1J1,OR1J2,OR1J4,OR1N1,OR1N2,OR1L8,OR1Q1,OR1B1,OR1L1,OR1L3,OR1L4,OR1L6,OR5C1,PDCL,OR1K1,RC3H2,ZBTB6,ZBTB26	0.0005031762437198946	0.0006606092016132799
chr9	122264603	123930152	MRRF,PTGS1,OR1J1,OR1J2,OR1J4,OR1N1,OR1N2,OR1L8,OR1Q1,OR1B1,OR1L1,OR1L3,OR1L4,OR1L6,OR5C1,PDCL,OR1K1,RC3H2,ZBTB6,ZBTB26,RABGAP1,GPR21,STRBP,CRB2,DENND1A	0.004218394674569423	0.005319608633696225
chr9	122526358	124507420	OR1N1,OR1N2,OR1L8,OR1Q1,OR1B1,OR1L1,OR1L3,OR1L4,OR1L6,OR5C1,PDCL,OR1K1,RC3H2,ZBTB6,ZBTB26,RABGAP1,GPR21,STRBP,CRB2,DENND1A,LHX2,NEK6,PSMB7,ADGRD2,NR5A1	0.016872083736789223	0.014816751472939683
chr9	122661566	124877733	OR1L1,OR1L3,OR1L4,OR1L6,OR5C1,PDCL,OR1K1,RC3H2,ZBTB6,ZBTB26,RABGAP1,GPR21,STRBP,CRB2,DENND1A,LHX2,NEK6,PSMB7,ADGRD2,NR5A1,NR6A1,OLFML2A,WDR38,RPL35,ARPC5L	0.019926433711936004	0.009522351307744622
chr9	122798389	125241382	PDCL,OR1K1,RC3H2,ZBTB6,ZBTB26,RABGAP1,GPR21,STRBP,CRB2,DENND1A,LHX2,NEK6,PSMB7,ADGRD2,NR5A1,NR6A1,OLFML2A,WDR38,RPL35,ARPC5L,GOLGA1,SCAI,PPP6C,RABEPK,HSPA5	0.01779339957048035	0.005944476874747211
chr9	122940833	126701032	RABGAP1,GPR21,STRBP,CRB2,DENND1A,LHX2,NEK6,PSMB7,ADGRD2,NR5A1,NR6A1,OLFML2A,WDR38,RPL35,ARPC5L,GOLGA1,SCAI,PPP6C,RABEPK,HSPA5,GAPVD1,MAPKAP1,PBX3,MVB12B,LMX1B	0.005360108058672049	0.004007888480131429
chr9	124001670	127393660	LHX2,NEK6,PSMB7,ADGRD2,NR5A1,NR6A1,OLFML2A,WDR38,RPL35,ARPC5L,GOLGA1,SCAI,PPP6C,RABEPK,HSPA5,GAPVD1,MAPKAP1,PBX3,MVB12B,LMX1B,ZBTB43,ZBTB34,RALGPS1,ANGPTL2,GARNL3	0.004298757712703109	0.008899900374969785
chr9	124517275	127578989	NR6A1,OLFML2A,WDR38,RPL35,ARPC5L,GOLGA1,SCAI,PPP6C,RABEPK,HSPA5,GAPVD1,MAPKAP1,PBX3,MVB12B,LMX1B,ZBTB43,ZBTB34,RALGPS1,ANGPTL2,GARNL3,SLC2A8,ZNF79,RPL12,LRSAM1,NIBAN2	0.009844282998577635	0.012395795714344768
chr9	124878275	127735313	GOLGA1,SCAI,PPP6C,RABEPK,HSPA5,GAPVD1,MAPKAP1,PBX3,MVB12B,LMX1B,ZBTB43,ZBTB34,RALGPS1,ANGPTL2,GARNL3,SLC2A8,ZNF79,RPL12,LRSAM1,NIBAN2,STXBP1,PTRH1,CFAP157,TTC16,TOR2A	0.006680139336234143	0.008247317522173725
chr9	125261794	127877675	GAPVD1,MAPKAP1,PBX3,MVB12B,LMX1B,ZBTB43,ZBTB34,RALGPS1,ANGPTL2,GARNL3,SLC2A8,ZNF79,RPL12,LRSAM1,NIBAN2,STXBP1,PTRH1,CFAP157,TTC16,TOR2A,SH2D3C,CDK9,FPGS,ENG,AK1	0.001222487174343359	0.0031801836224497047
chr9	126805006	127937854	ZBTB43,ZBTB34,RALGPS1,ANGPTL2,GARNL3,SLC2A8,ZNF79,RPL12,LRSAM1,NIBAN2,STXBP1,PTRH1,CFAP157,TTC16,TOR2A,SH2D3C,CDK9,FPGS,ENG,AK1,ENSG00000257524,ST6GALNAC6,ST6GALNAC4,PIP5KL1,DPM2	0.0012971877413660113	0.008698462361732625
chr9	127397138	128204383	SLC2A8,ZNF79,RPL12,LRSAM1,NIBAN2,STXBP1,PTRH1,CFAP157,TTC16,TOR2A,SH2D3C,CDK9,FPGS,ENG,AK1,ENSG00000257524,ST6GALNAC6,ST6GALNAC4,PIP5KL1,DPM2,NAIF1,SLC25A25,PTGES2,LCN2,CIZ1	0.007175628871280439	0.013531231510410356
chr9	127579370	128334072	STXBP1,PTRH1,CFAP157,TTC16,TOR2A,SH2D3C,CDK9,FPGS,ENG,AK1,ENSG00000257524,ST6GALNAC6,ST6GALNAC4,PIP5KL1,DPM2,NAIF1,SLC25A25,PTGES2,LCN2,CIZ1,DNM1,GOLGA2,SWI5,TRUB2,COQ4	0.007231220102235976	0.012786711112973265
chr9	127738317	128543874	SH2D3C,CDK9,FPGS,ENG,AK1,ENSG00000257524,ST6GALNAC6,ST6GALNAC4,PIP5KL1,DPM2,NAIF1,SLC25A25,PTGES2,LCN2,CIZ1,DNM1,GOLGA2,SWI5,TRUB2,COQ4,SLC27A4,URM1,CERCAM,ODF2,GLE1	0.01059016506551456	0.017001156458160478
chr9	127867850	128724127	ENSG00000257524,ST6GALNAC6,ST6GALNAC4,PIP5KL1,DPM2,NAIF1,SLC25A25,PTGES2,LCN2,CIZ1,DNM1,GOLGA2,SWI5,TRUB2,COQ4,SLC27A4,URM1,CERCAM,ODF2,GLE1,SPTAN1,DYNC2I2,SET,PKN3,ZDHHC12	0.006525601055420619	0.01408852287073718
chr9	128061233	128881931	NAIF1,SLC25A25,PTGES2,LCN2,CIZ1,DNM1,GOLGA2,SWI5,TRUB2,COQ4,SLC27A4,URM1,CERCAM,ODF2,GLE1,SPTAN1,DYNC2I2,SET,PKN3,ZDHHC12,ZER1,TBC1D13,ENDOG,SPOUT1,ENSG00000286112	-0.0036070332430975433	0.00645235123648595
chr9	128191655	128957021	DNM1,GOLGA2,SWI5,TRUB2,COQ4,SLC27A4,URM1,CERCAM,ODF2,GLE1,SPTAN1,DYNC2I2,SET,PKN3,ZDHHC12,ZER1,TBC1D13,ENDOG,SPOUT1,ENSG00000286112,KYAT1,LRRC8A,PHYHD1,ENSG00000251184,DOLK	-0.008991452597348609	0.002967384426579947
chr9	128340527	129111189	SLC27A4,URM1,CERCAM,ODF2,GLE1,SPTAN1,DYNC2I2,SET,PKN3,ZDHHC12,ZER1,TBC1D13,ENDOG,SPOUT1,ENSG00000286112,KYAT1,LRRC8A,PHYHD1,ENSG00000251184,DOLK,NUP188,SH3GLB2,MIGA2,DOLPP1,CRAT	0.0013165700804760015	0.008667490625490758
chr9	128552558	129636135	SPTAN1,DYNC2I2,SET,PKN3,ZDHHC12,ZER1,TBC1D13,ENDOG,SPOUT1,ENSG00000286112,KYAT1,LRRC8A,PHYHD1,ENSG00000251184,DOLK,NUP188,SH3GLB2,MIGA2,DOLPP1,CRAT,PTPA,ENSG00000235007,IER5L,NTMT1,C9orf50	0.007718072455608308	0.010880162778718883
chr9	128729786	129824244	ZER1,TBC1D13,ENDOG,SPOUT1,ENSG00000286112,KYAT1,LRRC8A,PHYHD1,ENSG00000251184,DOLK,NUP188,SH3GLB2,MIGA2,DOLPP1,CRAT,PTPA,ENSG00000235007,IER5L,NTMT1,C9orf50,ASB6,PRRX2,PTGES,TOR1B,TOR1A	0.011618442179138025	0.013940737736325053
chr9	128832942	130237303	KYAT1,LRRC8A,PHYHD1,ENSG00000251184,DOLK,NUP188,SH3GLB2,MIGA2,DOLPP1,CRAT,PTPA,ENSG00000235007,IER5L,NTMT1,C9orf50,ASB6,PRRX2,PTGES,TOR1B,TOR1A,C9orf78,USP20,FNBP1,GPR107,NCS1	0.015205126048717226	0.01633924608063838
chr9	128947699	130707288	NUP188,SH3GLB2,MIGA2,DOLPP1,CRAT,PTPA,ENSG00000235007,IER5L,NTMT1,C9orf50,ASB6,PRRX2,PTGES,TOR1B,TOR1A,C9orf78,USP20,FNBP1,GPR107,NCS1,HMCN2,ASS1,FUBP3,PRDM12,EXOSC2	0.011987723825616126	0.014191256163682752
chr9	129110950	131094473	PTPA,ENSG00000235007,IER5L,NTMT1,C9orf50,ASB6,PRRX2,PTGES,TOR1B,TOR1A,C9orf78,USP20,FNBP1,GPR107,NCS1,HMCN2,ASS1,FUBP3,PRDM12,EXOSC2,ABL1,ENSG00000288570,QRFP,FIBCD1,LAMC3	0.014002666331154153	0.01633566205175254
chr9	129634604	131500197	ASB6,PRRX2,PTGES,TOR1B,TOR1A,C9orf78,USP20,FNBP1,GPR107,NCS1,HMCN2,ASS1,FUBP3,PRDM12,EXOSC2,ABL1,ENSG00000288570,QRFP,FIBCD1,LAMC3,AIF1L,NUP214,FAM78A,PLPP7,PRRC2B	0.009655079512707667	0.011573778470175137
chr9	129827290	132079867	C9orf78,USP20,FNBP1,GPR107,NCS1,HMCN2,ASS1,FUBP3,PRDM12,EXOSC2,ABL1,ENSG00000288570,QRFP,FIBCD1,LAMC3,AIF1L,NUP214,FAM78A,PLPP7,PRRC2B,POMT1,UCK1,PRRT1B,RAPGEF1,MED27	0.006784175509044528	0.007671929570474533
chr9	130265760	132590252	HMCN2,ASS1,FUBP3,PRDM12,EXOSC2,ABL1,ENSG00000288570,QRFP,FIBCD1,LAMC3,AIF1L,NUP214,FAM78A,PLPP7,PRRC2B,POMT1,UCK1,PRRT1B,RAPGEF1,MED27,NTNG2,SETX,TTF1,CFAP77,BARHL1	0.01102301744279171	0.012278263298757088
chr9	130713043	132946874	ABL1,ENSG00000288570,QRFP,FIBCD1,LAMC3,AIF1L,NUP214,FAM78A,PLPP7,PRRC2B,POMT1,UCK1,PRRT1B,RAPGEF1,MED27,NTNG2,SETX,TTF1,CFAP77,BARHL1,DDX31,GTF3C4,AK8,SPACA9,TSC1	0.011961076232957986	0.01261206999494702
chr9	131096476	133163914	AIF1L,NUP214,FAM78A,PLPP7,PRRC2B,POMT1,UCK1,PRRT1B,RAPGEF1,MED27,NTNG2,SETX,TTF1,CFAP77,BARHL1,DDX31,GTF3C4,AK8,SPACA9,TSC1,GFI1B,GTF3C5,CEL,RALGDS,ENSG00000285245	0.01709057287349295	0.01687467661365855
chr9	131502789	133348131	POMT1,UCK1,PRRT1B,RAPGEF1,MED27,NTNG2,SETX,TTF1,CFAP77,BARHL1,DDX31,GTF3C4,AK8,SPACA9,TSC1,GFI1B,GTF3C5,CEL,RALGDS,ENSG00000285245,GBGT1,OBP2B,ABO,SURF6,MED22	0.012223818413458605	0.011269427000996082
chr9	132162058	133406096	NTNG2,SETX,TTF1,CFAP77,BARHL1,DDX31,GTF3C4,AK8,SPACA9,TSC1,GFI1B,GTF3C5,CEL,RALGDS,ENSG00000285245,GBGT1,OBP2B,ABO,SURF6,MED22,RPL7A,SURF1,SURF2,SURF4,STKLD1	0.008986236867763217	0.010061394576029713
chr9	132592997	133528612	DDX31,GTF3C4,AK8,SPACA9,TSC1,GFI1B,GTF3C5,CEL,RALGDS,ENSG00000285245,GBGT1,OBP2B,ABO,SURF6,MED22,RPL7A,SURF1,SURF2,SURF4,STKLD1,REXO4,ADAMTS13,CACFD1,SLC2A6,MYMK	0.0031100187430099934	0.007820776706260997
chr9	132944000	133992604	GFI1B,GTF3C5,CEL,RALGDS,ENSG00000285245,GBGT1,OBP2B,ABO,SURF6,MED22,RPL7A,SURF1,SURF2,SURF4,STKLD1,REXO4,ADAMTS13,CACFD1,SLC2A6,MYMK,ADAMTSL2,FAM163B,DBH,SARDH,VAV2	0.0040470845237157525	0.011524487956526304
chr9	133152948	134844843	GBGT1,OBP2B,ABO,SURF6,MED22,RPL7A,SURF1,SURF2,SURF4,STKLD1,REXO4,ADAMTS13,CACFD1,SLC2A6,MYMK,ADAMTSL2,FAM163B,DBH,SARDH,VAV2,BRD3OS,BRD3,WDR5,RXRA,COL5A1	0.005158801381774999	0.011893299628475773
chr9	133348218	135504673	RPL7A,SURF1,SURF2,SURF4,STKLD1,REXO4,ADAMTS13,CACFD1,SLC2A6,MYMK,ADAMTSL2,FAM163B,DBH,SARDH,VAV2,BRD3OS,BRD3,WDR5,RXRA,COL5A1,FCN2,FCN1,OLFM1,PPP1R26,MRPS2	0.007368165879457553	0.01153711720710496
chr9	133406059	135639540	REXO4,ADAMTS13,CACFD1,SLC2A6,MYMK,ADAMTSL2,FAM163B,DBH,SARDH,VAV2,BRD3OS,BRD3,WDR5,RXRA,COL5A1,FCN2,FCN1,OLFM1,PPP1R26,MRPS2,LCN1,OBP2A,PAEP,ENSG00000236543,GLT6D1	0.010111715660216318	0.0146929790469298
chr9	133532164	135961373	ADAMTSL2,FAM163B,DBH,SARDH,VAV2,BRD3OS,BRD3,WDR5,RXRA,COL5A1,FCN2,FCN1,OLFM1,PPP1R26,MRPS2,LCN1,OBP2A,PAEP,ENSG00000236543,GLT6D1,LCN9,SOHLH1,KCNT1,CAMSAP1,UBAC1	0.009093152285105776	0.014303560203745184
chr9	134025481	136306901	BRD3OS,BRD3,WDR5,RXRA,COL5A1,FCN2,FCN1,OLFM1,PPP1R26,MRPS2,LCN1,OBP2A,PAEP,ENSG00000236543,GLT6D1,LCN9,SOHLH1,KCNT1,CAMSAP1,UBAC1,NACC2,TMEM250,LHX3,QSOX2,CCDC187	0.005367576965927279	0.007394973773216191
chr9	134880810	136410614	FCN2,FCN1,OLFM1,PPP1R26,MRPS2,LCN1,OBP2A,PAEP,ENSG00000236543,GLT6D1,LCN9,SOHLH1,KCNT1,CAMSAP1,UBAC1,NACC2,TMEM250,LHX3,QSOX2,CCDC187,GPSM1,DNLZ,CARD9,SNAPC4,ENTR1	0.00902038806292093	0.00993749728189221
chr9	135521438	136672678	LCN1,OBP2A,PAEP,ENSG00000236543,GLT6D1,LCN9,SOHLH1,KCNT1,CAMSAP1,UBAC1,NACC2,TMEM250,LHX3,QSOX2,CCDC187,GPSM1,DNLZ,CARD9,SNAPC4,ENTR1,PMPCA,INPP5E,SEC16A,NOTCH1,EGFL7	0.013028322477246387	0.011865697811981378
chr9	135663309	136748525	LCN9,SOHLH1,KCNT1,CAMSAP1,UBAC1,NACC2,TMEM250,LHX3,QSOX2,CCDC187,GPSM1,DNLZ,CARD9,SNAPC4,ENTR1,PMPCA,INPP5E,SEC16A,NOTCH1,EGFL7,AGPAT2,DIPK1B,LCN10,ENSG00000204003,LCN6	0.012894866761053328	0.013458990997173358
chr9	136006537	136807741	NACC2,TMEM250,LHX3,QSOX2,CCDC187,GPSM1,DNLZ,CARD9,SNAPC4,ENTR1,PMPCA,INPP5E,SEC16A,NOTCH1,EGFL7,AGPAT2,DIPK1B,LCN10,ENSG00000204003,LCN6,LCN8,LCN15,TMEM141,ENSG00000272896,CCDC183	0.014473898891804428	0.017002284687871065
chr9	136327476	136866308	GPSM1,DNLZ,CARD9,SNAPC4,ENTR1,PMPCA,INPP5E,SEC16A,NOTCH1,EGFL7,AGPAT2,DIPK1B,LCN10,ENSG00000204003,LCN6,LCN8,LCN15,TMEM141,ENSG00000272896,CCDC183,RABL6,AJM1,PHPT1,MAMDC4,EDF1	0.009033818966572392	0.013225984169389715
chr9	136410630	136981742	PMPCA,INPP5E,SEC16A,NOTCH1,EGFL7,AGPAT2,DIPK1B,LCN10,ENSG00000204003,LCN6,LCN8,LCN15,TMEM141,ENSG00000272896,CCDC183,RABL6,AJM1,PHPT1,MAMDC4,EDF1,TRAF2,FBXW5,C8G,LCN12,PTGDS	0.005631580528722007	0.007552114271241196
chr9	136673143	137028915	AGPAT2,DIPK1B,LCN10,ENSG00000204003,LCN6,LCN8,LCN15,TMEM141,ENSG00000272896,CCDC183,RABL6,AJM1,PHPT1,MAMDC4,EDF1,TRAF2,FBXW5,C8G,LCN12,PTGDS,ENSG00000284341,LCNL1,PAXX,CLIC3,ABCA2	-0.0037266712437193047	0.0027654761345148765
chr9	136754386	137070557	LCN8,LCN15,TMEM141,ENSG00000272896,CCDC183,RABL6,AJM1,PHPT1,MAMDC4,EDF1,TRAF2,FBXW5,C8G,LCN12,PTGDS,ENSG00000284341,LCNL1,PAXX,CLIC3,ABCA2,FUT7,ENSG00000279073,NPDC1,ENTPD2,SAPCD2	-0.002970545019628334	0.003730583213419917
chr9	136807943	137170051	RABL6,AJM1,PHPT1,MAMDC4,EDF1,TRAF2,FBXW5,C8G,LCN12,PTGDS,ENSG00000284341,LCNL1,PAXX,CLIC3,ABCA2,FUT7,ENSG00000279073,NPDC1,ENTPD2,SAPCD2,UAP1L1,MAN1B1,DPP7,GRIN1,LRRC26	0.004567496737379427	0.01062160290217972
chr9	136881912	137204193	TRAF2,FBXW5,C8G,LCN12,PTGDS,ENSG00000284341,LCNL1,PAXX,CLIC3,ABCA2,FUT7,ENSG00000279073,NPDC1,ENTPD2,SAPCD2,UAP1L1,MAN1B1,DPP7,GRIN1,LRRC26,ENSG00000261793,TMEM210,ANAPC2,SSNA1,TPRN	0.008756482564744945	0.013631765422881593
chr9	136977518	137226315	ENSG00000284341,LCNL1,PAXX,CLIC3,ABCA2,FUT7,ENSG00000279073,NPDC1,ENTPD2,SAPCD2,UAP1L1,MAN1B1,DPP7,GRIN1,LRRC26,ENSG00000261793,TMEM210,ANAPC2,SSNA1,TPRN,TMEM203,NDOR1,ENSG00000284976,RNF208,CYSRT1	0.008279815706544404	0.011367835211210153
chr9	137030174	137253483	FUT7,ENSG00000279073,NPDC1,ENTPD2,SAPCD2,UAP1L1,MAN1B1,DPP7,GRIN1,LRRC26,ENSG00000261793,TMEM210,ANAPC2,SSNA1,TPRN,TMEM203,NDOR1,ENSG00000284976,RNF208,CYSRT1,RNF224,SLC34A3,TUBB4B,FAM166A,STPG3	0.008233996442776838	0.013780240082919514
chr9	137077517	137434406	UAP1L1,MAN1B1,DPP7,GRIN1,LRRC26,ENSG00000261793,TMEM210,ANAPC2,SSNA1,TPRN,TMEM203,NDOR1,ENSG00000284976,RNF208,CYSRT1,RNF224,SLC34A3,TUBB4B,FAM166A,STPG3,NELFB,TOR4A,NRARP,EXD3,NOXA1	0.0067919243756781435	0.012827457043492353
chr9	137168854	137578925	ENSG00000261793,TMEM210,ANAPC2,SSNA1,TPRN,TMEM203,NDOR1,ENSG00000284976,RNF208,CYSRT1,RNF224,SLC34A3,TUBB4B,FAM166A,STPG3,NELFB,TOR4A,NRARP,EXD3,NOXA1,ENTPD8,NSMF,PNPLA7,MRPL41,DPH7	0.003842325857830325	0.013254421126497877
chr10	46888	5842132	TUBB8,ZMYND11,DIP2C,LARP4B,GTPBP4,IDI2,IDI1,WDR37,ADARB2,PFKP,PITRM1,KLF6,AKR1E2,AKR1C1,AKR1C2,AKR1C3,AKR1C4,UCN3,TUBAL3,NET1,CALML5,CALML3,ASB13,TASOR2,GDI2	0.011238442608866169	0.012651082104457676
chr10	1018910	6117457	IDI2,IDI1,WDR37,ADARB2,PFKP,PITRM1,KLF6,AKR1E2,AKR1C1,AKR1C2,AKR1C3,AKR1C4,UCN3,TUBAL3,NET1,CALML5,CALML3,ASB13,TASOR2,GDI2,ANKRD16,FBH1,IL15RA,IL2RA,RBM17	0.00701454358595792	0.007988889451313468
chr10	3137728	7749520	PITRM1,KLF6,AKR1E2,AKR1C1,AKR1C2,AKR1C3,AKR1C4,UCN3,TUBAL3,NET1,CALML5,CALML3,ASB13,TASOR2,GDI2,ANKRD16,FBH1,IL15RA,IL2RA,RBM17,PFKFB3,PRKCQ,SFMBT2,ITIH5,ITIH2	0.013097821252206905	0.012179418612156141
chr10	5035354	11336675	AKR1C3,AKR1C4,UCN3,TUBAL3,NET1,CALML5,CALML3,ASB13,TASOR2,GDI2,ANKRD16,FBH1,IL15RA,IL2RA,RBM17,PFKFB3,PRKCQ,SFMBT2,ITIH5,ITIH2,KIN,ATP5F1C,TAF3,GATA3,CELF2	0.017654110920187528	0.013752455048227818
chr10	5498697	12123221	CALML5,CALML3,ASB13,TASOR2,GDI2,ANKRD16,FBH1,IL15RA,IL2RA,RBM17,PFKFB3,PRKCQ,SFMBT2,ITIH5,ITIH2,KIN,ATP5F1C,TAF3,GATA3,CELF2,USP6NL,ECHDC3,PROSER2,UPF2,DHTKD1	0.0109978426178751	0.006447165217665624
chr10	5861616	13099652	ANKRD16,FBH1,IL15RA,IL2RA,RBM17,PFKFB3,PRKCQ,SFMBT2,ITIH5,ITIH2,KIN,ATP5F1C,TAF3,GATA3,CELF2,USP6NL,ECHDC3,PROSER2,UPF2,DHTKD1,SEC61A2,NUDT5,CDC123,CAMK1D,CCDC3	0.0019863657861274664	0.002990573838309494
chr10	6144934	13348298	PFKFB3,PRKCQ,SFMBT2,ITIH5,ITIH2,KIN,ATP5F1C,TAF3,GATA3,CELF2,USP6NL,ECHDC3,PROSER2,UPF2,DHTKD1,SEC61A2,NUDT5,CDC123,CAMK1D,CCDC3,OPTN,MCM10,UCMA,PHYH,SEPHS1	0.003459393771037768	0.005548121660775752
chr10	7750962	14838575	KIN,ATP5F1C,TAF3,GATA3,CELF2,USP6NL,ECHDC3,PROSER2,UPF2,DHTKD1,SEC61A2,NUDT5,CDC123,CAMK1D,CCDC3,OPTN,MCM10,UCMA,PHYH,SEPHS1,BEND7,PRPF18,FRMD4A,FAM107B,CDNF	0.00846100439844279	0.010288661082270783
chr10	11460510	15073853	USP6NL,ECHDC3,PROSER2,UPF2,DHTKD1,SEC61A2,NUDT5,CDC123,CAMK1D,CCDC3,OPTN,MCM10,UCMA,PHYH,SEPHS1,BEND7,PRPF18,FRMD4A,FAM107B,CDNF,HSPA14,SUV39H2,DCLRE1C,MEIG1,OLAH	0.014191679408556925	0.013033449859799318
chr10	12129637	15719922	SEC61A2,NUDT5,CDC123,CAMK1D,CCDC3,OPTN,MCM10,UCMA,PHYH,SEPHS1,BEND7,PRPF18,FRMD4A,FAM107B,CDNF,HSPA14,SUV39H2,DCLRE1C,MEIG1,OLAH,ACBD7,RPP38,NMT2,FAM171A1,ITGA8	0.018346173502919748	0.017241611529030722
chr10	13099449	17129811	OPTN,MCM10,UCMA,PHYH,SEPHS1,BEND7,PRPF18,FRMD4A,FAM107B,CDNF,HSPA14,SUV39H2,DCLRE1C,MEIG1,OLAH,ACBD7,RPP38,NMT2,FAM171A1,ITGA8,MINDY3,PTER,C1QL3,RSU1,CUBN	0.0165021434974078	0.015108663996118868
chr10	13438484	17716824	BEND7,PRPF18,FRMD4A,FAM107B,CDNF,HSPA14,SUV39H2,DCLRE1C,MEIG1,OLAH,ACBD7,RPP38,NMT2,FAM171A1,ITGA8,MINDY3,PTER,C1QL3,RSU1,CUBN,TRDMT1,VIM,ST8SIA6,HACD1,STAM	0.02105546797630282	0.014474307465630215
chr10	14838306	18659285	HSPA14,SUV39H2,DCLRE1C,MEIG1,OLAH,ACBD7,RPP38,NMT2,FAM171A1,ITGA8,MINDY3,PTER,C1QL3,RSU1,CUBN,TRDMT1,VIM,ST8SIA6,HACD1,STAM,TMEM236,MRC1,SLC39A12,CACNB2,NSUN6	0.036477949098246004	0.016525295784932614
chr10	15075475	21526368	ACBD7,RPP38,NMT2,FAM171A1,ITGA8,MINDY3,PTER,C1QL3,RSU1,CUBN,TRDMT1,VIM,ST8SIA6,HACD1,STAM,TMEM236,MRC1,SLC39A12,CACNB2,NSUN6,ARL5B,MALRD1,PLXDC2,NEBL,SKIDA1	0.04437968327346586	0.015562206947660273
chr10	15778170	22329542	MINDY3,PTER,C1QL3,RSU1,CUBN,TRDMT1,VIM,ST8SIA6,HACD1,STAM,TMEM236,MRC1,SLC39A12,CACNB2,NSUN6,ARL5B,MALRD1,PLXDC2,NEBL,SKIDA1,MLLT10,DNAJC1,EBLN1,COMMD3,COMMD3-BMI1	0.01821323525583059	0.013276066302818247
chr10	17137336	23122013	TRDMT1,VIM,ST8SIA6,HACD1,STAM,TMEM236,MRC1,SLC39A12,CACNB2,NSUN6,ARL5B,MALRD1,PLXDC2,NEBL,SKIDA1,MLLT10,DNAJC1,EBLN1,COMMD3,COMMD3-BMI1,BMI1,SPAG6,PIP4K2A,ARMC3,MSRB2	0.011049239811944762	0.01644402069567019
chr10	17752201	24723887	TMEM236,MRC1,SLC39A12,CACNB2,NSUN6,ARL5B,MALRD1,PLXDC2,NEBL,SKIDA1,MLLT10,DNAJC1,EBLN1,COMMD3,COMMD3-BMI1,BMI1,SPAG6,PIP4K2A,ARMC3,MSRB2,PTF1A,C10orf67,OTUD1,KIAA1217,ARHGAP21	0.009432253288892384	0.016763567456819655
chr10	18659431	26212532	ARL5B,MALRD1,PLXDC2,NEBL,SKIDA1,MLLT10,DNAJC1,EBLN1,COMMD3,COMMD3-BMI1,BMI1,SPAG6,PIP4K2A,ARMC3,MSRB2,PTF1A,C10orf67,OTUD1,KIAA1217,ARHGAP21,PRTFDC1,ENKUR,THNSL1,GPR158,MYO3A	0.00485396808023645	0.011683739549325903
chr10	21524646	27100494	MLLT10,DNAJC1,EBLN1,COMMD3,COMMD3-BMI1,BMI1,SPAG6,PIP4K2A,ARMC3,MSRB2,PTF1A,C10orf67,OTUD1,KIAA1217,ARHGAP21,PRTFDC1,ENKUR,THNSL1,GPR158,MYO3A,GAD2,APBB1IP,PDSS1,ABI1,ANKRD26	0.005322634725651222	0.00975492540335445
chr10	22321099	27746060	BMI1,SPAG6,PIP4K2A,ARMC3,MSRB2,PTF1A,C10orf67,OTUD1,KIAA1217,ARHGAP21,PRTFDC1,ENKUR,THNSL1,GPR158,MYO3A,GAD2,APBB1IP,PDSS1,ABI1,ANKRD26,YME1L1,MASTL,ACBD5,RAB18,MKX	0.010949547201248164	0.010312728186566308
chr10	23192312	29318328	PTF1A,C10orf67,OTUD1,KIAA1217,ARHGAP21,PRTFDC1,ENKUR,THNSL1,GPR158,MYO3A,GAD2,APBB1IP,PDSS1,ABI1,ANKRD26,YME1L1,MASTL,ACBD5,RAB18,MKX,ODAD2,MPP7,WAC,BAMBI,LYZL1	0.020297968352747508	0.015068880004927867
chr10	24848614	30629762	PRTFDC1,ENKUR,THNSL1,GPR158,MYO3A,GAD2,APBB1IP,PDSS1,ABI1,ANKRD26,YME1L1,MASTL,ACBD5,RAB18,MKX,ODAD2,MPP7,WAC,BAMBI,LYZL1,SVIL,JCAD,MTPAP,MAP3K8,LYZL2	0.02612989015120724	0.01766820788501488
chr10	26216665	32378798	GAD2,APBB1IP,PDSS1,ABI1,ANKRD26,YME1L1,MASTL,ACBD5,RAB18,MKX,ODAD2,MPP7,WAC,BAMBI,LYZL1,SVIL,JCAD,MTPAP,MAP3K8,LYZL2,ZNF438,ZEB1,ARHGAP12,KIF5B,EPC1	0.02303535950179694	0.016580953336855525
chr10	27110111	35127006	YME1L1,MASTL,ACBD5,RAB18,MKX,ODAD2,MPP7,WAC,BAMBI,LYZL1,SVIL,JCAD,MTPAP,MAP3K8,LYZL2,ZNF438,ZEB1,ARHGAP12,KIF5B,EPC1,CCDC7,ITGB1,NRP1,PARD3,CUL2	0.019932442686729692	0.01421673753294103
chr10	27775186	37232567	ODAD2,MPP7,WAC,BAMBI,LYZL1,SVIL,JCAD,MTPAP,MAP3K8,LYZL2,ZNF438,ZEB1,ARHGAP12,KIF5B,EPC1,CCDC7,ITGB1,NRP1,PARD3,CUL2,CREM,CCNY,GJD4,FZD8,ANKRD30A	0.026583513127425303	0.01008485424046975
chr10	29457338	38360098	SVIL,JCAD,MTPAP,MAP3K8,LYZL2,ZNF438,ZEB1,ARHGAP12,KIF5B,EPC1,CCDC7,ITGB1,NRP1,PARD3,CUL2,CREM,CCNY,GJD4,FZD8,ANKRD30A,ZNF248,ZNF25,ZNF33A,ZNF37A,PLD5P1	0.036443378385300707	0.011698650446406136
chr10	30820207	43267065	ZNF438,ZEB1,ARHGAP12,KIF5B,EPC1,CCDC7,ITGB1,NRP1,PARD3,CUL2,CREM,CCNY,GJD4,FZD8,ANKRD30A,ZNF248,ZNF25,ZNF33A,ZNF37A,PLD5P1,ZNF33B,BMS1,RET,CSGALNACT2,RASGEF1A	0.03859935556146992	0.015296400107276082
chr10	32446140	43617904	CCDC7,ITGB1,NRP1,PARD3,CUL2,CREM,CCNY,GJD4,FZD8,ANKRD30A,ZNF248,ZNF25,ZNF33A,ZNF37A,PLD5P1,ZNF33B,BMS1,RET,CSGALNACT2,RASGEF1A,FXYD4,HNRNPF,ZNF487,ZNF239,ZNF485	0.037017961483149536	0.016786550738617217
chr10	35126791	44995891	CREM,CCNY,GJD4,FZD8,ANKRD30A,ZNF248,ZNF25,ZNF33A,ZNF37A,PLD5P1,ZNF33B,BMS1,RET,CSGALNACT2,RASGEF1A,FXYD4,HNRNPF,ZNF487,ZNF239,ZNF485,ZNF32,CXCL12,TMEM72,RASSF4,DEPP1	0.022716372074717914	0.014897350682064965
chr10	37776526	45672780	ZNF248,ZNF25,ZNF33A,ZNF37A,PLD5P1,ZNF33B,BMS1,RET,CSGALNACT2,RASGEF1A,FXYD4,HNRNPF,ZNF487,ZNF239,ZNF485,ZNF32,CXCL12,TMEM72,RASSF4,DEPP1,ZNF22,OR13A1,ALOX5,MARCHF8,ZFAND4	0.012784243775260707	0.012508995224242347
chr10	42574185	46048180	ZNF33B,BMS1,RET,CSGALNACT2,RASGEF1A,FXYD4,HNRNPF,ZNF487,ZNF239,ZNF485,ZNF32,CXCL12,TMEM72,RASSF4,DEPP1,ZNF22,OR13A1,ALOX5,MARCHF8,ZFAND4,WASHC2C,AGAP4,TIMM23,NCOA4,MSMB	0.010420416942343741	0.014045075589591588
chr10	43371636	46594173	FXYD4,HNRNPF,ZNF487,ZNF239,ZNF485,ZNF32,CXCL12,TMEM72,RASSF4,DEPP1,ZNF22,OR13A1,ALOX5,MARCHF8,ZFAND4,WASHC2C,AGAP4,TIMM23,NCOA4,MSMB,ANTXRL,ANXA8L1,NPY4R,GPRIN2,SYT15	0.01024858769876762	0.010824461791189337
chr10	43643860	47384293	ZNF32,CXCL12,TMEM72,RASSF4,DEPP1,ZNF22,OR13A1,ALOX5,MARCHF8,ZFAND4,WASHC2C,AGAP4,TIMM23,NCOA4,MSMB,ANTXRL,ANXA8L1,NPY4R,GPRIN2,SYT15,PTPN20,GDF10,GDF2,RBP3,ZNF488	0.00906663590963444	0.009262224295251737
chr10	45000923	47999791	ZNF22,OR13A1,ALOX5,MARCHF8,ZFAND4,WASHC2C,AGAP4,TIMM23,NCOA4,MSMB,ANTXRL,ANXA8L1,NPY4R,GPRIN2,SYT15,PTPN20,GDF10,GDF2,RBP3,ZNF488,ANXA8,FAM25G,AGAP9,NPY4R2,FAM25C	0.002493559008771562	0.002900414118201701
chr10	45727200	48982956	WASHC2C,AGAP4,TIMM23,NCOA4,MSMB,ANTXRL,ANXA8L1,NPY4R,GPRIN2,SYT15,PTPN20,GDF10,GDF2,RBP3,ZNF488,ANXA8,FAM25G,AGAP9,NPY4R2,FAM25C,FRMPD2,MAPK8,ARHGAP22,WDFY4,LRRC18	0.0012540977076041064	0.0010249028620811802
chr10	46286345	49396089	ANTXRL,ANXA8L1,NPY4R,GPRIN2,SYT15,PTPN20,GDF10,GDF2,RBP3,ZNF488,ANXA8,FAM25G,AGAP9,NPY4R2,FAM25C,FRMPD2,MAPK8,ARHGAP22,WDFY4,LRRC18,VSTM4,FAM170B,TMEM273,C10orf71,DRGX	0.0037021798415311103	0.002948079420337578
chr10	46911396	49762379	PTPN20,GDF10,GDF2,RBP3,ZNF488,ANXA8,FAM25G,AGAP9,NPY4R2,FAM25C,FRMPD2,MAPK8,ARHGAP22,WDFY4,LRRC18,VSTM4,FAM170B,TMEM273,C10orf71,DRGX,ERCC6,CHAT,SLC18A3,C10orf53,OGDHL	0.0051298842060751365	0.006208621649834353
chr10	47460162	50133509	ANXA8,FAM25G,AGAP9,NPY4R2,FAM25C,FRMPD2,MAPK8,ARHGAP22,WDFY4,LRRC18,VSTM4,FAM170B,TMEM273,C10orf71,DRGX,ERCC6,CHAT,SLC18A3,C10orf53,OGDHL,PARG,TIMM23B,TIMM23B-AGAP6,AGAP6,WASHC2A	0.0035713787824205685	0.003423792587841823
chr10	48153088	52298423	FRMPD2,MAPK8,ARHGAP22,WDFY4,LRRC18,VSTM4,FAM170B,TMEM273,C10orf71,DRGX,ERCC6,CHAT,SLC18A3,C10orf53,OGDHL,PARG,TIMM23B,TIMM23B-AGAP6,AGAP6,WASHC2A,ASAH2,SGMS1,ASAH2B,A1CF,PRKG1	0.005960474941225347	0.004574045827864598
chr10	49014236	56361273	VSTM4,FAM170B,TMEM273,C10orf71,DRGX,ERCC6,CHAT,SLC18A3,C10orf53,OGDHL,PARG,TIMM23B,TIMM23B-AGAP6,AGAP6,WASHC2A,ASAH2,SGMS1,ASAH2B,A1CF,PRKG1,CSTF2T,DKK1,MBL2,PCDH15,ZWINT	0.0077266061882246126	0.0063305535596381345
chr10	49454168	58831435	ERCC6,CHAT,SLC18A3,C10orf53,OGDHL,PARG,TIMM23B,TIMM23B-AGAP6,AGAP6,WASHC2A,ASAH2,SGMS1,ASAH2B,A1CF,PRKG1,CSTF2T,DKK1,MBL2,PCDH15,ZWINT,IPMK,CISD1,UBE2D1,TFAM,BICC1	0.00688611538167823	0.005896490329593987
chr10	49818279	59906556	PARG,TIMM23B,TIMM23B-AGAP6,AGAP6,WASHC2A,ASAH2,SGMS1,ASAH2B,A1CF,PRKG1,CSTF2T,DKK1,MBL2,PCDH15,ZWINT,IPMK,CISD1,UBE2D1,TFAM,BICC1,PHYHIPL,FAM13C,SLC16A9,MRLN,CCDC6	0.011893475337081084	0.010842100545196865
chr10	50182778	61766766	ASAH2,SGMS1,ASAH2B,A1CF,PRKG1,CSTF2T,DKK1,MBL2,PCDH15,ZWINT,IPMK,CISD1,UBE2D1,TFAM,BICC1,PHYHIPL,FAM13C,SLC16A9,MRLN,CCDC6,ANK3,CDK1,RHOBTB1,TMEM26,CABCOCO1	0.018031962397256473	0.013379293256196838
chr10	51695486	62808479	CSTF2T,DKK1,MBL2,PCDH15,ZWINT,IPMK,CISD1,UBE2D1,TFAM,BICC1,PHYHIPL,FAM13C,SLC16A9,MRLN,CCDC6,ANK3,CDK1,RHOBTB1,TMEM26,CABCOCO1,ARID5B,RTKN2,ZNF365,ENSG00000285837,ADO	0.021285965452813665	0.012213635745886794
chr10	58191517	67763637	IPMK,CISD1,UBE2D1,TFAM,BICC1,PHYHIPL,FAM13C,SLC16A9,MRLN,CCDC6,ANK3,CDK1,RHOBTB1,TMEM26,CABCOCO1,ARID5B,RTKN2,ZNF365,ENSG00000285837,ADO,EGR2,NRBF2,JMJD1C,REEP3,CTNNA3	0.021959569111912384	0.01446040712153364
chr10	59176643	68212017	PHYHIPL,FAM13C,SLC16A9,MRLN,CCDC6,ANK3,CDK1,RHOBTB1,TMEM26,CABCOCO1,ARID5B,RTKN2,ZNF365,ENSG00000285837,ADO,EGR2,NRBF2,JMJD1C,REEP3,CTNNA3,LRRTM3,DNAJC12,SIRT1,HERC4,MYPN	0.015054467565486196	0.011503429307444826
chr10	60026298	68472121	ANK3,CDK1,RHOBTB1,TMEM26,CABCOCO1,ARID5B,RTKN2,ZNF365,ENSG00000285837,ADO,EGR2,NRBF2,JMJD1C,REEP3,CTNNA3,LRRTM3,DNAJC12,SIRT1,HERC4,MYPN,ATOH7,PBLD,HNRNPH3,RUFY2,DNA2	0.019166873293629146	0.016417981650478607
chr10	61901684	68946847	ARID5B,RTKN2,ZNF365,ENSG00000285837,ADO,EGR2,NRBF2,JMJD1C,REEP3,CTNNA3,LRRTM3,DNAJC12,SIRT1,HERC4,MYPN,ATOH7,PBLD,HNRNPH3,RUFY2,DNA2,SLC25A16,TET1,CCAR1,STOX1,DDX50	0.02041306811450547	0.010862804027384399
chr10	62811996	69209099	EGR2,NRBF2,JMJD1C,REEP3,CTNNA3,LRRTM3,DNAJC12,SIRT1,HERC4,MYPN,ATOH7,PBLD,HNRNPH3,RUFY2,DNA2,SLC25A16,TET1,CCAR1,STOX1,DDX50,DDX21,KIFBP,SRGN,VPS26A,SUPV3L1	0.027299066868766056	0.005423980298646548
chr10	66926036	69573422	LRRTM3,DNAJC12,SIRT1,HERC4,MYPN,ATOH7,PBLD,HNRNPH3,RUFY2,DNA2,SLC25A16,TET1,CCAR1,STOX1,DDX50,DDX21,KIFBP,SRGN,VPS26A,SUPV3L1,HKDC1,HK1,TACR2,TSPAN15,NEUROG3	0.03563805862288309	0.010075116910598213
chr10	68230595	70146700	ATOH7,PBLD,HNRNPH3,RUFY2,DNA2,SLC25A16,TET1,CCAR1,STOX1,DDX50,DDX21,KIFBP,SRGN,VPS26A,SUPV3L1,HKDC1,HK1,TACR2,TSPAN15,NEUROG3,FAM241B,COL13A1,MACROH2A2,AIFM2,TYSND1	0.027955949706364294	0.012616636906518824
chr10	68477998	70428618	SLC25A16,TET1,CCAR1,STOX1,DDX50,DDX21,KIFBP,SRGN,VPS26A,SUPV3L1,HKDC1,HK1,TACR2,TSPAN15,NEUROG3,FAM241B,COL13A1,MACROH2A2,AIFM2,TYSND1,SAR1A,PPA1,NPFFR1,LRRC20,EIF4EBP2	0.01359401246968525	0.011381585359738274
chr10	68956135	70785401	DDX21,KIFBP,SRGN,VPS26A,SUPV3L1,HKDC1,HK1,TACR2,TSPAN15,NEUROG3,FAM241B,COL13A1,MACROH2A2,AIFM2,TYSND1,SAR1A,PPA1,NPFFR1,LRRC20,EIF4EBP2,NODAL,PALD1,PRF1,ADAMTS14,TBATA	-0.002562552384951418	0.0070149699893736475
chr10	69220332	71815947	HKDC1,HK1,TACR2,TSPAN15,NEUROG3,FAM241B,COL13A1,MACROH2A2,AIFM2,TYSND1,SAR1A,PPA1,NPFFR1,LRRC20,EIF4EBP2,NODAL,PALD1,PRF1,ADAMTS14,TBATA,SGPL1,PCBD1,UNC5B,SLC29A3,CDH23	-0.005755400286117469	0.005134830664089667
chr10	69630247	72089032	FAM241B,COL13A1,MACROH2A2,AIFM2,TYSND1,SAR1A,PPA1,NPFFR1,LRRC20,EIF4EBP2,NODAL,PALD1,PRF1,ADAMTS14,TBATA,SGPL1,PCBD1,UNC5B,SLC29A3,CDH23,C10orf105,VSIR,PSAP,CHST3,SPOCK2	0.0049351493779457465	0.008109798285329557
chr10	70147289	72626131	SAR1A,PPA1,NPFFR1,LRRC20,EIF4EBP2,NODAL,PALD1,PRF1,ADAMTS14,TBATA,SGPL1,PCBD1,UNC5B,SLC29A3,CDH23,C10orf105,VSIR,PSAP,CHST3,SPOCK2,ASCC1,ANAPC16,DDIT4,DNAJB12,MICU1	0.01284159698870174	0.008091191186134094
chr10	70431936	73131828	NODAL,PALD1,PRF1,ADAMTS14,TBATA,SGPL1,PCBD1,UNC5B,SLC29A3,CDH23,C10orf105,VSIR,PSAP,CHST3,SPOCK2,ASCC1,ANAPC16,DDIT4,DNAJB12,MICU1,MCU,OIT3,PLA2G12B,P4HA1,NUDT13	0.04284852437988683	0.013348725098099111
chr10	70815905	73358864	SGPL1,PCBD1,UNC5B,SLC29A3,CDH23,C10orf105,VSIR,PSAP,CHST3,SPOCK2,ASCC1,ANAPC16,DDIT4,DNAJB12,MICU1,MCU,OIT3,PLA2G12B,P4HA1,NUDT13,ECD,FAM149B1,DNAJC9,MRPS16,CFAP70	0.07268118711542593	0.012782627331328648
chr10	71711701	73641474	C10orf105,VSIR,PSAP,CHST3,SPOCK2,ASCC1,ANAPC16,DDIT4,DNAJB12,MICU1,MCU,OIT3,PLA2G12B,P4HA1,NUDT13,ECD,FAM149B1,DNAJC9,MRPS16,CFAP70,ANXA7,MSS51,PPP3CB,USP54,MYOZ1	0.05823559564109016	0.014237616351084214
chr10	72096032	73783652	ASCC1,ANAPC16,DDIT4,DNAJB12,MICU1,MCU,OIT3,PLA2G12B,P4HA1,NUDT13,ECD,FAM149B1,DNAJC9,MRPS16,CFAP70,ANXA7,MSS51,PPP3CB,USP54,MYOZ1,SYNPO2L,AGAP5,SEC24C,FUT11,CHCHD1	0.03243847046188256	0.01584251970511257
chr10	72692143	73917496	MCU,OIT3,PLA2G12B,P4HA1,NUDT13,ECD,FAM149B1,DNAJC9,MRPS16,CFAP70,ANXA7,MSS51,PPP3CB,USP54,MYOZ1,SYNPO2L,AGAP5,SEC24C,FUT11,CHCHD1,ZSWIM8,ENSG00000272916,NDST2,CAMK2G,PLAU	0.01782382246377921	0.01420427712624
chr10	73130155	75073642	ECD,FAM149B1,DNAJC9,MRPS16,CFAP70,ANXA7,MSS51,PPP3CB,USP54,MYOZ1,SYNPO2L,AGAP5,SEC24C,FUT11,CHCHD1,ZSWIM8,ENSG00000272916,NDST2,CAMK2G,PLAU,VCL,AP3M1,ADK,KAT6B,DUSP29	0.015038886153128215	0.01250083239642873
chr10	73375101	75401764	ANXA7,MSS51,PPP3CB,USP54,MYOZ1,SYNPO2L,AGAP5,SEC24C,FUT11,CHCHD1,ZSWIM8,ENSG00000272916,NDST2,CAMK2G,PLAU,VCL,AP3M1,ADK,KAT6B,DUSP29,DUSP13,SAMD8,VDAC2,COMTD1,ZNF503	0.013905016988547136	0.013593143035713746
chr10	73644881	78056813	SYNPO2L,AGAP5,SEC24C,FUT11,CHCHD1,ZSWIM8,ENSG00000272916,NDST2,CAMK2G,PLAU,VCL,AP3M1,ADK,KAT6B,DUSP29,DUSP13,SAMD8,VDAC2,COMTD1,ZNF503,LRMDA,KCNMA1,DLG5,POLR3A,RPS24	0.00927727256926042	0.009093194851237418
chr10	73785606	79560407	ZSWIM8,ENSG00000272916,NDST2,CAMK2G,PLAU,VCL,AP3M1,ADK,KAT6B,DUSP29,DUSP13,SAMD8,VDAC2,COMTD1,ZNF503,LRMDA,KCNMA1,DLG5,POLR3A,RPS24,ZMIZ1,PPIF,ZCCHC24,EIF5AL1,SFTPA2	0.0007278963200938954	0.004035754845940054
chr10	73995193	80092557	VCL,AP3M1,ADK,KAT6B,DUSP29,DUSP13,SAMD8,VDAC2,COMTD1,ZNF503,LRMDA,KCNMA1,DLG5,POLR3A,RPS24,ZMIZ1,PPIF,ZCCHC24,EIF5AL1,SFTPA2,SFTPA1,NUTM2B,NUTM2E,SFTPD,TMEM254	0.005342515767695467	0.0074846476493066185
chr10	75094432	80368073	DUSP13,SAMD8,VDAC2,COMTD1,ZNF503,LRMDA,KCNMA1,DLG5,POLR3A,RPS24,ZMIZ1,PPIF,ZCCHC24,EIF5AL1,SFTPA2,SFTPA1,NUTM2B,NUTM2E,SFTPD,TMEM254,PLAC9,ANXA11,MAT1A,DYDC1,DYDC2	0.004517016424790599	0.009026214286402554
chr10	75431624	84154841	LRMDA,KCNMA1,DLG5,POLR3A,RPS24,ZMIZ1,PPIF,ZCCHC24,EIF5AL1,SFTPA2,SFTPA1,NUTM2B,NUTM2E,SFTPD,TMEM254,PLAC9,ANXA11,MAT1A,DYDC1,DYDC2,PRXL2A,TSPAN14,SH2D4B,NRG3,GHITM	0.002518323219973355	0.004145359588966708
chr10	79068966	84518521	ZMIZ1,PPIF,ZCCHC24,EIF5AL1,SFTPA2,SFTPA1,NUTM2B,NUTM2E,SFTPD,TMEM254,PLAC9,ANXA11,MAT1A,DYDC1,DYDC2,PRXL2A,TSPAN14,SH2D4B,NRG3,GHITM,CDHR1,LRIT2,RGR,LRIT1,CCSER2	0.004003090368957089	0.009130877193149194
chr10	79610939	86932825	SFTPA1,NUTM2B,NUTM2E,SFTPD,TMEM254,PLAC9,ANXA11,MAT1A,DYDC1,DYDC2,PRXL2A,TSPAN14,SH2D4B,NRG3,GHITM,CDHR1,LRIT2,RGR,LRIT1,CCSER2,GRID1,WAPL,OPN4,LDB3,BMPR1A	-0.0006421992690619746	0.012465081327391166
chr10	80131682	87094843	PLAC9,ANXA11,MAT1A,DYDC1,DYDC2,PRXL2A,TSPAN14,SH2D4B,NRG3,GHITM,CDHR1,LRIT2,RGR,LRIT1,CCSER2,GRID1,WAPL,OPN4,LDB3,BMPR1A,MMRN2,SNCG,ADIRF,FAM25A,GLUD1	0.0032678046426773922	0.01191714787822547
chr10	80407829	87747705	PRXL2A,TSPAN14,SH2D4B,NRG3,GHITM,CDHR1,LRIT2,RGR,LRIT1,CCSER2,GRID1,WAPL,OPN4,LDB3,BMPR1A,MMRN2,SNCG,ADIRF,FAM25A,GLUD1,SHLD2,NUTM2A,NUTM2D,MINPP1,PAPSS2	0.008014613395151974	0.011356220896696115
chr10	84194537	88606976	CDHR1,LRIT2,RGR,LRIT1,CCSER2,GRID1,WAPL,OPN4,LDB3,BMPR1A,MMRN2,SNCG,ADIRF,FAM25A,GLUD1,SHLD2,NUTM2A,NUTM2D,MINPP1,PAPSS2,ATAD1,KLLN,PTEN,RNLS,LIPJ	0.006790421052627197	0.0072164414898672575
chr10	85599552	88851844	GRID1,WAPL,OPN4,LDB3,BMPR1A,MMRN2,SNCG,ADIRF,FAM25A,GLUD1,SHLD2,NUTM2A,NUTM2D,MINPP1,PAPSS2,ATAD1,KLLN,PTEN,RNLS,LIPJ,LIPF,LIPK,LIPN,LIPM,ANKRD22	0.010215722583811258	0.010241180757095614
chr10	86935540	89414557	MMRN2,SNCG,ADIRF,FAM25A,GLUD1,SHLD2,NUTM2A,NUTM2D,MINPP1,PAPSS2,ATAD1,KLLN,PTEN,RNLS,LIPJ,LIPF,LIPK,LIPN,LIPM,ANKRD22,STAMBPL1,ACTA2,FAS,CH25H,LIPA	0.013001859325719284	0.012099427188502548
chr10	87094161	89421605	SHLD2,NUTM2A,NUTM2D,MINPP1,PAPSS2,ATAD1,KLLN,PTEN,RNLS,LIPJ,LIPF,LIPK,LIPN,LIPM,ANKRD22,STAMBPL1,ACTA2,FAS,CH25H,LIPA,IFIT2,IFIT3,IFIT1B,IFIT1,IFIT5	0.004234419203966933	0.0037919338481943094
chr10	87751512	90908553	ATAD1,KLLN,PTEN,RNLS,LIPJ,LIPF,LIPK,LIPN,LIPM,ANKRD22,STAMBPL1,ACTA2,FAS,CH25H,LIPA,IFIT2,IFIT3,IFIT1B,IFIT1,IFIT5,SLC16A12,PANK1,KIF20B,HTR7,RPP30	0.0022817988804916395	0.0024920475058629486
chr10	88664441	91865475	LIPF,LIPK,LIPN,LIPM,ANKRD22,STAMBPL1,ACTA2,FAS,CH25H,LIPA,IFIT2,IFIT3,IFIT1B,IFIT1,IFIT5,SLC16A12,PANK1,KIF20B,HTR7,RPP30,ANKRD1,PCGF5,HECTD2,PPP1R3C,TNKS2	0.005233893827622462	0.005650062775585224
chr10	88879734	92574096	STAMBPL1,ACTA2,FAS,CH25H,LIPA,IFIT2,IFIT3,IFIT1B,IFIT1,IFIT5,SLC16A12,PANK1,KIF20B,HTR7,RPP30,ANKRD1,PCGF5,HECTD2,PPP1R3C,TNKS2,FGFBP3,BTAF1,CPEB3,MARCHF5,IDE	0.013242522913317935	0.01309632549157168
chr10	89283694	93077885	IFIT2,IFIT3,IFIT1B,IFIT1,IFIT5,SLC16A12,PANK1,KIF20B,HTR7,RPP30,ANKRD1,PCGF5,HECTD2,PPP1R3C,TNKS2,FGFBP3,BTAF1,CPEB3,MARCHF5,IDE,KIF11,HHEX,EXOC6,CYP26C1,CYP26A1	0.020973342580651748	0.018980632318344903
chr10	89430299	93666010	SLC16A12,PANK1,KIF20B,HTR7,RPP30,ANKRD1,PCGF5,HECTD2,PPP1R3C,TNKS2,FGFBP3,BTAF1,CPEB3,MARCHF5,IDE,KIF11,HHEX,EXOC6,CYP26C1,CYP26A1,MYOF,CEP55,FFAR4,RBP4,PDE6C	0.023986101755900626	0.02093449089578899
chr10	90912096	94362959	ANKRD1,PCGF5,HECTD2,PPP1R3C,TNKS2,FGFBP3,BTAF1,CPEB3,MARCHF5,IDE,KIF11,HHEX,EXOC6,CYP26C1,CYP26A1,MYOF,CEP55,FFAR4,RBP4,PDE6C,FRA10AC1,LGI1,SLC35G1,PLCE1,NOC3L	0.012745772602144097	0.011522476930949566
chr10	91906584	94855547	FGFBP3,BTAF1,CPEB3,MARCHF5,IDE,KIF11,HHEX,EXOC6,CYP26C1,CYP26A1,MYOF,CEP55,FFAR4,RBP4,PDE6C,FRA10AC1,LGI1,SLC35G1,PLCE1,NOC3L,TBC1D12,HELLS,CYP2C18,ENSG00000276490,CYP2C19	0.0069121789317620665	0.006298257677745874
chr10	92574105	95561414	KIF11,HHEX,EXOC6,CYP26C1,CYP26A1,MYOF,CEP55,FFAR4,RBP4,PDE6C,FRA10AC1,LGI1,SLC35G1,PLCE1,NOC3L,TBC1D12,HELLS,CYP2C18,ENSG00000276490,CYP2C19,CYP2C9,CYP2C8,ACSM6,PDLIM1,SORBS1	0.011084300630730794	0.009572332791716839
chr10	93306429	96033745	MYOF,CEP55,FFAR4,RBP4,PDE6C,FRA10AC1,LGI1,SLC35G1,PLCE1,NOC3L,TBC1D12,HELLS,CYP2C18,ENSG00000276490,CYP2C19,CYP2C9,CYP2C8,ACSM6,PDLIM1,SORBS1,ALDH18A1,TCTN3,ENTPD1,ENSG00000270099,CC2D2B	0.010710269997578452	0.008567877213278775
chr10	93667883	96359365	FRA10AC1,LGI1,SLC35G1,PLCE1,NOC3L,TBC1D12,HELLS,CYP2C18,ENSG00000276490,CYP2C19,CYP2C9,CYP2C8,ACSM6,PDLIM1,SORBS1,ALDH18A1,TCTN3,ENTPD1,ENSG00000270099,CC2D2B,CCNJ,ZNF518A,BLNK,DNTT,OPALIN	0.007866315538145747	0.006958691055796256
chr10	94402541	97185959	TBC1D12,HELLS,CYP2C18,ENSG00000276490,CYP2C19,CYP2C9,CYP2C8,ACSM6,PDLIM1,SORBS1,ALDH18A1,TCTN3,ENTPD1,ENSG00000270099,CC2D2B,CCNJ,ZNF518A,BLNK,DNTT,OPALIN,TLL2,TM9SF3,PIK3AP1,LCOR,SLIT1	0.010428246806888888	0.00870971621012716
chr10	94938658	97426076	CYP2C9,CYP2C8,ACSM6,PDLIM1,SORBS1,ALDH18A1,TCTN3,ENTPD1,ENSG00000270099,CC2D2B,CCNJ,ZNF518A,BLNK,DNTT,OPALIN,TLL2,TM9SF3,PIK3AP1,LCOR,SLIT1,ARHGAP19-SLIT1,ARHGAP19,FRAT1,FRAT2,RRP12	0.01465517721012385	0.011653819618115978
chr10	95605941	97571206	ALDH18A1,TCTN3,ENTPD1,ENSG00000270099,CC2D2B,CCNJ,ZNF518A,BLNK,DNTT,OPALIN,TLL2,TM9SF3,PIK3AP1,LCOR,SLIT1,ARHGAP19-SLIT1,ARHGAP19,FRAT1,FRAT2,RRP12,PGAM1,EXOSC1,ZDHHC16,MMS19,UBTD1	0.021133842075378526	0.014638229230357845
chr10	96043394	97673910	CCNJ,ZNF518A,BLNK,DNTT,OPALIN,TLL2,TM9SF3,PIK3AP1,LCOR,SLIT1,ARHGAP19-SLIT1,ARHGAP19,FRAT1,FRAT2,RRP12,PGAM1,EXOSC1,ZDHHC16,MMS19,UBTD1,ANKRD2,HOGA1,ENSG00000249967,C10orf62,MORN4	0.018240344341924616	0.010105667775402912
chr10	96364608	97771999	TLL2,TM9SF3,PIK3AP1,LCOR,SLIT1,ARHGAP19-SLIT1,ARHGAP19,FRAT1,FRAT2,RRP12,PGAM1,EXOSC1,ZDHHC16,MMS19,UBTD1,ANKRD2,HOGA1,ENSG00000249967,C10orf62,MORN4,PI4K2A,AVPI1,MARVELD1,ZFYVE27,SFRP5	0.0142693673682943	0.01182623158883489
chr10	97153045	98415182	ARHGAP19-SLIT1,ARHGAP19,FRAT1,FRAT2,RRP12,PGAM1,EXOSC1,ZDHHC16,MMS19,UBTD1,ANKRD2,HOGA1,ENSG00000249967,C10orf62,MORN4,PI4K2A,AVPI1,MARVELD1,ZFYVE27,SFRP5,GOLGA7B,CRTAC1,R3HCC1L,LOXL4,PYROXD2	0.006009750606536688	0.00829609007254956
chr10	97426191	99536524	PGAM1,EXOSC1,ZDHHC16,MMS19,UBTD1,ANKRD2,HOGA1,ENSG00000249967,C10orf62,MORN4,PI4K2A,AVPI1,MARVELD1,ZFYVE27,SFRP5,GOLGA7B,CRTAC1,R3HCC1L,LOXL4,PYROXD2,HPS1,HPSE2,CNNM1,GOT1,NKX2-3	0.00546465595780506	0.007595519857215442
chr10	97572499	99756134	ANKRD2,HOGA1,ENSG00000249967,C10orf62,MORN4,PI4K2A,AVPI1,MARVELD1,ZFYVE27,SFRP5,GOLGA7B,CRTAC1,R3HCC1L,LOXL4,PYROXD2,HPS1,HPSE2,CNNM1,GOT1,NKX2-3,SLC25A28,ENSG00000285932,ENTPD7,CUTC,COX15	0.004726254847927547	0.006069420842602666
chr10	97640671	100229596	PI4K2A,AVPI1,MARVELD1,ZFYVE27,SFRP5,GOLGA7B,CRTAC1,R3HCC1L,LOXL4,PYROXD2,HPS1,HPSE2,CNNM1,GOT1,NKX2-3,SLC25A28,ENSG00000285932,ENTPD7,CUTC,COX15,ABCC2,DNMBP,CPN1,ERLIN1,CHUK	0.0061441657697721384	0.006633026209744202
chr10	97849843	100483744	GOLGA7B,CRTAC1,R3HCC1L,LOXL4,PYROXD2,HPS1,HPSE2,CNNM1,GOT1,NKX2-3,SLC25A28,ENSG00000285932,ENTPD7,CUTC,COX15,ABCC2,DNMBP,CPN1,ERLIN1,CHUK,CWF19L1,BLOC1S2,PKD2L1,SCD,WNT8B	0.007422382887662292	0.007037752863119241
chr10	98410939	100829944	HPS1,HPSE2,CNNM1,GOT1,NKX2-3,SLC25A28,ENSG00000285932,ENTPD7,CUTC,COX15,ABCC2,DNMBP,CPN1,ERLIN1,CHUK,CWF19L1,BLOC1S2,PKD2L1,SCD,WNT8B,SEC31B,ENSG00000255339,NDUFB8,HIF1AN,PAX2	0.0078833130799356	0.009594170906450164
chr10	99610519	101007836	SLC25A28,ENSG00000285932,ENTPD7,CUTC,COX15,ABCC2,DNMBP,CPN1,ERLIN1,CHUK,CWF19L1,BLOC1S2,PKD2L1,SCD,WNT8B,SEC31B,ENSG00000255339,NDUFB8,HIF1AN,PAX2,SLF2,MRPL43,SEMA4G,TWNK,LZTS2	0.00017742945969316586	0.0031638752292400584
chr10	99782640	101229463	ABCC2,DNMBP,CPN1,ERLIN1,CHUK,CWF19L1,BLOC1S2,PKD2L1,SCD,WNT8B,SEC31B,ENSG00000255339,NDUFB8,HIF1AN,PAX2,SLF2,MRPL43,SEMA4G,TWNK,LZTS2,PDZD7,SFXN3,KAZALD1,TLX1,LBX1	-0.0007249746339607499	0.003188562045136551
chr10	100232298	101780371	CWF19L1,BLOC1S2,PKD2L1,SCD,WNT8B,SEC31B,ENSG00000255339,NDUFB8,HIF1AN,PAX2,SLF2,MRPL43,SEMA4G,TWNK,LZTS2,PDZD7,SFXN3,KAZALD1,TLX1,LBX1,BTRC,DPCD,POLL,FBXW4,FGF8	0.008699555514982155	0.009722149013384468
chr10	100486646	102068036	SEC31B,ENSG00000255339,NDUFB8,HIF1AN,PAX2,SLF2,MRPL43,SEMA4G,TWNK,LZTS2,PDZD7,SFXN3,KAZALD1,TLX1,LBX1,BTRC,DPCD,POLL,FBXW4,FGF8,NPM3,OGA,KCNIP2,ARMH3,HPS6	0.009145944752083286	0.01049469904069619
chr10	100912963	102241512	SLF2,MRPL43,SEMA4G,TWNK,LZTS2,PDZD7,SFXN3,KAZALD1,TLX1,LBX1,BTRC,DPCD,POLL,FBXW4,FGF8,NPM3,OGA,KCNIP2,ARMH3,HPS6,LDB1,PPRC1,NOLC1,ELOVL3,PITX3	0.011650555407304948	0.011347377899588144
chr10	101007679	102432584	PDZD7,SFXN3,KAZALD1,TLX1,LBX1,BTRC,DPCD,POLL,FBXW4,FGF8,NPM3,OGA,KCNIP2,ARMH3,HPS6,LDB1,PPRC1,NOLC1,ELOVL3,PITX3,GBF1,NFKB2,PSD,FBXL15,CUEDC2	0.015396241555841536	0.014396225587954064
chr10	101354033	102658318	BTRC,DPCD,POLL,FBXW4,FGF8,NPM3,OGA,KCNIP2,ARMH3,HPS6,LDB1,PPRC1,NOLC1,ELOVL3,PITX3,GBF1,NFKB2,PSD,FBXL15,CUEDC2,C10orf95,MFSD13A,ACTR1A,SUFU,TRIM8	0.01160338530943071	0.013532500614608573
chr10	101781325	102864961	NPM3,OGA,KCNIP2,ARMH3,HPS6,LDB1,PPRC1,NOLC1,ELOVL3,PITX3,GBF1,NFKB2,PSD,FBXL15,CUEDC2,C10orf95,MFSD13A,ACTR1A,SUFU,TRIM8,ARL3,SFXN2,WBP1L,CYP17A1,BORCS7	0.0038768291253773795	0.010772218517049488
chr10	102106489	103277605	LDB1,PPRC1,NOLC1,ELOVL3,PITX3,GBF1,NFKB2,PSD,FBXL15,CUEDC2,C10orf95,MFSD13A,ACTR1A,SUFU,TRIM8,ARL3,SFXN2,WBP1L,CYP17A1,BORCS7,BORCS7-ASMT,AS3MT,CNNM2,NT5C2,RPEL1	-0.0035792286748480766	0.007870720771063398
chr10	102245371	103446294	GBF1,NFKB2,PSD,FBXL15,CUEDC2,C10orf95,MFSD13A,ACTR1A,SUFU,TRIM8,ARL3,SFXN2,WBP1L,CYP17A1,BORCS7,BORCS7-ASMT,AS3MT,CNNM2,NT5C2,RPEL1,INA,PCGF6,TAF5,ATP5MK,PDCD11	0.00034731572666821866	0.006554579566162424
chr10	102449837	103855584	C10orf95,MFSD13A,ACTR1A,SUFU,TRIM8,ARL3,SFXN2,WBP1L,CYP17A1,BORCS7,BORCS7-ASMT,AS3MT,CNNM2,NT5C2,RPEL1,INA,PCGF6,TAF5,ATP5MK,PDCD11,CALHM2,CALHM1,CALHM3,NEURL1,SH3PXD2A	0.00615204774643463	0.007582721935662819
chr10	102673731	104232364	ARL3,SFXN2,WBP1L,CYP17A1,BORCS7,BORCS7-ASMT,AS3MT,CNNM2,NT5C2,RPEL1,INA,PCGF6,TAF5,ATP5MK,PDCD11,CALHM2,CALHM1,CALHM3,NEURL1,SH3PXD2A,STN1,SLK,COL17A1,SFR1,CFAP43	0.0034210596723846247	0.0037450211273460515
chr10	102854272	105265242	BORCS7-ASMT,AS3MT,CNNM2,NT5C2,RPEL1,INA,PCGF6,TAF5,ATP5MK,PDCD11,CALHM2,CALHM1,CALHM3,NEURL1,SH3PXD2A,STN1,SLK,COL17A1,SFR1,CFAP43,GSTO1,GSTO2,ITPRIP,CFAP58,SORCS3	0.004318849093034312	0.008287561833872333
chr10	103277138	110304938	INA,PCGF6,TAF5,ATP5MK,PDCD11,CALHM2,CALHM1,CALHM3,NEURL1,SH3PXD2A,STN1,SLK,COL17A1,SFR1,CFAP43,GSTO1,GSTO2,ITPRIP,CFAP58,SORCS3,SORCS1,XPNPEP1,ADD3,MXI1,SMNDC1	0.005350146035004484	0.008779911803164014
chr10	103446786	110919201	CALHM2,CALHM1,CALHM3,NEURL1,SH3PXD2A,STN1,SLK,COL17A1,SFR1,CFAP43,GSTO1,GSTO2,ITPRIP,CFAP58,SORCS3,SORCS1,XPNPEP1,ADD3,MXI1,SMNDC1,DUSP5,SMC3,RBM20,PDCD4,BBIP1	0.006311784056303524	0.009811584397330764
chr10	103856806	112428379	STN1,SLK,COL17A1,SFR1,CFAP43,GSTO1,GSTO2,ITPRIP,CFAP58,SORCS3,SORCS1,XPNPEP1,ADD3,MXI1,SMNDC1,DUSP5,SMC3,RBM20,PDCD4,BBIP1,SHOC2,ADRA2A,GPAM,TECTB,ACSL5	0.006357273501947055	0.012249312457426735
chr10	104235356	113664070	GSTO1,GSTO2,ITPRIP,CFAP58,SORCS3,SORCS1,XPNPEP1,ADD3,MXI1,SMNDC1,DUSP5,SMC3,RBM20,PDCD4,BBIP1,SHOC2,ADRA2A,GPAM,TECTB,ACSL5,ZDHHC6,VTI1A,TCF7L2,HABP2,NRAP	0.0012578948253086934	0.008783645695536784
chr10	106573663	114046904	SORCS1,XPNPEP1,ADD3,MXI1,SMNDC1,DUSP5,SMC3,RBM20,PDCD4,BBIP1,SHOC2,ADRA2A,GPAM,TECTB,ACSL5,ZDHHC6,VTI1A,TCF7L2,HABP2,NRAP,CASP7,PLEKHS1,DCLRE1A,NHLRC2,ADRB1	0.009089984303891229	0.01482602081252194
chr10	110497907	114768061	DUSP5,SMC3,RBM20,PDCD4,BBIP1,SHOC2,ADRA2A,GPAM,TECTB,ACSL5,ZDHHC6,VTI1A,TCF7L2,HABP2,NRAP,CASP7,PLEKHS1,DCLRE1A,NHLRC2,ADRB1,CCDC186,TDRD1,VWA2,AFAP1L2,ABLIM1	0.0108372294900074	0.010834839730144421
chr10	110919367	116477957	SHOC2,ADRA2A,GPAM,TECTB,ACSL5,ZDHHC6,VTI1A,TCF7L2,HABP2,NRAP,CASP7,PLEKHS1,DCLRE1A,NHLRC2,ADRB1,CCDC186,TDRD1,VWA2,AFAP1L2,ABLIM1,TRUB1,ATRNL1,GFRA1,CCDC172,PNLIPRP3	0.009833611636401852	0.00814098770458975
chr10	112424428	116911788	ZDHHC6,VTI1A,TCF7L2,HABP2,NRAP,CASP7,PLEKHS1,DCLRE1A,NHLRC2,ADRB1,CCDC186,TDRD1,VWA2,AFAP1L2,ABLIM1,TRUB1,ATRNL1,GFRA1,CCDC172,PNLIPRP3,PNLIP,PNLIPRP1,C10orf82,HSPA12A,ENO4	0.00896129797552271	0.007515234557756449
chr10	113679162	117375440	CASP7,PLEKHS1,DCLRE1A,NHLRC2,ADRB1,CCDC186,TDRD1,VWA2,AFAP1L2,ABLIM1,TRUB1,ATRNL1,GFRA1,CCDC172,PNLIPRP3,PNLIP,PNLIPRP1,C10orf82,HSPA12A,ENO4,SHTN1,VAX1,KCNK18,SLC18A2,PDZD8	0.006596540882163223	0.005769292336358801
chr10	114120862	118755249	CCDC186,TDRD1,VWA2,AFAP1L2,ABLIM1,TRUB1,ATRNL1,GFRA1,CCDC172,PNLIPRP3,PNLIP,PNLIPRP1,C10orf82,HSPA12A,ENO4,SHTN1,VAX1,KCNK18,SLC18A2,PDZD8,EMX2,RAB11FIP2,FAM204A,PRLHR,CACUL1	0.005800264902912337	0.007028566988398941
chr10	114938195	119178812	TRUB1,ATRNL1,GFRA1,CCDC172,PNLIPRP3,PNLIP,PNLIPRP1,C10orf82,HSPA12A,ENO4,SHTN1,VAX1,KCNK18,SLC18A2,PDZD8,EMX2,RAB11FIP2,FAM204A,PRLHR,CACUL1,NANOS1,EIF3A,DENND10,SFXN4,PRDX3	0.011259475321480463	0.012168394265403447
chr10	116545931	119829147	PNLIP,PNLIPRP1,C10orf82,HSPA12A,ENO4,SHTN1,VAX1,KCNK18,SLC18A2,PDZD8,EMX2,RAB11FIP2,FAM204A,PRLHR,CACUL1,NANOS1,EIF3A,DENND10,SFXN4,PRDX3,GRK5,RGS10,TIAL1,BAG3,INPP5F	0.016851985196518218	0.010799427370213577
chr10	116881477	121598458	SHTN1,VAX1,KCNK18,SLC18A2,PDZD8,EMX2,RAB11FIP2,FAM204A,PRLHR,CACUL1,NANOS1,EIF3A,DENND10,SFXN4,PRDX3,GRK5,RGS10,TIAL1,BAG3,INPP5F,MCMBP,SEC23IP,PLPP4,WDR11,FGFR2	0.017499776068101373	0.009074501762196218
chr10	117542445	122432354	EMX2,RAB11FIP2,FAM204A,PRLHR,CACUL1,NANOS1,EIF3A,DENND10,SFXN4,PRDX3,GRK5,RGS10,TIAL1,BAG3,INPP5F,MCMBP,SEC23IP,PLPP4,WDR11,FGFR2,ATE1,NSMCE4A,TACC2,BTBD16,PLEKHA1	0.016199913794785952	0.01006343602579681
chr10	119029714	122846175	NANOS1,EIF3A,DENND10,SFXN4,PRDX3,GRK5,RGS10,TIAL1,BAG3,INPP5F,MCMBP,SEC23IP,PLPP4,WDR11,FGFR2,ATE1,NSMCE4A,TACC2,BTBD16,PLEKHA1,ARMS2,HTRA1,DMBT1,C10orf120,CUZD1	0.01796244517986333	0.014769707000726879
chr10	119207571	122997513	GRK5,RGS10,TIAL1,BAG3,INPP5F,MCMBP,SEC23IP,PLPP4,WDR11,FGFR2,ATE1,NSMCE4A,TACC2,BTBD16,PLEKHA1,ARMS2,HTRA1,DMBT1,C10orf120,CUZD1,ENSG00000286088,FAM24B,FAM24A,C10orf88,PSTK	0.018459521513273392	0.01590045726190969
chr10	119829404	123170467	MCMBP,SEC23IP,PLPP4,WDR11,FGFR2,ATE1,NSMCE4A,TACC2,BTBD16,PLEKHA1,ARMS2,HTRA1,DMBT1,C10orf120,CUZD1,ENSG00000286088,FAM24B,FAM24A,C10orf88,PSTK,IKZF5,ACADSB,HMX3,HMX2,BUB3	0.008049918694975663	0.005325987590289751
chr10	121709393	124450035	ATE1,NSMCE4A,TACC2,BTBD16,PLEKHA1,ARMS2,HTRA1,DMBT1,C10orf120,CUZD1,ENSG00000286088,FAM24B,FAM24A,C10orf88,PSTK,IKZF5,ACADSB,HMX3,HMX2,BUB3,GPR26,CPXM2,CHST15,OAT,NKX1-2	0.0060776266599985385	0.0051170299315727264
chr10	122454653	124836667	ARMS2,HTRA1,DMBT1,C10orf120,CUZD1,ENSG00000286088,FAM24B,FAM24A,C10orf88,PSTK,IKZF5,ACADSB,HMX3,HMX2,BUB3,GPR26,CPXM2,CHST15,OAT,NKX1-2,LHPP,ENSG00000258539,FAM53B,EEF1AKMT2,ABRAXAS2	0.007662527772388906	0.008048937615734214
chr10	122832167	125775821	ENSG00000286088,FAM24B,FAM24A,C10orf88,PSTK,IKZF5,ACADSB,HMX3,HMX2,BUB3,GPR26,CPXM2,CHST15,OAT,NKX1-2,LHPP,ENSG00000258539,FAM53B,EEF1AKMT2,ABRAXAS2,ZRANB1,CTBP2,TEX36,EDRF1,MMP21	0.009672231417455443	0.010025078987479355
chr10	122990807	126388477	IKZF5,ACADSB,HMX3,HMX2,BUB3,GPR26,CPXM2,CHST15,OAT,NKX1-2,LHPP,ENSG00000258539,FAM53B,EEF1AKMT2,ABRAXAS2,ZRANB1,CTBP2,TEX36,EDRF1,MMP21,UROS,BCCIP,DHX32,FANK1,ADAM12	0.01536876225283629	0.014392214089880227
chr10	123666355	127741183	GPR26,CPXM2,CHST15,OAT,NKX1-2,LHPP,ENSG00000258539,FAM53B,EEF1AKMT2,ABRAXAS2,ZRANB1,CTBP2,TEX36,EDRF1,MMP21,UROS,BCCIP,DHX32,FANK1,ADAM12,C10orf90,DOCK1,INSYN2A,NPS,FOXI2	0.018635254462471124	0.017261281880270676
chr10	124461823	129973053	LHPP,ENSG00000258539,FAM53B,EEF1AKMT2,ABRAXAS2,ZRANB1,CTBP2,TEX36,EDRF1,MMP21,UROS,BCCIP,DHX32,FANK1,ADAM12,C10orf90,DOCK1,INSYN2A,NPS,FOXI2,CLRN3,PTPRE,MKI67,MGMT,EBF3	0.01293129924797421	0.01259371835802344
chr10	124942123	131981967	ZRANB1,CTBP2,TEX36,EDRF1,MMP21,UROS,BCCIP,DHX32,FANK1,ADAM12,C10orf90,DOCK1,INSYN2A,NPS,FOXI2,CLRN3,PTPRE,MKI67,MGMT,EBF3,C10orf143,GLRX3,TCERG1L,PPP2R2D,BNIP3	0.005847756781155959	0.004539676240340254
chr10	125784980	132417859	UROS,BCCIP,DHX32,FANK1,ADAM12,C10orf90,DOCK1,INSYN2A,NPS,FOXI2,CLRN3,PTPRE,MKI67,MGMT,EBF3,C10orf143,GLRX3,TCERG1L,PPP2R2D,BNIP3,JAKMIP3,DPYSL4,STK32C,LRRC27,PWWP2B	0.016490948469763057	0.012672942352016535
chr10	126424997	133226412	C10orf90,DOCK1,INSYN2A,NPS,FOXI2,CLRN3,PTPRE,MKI67,MGMT,EBF3,C10orf143,GLRX3,TCERG1L,PPP2R2D,BNIP3,JAKMIP3,DPYSL4,STK32C,LRRC27,PWWP2B,INPP5A,NKX6-2,CFAP46,ADGRA1,KNDC1	0.019619625960242904	0.010484074313966134
chr10	127877841	133318823	CLRN3,PTPRE,MKI67,MGMT,EBF3,C10orf143,GLRX3,TCERG1L,PPP2R2D,BNIP3,JAKMIP3,DPYSL4,STK32C,LRRC27,PWWP2B,INPP5A,NKX6-2,CFAP46,ADGRA1,KNDC1,UTF1,VENTX,ADAM8,TUBGCP2,ZNF511	0.0193803348900239	0.011604086397136514
chr10	130020025	133373354	C10orf143,GLRX3,TCERG1L,PPP2R2D,BNIP3,JAKMIP3,DPYSL4,STK32C,LRRC27,PWWP2B,INPP5A,NKX6-2,CFAP46,ADGRA1,KNDC1,UTF1,VENTX,ADAM8,TUBGCP2,ZNF511,ZNF511-PRAP1,CALY,PRAP1,FUOM,ECHS1	0.010535156051690652	0.010806850271182533
chr10	132036336	133523558	JAKMIP3,DPYSL4,STK32C,LRRC27,PWWP2B,INPP5A,NKX6-2,CFAP46,ADGRA1,KNDC1,UTF1,VENTX,ADAM8,TUBGCP2,ZNF511,ZNF511-PRAP1,CALY,PRAP1,FUOM,ECHS1,PAOX,ENSG00000254536,MTG1,SPRN,SCART1	0.010567189481994444	0.012312558846806047
chr11	167784	615983	BET1L,SCGB1C1,ODF3,RIC8A,SIRT3,PSMD13,NLRP6,PGGHG,IFITM5,IFITM2,ENSG00000288681,IFITM1,IFITM3,B4GALNT4,PKP3,SIGIRR,ANO9,PTDSS2,RNH1,HRAS,LRRC56,LMNTD2,RASSF7,PHRF1,IRF7	0.007197388909673278	0.013370543029366591
chr11	236966	727727	PSMD13,NLRP6,PGGHG,IFITM5,IFITM2,ENSG00000288681,IFITM1,IFITM3,B4GALNT4,PKP3,SIGIRR,ANO9,PTDSS2,RNH1,HRAS,LRRC56,LMNTD2,RASSF7,PHRF1,IRF7,CDHR5,SCT,DRD4,DEAF1,EPS8L2	0.003096847304796328	0.013063494651491725
chr11	308408	798281	ENSG00000288681,IFITM1,IFITM3,B4GALNT4,PKP3,SIGIRR,ANO9,PTDSS2,RNH1,HRAS,LRRC56,LMNTD2,RASSF7,PHRF1,IRF7,CDHR5,SCT,DRD4,DEAF1,EPS8L2,TMEM80,TALDO1,GATD1,CEND1,SLC25A22	0.00424538227619605	0.011110277868565766
chr11	405716	839831	SIGIRR,ANO9,PTDSS2,RNH1,HRAS,LRRC56,LMNTD2,RASSF7,PHRF1,IRF7,CDHR5,SCT,DRD4,DEAF1,EPS8L2,TMEM80,TALDO1,GATD1,CEND1,SLC25A22,PIDD1,RPLP2,PNPLA2,CRACR2B,CD151	0.004416514651503046	0.009081388604897508
chr11	537527	1036718	LRRC56,LMNTD2,RASSF7,PHRF1,IRF7,CDHR5,SCT,DRD4,DEAF1,EPS8L2,TMEM80,TALDO1,GATD1,CEND1,SLC25A22,PIDD1,RPLP2,PNPLA2,CRACR2B,CD151,POLR2L,TSPAN4,CHID1,AP2A2,MUC6	0.0007551846032620391	0.006574952848015156
chr11	616577	1462689	CDHR5,SCT,DRD4,DEAF1,EPS8L2,TMEM80,TALDO1,GATD1,CEND1,SLC25A22,PIDD1,RPLP2,PNPLA2,CRACR2B,CD151,POLR2L,TSPAN4,CHID1,AP2A2,MUC6,MUC2,MUC5AC,MUC5B,TOLLIP,BRSK2	0.004029233101701695	0.006020250189745245
chr11	695591	1608463	TMEM80,TALDO1,GATD1,CEND1,SLC25A22,PIDD1,RPLP2,PNPLA2,CRACR2B,CD151,POLR2L,TSPAN4,CHID1,AP2A2,MUC6,MUC2,MUC5AC,MUC5B,TOLLIP,BRSK2,MOB2,DUSP8,KRTAP5-1,KRTAP5-2,KRTAP5-3	0.0029530124441061196	0.010580432502143262
chr11	799179	1763954	PIDD1,RPLP2,PNPLA2,CRACR2B,CD151,POLR2L,TSPAN4,CHID1,AP2A2,MUC6,MUC2,MUC5AC,MUC5B,TOLLIP,BRSK2,MOB2,DUSP8,KRTAP5-1,KRTAP5-2,KRTAP5-3,KRTAP5-4,KRTAP5-5,KRTAP5-6,IFITM10,ENSG00000250644	0.005963569809362094	0.014204341040705951
chr11	837356	1892267	POLR2L,TSPAN4,CHID1,AP2A2,MUC6,MUC2,MUC5AC,MUC5B,TOLLIP,BRSK2,MOB2,DUSP8,KRTAP5-1,KRTAP5-2,KRTAP5-3,KRTAP5-4,KRTAP5-5,KRTAP5-6,IFITM10,ENSG00000250644,CTSD,SYT8,TNNI2,LSP1,PRR33	0.007708032170211958	0.011813405868596218
chr11	1074875	2161209	MUC2,MUC5AC,MUC5B,TOLLIP,BRSK2,MOB2,DUSP8,KRTAP5-1,KRTAP5-2,KRTAP5-3,KRTAP5-4,KRTAP5-5,KRTAP5-6,IFITM10,ENSG00000250644,CTSD,SYT8,TNNI2,LSP1,PRR33,TNNT3,MRPL23,IGF2,ENSG00000284779,INS-IGF2	0.003165801242749866	0.0036290664872991292
chr11	1469457	2318204	MOB2,DUSP8,KRTAP5-1,KRTAP5-2,KRTAP5-3,KRTAP5-4,KRTAP5-5,KRTAP5-6,IFITM10,ENSG00000250644,CTSD,SYT8,TNNI2,LSP1,PRR33,TNNT3,MRPL23,IGF2,ENSG00000284779,INS-IGF2,INS,TH,ASCL2,C11orf21,TSPAN32	0.003283805588834641	0.004244087722594115
chr11	1620958	2885775	KRTAP5-4,KRTAP5-5,KRTAP5-6,IFITM10,ENSG00000250644,CTSD,SYT8,TNNI2,LSP1,PRR33,TNNT3,MRPL23,IGF2,ENSG00000284779,INS-IGF2,INS,TH,ASCL2,C11orf21,TSPAN32,CD81,TSSC4,TRPM5,KCNQ1,CDKN1C	0.0031685394531996273	0.005911151349829977
chr11	1752752	3166739	CTSD,SYT8,TNNI2,LSP1,PRR33,TNNT3,MRPL23,IGF2,ENSG00000284779,INS-IGF2,INS,TH,ASCL2,C11orf21,TSPAN32,CD81,TSSC4,TRPM5,KCNQ1,CDKN1C,SLC22A18,PHLDA2,NAP1L4,CARS1,OSBPL5	0.005144067111885967	0.007449339255588613
chr11	1919703	3664416	TNNT3,MRPL23,IGF2,ENSG00000284779,INS-IGF2,INS,TH,ASCL2,C11orf21,TSPAN32,CD81,TSSC4,TRPM5,KCNQ1,CDKN1C,SLC22A18,PHLDA2,NAP1L4,CARS1,OSBPL5,MRGPRG,MRGPRE,ZNF195,ART5,ART1	0.007631472743683752	0.008233500023157864
chr11	2159779	4093210	INS,TH,ASCL2,C11orf21,TSPAN32,CD81,TSSC4,TRPM5,KCNQ1,CDKN1C,SLC22A18,PHLDA2,NAP1L4,CARS1,OSBPL5,MRGPRG,MRGPRE,ZNF195,ART5,ART1,CHRNA10,NUP98,PGAP2,RHOG,STIM1	0.01378807567937196	0.012152909588246209
chr11	2376177	4493497	CD81,TSSC4,TRPM5,KCNQ1,CDKN1C,SLC22A18,PHLDA2,NAP1L4,CARS1,OSBPL5,MRGPRG,MRGPRE,ZNF195,ART5,ART1,CHRNA10,NUP98,PGAP2,RHOG,STIM1,RRM1,OR52B4,TRIM21,OR52K2,OR52K1	0.014191166625888993	0.013127801116341074
chr11	2899721	4643060	SLC22A18,PHLDA2,NAP1L4,CARS1,OSBPL5,MRGPRG,MRGPRE,ZNF195,ART5,ART1,CHRNA10,NUP98,PGAP2,RHOG,STIM1,RRM1,OR52B4,TRIM21,OR52K2,OR52K1,OR52M1,OR52I2,OR52I1,TRIM68,OR51D1	0.008604344618364101	0.00966637185415733
chr11	3217944	4992431	MRGPRG,MRGPRE,ZNF195,ART5,ART1,CHRNA10,NUP98,PGAP2,RHOG,STIM1,RRM1,OR52B4,TRIM21,OR52K2,OR52K1,OR52M1,OR52I2,OR52I1,TRIM68,OR51D1,OR51E1,OR51E2,OR51C1P,MMP26,OR51F1	0.004351119732102161	0.004526476430255647
chr11	3665587	4992431	CHRNA10,NUP98,PGAP2,RHOG,STIM1,RRM1,OR52B4,TRIM21,OR52K2,OR52K1,OR52M1,OR52I2,OR52I1,TRIM68,OR51D1,OR51E1,OR51E2,OR51C1P,MMP26,OR51F1,OR52R1,OR51F2,OR51S1,OR51T1,OR51A7	0.001125474143390194	0.0011105960736686354
chr11	4094707	5005536	RRM1,OR52B4,TRIM21,OR52K2,OR52K1,OR52M1,OR52I2,OR52I1,TRIM68,OR51D1,OR51E1,OR51E2,OR51C1P,MMP26,OR51F1,OR52R1,OR51F2,OR51S1,OR51T1,OR51A7,OR51G2,OR51G1,OR51A4,OR51A2,OR51L1	0.00017908816041545893	0.0001312229966406341
chr11	4545191	5200682	OR52M1,OR52I2,OR52I1,TRIM68,OR51D1,OR51E1,OR51E2,OR51C1P,MMP26,OR51F1,OR52R1,OR51F2,OR51S1,OR51T1,OR51A7,OR51G2,OR51G1,OR51A4,OR51A2,OR51L1,OR52J3,OR52E2,OR52A5,OR52A1,OR51V1	5.0883227706941594e-05	0.0
chr11	4643420	5505605	OR51E1,OR51E2,OR51C1P,MMP26,OR51F1,OR52R1,OR51F2,OR51S1,OR51T1,OR51A7,OR51G2,OR51G1,OR51A4,OR51A2,OR51L1,OR52J3,OR52E2,OR52A5,OR52A1,OR51V1,HBB,HBD,HBG1,ENSG00000284931,HBG2	0.0	0.0
chr11	4803433	5678434	OR52R1,OR51F2,OR51S1,OR51T1,OR51A7,OR51G2,OR51G1,OR51A4,OR51A2,OR51L1,OR52J3,OR52E2,OR52A5,OR52A1,OR51V1,HBB,HBD,HBG1,ENSG00000284931,HBG2,ENSG00000239920,HBE1,OR51B4,OR51B5,OR51B2	7.854083364449004e-05	2.1683321577541948e-05
chr11	4912588	5678434	OR51G2,OR51G1,OR51A4,OR51A2,OR51L1,OR52J3,OR52E2,OR52A5,OR52A1,OR51V1,HBB,HBD,HBG1,ENSG00000284931,HBG2,ENSG00000239920,HBE1,OR51B4,OR51B5,OR51B2,OR51B6,OR51M1,OR51Q1,OR51I1,OR51I2	0.00014259375626905497	3.253802361407062e-05
chr11	5046526	5678434	OR52J3,OR52E2,OR52A5,OR52A1,OR51V1,HBB,HBD,HBG1,ENSG00000284931,HBG2,ENSG00000239920,HBE1,OR51B4,OR51B5,OR51B2,OR51B6,OR51M1,OR51Q1,OR51I1,OR51I2,OR52D1,UBQLN3,UBQLNL,OR52H1,OR52B6	0.00018651598817833747	5.047716184981793e-05
chr11	5225464	5938619	HBB,HBD,HBG1,ENSG00000284931,HBG2,ENSG00000239920,HBE1,OR51B4,OR51B5,OR51B2,OR51B6,OR51M1,OR51Q1,OR51I1,OR51I2,OR52D1,UBQLN3,UBQLNL,OR52H1,OR52B6,TRIM6,TRIM6-TRIM34,TRIM34,TRIM5,TRIM22	0.00014296426315635492	4.283274419869819e-05
chr11	5254392	5938619	ENSG00000239920,HBE1,OR51B4,OR51B5,OR51B2,OR51B6,OR51M1,OR51Q1,OR51I1,OR51I2,OR52D1,UBQLN3,UBQLNL,OR52H1,OR52B6,TRIM6,TRIM6-TRIM34,TRIM34,TRIM5,TRIM22,OR56B1,OR52N4,OR56B2P,OR52N5,OR52N1	0.00020613636655474502	0.00020113514217487752
chr11	5351508	5938619	OR51B6,OR51M1,OR51Q1,OR51I1,OR51I2,OR52D1,UBQLN3,UBQLNL,OR52H1,OR52B6,TRIM6,TRIM6-TRIM34,TRIM34,TRIM5,TRIM22,OR56B1,OR52N4,OR56B2P,OR52N5,OR52N1,OR52N2,OR52E6,OR52E8,OR52E4,OR52E5	0.0006483091723254355	0.0004952836540386504
chr11	5488685	6034338	OR52D1,UBQLN3,UBQLNL,OR52H1,OR52B6,TRIM6,TRIM6-TRIM34,TRIM34,TRIM5,TRIM22,OR56B1,OR52N4,OR56B2P,OR52N5,OR52N1,OR52N2,OR52E6,OR52E8,OR52E4,OR52E5,OR56A3,OR56A5,OR52L1,OR56A4,OR56A1	0.00038435432038287333	0.0002717836890806372
chr11	5596109	6244479	TRIM6,TRIM6-TRIM34,TRIM34,TRIM5,TRIM22,OR56B1,OR52N4,OR56B2P,OR52N5,OR52N1,OR52N2,OR52E6,OR52E8,OR52E4,OR52E5,OR56A3,OR56A5,OR52L1,OR56A4,OR56A1,OR56B4,OR52B2,OR52W1,C11orf42,CNGA4	5.174544354629677e-05	6.609539452119593e-05
chr11	5736448	6442617	OR56B1,OR52N4,OR56B2P,OR52N5,OR52N1,OR52N2,OR52E6,OR52E8,OR52E4,OR52E5,OR56A3,OR56A5,OR52L1,OR56A4,OR56A1,OR56B4,OR52B2,OR52W1,C11orf42,CNGA4,CCKBR,CAVIN3,SMPD1,APBB1,HPX	7.261761561043516e-05	4.717813515927828e-05
chr11	5808924	6593758	OR52N2,OR52E6,OR52E8,OR52E4,OR52E5,OR56A3,OR56A5,OR52L1,OR56A4,OR56A1,OR56B4,OR52B2,OR52W1,C11orf42,CNGA4,CCKBR,CAVIN3,SMPD1,APBB1,HPX,TRIM3,ARFIP2,ENSG00000283977,TIMM10B,DNHD1	0.001555176561812989	0.0013085081323745687
chr11	5938751	6655809	OR56A3,OR56A5,OR52L1,OR56A4,OR56A1,OR56B4,OR52B2,OR52W1,C11orf42,CNGA4,CCKBR,CAVIN3,SMPD1,APBB1,HPX,TRIM3,ARFIP2,ENSG00000283977,TIMM10B,DNHD1,RRP8,ILK,TAF10,TPP1,DCHS1	0.008113823834280606	0.008448718045615785
chr11	6107684	6846636	OR56B4,OR52B2,OR52W1,C11orf42,CNGA4,CCKBR,CAVIN3,SMPD1,APBB1,HPX,TRIM3,ARFIP2,ENSG00000283977,TIMM10B,DNHD1,RRP8,ILK,TAF10,TPP1,DCHS1,MRPL17,OR2AG2,OR2AG1,OR6A2,OR10A5	0.016454539685589284	0.014627833719234732
chr11	6259806	7001004	CCKBR,CAVIN3,SMPD1,APBB1,HPX,TRIM3,ARFIP2,ENSG00000283977,TIMM10B,DNHD1,RRP8,ILK,TAF10,TPP1,DCHS1,MRPL17,OR2AG2,OR2AG1,OR6A2,OR10A5,OR10A2,OR10A4,OR2D2,OR2D3,ZNF215	0.022021631237872763	0.01713367154397471
chr11	6448613	7511377	TRIM3,ARFIP2,ENSG00000283977,TIMM10B,DNHD1,RRP8,ILK,TAF10,TPP1,DCHS1,MRPL17,OR2AG2,OR2AG1,OR6A2,OR10A5,OR10A2,OR10A4,OR2D2,OR2D3,ZNF215,ZNF214,NLRP14,RBMXL2,SYT9,OLFML1	0.011004454430283033	0.008357404169745843
chr11	6595072	7830840	RRP8,ILK,TAF10,TPP1,DCHS1,MRPL17,OR2AG2,OR2AG1,OR6A2,OR10A5,OR10A2,OR10A4,OR2D2,OR2D3,ZNF215,ZNF214,NLRP14,RBMXL2,SYT9,OLFML1,PPFIBP2,CYB5R2,OVCH2,OR5P2,OR5P3	0.0019034813247840552	0.0012585031599024097
chr11	6680385	8106243	MRPL17,OR2AG2,OR2AG1,OR6A2,OR10A5,OR10A2,OR10A4,OR2D2,OR2D3,ZNF215,ZNF214,NLRP14,RBMXL2,SYT9,OLFML1,PPFIBP2,CYB5R2,OVCH2,OR5P2,OR5P3,OR10A6,OR10A3,NLRP10,EIF3F,TUB	0.0008440498867220355	0.0007584351447570813
chr11	6863057	8714759	OR10A2,OR10A4,OR2D2,OR2D3,ZNF215,ZNF214,NLRP14,RBMXL2,SYT9,OLFML1,PPFIBP2,CYB5R2,OVCH2,OR5P2,OR5P3,OR10A6,OR10A3,NLRP10,EIF3F,TUB,RIC3,LMO1,STK33,TRIM66,RPL27A	0.002850251568562113	0.0025897403025189345
chr11	6997085	8965011	ZNF214,NLRP14,RBMXL2,SYT9,OLFML1,PPFIBP2,CYB5R2,OVCH2,OR5P2,OR5P3,OR10A6,OR10A3,NLRP10,EIF3F,TUB,RIC3,LMO1,STK33,TRIM66,RPL27A,DENND2B,AKIP1,C11orf16,ASCL3,TMEM9B	0.0209605555353521	0.008687532087679
chr11	7513298	9448127	PPFIBP2,CYB5R2,OVCH2,OR5P2,OR5P3,OR10A6,OR10A3,NLRP10,EIF3F,TUB,RIC3,LMO1,STK33,TRIM66,RPL27A,DENND2B,AKIP1,C11orf16,ASCL3,TMEM9B,NRIP3,SCUBE2,DENND5A,TMEM41B,IPO7	0.024361275994302437	0.00482668439945742
chr11	7924592	10307397	OR10A6,OR10A3,NLRP10,EIF3F,TUB,RIC3,LMO1,STK33,TRIM66,RPL27A,DENND2B,AKIP1,C11orf16,ASCL3,TMEM9B,NRIP3,SCUBE2,DENND5A,TMEM41B,IPO7,ZNF143,WEE1,SWAP70,SBF2,ADM	0.02187354090604388	0.005832457734630733
chr11	8106056	10801625	RIC3,LMO1,STK33,TRIM66,RPL27A,DENND2B,AKIP1,C11orf16,ASCL3,TMEM9B,NRIP3,SCUBE2,DENND5A,TMEM41B,IPO7,ZNF143,WEE1,SWAP70,SBF2,ADM,AMPD3,RNF141,LYVE1,IRAG1,CTR9	0.024643211676453433	0.01527285557662577
chr11	8693351	11961887	DENND2B,AKIP1,C11orf16,ASCL3,TMEM9B,NRIP3,SCUBE2,DENND5A,TMEM41B,IPO7,ZNF143,WEE1,SWAP70,SBF2,ADM,AMPD3,RNF141,LYVE1,IRAG1,CTR9,EIF4G2,ZBED5,GALNT18,CSNK2A3,USP47	0.021852520545423682	0.015240288988160086
chr11	8965682	13012119	NRIP3,SCUBE2,DENND5A,TMEM41B,IPO7,ZNF143,WEE1,SWAP70,SBF2,ADM,AMPD3,RNF141,LYVE1,IRAG1,CTR9,EIF4G2,ZBED5,GALNT18,CSNK2A3,USP47,DKK3,MICAL2,PARVA,TEAD1,RASSF10	0.012322876612818431	0.007718505540940467
chr11	9460319	14364506	ZNF143,WEE1,SWAP70,SBF2,ADM,AMPD3,RNF141,LYVE1,IRAG1,CTR9,EIF4G2,ZBED5,GALNT18,CSNK2A3,USP47,DKK3,MICAL2,PARVA,TEAD1,RASSF10,BTBD10,PTH,FAR1,SPON1,RRAS2	0.00950948369803098	0.00664225055269596
chr11	10308313	14892231	AMPD3,RNF141,LYVE1,IRAG1,CTR9,EIF4G2,ZBED5,GALNT18,CSNK2A3,USP47,DKK3,MICAL2,PARVA,TEAD1,RASSF10,BTBD10,PTH,FAR1,SPON1,RRAS2,COPB1,ENSG00000256206,PSMA1,PDE3B,CYP2R1	0.012787795955131737	0.012225071417851846
chr11	10797050	16758340	EIF4G2,ZBED5,GALNT18,CSNK2A3,USP47,DKK3,MICAL2,PARVA,TEAD1,RASSF10,BTBD10,PTH,FAR1,SPON1,RRAS2,COPB1,ENSG00000256206,PSMA1,PDE3B,CYP2R1,CALCB,CALCA,INSC,SOX6,C11orf58	0.013189942493468944	0.013623410001473761
chr11	11956207	17377341	DKK3,MICAL2,PARVA,TEAD1,RASSF10,BTBD10,PTH,FAR1,SPON1,RRAS2,COPB1,ENSG00000256206,PSMA1,PDE3B,CYP2R1,CALCB,CALCA,INSC,SOX6,C11orf58,PLEKHA7,RPS13,PIK3C2A,NUCB2,NCR3LG1	0.008922364627320127	0.00886895858555738
chr11	13388008	17722136	BTBD10,PTH,FAR1,SPON1,RRAS2,COPB1,ENSG00000256206,PSMA1,PDE3B,CYP2R1,CALCB,CALCA,INSC,SOX6,C11orf58,PLEKHA7,RPS13,PIK3C2A,NUCB2,NCR3LG1,KCNJ11,ABCC8,USH1C,OTOG,MYOD1	0.004392947263823142	0.004509593676528224
chr11	14443440	18138488	COPB1,ENSG00000256206,PSMA1,PDE3B,CYP2R1,CALCB,CALCA,INSC,SOX6,C11orf58,PLEKHA7,RPS13,PIK3C2A,NUCB2,NCR3LG1,KCNJ11,ABCC8,USH1C,OTOG,MYOD1,KCNC1,SERGEF,TPH1,SAAL1,MRGPRX3	0.0029534598949614347	0.006344010199060898
chr11	14904997	18269977	CALCB,CALCA,INSC,SOX6,C11orf58,PLEKHA7,RPS13,PIK3C2A,NUCB2,NCR3LG1,KCNJ11,ABCC8,USH1C,OTOG,MYOD1,KCNC1,SERGEF,TPH1,SAAL1,MRGPRX3,MRGPRX4,SAA4,SAA2-SAA4,SAA2,SAA1	0.0032736333491302128	0.007128647064130566
chr11	16777297	18479601	PLEKHA7,RPS13,PIK3C2A,NUCB2,NCR3LG1,KCNJ11,ABCC8,USH1C,OTOG,MYOD1,KCNC1,SERGEF,TPH1,SAAL1,MRGPRX3,MRGPRX4,SAA4,SAA2-SAA4,SAA2,SAA1,HPS5,GTF2H1,LDHA,LDHC,LDHAL6A	0.006030225423309028	0.00709939537266277
chr11	17365172	18726230	KCNJ11,ABCC8,USH1C,OTOG,MYOD1,KCNC1,SERGEF,TPH1,SAAL1,MRGPRX3,MRGPRX4,SAA4,SAA2-SAA4,SAA2,SAA1,HPS5,GTF2H1,LDHA,LDHC,LDHAL6A,TSG101,UEVLD,SPTY2D1,TMEM86A,IGSF22	0.007564427024830391	0.005570566912665656
chr11	17734774	19210571	KCNC1,SERGEF,TPH1,SAAL1,MRGPRX3,MRGPRX4,SAA4,SAA2-SAA4,SAA2,SAA1,HPS5,GTF2H1,LDHA,LDHC,LDHAL6A,TSG101,UEVLD,SPTY2D1,TMEM86A,IGSF22,PTPN5,MRGPRX1,MRGPRX2,ZDHHC13,CSRP3	0.018476947060467225	0.012752185097939212
chr11	18172837	20509338	MRGPRX4,SAA4,SAA2-SAA4,SAA2,SAA1,HPS5,GTF2H1,LDHA,LDHC,LDHAL6A,TSG101,UEVLD,SPTY2D1,TMEM86A,IGSF22,PTPN5,MRGPRX1,MRGPRX2,ZDHHC13,CSRP3,E2F8,NAV2,DBX1,HTATIP2,PRMT3	0.012289460022856125	0.010567384008397098
chr11	18278668	22625823	HPS5,GTF2H1,LDHA,LDHC,LDHAL6A,TSG101,UEVLD,SPTY2D1,TMEM86A,IGSF22,PTPN5,MRGPRX1,MRGPRX2,ZDHHC13,CSRP3,E2F8,NAV2,DBX1,HTATIP2,PRMT3,SLC6A5,NELL1,ANO5,SLC17A6,FANCF	0.0049142542162188925	0.0056853468697870045
chr11	18468336	26663289	TSG101,UEVLD,SPTY2D1,TMEM86A,IGSF22,PTPN5,MRGPRX1,MRGPRX2,ZDHHC13,CSRP3,E2F8,NAV2,DBX1,HTATIP2,PRMT3,SLC6A5,NELL1,ANO5,SLC17A6,FANCF,GAS2,SVIP,CCDC179,LUZP2,ANO3	0.006020822937919958	0.005305038190251497
chr11	18727928	27363234	PTPN5,MRGPRX1,MRGPRX2,ZDHHC13,CSRP3,E2F8,NAV2,DBX1,HTATIP2,PRMT3,SLC6A5,NELL1,ANO5,SLC17A6,FANCF,GAS2,SVIP,CCDC179,LUZP2,ANO3,MUC15,SLC5A12,FIBIN,BBOX1,CCDC34	0.010493142854702018	0.00722432774487604
chr11	19224063	28527041	E2F8,NAV2,DBX1,HTATIP2,PRMT3,SLC6A5,NELL1,ANO5,SLC17A6,FANCF,GAS2,SVIP,CCDC179,LUZP2,ANO3,MUC15,SLC5A12,FIBIN,BBOX1,CCDC34,LGR4,LIN7C,BDNF,KIF18A,METTL15	0.00882542298244156	0.005962216757952826
chr11	20599594	31369810	SLC6A5,NELL1,ANO5,SLC17A6,FANCF,GAS2,SVIP,CCDC179,LUZP2,ANO3,MUC15,SLC5A12,FIBIN,BBOX1,CCDC34,LGR4,LIN7C,BDNF,KIF18A,METTL15,KCNA4,FSHB,ARL14EP,MPPED2,DCDC1	0.0065458609899853035	0.005857864383553905
chr11	22625509	32104665	GAS2,SVIP,CCDC179,LUZP2,ANO3,MUC15,SLC5A12,FIBIN,BBOX1,CCDC34,LGR4,LIN7C,BDNF,KIF18A,METTL15,KCNA4,FSHB,ARL14EP,MPPED2,DCDC1,DNAJC24,IMMP1L,ELP4,PAX6,ENSG00000285283	0.01055383482353214	0.011905695347537338
chr11	26559032	32858120	MUC15,SLC5A12,FIBIN,BBOX1,CCDC34,LGR4,LIN7C,BDNF,KIF18A,METTL15,KCNA4,FSHB,ARL14EP,MPPED2,DCDC1,DNAJC24,IMMP1L,ELP4,PAX6,ENSG00000285283,RCN1,WT1,EIF3M,CCDC73,PRRG4	0.017906753968724494	0.017968666112328297
chr11	27365961	33357023	LGR4,LIN7C,BDNF,KIF18A,METTL15,KCNA4,FSHB,ARL14EP,MPPED2,DCDC1,DNAJC24,IMMP1L,ELP4,PAX6,ENSG00000285283,RCN1,WT1,EIF3M,CCDC73,PRRG4,QSER1,DEPDC7,TCP11L1,CSTF3,HIPK3	0.026451800537700177	0.02047529511285722
chr11	30009730	33774543	KCNA4,FSHB,ARL14EP,MPPED2,DCDC1,DNAJC24,IMMP1L,ELP4,PAX6,ENSG00000285283,RCN1,WT1,EIF3M,CCDC73,PRRG4,QSER1,DEPDC7,TCP11L1,CSTF3,HIPK3,KIAA1549L,C11orf91,ENSG00000284969,CD59,FBXO3	0.02393719666822077	0.01818229300447054
chr11	31369840	34472060	DNAJC24,IMMP1L,ELP4,PAX6,ENSG00000285283,RCN1,WT1,EIF3M,CCDC73,PRRG4,QSER1,DEPDC7,TCP11L1,CSTF3,HIPK3,KIAA1549L,C11orf91,ENSG00000284969,CD59,FBXO3,LMO2,CAPRIN1,NAT10,ABTB2,CAT	0.016959387411019548	0.015118009836366589
chr11	32091074	35232402	RCN1,WT1,EIF3M,CCDC73,PRRG4,QSER1,DEPDC7,TCP11L1,CSTF3,HIPK3,KIAA1549L,C11orf91,ENSG00000284969,CD59,FBXO3,LMO2,CAPRIN1,NAT10,ABTB2,CAT,ELF5,EHF,APIP,PDHX,CD44	0.015652828898891885	0.013533098967504546
chr11	32892811	36232136	QSER1,DEPDC7,TCP11L1,CSTF3,HIPK3,KIAA1549L,C11orf91,ENSG00000284969,CD59,FBXO3,LMO2,CAPRIN1,NAT10,ABTB2,CAT,ELF5,EHF,APIP,PDHX,CD44,SLC1A2,PAMR1,FJX1,TRIM44,LDLRAD3	0.015673139521100946	0.013238872578316208
chr11	33376108	36598279	KIAA1549L,C11orf91,ENSG00000284969,CD59,FBXO3,LMO2,CAPRIN1,NAT10,ABTB2,CAT,ELF5,EHF,APIP,PDHX,CD44,SLC1A2,PAMR1,FJX1,TRIM44,LDLRAD3,COMMD9,PRR5L,TRAF6,RAG1,RAG2	0.014147763441663077	0.010692683282814107
chr11	33858576	43856617	LMO2,CAPRIN1,NAT10,ABTB2,CAT,ELF5,EHF,APIP,PDHX,CD44,SLC1A2,PAMR1,FJX1,TRIM44,LDLRAD3,COMMD9,PRR5L,TRAF6,RAG1,RAG2,IFTAP,LRRC4C,API5,TTC17,HSD17B12	0.01589724006782732	0.007904643480106388
chr11	34478791	44251962	ELF5,EHF,APIP,PDHX,CD44,SLC1A2,PAMR1,FJX1,TRIM44,LDLRAD3,COMMD9,PRR5L,TRAF6,RAG1,RAG2,IFTAP,LRRC4C,API5,TTC17,HSD17B12,ALKBH3,C11orf96,ACCSL,ACCS,EXT2	0.013950199437262233	0.009934922719614282
chr11	35251205	45235110	SLC1A2,PAMR1,FJX1,TRIM44,LDLRAD3,COMMD9,PRR5L,TRAF6,RAG1,RAG2,IFTAP,LRRC4C,API5,TTC17,HSD17B12,ALKBH3,C11orf96,ACCSL,ACCS,EXT2,ALX4,CD82,TSPAN18,TP53I11,PRDM11	0.009817931252454589	0.01321785042229606
chr11	36269284	45906465	COMMD9,PRR5L,TRAF6,RAG1,RAG2,IFTAP,LRRC4C,API5,TTC17,HSD17B12,ALKBH3,C11orf96,ACCSL,ACCS,EXT2,ALX4,CD82,TSPAN18,TP53I11,PRDM11,SYT13,CHST1,SLC35C1,CRY2,MAPK8IP1	0.001906933068411017	0.011997723560740615
chr11	36594369	46380554	IFTAP,LRRC4C,API5,TTC17,HSD17B12,ALKBH3,C11orf96,ACCSL,ACCS,EXT2,ALX4,CD82,TSPAN18,TP53I11,PRDM11,SYT13,CHST1,SLC35C1,CRY2,MAPK8IP1,PEX16,LARGE2,PHF21A,CREB3L1,DGKZ	0.002856518510719111	0.01341245839930322
chr11	43880811	46674818	ALKBH3,C11orf96,ACCSL,ACCS,EXT2,ALX4,CD82,TSPAN18,TP53I11,PRDM11,SYT13,CHST1,SLC35C1,CRY2,MAPK8IP1,PEX16,LARGE2,PHF21A,CREB3L1,DGKZ,MDK,CHRM4,AMBRA1,HARBI1,ATG13	0.010375824219545748	0.01473641848920393
chr11	44260440	46918642	ALX4,CD82,TSPAN18,TP53I11,PRDM11,SYT13,CHST1,SLC35C1,CRY2,MAPK8IP1,PEX16,LARGE2,PHF21A,CREB3L1,DGKZ,MDK,CHRM4,AMBRA1,HARBI1,ATG13,ARHGAP1,ZNF408,F2,CKAP5,LRP4	0.016530685928977284	0.014561468101690372
chr11	45240302	47269033	SYT13,CHST1,SLC35C1,CRY2,MAPK8IP1,PEX16,LARGE2,PHF21A,CREB3L1,DGKZ,MDK,CHRM4,AMBRA1,HARBI1,ATG13,ARHGAP1,ZNF408,F2,CKAP5,LRP4,ARFGAP2,PACSIN3,DDB2,ACP2,NR1H3	0.016520783899587898	0.013106125261642438
chr11	45909663	47426473	PEX16,LARGE2,PHF21A,CREB3L1,DGKZ,MDK,CHRM4,AMBRA1,HARBI1,ATG13,ARHGAP1,ZNF408,F2,CKAP5,LRP4,ARFGAP2,PACSIN3,DDB2,ACP2,NR1H3,MADD,MYBPC3,SPI1,SLC39A13,PSMC3	0.01347523088174425	0.015249198048792108
chr11	46380756	47584562	MDK,CHRM4,AMBRA1,HARBI1,ATG13,ARHGAP1,ZNF408,F2,CKAP5,LRP4,ARFGAP2,PACSIN3,DDB2,ACP2,NR1H3,MADD,MYBPC3,SPI1,SLC39A13,PSMC3,RAPSN,CELF1,NDUFS3,PTPMT1,KBTBD4	0.010378113946096182	0.01337158501031761
chr11	46677080	47767443	ARHGAP1,ZNF408,F2,CKAP5,LRP4,ARFGAP2,PACSIN3,DDB2,ACP2,NR1H3,MADD,MYBPC3,SPI1,SLC39A13,PSMC3,RAPSN,CELF1,NDUFS3,PTPMT1,KBTBD4,FAM180B,C1QTNF4,MTCH2,AGBL2,FNBP4	0.005634052195694691	0.01080000558722375
chr11	47164299	48264778	ARFGAP2,PACSIN3,DDB2,ACP2,NR1H3,MADD,MYBPC3,SPI1,SLC39A13,PSMC3,RAPSN,CELF1,NDUFS3,PTPMT1,KBTBD4,FAM180B,C1QTNF4,MTCH2,AGBL2,FNBP4,NUP160,PTPRJ,OR4B1,OR4X2,OR4X1	0.0023761738683101704	0.007692435672590179
chr11	47269161	49038451	MADD,MYBPC3,SPI1,SLC39A13,PSMC3,RAPSN,CELF1,NDUFS3,PTPMT1,KBTBD4,FAM180B,C1QTNF4,MTCH2,AGBL2,FNBP4,NUP160,PTPRJ,OR4B1,OR4X2,OR4X1,OR4S1,OR4C3,OR4C5,OR4A47,TRIM49B	0.005998607151435642	0.01010959525660677
chr11	47437764	54603998	RAPSN,CELF1,NDUFS3,PTPMT1,KBTBD4,FAM180B,C1QTNF4,MTCH2,AGBL2,FNBP4,NUP160,PTPRJ,OR4B1,OR4X2,OR4X1,OR4S1,OR4C3,OR4C5,OR4A47,TRIM49B,TRIM64C,FOLH1,OR4C13,OR4C12,OR4C46	0.009802247839985442	0.010299627259175137
chr11	47586678	55555419	FAM180B,C1QTNF4,MTCH2,AGBL2,FNBP4,NUP160,PTPRJ,OR4B1,OR4X2,OR4X1,OR4S1,OR4C3,OR4C5,OR4A47,TRIM49B,TRIM64C,FOLH1,OR4C13,OR4C12,OR4C46,OR4A5,TRIM48,OR4A16,OR4A15,OR4C15	0.0027082371669478037	0.0011702495456205422
chr11	47778087	55666195	NUP160,PTPRJ,OR4B1,OR4X2,OR4X1,OR4S1,OR4C3,OR4C5,OR4A47,TRIM49B,TRIM64C,FOLH1,OR4C13,OR4C12,OR4C46,OR4A5,TRIM48,OR4A16,OR4A15,OR4C15,OR4C16,OR4C11,OR4P4,OR4S2,OR4C6	8.990853983256983e-05	2.8841058118819924e-05
chr11	48306223	55820571	OR4S1,OR4C3,OR4C5,OR4A47,TRIM49B,TRIM64C,FOLH1,OR4C13,OR4C12,OR4C46,OR4A5,TRIM48,OR4A16,OR4A15,OR4C15,OR4C16,OR4C11,OR4P4,OR4S2,OR4C6,OR5D3P,OR5D13,OR5D14,OR5L1,OR5D18	0.0	1.883069859106733e-05
chr11	49053714	55936400	TRIM64C,FOLH1,OR4C13,OR4C12,OR4C46,OR4A5,TRIM48,OR4A16,OR4A15,OR4C15,OR4C16,OR4C11,OR4P4,OR4S2,OR4C6,OR5D3P,OR5D13,OR5D14,OR5L1,OR5D18,OR5L2,OR5D16,TRIM51,OR5W2,OR5I1	0.0	0.0
chr11	54706832	56107658	OR4A5,TRIM48,OR4A16,OR4A15,OR4C15,OR4C16,OR4C11,OR4P4,OR4S2,OR4C6,OR5D3P,OR5D13,OR5D14,OR5L1,OR5D18,OR5L2,OR5D16,TRIM51,OR5W2,OR5I1,OR10AG1,OR5F1,OR5AS1,OR8I2,OR8H2	0.0	0.0
chr11	55572128	56234255	OR4C16,OR4C11,OR4P4,OR4S2,OR4C6,OR5D3P,OR5D13,OR5D14,OR5L1,OR5D18,OR5L2,OR5D16,TRIM51,OR5W2,OR5I1,OR10AG1,OR5F1,OR5AS1,OR8I2,OR8H2,OR8H3,OR8J3,OR8K5,OR5J2,OR5T2	0.0	0.0
chr11	55723776	56346998	OR5D3P,OR5D13,OR5D14,OR5L1,OR5D18,OR5L2,OR5D16,TRIM51,OR5W2,OR5I1,OR10AG1,OR5F1,OR5AS1,OR8I2,OR8H2,OR8H3,OR8J3,OR8K5,OR5J2,OR5T2,OR5T3,OR5T1,OR8H1,OR8K3,OR8K1	0.0	0.0
chr11	55827219	56473352	OR5L2,OR5D16,TRIM51,OR5W2,OR5I1,OR10AG1,OR5F1,OR5AS1,OR8I2,OR8H2,OR8H3,OR8J3,OR8K5,OR5J2,OR5T2,OR5T3,OR5T1,OR8H1,OR8K3,OR8K1,OR8J1,OR8U1,OR8U3,ENSG00000284732,OR5M9	0.0	0.0
chr11	55965755	56614874	OR10AG1,OR5F1,OR5AS1,OR8I2,OR8H2,OR8H3,OR8J3,OR8K5,OR5J2,OR5T2,OR5T3,OR5T1,OR8H1,OR8K3,OR8K1,OR8J1,OR8U1,OR8U3,ENSG00000284732,OR5M9,OR5M3,OR5M8,OR5M11,OR5M10,OR5M1	0.0	0.0
chr11	56122373	56989843	OR8H3,OR8J3,OR8K5,OR5J2,OR5T2,OR5T3,OR5T1,OR8H1,OR8K3,OR8K1,OR8J1,OR8U1,OR8U3,ENSG00000284732,OR5M9,OR5M3,OR5M8,OR5M11,OR5M10,OR5M1,OR5AP2,OR5AR1,OR9G1,OR9G4,OR5AK2	0.0	0.0
chr11	56252254	57372396	OR5T3,OR5T1,OR8H1,OR8K3,OR8K1,OR8J1,OR8U1,OR8U3,ENSG00000284732,OR5M9,OR5M3,OR5M8,OR5M11,OR5M10,OR5M1,OR5AP2,OR5AR1,OR9G1,OR9G4,OR5AK2,LRRC55,APLNR,TNKS1BP1,SSRP1,P2RX3	0.00016376479354997402	0.00030577784723459045
chr11	56354291	57477534	OR8J1,OR8U1,OR8U3,ENSG00000284732,OR5M9,OR5M3,OR5M8,OR5M11,OR5M10,OR5M1,OR5AP2,OR5AR1,OR9G1,OR9G4,OR5AK2,LRRC55,APLNR,TNKS1BP1,SSRP1,P2RX3,PRG3,PRG2,ENSG00000254979,SLC43A3,RTN4RL2	0.002150226905484627	0.002572775755793757
chr11	56469274	57619171	OR5M3,OR5M8,OR5M11,OR5M10,OR5M1,OR5AP2,OR5AR1,OR9G1,OR9G4,OR5AK2,LRRC55,APLNR,TNKS1BP1,SSRP1,P2RX3,PRG3,PRG2,ENSG00000254979,SLC43A3,RTN4RL2,SLC43A1,TIMM10,SMTNL1,UBE2L6,SERPING1	0.007570698794109383	0.00871487914381906
chr11	56641489	57818431	OR5AP2,OR5AR1,OR9G1,OR9G4,OR5AK2,LRRC55,APLNR,TNKS1BP1,SSRP1,P2RX3,PRG3,PRG2,ENSG00000254979,SLC43A3,RTN4RL2,SLC43A1,TIMM10,SMTNL1,UBE2L6,SERPING1,YPEL4,CLP1,ZDHHC5,MED19,ENSG00000288534	0.006981879170725549	0.008400920896077916
chr11	57181747	57819546	LRRC55,APLNR,TNKS1BP1,SSRP1,P2RX3,PRG3,PRG2,ENSG00000254979,SLC43A3,RTN4RL2,SLC43A1,TIMM10,SMTNL1,UBE2L6,SERPING1,YPEL4,CLP1,ZDHHC5,MED19,ENSG00000288534,TMX2,SELENOH,ENSG00000254732,BTBD18,CTNND1	0.011172565265450792	0.014473707444180712
chr11	57376769	58204142	PRG3,PRG2,ENSG00000254979,SLC43A3,RTN4RL2,SLC43A1,TIMM10,SMTNL1,UBE2L6,SERPING1,YPEL4,CLP1,ZDHHC5,MED19,ENSG00000288534,TMX2,SELENOH,ENSG00000254732,BTBD18,CTNND1,OR9Q1,OR6Q1,OR9I1,OR9Q2,OR1S2	0.011306872085305966	0.014197523141631734
chr11	57484534	58406874	SLC43A1,TIMM10,SMTNL1,UBE2L6,SERPING1,YPEL4,CLP1,ZDHHC5,MED19,ENSG00000288534,TMX2,SELENOH,ENSG00000254732,BTBD18,CTNND1,OR9Q1,OR6Q1,OR9I1,OR9Q2,OR1S2,OR1S1,OR10Q1,OR10W1,OR5B17,OR5B3	0.012804596876997157	0.013449929849178238
chr11	57645087	58621550	YPEL4,CLP1,ZDHHC5,MED19,ENSG00000288534,TMX2,SELENOH,ENSG00000254732,BTBD18,CTNND1,OR9Q1,OR6Q1,OR9I1,OR9Q2,OR1S2,OR1S1,OR10Q1,OR10W1,OR5B17,OR5B3,OR5B2,OR5B12,OR5B21,LPXN,ZFP91	0.004335189565253622	0.003662859186819841
chr11	57712593	59043527	TMX2,SELENOH,ENSG00000254732,BTBD18,CTNND1,OR9Q1,OR6Q1,OR9I1,OR9Q2,OR1S2,OR1S1,OR10Q1,OR10W1,OR5B17,OR5B3,OR5B2,OR5B12,OR5B21,LPXN,ZFP91,ZFP91-CNTF,CNTF,GLYAT,GLYATL2,GLYATL1	0.0014136780388412933	0.0006798729382168358
chr11	58023881	59212927	OR9Q1,OR6Q1,OR9I1,OR9Q2,OR1S2,OR1S1,OR10Q1,OR10W1,OR5B17,OR5B3,OR5B2,OR5B12,OR5B21,LPXN,ZFP91,ZFP91-CNTF,CNTF,GLYAT,GLYATL2,GLYATL1,GLYATL1B,FAM111B,FAM111A,DTX4,MPEG1	0.0022661113265484726	0.0015977939724854352
chr11	58212720	59479361	OR1S1,OR10Q1,OR10W1,OR5B17,OR5B3,OR5B2,OR5B12,OR5B21,LPXN,ZFP91,ZFP91-CNTF,CNTF,GLYAT,GLYATL2,GLYATL1,GLYATL1B,FAM111B,FAM111A,DTX4,MPEG1,OR5AN1,OR5A2,OR5A1,OR4D6,OR4D10	0.0034013258487426484	0.0020705960635963366
chr11	58421238	59713845	OR5B2,OR5B12,OR5B21,LPXN,ZFP91,ZFP91-CNTF,CNTF,GLYAT,GLYATL2,GLYATL1,GLYATL1B,FAM111B,FAM111A,DTX4,MPEG1,OR5AN1,OR5A2,OR5A1,OR4D6,OR4D10,OR4D11,OR4D9,OSBP,PATL1,OR10V1	0.004364421778059696	0.0029270182064734715
chr11	58579172	59896483	ZFP91-CNTF,CNTF,GLYAT,GLYATL2,GLYATL1,GLYATL1B,FAM111B,FAM111A,DTX4,MPEG1,OR5AN1,OR5A2,OR5A1,OR4D6,OR4D10,OR4D11,OR4D9,OSBP,PATL1,OR10V1,STX3,MRPL16,CBLIF,TCN1,OOSP3	0.0036687633895507083	0.0023836218372939883
chr11	59086307	60071115	GLYATL1B,FAM111B,FAM111A,DTX4,MPEG1,OR5AN1,OR5A2,OR5A1,OR4D6,OR4D10,OR4D11,OR4D9,OSBP,PATL1,OR10V1,STX3,MRPL16,CBLIF,TCN1,OOSP3,OOSP1,OOSP4A,OOSP4B,OOSP2,MS4A3	0.006830894894233091	0.0067953187061321205
chr11	59358895	60396596	OR5AN1,OR5A2,OR5A1,OR4D6,OR4D10,OR4D11,OR4D9,OSBP,PATL1,OR10V1,STX3,MRPL16,CBLIF,TCN1,OOSP3,OOSP1,OOSP4A,OOSP4B,OOSP2,MS4A3,MS4A2,MS4A6A,MS4A4A,MS4A4E,MS4A6E	0.004638681635964621	0.006191340079486631
chr11	59503576	60507430	OR4D11,OR4D9,OSBP,PATL1,OR10V1,STX3,MRPL16,CBLIF,TCN1,OOSP3,OOSP1,OOSP4A,OOSP4B,OOSP2,MS4A3,MS4A2,MS4A6A,MS4A4A,MS4A4E,MS4A6E,MS4A7,MS4A14,MS4A5,MS4A1,MS4A12	0.0007489229516320457	0.0008367946585291475
chr11	59713456	60801305	STX3,MRPL16,CBLIF,TCN1,OOSP3,OOSP1,OOSP4A,OOSP4B,OOSP2,MS4A3,MS4A2,MS4A6A,MS4A4A,MS4A4E,MS4A6E,MS4A7,MS4A14,MS4A5,MS4A1,MS4A12,MS4A13,MS4A8,MS4A18,MS4A15,MS4A10	8.948493841346147e-05	2.9832900320071694e-05
chr11	59938432	60923443	OOSP1,OOSP4A,OOSP4B,OOSP2,MS4A3,MS4A2,MS4A6A,MS4A4A,MS4A4E,MS4A6E,MS4A7,MS4A14,MS4A5,MS4A1,MS4A12,MS4A13,MS4A8,MS4A18,MS4A15,MS4A10,CCDC86,PTGDR2,ZP1,PRPF19,TMEM109	0.00012783650812546042	2.1058582207046365e-05
chr11	60088261	61161615	MS4A2,MS4A6A,MS4A4A,MS4A4E,MS4A6E,MS4A7,MS4A14,MS4A5,MS4A1,MS4A12,MS4A13,MS4A8,MS4A18,MS4A15,MS4A10,CCDC86,PTGDR2,ZP1,PRPF19,TMEM109,TMEM132A,SLC15A3,CD6,CD5,VPS37C	0.0019025837366960906	0.0014723934364466388
chr11	60378485	61342596	MS4A7,MS4A14,MS4A5,MS4A1,MS4A12,MS4A13,MS4A8,MS4A18,MS4A15,MS4A10,CCDC86,PTGDR2,ZP1,PRPF19,TMEM109,TMEM132A,SLC15A3,CD6,CD5,VPS37C,PGA3,PGA4,PGA5,VWCE,DDB1	0.008302520677745001	0.007374738864364407
chr11	60515392	61430031	MS4A13,MS4A8,MS4A18,MS4A15,MS4A10,CCDC86,PTGDR2,ZP1,PRPF19,TMEM109,TMEM132A,SLC15A3,CD6,CD5,VPS37C,PGA3,PGA4,PGA5,VWCE,DDB1,TKFC,CYB561A3,TMEM138,TMEM216,CPSF7	0.009485773494530265	0.008756716083373008
chr11	60842113	61581148	CCDC86,PTGDR2,ZP1,PRPF19,TMEM109,TMEM132A,SLC15A3,CD6,CD5,VPS37C,PGA3,PGA4,PGA5,VWCE,DDB1,TKFC,CYB561A3,TMEM138,TMEM216,CPSF7,ENSG00000256591,SDHAF2,PPP1R32,LRRC10B,SYT7	0.0076901018131774026	0.008175508048761443
chr11	60924460	61867354	TMEM132A,SLC15A3,CD6,CD5,VPS37C,PGA3,PGA4,PGA5,VWCE,DDB1,TKFC,CYB561A3,TMEM138,TMEM216,CPSF7,ENSG00000256591,SDHAF2,PPP1R32,LRRC10B,SYT7,DAGLA,MYRF,TMEM258,FEN1,FADS2	0.01053048949700068	0.011823029045534889
chr11	61203307	61967634	PGA3,PGA4,PGA5,VWCE,DDB1,TKFC,CYB561A3,TMEM138,TMEM216,CPSF7,ENSG00000256591,SDHAF2,PPP1R32,LRRC10B,SYT7,DAGLA,MYRF,TMEM258,FEN1,FADS2,FADS1,FADS3,RAB3IL1,BEST1,FTH1	0.009367441405359557	0.011678150531454413
chr11	61333220	62273160	TKFC,CYB561A3,TMEM138,TMEM216,CPSF7,ENSG00000256591,SDHAF2,PPP1R32,LRRC10B,SYT7,DAGLA,MYRF,TMEM258,FEN1,FADS2,FADS1,FADS3,RAB3IL1,BEST1,FTH1,INCENP,SCGB1D1,SCGB2A1,SCGB1D2,SCGB2A2	-0.0034400841857012425	0.006874001902551448
chr11	61429220	62574086	ENSG00000256591,SDHAF2,PPP1R32,LRRC10B,SYT7,DAGLA,MYRF,TMEM258,FEN1,FADS2,FADS1,FADS3,RAB3IL1,BEST1,FTH1,INCENP,SCGB1D1,SCGB2A1,SCGB1D2,SCGB2A2,SCGB1D4,ASRGL1,SCGB1A1,AHNAK,EEF1G	-0.01324632177057405	0.00671162504998409
chr11	61680391	62615116	DAGLA,MYRF,TMEM258,FEN1,FADS2,FADS1,FADS3,RAB3IL1,BEST1,FTH1,INCENP,SCGB1D1,SCGB2A1,SCGB1D2,SCGB2A2,SCGB1D4,ASRGL1,SCGB1A1,AHNAK,EEF1G,ENSG00000255508,TUT1,MTA2,EML3,ROM1	-0.0066189131023314	0.0036923615691219973
chr11	61799627	62665210	FADS1,FADS3,RAB3IL1,BEST1,FTH1,INCENP,SCGB1D1,SCGB2A1,SCGB1D2,SCGB2A2,SCGB1D4,ASRGL1,SCGB1A1,AHNAK,EEF1G,ENSG00000255508,TUT1,MTA2,EML3,ROM1,B3GAT3,GANAB,INTS5,ENSG00000255432,C11orf98	0.005141723128603151	0.00904943513953505
chr11	62123998	62689530	INCENP,SCGB1D1,SCGB2A1,SCGB1D2,SCGB2A2,SCGB1D4,ASRGL1,SCGB1A1,AHNAK,EEF1G,ENSG00000255508,TUT1,MTA2,EML3,ROM1,B3GAT3,GANAB,INTS5,ENSG00000255432,C11orf98,LBHD1,CSKMT,UQCC3,UBXN1,LRRN4CL	0.009165158648362027	0.010679561883906204
chr11	62296281	62740293	SCGB1D4,ASRGL1,SCGB1A1,AHNAK,EEF1G,ENSG00000255508,TUT1,MTA2,EML3,ROM1,B3GAT3,GANAB,INTS5,ENSG00000255432,C11orf98,LBHD1,CSKMT,UQCC3,UBXN1,LRRN4CL,BSCL2,HNRNPUL2-BSCL2,GNG3,HNRNPUL2,TTC9C	0.010393921615164293	0.012581048759129144
chr11	62559603	62792006	ENSG00000255508,TUT1,MTA2,EML3,ROM1,B3GAT3,GANAB,INTS5,ENSG00000255432,C11orf98,LBHD1,CSKMT,UQCC3,UBXN1,LRRN4CL,BSCL2,HNRNPUL2-BSCL2,GNG3,HNRNPUL2,TTC9C,ZBTB3,POLR2G,TAF6L,TMEM223,TMEM179B	0.006730455300948132	0.008134581020774835
chr11	62615296	62888880	B3GAT3,GANAB,INTS5,ENSG00000255432,C11orf98,LBHD1,CSKMT,UQCC3,UBXN1,LRRN4CL,BSCL2,HNRNPUL2-BSCL2,GNG3,HNRNPUL2,TTC9C,ZBTB3,POLR2G,TAF6L,TMEM223,TMEM179B,NXF1,STX5,TEX54,WDR74,SLC3A2	0.006862678981116781	0.010190556268301626
chr11	62662817	63243599	LBHD1,CSKMT,UQCC3,UBXN1,LRRN4CL,BSCL2,HNRNPUL2-BSCL2,GNG3,HNRNPUL2,TTC9C,ZBTB3,POLR2G,TAF6L,TMEM223,TMEM179B,NXF1,STX5,TEX54,WDR74,SLC3A2,CHRM1,SLC22A6,SLC22A8,SLC22A24,SLC22A25	0.014735893155183342	0.014598683008932724
chr11	62689289	63546462	BSCL2,HNRNPUL2-BSCL2,GNG3,HNRNPUL2,TTC9C,ZBTB3,POLR2G,TAF6L,TMEM223,TMEM179B,NXF1,STX5,TEX54,WDR74,SLC3A2,CHRM1,SLC22A6,SLC22A8,SLC22A24,SLC22A25,SLC22A10,SLC22A9,PLAAT5,LGALS12,PLAAT4	0.019065346730265383	0.01725040525540468
chr11	62748319	63827716	ZBTB3,POLR2G,TAF6L,TMEM223,TMEM179B,NXF1,STX5,TEX54,WDR74,SLC3A2,CHRM1,SLC22A6,SLC22A8,SLC22A24,SLC22A25,SLC22A10,SLC22A9,PLAAT5,LGALS12,PLAAT4,PLAAT2,PLAAT3,ATL3,RTN3,SPINDOC	0.010005480486260694	0.009189294739381846
chr11	62792123	64001811	NXF1,STX5,TEX54,WDR74,SLC3A2,CHRM1,SLC22A6,SLC22A8,SLC22A24,SLC22A25,SLC22A10,SLC22A9,PLAAT5,LGALS12,PLAAT4,PLAAT2,PLAAT3,ATL3,RTN3,SPINDOC,MARK2,RCOR2,NAA40,COX8A,OTUB1	0.0029088543442752695	0.003254785252999228
chr11	62908679	64226254	CHRM1,SLC22A6,SLC22A8,SLC22A24,SLC22A25,SLC22A10,SLC22A9,PLAAT5,LGALS12,PLAAT4,PLAAT2,PLAAT3,ATL3,RTN3,SPINDOC,MARK2,RCOR2,NAA40,COX8A,OTUB1,MACROD1,FLRT1,STIP1,FERMT3,TRPT1	-0.004597863633923729	0.0029026466067606583
chr11	63268022	64244132	SLC22A10,SLC22A9,PLAAT5,LGALS12,PLAAT4,PLAAT2,PLAAT3,ATL3,RTN3,SPINDOC,MARK2,RCOR2,NAA40,COX8A,OTUB1,MACROD1,FLRT1,STIP1,FERMT3,TRPT1,NUDT22,DNAJC4,VEGFB,FKBP2,ENSG00000286264	-0.006627206704748096	0.0053071961593864625
chr11	63552770	64300031	PLAAT2,PLAAT3,ATL3,RTN3,SPINDOC,MARK2,RCOR2,NAA40,COX8A,OTUB1,MACROD1,FLRT1,STIP1,FERMT3,TRPT1,NUDT22,DNAJC4,VEGFB,FKBP2,ENSG00000286264,PPP1R14B,PLCB3,BAD,GPR137,KCNK4	-0.015943472850626233	0.007478787697283482
chr11	63838928	64357534	MARK2,RCOR2,NAA40,COX8A,OTUB1,MACROD1,FLRT1,STIP1,FERMT3,TRPT1,NUDT22,DNAJC4,VEGFB,FKBP2,ENSG00000286264,PPP1R14B,PLCB3,BAD,GPR137,KCNK4,CATSPERZ,ESRRA,TRMT112,PRDX5,CCDC88B	-0.023133125813644875	0.006862120056218092
chr11	63998558	64745456	MACROD1,FLRT1,STIP1,FERMT3,TRPT1,NUDT22,DNAJC4,VEGFB,FKBP2,ENSG00000286264,PPP1R14B,PLCB3,BAD,GPR137,KCNK4,CATSPERZ,ESRRA,TRMT112,PRDX5,CCDC88B,RPS6KA4,SLC22A11,SLC22A12,NRXN2,RASGRP2	-0.02484011333649061	0.0030730524621231546
chr11	64225941	64844653	NUDT22,DNAJC4,VEGFB,FKBP2,ENSG00000286264,PPP1R14B,PLCB3,BAD,GPR137,KCNK4,CATSPERZ,ESRRA,TRMT112,PRDX5,CCDC88B,RPS6KA4,SLC22A11,SLC22A12,NRXN2,RASGRP2,PYGM,SF1,MAP4K2,MEN1,CDC42BPG	-0.010841998574060268	0.002479699328013891
chr11	64244479	64972108	PPP1R14B,PLCB3,BAD,GPR137,KCNK4,CATSPERZ,ESRRA,TRMT112,PRDX5,CCDC88B,RPS6KA4,SLC22A11,SLC22A12,NRXN2,RASGRP2,PYGM,SF1,MAP4K2,MEN1,CDC42BPG,EHD1,ATG2A,PPP2R5B,GPHA2,MAJIN	0.004178144603850973	0.004557388416073582
chr11	64300358	65044828	CATSPERZ,ESRRA,TRMT112,PRDX5,CCDC88B,RPS6KA4,SLC22A11,SLC22A12,NRXN2,RASGRP2,PYGM,SF1,MAP4K2,MEN1,CDC42BPG,EHD1,ATG2A,PPP2R5B,GPHA2,MAJIN,BATF2,ARL2,ARL2-SNX15,SNX15,SAC3D1	0.014970111876924881	0.012500079975987058
chr11	64359148	65111862	RPS6KA4,SLC22A11,SLC22A12,NRXN2,RASGRP2,PYGM,SF1,MAP4K2,MEN1,CDC42BPG,EHD1,ATG2A,PPP2R5B,GPHA2,MAJIN,BATF2,ARL2,ARL2-SNX15,SNX15,SAC3D1,NAALADL1,CDCA5,ZFPL1,TMEM262,VPS51	0.012522512982146402	0.011920670187931963
chr11	64746389	65134532	PYGM,SF1,MAP4K2,MEN1,CDC42BPG,EHD1,ATG2A,PPP2R5B,GPHA2,MAJIN,BATF2,ARL2,ARL2-SNX15,SNX15,SAC3D1,NAALADL1,CDCA5,ZFPL1,TMEM262,VPS51,TM7SF2,ZNHIT2,FAU,SYVN1,MRPL49	0.010656469591268255	0.013196452582637772
chr11	64851642	65326543	EHD1,ATG2A,PPP2R5B,GPHA2,MAJIN,BATF2,ARL2,ARL2-SNX15,SNX15,SAC3D1,NAALADL1,CDCA5,ZFPL1,TMEM262,VPS51,TM7SF2,ZNHIT2,FAU,SYVN1,MRPL49,SPDYC,CAPN1,POLA2,ENSG00000285816,CDC42EP2	0.0009004792433485417	0.008700690107565605
chr11	64987945	65538704	BATF2,ARL2,ARL2-SNX15,SNX15,SAC3D1,NAALADL1,CDCA5,ZFPL1,TMEM262,VPS51,TM7SF2,ZNHIT2,FAU,SYVN1,MRPL49,SPDYC,CAPN1,POLA2,ENSG00000285816,CDC42EP2,DPF2,TIGD3,SLC25A45,FRMD8,SCYL1	-0.004135091227026689	0.004961202368834578
chr11	65044818	65595996	NAALADL1,CDCA5,ZFPL1,TMEM262,VPS51,TM7SF2,ZNHIT2,FAU,SYVN1,MRPL49,SPDYC,CAPN1,POLA2,ENSG00000285816,CDC42EP2,DPF2,TIGD3,SLC25A45,FRMD8,SCYL1,LTBP3,ZNRD2,FAM89B,EHBP1L1,KCNK7	-0.0011652278392029595	0.008375423561950283
chr11	65111845	65719604	TM7SF2,ZNHIT2,FAU,SYVN1,MRPL49,SPDYC,CAPN1,POLA2,ENSG00000285816,CDC42EP2,DPF2,TIGD3,SLC25A45,FRMD8,SCYL1,LTBP3,ZNRD2,FAM89B,EHBP1L1,KCNK7,MAP3K11,PCNX3,SIPA1,RELA,KAT5	0.005864095332663652	0.012686542774005207
chr11	65170233	65862026	SPDYC,CAPN1,POLA2,ENSG00000285816,CDC42EP2,DPF2,TIGD3,SLC25A45,FRMD8,SCYL1,LTBP3,ZNRD2,FAM89B,EHBP1L1,KCNK7,MAP3K11,PCNX3,SIPA1,RELA,KAT5,RNASEH2C,AP5B1,OVOL1,CFL1,SNX32	-0.0011141669685374644	0.010010259444264863
chr11	65333843	65891635	DPF2,TIGD3,SLC25A45,FRMD8,SCYL1,LTBP3,ZNRD2,FAM89B,EHBP1L1,KCNK7,MAP3K11,PCNX3,SIPA1,RELA,KAT5,RNASEH2C,AP5B1,OVOL1,CFL1,SNX32,MUS81,EFEMP2,CTSW,FIBP,CCDC85B	-0.008366108452289658	0.009049513594182088
chr11	65538559	65980137	LTBP3,ZNRD2,FAM89B,EHBP1L1,KCNK7,MAP3K11,PCNX3,SIPA1,RELA,KAT5,RNASEH2C,AP5B1,OVOL1,CFL1,SNX32,MUS81,EFEMP2,CTSW,FIBP,CCDC85B,FOSL1,C11orf68,DRAP1,TSGA10IP,SART1	-0.023981657302919707	0.004607176302603047
chr11	65597756	66049161	MAP3K11,PCNX3,SIPA1,RELA,KAT5,RNASEH2C,AP5B1,OVOL1,CFL1,SNX32,MUS81,EFEMP2,CTSW,FIBP,CCDC85B,FOSL1,C11orf68,DRAP1,TSGA10IP,SART1,EIF1AD,BANF1,CST6,CATSPER1,GAL3ST3	-0.025478176907850064	0.005006482732882143
chr11	65714005	66285301	RNASEH2C,AP5B1,OVOL1,CFL1,SNX32,MUS81,EFEMP2,CTSW,FIBP,CCDC85B,FOSL1,C11orf68,DRAP1,TSGA10IP,SART1,EIF1AD,BANF1,CST6,CATSPER1,GAL3ST3,SF3B2,PACS1,KLC2,RAB1B,CNIH2	-0.02275369840583217	0.004591849812577067
chr11	65857126	66345125	MUS81,EFEMP2,CTSW,FIBP,CCDC85B,FOSL1,C11orf68,DRAP1,TSGA10IP,SART1,EIF1AD,BANF1,CST6,CATSPER1,GAL3ST3,SF3B2,PACS1,KLC2,RAB1B,CNIH2,YIF1A,TMEM151A,CD248,RIN1,BRMS1	-0.017121523491206245	0.006218855008905992
chr11	65892049	66477337	FOSL1,C11orf68,DRAP1,TSGA10IP,SART1,EIF1AD,BANF1,CST6,CATSPER1,GAL3ST3,SF3B2,PACS1,KLC2,RAB1B,CNIH2,YIF1A,TMEM151A,CD248,RIN1,BRMS1,B4GAT1,SLC29A2,NPAS4,MRPL11,PELI3	-0.01933986522964585	0.006751692734548659
chr11	65996545	66563334	EIF1AD,BANF1,CST6,CATSPER1,GAL3ST3,SF3B2,PACS1,KLC2,RAB1B,CNIH2,YIF1A,TMEM151A,CD248,RIN1,BRMS1,B4GAT1,SLC29A2,NPAS4,MRPL11,PELI3,DPP3,ENSG00000256349,BBS1,ZDHHC24,ACTN3	-0.006278479330506423	0.008229916034980028
chr11	66050729	66646469	SF3B2,PACS1,KLC2,RAB1B,CNIH2,YIF1A,TMEM151A,CD248,RIN1,BRMS1,B4GAT1,SLC29A2,NPAS4,MRPL11,PELI3,DPP3,ENSG00000256349,BBS1,ZDHHC24,ACTN3,CTSF,CCDC87,CCS,RBM14,RBM14-RBM4	0.007614609271576246	0.013882738732060588
chr11	66284580	66846552	YIF1A,TMEM151A,CD248,RIN1,BRMS1,B4GAT1,SLC29A2,NPAS4,MRPL11,PELI3,DPP3,ENSG00000256349,BBS1,ZDHHC24,ACTN3,CTSF,CCDC87,CCS,RBM14,RBM14-RBM4,RBM4,RBM4B,SPTBN2,C11orf80,RCE1	0.007848276899273683	0.01006613783432469
chr11	66345374	67072017	B4GAT1,SLC29A2,NPAS4,MRPL11,PELI3,DPP3,ENSG00000256349,BBS1,ZDHHC24,ACTN3,CTSF,CCDC87,CCS,RBM14,RBM14-RBM4,RBM4,RBM4B,SPTBN2,C11orf80,RCE1,PC,LRFN4,C11orf86,SYT12,RHOD	0.01323795869247299	0.015936759742423673
chr11	66480013	67398410	DPP3,ENSG00000256349,BBS1,ZDHHC24,ACTN3,CTSF,CCDC87,CCS,RBM14,RBM14-RBM4,RBM4,RBM4B,SPTBN2,C11orf80,RCE1,PC,LRFN4,C11orf86,SYT12,RHOD,KDM2A,GRK2,ANKRD13D,SSH3,RAD9A	0.01640697757393475	0.017253944859139645
chr11	66563464	67421183	CTSF,CCDC87,CCS,RBM14,RBM14-RBM4,RBM4,RBM4B,SPTBN2,C11orf80,RCE1,PC,LRFN4,C11orf86,SYT12,RHOD,KDM2A,GRK2,ANKRD13D,SSH3,RAD9A,POLD4,ENSG00000256514,CLCF1,PPP1CA,TBC1D10C	0.013888374453109155	0.013557680694112714
chr11	66638667	67452729	RBM4,RBM4B,SPTBN2,C11orf80,RCE1,PC,LRFN4,C11orf86,SYT12,RHOD,KDM2A,GRK2,ANKRD13D,SSH3,RAD9A,POLD4,ENSG00000256514,CLCF1,PPP1CA,TBC1D10C,CARNS1,RPS6KB2,PTPRCAP,CORO1B,GPR152	0.01230779816450126	0.013167790752401048
chr11	66848417	67508649	PC,LRFN4,C11orf86,SYT12,RHOD,KDM2A,GRK2,ANKRD13D,SSH3,RAD9A,POLD4,ENSG00000256514,CLCF1,PPP1CA,TBC1D10C,CARNS1,RPS6KB2,PTPRCAP,CORO1B,GPR152,CABP4,TMEM134,AIP,PITPNM1,CDK2AP2	0.007340840776099645	0.009180850300838136
chr11	67119263	67639763	KDM2A,GRK2,ANKRD13D,SSH3,RAD9A,POLD4,ENSG00000256514,CLCF1,PPP1CA,TBC1D10C,CARNS1,RPS6KB2,PTPRCAP,CORO1B,GPR152,CABP4,TMEM134,AIP,PITPNM1,CDK2AP2,CABP2,GSTP1,NDUFV1,NUDT8,TBX10	0.007141063236826315	0.01159083811608817
chr11	67350772	68036644	POLD4,ENSG00000256514,CLCF1,PPP1CA,TBC1D10C,CARNS1,RPS6KB2,PTPRCAP,CORO1B,GPR152,CABP4,TMEM134,AIP,PITPNM1,CDK2AP2,CABP2,GSTP1,NDUFV1,NUDT8,TBX10,ACY3,ALDH3B2,UNC93B1,ALDH3B1,NDUFS8	-0.0012456489430160411	0.010345890990929814
chr11	67414968	68449275	CARNS1,RPS6KB2,PTPRCAP,CORO1B,GPR152,CABP4,TMEM134,AIP,PITPNM1,CDK2AP2,CABP2,GSTP1,NDUFV1,NUDT8,TBX10,ACY3,ALDH3B2,UNC93B1,ALDH3B1,NDUFS8,TCIRG1,CHKA,KMT5B,C11orf24,LRP5	-0.015524374748297749	0.0034000289263301582
chr11	67452406	68903835	CABP4,TMEM134,AIP,PITPNM1,CDK2AP2,CABP2,GSTP1,NDUFV1,NUDT8,TBX10,ACY3,ALDH3B2,UNC93B1,ALDH3B1,NDUFS8,TCIRG1,CHKA,KMT5B,C11orf24,LRP5,PPP6R3,GAL,TESMIN,CPT1A,MRPL21	-0.009571925265146641	0.00430712383890586
chr11	67518912	69162440	CABP2,GSTP1,NDUFV1,NUDT8,TBX10,ACY3,ALDH3B2,UNC93B1,ALDH3B1,NDUFS8,TCIRG1,CHKA,KMT5B,C11orf24,LRP5,PPP6R3,GAL,TESMIN,CPT1A,MRPL21,IGHMBP2,MRGPRD,MRGPRF,TPCN2,ENSG00000287725	0.0019440362033794638	0.009802219114931336
chr11	67642555	69704022	ACY3,ALDH3B2,UNC93B1,ALDH3B1,NDUFS8,TCIRG1,CHKA,KMT5B,C11orf24,LRP5,PPP6R3,GAL,TESMIN,CPT1A,MRPL21,IGHMBP2,MRGPRD,MRGPRF,TPCN2,ENSG00000287725,SMIM38,MYEOV,CCND1,LTO1,FGF19	0.00858975374377028	0.011856815206155662
chr11	68039025	70385312	TCIRG1,CHKA,KMT5B,C11orf24,LRP5,PPP6R3,GAL,TESMIN,CPT1A,MRPL21,IGHMBP2,MRGPRD,MRGPRF,TPCN2,ENSG00000287725,SMIM38,MYEOV,CCND1,LTO1,FGF19,FGF4,FGF3,ANO1,FADD,PPFIA1	0.005757848236174445	0.006453306292339972
chr11	68460731	71528669	PPP6R3,GAL,TESMIN,CPT1A,MRPL21,IGHMBP2,MRGPRD,MRGPRF,TPCN2,ENSG00000287725,SMIM38,MYEOV,CCND1,LTO1,FGF19,FGF4,FGF3,ANO1,FADD,PPFIA1,CTTN,SHANK2,DHCR7,NADSYN1,KRTAP5-7	0.005788441268507983	0.00550081540865909
chr11	68903863	71837710	IGHMBP2,MRGPRD,MRGPRF,TPCN2,ENSG00000287725,SMIM38,MYEOV,CCND1,LTO1,FGF19,FGF4,FGF3,ANO1,FADD,PPFIA1,CTTN,SHANK2,DHCR7,NADSYN1,KRTAP5-7,KRTAP5-8,KRTAP5-9,KRTAP5-10,KRTAP5-11,DEFB108B	0.009760042450983315	0.011976747351804188
chr11	69155478	72110782	SMIM38,MYEOV,CCND1,LTO1,FGF19,FGF4,FGF3,ANO1,FADD,PPFIA1,CTTN,SHANK2,DHCR7,NADSYN1,KRTAP5-7,KRTAP5-8,KRTAP5-9,KRTAP5-10,KRTAP5-11,DEFB108B,DEFB131B,RNF121,IL18BP,NUMA1,LRTOMT	0.01172906237048679	0.017474194697253843
chr11	69771022	72221950	FGF4,FGF3,ANO1,FADD,PPFIA1,CTTN,SHANK2,DHCR7,NADSYN1,KRTAP5-7,KRTAP5-8,KRTAP5-9,KRTAP5-10,KRTAP5-11,DEFB108B,DEFB131B,RNF121,IL18BP,NUMA1,LRTOMT,LAMTOR1,ANAPC15,FOLR3,FOLR1,FOLR2	0.004969760552629408	0.007722656728514194
chr11	70398404	72793599	CTTN,SHANK2,DHCR7,NADSYN1,KRTAP5-7,KRTAP5-8,KRTAP5-9,KRTAP5-10,KRTAP5-11,DEFB108B,DEFB131B,RNF121,IL18BP,NUMA1,LRTOMT,LAMTOR1,ANAPC15,FOLR3,FOLR1,FOLR2,INPPL1,PHOX2A,CLPB,PDE2A,ARAP1	0.009232410498650796	0.014272069037650893
chr11	71538025	73305103	KRTAP5-8,KRTAP5-9,KRTAP5-10,KRTAP5-11,DEFB108B,DEFB131B,RNF121,IL18BP,NUMA1,LRTOMT,LAMTOR1,ANAPC15,FOLR3,FOLR1,FOLR2,INPPL1,PHOX2A,CLPB,PDE2A,ARAP1,STARD10,ATG16L2,FCHSD2,P2RY2,P2RY6	0.007878620607122687	0.014049261201099474
chr11	71878453	73761137	DEFB131B,RNF121,IL18BP,NUMA1,LRTOMT,LAMTOR1,ANAPC15,FOLR3,FOLR1,FOLR2,INPPL1,PHOX2A,CLPB,PDE2A,ARAP1,STARD10,ATG16L2,FCHSD2,P2RY2,P2RY6,ARHGEF17,RELT,FAM168A,PLEKHB1,RAB6A	0.007867100672394581	0.011675264936576805
chr11	72085895	73982843	LAMTOR1,ANAPC15,FOLR3,FOLR1,FOLR2,INPPL1,PHOX2A,CLPB,PDE2A,ARAP1,STARD10,ATG16L2,FCHSD2,P2RY2,P2RY6,ARHGEF17,RELT,FAM168A,PLEKHB1,RAB6A,MRPL48,COA4,PAAF1,DNAJB13,UCP2	0.009371718062755503	0.011318372129072435
chr11	72223701	74398433	INPPL1,PHOX2A,CLPB,PDE2A,ARAP1,STARD10,ATG16L2,FCHSD2,P2RY2,P2RY6,ARHGEF17,RELT,FAM168A,PLEKHB1,RAB6A,MRPL48,COA4,PAAF1,DNAJB13,UCP2,UCP3,C2CD3,PPME1,P4HA3,PGM2L1	0.013432025303138405	0.015089860192800415
chr11	72754729	74842413	STARD10,ATG16L2,FCHSD2,P2RY2,P2RY6,ARHGEF17,RELT,FAM168A,PLEKHB1,RAB6A,MRPL48,COA4,PAAF1,DNAJB13,UCP2,UCP3,C2CD3,PPME1,P4HA3,PGM2L1,KCNE3,LIPT2,POLD3,CHRDL2,RNF169	0.011761828495738374	0.012384192111201592
chr11	73308276	75206549	ARHGEF17,RELT,FAM168A,PLEKHB1,RAB6A,MRPL48,COA4,PAAF1,DNAJB13,UCP2,UCP3,C2CD3,PPME1,P4HA3,PGM2L1,KCNE3,LIPT2,POLD3,CHRDL2,RNF169,XRRA1,SPCS2,NEU3,OR2AT4,SLCO2B1	0.008985559789346514	0.01141890601333634
chr11	73787872	75525941	MRPL48,COA4,PAAF1,DNAJB13,UCP2,UCP3,C2CD3,PPME1,P4HA3,PGM2L1,KCNE3,LIPT2,POLD3,CHRDL2,RNF169,XRRA1,SPCS2,NEU3,OR2AT4,SLCO2B1,TPBGL,ARRB1,RPS3,KLHL35,GDPD5	0.0054553956458209055	0.008696252960808563
chr11	74000277	76144232	UCP3,C2CD3,PPME1,P4HA3,PGM2L1,KCNE3,LIPT2,POLD3,CHRDL2,RNF169,XRRA1,SPCS2,NEU3,OR2AT4,SLCO2B1,TPBGL,ARRB1,RPS3,KLHL35,GDPD5,SERPINH1,MAP6,MOGAT2,DGAT2,UVRAG	0.002512172242858576	0.005726697083258352
chr11	74454841	76670747	KCNE3,LIPT2,POLD3,CHRDL2,RNF169,XRRA1,SPCS2,NEU3,OR2AT4,SLCO2B1,TPBGL,ARRB1,RPS3,KLHL35,GDPD5,SERPINH1,MAP6,MOGAT2,DGAT2,UVRAG,WNT11,THAP12,GVQW3,EMSY,LRRC32	0.0013251282159800458	0.006587938631800722
chr11	74807739	77126155	XRRA1,SPCS2,NEU3,OR2AT4,SLCO2B1,TPBGL,ARRB1,RPS3,KLHL35,GDPD5,SERPINH1,MAP6,MOGAT2,DGAT2,UVRAG,WNT11,THAP12,GVQW3,EMSY,LRRC32,TSKU,ACER3,B3GNT6,CAPN5,OMP	0.008372069803835366	0.010798446584829369
chr11	75240774	77637794	TPBGL,ARRB1,RPS3,KLHL35,GDPD5,SERPINH1,MAP6,MOGAT2,DGAT2,UVRAG,WNT11,THAP12,GVQW3,EMSY,LRRC32,TSKU,ACER3,B3GNT6,CAPN5,OMP,MYO7A,GDPD4,PAK1,CLNS1A,AQP11	0.01593619481582873	0.014594048519036978
chr11	75562056	78079865	SERPINH1,MAP6,MOGAT2,DGAT2,UVRAG,WNT11,THAP12,GVQW3,EMSY,LRRC32,TSKU,ACER3,B3GNT6,CAPN5,OMP,MYO7A,GDPD4,PAK1,CLNS1A,AQP11,RSF1,AAMDC,INTS4,KCTD14,NDUFC2-KCTD14	0.01202404423809411	0.010980063105644533
chr11	76186325	78215232	WNT11,THAP12,GVQW3,EMSY,LRRC32,TSKU,ACER3,B3GNT6,CAPN5,OMP,MYO7A,GDPD4,PAK1,CLNS1A,AQP11,RSF1,AAMDC,INTS4,KCTD14,NDUFC2-KCTD14,THRSP,NDUFC2,ALG8,KCTD21,USP35	0.009940672247173694	0.010556691074722527
chr11	76782251	82970584	TSKU,ACER3,B3GNT6,CAPN5,OMP,MYO7A,GDPD4,PAK1,CLNS1A,AQP11,RSF1,AAMDC,INTS4,KCTD14,NDUFC2-KCTD14,THRSP,NDUFC2,ALG8,KCTD21,USP35,GAB2,NARS2,TENM4,FAM181B,PRCP	0.0010581073624514258	0.005544436400090459
chr11	77128246	83286390	MYO7A,GDPD4,PAK1,CLNS1A,AQP11,RSF1,AAMDC,INTS4,KCTD14,NDUFC2-KCTD14,THRSP,NDUFC2,ALG8,KCTD21,USP35,GAB2,NARS2,TENM4,FAM181B,PRCP,DDIAS,RAB30,PCF11,ANKRD42,CCDC90B	-0.006248993946067818	0.001541828025993498
chr11	77660009	85686195	RSF1,AAMDC,INTS4,KCTD14,NDUFC2-KCTD14,THRSP,NDUFC2,ALG8,KCTD21,USP35,GAB2,NARS2,TENM4,FAM181B,PRCP,DDIAS,RAB30,PCF11,ANKRD42,CCDC90B,DLG2,TMEM126B,TMEM126A,CREBZF,CCDC89	0.0004866927703215714	0.01167329498261354
chr11	78063861	86345943	THRSP,NDUFC2,ALG8,KCTD21,USP35,GAB2,NARS2,TENM4,FAM181B,PRCP,DDIAS,RAB30,PCF11,ANKRD42,CCDC90B,DLG2,TMEM126B,TMEM126A,CREBZF,CCDC89,SYTL2,CCDC83,PICALM,EED,HIKESHI	0.0032105469321887475	0.012663672165261918
chr11	78215293	87328824	GAB2,NARS2,TENM4,FAM181B,PRCP,DDIAS,RAB30,PCF11,ANKRD42,CCDC90B,DLG2,TMEM126B,TMEM126A,CREBZF,CCDC89,SYTL2,CCDC83,PICALM,EED,HIKESHI,CCDC81,ME3,PRSS23,FZD4,TMEM135	0.01002210564548309	0.011213910738473734
chr11	82899975	89498187	DDIAS,RAB30,PCF11,ANKRD42,CCDC90B,DLG2,TMEM126B,TMEM126A,CREBZF,CCDC89,SYTL2,CCDC83,PICALM,EED,HIKESHI,CCDC81,ME3,PRSS23,FZD4,TMEM135,RAB38,CTSC,GRM5,TYR,NOX4	0.013497541044126319	0.013142728650374967
chr11	83455012	89933063	DLG2,TMEM126B,TMEM126A,CREBZF,CCDC89,SYTL2,CCDC83,PICALM,EED,HIKESHI,CCDC81,ME3,PRSS23,FZD4,TMEM135,RAB38,CTSC,GRM5,TYR,NOX4,TRIM77,TRIM49,TRIM64B,TRIM49D1,TRIM49D2	0.007988134526016115	0.010021534904761336
chr11	85694224	90223077	SYTL2,CCDC83,PICALM,EED,HIKESHI,CCDC81,ME3,PRSS23,FZD4,TMEM135,RAB38,CTSC,GRM5,TYR,NOX4,TRIM77,TRIM49,TRIM64B,TRIM49D1,TRIM49D2,TRIM64,TRIM49C,UBTFL1,NAALAD2,CHORDC1	0.0031314580510679395	0.00663890778852424
chr11	86374736	93543391	CCDC81,ME3,PRSS23,FZD4,TMEM135,RAB38,CTSC,GRM5,TYR,NOX4,TRIM77,TRIM49,TRIM64B,TRIM49D1,TRIM49D2,TRIM64,TRIM49C,UBTFL1,NAALAD2,CHORDC1,FAT3,MTNR1B,SLC36A4,DEUP1,SMCO4	0.0023925543018937117	0.002997032687270011
chr11	88113251	93814963	RAB38,CTSC,GRM5,TYR,NOX4,TRIM77,TRIM49,TRIM64B,TRIM49D1,TRIM49D2,TRIM64,TRIM49C,UBTFL1,NAALAD2,CHORDC1,FAT3,MTNR1B,SLC36A4,DEUP1,SMCO4,CEP295,TAF1D,C11orf54,ENSG00000284057,MED17	0.009753028579397357	0.008942767997425227
chr11	89710299	94401419	TRIM77,TRIM49,TRIM64B,TRIM49D1,TRIM49D2,TRIM64,TRIM49C,UBTFL1,NAALAD2,CHORDC1,FAT3,MTNR1B,SLC36A4,DEUP1,SMCO4,CEP295,TAF1D,C11orf54,ENSG00000284057,MED17,VSTM5,HEPHL1,PANX1,IZUMO1R,GPR83	0.02075877299219493	0.016972420298216453
chr11	89966037	94621421	TRIM64,TRIM49C,UBTFL1,NAALAD2,CHORDC1,FAT3,MTNR1B,SLC36A4,DEUP1,SMCO4,CEP295,TAF1D,C11orf54,ENSG00000284057,MED17,VSTM5,HEPHL1,PANX1,IZUMO1R,GPR83,MRE11,ANKRD49,C11orf97,PIWIL4,FUT4	0.02433667825190989	0.016787964106897927
chr11	92224818	95051338	FAT3,MTNR1B,SLC36A4,DEUP1,SMCO4,CEP295,TAF1D,C11orf54,ENSG00000284057,MED17,VSTM5,HEPHL1,PANX1,IZUMO1R,GPR83,MRE11,ANKRD49,C11orf97,PIWIL4,FUT4,AMOTL1,CWC15,KDM4D,KDM4E,KDM4F	0.013663215990513775	0.010551395918658694
chr11	93661682	95832693	CEP295,TAF1D,C11orf54,ENSG00000284057,MED17,VSTM5,HEPHL1,PANX1,IZUMO1R,GPR83,MRE11,ANKRD49,C11orf97,PIWIL4,FUT4,AMOTL1,CWC15,KDM4D,KDM4E,KDM4F,SRSF8,ENDOD1,SESN3,FAM76B,CEP57	0.010451742008664123	0.010484792757389118
chr11	93818232	100358885	VSTM5,HEPHL1,PANX1,IZUMO1R,GPR83,MRE11,ANKRD49,C11orf97,PIWIL4,FUT4,AMOTL1,CWC15,KDM4D,KDM4E,KDM4F,SRSF8,ENDOD1,SESN3,FAM76B,CEP57,MTMR2,MAML2,CCDC82,JRKL,CNTN5	0.012278034052433648	0.011818143808686404
chr11	94415570	102001062	MRE11,ANKRD49,C11orf97,PIWIL4,FUT4,AMOTL1,CWC15,KDM4D,KDM4E,KDM4F,SRSF8,ENDOD1,SESN3,FAM76B,CEP57,MTMR2,MAML2,CCDC82,JRKL,CNTN5,ARHGAP42,PGR,TRPC6,ANGPTL5,CEP126	0.012600202947271287	0.012259152062804854
chr11	94706431	102470384	AMOTL1,CWC15,KDM4D,KDM4E,KDM4F,SRSF8,ENDOD1,SESN3,FAM76B,CEP57,MTMR2,MAML2,CCDC82,JRKL,CNTN5,ARHGAP42,PGR,TRPC6,ANGPTL5,CEP126,CFAP300,YAP1,BIRC3,BIRC2,TMEM123	0.017876692241679128	0.014627001523289378
chr11	95066919	102780628	SRSF8,ENDOD1,SESN3,FAM76B,CEP57,MTMR2,MAML2,CCDC82,JRKL,CNTN5,ARHGAP42,PGR,TRPC6,ANGPTL5,CEP126,CFAP300,YAP1,BIRC3,BIRC2,TMEM123,MMP7,MMP20,MMP27,MMP8,MMP10	0.01254562001425411	0.01013010549452402
chr11	95821766	103092194	MTMR2,MAML2,CCDC82,JRKL,CNTN5,ARHGAP42,PGR,TRPC6,ANGPTL5,CEP126,CFAP300,YAP1,BIRC3,BIRC2,TMEM123,MMP7,MMP20,MMP27,MMP8,MMP10,MMP1,MMP3,MMP12,MMP13,DCUN1D5	0.01298997275119751	0.008839528295746276
chr11	100687288	105023168	ARHGAP42,PGR,TRPC6,ANGPTL5,CEP126,CFAP300,YAP1,BIRC3,BIRC2,TMEM123,MMP7,MMP20,MMP27,MMP8,MMP10,MMP1,MMP3,MMP12,MMP13,DCUN1D5,DYNC2H1,PDGFD,DDI1,CASP4,CASP5	0.007921742181937051	0.005212791427164262
chr11	102047437	106077459	CFAP300,YAP1,BIRC3,BIRC2,TMEM123,MMP7,MMP20,MMP27,MMP8,MMP10,MMP1,MMP3,MMP12,MMP13,DCUN1D5,DYNC2H1,PDGFD,DDI1,CASP4,CASP5,CASP1,CARD18,GRIA4,MSANTD4,KBTBD3	0.007093143057313725	0.005377746476055658
chr11	102520508	107666779	MMP7,MMP20,MMP27,MMP8,MMP10,MMP1,MMP3,MMP12,MMP13,DCUN1D5,DYNC2H1,PDGFD,DDI1,CASP4,CASP5,CASP1,CARD18,GRIA4,MSANTD4,KBTBD3,AASDHPPT,GUCY1A2,CWF19L2,ALKBH8,ELMOD1	0.007382380505617593	0.007212180123316752
chr11	102789401	108147603	MMP1,MMP3,MMP12,MMP13,DCUN1D5,DYNC2H1,PDGFD,DDI1,CASP4,CASP5,CASP1,CARD18,GRIA4,MSANTD4,KBTBD3,AASDHPPT,GUCY1A2,CWF19L2,ALKBH8,ELMOD1,SLN,SLC35F2,RAB39A,CUL5,ACAT1	0.012025761307052471	0.014374397662360412
chr11	103109410	108593768	DYNC2H1,PDGFD,DDI1,CASP4,CASP5,CASP1,CARD18,GRIA4,MSANTD4,KBTBD3,AASDHPPT,GUCY1A2,CWF19L2,ALKBH8,ELMOD1,SLN,SLC35F2,RAB39A,CUL5,ACAT1,NPAT,ATM,C11orf65,POGLUT3,EXPH5	0.011738712861365571	0.013510319994230649
chr11	105025397	110464884	CASP1,CARD18,GRIA4,MSANTD4,KBTBD3,AASDHPPT,GUCY1A2,CWF19L2,ALKBH8,ELMOD1,SLN,SLC35F2,RAB39A,CUL5,ACAT1,NPAT,ATM,C11orf65,POGLUT3,EXPH5,DDX10,C11orf87,RDX,ZC3H12C,FDX1	0.013990056108023554	0.014825866192513906
chr11	106075501	111561745	AASDHPPT,GUCY1A2,CWF19L2,ALKBH8,ELMOD1,SLN,SLC35F2,RAB39A,CUL5,ACAT1,NPAT,ATM,C11orf65,POGLUT3,EXPH5,DDX10,C11orf87,RDX,ZC3H12C,FDX1,ARHGAP20,POU2AF1,BTG4,HOATZ,LAYN	0.019742756839503866	0.017119828895748007
chr11	107707378	111881243	SLN,SLC35F2,RAB39A,CUL5,ACAT1,NPAT,ATM,C11orf65,POGLUT3,EXPH5,DDX10,C11orf87,RDX,ZC3H12C,FDX1,ARHGAP20,POU2AF1,BTG4,HOATZ,LAYN,SIK2,PPP2R1B,ALG9,ENSG00000258529,FDXACB1	0.0197002387309924	0.016817477688268728
chr11	108157215	112022653	NPAT,ATM,C11orf65,POGLUT3,EXPH5,DDX10,C11orf87,RDX,ZC3H12C,FDX1,ARHGAP20,POU2AF1,BTG4,HOATZ,LAYN,SIK2,PPP2R1B,ALG9,ENSG00000258529,FDXACB1,CRYAB,HSPB2,HSPB2-C11orf52,C11orf52,DIXDC1	0.007959648259024997	0.007850902785297154
chr11	108665058	112120016	DDX10,C11orf87,RDX,ZC3H12C,FDX1,ARHGAP20,POU2AF1,BTG4,HOATZ,LAYN,SIK2,PPP2R1B,ALG9,ENSG00000258529,FDXACB1,CRYAB,HSPB2,HSPB2-C11orf52,C11orf52,DIXDC1,DLAT,PIH1D2,NKAPD1,TIMM8B,SDHD	0.004191413626691069	0.00505630004400575
chr11	110577042	112269955	ARHGAP20,POU2AF1,BTG4,HOATZ,LAYN,SIK2,PPP2R1B,ALG9,ENSG00000258529,FDXACB1,CRYAB,HSPB2,HSPB2-C11orf52,C11orf52,DIXDC1,DLAT,PIH1D2,NKAPD1,TIMM8B,SDHD,ENSG00000255292,IL18,TEX12,BCO2,PTS	0.006443303380188441	0.00841380829249548
chr11	111602449	113475691	SIK2,PPP2R1B,ALG9,ENSG00000258529,FDXACB1,CRYAB,HSPB2,HSPB2-C11orf52,C11orf52,DIXDC1,DLAT,PIH1D2,NKAPD1,TIMM8B,SDHD,ENSG00000255292,IL18,TEX12,BCO2,PTS,PLET1,NCAM1,TTC12,ANKK1,DRD2	0.007407770828773252	0.011086748447685821
chr11	111908564	113949079	CRYAB,HSPB2,HSPB2-C11orf52,C11orf52,DIXDC1,DLAT,PIH1D2,NKAPD1,TIMM8B,SDHD,ENSG00000255292,IL18,TEX12,BCO2,PTS,PLET1,NCAM1,TTC12,ANKK1,DRD2,TMPRSS5,ZW10,CLDN25,USP28,HTR3B	0.0024751440146785703	0.006631725048664549
chr11	112025408	114414203	DLAT,PIH1D2,NKAPD1,TIMM8B,SDHD,ENSG00000255292,IL18,TEX12,BCO2,PTS,PLET1,NCAM1,TTC12,ANKK1,DRD2,TMPRSS5,ZW10,CLDN25,USP28,HTR3B,HTR3A,ZBTB16,NNMT,C11orf71,RBM7	0.004480392113713641	0.006011644152860971
chr11	112086903	114707069	ENSG00000255292,IL18,TEX12,BCO2,PTS,PLET1,NCAM1,TTC12,ANKK1,DRD2,TMPRSS5,ZW10,CLDN25,USP28,HTR3B,HTR3A,ZBTB16,NNMT,C11orf71,RBM7,ENSG00000255663,REXO2,NXPE1,NXPE4,NXPE2	0.00933120087987258	0.007257853897265156
chr11	112248153	116823304	PLET1,NCAM1,TTC12,ANKK1,DRD2,TMPRSS5,ZW10,CLDN25,USP28,HTR3B,HTR3A,ZBTB16,NNMT,C11orf71,RBM7,ENSG00000255663,REXO2,NXPE1,NXPE4,NXPE2,CADM1,BUD13,ZPR1,APOA5,APOA4	0.00976787664297604	0.007472583271647199
chr11	113687547	117197445	TMPRSS5,ZW10,CLDN25,USP28,HTR3B,HTR3A,ZBTB16,NNMT,C11orf71,RBM7,ENSG00000255663,REXO2,NXPE1,NXPE4,NXPE2,CADM1,BUD13,ZPR1,APOA5,APOA4,APOC3,APOA1,SIK3,PAFAH1B2,SIDT2	0.014087899171847638	0.011156810856178156
chr11	113975075	117413266	HTR3A,ZBTB16,NNMT,C11orf71,RBM7,ENSG00000255663,REXO2,NXPE1,NXPE4,NXPE2,CADM1,BUD13,ZPR1,APOA5,APOA4,APOC3,APOA1,SIK3,PAFAH1B2,SIDT2,TAGLN,PCSK7,RNF214,BACE1,CEP164	0.017680870104830743	0.014553057899804291
chr11	114400682	117929459	ENSG00000255663,REXO2,NXPE1,NXPE4,NXPE2,CADM1,BUD13,ZPR1,APOA5,APOA4,APOC3,APOA1,SIK3,PAFAH1B2,SIDT2,TAGLN,PCSK7,RNF214,BACE1,CEP164,DSCAML1,FXYD2,FXYD6-FXYD2,FXYD6,TMPRSS13	0.013762388542656354	0.015170323619321373
chr11	115169218	118176639	CADM1,BUD13,ZPR1,APOA5,APOA4,APOC3,APOA1,SIK3,PAFAH1B2,SIDT2,TAGLN,PCSK7,RNF214,BACE1,CEP164,DSCAML1,FXYD2,FXYD6-FXYD2,FXYD6,TMPRSS13,IL10RA,SMIM35,TMPRSS4,SCN4B,SCN2B	0.0056367780592217745	0.013819086607285305
chr11	116829706	118342705	APOC3,APOA1,SIK3,PAFAH1B2,SIDT2,TAGLN,PCSK7,RNF214,BACE1,CEP164,DSCAML1,FXYD2,FXYD6-FXYD2,FXYD6,TMPRSS13,IL10RA,SMIM35,TMPRSS4,SCN4B,SCN2B,JAML,MPZL3,MPZL2,CD3E,CD3D	-0.006370724676340733	0.007212983463882817
chr11	117199370	118526832	TAGLN,PCSK7,RNF214,BACE1,CEP164,DSCAML1,FXYD2,FXYD6-FXYD2,FXYD6,TMPRSS13,IL10RA,SMIM35,TMPRSS4,SCN4B,SCN2B,JAML,MPZL3,MPZL2,CD3E,CD3D,CD3G,UBE4A,ATP5MG,ENSG00000285827,KMT2A	0.0011188844482689219	0.0045648718702151776
chr11	117427772	118658031	DSCAML1,FXYD2,FXYD6-FXYD2,FXYD6,TMPRSS13,IL10RA,SMIM35,TMPRSS4,SCN4B,SCN2B,JAML,MPZL3,MPZL2,CD3E,CD3D,CD3G,UBE4A,ATP5MG,ENSG00000285827,KMT2A,TTC36,TMEM25,IFT46,ARCN1,PHLDB1	0.001269684381299658	0.003211897733398181
chr11	117986370	118958559	IL10RA,SMIM35,TMPRSS4,SCN4B,SCN2B,JAML,MPZL3,MPZL2,CD3E,CD3D,CD3G,UBE4A,ATP5MG,ENSG00000285827,KMT2A,TTC36,TMEM25,IFT46,ARCN1,PHLDB1,TREH,DDX6,CXCR5,BCL9L,UPK2	0.0009020451038209064	0.002148816953790025
chr11	118193725	119030906	JAML,MPZL3,MPZL2,CD3E,CD3D,CD3G,UBE4A,ATP5MG,ENSG00000285827,KMT2A,TTC36,TMEM25,IFT46,ARCN1,PHLDB1,TREH,DDX6,CXCR5,BCL9L,UPK2,FOXR1,CENATAC,RPS25,TRAPPC4,SLC37A4	0.006318723249651633	0.00761409697555407
chr11	118344344	119108331	CD3G,UBE4A,ATP5MG,ENSG00000285827,KMT2A,TTC36,TMEM25,IFT46,ARCN1,PHLDB1,TREH,DDX6,CXCR5,BCL9L,UPK2,FOXR1,CENATAC,RPS25,TRAPPC4,SLC37A4,HYOU1,VPS11,HMBS,H2AX,DPAGT1	0.004220582640532297	0.006940549412788732
chr11	118527472	119196769	TTC36,TMEM25,IFT46,ARCN1,PHLDB1,TREH,DDX6,CXCR5,BCL9L,UPK2,FOXR1,CENATAC,RPS25,TRAPPC4,SLC37A4,HYOU1,VPS11,HMBS,H2AX,DPAGT1,C2CD2L,HINFP,ABCG4,NLRX1,CCDC153	0.004406480085645559	0.004210276485975496
chr11	118657316	119346705	TREH,DDX6,CXCR5,BCL9L,UPK2,FOXR1,CENATAC,RPS25,TRAPPC4,SLC37A4,HYOU1,VPS11,HMBS,H2AX,DPAGT1,C2CD2L,HINFP,ABCG4,NLRX1,CCDC153,CBL,MCAM,RNF26,MFRP,C1QTNF5	0.00755925954499209	0.009783417306439652
chr11	118971712	120230334	FOXR1,CENATAC,RPS25,TRAPPC4,SLC37A4,HYOU1,VPS11,HMBS,H2AX,DPAGT1,C2CD2L,HINFP,ABCG4,NLRX1,CCDC153,CBL,MCAM,RNF26,MFRP,C1QTNF5,USP2,THY1,NECTIN1,TRIM29,OAF	0.00825044032471987	0.010953810313722454
chr11	119044188	121090776	HYOU1,VPS11,HMBS,H2AX,DPAGT1,C2CD2L,HINFP,ABCG4,NLRX1,CCDC153,CBL,MCAM,RNF26,MFRP,C1QTNF5,USP2,THY1,NECTIN1,TRIM29,OAF,POU2F3,TLCD5,ARHGEF12,GRIK4,TBCEL	0.0065438366224158185	0.008895609035089793
chr11	119102198	122116215	C2CD2L,HINFP,ABCG4,NLRX1,CCDC153,CBL,MCAM,RNF26,MFRP,C1QTNF5,USP2,THY1,NECTIN1,TRIM29,OAF,POU2F3,TLCD5,ARHGEF12,GRIK4,TBCEL,TBCEL-TECTA,TECTA,SC5D,SORL1,BLID	0.009392742625833313	0.011944080192024947
chr11	119206298	123063230	CBL,MCAM,RNF26,MFRP,C1QTNF5,USP2,THY1,NECTIN1,TRIM29,OAF,POU2F3,TLCD5,ARHGEF12,GRIK4,TBCEL,TBCEL-TECTA,TECTA,SC5D,SORL1,BLID,UBASH3B,CRTAM,JHY,BSX,HSPA8	0.011937989378504169	0.015334486791845292
chr11	119355215	123754518	USP2,THY1,NECTIN1,TRIM29,OAF,POU2F3,TLCD5,ARHGEF12,GRIK4,TBCEL,TBCEL-TECTA,TECTA,SC5D,SORL1,BLID,UBASH3B,CRTAM,JHY,BSX,HSPA8,CLMP,GRAMD1B,SCN3B,ZNF202,OR6X1	0.004997392821829881	0.01313871039933311
chr11	120236640	123943838	POU2F3,TLCD5,ARHGEF12,GRIK4,TBCEL,TBCEL-TECTA,TECTA,SC5D,SORL1,BLID,UBASH3B,CRTAM,JHY,BSX,HSPA8,CLMP,GRAMD1B,SCN3B,ZNF202,OR6X1,OR6M1,TMEM225,OR8D4,OR4D5,OR6T1	-0.0023534057682171755	0.0026686818623303864
chr11	121024125	124030634	TBCEL-TECTA,TECTA,SC5D,SORL1,BLID,UBASH3B,CRTAM,JHY,BSX,HSPA8,CLMP,GRAMD1B,SCN3B,ZNF202,OR6X1,OR6M1,TMEM225,OR8D4,OR4D5,OR6T1,OR10S1,OR10G6,OR10G4,OR10G9,OR10G8	0.0024662395214220287	0.005925351767528795
chr11	122655722	124266224	UBASH3B,CRTAM,JHY,BSX,HSPA8,CLMP,GRAMD1B,SCN3B,ZNF202,OR6X1,OR6M1,TMEM225,OR8D4,OR4D5,OR6T1,OR10S1,OR10G6,OR10G4,OR10G9,OR10G8,OR10G7,VWA5A,OR10D3,OR8G1,OR8G5	0.001995927383260031	0.0016001047512743207
chr11	123069872	124424871	CLMP,GRAMD1B,SCN3B,ZNF202,OR6X1,OR6M1,TMEM225,OR8D4,OR4D5,OR6T1,OR10S1,OR10G6,OR10G4,OR10G9,OR10G8,OR10G7,VWA5A,OR10D3,OR8G1,OR8G5,OR8D1,OR8D2,OR8B2,OR8B3,OR8B4	0.0004401727982061287	0.0003243476222339521
chr11	123805408	124635926	OR6M1,TMEM225,OR8D4,OR4D5,OR6T1,OR10S1,OR10G6,OR10G4,OR10G9,OR10G8,OR10G7,VWA5A,OR10D3,OR8G1,OR8G5,OR8D1,OR8D2,OR8B2,OR8B3,OR8B4,OR8B8,OR8B12,OR8A1,PANX3,TBRG1	0.0005776739829444528	0.0007215786760707975
chr11	123976661	124762290	OR10S1,OR10G6,OR10G4,OR10G9,OR10G8,OR10G7,VWA5A,OR10D3,OR8G1,OR8G5,OR8D1,OR8D2,OR8B2,OR8B3,OR8B4,OR8B8,OR8B12,OR8A1,PANX3,TBRG1,SIAE,SPA17,NRGN,VSIG2,ESAM	0.0007571109669073172	0.0006198194853933979
chr11	124036013	124936412	OR10G7,VWA5A,OR10D3,OR8G1,OR8G5,OR8D1,OR8D2,OR8B2,OR8B3,OR8B4,OR8B8,OR8B12,OR8A1,PANX3,TBRG1,SIAE,SPA17,NRGN,VSIG2,ESAM,MSANTD2,ROBO3,ROBO4,HEPACAM,HEPN1	0.004130527491211175	0.003090963718295063
chr11	124302831	125592568	OR8D1,OR8D2,OR8B2,OR8B3,OR8B4,OR8B8,OR8B12,OR8A1,PANX3,TBRG1,SIAE,SPA17,NRGN,VSIG2,ESAM,MSANTD2,ROBO3,ROBO4,HEPACAM,HEPN1,CCDC15,SLC37A2,TMEM218,PKNOX2,FEZ1	0.008344292772282333	0.003994016550829209
chr11	124437445	125749867	OR8B8,OR8B12,OR8A1,PANX3,TBRG1,SIAE,SPA17,NRGN,VSIG2,ESAM,MSANTD2,ROBO3,ROBO4,HEPACAM,HEPN1,CCDC15,SLC37A2,TMEM218,PKNOX2,FEZ1,EI24,STT3A,CHEK1,ACRV1,PATE1	0.0096834677112481	0.004844034490010907
chr11	124633113	125903221	SIAE,SPA17,NRGN,VSIG2,ESAM,MSANTD2,ROBO3,ROBO4,HEPACAM,HEPN1,CCDC15,SLC37A2,TMEM218,PKNOX2,FEZ1,EI24,STT3A,CHEK1,ACRV1,PATE1,PATE2,PATE3,PATE4,HYLS1,PUS3	0.005576913298428935	0.005225766681231087
chr11	124766498	126262984	MSANTD2,ROBO3,ROBO4,HEPACAM,HEPN1,CCDC15,SLC37A2,TMEM218,PKNOX2,FEZ1,EI24,STT3A,CHEK1,ACRV1,PATE1,PATE2,PATE3,PATE4,HYLS1,PUS3,DDX25,VSIG10L2,CDON,RPUSD4,FAM118B	0.002789612635429347	0.006618901683823961
chr11	124954121	126440344	CCDC15,SLC37A2,TMEM218,PKNOX2,FEZ1,EI24,STT3A,CHEK1,ACRV1,PATE1,PATE2,PATE3,PATE4,HYLS1,PUS3,DDX25,VSIG10L2,CDON,RPUSD4,FAM118B,SRPRA,FOXRED1,TIRAP,DCPS,ST3GAL4	0.005646632804187735	0.008013070562812849
chr11	125569280	128921163	EI24,STT3A,CHEK1,ACRV1,PATE1,PATE2,PATE3,PATE4,HYLS1,PUS3,DDX25,VSIG10L2,CDON,RPUSD4,FAM118B,SRPRA,FOXRED1,TIRAP,DCPS,ST3GAL4,KIRREL3,ETS1,FLI1,KCNJ1,KCNJ5	0.009084435170018022	0.011706184175238641
chr11	125776113	129895590	PATE2,PATE3,PATE4,HYLS1,PUS3,DDX25,VSIG10L2,CDON,RPUSD4,FAM118B,SRPRA,FOXRED1,TIRAP,DCPS,ST3GAL4,KIRREL3,ETS1,FLI1,KCNJ1,KCNJ5,TP53AIP1,ARHGAP32,BARX2,TMEM45B,NFRKB	0.007613426808800282	0.00928617117132723
chr11	125903348	130428609	DDX25,VSIG10L2,CDON,RPUSD4,FAM118B,SRPRA,FOXRED1,TIRAP,DCPS,ST3GAL4,KIRREL3,ETS1,FLI1,KCNJ1,KCNJ5,TP53AIP1,ARHGAP32,BARX2,TMEM45B,NFRKB,PRDM10,APLP2,ST14,ZBTB44,ADAMTS8	0.004757501070403217	0.004888472665513613
chr11	126262938	133845538	SRPRA,FOXRED1,TIRAP,DCPS,ST3GAL4,KIRREL3,ETS1,FLI1,KCNJ1,KCNJ5,TP53AIP1,ARHGAP32,BARX2,TMEM45B,NFRKB,PRDM10,APLP2,ST14,ZBTB44,ADAMTS8,ADAMTS15,SNX19,NTM,OPCML,SPATA19	0.00914990970518081	0.008130051400823032
chr11	126423358	134253370	KIRREL3,ETS1,FLI1,KCNJ1,KCNJ5,TP53AIP1,ARHGAP32,BARX2,TMEM45B,NFRKB,PRDM10,APLP2,ST14,ZBTB44,ADAMTS8,ADAMTS15,SNX19,NTM,OPCML,SPATA19,IGSF9B,JAM3,NCAPD3,VPS26B,THYN1	0.014413457251310342	0.0163296881115474
chr12	66767	3040676	IQSEC3,SLC6A12,SLC6A13,KDM5A,CCDC77,B4GALNT3,NINJ2,WNK1,RAD52,ERC1,WNT5B,FBXL14,ADIPOR2,CACNA2D4,LRTM2,DCP1B,CACNA1C,FKBP4,ITFG2,NRIP2,TEX52,FOXM1,RHNO1,TULP3,TEAD4	0.02975221100474471	0.01315293185819542
chr12	459939	4305353	B4GALNT3,NINJ2,WNK1,RAD52,ERC1,WNT5B,FBXL14,ADIPOR2,CACNA2D4,LRTM2,DCP1B,CACNA1C,FKBP4,ITFG2,NRIP2,TEX52,FOXM1,RHNO1,TULP3,TEAD4,TSPAN9,PRMT8,CRACR2A,PARP11,CCND2	0.02676093819027232	0.013393007570048769
chr12	1529891	4538508	WNT5B,FBXL14,ADIPOR2,CACNA2D4,LRTM2,DCP1B,CACNA1C,FKBP4,ITFG2,NRIP2,TEX52,FOXM1,RHNO1,TULP3,TEAD4,TSPAN9,PRMT8,CRACR2A,PARP11,CCND2,ENSG00000285901,TIGAR,FGF23,FGF6,C12orf4	0.019915330510948532	0.011794207556312181
chr12	1946053	4694317	DCP1B,CACNA1C,FKBP4,ITFG2,NRIP2,TEX52,FOXM1,RHNO1,TULP3,TEAD4,TSPAN9,PRMT8,CRACR2A,PARP11,CCND2,ENSG00000285901,TIGAR,FGF23,FGF6,C12orf4,RAD51AP1,DYRK4,ENSG00000272921,AKAP3,NDUFA9	0.019570827221103815	0.013075607448178957
chr12	2849046	5046788	TEX52,FOXM1,RHNO1,TULP3,TEAD4,TSPAN9,PRMT8,CRACR2A,PARP11,CCND2,ENSG00000285901,TIGAR,FGF23,FGF6,C12orf4,RAD51AP1,DYRK4,ENSG00000272921,AKAP3,NDUFA9,ENSG00000255639,GALNT8,KCNA6,KCNA1,KCNA5	0.015369413108793042	0.012176751540269044
chr12	3077355	6328506	TSPAN9,PRMT8,CRACR2A,PARP11,CCND2,ENSG00000285901,TIGAR,FGF23,FGF6,C12orf4,RAD51AP1,DYRK4,ENSG00000272921,AKAP3,NDUFA9,ENSG00000255639,GALNT8,KCNA6,KCNA1,KCNA5,NTF3,ANO2,VWF,CD9,PLEKHG6	0.010764354175404821	0.008770020266679762
chr12	4273762	6466517	ENSG00000285901,TIGAR,FGF23,FGF6,C12orf4,RAD51AP1,DYRK4,ENSG00000272921,AKAP3,NDUFA9,ENSG00000255639,GALNT8,KCNA6,KCNA1,KCNA5,NTF3,ANO2,VWF,CD9,PLEKHG6,TNFRSF1A,SCNN1A,LTBR,CD27,TAPBPL	0.005196663297804878	0.0037925780166835643
chr12	4538798	6556073	RAD51AP1,DYRK4,ENSG00000272921,AKAP3,NDUFA9,ENSG00000255639,GALNT8,KCNA6,KCNA1,KCNA5,NTF3,ANO2,VWF,CD9,PLEKHG6,TNFRSF1A,SCNN1A,LTBR,CD27,TAPBPL,VAMP1,MRPL51,NCAPD2,GAPDH,IFFO1	0.004056422962497689	0.001195030065611465
chr12	4649101	6647433	ENSG00000255639,GALNT8,KCNA6,KCNA1,KCNA5,NTF3,ANO2,VWF,CD9,PLEKHG6,TNFRSF1A,SCNN1A,LTBR,CD27,TAPBPL,VAMP1,MRPL51,NCAPD2,GAPDH,IFFO1,NOP2,ENSG00000285238,CHD4,LPAR5,ACRBP	0.01536061330050783	0.00489174887508289
chr12	5432108	6767475	NTF3,ANO2,VWF,CD9,PLEKHG6,TNFRSF1A,SCNN1A,LTBR,CD27,TAPBPL,VAMP1,MRPL51,NCAPD2,GAPDH,IFFO1,NOP2,ENSG00000285238,CHD4,LPAR5,ACRBP,ING4,ZNF384,PIANP,COPS7A,MLF2	0.03811281870002929	0.006005943480513702
chr12	6328757	6839847	TNFRSF1A,SCNN1A,LTBR,CD27,TAPBPL,VAMP1,MRPL51,NCAPD2,GAPDH,IFFO1,NOP2,ENSG00000285238,CHD4,LPAR5,ACRBP,ING4,ZNF384,PIANP,COPS7A,MLF2,PTMS,LAG3,CD4,GPR162,P3H3	0.04362669403876349	0.00474782422592116
chr12	6462237	6889358	VAMP1,MRPL51,NCAPD2,GAPDH,IFFO1,NOP2,ENSG00000285238,CHD4,LPAR5,ACRBP,ING4,ZNF384,PIANP,COPS7A,MLF2,PTMS,LAG3,CD4,GPR162,P3H3,GNB3,CDCA3,USP5,TPI1,SPSB2	0.04596170964402885	0.005604853823140293
chr12	6556863	6961316	NOP2,ENSG00000285238,CHD4,LPAR5,ACRBP,ING4,ZNF384,PIANP,COPS7A,MLF2,PTMS,LAG3,CD4,GPR162,P3H3,GNB3,CDCA3,USP5,TPI1,SPSB2,LRRC23,ENO2,ATN1,C12orf57,PTPN6	0.04316982563446387	0.004099671947783162
chr12	6650301	7092540	ING4,ZNF384,PIANP,COPS7A,MLF2,PTMS,LAG3,CD4,GPR162,P3H3,GNB3,CDCA3,USP5,TPI1,SPSB2,LRRC23,ENO2,ATN1,C12orf57,PTPN6,PHB2,EMG1,LPCAT3,C1S,C1R	0.04236385331100689	0.003824244183353765
chr12	6765516	7328719	PTMS,LAG3,CD4,GPR162,P3H3,GNB3,CDCA3,USP5,TPI1,SPSB2,LRRC23,ENO2,ATN1,C12orf57,PTPN6,PHB2,EMG1,LPCAT3,C1S,C1R,C1RL,RBP5,CLSTN3,PEX5,ACSM4	0.033587912808149115	0.003993612461299379
chr12	6839954	7717559	GNB3,CDCA3,USP5,TPI1,SPSB2,LRRC23,ENO2,ATN1,C12orf57,PTPN6,PHB2,EMG1,LPCAT3,C1S,C1R,C1RL,RBP5,CLSTN3,PEX5,ACSM4,CD163L1,CD163,APOBEC1,GDF3,DPPA3	0.014672370487052803	0.0044098801623355536
chr12	6873569	8019007	LRRC23,ENO2,ATN1,C12orf57,PTPN6,PHB2,EMG1,LPCAT3,C1S,C1R,C1RL,RBP5,CLSTN3,PEX5,ACSM4,CD163L1,CD163,APOBEC1,GDF3,DPPA3,CLEC4C,NANOGNB,NANOG,SLC2A14,SLC2A3	0.009484075326197659	0.007882490111085577
chr12	6965327	8175320	PHB2,EMG1,LPCAT3,C1S,C1R,C1RL,RBP5,CLSTN3,PEX5,ACSM4,CD163L1,CD163,APOBEC1,GDF3,DPPA3,CLEC4C,NANOGNB,NANOG,SLC2A14,SLC2A3,FOXJ2,C3AR1,NECAP1,CLEC4A,ENSG00000284393	0.004042491955695664	0.002131245498499621
chr12	7089587	8540905	C1RL,RBP5,CLSTN3,PEX5,ACSM4,CD163L1,CD163,APOBEC1,GDF3,DPPA3,CLEC4C,NANOGNB,NANOG,SLC2A14,SLC2A3,FOXJ2,C3AR1,NECAP1,CLEC4A,ENSG00000284393,ZNF705A,FAM90A1,CLEC6A,CLEC4D,CLEC4E	0.007966527033489249	0.0037885009860425633
chr12	7346685	8941467	CD163L1,CD163,APOBEC1,GDF3,DPPA3,CLEC4C,NANOGNB,NANOG,SLC2A14,SLC2A3,FOXJ2,C3AR1,NECAP1,CLEC4A,ENSG00000284393,ZNF705A,FAM90A1,CLEC6A,CLEC4D,CLEC4E,AICDA,MFAP5,RIMKLB,A2ML1,PHC1	0.0124082713108723	0.008124499529549216
chr12	7729383	9607916	CLEC4C,NANOGNB,NANOG,SLC2A14,SLC2A3,FOXJ2,C3AR1,NECAP1,CLEC4A,ENSG00000284393,ZNF705A,FAM90A1,CLEC6A,CLEC4D,CLEC4E,AICDA,MFAP5,RIMKLB,A2ML1,PHC1,M6PR,KLRG1,A2M,PZP,KLRB1	0.008655744601857977	0.004055356552087047
chr12	8032716	9895833	FOXJ2,C3AR1,NECAP1,CLEC4A,ENSG00000284393,ZNF705A,FAM90A1,CLEC6A,CLEC4D,CLEC4E,AICDA,MFAP5,RIMKLB,A2ML1,PHC1,M6PR,KLRG1,A2M,PZP,KLRB1,CLEC2D,CD69,KLRF1,CLEC2B,KLRF2	0.01624486921392102	0.009599409349165006
chr12	8157015	10066031	ZNF705A,FAM90A1,CLEC6A,CLEC4D,CLEC4E,AICDA,MFAP5,RIMKLB,A2ML1,PHC1,M6PR,KLRG1,A2M,PZP,KLRB1,CLEC2D,CD69,KLRF1,CLEC2B,KLRF2,CLEC2A,CLEC12A,CLEC1B,CLEC12B,CLEC9A	0.01151787373600719	0.006215152816011773
chr12	8602155	10223128	AICDA,MFAP5,RIMKLB,A2ML1,PHC1,M6PR,KLRG1,A2M,PZP,KLRB1,CLEC2D,CD69,KLRF1,CLEC2B,KLRF2,CLEC2A,CLEC12A,CLEC1B,CLEC12B,CLEC9A,CLEC1A,CLEC7A,OLR1,TMEM52B,GABARAPL1	0.002984674577009919	0.0013279566371407715
chr12	8940361	10436001	M6PR,KLRG1,A2M,PZP,KLRB1,CLEC2D,CD69,KLRF1,CLEC2B,KLRF2,CLEC2A,CLEC12A,CLEC1B,CLEC12B,CLEC9A,CLEC1A,CLEC7A,OLR1,TMEM52B,GABARAPL1,KLRD1,KLRC4-KLRK1,KLRK1,KLRC4,ENSG00000255641	0.0009392107833139793	0.0004577155167983366
chr12	9664969	10613609	CLEC2D,CD69,KLRF1,CLEC2B,KLRF2,CLEC2A,CLEC12A,CLEC1B,CLEC12B,CLEC9A,CLEC1A,CLEC7A,OLR1,TMEM52B,GABARAPL1,KLRD1,KLRC4-KLRK1,KLRK1,KLRC4,ENSG00000255641,KLRC3,KLRC2,KLRC1,EIF2S3B,MAGOHB	0.002489720119947568	0.0028625832944958233
chr12	9898673	10810168	CLEC2A,CLEC12A,CLEC1B,CLEC12B,CLEC9A,CLEC1A,CLEC7A,OLR1,TMEM52B,GABARAPL1,KLRD1,KLRC4-KLRK1,KLRK1,KLRC4,ENSG00000255641,KLRC3,KLRC2,KLRC1,EIF2S3B,MAGOHB,STYK1,YBX3,TAS2R7,TAS2R8,TAS2R9	0.0027373670054471754	0.002792647061766686
chr12	10069554	11171608	CLEC1A,CLEC7A,OLR1,TMEM52B,GABARAPL1,KLRD1,KLRC4-KLRK1,KLRK1,KLRC4,ENSG00000255641,KLRC3,KLRC2,KLRC1,EIF2S3B,MAGOHB,STYK1,YBX3,TAS2R7,TAS2R8,TAS2R9,PRH1,TAS2R10,PRR4,ENSG00000275778,TAS2R13	0.006283039790171911	0.003949348643869953
chr12	10226058	11171608	KLRD1,KLRC4-KLRK1,KLRK1,KLRC4,ENSG00000255641,KLRC3,KLRC2,KLRC1,EIF2S3B,MAGOHB,STYK1,YBX3,TAS2R7,TAS2R8,TAS2R9,PRH1,TAS2R10,PRR4,ENSG00000275778,TAS2R13,PRH2,TAS2R14,TAS2R50,TAS2R20,TAS2R19	0.011480792641268176	0.006385364676382164
chr12	10412315	11176016	KLRC3,KLRC2,KLRC1,EIF2S3B,MAGOHB,STYK1,YBX3,TAS2R7,TAS2R8,TAS2R9,PRH1,TAS2R10,PRR4,ENSG00000275778,TAS2R13,PRH2,TAS2R14,TAS2R50,TAS2R20,TAS2R19,TAS2R31,TAS2R46,TAS2R43,TAS2R30,SMIM10L1	0.009083769555872248	0.004984621229110098
chr12	10618923	11501041	STYK1,YBX3,TAS2R7,TAS2R8,TAS2R9,PRH1,TAS2R10,PRR4,ENSG00000275778,TAS2R13,PRH2,TAS2R14,TAS2R50,TAS2R20,TAS2R19,TAS2R31,TAS2R46,TAS2R43,TAS2R30,SMIM10L1,TAS2R42,PRB3,PRB4,PRB1,PRB2	0.005200438486374373	0.002456016695117581
chr12	10824960	12471233	PRH1,TAS2R10,PRR4,ENSG00000275778,TAS2R13,PRH2,TAS2R14,TAS2R50,TAS2R20,TAS2R19,TAS2R31,TAS2R46,TAS2R43,TAS2R30,SMIM10L1,TAS2R42,PRB3,PRB4,PRB1,PRB2,ETV6,BCL2L14,LRP6,MANSC1,BORCS5	0.007001589183998509	0.0044757904402722695
chr12	10929236	12829975	PRH2,TAS2R14,TAS2R50,TAS2R20,TAS2R19,TAS2R31,TAS2R46,TAS2R43,TAS2R30,SMIM10L1,TAS2R42,PRB3,PRB4,PRB1,PRB2,ETV6,BCL2L14,LRP6,MANSC1,BORCS5,DUSP16,CREBL2,GPR19,CDKN1B,APOLD1	0.010821693981621479	0.006109932920045682
chr12	11030387	13142521	TAS2R31,TAS2R46,TAS2R43,TAS2R30,SMIM10L1,TAS2R42,PRB3,PRB4,PRB1,PRB2,ETV6,BCL2L14,LRP6,MANSC1,BORCS5,DUSP16,CREBL2,GPR19,CDKN1B,APOLD1,DDX47,GPRC5A,GPRC5D,HEBP1,FAM234B	0.019881002245559807	0.011512790566672863
chr12	11185993	14567883	TAS2R42,PRB3,PRB4,PRB1,PRB2,ETV6,BCL2L14,LRP6,MANSC1,BORCS5,DUSP16,CREBL2,GPR19,CDKN1B,APOLD1,DDX47,GPRC5A,GPRC5D,HEBP1,FAM234B,GSG1,EMP1,GRIN2B,ATF7IP,PLBD1	0.022611661594954216	0.013800437687485394
chr12	11649674	14906586	ETV6,BCL2L14,LRP6,MANSC1,BORCS5,DUSP16,CREBL2,GPR19,CDKN1B,APOLD1,DDX47,GPRC5A,GPRC5D,HEBP1,FAM234B,GSG1,EMP1,GRIN2B,ATF7IP,PLBD1,GUCY2C,H2AJ,WBP11,C12orf60,SMCO3	0.019944465794483928	0.01033325707408108
chr12	12473282	14981865	DUSP16,CREBL2,GPR19,CDKN1B,APOLD1,DDX47,GPRC5A,GPRC5D,HEBP1,FAM234B,GSG1,EMP1,GRIN2B,ATF7IP,PLBD1,GUCY2C,H2AJ,WBP11,C12orf60,SMCO3,ART4,MGP,ERP27,ARHGDIB,PDE6H	0.026723838704653443	0.014682670279384745
chr12	12813316	16037381	DDX47,GPRC5A,GPRC5D,HEBP1,FAM234B,GSG1,EMP1,GRIN2B,ATF7IP,PLBD1,GUCY2C,H2AJ,WBP11,C12orf60,SMCO3,ART4,MGP,ERP27,ARHGDIB,PDE6H,RERG,PTPRO,EPS8,STRAP,DERA	0.019939440633583792	0.011435870201193086
chr12	13083532	18648416	GSG1,EMP1,GRIN2B,ATF7IP,PLBD1,GUCY2C,H2AJ,WBP11,C12orf60,SMCO3,ART4,MGP,ERP27,ARHGDIB,PDE6H,RERG,PTPRO,EPS8,STRAP,DERA,SLC15A5,MGST1,LMO3,RERGL,PIK3C2G	0.009462896079374738	0.011691501012395203
chr12	14612632	20688583	GUCY2C,H2AJ,WBP11,C12orf60,SMCO3,ART4,MGP,ERP27,ARHGDIB,PDE6H,RERG,PTPRO,EPS8,STRAP,DERA,SLC15A5,MGST1,LMO3,RERGL,PIK3C2G,PLCZ1,CAPZA3,PLEKHA5,AEBP2,PDE3A	-0.0023744767146922498	0.013849994519990905
chr12	14825569	21239796	ART4,MGP,ERP27,ARHGDIB,PDE6H,RERG,PTPRO,EPS8,STRAP,DERA,SLC15A5,MGST1,LMO3,RERGL,PIK3C2G,PLCZ1,CAPZA3,PLEKHA5,AEBP2,PDE3A,SLCO1C1,SLCO1B3,SLCO1B3-SLCO1B7,ENSG00000257062,SLCO1B1	-0.011898868199747715	0.018392104953440246
chr12	15107783	21518408	RERG,PTPRO,EPS8,STRAP,DERA,SLC15A5,MGST1,LMO3,RERGL,PIK3C2G,PLCZ1,CAPZA3,PLEKHA5,AEBP2,PDE3A,SLCO1C1,SLCO1B3,SLCO1B3-SLCO1B7,ENSG00000257062,SLCO1B1,SLCO1A2,IAPP,PYROXD1,RECQL,GOLT1B	0.01174849849607148	0.021563252840747588
chr12	16188485	21775600	SLC15A5,MGST1,LMO3,RERGL,PIK3C2G,PLCZ1,CAPZA3,PLEKHA5,AEBP2,PDE3A,SLCO1C1,SLCO1B3,SLCO1B3-SLCO1B7,ENSG00000257062,SLCO1B1,SLCO1A2,IAPP,PYROXD1,RECQL,GOLT1B,SPX,GYS2,ENSG00000285854,LDHB,KCNJ8	0.008144035794209102	0.004490464600395534
chr12	18683169	22690665	PLCZ1,CAPZA3,PLEKHA5,AEBP2,PDE3A,SLCO1C1,SLCO1B3,SLCO1B3-SLCO1B7,ENSG00000257062,SLCO1B1,SLCO1A2,IAPP,PYROXD1,RECQL,GOLT1B,SPX,GYS2,ENSG00000285854,LDHB,KCNJ8,ABCC9,CMAS,ST8SIA1,C2CD5,ETNK1	0.01478195020534724	0.006595267523475947
chr12	20695332	25250936	SLCO1C1,SLCO1B3,SLCO1B3-SLCO1B7,ENSG00000257062,SLCO1B1,SLCO1A2,IAPP,PYROXD1,RECQL,GOLT1B,SPX,GYS2,ENSG00000285854,LDHB,KCNJ8,ABCC9,CMAS,ST8SIA1,C2CD5,ETNK1,SOX5,BCAT1,IRAG2,ETFRF1,KRAS	0.010349386491540031	0.0012247546210304567
chr12	21264600	26833194	SLCO1A2,IAPP,PYROXD1,RECQL,GOLT1B,SPX,GYS2,ENSG00000285854,LDHB,KCNJ8,ABCC9,CMAS,ST8SIA1,C2CD5,ETNK1,SOX5,BCAT1,IRAG2,ETFRF1,KRAS,LMNTD1,RASSF8,BHLHE41,SSPN,ITPR2	0.014833519594502494	0.006131157418663489
chr12	21526296	27082578	SPX,GYS2,ENSG00000285854,LDHB,KCNJ8,ABCC9,CMAS,ST8SIA1,C2CD5,ETNK1,SOX5,BCAT1,IRAG2,ETFRF1,KRAS,LMNTD1,RASSF8,BHLHE41,SSPN,ITPR2,INTS13,FGFR1OP2,TM7SF3,MED21,C12orf71	0.013561803317102156	0.005978970633755866
chr12	21797389	27756295	ABCC9,CMAS,ST8SIA1,C2CD5,ETNK1,SOX5,BCAT1,IRAG2,ETFRF1,KRAS,LMNTD1,RASSF8,BHLHE41,SSPN,ITPR2,INTS13,FGFR1OP2,TM7SF3,MED21,C12orf71,STK38L,SMCO2,PPFIBP1,REP15,MRPS35	0.023535774931695817	0.009801653312666204
chr12	23529504	29341121	SOX5,BCAT1,IRAG2,ETFRF1,KRAS,LMNTD1,RASSF8,BHLHE41,SSPN,ITPR2,INTS13,FGFR1OP2,TM7SF3,MED21,C12orf71,STK38L,SMCO2,PPFIBP1,REP15,MRPS35,MANSC4,KLHL42,PTHLH,CCDC91,FAR2	0.03625568790129006	0.016072774399458926
chr12	25409307	30823302	LMNTD1,RASSF8,BHLHE41,SSPN,ITPR2,INTS13,FGFR1OP2,TM7SF3,MED21,C12orf71,STK38L,SMCO2,PPFIBP1,REP15,MRPS35,MANSC4,KLHL42,PTHLH,CCDC91,FAR2,ERGIC2,OVCH1,TMTC1,IPO8,CAPRIN2	0.030059291498560108	0.013403600640562117
chr12	26905181	31673114	INTS13,FGFR1OP2,TM7SF3,MED21,C12orf71,STK38L,SMCO2,PPFIBP1,REP15,MRPS35,MANSC4,KLHL42,PTHLH,CCDC91,FAR2,ERGIC2,OVCH1,TMTC1,IPO8,CAPRIN2,TSPAN11,DDX11,SINHCAF,DENND5B,ETFBKMT	0.029200902863693003	0.014014969610155161
chr12	27243968	32646050	STK38L,SMCO2,PPFIBP1,REP15,MRPS35,MANSC4,KLHL42,PTHLH,CCDC91,FAR2,ERGIC2,OVCH1,TMTC1,IPO8,CAPRIN2,TSPAN11,DDX11,SINHCAF,DENND5B,ETFBKMT,AMN1,H3-5,RESF1,BICD1,FGD4	0.03207266822685439	0.014859350694035926
chr12	27762427	34029694	MANSC4,KLHL42,PTHLH,CCDC91,FAR2,ERGIC2,OVCH1,TMTC1,IPO8,CAPRIN2,TSPAN11,DDX11,SINHCAF,DENND5B,ETFBKMT,AMN1,H3-5,RESF1,BICD1,FGD4,DNM1L,YARS2,PKP2,SYT10,ALG10	0.04322274855639587	0.013853685633619852
chr12	29337352	39908300	ERGIC2,OVCH1,TMTC1,IPO8,CAPRIN2,TSPAN11,DDX11,SINHCAF,DENND5B,ETFBKMT,AMN1,H3-5,RESF1,BICD1,FGD4,DNM1L,YARS2,PKP2,SYT10,ALG10,ALG10B,CPNE8,KIF21A,ABCD2,C12orf40	0.04535524586543154	0.010867268942458761
chr12	30926428	41574745	TSPAN11,DDX11,SINHCAF,DENND5B,ETFBKMT,AMN1,H3-5,RESF1,BICD1,FGD4,DNM1L,YARS2,PKP2,SYT10,ALG10,ALG10B,CPNE8,KIF21A,ABCD2,C12orf40,SLC2A13,LRRK2,MUC19,CNTN1,PDZRN4	0.03897503847282827	0.010562468679976471
chr12	31671142	42590355	AMN1,H3-5,RESF1,BICD1,FGD4,DNM1L,YARS2,PKP2,SYT10,ALG10,ALG10B,CPNE8,KIF21A,ABCD2,C12orf40,SLC2A13,LRRK2,MUC19,CNTN1,PDZRN4,GXYLT1,YAF2,PPHLN1,ZCRB1,PRICKLE1	0.03324134484055203	0.007270694354113397
chr12	32679200	44389762	DNM1L,YARS2,PKP2,SYT10,ALG10,ALG10B,CPNE8,KIF21A,ABCD2,C12orf40,SLC2A13,LRRK2,MUC19,CNTN1,PDZRN4,GXYLT1,YAF2,PPHLN1,ZCRB1,PRICKLE1,ADAMTS20,PUS7L,IRAK4,TWF1,TMEM117	0.03300783426254654	0.010607268455020833
chr12	38316762	45992120	ALG10B,CPNE8,KIF21A,ABCD2,C12orf40,SLC2A13,LRRK2,MUC19,CNTN1,PDZRN4,GXYLT1,YAF2,PPHLN1,ZCRB1,PRICKLE1,ADAMTS20,PUS7L,IRAK4,TWF1,TMEM117,NELL2,DBX2,ANO6,ARID2,SCAF11	0.04589433402419829	0.01230265497870099
chr12	39755025	47236662	SLC2A13,LRRK2,MUC19,CNTN1,PDZRN4,GXYLT1,YAF2,PPHLN1,ZCRB1,PRICKLE1,ADAMTS20,PUS7L,IRAK4,TWF1,TMEM117,NELL2,DBX2,ANO6,ARID2,SCAF11,SLC38A1,SLC38A2,SLC38A4,AMIGO2,PCED1B	0.04489224337781205	0.009703810023366476
chr12	42081845	47833132	GXYLT1,YAF2,PPHLN1,ZCRB1,PRICKLE1,ADAMTS20,PUS7L,IRAK4,TWF1,TMEM117,NELL2,DBX2,ANO6,ARID2,SCAF11,SLC38A1,SLC38A2,SLC38A4,AMIGO2,PCED1B,RPAP3,ENDOU,RAPGEF3,SLC48A1,HDAC7	0.041627453186727545	0.009133114110658922
chr12	43353866	48146404	ADAMTS20,PUS7L,IRAK4,TWF1,TMEM117,NELL2,DBX2,ANO6,ARID2,SCAF11,SLC38A1,SLC38A2,SLC38A4,AMIGO2,PCED1B,RPAP3,ENDOU,RAPGEF3,SLC48A1,HDAC7,VDR,TMEM106C,COL2A1,SENP1,PFKM	0.034091593497952426	0.013000179012079043
chr12	44508275	48351414	NELL2,DBX2,ANO6,ARID2,SCAF11,SLC38A1,SLC38A2,SLC38A4,AMIGO2,PCED1B,RPAP3,ENDOU,RAPGEF3,SLC48A1,HDAC7,VDR,TMEM106C,COL2A1,SENP1,PFKM,ASB8,CCDC184,OR10AD1,H1-7,ZNF641	0.022172310234655105	0.012424810321576342
chr12	46183063	48570066	SLC38A1,SLC38A2,SLC38A4,AMIGO2,PCED1B,RPAP3,ENDOU,RAPGEF3,SLC48A1,HDAC7,VDR,TMEM106C,COL2A1,SENP1,PFKM,ASB8,CCDC184,OR10AD1,H1-7,ZNF641,ANP32D,C12orf54,OR8S1,OR5BS1P,LALBA	0.018542729526124426	0.015467173490960667
chr12	47661249	48828941	RPAP3,ENDOU,RAPGEF3,SLC48A1,HDAC7,VDR,TMEM106C,COL2A1,SENP1,PFKM,ASB8,CCDC184,OR10AD1,H1-7,ZNF641,ANP32D,C12orf54,OR8S1,OR5BS1P,LALBA,KANSL2,CCNT1,TEX49,ADCY6,CACNB3	0.014987358364053427	0.012557024688013046
chr12	47841537	48957365	VDR,TMEM106C,COL2A1,SENP1,PFKM,ASB8,CCDC184,OR10AD1,H1-7,ZNF641,ANP32D,C12orf54,OR8S1,OR5BS1P,LALBA,KANSL2,CCNT1,TEX49,ADCY6,CACNB3,DDX23,RND1,ENSG00000272822,CCDC65,FKBP11	0.010973306173457414	0.0068889828184799055
chr12	48147789	49018807	ASB8,CCDC184,OR10AD1,H1-7,ZNF641,ANP32D,C12orf54,OR8S1,OR5BS1P,LALBA,KANSL2,CCNT1,TEX49,ADCY6,CACNB3,DDX23,RND1,ENSG00000272822,CCDC65,FKBP11,ARF3,WNT10B,WNT1,DDN,PRKAG1	0.017496708354453876	0.011747751947525907
chr12	48472559	49110900	ANP32D,C12orf54,OR8S1,OR5BS1P,LALBA,KANSL2,CCNT1,TEX49,ADCY6,CACNB3,DDX23,RND1,ENSG00000272822,CCDC65,FKBP11,ARF3,WNT10B,WNT1,DDN,PRKAG1,ENSG00000288710,KMT2D,RHEBL1,DHH,LMBR1L	0.01730050020107942	0.011994714416135917
chr12	48653211	49331731	KANSL2,CCNT1,TEX49,ADCY6,CACNB3,DDX23,RND1,ENSG00000272822,CCDC65,FKBP11,ARF3,WNT10B,WNT1,DDN,PRKAG1,ENSG00000288710,KMT2D,RHEBL1,DHH,LMBR1L,TUBA1B,TUBA1A,TUBA1C,PRPH,TROAP	0.009167094870770925	0.007276508195318337
chr12	48829756	49568145	DDX23,RND1,ENSG00000272822,CCDC65,FKBP11,ARF3,WNT10B,WNT1,DDN,PRKAG1,ENSG00000288710,KMT2D,RHEBL1,DHH,LMBR1L,TUBA1B,TUBA1A,TUBA1C,PRPH,TROAP,C1QL4,DNAJC22,SPATS2,KCNH3,MCRS1	-0.0021675978054567125	0.001899474501340582
chr12	48935723	49828750	ARF3,WNT10B,WNT1,DDN,PRKAG1,ENSG00000288710,KMT2D,RHEBL1,DHH,LMBR1L,TUBA1B,TUBA1A,TUBA1C,PRPH,TROAP,C1QL4,DNAJC22,SPATS2,KCNH3,MCRS1,PRPF40B,FAM186B,FMNL3,TMBIM6,NCKAP5L	-0.00040747031661098195	0.0022801665659081803
chr12	49002274	49977139	ENSG00000288710,KMT2D,RHEBL1,DHH,LMBR1L,TUBA1B,TUBA1A,TUBA1C,PRPH,TROAP,C1QL4,DNAJC22,SPATS2,KCNH3,MCRS1,PRPF40B,FAM186B,FMNL3,TMBIM6,NCKAP5L,BCDIN3D,FAIM2,AQP2,AQP5,AQP6	0.021259648872377027	0.008472691398058875
chr12	49127782	50120457	TUBA1B,TUBA1A,TUBA1C,PRPH,TROAP,C1QL4,DNAJC22,SPATS2,KCNH3,MCRS1,PRPF40B,FAM186B,FMNL3,TMBIM6,NCKAP5L,BCDIN3D,FAIM2,AQP2,AQP5,AQP6,RACGAP1,ASIC1,SMARCD1,GPD1,COX14	0.028723502602661943	0.009770190983047631
chr12	49332409	50748657	C1QL4,DNAJC22,SPATS2,KCNH3,MCRS1,PRPF40B,FAM186B,FMNL3,TMBIM6,NCKAP5L,BCDIN3D,FAIM2,AQP2,AQP5,AQP6,RACGAP1,ASIC1,SMARCD1,GPD1,COX14,CERS5,LIMA1,FAM186A,LARP4,DIP2B	0.02480199521332243	0.010511515759846464
chr12	49568218	51028566	PRPF40B,FAM186B,FMNL3,TMBIM6,NCKAP5L,BCDIN3D,FAIM2,AQP2,AQP5,AQP6,RACGAP1,ASIC1,SMARCD1,GPD1,COX14,CERS5,LIMA1,FAM186A,LARP4,DIP2B,ATF1,TMPRSS12,METTL7A,HIGD1C,SLC11A2	0.02942343160716686	0.015401798145714797
chr12	49836043	51271362	BCDIN3D,FAIM2,AQP2,AQP5,AQP6,RACGAP1,ASIC1,SMARCD1,GPD1,COX14,CERS5,LIMA1,FAM186A,LARP4,DIP2B,ATF1,TMPRSS12,METTL7A,HIGD1C,SLC11A2,LETMD1,CSRNP2,TFCP2,POU6F1,DAZAP2	0.028760382297434366	0.01626111474454269
chr12	49976923	51515763	RACGAP1,ASIC1,SMARCD1,GPD1,COX14,CERS5,LIMA1,FAM186A,LARP4,DIP2B,ATF1,TMPRSS12,METTL7A,HIGD1C,SLC11A2,LETMD1,CSRNP2,TFCP2,POU6F1,DAZAP2,SMAGP,BIN2,CELA1,GALNT6,SLC4A8	0.021731153778540555	0.010768427557498666
chr12	50129289	51923361	CERS5,LIMA1,FAM186A,LARP4,DIP2B,ATF1,TMPRSS12,METTL7A,HIGD1C,SLC11A2,LETMD1,CSRNP2,TFCP2,POU6F1,DAZAP2,SMAGP,BIN2,CELA1,GALNT6,SLC4A8,SCN8A,TMDD1,FIGNL2,ANKRD33,ACVRL1	0.020358805146594598	0.010140587656005787
chr12	50763710	52108255	ATF1,TMPRSS12,METTL7A,HIGD1C,SLC11A2,LETMD1,CSRNP2,TFCP2,POU6F1,DAZAP2,SMAGP,BIN2,CELA1,GALNT6,SLC4A8,SCN8A,TMDD1,FIGNL2,ANKRD33,ACVRL1,ACVR1B,TAMALIN,NR4A1,ATG101,SMIM41	0.016849321437118453	0.008945666803891394
chr12	51047962	52321398	LETMD1,CSRNP2,TFCP2,POU6F1,DAZAP2,SMAGP,BIN2,CELA1,GALNT6,SLC4A8,SCN8A,TMDD1,FIGNL2,ANKRD33,ACVRL1,ACVR1B,TAMALIN,NR4A1,ATG101,SMIM41,KRT80,KRT7,KRT86,KRT81,KRT83	0.014112691609392429	0.008398742192409778
chr12	51244558	52452146	SMAGP,BIN2,CELA1,GALNT6,SLC4A8,SCN8A,TMDD1,FIGNL2,ANKRD33,ACVRL1,ACVR1B,TAMALIN,NR4A1,ATG101,SMIM41,KRT80,KRT7,KRT86,KRT81,KRT83,KRT85,KRT84,KRT82,KRT75,KRT6B	0.011583601888978626	0.007505205332135454
chr12	51590266	52573843	SCN8A,TMDD1,FIGNL2,ANKRD33,ACVRL1,ACVR1B,TAMALIN,NR4A1,ATG101,SMIM41,KRT80,KRT7,KRT86,KRT81,KRT83,KRT85,KRT84,KRT82,KRT75,KRT6B,KRT6C,KRT6A,KRT5,KRT71,KRT74	0.0030930331622446	0.0023026963759192882
chr12	51951699	52703524	ACVR1B,TAMALIN,NR4A1,ATG101,SMIM41,KRT80,KRT7,KRT86,KRT81,KRT83,KRT85,KRT84,KRT82,KRT75,KRT6B,KRT6C,KRT6A,KRT5,KRT71,KRT74,KRT72,KRT73,KRT2,KRT1,KRT77	0.00027991313436622254	0.00027757833419342825
chr12	52168996	52849092	KRT80,KRT7,KRT86,KRT81,KRT83,KRT85,KRT84,KRT82,KRT75,KRT6B,KRT6C,KRT6A,KRT5,KRT71,KRT74,KRT72,KRT73,KRT2,KRT1,KRT77,KRT76,KRT3,KRT4,KRT79,KRT78	1.9735964853260578e-05	0.0
chr12	52360006	53079404	KRT85,KRT84,KRT82,KRT75,KRT6B,KRT6C,KRT6A,KRT5,KRT71,KRT74,KRT72,KRT73,KRT2,KRT1,KRT77,KRT76,KRT3,KRT4,KRT79,KRT78,KRT8,KRT18,EIF4B,TNS2,SPRYD3	0.00016493549589152078	0.00011413551593645316
chr12	52468516	53207282	KRT6C,KRT6A,KRT5,KRT71,KRT74,KRT72,KRT73,KRT2,KRT1,KRT77,KRT76,KRT3,KRT4,KRT79,KRT78,KRT8,KRT18,EIF4B,TNS2,SPRYD3,IGFBP6,SOAT2,CSAD,ZNF740,ITGB7	0.0037967227880042562	0.002513641140844669
chr12	52585589	53299452	KRT72,KRT73,KRT2,KRT1,KRT77,KRT76,KRT3,KRT4,KRT79,KRT78,KRT8,KRT18,EIF4B,TNS2,SPRYD3,IGFBP6,SOAT2,CSAD,ZNF740,ITGB7,RARG,ENSG00000283536,MFSD5,ESPL1,PFDN5	0.021636438255559613	0.012299695806955564
chr12	52768155	53431672	KRT76,KRT3,KRT4,KRT79,KRT78,KRT8,KRT18,EIF4B,TNS2,SPRYD3,IGFBP6,SOAT2,CSAD,ZNF740,ITGB7,RARG,ENSG00000283536,MFSD5,ESPL1,PFDN5,MYG1,AAAS,SP7,SP1,AMHR2	0.024708814243772973	0.01226205354200148
chr12	52897187	53507484	KRT8,KRT18,EIF4B,TNS2,SPRYD3,IGFBP6,SOAT2,CSAD,ZNF740,ITGB7,RARG,ENSG00000283536,MFSD5,ESPL1,PFDN5,MYG1,AAAS,SP7,SP1,AMHR2,PRR13,PCBP2,MAP3K12,TARBP2,NPFF	0.016963615347308444	0.008648113119694911
chr12	53097436	53946544	IGFBP6,SOAT2,CSAD,ZNF740,ITGB7,RARG,ENSG00000283536,MFSD5,ESPL1,PFDN5,MYG1,AAAS,SP7,SP1,AMHR2,PRR13,PCBP2,MAP3K12,TARBP2,NPFF,ATF7-NPFF,ATF7,ATP5MC2,CALCOCO1,HOXC13	0.023653646237188426	0.01246850313913726
chr12	53210567	54034888	RARG,ENSG00000283536,MFSD5,ESPL1,PFDN5,MYG1,AAAS,SP7,SP1,AMHR2,PRR13,PCBP2,MAP3K12,TARBP2,NPFF,ATF7-NPFF,ATF7,ATP5MC2,CALCOCO1,HOXC13,HOXC12,HOXC11,HOXC10,ENSG00000273049,HOXC6	0.0264683758923807	0.008319174645961845
chr12	53299695	54189008	MYG1,AAAS,SP7,SP1,AMHR2,PRR13,PCBP2,MAP3K12,TARBP2,NPFF,ATF7-NPFF,ATF7,ATP5MC2,CALCOCO1,HOXC13,HOXC12,HOXC11,HOXC10,ENSG00000273049,HOXC6,HOXC9,HOXC8,HOXC4,HOXC5,SMUG1	0.014049658878891196	6.603489208499187e-06
chr12	53441678	54364487	PRR13,PCBP2,MAP3K12,TARBP2,NPFF,ATF7-NPFF,ATF7,ATP5MC2,CALCOCO1,HOXC13,HOXC12,HOXC11,HOXC10,ENSG00000273049,HOXC6,HOXC9,HOXC8,HOXC4,HOXC5,SMUG1,CBX5,HNRNPA1,NFE2,COPZ1,GPR84	0.010318272910004058	0.0007311720775522497
chr12	53506691	54579239	ATF7-NPFF,ATF7,ATP5MC2,CALCOCO1,HOXC13,HOXC12,HOXC11,HOXC10,ENSG00000273049,HOXC6,HOXC9,HOXC8,HOXC4,HOXC5,SMUG1,CBX5,HNRNPA1,NFE2,COPZ1,GPR84,ZNF385A,ITGA5,GTSF1,NCKAP1L,PDE1B	0.021435341185793676	0.0020430311919046886
chr12	53954903	54984762	HOXC12,HOXC11,HOXC10,ENSG00000273049,HOXC6,HOXC9,HOXC8,HOXC4,HOXC5,SMUG1,CBX5,HNRNPA1,NFE2,COPZ1,GPR84,ZNF385A,ITGA5,GTSF1,NCKAP1L,PDE1B,PPP1R1A,LACRT,DCD,MUCL1,TESPA1	0.03148118484274921	0.003766528522589766
chr12	53994895	55296569	HOXC9,HOXC8,HOXC4,HOXC5,SMUG1,CBX5,HNRNPA1,NFE2,COPZ1,GPR84,ZNF385A,ITGA5,GTSF1,NCKAP1L,PDE1B,PPP1R1A,LACRT,DCD,MUCL1,TESPA1,NEUROD4,OR9K2,OR10A7,OR6C74,OR6C6	0.01879574053834631	0.004559552019390716
chr12	54230942	55427192	CBX5,HNRNPA1,NFE2,COPZ1,GPR84,ZNF385A,ITGA5,GTSF1,NCKAP1L,PDE1B,PPP1R1A,LACRT,DCD,MUCL1,TESPA1,NEUROD4,OR9K2,OR10A7,OR6C74,OR6C6,OR6C1,OR6C3,OR6C75,OR6C65,OR6C76	0.008025447899848822	0.0026519685256570003
chr12	54369133	55575612	ZNF385A,ITGA5,GTSF1,NCKAP1L,PDE1B,PPP1R1A,LACRT,DCD,MUCL1,TESPA1,NEUROD4,OR9K2,OR10A7,OR6C74,OR6C6,OR6C1,OR6C3,OR6C75,OR6C65,OR6C76,OR6C2,OR6C70,OR6C68,OR6C4,OR2AP1	0.0022455510839722533	0.0011615407894394099
chr12	54575387	55724703	PPP1R1A,LACRT,DCD,MUCL1,TESPA1,NEUROD4,OR9K2,OR10A7,OR6C74,OR6C6,OR6C1,OR6C3,OR6C75,OR6C65,OR6C76,OR6C2,OR6C70,OR6C68,OR6C4,OR2AP1,OR10P1,METTL7B,ITGA7,ENSG00000258311,BLOC1S1	0.00023966769247660722	0.00011185563098552368
chr12	55019974	55827546	NEUROD4,OR9K2,OR10A7,OR6C74,OR6C6,OR6C1,OR6C3,OR6C75,OR6C65,OR6C76,OR6C2,OR6C70,OR6C68,OR6C4,OR2AP1,OR10P1,METTL7B,ITGA7,ENSG00000258311,BLOC1S1,RDH5,CD63,GDF11,SARNP,ENSG00000257390	0.0018983949988592382	0.0011381075979522886
chr12	55314343	55954027	OR6C1,OR6C3,OR6C75,OR6C65,OR6C76,OR6C2,OR6C70,OR6C68,OR6C4,OR2AP1,OR10P1,METTL7B,ITGA7,ENSG00000258311,BLOC1S1,RDH5,CD63,GDF11,SARNP,ENSG00000257390,ORMDL2,DNAJC14,MMP19,PYM1,DGKA	0.015672597666628728	0.008418440192149901
chr12	55444069	56038435	OR6C2,OR6C70,OR6C68,OR6C4,OR2AP1,OR10P1,METTL7B,ITGA7,ENSG00000258311,BLOC1S1,RDH5,CD63,GDF11,SARNP,ENSG00000257390,ORMDL2,DNAJC14,MMP19,PYM1,DGKA,PMEL,CDK2,RAB5B,SUOX,IKZF4	0.025383169578502732	0.00807112638249593
chr12	55636892	56117967	OR10P1,METTL7B,ITGA7,ENSG00000258311,BLOC1S1,RDH5,CD63,GDF11,SARNP,ENSG00000257390,ORMDL2,DNAJC14,MMP19,PYM1,DGKA,PMEL,CDK2,RAB5B,SUOX,IKZF4,RPS26,ERBB3,ENSG00000257411,PA2G4,RPL41	0.014689471779845675	0.00835271209488048
chr12	55720367	56189567	RDH5,CD63,GDF11,SARNP,ENSG00000257390,ORMDL2,DNAJC14,MMP19,PYM1,DGKA,PMEL,CDK2,RAB5B,SUOX,IKZF4,RPS26,ERBB3,ENSG00000257411,PA2G4,RPL41,ESYT1,ZC3H10,MYL6B,MYL6,SMARCC2	0.005764224479789078	0.0023183884382025274
chr12	55818041	56270966	ORMDL2,DNAJC14,MMP19,PYM1,DGKA,PMEL,CDK2,RAB5B,SUOX,IKZF4,RPS26,ERBB3,ENSG00000257411,PA2G4,RPL41,ESYT1,ZC3H10,MYL6B,MYL6,SMARCC2,RNF41,NABP2,SLC39A5,ANKRD52,COQ10A	0.01909331101746656	-0.0004502327532940154
chr12	55954105	56340410	PMEL,CDK2,RAB5B,SUOX,IKZF4,RPS26,ERBB3,ENSG00000257411,PA2G4,RPL41,ESYT1,ZC3H10,MYL6B,MYL6,SMARCC2,RNF41,NABP2,SLC39A5,ANKRD52,COQ10A,CS,ENSG00000144785,CNPY2,PAN2,IL23A	0.03740817887601658	0.0014873120200006372
chr12	56041351	56488170	RPS26,ERBB3,ENSG00000257411,PA2G4,RPL41,ESYT1,ZC3H10,MYL6B,MYL6,SMARCC2,RNF41,NABP2,SLC39A5,ANKRD52,COQ10A,CS,ENSG00000144785,CNPY2,PAN2,IL23A,STAT2,APOF,TIMELESS,MIP,ENSG00000285528	0.034413171972515644	0.004310252237867265
chr12	56118250	56645984	ESYT1,ZC3H10,MYL6B,MYL6,SMARCC2,RNF41,NABP2,SLC39A5,ANKRD52,COQ10A,CS,ENSG00000144785,CNPY2,PAN2,IL23A,STAT2,APOF,TIMELESS,MIP,ENSG00000285528,SPRYD4,GLS2,RBMS2,BAZ2A,ATP5F1B	0.025505677232859025	0.011891892799118935
chr12	56202179	56787790	RNF41,NABP2,SLC39A5,ANKRD52,COQ10A,CS,ENSG00000144785,CNPY2,PAN2,IL23A,STAT2,APOF,TIMELESS,MIP,ENSG00000285528,SPRYD4,GLS2,RBMS2,BAZ2A,ATP5F1B,PTGES3,NACA,ENSG00000285625,PRIM1,HSD17B6	0.016590823128532262	0.005546822895272191
chr12	56271699	57028883	CS,ENSG00000144785,CNPY2,PAN2,IL23A,STAT2,APOF,TIMELESS,MIP,ENSG00000285528,SPRYD4,GLS2,RBMS2,BAZ2A,ATP5F1B,PTGES3,NACA,ENSG00000285625,PRIM1,HSD17B6,SDR9C7,RDH16,GPR182,ZBTB39,TAC3	0.022574008114774436	-0.000297039605873059
chr12	56341597	57213361	STAT2,APOF,TIMELESS,MIP,ENSG00000285528,SPRYD4,GLS2,RBMS2,BAZ2A,ATP5F1B,PTGES3,NACA,ENSG00000285625,PRIM1,HSD17B6,SDR9C7,RDH16,GPR182,ZBTB39,TAC3,MYO1A,NEMP1,NAB2,STAT6,LRP1	0.02498762311981473	-0.00024036488182135266
chr12	56468578	57296484	SPRYD4,GLS2,RBMS2,BAZ2A,ATP5F1B,PTGES3,NACA,ENSG00000285625,PRIM1,HSD17B6,SDR9C7,RDH16,GPR182,ZBTB39,TAC3,MYO1A,NEMP1,NAB2,STAT6,LRP1,NXPH4,SHMT2,NDUFA4L2,STAC3,ENSG00000258830	0.02009581787155085	0.008530725953679714
chr12	56663341	57488814	PTGES3,NACA,ENSG00000285625,PRIM1,HSD17B6,SDR9C7,RDH16,GPR182,ZBTB39,TAC3,MYO1A,NEMP1,NAB2,STAT6,LRP1,NXPH4,SHMT2,NDUFA4L2,STAC3,ENSG00000258830,R3HDM2,INHBC,INHBE,GLI1,ARHGAP9	0.028882704151043163	0.019724730931772884
chr12	56923133	57547224	SDR9C7,RDH16,GPR182,ZBTB39,TAC3,MYO1A,NEMP1,NAB2,STAT6,LRP1,NXPH4,SHMT2,NDUFA4L2,STAC3,ENSG00000258830,R3HDM2,INHBC,INHBE,GLI1,ARHGAP9,MARS1,DDIT3,ENSG00000285133,MBD6,DCTN2	0.030396860001599683	0.018122131913059298
chr12	57028517	57626125	MYO1A,NEMP1,NAB2,STAT6,LRP1,NXPH4,SHMT2,NDUFA4L2,STAC3,ENSG00000258830,R3HDM2,INHBC,INHBE,GLI1,ARHGAP9,MARS1,DDIT3,ENSG00000285133,MBD6,DCTN2,KIF5A,PIP4K2C,DTX3,ARHGEF25,ENSG00000287908	0.02419443750182217	0.011025117396811225
chr12	57216794	57756013	NXPH4,SHMT2,NDUFA4L2,STAC3,ENSG00000258830,R3HDM2,INHBC,INHBE,GLI1,ARHGAP9,MARS1,DDIT3,ENSG00000285133,MBD6,DCTN2,KIF5A,PIP4K2C,DTX3,ARHGEF25,ENSG00000287908,B4GALNT1,OS9,AGAP2,TSPAN31,CDK4	0.02707262824436431	0.007485446580688224
chr12	57253762	57797554	R3HDM2,INHBC,INHBE,GLI1,ARHGAP9,MARS1,DDIT3,ENSG00000285133,MBD6,DCTN2,KIF5A,PIP4K2C,DTX3,ARHGEF25,ENSG00000287908,B4GALNT1,OS9,AGAP2,TSPAN31,CDK4,MARCHF9,CYP27B1,METTL1,EEF1AKMT3,ENSG00000257921	0.03014249572773287	0.007619002883097913
chr12	57475445	58920504	MARS1,DDIT3,ENSG00000285133,MBD6,DCTN2,KIF5A,PIP4K2C,DTX3,ARHGEF25,ENSG00000287908,B4GALNT1,OS9,AGAP2,TSPAN31,CDK4,MARCHF9,CYP27B1,METTL1,EEF1AKMT3,ENSG00000257921,TSFM,AVIL,CTDSP2,ATP23,LRIG3	0.03237773533271092	0.012205036251401598
chr12	57546026	62935150	KIF5A,PIP4K2C,DTX3,ARHGEF25,ENSG00000287908,B4GALNT1,OS9,AGAP2,TSPAN31,CDK4,MARCHF9,CYP27B1,METTL1,EEF1AKMT3,ENSG00000257921,TSFM,AVIL,CTDSP2,ATP23,LRIG3,SLC16A7,TAFA2,USP15,MON2,PPM1H	0.024029844888907026	0.012767207828069957
chr12	57623409	64390758	B4GALNT1,OS9,AGAP2,TSPAN31,CDK4,MARCHF9,CYP27B1,METTL1,EEF1AKMT3,ENSG00000257921,TSFM,AVIL,CTDSP2,ATP23,LRIG3,SLC16A7,TAFA2,USP15,MON2,PPM1H,AVPR1A,DPY19L2,RXYLT1,SRGAP1,C12orf56	0.01914979813953236	0.009800421589894623
chr12	57755103	64881033	MARCHF9,CYP27B1,METTL1,EEF1AKMT3,ENSG00000257921,TSFM,AVIL,CTDSP2,ATP23,LRIG3,SLC16A7,TAFA2,USP15,MON2,PPM1H,AVPR1A,DPY19L2,RXYLT1,SRGAP1,C12orf56,XPOT,TBK1,RASSF3,GNS,TBC1D30	0.026663402324748574	0.015741944801187027
chr12	57782761	65966291	TSFM,AVIL,CTDSP2,ATP23,LRIG3,SLC16A7,TAFA2,USP15,MON2,PPM1H,AVPR1A,DPY19L2,RXYLT1,SRGAP1,C12orf56,XPOT,TBK1,RASSF3,GNS,TBC1D30,ENSG00000288591,WIF1,LEMD3,MSRB3,HMGA2	0.02698047927585348	0.01716420631004741
chr12	59596029	66343643	SLC16A7,TAFA2,USP15,MON2,PPM1H,AVPR1A,DPY19L2,RXYLT1,SRGAP1,C12orf56,XPOT,TBK1,RASSF3,GNS,TBC1D30,ENSG00000288591,WIF1,LEMD3,MSRB3,HMGA2,LLPH,ENSG00000228144,TMBIM4,IRAK3,HELB	0.023683866209279356	0.013529663846782374
chr12	63142759	68225810	AVPR1A,DPY19L2,RXYLT1,SRGAP1,C12orf56,XPOT,TBK1,RASSF3,GNS,TBC1D30,ENSG00000288591,WIF1,LEMD3,MSRB3,HMGA2,LLPH,ENSG00000228144,TMBIM4,IRAK3,HELB,GRIP1,CAND1,DYRK2,IFNG,IL26	0.025026561706933514	0.012036685197900276
chr12	64404392	68793964	XPOT,TBK1,RASSF3,GNS,TBC1D30,ENSG00000288591,WIF1,LEMD3,MSRB3,HMGA2,LLPH,ENSG00000228144,TMBIM4,IRAK3,HELB,GRIP1,CAND1,DYRK2,IFNG,IL26,IL22,MDM1,RAP1B,NUP107,SLC35E3	0.03293606592842862	0.01635760800200244
chr12	64759496	69390870	ENSG00000288591,WIF1,LEMD3,MSRB3,HMGA2,LLPH,ENSG00000228144,TMBIM4,IRAK3,HELB,GRIP1,CAND1,DYRK2,IFNG,IL26,IL22,MDM1,RAP1B,NUP107,SLC35E3,MDM2,CPM,CPSF6,LYZ,YEATS4	0.040085402538555484	0.01326446475278773
chr12	66116555	69823204	LLPH,ENSG00000228144,TMBIM4,IRAK3,HELB,GRIP1,CAND1,DYRK2,IFNG,IL26,IL22,MDM1,RAP1B,NUP107,SLC35E3,MDM2,CPM,CPSF6,LYZ,YEATS4,FRS2,CCT2,LRRC10,BEST3,RAB3IP	0.04763710374207026	0.011496416500193906
chr12	66347431	70637440	GRIP1,CAND1,DYRK2,IFNG,IL26,IL22,MDM1,RAP1B,NUP107,SLC35E3,MDM2,CPM,CPSF6,LYZ,YEATS4,FRS2,CCT2,LRRC10,BEST3,RAB3IP,ENSG00000258052,MYRFL,CNOT2,KCNMB4,PTPRB	0.042462070826660814	0.008277178186301614
chr12	68248242	71680644	IL22,MDM1,RAP1B,NUP107,SLC35E3,MDM2,CPM,CPSF6,LYZ,YEATS4,FRS2,CCT2,LRRC10,BEST3,RAB3IP,ENSG00000258052,MYRFL,CNOT2,KCNMB4,PTPRB,PTPRR,TSPAN8,LGR5,ZFC3H1,THAP2	0.03046180341737032	0.0046960957517138205
chr12	68808177	72186618	MDM2,CPM,CPSF6,LYZ,YEATS4,FRS2,CCT2,LRRC10,BEST3,RAB3IP,ENSG00000258052,MYRFL,CNOT2,KCNMB4,PTPRB,PTPRR,TSPAN8,LGR5,ZFC3H1,THAP2,ENSG00000258064,TMEM19,RAB21,TBC1D15,TPH2	0.028054792512137806	0.012445850606322181
chr12	69470349	75390928	FRS2,CCT2,LRRC10,BEST3,RAB3IP,ENSG00000258052,MYRFL,CNOT2,KCNMB4,PTPRB,PTPRR,TSPAN8,LGR5,ZFC3H1,THAP2,ENSG00000258064,TMEM19,RAB21,TBC1D15,TPH2,TRHDE,ATXN7L3B,KCNC2,CAPS2,GLIPR1L1	0.0257298413145141	0.013679855185198224
chr12	69801669	76084735	ENSG00000258052,MYRFL,CNOT2,KCNMB4,PTPRB,PTPRR,TSPAN8,LGR5,ZFC3H1,THAP2,ENSG00000258064,TMEM19,RAB21,TBC1D15,TPH2,TRHDE,ATXN7L3B,KCNC2,CAPS2,GLIPR1L1,GLIPR1L2,GLIPR1,KRR1,PHLDA1,NAP1L1	0.03198583624993158	0.01343642062376612
chr12	70638073	77065569	PTPRR,TSPAN8,LGR5,ZFC3H1,THAP2,ENSG00000258064,TMEM19,RAB21,TBC1D15,TPH2,TRHDE,ATXN7L3B,KCNC2,CAPS2,GLIPR1L1,GLIPR1L2,GLIPR1,KRR1,PHLDA1,NAP1L1,BBS10,OSBPL8,ZDHHC17,CSRP2,E2F7	0.04045437444041243	0.005283804864584768
chr12	71674204	80380880	ENSG00000258064,TMEM19,RAB21,TBC1D15,TPH2,TRHDE,ATXN7L3B,KCNC2,CAPS2,GLIPR1L1,GLIPR1L2,GLIPR1,KRR1,PHLDA1,NAP1L1,BBS10,OSBPL8,ZDHHC17,CSRP2,E2F7,NAV3,SYT1,PAWR,PPP1R12A,OTOGL	0.045349613522548696	0.005213937179007908
chr12	72087266	81261210	TRHDE,ATXN7L3B,KCNC2,CAPS2,GLIPR1L1,GLIPR1L2,GLIPR1,KRR1,PHLDA1,NAP1L1,BBS10,OSBPL8,ZDHHC17,CSRP2,E2F7,NAV3,SYT1,PAWR,PPP1R12A,OTOGL,PTPRQ,MYF6,MYF5,LIN7A,ACSS3	0.02473523308081947	0.0041628888476622
chr12	75391089	84913629	GLIPR1L2,GLIPR1,KRR1,PHLDA1,NAP1L1,BBS10,OSBPL8,ZDHHC17,CSRP2,E2F7,NAV3,SYT1,PAWR,PPP1R12A,OTOGL,PTPRQ,MYF6,MYF5,LIN7A,ACSS3,PPFIA2,CCDC59,METTL25,TMTC2,SLC6A15	0.01419354609814646	0.003049692548271406
chr12	76344474	85882992	BBS10,OSBPL8,ZDHHC17,CSRP2,E2F7,NAV3,SYT1,PAWR,PPP1R12A,OTOGL,PTPRQ,MYF6,MYF5,LIN7A,ACSS3,PPFIA2,CCDC59,METTL25,TMTC2,SLC6A15,TSPAN19,LRRIQ1,ALX1,RASSF9,NTS	0.015059983596813696	0.010458314257815909
chr12	77324641	88199887	NAV3,SYT1,PAWR,PPP1R12A,OTOGL,PTPRQ,MYF6,MYF5,LIN7A,ACSS3,PPFIA2,CCDC59,METTL25,TMTC2,SLC6A15,TSPAN19,LRRIQ1,ALX1,RASSF9,NTS,MGAT4C,C12orf50,C12orf29,CEP290,TMTC3	0.03455252574899329	0.018029097389606487
chr12	80402178	89526262	PTPRQ,MYF6,MYF5,LIN7A,ACSS3,PPFIA2,CCDC59,METTL25,TMTC2,SLC6A15,TSPAN19,LRRIQ1,ALX1,RASSF9,NTS,MGAT4C,C12orf50,C12orf29,CEP290,TMTC3,KITLG,DUSP6,POC1B,POC1B-GALNT4,GALNT4	0.03156096971629268	0.011701363147574131
chr12	81257975	91111494	PPFIA2,CCDC59,METTL25,TMTC2,SLC6A15,TSPAN19,LRRIQ1,ALX1,RASSF9,NTS,MGAT4C,C12orf50,C12orf29,CEP290,TMTC3,KITLG,DUSP6,POC1B,POC1B-GALNT4,GALNT4,ATP2B1,CCER1,EPYC,KERA,LUM	0.032818180560245463	0.011516828088438867
chr12	85014311	93408146	TSPAN19,LRRIQ1,ALX1,RASSF9,NTS,MGAT4C,C12orf50,C12orf29,CEP290,TMTC3,KITLG,DUSP6,POC1B,POC1B-GALNT4,GALNT4,ATP2B1,CCER1,EPYC,KERA,LUM,DCN,BTG1,PLEKHG7,EEA1,NUDT4	0.03242119908301123	0.008680218784022888
chr12	85955666	94307675	MGAT4C,C12orf50,C12orf29,CEP290,TMTC3,KITLG,DUSP6,POC1B,POC1B-GALNT4,GALNT4,ATP2B1,CCER1,EPYC,KERA,LUM,DCN,BTG1,PLEKHG7,EEA1,NUDT4,UBE2N,MRPL42,SOCS2,CRADD,PLXNC1	0.05113546483378225	0.011162205357749897
chr12	88492793	95217482	KITLG,DUSP6,POC1B,POC1B-GALNT4,GALNT4,ATP2B1,CCER1,EPYC,KERA,LUM,DCN,BTG1,PLEKHG7,EEA1,NUDT4,UBE2N,MRPL42,SOCS2,CRADD,PLXNC1,CEP83,TMCC3,NDUFA12,NR2C1,FGD6	0.07730309516442757	0.010492509525536013
chr12	89588049	95903828	ATP2B1,CCER1,EPYC,KERA,LUM,DCN,BTG1,PLEKHG7,EEA1,NUDT4,UBE2N,MRPL42,SOCS2,CRADD,PLXNC1,CEP83,TMCC3,NDUFA12,NR2C1,FGD6,VEZT,METAP2,USP44,NTN4,SNRPF	0.0707708660184237	0.007698165273998903
chr12	91140484	96269824	DCN,BTG1,PLEKHG7,EEA1,NUDT4,UBE2N,MRPL42,SOCS2,CRADD,PLXNC1,CEP83,TMCC3,NDUFA12,NR2C1,FGD6,VEZT,METAP2,USP44,NTN4,SNRPF,CCDC38,AMDHD1,HAL,LTA4H,ELK3	0.06449952733848024	0.0043282411450391205
chr12	93405673	98606379	UBE2N,MRPL42,SOCS2,CRADD,PLXNC1,CEP83,TMCC3,NDUFA12,NR2C1,FGD6,VEZT,METAP2,USP44,NTN4,SNRPF,CCDC38,AMDHD1,HAL,LTA4H,ELK3,CDK17,CFAP54,NEDD1,TMPO,SLC25A3	0.06303035007448768	0.005593567985455777
chr12	94306449	100267079	CEP83,TMCC3,NDUFA12,NR2C1,FGD6,VEZT,METAP2,USP44,NTN4,SNRPF,CCDC38,AMDHD1,HAL,LTA4H,ELK3,CDK17,CFAP54,NEDD1,TMPO,SLC25A3,IKBIP,APAF1,ANKS1B,ACTR6,DEPDC4	0.058080619651896745	0.006592137664870399
chr12	95217746	101128641	VEZT,METAP2,USP44,NTN4,SNRPF,CCDC38,AMDHD1,HAL,LTA4H,ELK3,CDK17,CFAP54,NEDD1,TMPO,SLC25A3,IKBIP,APAF1,ANKS1B,ACTR6,DEPDC4,SCYL2,SLC17A8,NR1H4,GAS2L3,ANO4	0.05505745132352453	0.006763322725268584
chr12	95867048	101686028	CCDC38,AMDHD1,HAL,LTA4H,ELK3,CDK17,CFAP54,NEDD1,TMPO,SLC25A3,IKBIP,APAF1,ANKS1B,ACTR6,DEPDC4,SCYL2,SLC17A8,NR1H4,GAS2L3,ANO4,SLC5A8,UTP20,ARL1,SPIC,MYBPC1	0.04360986845251682	0.00796290228846243
chr12	96278261	102062149	CDK17,CFAP54,NEDD1,TMPO,SLC25A3,IKBIP,APAF1,ANKS1B,ACTR6,DEPDC4,SCYL2,SLC17A8,NR1H4,GAS2L3,ANO4,SLC5A8,UTP20,ARL1,SPIC,MYBPC1,CHPT1,SYCP3,GNPTAB,DRAM1,WASHC3	0.023602362723856605	0.011178715432946391
chr12	98613405	102958410	IKBIP,APAF1,ANKS1B,ACTR6,DEPDC4,SCYL2,SLC17A8,NR1H4,GAS2L3,ANO4,SLC5A8,UTP20,ARL1,SPIC,MYBPC1,CHPT1,SYCP3,GNPTAB,DRAM1,WASHC3,NUP37,PARPBP,PMCH,IGF1,PAH	0.014068070452450078	0.011537201069636032
chr12	100267140	103953931	SCYL2,SLC17A8,NR1H4,GAS2L3,ANO4,SLC5A8,UTP20,ARL1,SPIC,MYBPC1,CHPT1,SYCP3,GNPTAB,DRAM1,WASHC3,NUP37,PARPBP,PMCH,IGF1,PAH,ASCL1,C12orf42,STAB2,NT5DC3,HSP90B1	0.015363316905165174	0.01420672633173173
chr12	101155493	104350307	SLC5A8,UTP20,ARL1,SPIC,MYBPC1,CHPT1,SYCP3,GNPTAB,DRAM1,WASHC3,NUP37,PARPBP,PMCH,IGF1,PAH,ASCL1,C12orf42,STAB2,NT5DC3,HSP90B1,TDG,GLT8D2,HCFC2,NFYB,TXNRD1	0.018087375481679064	0.011686760953749913
chr12	101696947	105169130	CHPT1,SYCP3,GNPTAB,DRAM1,WASHC3,NUP37,PARPBP,PMCH,IGF1,PAH,ASCL1,C12orf42,STAB2,NT5DC3,HSP90B1,TDG,GLT8D2,HCFC2,NFYB,TXNRD1,EID3,CHST11,SLC41A2,ALDH1L2,WASHC4	0.02720601253374857	0.009258363805803107
chr12	102073103	106347003	NUP37,PARPBP,PMCH,IGF1,PAH,ASCL1,C12orf42,STAB2,NT5DC3,HSP90B1,TDG,GLT8D2,HCFC2,NFYB,TXNRD1,EID3,CHST11,SLC41A2,ALDH1L2,WASHC4,APPL2,C12orf75,NUAK1,CKAP4,TCP11L2	0.03539899905764261	0.008660746978765285
chr12	102957674	106987160	ASCL1,C12orf42,STAB2,NT5DC3,HSP90B1,TDG,GLT8D2,HCFC2,NFYB,TXNRD1,EID3,CHST11,SLC41A2,ALDH1L2,WASHC4,APPL2,C12orf75,NUAK1,CKAP4,TCP11L2,POLR3B,RFX4,RIC8B,TMEM263,MTERF2	0.03497492133798668	0.013712448154075253
chr12	103965822	108250537	TDG,GLT8D2,HCFC2,NFYB,TXNRD1,EID3,CHST11,SLC41A2,ALDH1L2,WASHC4,APPL2,C12orf75,NUAK1,CKAP4,TCP11L2,POLR3B,RFX4,RIC8B,TMEM263,MTERF2,CRY1,PWP1,PRDM4,ASCL4,WSCD2	0.03856482980486524	0.0171013477633883
chr12	104303739	108598320	EID3,CHST11,SLC41A2,ALDH1L2,WASHC4,APPL2,C12orf75,NUAK1,CKAP4,TCP11L2,POLR3B,RFX4,RIC8B,TMEM263,MTERF2,CRY1,PWP1,PRDM4,ASCL4,WSCD2,CMKLR1,FICD,SART3,ISCU,TMEM119	0.03767697797842704	0.015286109486421711
chr12	105173297	109021068	APPL2,C12orf75,NUAK1,CKAP4,TCP11L2,POLR3B,RFX4,RIC8B,TMEM263,MTERF2,CRY1,PWP1,PRDM4,ASCL4,WSCD2,CMKLR1,FICD,SART3,ISCU,TMEM119,SELPLG,CORO1C,SSH1,DAO,SVOP	0.030309784516520423	0.013316548066112753
chr12	106357748	109309284	POLR3B,RFX4,RIC8B,TMEM263,MTERF2,CRY1,PWP1,PRDM4,ASCL4,WSCD2,CMKLR1,FICD,SART3,ISCU,TMEM119,SELPLG,CORO1C,SSH1,DAO,SVOP,USP30,ALKBH2,UNG,ACACB,FOXN4	0.026155112435036577	0.013847029901237914
chr12	106991364	109598125	CRY1,PWP1,PRDM4,ASCL4,WSCD2,CMKLR1,FICD,SART3,ISCU,TMEM119,SELPLG,CORO1C,SSH1,DAO,SVOP,USP30,ALKBH2,UNG,ACACB,FOXN4,MYO1H,KCTD10,UBE3B,MMAB,MVK	0.020256439087716602	0.01323008934779522
chr12	108288044	109996389	CMKLR1,FICD,SART3,ISCU,TMEM119,SELPLG,CORO1C,SSH1,DAO,SVOP,USP30,ALKBH2,UNG,ACACB,FOXN4,MYO1H,KCTD10,UBE3B,MMAB,MVK,FAM222A,TRPV4,GLTP,TCHP,GIT2	0.020418568940347406	0.01302602212148765
chr12	108621895	110403730	SELPLG,CORO1C,SSH1,DAO,SVOP,USP30,ALKBH2,UNG,ACACB,FOXN4,MYO1H,KCTD10,UBE3B,MMAB,MVK,FAM222A,TRPV4,GLTP,TCHP,GIT2,ANKRD13A,C12orf76,IFT81,ATP2A2,ANAPC7	0.02670738472224663	0.01612918340244714
chr12	109023089	110533556	USP30,ALKBH2,UNG,ACACB,FOXN4,MYO1H,KCTD10,UBE3B,MMAB,MVK,FAM222A,TRPV4,GLTP,TCHP,GIT2,ANKRD13A,C12orf76,IFT81,ATP2A2,ANAPC7,ARPC3,GPN3,FAM216A,VPS29,RAD9B	0.03136959725211314	0.01226446917131235
chr12	109347900	110907535	MYO1H,KCTD10,UBE3B,MMAB,MVK,FAM222A,TRPV4,GLTP,TCHP,GIT2,ANKRD13A,C12orf76,IFT81,ATP2A2,ANAPC7,ARPC3,GPN3,FAM216A,VPS29,RAD9B,PPTC7,TCTN1,HVCN1,PPP1CC,CCDC63	0.03457673720790647	0.006942173084760423
chr12	109713825	111599676	FAM222A,TRPV4,GLTP,TCHP,GIT2,ANKRD13A,C12orf76,IFT81,ATP2A2,ANAPC7,ARPC3,GPN3,FAM216A,VPS29,RAD9B,PPTC7,TCTN1,HVCN1,PPP1CC,CCDC63,MYL2,CUX2,PHETA1,SH2B3,ATXN2	0.03054474315347302	0.0057689546614535835
chr12	109999186	111902222	ANKRD13A,C12orf76,IFT81,ATP2A2,ANAPC7,ARPC3,GPN3,FAM216A,VPS29,RAD9B,PPTC7,TCTN1,HVCN1,PPP1CC,CCDC63,MYL2,CUX2,PHETA1,SH2B3,ATXN2,BRAP,ACAD10,ENSG00000257767,ALDH2,MAPKAPK5	0.027603417604533134	0.009985653311183815
chr12	110434823	112382439	ARPC3,GPN3,FAM216A,VPS29,RAD9B,PPTC7,TCTN1,HVCN1,PPP1CC,CCDC63,MYL2,CUX2,PHETA1,SH2B3,ATXN2,BRAP,ACAD10,ENSG00000257767,ALDH2,MAPKAPK5,TMEM116,ERP29,NAA25,TRAFD1,HECTD4	0.028877090084771257	0.012460880677063834
chr12	110533245	112976460	PPTC7,TCTN1,HVCN1,PPP1CC,CCDC63,MYL2,CUX2,PHETA1,SH2B3,ATXN2,BRAP,ACAD10,ENSG00000257767,ALDH2,MAPKAPK5,TMEM116,ERP29,NAA25,TRAFD1,HECTD4,RPL6,PTPN11,RPH3A,OAS1,OAS3	0.04476233772824476	0.010631958768080815
chr12	110910819	113185479	MYL2,CUX2,PHETA1,SH2B3,ATXN2,BRAP,ACAD10,ENSG00000257767,ALDH2,MAPKAPK5,TMEM116,ERP29,NAA25,TRAFD1,HECTD4,RPL6,PTPN11,RPH3A,OAS1,OAS3,OAS2,DTX1,RASAL1,CFAP73,DDX54	0.053985835260377965	0.00847855204400877
chr12	111642146	113391629	BRAP,ACAD10,ENSG00000257767,ALDH2,MAPKAPK5,TMEM116,ERP29,NAA25,TRAFD1,HECTD4,RPL6,PTPN11,RPH3A,OAS1,OAS3,OAS2,DTX1,RASAL1,CFAP73,DDX54,RITA1,IQCD,TPCN1,SLC8B1,PLBD2	0.03267406202087695	0.006680703510452235
chr12	111931282	114408442	TMEM116,ERP29,NAA25,TRAFD1,HECTD4,RPL6,PTPN11,RPH3A,OAS1,OAS3,OAS2,DTX1,RASAL1,CFAP73,DDX54,RITA1,IQCD,TPCN1,SLC8B1,PLBD2,SDS,SDSL,LHX5,RBM19,TBX5	0.0124922856975534	0.006570970141692182
chr12	112405189	116853631	RPL6,PTPN11,RPH3A,OAS1,OAS3,OAS2,DTX1,RASAL1,CFAP73,DDX54,RITA1,IQCD,TPCN1,SLC8B1,PLBD2,SDS,SDSL,LHX5,RBM19,TBX5,TBX3,MED13L,MAP1LC3B2,SPRING1,RNFT2	0.007166916254568857	0.0052995630629967955
chr12	112978395	117452170	OAS2,DTX1,RASAL1,CFAP73,DDX54,RITA1,IQCD,TPCN1,SLC8B1,PLBD2,SDS,SDSL,LHX5,RBM19,TBX5,TBX3,MED13L,MAP1LC3B2,SPRING1,RNFT2,HRK,FBXW8,TESC,FBXO21,NOS1	0.012975243203972805	0.007734548666061905
chr12	113185526	118145584	RITA1,IQCD,TPCN1,SLC8B1,PLBD2,SDS,SDSL,LHX5,RBM19,TBX5,TBX3,MED13L,MAP1LC3B2,SPRING1,RNFT2,HRK,FBXW8,TESC,FBXO21,NOS1,KSR2,RFC5,WSB2,VSIG10,PEBP1	0.026982494853960575	0.014652311352069911
chr12	113392445	119541040	SDS,SDSL,LHX5,RBM19,TBX5,TBX3,MED13L,MAP1LC3B2,SPRING1,RNFT2,HRK,FBXW8,TESC,FBXO21,NOS1,KSR2,RFC5,WSB2,VSIG10,PEBP1,TAOK3,SUDS3,SRRM4,HSPB8,CCDC60	0.03571362480506543	0.0098268624380877
chr12	114670255	120117502	TBX3,MED13L,MAP1LC3B2,SPRING1,RNFT2,HRK,FBXW8,TESC,FBXO21,NOS1,KSR2,RFC5,WSB2,VSIG10,PEBP1,TAOK3,SUDS3,SRRM4,HSPB8,CCDC60,TMEM233,PRKAB1,CIT,BICDL1,RAB35	0.03775447239328333	0.006724042436501433
chr12	116856144	120327779	HRK,FBXW8,TESC,FBXO21,NOS1,KSR2,RFC5,WSB2,VSIG10,PEBP1,TAOK3,SUDS3,SRRM4,HSPB8,CCDC60,TMEM233,PRKAB1,CIT,BICDL1,RAB35,GCN1,RPLP0,PXN,SIRT4,PLA2G1B	0.03511491903235051	0.007426176374539192
chr12	117453012	120463749	KSR2,RFC5,WSB2,VSIG10,PEBP1,TAOK3,SUDS3,SRRM4,HSPB8,CCDC60,TMEM233,PRKAB1,CIT,BICDL1,RAB35,GCN1,RPLP0,PXN,SIRT4,PLA2G1B,MSI1,COX6A1,ENSG00000111780,TRIAP1,GATC	0.02562090622142829	0.004716496898486112
chr12	118149801	120577588	TAOK3,SUDS3,SRRM4,HSPB8,CCDC60,TMEM233,PRKAB1,CIT,BICDL1,RAB35,GCN1,RPLP0,PXN,SIRT4,PLA2G1B,MSI1,COX6A1,ENSG00000111780,TRIAP1,GATC,SRSF9,DYNLL1,COQ5,RNF10,ENSG00000288623	0.03377120873331137	0.000724080411479435
chr12	119593774	120740008	TMEM233,PRKAB1,CIT,BICDL1,RAB35,GCN1,RPLP0,PXN,SIRT4,PLA2G1B,MSI1,COX6A1,ENSG00000111780,TRIAP1,GATC,SRSF9,DYNLL1,COQ5,RNF10,ENSG00000288623,POP5,CABP1,MLEC,UNC119B,ACADS	0.04313962723053215	0.0008685894284809335
chr12	120127202	121188032	GCN1,RPLP0,PXN,SIRT4,PLA2G1B,MSI1,COX6A1,ENSG00000111780,TRIAP1,GATC,SRSF9,DYNLL1,COQ5,RNF10,ENSG00000288623,POP5,CABP1,MLEC,UNC119B,ACADS,SPPL3,HNF1A,C12orf43,OASL,P2RX7	0.03868245538527468	0.002272118512990635
chr12	120341330	121581023	MSI1,COX6A1,ENSG00000111780,TRIAP1,GATC,SRSF9,DYNLL1,COQ5,RNF10,ENSG00000288623,POP5,CABP1,MLEC,UNC119B,ACADS,SPPL3,HNF1A,C12orf43,OASL,P2RX7,P2RX4,CAMKK2,ANAPC5,RNF34,KDM2B	0.031751512896364006	0.007224426686243471
chr12	120461672	121832656	SRSF9,DYNLL1,COQ5,RNF10,ENSG00000288623,POP5,CABP1,MLEC,UNC119B,ACADS,SPPL3,HNF1A,C12orf43,OASL,P2RX7,P2RX4,CAMKK2,ANAPC5,RNF34,KDM2B,ORAI1,MORN3,TMEM120B,RHOF,SETD1B	0.025386663820794814	0.014223125577711219
chr12	120578764	122062044	POP5,CABP1,MLEC,UNC119B,ACADS,SPPL3,HNF1A,C12orf43,OASL,P2RX7,P2RX4,CAMKK2,ANAPC5,RNF34,KDM2B,ORAI1,MORN3,TMEM120B,RHOF,SETD1B,HPD,PSMD9,ENSG00000256950,CFAP251,BCL7A	0.025932999171801724	0.018105585180304487
chr12	120762510	122227534	SPPL3,HNF1A,C12orf43,OASL,P2RX7,P2RX4,CAMKK2,ANAPC5,RNF34,KDM2B,ORAI1,MORN3,TMEM120B,RHOF,SETD1B,HPD,PSMD9,ENSG00000256950,CFAP251,BCL7A,MLXIP,LRRC43,IL31,B3GNT4,ENSG00000284934	0.02233686021832119	0.014050658356106374
chr12	121210065	122500932	P2RX4,CAMKK2,ANAPC5,RNF34,KDM2B,ORAI1,MORN3,TMEM120B,RHOF,SETD1B,HPD,PSMD9,ENSG00000256950,CFAP251,BCL7A,MLXIP,LRRC43,IL31,B3GNT4,ENSG00000284934,DIABLO,ENSG00000256861,VPS33A,CLIP1,ZCCHC8	0.022634090283369795	0.013937495211419643
chr12	121626509	122730844	ORAI1,MORN3,TMEM120B,RHOF,SETD1B,HPD,PSMD9,ENSG00000256950,CFAP251,BCL7A,MLXIP,LRRC43,IL31,B3GNT4,ENSG00000284934,DIABLO,ENSG00000256861,VPS33A,CLIP1,ZCCHC8,RSRC2,KNTC1,HCAR2,HCAR3,HCAR1	0.021917973014266776	0.01099777517585888
chr12	121839527	122981649	HPD,PSMD9,ENSG00000256950,CFAP251,BCL7A,MLXIP,LRRC43,IL31,B3GNT4,ENSG00000284934,DIABLO,ENSG00000256861,VPS33A,CLIP1,ZCCHC8,RSRC2,KNTC1,HCAR2,HCAR3,HCAR1,DENR,CCDC62,HIP1R,VPS37B,ABCB9	0.03268457378957001	0.013853889683648549
chr12	122078756	123272334	MLXIP,LRRC43,IL31,B3GNT4,ENSG00000284934,DIABLO,ENSG00000256861,VPS33A,CLIP1,ZCCHC8,RSRC2,KNTC1,HCAR2,HCAR3,HCAR1,DENR,CCDC62,HIP1R,VPS37B,ABCB9,OGFOD2,ARL6IP4,PITPNM2,MPHOSPH9,CDK2AP1	0.038087437442617875	0.012435170857962813
chr12	122207663	123533719	DIABLO,ENSG00000256861,VPS33A,CLIP1,ZCCHC8,RSRC2,KNTC1,HCAR2,HCAR3,HCAR1,DENR,CCDC62,HIP1R,VPS37B,ABCB9,OGFOD2,ARL6IP4,PITPNM2,MPHOSPH9,CDK2AP1,SBNO1,KMT5A,RILPL2,SNRNP35,RILPL1	0.046012142006188445	0.01429766886005683
chr12	122503454	123708399	RSRC2,KNTC1,HCAR2,HCAR3,HCAR1,DENR,CCDC62,HIP1R,VPS37B,ABCB9,OGFOD2,ARL6IP4,PITPNM2,MPHOSPH9,CDK2AP1,SBNO1,KMT5A,RILPL2,SNRNP35,RILPL1,TMED2,DDX55,EIF2B1,GTF2H3,TCTN2	0.05266746866593106	0.014842050946802894
chr12	122752824	124316024	DENR,CCDC62,HIP1R,VPS37B,ABCB9,OGFOD2,ARL6IP4,PITPNM2,MPHOSPH9,CDK2AP1,SBNO1,KMT5A,RILPL2,SNRNP35,RILPL1,TMED2,DDX55,EIF2B1,GTF2H3,TCTN2,ATP6V0A2,DNAH10,CCDC92,ZNF664,RFLNA	0.054912886102719945	0.012097727362437296
chr12	122974580	125031231	OGFOD2,ARL6IP4,PITPNM2,MPHOSPH9,CDK2AP1,SBNO1,KMT5A,RILPL2,SNRNP35,RILPL1,TMED2,DDX55,EIF2B1,GTF2H3,TCTN2,ATP6V0A2,DNAH10,CCDC92,ZNF664,RFLNA,NCOR2,SCARB1,UBC,DHX37,BRI3BP	0.04771748234368264	0.01380197805691072
chr12	123289109	128984968	SBNO1,KMT5A,RILPL2,SNRNP35,RILPL1,TMED2,DDX55,EIF2B1,GTF2H3,TCTN2,ATP6V0A2,DNAH10,CCDC92,ZNF664,RFLNA,NCOR2,SCARB1,UBC,DHX37,BRI3BP,AACS,TMEM132B,TMEM132C,SLC15A4,GLT1D1	0.02918157095025667	0.011004384549928633
chr12	123584533	130839254	TMED2,DDX55,EIF2B1,GTF2H3,TCTN2,ATP6V0A2,DNAH10,CCDC92,ZNF664,RFLNA,NCOR2,SCARB1,UBC,DHX37,BRI3BP,AACS,TMEM132B,TMEM132C,SLC15A4,GLT1D1,TMEM132D,FZD10,PIWIL1,RIMBP2,STX2	0.016865696167672015	0.004500631905247679
chr12	123712353	131923150	ATP6V0A2,DNAH10,CCDC92,ZNF664,RFLNA,NCOR2,SCARB1,UBC,DHX37,BRI3BP,AACS,TMEM132B,TMEM132C,SLC15A4,GLT1D1,TMEM132D,FZD10,PIWIL1,RIMBP2,STX2,RAN,ADGRD1,SFSWAP,MMP17,ULK1	0.013895173261645896	0.005471539343865991
chr12	124324415	132329589	NCOR2,SCARB1,UBC,DHX37,BRI3BP,AACS,TMEM132B,TMEM132C,SLC15A4,GLT1D1,TMEM132D,FZD10,PIWIL1,RIMBP2,STX2,RAN,ADGRD1,SFSWAP,MMP17,ULK1,PUS1,EP400,DDX51,NOC4L,GALNT9	0.017061780171724664	0.003348126691600659
chr12	125065434	132704985	AACS,TMEM132B,TMEM132C,SLC15A4,GLT1D1,TMEM132D,FZD10,PIWIL1,RIMBP2,STX2,RAN,ADGRD1,SFSWAP,MMP17,ULK1,PUS1,EP400,DDX51,NOC4L,GALNT9,FBRSL1,LRCOL1,P2RX2,POLE,PXMP2	0.02513315565795787	0.006650514432425986
chr12	129071725	132956306	TMEM132D,FZD10,PIWIL1,RIMBP2,STX2,RAN,ADGRD1,SFSWAP,MMP17,ULK1,PUS1,EP400,DDX51,NOC4L,GALNT9,FBRSL1,LRCOL1,P2RX2,POLE,PXMP2,PGAM5,ANKLE2,GOLGA3,CHFR,ZNF605	0.029747039982838105	0.012974123231745986
chr12	130872037	133159465	RAN,ADGRD1,SFSWAP,MMP17,ULK1,PUS1,EP400,DDX51,NOC4L,GALNT9,FBRSL1,LRCOL1,P2RX2,POLE,PXMP2,PGAM5,ANKLE2,GOLGA3,CHFR,ZNF605,ZNF26,ZNF84,ZNF140,ZNF891,ZNF10	0.030390779737985586	0.014657890895978083
chr13	19173772	23889400	TUBA3C,TPTE2,MPHOSPH8,PSPC1,ZMYM5,ZMYM2,GJA3,GJB2,GJB6,CRYL1,IFT88,IL17D,EEF1AKMT1,XPO4,LATS2,SAP18,SKA3,MRPL57,ZDHHC20,MICU2,FGF9,SGCG,SACS,TNFRSF19,MIPEP	0.011027785975805476	0.007484439268643024
chr13	19958677	24512778	ZMYM2,GJA3,GJB2,GJB6,CRYL1,IFT88,IL17D,EEF1AKMT1,XPO4,LATS2,SAP18,SKA3,MRPL57,ZDHHC20,MICU2,FGF9,SGCG,SACS,TNFRSF19,MIPEP,C1QTNF9B,ENSG00000273167,SPATA13,C1QTNF9,PARP4	0.013042700649886153	0.0072882447676731995
chr13	20567138	25172288	IFT88,IL17D,EEF1AKMT1,XPO4,LATS2,SAP18,SKA3,MRPL57,ZDHHC20,MICU2,FGF9,SGCG,SACS,TNFRSF19,MIPEP,C1QTNF9B,ENSG00000273167,SPATA13,C1QTNF9,PARP4,ATP12A,RNF17,CENPJ,PABPC3,AMER2	0.019159193895394725	0.012889280065539983
chr13	21140119	26222314	SAP18,SKA3,MRPL57,ZDHHC20,MICU2,FGF9,SGCG,SACS,TNFRSF19,MIPEP,C1QTNF9B,ENSG00000273167,SPATA13,C1QTNF9,PARP4,ATP12A,RNF17,CENPJ,PABPC3,AMER2,MTMR6,NUP58,ATP8A2,SHISA2,RNF6	0.00939177572050213	0.007538428080205115
chr13	21671073	27256691	FGF9,SGCG,SACS,TNFRSF19,MIPEP,C1QTNF9B,ENSG00000273167,SPATA13,C1QTNF9,PARP4,ATP12A,RNF17,CENPJ,PABPC3,AMER2,MTMR6,NUP58,ATP8A2,SHISA2,RNF6,CDK8,WASF3,GPR12,USP12,RPL21	0.010310822968279605	0.01590085208939066
chr13	23891099	27744237	C1QTNF9B,ENSG00000273167,SPATA13,C1QTNF9,PARP4,ATP12A,RNF17,CENPJ,PABPC3,AMER2,MTMR6,NUP58,ATP8A2,SHISA2,RNF6,CDK8,WASF3,GPR12,USP12,RPL21,RASL11A,GTF3A,MTIF3,LNX2,POLR1D	0.0009250088245150007	0.012950522464730337
chr13	24680408	28100592	ATP12A,RNF17,CENPJ,PABPC3,AMER2,MTMR6,NUP58,ATP8A2,SHISA2,RNF6,CDK8,WASF3,GPR12,USP12,RPL21,RASL11A,GTF3A,MTIF3,LNX2,POLR1D,GSX1,PDX1,CDX2,URAD,FLT3	0.0056356758602829704	0.008874597060483198
chr13	25246222	29505947	MTMR6,NUP58,ATP8A2,SHISA2,RNF6,CDK8,WASF3,GPR12,USP12,RPL21,RASL11A,GTF3A,MTIF3,LNX2,POLR1D,GSX1,PDX1,CDX2,URAD,FLT3,PAN3,FLT1,POMP,SLC46A3,MTUS2	0.009680028144700726	0.006179257537129968
chr13	26254104	30617597	CDK8,WASF3,GPR12,USP12,RPL21,RASL11A,GTF3A,MTIF3,LNX2,POLR1D,GSX1,PDX1,CDX2,URAD,FLT3,PAN3,FLT1,POMP,SLC46A3,MTUS2,SLC7A1,UBL3,KATNAL1,UBE2L5,HMGB1	0.0032779924715000104	0.002898183511087127
chr13	27270830	31162388	RASL11A,GTF3A,MTIF3,LNX2,POLR1D,GSX1,PDX1,CDX2,URAD,FLT3,PAN3,FLT1,POMP,SLC46A3,MTUS2,SLC7A1,UBL3,KATNAL1,UBE2L5,HMGB1,USPL1,ALOX5AP,MEDAG,TEX26,HSPH1	-0.004320356137763699	0.0022493621869531543
chr13	27792483	32400268	GSX1,PDX1,CDX2,URAD,FLT3,PAN3,FLT1,POMP,SLC46A3,MTUS2,SLC7A1,UBL3,KATNAL1,UBE2L5,HMGB1,USPL1,ALOX5AP,MEDAG,TEX26,HSPH1,B3GLCT,RXFP2,FRY,ZAR1L,BRCA2	0.0010650913625755282	0.005514744302252955
chr13	28138506	33350630	PAN3,FLT1,POMP,SLC46A3,MTUS2,SLC7A1,UBL3,KATNAL1,UBE2L5,HMGB1,USPL1,ALOX5AP,MEDAG,TEX26,HSPH1,B3GLCT,RXFP2,FRY,ZAR1L,BRCA2,N4BP2L1,N4BP2L2,PDS5B,KL,STARD13	0.005564543212739419	0.007110918955023504
chr13	29509414	36214588	SLC7A1,UBL3,KATNAL1,UBE2L5,HMGB1,USPL1,ALOX5AP,MEDAG,TEX26,HSPH1,B3GLCT,RXFP2,FRY,ZAR1L,BRCA2,N4BP2L1,N4BP2L2,PDS5B,KL,STARD13,RFC3,NBEA,MAB21L1,DCLK1,SOHLH2	0.0108871369730442	0.009859867398678814
chr13	30617693	36697839	USPL1,ALOX5AP,MEDAG,TEX26,HSPH1,B3GLCT,RXFP2,FRY,ZAR1L,BRCA2,N4BP2L1,N4BP2L2,PDS5B,KL,STARD13,RFC3,NBEA,MAB21L1,DCLK1,SOHLH2,CCDC169-SOHLH2,CCDC169,SPART,CCNA1,SERTM1	0.010034275618540095	0.009172206720471138
chr13	31199975	37059713	B3GLCT,RXFP2,FRY,ZAR1L,BRCA2,N4BP2L1,N4BP2L2,PDS5B,KL,STARD13,RFC3,NBEA,MAB21L1,DCLK1,SOHLH2,CCDC169-SOHLH2,CCDC169,SPART,CCNA1,SERTM1,RFXAP,SMAD9,ALG5,EXOSC8,SUPT20H	0.013041556453324115	0.013662845449895796
chr13	32400723	38887131	N4BP2L1,N4BP2L2,PDS5B,KL,STARD13,RFC3,NBEA,MAB21L1,DCLK1,SOHLH2,CCDC169-SOHLH2,CCDC169,SPART,CCNA1,SERTM1,RFXAP,SMAD9,ALG5,EXOSC8,SUPT20H,CSNK1A1L,POSTN,TRPC4,UFM1,FREM2	0.015049309533167545	0.013958979931529095
chr13	33818069	39791665	RFC3,NBEA,MAB21L1,DCLK1,SOHLH2,CCDC169-SOHLH2,CCDC169,SPART,CCNA1,SERTM1,RFXAP,SMAD9,ALG5,EXOSC8,SUPT20H,CSNK1A1L,POSTN,TRPC4,UFM1,FREM2,STOML3,PROSER1,NHLRC3,LHFPL6,COG6	0.018098516898701525	0.015380877257400866
chr13	36168794	41084006	CCDC169-SOHLH2,CCDC169,SPART,CCNA1,SERTM1,RFXAP,SMAD9,ALG5,EXOSC8,SUPT20H,CSNK1A1L,POSTN,TRPC4,UFM1,FREM2,STOML3,PROSER1,NHLRC3,LHFPL6,COG6,FOXO1,MRPS31,SLC25A15,ELF1,WBP4	0.018997099754483514	0.014641643716040695
chr13	36819222	41470871	RFXAP,SMAD9,ALG5,EXOSC8,SUPT20H,CSNK1A1L,POSTN,TRPC4,UFM1,FREM2,STOML3,PROSER1,NHLRC3,LHFPL6,COG6,FOXO1,MRPS31,SLC25A15,ELF1,WBP4,KBTBD6,KBTBD7,MTRF1,NAA16,RGCC	0.022291366769961442	0.016011283090903636
chr13	37103259	42791549	CSNK1A1L,POSTN,TRPC4,UFM1,FREM2,STOML3,PROSER1,NHLRC3,LHFPL6,COG6,FOXO1,MRPS31,SLC25A15,ELF1,WBP4,KBTBD6,KBTBD7,MTRF1,NAA16,RGCC,VWA8,DGKH,AKAP11,TNFSF11,FAM216B	0.02237448587881612	0.016206562147774158
chr13	38965925	43893932	STOML3,PROSER1,NHLRC3,LHFPL6,COG6,FOXO1,MRPS31,SLC25A15,ELF1,WBP4,KBTBD6,KBTBD7,MTRF1,NAA16,RGCC,VWA8,DGKH,AKAP11,TNFSF11,FAM216B,EPSTI1,DNAJC15,ENOX1,CCDC122,LACC1	0.018347035253471873	0.014623589470299611
chr13	40555667	44989471	FOXO1,MRPS31,SLC25A15,ELF1,WBP4,KBTBD6,KBTBD7,MTRF1,NAA16,RGCC,VWA8,DGKH,AKAP11,TNFSF11,FAM216B,EPSTI1,DNAJC15,ENOX1,CCDC122,LACC1,ENSG00000281883,SMIM2,SERP2,TSC22D1,NUFIP1	0.010475587037138464	0.01097542344117299
chr13	41127569	45418455	KBTBD6,KBTBD7,MTRF1,NAA16,RGCC,VWA8,DGKH,AKAP11,TNFSF11,FAM216B,EPSTI1,DNAJC15,ENOX1,CCDC122,LACC1,ENSG00000281883,SMIM2,SERP2,TSC22D1,NUFIP1,GPALPP1,GTF2F2,KCTD4,TPT1,SLC25A30	0.008838765223724999	0.009125924111825492
chr13	41566835	46052759	VWA8,DGKH,AKAP11,TNFSF11,FAM216B,EPSTI1,DNAJC15,ENOX1,CCDC122,LACC1,ENSG00000281883,SMIM2,SERP2,TSC22D1,NUFIP1,GPALPP1,GTF2F2,KCTD4,TPT1,SLC25A30,COG3,ERICH6B,CBY2,SIAH3,ZC3H13	0.007633524902486205	0.0048542752543434455
chr13	42886388	46753040	EPSTI1,DNAJC15,ENOX1,CCDC122,LACC1,ENSG00000281883,SMIM2,SERP2,TSC22D1,NUFIP1,GPALPP1,GTF2F2,KCTD4,TPT1,SLC25A30,COG3,ERICH6B,CBY2,SIAH3,ZC3H13,CPB2,LCP1,LRRC63,RUBCNL,LRCH1	0.004195965763893907	0.004292549814675038
chr13	43883800	48095131	ENSG00000281883,SMIM2,SERP2,TSC22D1,NUFIP1,GPALPP1,GTF2F2,KCTD4,TPT1,SLC25A30,COG3,ERICH6B,CBY2,SIAH3,ZC3H13,CPB2,LCP1,LRRC63,RUBCNL,LRCH1,ESD,HTR2A,SUCLA2,NUDT15,MED4	-0.0039716856113074985	0.005222337594124816
chr13	44989529	48711226	GPALPP1,GTF2F2,KCTD4,TPT1,SLC25A30,COG3,ERICH6B,CBY2,SIAH3,ZC3H13,CPB2,LCP1,LRRC63,RUBCNL,LRCH1,ESD,HTR2A,SUCLA2,NUDT15,MED4,ITM2B,RB1,LPAR6,RCBTB2,CYSLTR2	-0.003949689420000484	0.006231252214713147
chr13	45464898	49495003	COG3,ERICH6B,CBY2,SIAH3,ZC3H13,CPB2,LCP1,LRRC63,RUBCNL,LRCH1,ESD,HTR2A,SUCLA2,NUDT15,MED4,ITM2B,RB1,LPAR6,RCBTB2,CYSLTR2,FNDC3A,MLNR,CDADC1,CAB39L,SETDB2	-0.0018577832917049918	0.006348076564123357
chr13	46053186	49792682	CPB2,LCP1,LRRC63,RUBCNL,LRCH1,ESD,HTR2A,SUCLA2,NUDT15,MED4,ITM2B,RB1,LPAR6,RCBTB2,CYSLTR2,FNDC3A,MLNR,CDADC1,CAB39L,SETDB2,PHF11,RCBTB1,ARL11,EBPL,KPNA3	0.008828197605289821	0.007381308427964393
chr13	46771256	51024120	ESD,HTR2A,SUCLA2,NUDT15,MED4,ITM2B,RB1,LPAR6,RCBTB2,CYSLTR2,FNDC3A,MLNR,CDADC1,CAB39L,SETDB2,PHF11,RCBTB1,ARL11,EBPL,KPNA3,SPRYD7,TRIM13,KCNRG,DLEU7,RNASEH2B	0.013684816511343617	0.010971351447118685
chr13	48232612	51767709	ITM2B,RB1,LPAR6,RCBTB2,CYSLTR2,FNDC3A,MLNR,CDADC1,CAB39L,SETDB2,PHF11,RCBTB1,ARL11,EBPL,KPNA3,SPRYD7,TRIM13,KCNRG,DLEU7,RNASEH2B,C13orf42,FAM124A,SERPINE3,INTS6,WDFY2	0.012922027604449694	0.013719454739867566
chr13	48975912	52012125	FNDC3A,MLNR,CDADC1,CAB39L,SETDB2,PHF11,RCBTB1,ARL11,EBPL,KPNA3,SPRYD7,TRIM13,KCNRG,DLEU7,RNASEH2B,C13orf42,FAM124A,SERPINE3,INTS6,WDFY2,ENSG00000285444,DHRS12,TMEM272,CCDC70,ATP7B	0.013514456548099112	0.014645816619712766
chr13	49495610	52416373	PHF11,RCBTB1,ARL11,EBPL,KPNA3,SPRYD7,TRIM13,KCNRG,DLEU7,RNASEH2B,C13orf42,FAM124A,SERPINE3,INTS6,WDFY2,ENSG00000285444,DHRS12,TMEM272,CCDC70,ATP7B,ALG11,UTP14C,NEK5,NEK3,THSD1	0.011918534724262032	0.012030761254270874
chr13	49912702	52739820	SPRYD7,TRIM13,KCNRG,DLEU7,RNASEH2B,C13orf42,FAM124A,SERPINE3,INTS6,WDFY2,ENSG00000285444,DHRS12,TMEM272,CCDC70,ATP7B,ALG11,UTP14C,NEK5,NEK3,THSD1,VPS36,CKAP2,HNRNPA1L2,SUGT1,CNMD	0.008378492562460746	0.007027088734716363
chr13	51082119	57157082	C13orf42,FAM124A,SERPINE3,INTS6,WDFY2,ENSG00000285444,DHRS12,TMEM272,CCDC70,ATP7B,ALG11,UTP14C,NEK5,NEK3,THSD1,VPS36,CKAP2,HNRNPA1L2,SUGT1,CNMD,PCDH8,OLFM4,PRR20A,PRR20C,PRR20B	0.011190834490226372	0.010050696239980879
chr13	51763951	60573878	ENSG00000285444,DHRS12,TMEM272,CCDC70,ATP7B,ALG11,UTP14C,NEK5,NEK3,THSD1,VPS36,CKAP2,HNRNPA1L2,SUGT1,CNMD,PCDH8,OLFM4,PRR20A,PRR20C,PRR20B,PRR20D,PRR20E,PCDH17,DIAPH3,TDRD3	0.015670982348526385	0.01580759417594467
chr13	52012391	67230445	ALG11,UTP14C,NEK5,NEK3,THSD1,VPS36,CKAP2,HNRNPA1L2,SUGT1,CNMD,PCDH8,OLFM4,PRR20A,PRR20C,PRR20B,PRR20D,PRR20E,PCDH17,DIAPH3,TDRD3,PCDH20,ENSG00000197991,ENSG00000237378,ENSG00000285566,PCDH9	0.00939953451197411	0.007460202647944151
chr13	52412602	72782096	VPS36,CKAP2,HNRNPA1L2,SUGT1,CNMD,PCDH8,OLFM4,PRR20A,PRR20C,PRR20B,PRR20D,PRR20E,PCDH17,DIAPH3,TDRD3,PCDH20,ENSG00000197991,ENSG00000237378,ENSG00000285566,PCDH9,KLHL1,DACH1,MZT1,BORA,DIS3	0.01561444558458593	0.006623052107232657
chr13	52842889	75549439	PCDH8,OLFM4,PRR20A,PRR20C,PRR20B,PRR20D,PRR20E,PCDH17,DIAPH3,TDRD3,PCDH20,ENSG00000197991,ENSG00000237378,ENSG00000285566,PCDH9,KLHL1,DACH1,MZT1,BORA,DIS3,PIBF1,KLF5,KLF12,TBC1D4,COMMD6	0.028619803154494316	0.014384024882940534
chr13	57160632	77019143	PRR20D,PRR20E,PCDH17,DIAPH3,TDRD3,PCDH20,ENSG00000197991,ENSG00000237378,ENSG00000285566,PCDH9,KLHL1,DACH1,MZT1,BORA,DIS3,PIBF1,KLF5,KLF12,TBC1D4,COMMD6,UCHL3,LMO7,KCTD12,ACOD1,CLN5	0.03436630173968426	0.013905679011374086
chr13	61409685	77645263	PCDH20,ENSG00000197991,ENSG00000237378,ENSG00000285566,PCDH9,KLHL1,DACH1,MZT1,BORA,DIS3,PIBF1,KLF5,KLF12,TBC1D4,COMMD6,UCHL3,LMO7,KCTD12,ACOD1,CLN5,ENSG00000283208,FBXL3,MYCBP2,ENSG00000288716,SCEL	0.021072077174235617	0.00623236781582283
chr13	69700594	79406477	KLHL1,DACH1,MZT1,BORA,DIS3,PIBF1,KLF5,KLF12,TBC1D4,COMMD6,UCHL3,LMO7,KCTD12,ACOD1,CLN5,ENSG00000283208,FBXL3,MYCBP2,ENSG00000288716,SCEL,SLAIN1,EDNRB,POU4F1,OBI1,RBM26	0.014975063488975312	0.007131456053610896
chr13	72782133	87696272	PIBF1,KLF5,KLF12,TBC1D4,COMMD6,UCHL3,LMO7,KCTD12,ACOD1,CLN5,ENSG00000283208,FBXL3,MYCBP2,ENSG00000288716,SCEL,SLAIN1,EDNRB,POU4F1,OBI1,RBM26,NDFIP2,SPRY2,SLITRK1,SLITRK6,SLITRK5	0.0217214248645114	0.01376875705560809
chr13	75549483	94634661	UCHL3,LMO7,KCTD12,ACOD1,CLN5,ENSG00000283208,FBXL3,MYCBP2,ENSG00000288716,SCEL,SLAIN1,EDNRB,POU4F1,OBI1,RBM26,NDFIP2,SPRY2,SLITRK1,SLITRK6,SLITRK5,GPC5,GPC6,DCT,TGDS,GPR180	0.023167763282601814	0.016362795694607097
chr13	76992078	95794988	ENSG00000283208,FBXL3,MYCBP2,ENSG00000288716,SCEL,SLAIN1,EDNRB,POU4F1,OBI1,RBM26,NDFIP2,SPRY2,SLITRK1,SLITRK6,SLITRK5,GPC5,GPC6,DCT,TGDS,GPR180,SOX21,ABCC4,CLDN10,DZIP1,DNAJC3	0.020974200554084273	0.014432625135436474
chr13	77697687	97469128	SLAIN1,EDNRB,POU4F1,OBI1,RBM26,NDFIP2,SPRY2,SLITRK1,SLITRK6,SLITRK5,GPC5,GPC6,DCT,TGDS,GPR180,SOX21,ABCC4,CLDN10,DZIP1,DNAJC3,UGGT2,HS6ST3,OXGR1,MBNL2,RAP2A	0.01636920908741341	0.009275155374871386
chr13	79481155	98752672	NDFIP2,SPRY2,SLITRK1,SLITRK6,SLITRK5,GPC5,GPC6,DCT,TGDS,GPR180,SOX21,ABCC4,CLDN10,DZIP1,DNAJC3,UGGT2,HS6ST3,OXGR1,MBNL2,RAP2A,IPO5,FARP1,RNF113B,STK24,SLC15A1	0.016976418540190583	0.010669133191364555
chr13	91398621	99564048	GPC5,GPC6,DCT,TGDS,GPR180,SOX21,ABCC4,CLDN10,DZIP1,DNAJC3,UGGT2,HS6ST3,OXGR1,MBNL2,RAP2A,IPO5,FARP1,RNF113B,STK24,SLC15A1,DOCK9,UBAC2,GPR18,GPR183,TM9SF2	0.0174505172620108	0.017745111920248153
chr13	94709622	100589528	SOX21,ABCC4,CLDN10,DZIP1,DNAJC3,UGGT2,HS6ST3,OXGR1,MBNL2,RAP2A,IPO5,FARP1,RNF113B,STK24,SLC15A1,DOCK9,UBAC2,GPR18,GPR183,TM9SF2,CLYBL,ZIC5,ZIC2,PCCA,GGACT	0.016878768616663535	0.017177490163915177
chr13	95801580	102679958	UGGT2,HS6ST3,OXGR1,MBNL2,RAP2A,IPO5,FARP1,RNF113B,STK24,SLC15A1,DOCK9,UBAC2,GPR18,GPR183,TM9SF2,CLYBL,ZIC5,ZIC2,PCCA,GGACT,TMTC4,NALCN,ITGBL1,FGF14,TPP2	0.022791766079925963	0.0165585299918785
chr13	97953658	102875994	IPO5,FARP1,RNF113B,STK24,SLC15A1,DOCK9,UBAC2,GPR18,GPR183,TM9SF2,CLYBL,ZIC5,ZIC2,PCCA,GGACT,TMTC4,NALCN,ITGBL1,FGF14,TPP2,METTL21C,CCDC168,TEX30,POGLUT2,BIVM-ERCC5	0.032804799227384045	0.01190334513746736
chr13	98793429	106535662	DOCK9,UBAC2,GPR18,GPR183,TM9SF2,CLYBL,ZIC5,ZIC2,PCCA,GGACT,TMTC4,NALCN,ITGBL1,FGF14,TPP2,METTL21C,CCDC168,TEX30,POGLUT2,BIVM-ERCC5,BIVM,ERCC5,SLC10A2,DAOA,EFNB2	0.019148015819032433	0.008523455242246954
chr13	99606669	109208005	CLYBL,ZIC5,ZIC2,PCCA,GGACT,TMTC4,NALCN,ITGBL1,FGF14,TPP2,METTL21C,CCDC168,TEX30,POGLUT2,BIVM-ERCC5,BIVM,ERCC5,SLC10A2,DAOA,EFNB2,ARGLU1,LIG4,ABHD13,TNFSF13B,MYO16	0.012233177395404549	0.010275476351087965
chr13	100603625	110639996	TMTC4,NALCN,ITGBL1,FGF14,TPP2,METTL21C,CCDC168,TEX30,POGLUT2,BIVM-ERCC5,BIVM,ERCC5,SLC10A2,DAOA,EFNB2,ARGLU1,LIG4,ABHD13,TNFSF13B,MYO16,IRS2,COL4A1,COL4A2,RAB20,NAXD	0.0047262966534849975	0.008439970267712893
chr13	102685747	111344249	METTL21C,CCDC168,TEX30,POGLUT2,BIVM-ERCC5,BIVM,ERCC5,SLC10A2,DAOA,EFNB2,ARGLU1,LIG4,ABHD13,TNFSF13B,MYO16,IRS2,COL4A1,COL4A2,RAB20,NAXD,CARS2,ING1,ANKRD10,ARHGEF7,TEX29	0.003335214366781562	0.007609421631178523
chr13	102799119	113099742	BIVM,ERCC5,SLC10A2,DAOA,EFNB2,ARGLU1,LIG4,ABHD13,TNFSF13B,MYO16,IRS2,COL4A1,COL4A2,RAB20,NAXD,CARS2,ING1,ANKRD10,ARHGEF7,TEX29,SOX1,SPACA7,TUBGCP3,ATP11A,MCF2L	0.01326229946320766	0.014058846352171712
chr13	106541673	113267108	ARGLU1,LIG4,ABHD13,TNFSF13B,MYO16,IRS2,COL4A1,COL4A2,RAB20,NAXD,CARS2,ING1,ANKRD10,ARHGEF7,TEX29,SOX1,SPACA7,TUBGCP3,ATP11A,MCF2L,F7,F10,PROZ,PCID2,CUL4A	0.02143285247572256	0.019658810162590794
chr13	109752695	113554590	IRS2,COL4A1,COL4A2,RAB20,NAXD,CARS2,ING1,ANKRD10,ARHGEF7,TEX29,SOX1,SPACA7,TUBGCP3,ATP11A,MCF2L,F7,F10,PROZ,PCID2,CUL4A,LAMP1,GRTP1,ADPRHL1,DCUN1D2,TMCO3	0.015767912866338326	0.014186332923564396
chr13	110641412	113864076	CARS2,ING1,ANKRD10,ARHGEF7,TEX29,SOX1,SPACA7,TUBGCP3,ATP11A,MCF2L,F7,F10,PROZ,PCID2,CUL4A,LAMP1,GRTP1,ADPRHL1,DCUN1D2,TMCO3,TFDP1,ATP4B,GRK1,TMEM255B,GAS6	0.012285983862642576	0.011749308679792937
chr13	112067149	114305817	SOX1,SPACA7,TUBGCP3,ATP11A,MCF2L,F7,F10,PROZ,PCID2,CUL4A,LAMP1,GRTP1,ADPRHL1,DCUN1D2,TMCO3,TFDP1,ATP4B,GRK1,TMEM255B,GAS6,C13orf46,RASA3,CFAP97D2,CDC16,UPF3A	0.011179465166960407	0.011254018694681577
chr14	18601117	20455089	OR11H12,POTEM,POTEG,OR11H2,OR4N2,OR4Q3,OR4M1,OR4K2,OR4K5,OR4K1,OR4K15,OR4K14,OR4K13,OR4L1,OR4K17,OR4N5,OR11G2,OR11H6,OR11H4,TTC5,CCNB1IP1,PARP2,TEP1,KLHL33,OSGEP	0.0009257433230589699	0.0012468604251911926
chr14	19743571	20560931	OR4Q3,OR4M1,OR4K2,OR4K5,OR4K1,OR4K15,OR4K14,OR4K13,OR4L1,OR4K17,OR4N5,OR11G2,OR11H6,OR11H4,TTC5,CCNB1IP1,PARP2,TEP1,KLHL33,OSGEP,APEX1,PIP4P1,PNP,RNASE10,RNASE9	0.008864152203024651	0.010313855952111688
chr14	19975591	20698971	OR4K15,OR4K14,OR4K13,OR4L1,OR4K17,OR4N5,OR11G2,OR11H6,OR11H4,TTC5,CCNB1IP1,PARP2,TEP1,KLHL33,OSGEP,APEX1,PIP4P1,PNP,RNASE10,RNASE9,ENSG00000259060,RNASE11,RNASE12,OR6S1,ANG	0.009291053220042613	0.009191114145842772
chr14	20138820	20782467	OR4N5,OR11G2,OR11H6,OR11H4,TTC5,CCNB1IP1,PARP2,TEP1,KLHL33,OSGEP,APEX1,PIP4P1,PNP,RNASE10,RNASE9,ENSG00000259060,RNASE11,RNASE12,OR6S1,ANG,RNASE4,ENSG00000259171,EDDM3A,EDDM3B,RNASE6	0.007483176006879622	0.009419171548069325
chr14	20311368	21001871	CCNB1IP1,PARP2,TEP1,KLHL33,OSGEP,APEX1,PIP4P1,PNP,RNASE10,RNASE9,ENSG00000259060,RNASE11,RNASE12,OR6S1,ANG,RNASE4,ENSG00000259171,EDDM3A,EDDM3B,RNASE6,RNASE1,RNASE3,RNASE2,METTL17,SLC39A2	0.0019011314609172869	0.0030821343951557435
chr14	20455191	21070872	APEX1,PIP4P1,PNP,RNASE10,RNASE9,ENSG00000259060,RNASE11,RNASE12,OR6S1,ANG,RNASE4,ENSG00000259171,EDDM3A,EDDM3B,RNASE6,RNASE1,RNASE3,RNASE2,METTL17,SLC39A2,NDRG2,TPPP2,RNASE13,RNASE7,RNASE8	0.001116796250050572	0.0009361265701911297
chr14	20582892	21269494	ENSG00000259060,RNASE11,RNASE12,OR6S1,ANG,RNASE4,ENSG00000259171,EDDM3A,EDDM3B,RNASE6,RNASE1,RNASE3,RNASE2,METTL17,SLC39A2,NDRG2,TPPP2,RNASE13,RNASE7,RNASE8,ARHGEF40,ZNF219,TMEM253,OR5AU1,HNRNPC	0.003892511535005551	0.003634132593482921
chr14	20684560	21499175	RNASE4,ENSG00000259171,EDDM3A,EDDM3B,RNASE6,RNASE1,RNASE3,RNASE2,METTL17,SLC39A2,NDRG2,TPPP2,RNASE13,RNASE7,RNASE8,ARHGEF40,ZNF219,TMEM253,OR5AU1,HNRNPC,RPGRIP1,SUPT16H,CHD8,RAB2B,TOX4	0.007387263343755196	0.006841610584401582
chr14	20801228	21667642	RNASE1,RNASE3,RNASE2,METTL17,SLC39A2,NDRG2,TPPP2,RNASE13,RNASE7,RNASE8,ARHGEF40,ZNF219,TMEM253,OR5AU1,HNRNPC,RPGRIP1,SUPT16H,CHD8,RAB2B,TOX4,METTL3,SALL2,OR10G3,OR10G2,OR4E2	0.016908908857342277	0.008587431740934298
chr14	21016763	22773042	NDRG2,TPPP2,RNASE13,RNASE7,RNASE8,ARHGEF40,ZNF219,TMEM253,OR5AU1,HNRNPC,RPGRIP1,SUPT16H,CHD8,RAB2B,TOX4,METTL3,SALL2,OR10G3,OR10G2,OR4E2,OR4E1,DAD1,ABHD4,OR6J1,OXA1L	0.018165981463327575	0.007754354915989801
chr14	21070273	22887678	ARHGEF40,ZNF219,TMEM253,OR5AU1,HNRNPC,RPGRIP1,SUPT16H,CHD8,RAB2B,TOX4,METTL3,SALL2,OR10G3,OR10G2,OR4E2,OR4E1,DAD1,ABHD4,OR6J1,OXA1L,SLC7A7,MRPL52,MMP14,LRP10,REM2	0.014120094100769151	0.007587579986171661
chr14	21280083	22982551	RPGRIP1,SUPT16H,CHD8,RAB2B,TOX4,METTL3,SALL2,OR10G3,OR10G2,OR4E2,OR4E1,DAD1,ABHD4,OR6J1,OXA1L,SLC7A7,MRPL52,MMP14,LRP10,REM2,RBM23,PRMT5,HAUS4,ENSG00000259132,AJUBA	0.009936599409506738	0.007279578941504178
chr14	21498133	23095614	METTL3,SALL2,OR10G3,OR10G2,OR4E2,OR4E1,DAD1,ABHD4,OR6J1,OXA1L,SLC7A7,MRPL52,MMP14,LRP10,REM2,RBM23,PRMT5,HAUS4,ENSG00000259132,AJUBA,C14orf93,PSMB5,PSMB11,CDH24,ACIN1	0.010894197117985201	0.011362526624146874
chr14	21667886	23299796	OR4E1,DAD1,ABHD4,OR6J1,OXA1L,SLC7A7,MRPL52,MMP14,LRP10,REM2,RBM23,PRMT5,HAUS4,ENSG00000259132,AJUBA,C14orf93,PSMB5,PSMB11,CDH24,ACIN1,C14orf119,CEBPE,SLC7A8,RNF212B,HOMEZ	0.0075346304978541594	0.009789263472951257
chr14	22773222	23352912	SLC7A7,MRPL52,MMP14,LRP10,REM2,RBM23,PRMT5,HAUS4,ENSG00000259132,AJUBA,C14orf93,PSMB5,PSMB11,CDH24,ACIN1,C14orf119,CEBPE,SLC7A8,RNF212B,HOMEZ,PPP1R3E,BCL2L2,BCL2L2-PABPN1,PABPN1,SLC22A17	0.006363330742209251	0.007936358386955913
chr14	22893204	23435660	RBM23,PRMT5,HAUS4,ENSG00000259132,AJUBA,C14orf93,PSMB5,PSMB11,CDH24,ACIN1,C14orf119,CEBPE,SLC7A8,RNF212B,HOMEZ,PPP1R3E,BCL2L2,BCL2L2-PABPN1,PABPN1,SLC22A17,EFS,IL25,CMTM5,MYH6,MYH7	0.010251915996659106	0.010543269698114375
chr14	22985894	23578790	C14orf93,PSMB5,PSMB11,CDH24,ACIN1,C14orf119,CEBPE,SLC7A8,RNF212B,HOMEZ,PPP1R3E,BCL2L2,BCL2L2-PABPN1,PABPN1,SLC22A17,EFS,IL25,CMTM5,MYH6,MYH7,NGDN,ZFHX2,THTPA,AP1G2,JPH4	0.016830055995401168	0.015287755395610761
chr14	23095505	24078100	C14orf119,CEBPE,SLC7A8,RNF212B,HOMEZ,PPP1R3E,BCL2L2,BCL2L2-PABPN1,PABPN1,SLC22A17,EFS,IL25,CMTM5,MYH6,MYH7,NGDN,ZFHX2,THTPA,AP1G2,JPH4,DHRS2,DHRS4,DHRS4L2,CARMIL3,CPNE6	0.017435998749430526	0.014389436489017663
chr14	23295652	24132849	PPP1R3E,BCL2L2,BCL2L2-PABPN1,PABPN1,SLC22A17,EFS,IL25,CMTM5,MYH6,MYH7,NGDN,ZFHX2,THTPA,AP1G2,JPH4,DHRS2,DHRS4,DHRS4L2,CARMIL3,CPNE6,NRL,PCK2,DCAF11,ENSG00000259371,FITM1	0.01740351444375802	0.013149377021000228
chr14	23356403	24166452	EFS,IL25,CMTM5,MYH6,MYH7,NGDN,ZFHX2,THTPA,AP1G2,JPH4,DHRS2,DHRS4,DHRS4L2,CARMIL3,CPNE6,NRL,PCK2,DCAF11,ENSG00000259371,FITM1,PSME1,EMC9,PSME2,RNF31,ENSG00000259529	0.011546991799345435	0.009816760317741919
chr14	23469679	24195687	NGDN,ZFHX2,THTPA,AP1G2,JPH4,DHRS2,DHRS4,DHRS4L2,CARMIL3,CPNE6,NRL,PCK2,DCAF11,ENSG00000259371,FITM1,PSME1,EMC9,PSME2,RNF31,ENSG00000259529,IRF9,REC8,IPO4,ENSG00000259522,TM9SF1	0.008388424877818244	0.011231422164989645
chr14	23630115	24232352	DHRS2,DHRS4,DHRS4L2,CARMIL3,CPNE6,NRL,PCK2,DCAF11,ENSG00000259371,FITM1,PSME1,EMC9,PSME2,RNF31,ENSG00000259529,IRF9,REC8,IPO4,ENSG00000259522,TM9SF1,ENSG00000254692,TSSK4,CHMP4A,MDP1,NEDD8-MDP1	0.008733126552000245	0.015514816981007859
chr14	24078662	24271611	NRL,PCK2,DCAF11,ENSG00000259371,FITM1,PSME1,EMC9,PSME2,RNF31,ENSG00000259529,IRF9,REC8,IPO4,ENSG00000259522,TM9SF1,ENSG00000254692,TSSK4,CHMP4A,MDP1,NEDD8-MDP1,NEDD8,GMPR2,TINF2,TGM1,RABGGTA	0.0035207303919543758	0.011829429691917942
chr14	24136163	24318036	PSME1,EMC9,PSME2,RNF31,ENSG00000259529,IRF9,REC8,IPO4,ENSG00000259522,TM9SF1,ENSG00000254692,TSSK4,CHMP4A,MDP1,NEDD8-MDP1,NEDD8,GMPR2,TINF2,TGM1,RABGGTA,DHRS1,NOP9,CIDEB,LTB4R2,LTB4R	-2.6097410537462343e-05	0.008049765729232734
chr14	24161234	24430954	IRF9,REC8,IPO4,ENSG00000259522,TM9SF1,ENSG00000254692,TSSK4,CHMP4A,MDP1,NEDD8-MDP1,NEDD8,GMPR2,TINF2,TGM1,RABGGTA,DHRS1,NOP9,CIDEB,LTB4R2,LTB4R,ADCY4,RIPK3,NFATC4,NYNRIN,CBLN3	0.0038935223853830982	0.00982473042614272
chr14	24189157	24609699	ENSG00000254692,TSSK4,CHMP4A,MDP1,NEDD8-MDP1,NEDD8,GMPR2,TINF2,TGM1,RABGGTA,DHRS1,NOP9,CIDEB,LTB4R2,LTB4R,ADCY4,RIPK3,NFATC4,NYNRIN,CBLN3,KHNYN,SDR39U1,CMA1,CTSG,GZMH	0.004792520339991981	0.006216676398746551
chr14	24216857	30191898	NEDD8,GMPR2,TINF2,TGM1,RABGGTA,DHRS1,NOP9,CIDEB,LTB4R2,LTB4R,ADCY4,RIPK3,NFATC4,NYNRIN,CBLN3,KHNYN,SDR39U1,CMA1,CTSG,GZMH,GZMB,STXBP6,NOVA1,FOXG1,PRKD1	0.007817779270413884	0.005372289401719146
chr14	24290598	31130996	DHRS1,NOP9,CIDEB,LTB4R2,LTB4R,ADCY4,RIPK3,NFATC4,NYNRIN,CBLN3,KHNYN,SDR39U1,CMA1,CTSG,GZMH,GZMB,STXBP6,NOVA1,FOXG1,PRKD1,G2E3,SCFD1,COCH,STRN3,AP4S1	0.01631968576645052	0.010828856978163874
chr14	24318349	31488039	ADCY4,RIPK3,NFATC4,NYNRIN,CBLN3,KHNYN,SDR39U1,CMA1,CTSG,GZMH,GZMB,STXBP6,NOVA1,FOXG1,PRKD1,G2E3,SCFD1,COCH,STRN3,AP4S1,HECTD1,HEATR5A,ENSG00000203546,DTD2,GPR33	0.02452028131495089	0.006676667640291248
chr14	24429286	34462774	KHNYN,SDR39U1,CMA1,CTSG,GZMH,GZMB,STXBP6,NOVA1,FOXG1,PRKD1,G2E3,SCFD1,COCH,STRN3,AP4S1,HECTD1,HEATR5A,ENSG00000203546,DTD2,GPR33,NUBPL,ARHGAP5,AKAP6,NPAS3,EGLN3	0.023904124822277665	0.010525301336725494
chr14	24630954	34875647	GZMB,STXBP6,NOVA1,FOXG1,PRKD1,G2E3,SCFD1,COCH,STRN3,AP4S1,HECTD1,HEATR5A,ENSG00000203546,DTD2,GPR33,NUBPL,ARHGAP5,AKAP6,NPAS3,EGLN3,SPTSSA,EAPP,SNX6,CFL2,BAZ1A	0.027359454619564304	0.013982347816547407
chr14	30559158	35317474	G2E3,SCFD1,COCH,STRN3,AP4S1,HECTD1,HEATR5A,ENSG00000203546,DTD2,GPR33,NUBPL,ARHGAP5,AKAP6,NPAS3,EGLN3,SPTSSA,EAPP,SNX6,CFL2,BAZ1A,SRP54,FAM177A1,PPP2R3C,PRORP,ENSG00000258790	0.0380906788902672	0.01328877878046893
chr14	31100117	35932325	HECTD1,HEATR5A,ENSG00000203546,DTD2,GPR33,NUBPL,ARHGAP5,AKAP6,NPAS3,EGLN3,SPTSSA,EAPP,SNX6,CFL2,BAZ1A,SRP54,FAM177A1,PPP2R3C,PRORP,ENSG00000258790,PSMA6,NFKBIA,INSM2,RALGAPA1,BRMS1L	0.03498009847195723	0.007883270287758115
chr14	31489956	36679362	NUBPL,ARHGAP5,AKAP6,NPAS3,EGLN3,SPTSSA,EAPP,SNX6,CFL2,BAZ1A,SRP54,FAM177A1,PPP2R3C,PRORP,ENSG00000258790,PSMA6,NFKBIA,INSM2,RALGAPA1,BRMS1L,MBIP,SFTA3,NKX2-1,NKX2-8,PAX9	0.025858873603819204	0.009448446144293953
chr14	34432788	38213067	SPTSSA,EAPP,SNX6,CFL2,BAZ1A,SRP54,FAM177A1,PPP2R3C,PRORP,ENSG00000258790,PSMA6,NFKBIA,INSM2,RALGAPA1,BRMS1L,MBIP,SFTA3,NKX2-1,NKX2-8,PAX9,SLC25A21,MIPOL1,FOXA1,TTC6,SSTR1	0.018842651915168974	0.01499469742345721
chr14	34981957	39183220	SRP54,FAM177A1,PPP2R3C,PRORP,ENSG00000258790,PSMA6,NFKBIA,INSM2,RALGAPA1,BRMS1L,MBIP,SFTA3,NKX2-1,NKX2-8,PAX9,SLC25A21,MIPOL1,FOXA1,TTC6,SSTR1,CLEC14A,SEC23A,GEMIN2,TRAPPC6B,PNN	0.010363389531953648	0.008769491979106404
chr14	35278633	44907257	PSMA6,NFKBIA,INSM2,RALGAPA1,BRMS1L,MBIP,SFTA3,NKX2-1,NKX2-8,PAX9,SLC25A21,MIPOL1,FOXA1,TTC6,SSTR1,CLEC14A,SEC23A,GEMIN2,TRAPPC6B,PNN,MIA2,FBXO33,LRFN5,FSCB,C14orf28	0.009205270734274242	0.007359705625161018
chr14	36298564	45200890	MBIP,SFTA3,NKX2-1,NKX2-8,PAX9,SLC25A21,MIPOL1,FOXA1,TTC6,SSTR1,CLEC14A,SEC23A,GEMIN2,TRAPPC6B,PNN,MIA2,FBXO33,LRFN5,FSCB,C14orf28,KLHL28,TOGARAM1,PRPF39,FKBP3,FANCM	0.020250649607928	0.015273358873675563
chr14	36677921	49614672	SLC25A21,MIPOL1,FOXA1,TTC6,SSTR1,CLEC14A,SEC23A,GEMIN2,TRAPPC6B,PNN,MIA2,FBXO33,LRFN5,FSCB,C14orf28,KLHL28,TOGARAM1,PRPF39,FKBP3,FANCM,MIS18BP1,RPL10L,MDGA2,RPS29,LRR1	0.023080626416079816	0.010530197917472641
chr14	38254000	49753150	CLEC14A,SEC23A,GEMIN2,TRAPPC6B,PNN,MIA2,FBXO33,LRFN5,FSCB,C14orf28,KLHL28,TOGARAM1,PRPF39,FKBP3,FANCM,MIS18BP1,RPL10L,MDGA2,RPS29,LRR1,RPL36AL,MGAT2,DNAAF2,POLE2,KLHDC1	0.025811320135168295	0.008101586887649528
chr14	39230231	50231578	MIA2,FBXO33,LRFN5,FSCB,C14orf28,KLHL28,TOGARAM1,PRPF39,FKBP3,FANCM,MIS18BP1,RPL10L,MDGA2,RPS29,LRR1,RPL36AL,MGAT2,DNAAF2,POLE2,KLHDC1,KLHDC2,NEMF,ARF6,VCPKMT,SOS2	0.02318630917854893	0.003049090345442618
chr14	44924324	50634017	KLHL28,TOGARAM1,PRPF39,FKBP3,FANCM,MIS18BP1,RPL10L,MDGA2,RPS29,LRR1,RPL36AL,MGAT2,DNAAF2,POLE2,KLHDC1,KLHDC2,NEMF,ARF6,VCPKMT,SOS2,L2HGDH,DMAC2L,CDKL1,MAP4K5,ATL1	0.020861619512474762	0.004696155457418862
chr14	45203190	51096061	MIS18BP1,RPL10L,MDGA2,RPS29,LRR1,RPL36AL,MGAT2,DNAAF2,POLE2,KLHDC1,KLHDC2,NEMF,ARF6,VCPKMT,SOS2,L2HGDH,DMAC2L,CDKL1,MAP4K5,ATL1,SAV1,NIN,PYGL,ABHD12B,TRIM9	0.016299817588186875	0.010245606500826948
chr14	49618530	52069059	RPL36AL,MGAT2,DNAAF2,POLE2,KLHDC1,KLHDC2,NEMF,ARF6,VCPKMT,SOS2,L2HGDH,DMAC2L,CDKL1,MAP4K5,ATL1,SAV1,NIN,PYGL,ABHD12B,TRIM9,TMX1,FRMD6,GNG2,RTRAF,NID2	0.011667802571731372	0.012864328716583447
chr14	49768130	52695900	KLHDC2,NEMF,ARF6,VCPKMT,SOS2,L2HGDH,DMAC2L,CDKL1,MAP4K5,ATL1,SAV1,NIN,PYGL,ABHD12B,TRIM9,TMX1,FRMD6,GNG2,RTRAF,NID2,PTGDR,PTGER2,TXNDC16,GPR137C,ERO1A	0.006866891769954664	0.011194441629095496
chr14	50237563	53153323	L2HGDH,DMAC2L,CDKL1,MAP4K5,ATL1,SAV1,NIN,PYGL,ABHD12B,TRIM9,TMX1,FRMD6,GNG2,RTRAF,NID2,PTGDR,PTGER2,TXNDC16,GPR137C,ERO1A,PSMC6,STYX,GNPNAT1,FERMT2,DDHD1	-0.0009757223831737662	0.006944772267072331
chr14	50632058	54539292	SAV1,NIN,PYGL,ABHD12B,TRIM9,TMX1,FRMD6,GNG2,RTRAF,NID2,PTGDR,PTGER2,TXNDC16,GPR137C,ERO1A,PSMC6,STYX,GNPNAT1,FERMT2,DDHD1,BMP4,CDKN3,CNIH1,GMFB,CGRRF1	0.003697886662198594	0.009845808544101059
chr14	51240162	55070194	TMX1,FRMD6,GNG2,RTRAF,NID2,PTGDR,PTGER2,TXNDC16,GPR137C,ERO1A,PSMC6,STYX,GNPNAT1,FERMT2,DDHD1,BMP4,CDKN3,CNIH1,GMFB,CGRRF1,SAMD4A,GCH1,WDHD1,SOCS4,MAPK1IP1L	0.007833415913926167	0.013271101335481011
chr14	52267698	55456726	PTGDR,PTGER2,TXNDC16,GPR137C,ERO1A,PSMC6,STYX,GNPNAT1,FERMT2,DDHD1,BMP4,CDKN3,CNIH1,GMFB,CGRRF1,SAMD4A,GCH1,WDHD1,SOCS4,MAPK1IP1L,LGALS3,DLGAP5,FBXO34,ATG14,TBPL2	0.011127428600276499	0.016580817159042728
chr14	52707178	57268905	PSMC6,STYX,GNPNAT1,FERMT2,DDHD1,BMP4,CDKN3,CNIH1,GMFB,CGRRF1,SAMD4A,GCH1,WDHD1,SOCS4,MAPK1IP1L,LGALS3,DLGAP5,FBXO34,ATG14,TBPL2,KTN1,PELI2,TMEM260,OTX2,EXOC5	0.01434392378312377	0.016298034456454284
chr14	53949736	58298139	BMP4,CDKN3,CNIH1,GMFB,CGRRF1,SAMD4A,GCH1,WDHD1,SOCS4,MAPK1IP1L,LGALS3,DLGAP5,FBXO34,ATG14,TBPL2,KTN1,PELI2,TMEM260,OTX2,EXOC5,AP5M1,NAA30,CCDC198,SLC35F4,ARMH4	0.015109073352265991	0.01627508328181252
chr14	54566117	58427531	SAMD4A,GCH1,WDHD1,SOCS4,MAPK1IP1L,LGALS3,DLGAP5,FBXO34,ATG14,TBPL2,KTN1,PELI2,TMEM260,OTX2,EXOC5,AP5M1,NAA30,CCDC198,SLC35F4,ARMH4,ACTR10,PSMA3,ARID4A,TOMM20L,TIMM9	0.009541545868309215	0.011821610559864628
chr14	55124110	59484408	LGALS3,DLGAP5,FBXO34,ATG14,TBPL2,KTN1,PELI2,TMEM260,OTX2,EXOC5,AP5M1,NAA30,CCDC198,SLC35F4,ARMH4,ACTR10,PSMA3,ARID4A,TOMM20L,TIMM9,KIAA0586,DACT1,DAAM1,GPR135,L3HYPDH	-0.0029109096524214113	0.008047459927327003
chr14	55559072	60169133	KTN1,PELI2,TMEM260,OTX2,EXOC5,AP5M1,NAA30,CCDC198,SLC35F4,ARMH4,ACTR10,PSMA3,ARID4A,TOMM20L,TIMM9,KIAA0586,DACT1,DAAM1,GPR135,L3HYPDH,JKAMP,CCDC175,RTN1,LRRC9,PCNX4	-0.020794141656388078	0.008160122412665873
chr14	57268924	60658259	AP5M1,NAA30,CCDC198,SLC35F4,ARMH4,ACTR10,PSMA3,ARID4A,TOMM20L,TIMM9,KIAA0586,DACT1,DAAM1,GPR135,L3HYPDH,JKAMP,CCDC175,RTN1,LRRC9,PCNX4,DHRS7,PPM1A,C14orf39,SIX6,SIX1	-0.030120424882644038	0.008126713693761148
chr14	58200080	61550976	ACTR10,PSMA3,ARID4A,TOMM20L,TIMM9,KIAA0586,DACT1,DAAM1,GPR135,L3HYPDH,JKAMP,CCDC175,RTN1,LRRC9,PCNX4,DHRS7,PPM1A,C14orf39,SIX6,SIX1,SIX4,MNAT1,TRMT5,SLC38A6,PRKCH	-0.02856025967993976	0.003370381672325959
chr14	58427385	62112550	KIAA0586,DACT1,DAAM1,GPR135,L3HYPDH,JKAMP,CCDC175,RTN1,LRRC9,PCNX4,DHRS7,PPM1A,C14orf39,SIX6,SIX1,SIX4,MNAT1,TRMT5,SLC38A6,PRKCH,TMEM30B,ENSG00000258989,HIF1A,SNAPC1,SYT16	-0.0015870324815359716	0.00708953380866957
chr14	59484443	63641871	JKAMP,CCDC175,RTN1,LRRC9,PCNX4,DHRS7,PPM1A,C14orf39,SIX6,SIX1,SIX4,MNAT1,TRMT5,SLC38A6,PRKCH,TMEM30B,ENSG00000258989,HIF1A,SNAPC1,SYT16,KCNH5,RHOJ,GPHB5,PPP2R5E,WDR89	0.010295547216961918	0.01322761524155041
chr14	60144119	64505213	DHRS7,PPM1A,C14orf39,SIX6,SIX1,SIX4,MNAT1,TRMT5,SLC38A6,PRKCH,TMEM30B,ENSG00000258989,HIF1A,SNAPC1,SYT16,KCNH5,RHOJ,GPHB5,PPP2R5E,WDR89,SGPP1,SYNE2,ESR2,MTHFD1,ZBTB25	0.009925514491047636	0.015196537145842546
chr14	60709539	64750249	SIX4,MNAT1,TRMT5,SLC38A6,PRKCH,TMEM30B,ENSG00000258989,HIF1A,SNAPC1,SYT16,KCNH5,RHOJ,GPHB5,PPP2R5E,WDR89,SGPP1,SYNE2,ESR2,MTHFD1,ZBTB25,AKAP5,ZBTB1,HSPA2,PPP1R36,PLEKHG3	0.003960895316687963	0.0114796001379137
chr14	61277370	65061803	TMEM30B,ENSG00000258989,HIF1A,SNAPC1,SYT16,KCNH5,RHOJ,GPHB5,PPP2R5E,WDR89,SGPP1,SYNE2,ESR2,MTHFD1,ZBTB25,AKAP5,ZBTB1,HSPA2,PPP1R36,PLEKHG3,SPTB,CHURC1,CHURC1-FNTB,GPX2,RAB15	0.004386931319395734	0.011226253503118148
chr14	62699464	67181803	KCNH5,RHOJ,GPHB5,PPP2R5E,WDR89,SGPP1,SYNE2,ESR2,MTHFD1,ZBTB25,AKAP5,ZBTB1,HSPA2,PPP1R36,PLEKHG3,SPTB,CHURC1,CHURC1-FNTB,GPX2,RAB15,FNTB,MAX,FUT8,CCDC196,GPHN	0.011133766940938374	0.012580596262501072
chr14	63684216	67589612	SGPP1,SYNE2,ESR2,MTHFD1,ZBTB25,AKAP5,ZBTB1,HSPA2,PPP1R36,PLEKHG3,SPTB,CHURC1,CHURC1-FNTB,GPX2,RAB15,FNTB,MAX,FUT8,CCDC196,GPHN,ATP6V1D,EIF2S1,PLEK2,TMEM229B,PLEKHH1	0.010356824005766513	0.012338126653103108
chr14	64465499	67695793	AKAP5,ZBTB1,HSPA2,PPP1R36,PLEKHG3,SPTB,CHURC1,CHURC1-FNTB,GPX2,RAB15,FNTB,MAX,FUT8,CCDC196,GPHN,ATP6V1D,EIF2S1,PLEK2,TMEM229B,PLEKHH1,PIGH,ARG2,VTI1B,ENSG00000258466,RDH11	0.012938882505068462	0.014349769826666553
chr14	64746283	68979440	SPTB,CHURC1,CHURC1-FNTB,GPX2,RAB15,FNTB,MAX,FUT8,CCDC196,GPHN,ATP6V1D,EIF2S1,PLEK2,TMEM229B,PLEKHH1,PIGH,ARG2,VTI1B,ENSG00000258466,RDH11,RDH12,ZFYVE26,RAD51B,ZFP36L1,ACTN1	0.011667056272731905	0.011729458150344771
chr14	64986895	69462390	FNTB,MAX,FUT8,CCDC196,GPHN,ATP6V1D,EIF2S1,PLEK2,TMEM229B,PLEKHH1,PIGH,ARG2,VTI1B,ENSG00000258466,RDH11,RDH12,ZFYVE26,RAD51B,ZFP36L1,ACTN1,DCAF5,EXD2,GALNT16,ERH,SLC39A9	0.015254590852482371	0.0122286551469728
chr14	67294371	69797241	ATP6V1D,EIF2S1,PLEK2,TMEM229B,PLEKHH1,PIGH,ARG2,VTI1B,ENSG00000258466,RDH11,RDH12,ZFYVE26,RAD51B,ZFP36L1,ACTN1,DCAF5,EXD2,GALNT16,ERH,SLC39A9,PLEKHD1,CCDC177,SUSD6,SRSF5,SLC10A1	0.02147831206723136	0.01041227012444963
chr14	67581955	70417090	PIGH,ARG2,VTI1B,ENSG00000258466,RDH11,RDH12,ZFYVE26,RAD51B,ZFP36L1,ACTN1,DCAF5,EXD2,GALNT16,ERH,SLC39A9,PLEKHD1,CCDC177,SUSD6,SRSF5,SLC10A1,SMOC1,SLC8A3,COX16,SYNJ2BP-COX16,SYNJ2BP	0.013278693475406167	0.004315404827719012
chr14	67701886	70809534	RDH12,ZFYVE26,RAD51B,ZFP36L1,ACTN1,DCAF5,EXD2,GALNT16,ERH,SLC39A9,PLEKHD1,CCDC177,SUSD6,SRSF5,SLC10A1,SMOC1,SLC8A3,COX16,SYNJ2BP-COX16,SYNJ2BP,ADAM21,ADAM20,MED6,TTC9,MAP3K9	0.006248321750749709	0.003515288815053709
chr14	69050881	72959703	DCAF5,EXD2,GALNT16,ERH,SLC39A9,PLEKHD1,CCDC177,SUSD6,SRSF5,SLC10A1,SMOC1,SLC8A3,COX16,SYNJ2BP-COX16,SYNJ2BP,ADAM21,ADAM20,MED6,TTC9,MAP3K9,PCNX1,SIPA1L1,RGS6,DPF3,DCAF4	0.010209972181723741	0.010005810494370477
chr14	69484692	73458617	PLEKHD1,CCDC177,SUSD6,SRSF5,SLC10A1,SMOC1,SLC8A3,COX16,SYNJ2BP-COX16,SYNJ2BP,ADAM21,ADAM20,MED6,TTC9,MAP3K9,PCNX1,SIPA1L1,RGS6,DPF3,DCAF4,ZFYVE1,RBM25,PSEN1,PAPLN,NUMB	0.01529063307684553	0.015265242876194674
chr14	69854131	73595766	SMOC1,SLC8A3,COX16,SYNJ2BP-COX16,SYNJ2BP,ADAM21,ADAM20,MED6,TTC9,MAP3K9,PCNX1,SIPA1L1,RGS6,DPF3,DCAF4,ZFYVE1,RBM25,PSEN1,PAPLN,NUMB,HEATR4,RIOX1,ACOT1,ACOT2,ACOT4	0.01398356317851029	0.01481520937835205
chr14	70417107	73885726	ADAM21,ADAM20,MED6,TTC9,MAP3K9,PCNX1,SIPA1L1,RGS6,DPF3,DCAF4,ZFYVE1,RBM25,PSEN1,PAPLN,NUMB,HEATR4,RIOX1,ACOT1,ACOT2,ACOT4,ACOT6,DNAL1,PNMA1,MIDEAS,PTGR2	0.015129445439662428	0.014257559975880922
chr14	70907405	74019399	PCNX1,SIPA1L1,RGS6,DPF3,DCAF4,ZFYVE1,RBM25,PSEN1,PAPLN,NUMB,HEATR4,RIOX1,ACOT1,ACOT2,ACOT4,ACOT6,DNAL1,PNMA1,MIDEAS,PTGR2,ENSG00000258653,ZNF410,FAM161B,COQ6,ENTPD5	0.011843555157777493	0.011653777972585554
chr14	72969451	74303055	ZFYVE1,RBM25,PSEN1,PAPLN,NUMB,HEATR4,RIOX1,ACOT1,ACOT2,ACOT4,ACOT6,DNAL1,PNMA1,MIDEAS,PTGR2,ENSG00000258653,ZNF410,FAM161B,COQ6,ENTPD5,BBOF1,ALDH6A1,LIN52,VSX2,ABCD4	0.015230483961371468	0.014447923259758341
chr14	73478484	74612378	HEATR4,RIOX1,ACOT1,ACOT2,ACOT4,ACOT6,DNAL1,PNMA1,MIDEAS,PTGR2,ENSG00000258653,ZNF410,FAM161B,COQ6,ENTPD5,BBOF1,ALDH6A1,LIN52,VSX2,ABCD4,VRTN,SYNDIG1L,NPC2,ISCA2,LTBP2	0.010038856310459419	0.010331770201850204
chr14	73610945	74903743	ACOT6,DNAL1,PNMA1,MIDEAS,PTGR2,ENSG00000258653,ZNF410,FAM161B,COQ6,ENTPD5,BBOF1,ALDH6A1,LIN52,VSX2,ABCD4,VRTN,SYNDIG1L,NPC2,ISCA2,LTBP2,AREL1,FCF1,YLPM1,PROX2,DLST	0.010045956598267956	0.010648792977878402
chr14	73851971	75069483	ENSG00000258653,ZNF410,FAM161B,COQ6,ENTPD5,BBOF1,ALDH6A1,LIN52,VSX2,ABCD4,VRTN,SYNDIG1L,NPC2,ISCA2,LTBP2,AREL1,FCF1,YLPM1,PROX2,DLST,RPS6KL1,PGF,EIF2B2,MLH3,ACYP1	0.012716735109830448	0.015588236614278135
chr14	74019349	75474111	BBOF1,ALDH6A1,LIN52,VSX2,ABCD4,VRTN,SYNDIG1L,NPC2,ISCA2,LTBP2,AREL1,FCF1,YLPM1,PROX2,DLST,RPS6KL1,PGF,EIF2B2,MLH3,ACYP1,ZC2HC1C,NEK9,TMED10,FOS,JDP2	0.013788340524797915	0.015438517813771488
chr14	74303069	76084585	VRTN,SYNDIG1L,NPC2,ISCA2,LTBP2,AREL1,FCF1,YLPM1,PROX2,DLST,RPS6KL1,PGF,EIF2B2,MLH3,ACYP1,ZC2HC1C,NEK9,TMED10,FOS,JDP2,BATF,FLVCR2,TTLL5,ERG28,IFT43	0.01666055765523802	0.01585557208095199
chr14	74653437	76826246	AREL1,FCF1,YLPM1,PROX2,DLST,RPS6KL1,PGF,EIF2B2,MLH3,ACYP1,ZC2HC1C,NEK9,TMED10,FOS,JDP2,BATF,FLVCR2,TTLL5,ERG28,IFT43,TGFB3,GPATCH2L,ESRRB,VASH1,ANGEL1	0.021277852858368432	0.014574555202978264
chr14	74903951	77259495	RPS6KL1,PGF,EIF2B2,MLH3,ACYP1,ZC2HC1C,NEK9,TMED10,FOS,JDP2,BATF,FLVCR2,TTLL5,ERG28,IFT43,TGFB3,GPATCH2L,ESRRB,VASH1,ANGEL1,LRRC74A,IRF2BPL,CIPC,ENSG00000259164,TMEM63C	0.011637819126757402	0.009722273531580927
chr14	75064109	77377094	ZC2HC1C,NEK9,TMED10,FOS,JDP2,BATF,FLVCR2,TTLL5,ERG28,IFT43,TGFB3,GPATCH2L,ESRRB,VASH1,ANGEL1,LRRC74A,IRF2BPL,CIPC,ENSG00000259164,TMEM63C,ZDHHC22,NGB,POMT2,GSTZ1,TMED8	0.009649137931386298	0.01154220508380527
chr14	75522455	77498816	BATF,FLVCR2,TTLL5,ERG28,IFT43,TGFB3,GPATCH2L,ESRRB,VASH1,ANGEL1,LRRC74A,IRF2BPL,CIPC,ENSG00000259164,TMEM63C,ZDHHC22,NGB,POMT2,GSTZ1,TMED8,SAMD15,NOXRED1,VIPAS39,AHSA1,ISM2	0.009680068163664112	0.013874866460540392
chr14	75958097	77935014	TGFB3,GPATCH2L,ESRRB,VASH1,ANGEL1,LRRC74A,IRF2BPL,CIPC,ENSG00000259164,TMEM63C,ZDHHC22,NGB,POMT2,GSTZ1,TMED8,SAMD15,NOXRED1,VIPAS39,AHSA1,ISM2,SPTLC2,ALKBH1,SLIRP,SNW1,ADCK1	0.008629405839598522	0.008776703530178398
chr14	76826372	81221377	LRRC74A,IRF2BPL,CIPC,ENSG00000259164,TMEM63C,ZDHHC22,NGB,POMT2,GSTZ1,TMED8,SAMD15,NOXRED1,VIPAS39,AHSA1,ISM2,SPTLC2,ALKBH1,SLIRP,SNW1,ADCK1,NRXN3,DIO2,CEP128,TSHR,GTF2A1	0.016081763245273665	0.012829381050680199
chr14	77131270	88014811	ZDHHC22,NGB,POMT2,GSTZ1,TMED8,SAMD15,NOXRED1,VIPAS39,AHSA1,ISM2,SPTLC2,ALKBH1,SLIRP,SNW1,ADCK1,NRXN3,DIO2,CEP128,TSHR,GTF2A1,STON2,SEL1L,FLRT2,GALC,GPR65	0.01947591984421401	0.011150230654391255
chr14	77376689	88792953	SAMD15,NOXRED1,VIPAS39,AHSA1,ISM2,SPTLC2,ALKBH1,SLIRP,SNW1,ADCK1,NRXN3,DIO2,CEP128,TSHR,GTF2A1,STON2,SEL1L,FLRT2,GALC,GPR65,KCNK10,SPATA7,PTPN21,ZC3H14,EML5	0.014635471855122949	0.013586127427335308
chr14	77505997	90185853	SPTLC2,ALKBH1,SLIRP,SNW1,ADCK1,NRXN3,DIO2,CEP128,TSHR,GTF2A1,STON2,SEL1L,FLRT2,GALC,GPR65,KCNK10,SPATA7,PTPN21,ZC3H14,EML5,TTC8,FOXN3,EFCAB11,TDP1,KCNK13	0.014398867649359307	0.018219022236612543
chr14	78170373	91060641	NRXN3,DIO2,CEP128,TSHR,GTF2A1,STON2,SEL1L,FLRT2,GALC,GPR65,KCNK10,SPATA7,PTPN21,ZC3H14,EML5,TTC8,FOXN3,EFCAB11,TDP1,KCNK13,PSMC1,NRDE2,CALM1,TTC7B,RPS6KA5	0.01330202363066105	0.015106157302050166
chr14	81260652	91780707	STON2,SEL1L,FLRT2,GALC,GPR65,KCNK10,SPATA7,PTPN21,ZC3H14,EML5,TTC8,FOXN3,EFCAB11,TDP1,KCNK13,PSMC1,NRDE2,CALM1,TTC7B,RPS6KA5,DGLUCY,GPR68,CCDC88C,PPP4R3A,CATSPERB	0.00030063295382200847	0.009771046660091145
chr14	88180103	92121917	KCNK10,SPATA7,PTPN21,ZC3H14,EML5,TTC8,FOXN3,EFCAB11,TDP1,KCNK13,PSMC1,NRDE2,CALM1,TTC7B,RPS6KA5,DGLUCY,GPR68,CCDC88C,PPP4R3A,CATSPERB,TC2N,FBLN5,TRIP11,ATXN3,NDUFB1	-0.015546042423983112	0.005924795042746595
chr14	88824153	92839947	TTC8,FOXN3,EFCAB11,TDP1,KCNK13,PSMC1,NRDE2,CALM1,TTC7B,RPS6KA5,DGLUCY,GPR68,CCDC88C,PPP4R3A,CATSPERB,TC2N,FBLN5,TRIP11,ATXN3,NDUFB1,CPSF2,SLC24A4,RIN3,LGMN,GOLGA5	-0.003929010922273176	0.008421681902670649
chr14	90256527	93218586	PSMC1,NRDE2,CALM1,TTC7B,RPS6KA5,DGLUCY,GPR68,CCDC88C,PPP4R3A,CATSPERB,TC2N,FBLN5,TRIP11,ATXN3,NDUFB1,CPSF2,SLC24A4,RIN3,LGMN,GOLGA5,CHGA,ITPK1,MOAP1,ENSG00000259066,GON7	0.002963249674161238	0.007831698316066012
chr14	91060333	93788485	DGLUCY,GPR68,CCDC88C,PPP4R3A,CATSPERB,TC2N,FBLN5,TRIP11,ATXN3,NDUFB1,CPSF2,SLC24A4,RIN3,LGMN,GOLGA5,CHGA,ITPK1,MOAP1,ENSG00000259066,GON7,UBR7,BTBD7,UNC79,COX8C,PRIMA1	0.009280251503501416	0.011284140660492593
chr14	91779746	94081202	TC2N,FBLN5,TRIP11,ATXN3,NDUFB1,CPSF2,SLC24A4,RIN3,LGMN,GOLGA5,CHGA,ITPK1,MOAP1,ENSG00000259066,GON7,UBR7,BTBD7,UNC79,COX8C,PRIMA1,FAM181A,ASB2,CCDC197,OTUB2,DDX24	0.012746861323304038	0.017258010237887353
chr14	92121969	94293268	CPSF2,SLC24A4,RIN3,LGMN,GOLGA5,CHGA,ITPK1,MOAP1,ENSG00000259066,GON7,UBR7,BTBD7,UNC79,COX8C,PRIMA1,FAM181A,ASB2,CCDC197,OTUB2,DDX24,IFI27L1,IFI27,IFI27L2,PPP4R4,SERPINA10	0.013485326568979121	0.01293780039677089
chr14	92923150	94517844	CHGA,ITPK1,MOAP1,ENSG00000259066,GON7,UBR7,BTBD7,UNC79,COX8C,PRIMA1,FAM181A,ASB2,CCDC197,OTUB2,DDX24,IFI27L1,IFI27,IFI27L2,PPP4R4,SERPINA10,SERPINA6,SERPINA1,SERPINA11,SERPINA9,SERPINA12	0.012359144305667256	0.008472801104147195
chr14	93207241	94770113	UBR7,BTBD7,UNC79,COX8C,PRIMA1,FAM181A,ASB2,CCDC197,OTUB2,DDX24,IFI27L1,IFI27,IFI27L2,PPP4R4,SERPINA10,SERPINA6,SERPINA1,SERPINA11,SERPINA9,SERPINA12,SERPINA4,SERPINA5,ENSG00000273259,SERPINA3,GSC	0.015000633072643146	0.011900785570112656
chr14	93918894	95692628	FAM181A,ASB2,CCDC197,OTUB2,DDX24,IFI27L1,IFI27,IFI27L2,PPP4R4,SERPINA10,SERPINA6,SERPINA1,SERPINA11,SERPINA9,SERPINA12,SERPINA4,SERPINA5,ENSG00000273259,SERPINA3,GSC,DICER1,CLMN,SYNE3,GLRX5,TCL1B	0.003225696084315362	0.0032174807439409527
chr14	94081301	96263929	IFI27L1,IFI27,IFI27L2,PPP4R4,SERPINA10,SERPINA6,SERPINA1,SERPINA11,SERPINA9,SERPINA12,SERPINA4,SERPINA5,ENSG00000273259,SERPINA3,GSC,DICER1,CLMN,SYNE3,GLRX5,TCL1B,TCL1A,TUNAR,C14orf132,BDKRB2,ENSG00000258691	0.003920453766535888	0.005180842338151028
chr14	94304248	96567116	SERPINA6,SERPINA1,SERPINA11,SERPINA9,SERPINA12,SERPINA4,SERPINA5,ENSG00000273259,SERPINA3,GSC,DICER1,CLMN,SYNE3,GLRX5,TCL1B,TCL1A,TUNAR,C14orf132,BDKRB2,ENSG00000258691,BDKRB1,ATG2B,GSKIP,AK7,PAPOLA	0.01038055645466927	0.012249662659429846
chr14	94561442	99604207	SERPINA4,SERPINA5,ENSG00000273259,SERPINA3,GSC,DICER1,CLMN,SYNE3,GLRX5,TCL1B,TCL1A,TUNAR,C14orf132,BDKRB2,ENSG00000258691,BDKRB1,ATG2B,GSKIP,AK7,PAPOLA,VRK1,BCL11B,SETD3,CCNK,CCDC85C	0.008004541760832859	0.011043171819771191
chr14	95086228	100159645	DICER1,CLMN,SYNE3,GLRX5,TCL1B,TCL1A,TUNAR,C14orf132,BDKRB2,ENSG00000258691,BDKRB1,ATG2B,GSKIP,AK7,PAPOLA,VRK1,BCL11B,SETD3,CCNK,CCDC85C,HHIPL1,CYP46A1,EML1,EVL,DEGS2	0.0006663805616808939	0.009045695650790032
chr14	95709947	100530303	TCL1A,TUNAR,C14orf132,BDKRB2,ENSG00000258691,BDKRB1,ATG2B,GSKIP,AK7,PAPOLA,VRK1,BCL11B,SETD3,CCNK,CCDC85C,HHIPL1,CYP46A1,EML1,EVL,DEGS2,YY1,SLC25A29,SLC25A47,WARS1,WDR25	-0.008737635538499164	0.006553949642527818
chr14	96256210	101927989	BDKRB1,ATG2B,GSKIP,AK7,PAPOLA,VRK1,BCL11B,SETD3,CCNK,CCDC85C,HHIPL1,CYP46A1,EML1,EVL,DEGS2,YY1,SLC25A29,SLC25A47,WARS1,WDR25,BEGAIN,DLK1,RTL1,DIO3,PPP2R5C	-0.007599602323056021	0.006517298098659764
chr14	96797304	102342702	VRK1,BCL11B,SETD3,CCNK,CCDC85C,HHIPL1,CYP46A1,EML1,EVL,DEGS2,YY1,SLC25A29,SLC25A47,WARS1,WDR25,BEGAIN,DLK1,RTL1,DIO3,PPP2R5C,DYNC1H1,HSP90AA1,WDR20,MOK,ZNF839	-0.004537550310823533	0.007078079719722744
chr14	99645129	102911500	HHIPL1,CYP46A1,EML1,EVL,DEGS2,YY1,SLC25A29,SLC25A47,WARS1,WDR25,BEGAIN,DLK1,RTL1,DIO3,PPP2R5C,DYNC1H1,HSP90AA1,WDR20,MOK,ZNF839,CINP,TECPR2,ANKRD9,RCOR1,TRAF3	-0.007750046435923144	0.005108154848501984
chr14	100238298	103137439	YY1,SLC25A29,SLC25A47,WARS1,WDR25,BEGAIN,DLK1,RTL1,DIO3,PPP2R5C,DYNC1H1,HSP90AA1,WDR20,MOK,ZNF839,CINP,TECPR2,ANKRD9,RCOR1,TRAF3,AMN,CDC42BPB,LBHD2,EXOC3L4,TNFAIP2	-0.010097266058428101	0.005094787337092459
chr14	100537147	103562657	BEGAIN,DLK1,RTL1,DIO3,PPP2R5C,DYNC1H1,HSP90AA1,WDR20,MOK,ZNF839,CINP,TECPR2,ANKRD9,RCOR1,TRAF3,AMN,CDC42BPB,LBHD2,EXOC3L4,TNFAIP2,EIF5,MARK3,CKB,TRMT61A,BAG5	-0.001996515252692597	0.008975162165667855
chr14	101964573	103733668	DYNC1H1,HSP90AA1,WDR20,MOK,ZNF839,CINP,TECPR2,ANKRD9,RCOR1,TRAF3,AMN,CDC42BPB,LBHD2,EXOC3L4,TNFAIP2,EIF5,MARK3,CKB,TRMT61A,BAG5,KLC1,COA8,ENSG00000256500,XRCC3,ZFYVE21	-0.006460908531445761	0.006711798436370485
chr14	102341102	104115582	CINP,TECPR2,ANKRD9,RCOR1,TRAF3,AMN,CDC42BPB,LBHD2,EXOC3L4,TNFAIP2,EIF5,MARK3,CKB,TRMT61A,BAG5,KLC1,COA8,ENSG00000256500,XRCC3,ZFYVE21,PPP1R13B,ATP5MJ,TDRD9,RD3L,ASPG	-0.017735264326922247	0.005289109660053772
chr14	102922663	104747325	AMN,CDC42BPB,LBHD2,EXOC3L4,TNFAIP2,EIF5,MARK3,CKB,TRMT61A,BAG5,KLC1,COA8,ENSG00000256500,XRCC3,ZFYVE21,PPP1R13B,ATP5MJ,TDRD9,RD3L,ASPG,KIF26A,TMEM179,C14orf180,INF2,ADSS1	-0.009430875088540373	0.006557501047826007
chr14	103333544	104937761	EIF5,MARK3,CKB,TRMT61A,BAG5,KLC1,COA8,ENSG00000256500,XRCC3,ZFYVE21,PPP1R13B,ATP5MJ,TDRD9,RD3L,ASPG,KIF26A,TMEM179,C14orf180,INF2,ADSS1,SIVA1,AKT1,ZBTB42,CEP170B,PLD4	-0.0031509856818851593	0.005607889415013011
chr14	103561896	105168824	KLC1,COA8,ENSG00000256500,XRCC3,ZFYVE21,PPP1R13B,ATP5MJ,TDRD9,RD3L,ASPG,KIF26A,TMEM179,C14orf180,INF2,ADSS1,SIVA1,AKT1,ZBTB42,CEP170B,PLD4,AHNAK2,CLBA1,CDCA4,GPR132,JAG2	0.007398775642158379	0.011548986409641056
chr14	103733195	105450106	PPP1R13B,ATP5MJ,TDRD9,RD3L,ASPG,KIF26A,TMEM179,C14orf180,INF2,ADSS1,SIVA1,AKT1,ZBTB42,CEP170B,PLD4,AHNAK2,CLBA1,CDCA4,GPR132,JAG2,NUDT14,BRF1,BTBD6,PACS2,TEX22	0.009479608713599992	0.012786347842647925
chr14	104136454	105499575	KIF26A,TMEM179,C14orf180,INF2,ADSS1,SIVA1,AKT1,ZBTB42,CEP170B,PLD4,AHNAK2,CLBA1,CDCA4,GPR132,JAG2,NUDT14,BRF1,BTBD6,PACS2,TEX22,MTA1,CRIP2,CRIP1,ENSG00000257341,TEDC1	0.006954202944971073	0.012428213251843146
chr15	20531856	25439051	GOLGA6L6,POTEB2,POTEB3,LINC02203,OR4M2B,OR4N4C,POTEB,OR4M2,OR4N4,GOLGA6L22,NIPA1,NIPA2,CYFIP1,TUBGCP5,GOLGA6L1,GOLGA8S,GOLGA6L2,MKRN3,MAGEL2,NDN,NPAP1,SNRPN,SNURF,ENSG00000214265,UBE3A	0.011730503218924314	0.01042098419145829
chr15	21651844	28099315	OR4N4C,POTEB,OR4M2,OR4N4,GOLGA6L22,NIPA1,NIPA2,CYFIP1,TUBGCP5,GOLGA6L1,GOLGA8S,GOLGA6L2,MKRN3,MAGEL2,NDN,NPAP1,SNRPN,SNURF,ENSG00000214265,UBE3A,ATP10A,GABRB3,GABRA5,GABRG3,OCA2	0.012483823236470331	0.007553755736510125
chr15	22773063	28848675	NIPA1,NIPA2,CYFIP1,TUBGCP5,GOLGA6L1,GOLGA8S,GOLGA6L2,MKRN3,MAGEL2,NDN,NPAP1,SNRPN,SNURF,ENSG00000214265,UBE3A,ATP10A,GABRB3,GABRA5,GABRG3,OCA2,HERC2,GOLGA8F,GOLGA8G,GOLGA8M,GOLGA6L7	0.005219457635376947	0.0035335156862386762
chr15	23354748	30148748	GOLGA8S,GOLGA6L2,MKRN3,MAGEL2,NDN,NPAP1,SNRPN,SNURF,ENSG00000214265,UBE3A,ATP10A,GABRB3,GABRA5,GABRG3,OCA2,HERC2,GOLGA8F,GOLGA8G,GOLGA8M,GOLGA6L7,APBA2,NSMCE3,TJP1,GOLGA8J,GOLGA8T	0.012833531533880312	0.011233347474967757
chr15	24675775	30649529	NPAP1,SNRPN,SNURF,ENSG00000214265,UBE3A,ATP10A,GABRB3,GABRA5,GABRG3,OCA2,HERC2,GOLGA8F,GOLGA8G,GOLGA8M,GOLGA6L7,APBA2,NSMCE3,TJP1,GOLGA8J,GOLGA8T,CHRFAM7A,GOLGA8R,GOLGA8Q,GOLGA8H,ARHGAP11B	0.015445693245224542	0.014158269375790466
chr15	25677273	31435665	ATP10A,GABRB3,GABRA5,GABRG3,OCA2,HERC2,GOLGA8F,GOLGA8G,GOLGA8M,GOLGA6L7,APBA2,NSMCE3,TJP1,GOLGA8J,GOLGA8T,CHRFAM7A,GOLGA8R,GOLGA8Q,GOLGA8H,ARHGAP11B,ENSG00000284906,FAN1,MTMR10,TRPM1,KLF13	0.014575461596369257	0.01212013060704748
chr15	28111040	32607310	HERC2,GOLGA8F,GOLGA8G,GOLGA8M,GOLGA6L7,APBA2,NSMCE3,TJP1,GOLGA8J,GOLGA8T,CHRFAM7A,GOLGA8R,GOLGA8Q,GOLGA8H,ARHGAP11B,ENSG00000284906,FAN1,MTMR10,TRPM1,KLF13,OTUD7A,CHRNA7,GOLGA8K,GOLGA8O,GOLGA8N	0.006073154277634191	0.0053389011236292
chr15	28884483	33866121	APBA2,NSMCE3,TJP1,GOLGA8J,GOLGA8T,CHRFAM7A,GOLGA8R,GOLGA8Q,GOLGA8H,ARHGAP11B,ENSG00000284906,FAN1,MTMR10,TRPM1,KLF13,OTUD7A,CHRNA7,GOLGA8K,GOLGA8O,GOLGA8N,ARHGAP11A,SCG5,GREM1,FMN1,RYR3	0.006529551787243585	0.008699117560609884
chr15	30360566	34210096	CHRFAM7A,GOLGA8R,GOLGA8Q,GOLGA8H,ARHGAP11B,ENSG00000284906,FAN1,MTMR10,TRPM1,KLF13,OTUD7A,CHRNA7,GOLGA8K,GOLGA8O,GOLGA8N,ARHGAP11A,SCG5,GREM1,FMN1,RYR3,AVEN,CHRM5,EMC7,PGBD4,KATNBL1	0.004658832638381774	0.007117157827520648
chr15	30624548	34367196	ENSG00000284906,FAN1,MTMR10,TRPM1,KLF13,OTUD7A,CHRNA7,GOLGA8K,GOLGA8O,GOLGA8N,ARHGAP11A,SCG5,GREM1,FMN1,RYR3,AVEN,CHRM5,EMC7,PGBD4,KATNBL1,EMC4,SLC12A6,NOP10,NUTM1,LPCAT4	0.0055617860010261635	0.009058170547706391
chr15	31475398	34969742	OTUD7A,CHRNA7,GOLGA8K,GOLGA8O,GOLGA8N,ARHGAP11A,SCG5,GREM1,FMN1,RYR3,AVEN,CHRM5,EMC7,PGBD4,KATNBL1,EMC4,SLC12A6,NOP10,NUTM1,LPCAT4,GOLGA8A,GOLGA8B,GJD2,ACTC1,AQR	0.012721344282914658	0.009870952055111803
chr15	32615144	37101299	ARHGAP11A,SCG5,GREM1,FMN1,RYR3,AVEN,CHRM5,EMC7,PGBD4,KATNBL1,EMC4,SLC12A6,NOP10,NUTM1,LPCAT4,GOLGA8A,GOLGA8B,GJD2,ACTC1,AQR,ZNF770,NANOGP8,DPH6,CDIN1,MEIS2	0.022091470526048432	0.006289870737445101
chr15	33858782	39599466	AVEN,CHRM5,EMC7,PGBD4,KATNBL1,EMC4,SLC12A6,NOP10,NUTM1,LPCAT4,GOLGA8A,GOLGA8B,GJD2,ACTC1,AQR,ZNF770,NANOGP8,DPH6,CDIN1,MEIS2,TMCO5A,SPRED1,FAM98B,RASGRP1,THBS1	0.03602236094203377	0.011141645249782128
chr15	34225013	40108892	EMC4,SLC12A6,NOP10,NUTM1,LPCAT4,GOLGA8A,GOLGA8B,GJD2,ACTC1,AQR,ZNF770,NANOGP8,DPH6,CDIN1,MEIS2,TMCO5A,SPRED1,FAM98B,RASGRP1,THBS1,FSIP1,GPR176,EIF2AK4,SRP14,BMF	0.03126321288791007	0.014869917972370833
chr15	34378935	40307935	GOLGA8A,GOLGA8B,GJD2,ACTC1,AQR,ZNF770,NANOGP8,DPH6,CDIN1,MEIS2,TMCO5A,SPRED1,FAM98B,RASGRP1,THBS1,FSIP1,GPR176,EIF2AK4,SRP14,BMF,BUB1B,PAK6,BUB1B-PAK6,PLCB2,ANKRD63	0.016881407269305076	0.012453746483089055
chr15	34978341	40394288	ZNF770,NANOGP8,DPH6,CDIN1,MEIS2,TMCO5A,SPRED1,FAM98B,RASGRP1,THBS1,FSIP1,GPR176,EIF2AK4,SRP14,BMF,BUB1B,PAK6,BUB1B-PAK6,PLCB2,ANKRD63,INAFM2,CCDC9B,PHGR1,DISP2,KNSTRN	7.382035809583778e-05	0.0045252890345065955
chr15	37921939	40574949	TMCO5A,SPRED1,FAM98B,RASGRP1,THBS1,FSIP1,GPR176,EIF2AK4,SRP14,BMF,BUB1B,PAK6,BUB1B-PAK6,PLCB2,ANKRD63,INAFM2,CCDC9B,PHGR1,DISP2,KNSTRN,IVD,BAHD1,CHST14,CCDC32,RPUSD2	0.0019720388361487598	0.0036682715067957177
chr15	39588357	40807478	FSIP1,GPR176,EIF2AK4,SRP14,BMF,BUB1B,PAK6,BUB1B-PAK6,PLCB2,ANKRD63,INAFM2,CCDC9B,PHGR1,DISP2,KNSTRN,IVD,BAHD1,CHST14,CCDC32,RPUSD2,KNL1,RAD51,RMDN3,GCHFR,DNAJC17	0.007826586770651256	0.009711495209043105
chr15	40161023	40874234	BUB1B,PAK6,BUB1B-PAK6,PLCB2,ANKRD63,INAFM2,CCDC9B,PHGR1,DISP2,KNSTRN,IVD,BAHD1,CHST14,CCDC32,RPUSD2,KNL1,RAD51,RMDN3,GCHFR,DNAJC17,C15orf62,ZFYVE19,PPP1R14D,SPINT1,RHOV	0.010407814212192284	0.011883896564351603
chr15	40323692	41230757	INAFM2,CCDC9B,PHGR1,DISP2,KNSTRN,IVD,BAHD1,CHST14,CCDC32,RPUSD2,KNL1,RAD51,RMDN3,GCHFR,DNAJC17,C15orf62,ZFYVE19,PPP1R14D,SPINT1,RHOV,VPS18,DLL4,CHAC1,INO80,EXD1	0.00831687257533595	0.00892075177044263
chr15	40405485	41409403	IVD,BAHD1,CHST14,CCDC32,RPUSD2,KNL1,RAD51,RMDN3,GCHFR,DNAJC17,C15orf62,ZFYVE19,PPP1R14D,SPINT1,RHOV,VPS18,DLL4,CHAC1,INO80,EXD1,CHP1,ENSG00000285920,OIP5,NUSAP1,NDUFAF1	0.005863020405520024	0.005956173946877064
chr15	40594020	41583589	KNL1,RAD51,RMDN3,GCHFR,DNAJC17,C15orf62,ZFYVE19,PPP1R14D,SPINT1,RHOV,VPS18,DLL4,CHAC1,INO80,EXD1,CHP1,ENSG00000285920,OIP5,NUSAP1,NDUFAF1,RTF1,ITPKA,LTK,RPAP1,TYRO3	0.008111110784285728	0.007962971536451275
chr15	40769980	41848155	C15orf62,ZFYVE19,PPP1R14D,SPINT1,RHOV,VPS18,DLL4,CHAC1,INO80,EXD1,CHP1,ENSG00000285920,OIP5,NUSAP1,NDUFAF1,RTF1,ITPKA,LTK,RPAP1,TYRO3,MGA,MAPKBP1,JMJD7,JMJD7-PLA2G4B,PLA2G4B	0.012781590004340149	0.011085283760234611
chr15	40894450	42156636	VPS18,DLL4,CHAC1,INO80,EXD1,CHP1,ENSG00000285920,OIP5,NUSAP1,NDUFAF1,RTF1,ITPKA,LTK,RPAP1,TYRO3,MGA,MAPKBP1,JMJD7,JMJD7-PLA2G4B,PLA2G4B,SPTBN5,EHD4,PLA2G4E,PLA2G4D,PLA2G4F	0.013636583426161036	0.011779066289917114
chr15	41230839	42412949	CHP1,ENSG00000285920,OIP5,NUSAP1,NDUFAF1,RTF1,ITPKA,LTK,RPAP1,TYRO3,MGA,MAPKBP1,JMJD7,JMJD7-PLA2G4B,PLA2G4B,SPTBN5,EHD4,PLA2G4E,PLA2G4D,PLA2G4F,VPS39,TMEM87A,GANC,ENSG00000258461,CAPN3	0.008303328182897661	0.007832388801940211
chr15	41408408	42569994	RTF1,ITPKA,LTK,RPAP1,TYRO3,MGA,MAPKBP1,JMJD7,JMJD7-PLA2G4B,PLA2G4B,SPTBN5,EHD4,PLA2G4E,PLA2G4D,PLA2G4F,VPS39,TMEM87A,GANC,ENSG00000258461,CAPN3,ZNF106,SNAP23,ENSG00000285942,LRRC57,HAUS2	0.00590654021338815	0.0045778332516798435
chr15	41621134	43185144	MGA,MAPKBP1,JMJD7,JMJD7-PLA2G4B,PLA2G4B,SPTBN5,EHD4,PLA2G4E,PLA2G4D,PLA2G4F,VPS39,TMEM87A,GANC,ENSG00000258461,CAPN3,ZNF106,SNAP23,ENSG00000285942,LRRC57,HAUS2,STARD9,CDAN1,TTBK2,UBR1,TMEM62	0.011613651319341991	0.009261225120190276
chr15	41848146	43330582	SPTBN5,EHD4,PLA2G4E,PLA2G4D,PLA2G4F,VPS39,TMEM87A,GANC,ENSG00000258461,CAPN3,ZNF106,SNAP23,ENSG00000285942,LRRC57,HAUS2,STARD9,CDAN1,TTBK2,UBR1,TMEM62,CCNDBP1,EPB42,TGM5,TGM7,LCMT2	0.013025410281633995	0.011842693736100697
chr15	42158701	43531620	VPS39,TMEM87A,GANC,ENSG00000258461,CAPN3,ZNF106,SNAP23,ENSG00000285942,LRRC57,HAUS2,STARD9,CDAN1,TTBK2,UBR1,TMEM62,CCNDBP1,EPB42,TGM5,TGM7,LCMT2,ADAL,ZSCAN29,TUBGCP4,TP53BP1,MAP1A	0.012107655877653977	0.011178095807935757
chr15	42412823	43668118	ZNF106,SNAP23,ENSG00000285942,LRRC57,HAUS2,STARD9,CDAN1,TTBK2,UBR1,TMEM62,CCNDBP1,EPB42,TGM5,TGM7,LCMT2,ADAL,ZSCAN29,TUBGCP4,TP53BP1,MAP1A,PPIP5K1,CKMT1B,STRC,ENSG00000284772,CATSPER2	0.009027825298139397	0.0104471710359677
chr15	42575606	43804427	STARD9,CDAN1,TTBK2,UBR1,TMEM62,CCNDBP1,EPB42,TGM5,TGM7,LCMT2,ADAL,ZSCAN29,TUBGCP4,TP53BP1,MAP1A,PPIP5K1,CKMT1B,STRC,ENSG00000284772,CATSPER2,CKMT1A,PDIA3,ELL3,ENSG00000262560,SERF2	0.01593218277831295	0.017853655400708726
chr15	43185118	44195271	CCNDBP1,EPB42,TGM5,TGM7,LCMT2,ADAL,ZSCAN29,TUBGCP4,TP53BP1,MAP1A,PPIP5K1,CKMT1B,STRC,ENSG00000284772,CATSPER2,CKMT1A,PDIA3,ELL3,ENSG00000262560,SERF2,SERINC4,HYPK,MFAP1,WDR76,FRMD5	0.00941039256009162	0.00954156307289787
chr15	43330672	44711323	ADAL,ZSCAN29,TUBGCP4,TP53BP1,MAP1A,PPIP5K1,CKMT1B,STRC,ENSG00000284772,CATSPER2,CKMT1A,PDIA3,ELL3,ENSG00000262560,SERF2,SERINC4,HYPK,MFAP1,WDR76,FRMD5,GOLM2,CTDSPL2,EIF3J,SPG11,PATL2	0.00565732722941341	0.0031108656390377823
chr15	43533462	45114172	PPIP5K1,CKMT1B,STRC,ENSG00000284772,CATSPER2,CKMT1A,PDIA3,ELL3,ENSG00000262560,SERF2,SERINC4,HYPK,MFAP1,WDR76,FRMD5,GOLM2,CTDSPL2,EIF3J,SPG11,PATL2,B2M,TRIM69,TERB2,SORD,DUOX2	0.014296692083584925	0.00802087975940734
chr15	43692886	45277846	CKMT1A,PDIA3,ELL3,ENSG00000262560,SERF2,SERINC4,HYPK,MFAP1,WDR76,FRMD5,GOLM2,CTDSPL2,EIF3J,SPG11,PATL2,B2M,TRIM69,TERB2,SORD,DUOX2,DUOXA2,DUOXA1,DUOX1,SHF,SLC28A2	0.022153944871458147	0.01554057689096191
chr15	43794162	45615945	SERINC4,HYPK,MFAP1,WDR76,FRMD5,GOLM2,CTDSPL2,EIF3J,SPG11,PATL2,B2M,TRIM69,TERB2,SORD,DUOX2,DUOXA2,DUOXA1,DUOX1,SHF,SLC28A2,GATM,SPATA5L1,C15orf48,SLC30A4,BLOC1S6	0.012790054293367565	0.011543116465762233
chr15	44288719	48178353	GOLM2,CTDSPL2,EIF3J,SPG11,PATL2,B2M,TRIM69,TERB2,SORD,DUOX2,DUOXA2,DUOXA1,DUOX1,SHF,SLC28A2,GATM,SPATA5L1,C15orf48,SLC30A4,BLOC1S6,ENSG00000260170,SQOR,SEMA6D,SLC24A5,MYEF2	0.006112893387098683	0.0075084909074154315
chr15	44711358	48811146	B2M,TRIM69,TERB2,SORD,DUOX2,DUOXA2,DUOXA1,DUOX1,SHF,SLC28A2,GATM,SPATA5L1,C15orf48,SLC30A4,BLOC1S6,ENSG00000260170,SQOR,SEMA6D,SLC24A5,MYEF2,CTXN2,SLC12A1,DUT,FBN1,CEP152	0.009745671280466498	0.008983957820278025
chr15	45114326	49367869	DUOXA2,DUOXA1,DUOX1,SHF,SLC28A2,GATM,SPATA5L1,C15orf48,SLC30A4,BLOC1S6,ENSG00000260170,SQOR,SEMA6D,SLC24A5,MYEF2,CTXN2,SLC12A1,DUT,FBN1,CEP152,SHC4,EID1,SECISBP2L,COPS2,GALK2	0.014326700618402403	0.01187079291988714
chr15	45361124	50236385	GATM,SPATA5L1,C15orf48,SLC30A4,BLOC1S6,ENSG00000260170,SQOR,SEMA6D,SLC24A5,MYEF2,CTXN2,SLC12A1,DUT,FBN1,CEP152,SHC4,EID1,SECISBP2L,COPS2,GALK2,FAM227B,FGF7,DTWD1,ATP8B4,SLC27A2	0.013236842326376282	0.006826744771998144
chr15	45587351	50686797	ENSG00000260170,SQOR,SEMA6D,SLC24A5,MYEF2,CTXN2,SLC12A1,DUT,FBN1,CEP152,SHC4,EID1,SECISBP2L,COPS2,GALK2,FAM227B,FGF7,DTWD1,ATP8B4,SLC27A2,HDC,GABPB1,USP8,USP50,TRPM7	0.008719376791496921	0.005883521930962889
chr15	48178122	51338601	CTXN2,SLC12A1,DUT,FBN1,CEP152,SHC4,EID1,SECISBP2L,COPS2,GALK2,FAM227B,FGF7,DTWD1,ATP8B4,SLC27A2,HDC,GABPB1,USP8,USP50,TRPM7,ENSG00000288645,SPPL2A,AP4E1,TNFAIP8L3,CYP19A1	0.014732558832109933	0.01175745801812386
chr15	48823741	51816363	SHC4,EID1,SECISBP2L,COPS2,GALK2,FAM227B,FGF7,DTWD1,ATP8B4,SLC27A2,HDC,GABPB1,USP8,USP50,TRPM7,ENSG00000288645,SPPL2A,AP4E1,TNFAIP8L3,CYP19A1,GLDN,DMXL2,SCG3,LYSMD2,TMOD2	0.014795836459614315	0.01184474535278093
chr15	49326962	52191392	FAM227B,FGF7,DTWD1,ATP8B4,SLC27A2,HDC,GABPB1,USP8,USP50,TRPM7,ENSG00000288645,SPPL2A,AP4E1,TNFAIP8L3,CYP19A1,GLDN,DMXL2,SCG3,LYSMD2,TMOD2,TMOD3,LEO1,MAPK6,BCL2L10,GNB5	0.012501842658693856	0.01158992706048777
chr15	50241947	53762878	HDC,GABPB1,USP8,USP50,TRPM7,ENSG00000288645,SPPL2A,AP4E1,TNFAIP8L3,CYP19A1,GLDN,DMXL2,SCG3,LYSMD2,TMOD2,TMOD3,LEO1,MAPK6,BCL2L10,GNB5,MYO5C,MYO5A,ARPP19,ONECUT1,WDR72	0.003808712907296927	0.007955462513032243
chr15	50648802	55355648	ENSG00000288645,SPPL2A,AP4E1,TNFAIP8L3,CYP19A1,GLDN,DMXL2,SCG3,LYSMD2,TMOD2,TMOD3,LEO1,MAPK6,BCL2L10,GNB5,MYO5C,MYO5A,ARPP19,ONECUT1,WDR72,UNC13C,RSL24D1,RAB27A,PIGBOS1,PIGB	0.002811090666892086	0.010019534925835356
chr15	51341655	55993660	GLDN,DMXL2,SCG3,LYSMD2,TMOD2,TMOD3,LEO1,MAPK6,BCL2L10,GNB5,MYO5C,MYO5A,ARPP19,ONECUT1,WDR72,UNC13C,RSL24D1,RAB27A,PIGBOS1,PIGB,CCPG1,DNAAF4,PYGO1,PRTG,NEDD4	0.004991706297068769	0.007662699350868414
chr15	51829628	56918571	TMOD3,LEO1,MAPK6,BCL2L10,GNB5,MYO5C,MYO5A,ARPP19,ONECUT1,WDR72,UNC13C,RSL24D1,RAB27A,PIGBOS1,PIGB,CCPG1,DNAAF4,PYGO1,PRTG,NEDD4,RFX7,TEX9,MNS1,ZNF280D,ENSG00000285253	0.011264415496177236	0.008237561639536265
chr15	52192322	57782762	MYO5C,MYO5A,ARPP19,ONECUT1,WDR72,UNC13C,RSL24D1,RAB27A,PIGBOS1,PIGB,CCPG1,DNAAF4,PYGO1,PRTG,NEDD4,RFX7,TEX9,MNS1,ZNF280D,ENSG00000285253,TCF12,CGNL1,MYZAP,GCOM1,POLR2M	0.016146281342549165	0.009632521690549858
chr15	53978201	58861900	UNC13C,RSL24D1,RAB27A,PIGBOS1,PIGB,CCPG1,DNAAF4,PYGO1,PRTG,NEDD4,RFX7,TEX9,MNS1,ZNF280D,ENSG00000285253,TCF12,CGNL1,MYZAP,GCOM1,POLR2M,ALDH1A2,AQP9,LIPC,ADAM10,MINDY2	0.018763149268053204	0.010348079872953192
chr15	55340032	59372871	CCPG1,DNAAF4,PYGO1,PRTG,NEDD4,RFX7,TEX9,MNS1,ZNF280D,ENSG00000285253,TCF12,CGNL1,MYZAP,GCOM1,POLR2M,ALDH1A2,AQP9,LIPC,ADAM10,MINDY2,RNF111,SLTM,CCNB2,MYO1E,LDHAL6B	0.01489566137696624	0.008960602233488251
chr15	56087280	60061730	RFX7,TEX9,MNS1,ZNF280D,ENSG00000285253,TCF12,CGNL1,MYZAP,GCOM1,POLR2M,ALDH1A2,AQP9,LIPC,ADAM10,MINDY2,RNF111,SLTM,CCNB2,MYO1E,LDHAL6B,FAM81A,GCNT3,GTF2A2,BNIP2,FOXB1	0.01628627991097654	0.01277848217315713
chr15	56918623	62070917	TCF12,CGNL1,MYZAP,GCOM1,POLR2M,ALDH1A2,AQP9,LIPC,ADAM10,MINDY2,RNF111,SLTM,CCNB2,MYO1E,LDHAL6B,FAM81A,GCNT3,GTF2A2,BNIP2,FOXB1,ANXA2,ICE2,RORA,VPS13C,C2CD4A	0.018215217731635248	0.013915710999304401
chr15	57953424	63158021	ALDH1A2,AQP9,LIPC,ADAM10,MINDY2,RNF111,SLTM,CCNB2,MYO1E,LDHAL6B,FAM81A,GCNT3,GTF2A2,BNIP2,FOXB1,ANXA2,ICE2,RORA,VPS13C,C2CD4A,C2CD4B,TLN2,TPM1,LACTB,RPS27L	0.01295296294907602	0.009618410887858525
chr15	58865175	63602428	RNF111,SLTM,CCNB2,MYO1E,LDHAL6B,FAM81A,GCNT3,GTF2A2,BNIP2,FOXB1,ANXA2,ICE2,RORA,VPS13C,C2CD4A,C2CD4B,TLN2,TPM1,LACTB,RPS27L,RAB8B,APH1B,CA12,USP3,FBXL22	0.019485269426167993	0.010944891733351234
chr15	59372693	64157481	FAM81A,GCNT3,GTF2A2,BNIP2,FOXB1,ANXA2,ICE2,RORA,VPS13C,C2CD4A,C2CD4B,TLN2,TPM1,LACTB,RPS27L,RAB8B,APH1B,CA12,USP3,FBXL22,HERC1,DAPK2,CIAO2A,SNX1,SNX22	0.022473949888594535	0.008897941591466218
chr15	60347134	64455303	ANXA2,ICE2,RORA,VPS13C,C2CD4A,C2CD4B,TLN2,TPM1,LACTB,RPS27L,RAB8B,APH1B,CA12,USP3,FBXL22,HERC1,DAPK2,CIAO2A,SNX1,SNX22,PPIB,CSNK1G1,ENSG00000259316,PCLAF,TRIP4	0.01439973030093459	0.008806372773540825
chr15	62163535	64868002	C2CD4B,TLN2,TPM1,LACTB,RPS27L,RAB8B,APH1B,CA12,USP3,FBXL22,HERC1,DAPK2,CIAO2A,SNX1,SNX22,PPIB,CSNK1G1,ENSG00000259316,PCLAF,TRIP4,ZNF609,OAZ2,RBPMS2,PIF1,PLEKHO2	-0.00036798490732065423	0.00765113209240874
chr15	63189560	65053397	RAB8B,APH1B,CA12,USP3,FBXL22,HERC1,DAPK2,CIAO2A,SNX1,SNX22,PPIB,CSNK1G1,ENSG00000259316,PCLAF,TRIP4,ZNF609,OAZ2,RBPMS2,PIF1,PLEKHO2,ENSG00000249240,ANKDD1A,SPG21,MTFMT,SLC51B	-0.004001414584443661	0.006685730350742126
chr15	63608618	65185342	HERC1,DAPK2,CIAO2A,SNX1,SNX22,PPIB,CSNK1G1,ENSG00000259316,PCLAF,TRIP4,ZNF609,OAZ2,RBPMS2,PIF1,PLEKHO2,ENSG00000249240,ANKDD1A,SPG21,MTFMT,SLC51B,RASL12,KBTBD13,UBAP1L,PDCD7,CLPX	0.007559062138830059	0.012326223389651026
chr15	64155740	65517704	PPIB,CSNK1G1,ENSG00000259316,PCLAF,TRIP4,ZNF609,OAZ2,RBPMS2,PIF1,PLEKHO2,ENSG00000249240,ANKDD1A,SPG21,MTFMT,SLC51B,RASL12,KBTBD13,UBAP1L,PDCD7,CLPX,CILP,PARP16,IGDCC3,IGDCC4,DPP8	0.008290207920552599	0.011145181760461942
chr15	64460578	65891989	ZNF609,OAZ2,RBPMS2,PIF1,PLEKHO2,ENSG00000249240,ANKDD1A,SPG21,MTFMT,SLC51B,RASL12,KBTBD13,UBAP1L,PDCD7,CLPX,CILP,PARP16,IGDCC3,IGDCC4,DPP8,HACD3,INTS14,SLC24A1,DENND4A,RAB11A	0.014538484003090333	0.013577739624553784
chr15	64841883	66497780	ENSG00000249240,ANKDD1A,SPG21,MTFMT,SLC51B,RASL12,KBTBD13,UBAP1L,PDCD7,CLPX,CILP,PARP16,IGDCC3,IGDCC4,DPP8,HACD3,INTS14,SLC24A1,DENND4A,RAB11A,MEGF11,DIS3L,TIPIN,MAP2K1,SNAPC5	0.019097064308110125	0.01494706537150662
chr15	65053337	67195173	RASL12,KBTBD13,UBAP1L,PDCD7,CLPX,CILP,PARP16,IGDCC3,IGDCC4,DPP8,HACD3,INTS14,SLC24A1,DENND4A,RAB11A,MEGF11,DIS3L,TIPIN,MAP2K1,SNAPC5,RPL4,ZWILCH,LCTL,SMAD6,SMAD3	0.018969444195325154	0.010408071023169086
chr15	65194760	67834582	CILP,PARP16,IGDCC3,IGDCC4,DPP8,HACD3,INTS14,SLC24A1,DENND4A,RAB11A,MEGF11,DIS3L,TIPIN,MAP2K1,SNAPC5,RPL4,ZWILCH,LCTL,SMAD6,SMAD3,AAGAB,IQCH,C15orf61,MAP2K5,SKOR1	0.018302782061282007	0.007187767389991956
chr15	65530418	68295862	HACD3,INTS14,SLC24A1,DENND4A,RAB11A,MEGF11,DIS3L,TIPIN,MAP2K1,SNAPC5,RPL4,ZWILCH,LCTL,SMAD6,SMAD3,AAGAB,IQCH,C15orf61,MAP2K5,SKOR1,PIAS1,ENSG00000260007,CALML4,CLN6,FEM1B	0.018806554399698305	0.005562184767594493
chr15	65895079	69062743	MEGF11,DIS3L,TIPIN,MAP2K1,SNAPC5,RPL4,ZWILCH,LCTL,SMAD6,SMAD3,AAGAB,IQCH,C15orf61,MAP2K5,SKOR1,PIAS1,ENSG00000260007,CALML4,CLN6,FEM1B,ITGA11,CORO2B,ANP32A,SPESP1,NOX5	0.015430266136162657	0.009568165871450427
chr15	66498015	70098176	RPL4,ZWILCH,LCTL,SMAD6,SMAD3,AAGAB,IQCH,C15orf61,MAP2K5,SKOR1,PIAS1,ENSG00000260007,CALML4,CLN6,FEM1B,ITGA11,CORO2B,ANP32A,SPESP1,NOX5,GLCE,PAQR5,KIF23,RPLP1,TLE3	0.007811048388462717	0.011442885674611564
chr15	67200667	71783383	AAGAB,IQCH,C15orf61,MAP2K5,SKOR1,PIAS1,ENSG00000260007,CALML4,CLN6,FEM1B,ITGA11,CORO2B,ANP32A,SPESP1,NOX5,GLCE,PAQR5,KIF23,RPLP1,TLE3,UACA,LARP6,LRRC49,THAP10,THSD4	-0.007430647289074679	0.00695725271341386
chr15	68054309	72231819	PIAS1,ENSG00000260007,CALML4,CLN6,FEM1B,ITGA11,CORO2B,ANP32A,SPESP1,NOX5,GLCE,PAQR5,KIF23,RPLP1,TLE3,UACA,LARP6,LRRC49,THAP10,THSD4,NR2E3,MYO9A,SENP8,GRAMD2A,PKM	-0.005649072944952435	0.007426664203810845
chr15	68296532	72376420	ITGA11,CORO2B,ANP32A,SPESP1,NOX5,GLCE,PAQR5,KIF23,RPLP1,TLE3,UACA,LARP6,LRRC49,THAP10,THSD4,NR2E3,MYO9A,SENP8,GRAMD2A,PKM,PARP6,ENSG00000273025,CELF6,ENSG00000260729,HEXA	0.004762001067449933	0.010408886023108996
chr15	69160584	72738475	GLCE,PAQR5,KIF23,RPLP1,TLE3,UACA,LARP6,LRRC49,THAP10,THSD4,NR2E3,MYO9A,SENP8,GRAMD2A,PKM,PARP6,ENSG00000273025,CELF6,ENSG00000260729,HEXA,TMEM202,ARIH1,GOLGA6B,HIGD2B,BBS4	0.013076703427659547	0.011057124960695575
chr15	70654554	73634134	UACA,LARP6,LRRC49,THAP10,THSD4,NR2E3,MYO9A,SENP8,GRAMD2A,PKM,PARP6,ENSG00000273025,CELF6,ENSG00000260729,HEXA,TMEM202,ARIH1,GOLGA6B,HIGD2B,BBS4,ADPGK,NEO1,HCN4,REC114,NPTN	0.011899856799200283	0.011894070321729714
chr15	71792638	73994622	NR2E3,MYO9A,SENP8,GRAMD2A,PKM,PARP6,ENSG00000273025,CELF6,ENSG00000260729,HEXA,TMEM202,ARIH1,GOLGA6B,HIGD2B,BBS4,ADPGK,NEO1,HCN4,REC114,NPTN,CD276,INSYN1,TBC1D21,LOXL1,STOML1	0.012374324968883646	0.012961490581052691
chr15	72241181	74212267	PARP6,ENSG00000273025,CELF6,ENSG00000260729,HEXA,TMEM202,ARIH1,GOLGA6B,HIGD2B,BBS4,ADPGK,NEO1,HCN4,REC114,NPTN,CD276,INSYN1,TBC1D21,LOXL1,STOML1,PML,GOLGA6A,ISLR2,ISLR,STRA6	0.012718833297816336	0.01650751084275855
chr15	72398302	74598131	TMEM202,ARIH1,GOLGA6B,HIGD2B,BBS4,ADPGK,NEO1,HCN4,REC114,NPTN,CD276,INSYN1,TBC1D21,LOXL1,STOML1,PML,GOLGA6A,ISLR2,ISLR,STRA6,CCDC33,CYP11A1,SEMA7A,UBL7,ARID3B	0.010283846167750346	0.012952215644084032
chr15	72751294	74803197	ADPGK,NEO1,HCN4,REC114,NPTN,CD276,INSYN1,TBC1D21,LOXL1,STOML1,PML,GOLGA6A,ISLR2,ISLR,STRA6,CCDC33,CYP11A1,SEMA7A,UBL7,ARID3B,CLK3,EDC3,CYP1A1,CYP1A2,CSK	0.00792612209784933	0.011259174274597982
chr15	73683966	74902219	CD276,INSYN1,TBC1D21,LOXL1,STOML1,PML,GOLGA6A,ISLR2,ISLR,STRA6,CCDC33,CYP11A1,SEMA7A,UBL7,ARID3B,CLK3,EDC3,CYP1A1,CYP1A2,CSK,LMAN1L,CPLX3,ULK3,SCAMP2,MPI	0.00566800019864195	0.00981593661482051
chr15	73994673	75117462	PML,GOLGA6A,ISLR2,ISLR,STRA6,CCDC33,CYP11A1,SEMA7A,UBL7,ARID3B,CLK3,EDC3,CYP1A1,CYP1A2,CSK,LMAN1L,CPLX3,ULK3,SCAMP2,MPI,FAM219B,COX5A,RPP25,SCAMP5,PPCDC	0.00672835793162867	0.012141714404436524
chr15	74202705	75357115	CCDC33,CYP11A1,SEMA7A,UBL7,ARID3B,CLK3,EDC3,CYP1A1,CYP1A2,CSK,LMAN1L,CPLX3,ULK3,SCAMP2,MPI,FAM219B,COX5A,RPP25,SCAMP5,PPCDC,C15orf39,GOLGA6C,GOLGA6D,COMMD4,NEIL1	0.004091817433620136	0.012716289354393754
chr15	74598500	75648706	CLK3,EDC3,CYP1A1,CYP1A2,CSK,LMAN1L,CPLX3,ULK3,SCAMP2,MPI,FAM219B,COX5A,RPP25,SCAMP5,PPCDC,C15orf39,GOLGA6C,GOLGA6D,COMMD4,NEIL1,MAN2C1,SIN3A,PTPN9,SNUPN,IMP3	0.0026788467179712826	0.009228819720963684
chr15	74812716	75942511	LMAN1L,CPLX3,ULK3,SCAMP2,MPI,FAM219B,COX5A,RPP25,SCAMP5,PPCDC,C15orf39,GOLGA6C,GOLGA6D,COMMD4,NEIL1,MAN2C1,SIN3A,PTPN9,SNUPN,IMP3,SNX33,CSPG4,ODF3L1,UBE2Q2,FBXO22	0.008318267959015477	0.011559572251409887
chr15	74899992	76905444	FAM219B,COX5A,RPP25,SCAMP5,PPCDC,C15orf39,GOLGA6C,GOLGA6D,COMMD4,NEIL1,MAN2C1,SIN3A,PTPN9,SNUPN,IMP3,SNX33,CSPG4,ODF3L1,UBE2Q2,FBXO22,NRG4,TMEM266,ETFA,ISL2,SCAPER	0.012388121701654249	0.015261084568823637
chr15	75195643	77485607	C15orf39,GOLGA6C,GOLGA6D,COMMD4,NEIL1,MAN2C1,SIN3A,PTPN9,SNUPN,IMP3,SNX33,CSPG4,ODF3L1,UBE2Q2,FBXO22,NRG4,TMEM266,ETFA,ISL2,SCAPER,RCN2,PSTPIP1,TSPAN3,PEAK1,HMG20A	0.01104127715034745	0.011522994703588873
chr15	75355207	78171945	MAN2C1,SIN3A,PTPN9,SNUPN,IMP3,SNX33,CSPG4,ODF3L1,UBE2Q2,FBXO22,NRG4,TMEM266,ETFA,ISL2,SCAPER,RCN2,PSTPIP1,TSPAN3,PEAK1,HMG20A,LINGO1,TBC1D2B,SH2D7,CIB2,IDH3A	0.003918078289305336	0.006224555249605093
chr15	75647912	78537372	SNX33,CSPG4,ODF3L1,UBE2Q2,FBXO22,NRG4,TMEM266,ETFA,ISL2,SCAPER,RCN2,PSTPIP1,TSPAN3,PEAK1,HMG20A,LINGO1,TBC1D2B,SH2D7,CIB2,IDH3A,ACSBG1,DNAJA4,CRABP1,IREB2,HYKK	0.00038882384105174566	0.0056942163798300175
chr15	75935969	78811464	NRG4,TMEM266,ETFA,ISL2,SCAPER,RCN2,PSTPIP1,TSPAN3,PEAK1,HMG20A,LINGO1,TBC1D2B,SH2D7,CIB2,IDH3A,ACSBG1,DNAJA4,CRABP1,IREB2,HYKK,PSMA4,CHRNA5,CHRNA3,CHRNB4,ADAMTS7	0.000286787333037848	0.008476473943002806
chr15	76931738	79427432	RCN2,PSTPIP1,TSPAN3,PEAK1,HMG20A,LINGO1,TBC1D2B,SH2D7,CIB2,IDH3A,ACSBG1,DNAJA4,CRABP1,IREB2,HYKK,PSMA4,CHRNA5,CHRNA3,CHRNB4,ADAMTS7,MORF4L1,CTSH,RASGRF1,ANKRD34C,TMED3	-0.0019619067001107986	0.011944323911078504
chr15	77613027	80138393	LINGO1,TBC1D2B,SH2D7,CIB2,IDH3A,ACSBG1,DNAJA4,CRABP1,IREB2,HYKK,PSMA4,CHRNA5,CHRNA3,CHRNB4,ADAMTS7,MORF4L1,CTSH,RASGRF1,ANKRD34C,TMED3,MINAR1,MTHFS,ST20-MTHFS,BCL2A1,ZFAND6	-0.002381768940191291	0.006798667070785975
chr15	78167468	80951776	ACSBG1,DNAJA4,CRABP1,IREB2,HYKK,PSMA4,CHRNA5,CHRNA3,CHRNB4,ADAMTS7,MORF4L1,CTSH,RASGRF1,ANKRD34C,TMED3,MINAR1,MTHFS,ST20-MTHFS,BCL2A1,ZFAND6,FAH,CTXND1,ARNT2,ABHD17C,CEMIP	0.0008901945827096553	0.0051905732245334235
chr15	78540405	81314058	PSMA4,CHRNA5,CHRNA3,CHRNB4,ADAMTS7,MORF4L1,CTSH,RASGRF1,ANKRD34C,TMED3,MINAR1,MTHFS,ST20-MTHFS,BCL2A1,ZFAND6,FAH,CTXND1,ARNT2,ABHD17C,CEMIP,MESD,TLNRD1,ENSG00000288625,CFAP161,IL16	0.008212376573261041	0.012117176598707221
chr15	78810487	82284930	MORF4L1,CTSH,RASGRF1,ANKRD34C,TMED3,MINAR1,MTHFS,ST20-MTHFS,BCL2A1,ZFAND6,FAH,CTXND1,ARNT2,ABHD17C,CEMIP,MESD,TLNRD1,ENSG00000288625,CFAP161,IL16,STARD5,TMC3,MEX3B,EFL1,SAXO2	0.009953047394234764	0.014667420319248822
chr15	79432336	82648861	MINAR1,MTHFS,ST20-MTHFS,BCL2A1,ZFAND6,FAH,CTXND1,ARNT2,ABHD17C,CEMIP,MESD,TLNRD1,ENSG00000288625,CFAP161,IL16,STARD5,TMC3,MEX3B,EFL1,SAXO2,GOLGA6L10,GOLGA6L9,RPS17,ENSG00000260836,CPEB1	0.009275164410552537	0.011711862756056462
chr15	80152490	82991057	FAH,CTXND1,ARNT2,ABHD17C,CEMIP,MESD,TLNRD1,ENSG00000288625,CFAP161,IL16,STARD5,TMC3,MEX3B,EFL1,SAXO2,GOLGA6L10,GOLGA6L9,RPS17,ENSG00000260836,CPEB1,AP3B2,FSD2,WHAMM,HOMER2,RAMAC	0.01269455748376533	0.01102741571482513
chr15	80946289	83284664	MESD,TLNRD1,ENSG00000288625,CFAP161,IL16,STARD5,TMC3,MEX3B,EFL1,SAXO2,GOLGA6L10,GOLGA6L9,RPS17,ENSG00000260836,CPEB1,AP3B2,FSD2,WHAMM,HOMER2,RAMAC,C15orf40,BTBD1,TM6SF1,HDGFL3,BNC1	0.01651265239862869	0.013165084917046661
chr15	81309053	84654343	STARD5,TMC3,MEX3B,EFL1,SAXO2,GOLGA6L10,GOLGA6L9,RPS17,ENSG00000260836,CPEB1,AP3B2,FSD2,WHAMM,HOMER2,RAMAC,C15orf40,BTBD1,TM6SF1,HDGFL3,BNC1,SH3GL3,ADAMTSL3,GOLGA6L4,ZSCAN2,WDR73	0.015586266401968378	0.01310392959033495
chr15	82339993	84945798	GOLGA6L10,GOLGA6L9,RPS17,ENSG00000260836,CPEB1,AP3B2,FSD2,WHAMM,HOMER2,RAMAC,C15orf40,BTBD1,TM6SF1,HDGFL3,BNC1,SH3GL3,ADAMTSL3,GOLGA6L4,ZSCAN2,WDR73,NMB,SEC11A,ZNF592,ALPK3,SLC28A1	0.01542919039583787	0.013596292334345651
chr15	82659281	88256791	AP3B2,FSD2,WHAMM,HOMER2,RAMAC,C15orf40,BTBD1,TM6SF1,HDGFL3,BNC1,SH3GL3,ADAMTSL3,GOLGA6L4,ZSCAN2,WDR73,NMB,SEC11A,ZNF592,ALPK3,SLC28A1,PDE8A,AKAP13,KLHL25,AGBL1,NTRK3	0.011723758867010887	0.010367000219584121
chr15	82988441	88632281	C15orf40,BTBD1,TM6SF1,HDGFL3,BNC1,SH3GL3,ADAMTSL3,GOLGA6L4,ZSCAN2,WDR73,NMB,SEC11A,ZNF592,ALPK3,SLC28A1,PDE8A,AKAP13,KLHL25,AGBL1,NTRK3,MRPL46,ENSG00000173867,MRPS11,DET1,AEN	0.013526915374874854	0.012487364957577482
chr15	83447228	89202355	SH3GL3,ADAMTSL3,GOLGA6L4,ZSCAN2,WDR73,NMB,SEC11A,ZNF592,ALPK3,SLC28A1,PDE8A,AKAP13,KLHL25,AGBL1,NTRK3,MRPL46,ENSG00000173867,MRPS11,DET1,AEN,ISG20,ACAN,HAPLN3,MFGE8,ABHD2	0.017447169058226727	0.015909108830803657
chr15	84655129	89631056	NMB,SEC11A,ZNF592,ALPK3,SLC28A1,PDE8A,AKAP13,KLHL25,AGBL1,NTRK3,MRPL46,ENSG00000173867,MRPS11,DET1,AEN,ISG20,ACAN,HAPLN3,MFGE8,ABHD2,RLBP1,FANCI,POLG,RHCG,TICRR	0.013183086239474269	0.011922881845243094
chr15	84980440	89751249	PDE8A,AKAP13,KLHL25,AGBL1,NTRK3,MRPL46,ENSG00000173867,MRPS11,DET1,AEN,ISG20,ACAN,HAPLN3,MFGE8,ABHD2,RLBP1,FANCI,POLG,RHCG,TICRR,KIF7,PLIN1,PEX11A,WDR93,MESP1	0.006450049638571347	0.005817976005853425
chr15	88459477	89912952	MRPL46,ENSG00000173867,MRPS11,DET1,AEN,ISG20,ACAN,HAPLN3,MFGE8,ABHD2,RLBP1,FANCI,POLG,RHCG,TICRR,KIF7,PLIN1,PEX11A,WDR93,MESP1,MESP2,ANPEP,AP3S2,ARPIN-AP3S2,ARPIN	0.0059998318818027365	0.005889192056544014
chr15	88635670	90245811	ISG20,ACAN,HAPLN3,MFGE8,ABHD2,RLBP1,FANCI,POLG,RHCG,TICRR,KIF7,PLIN1,PEX11A,WDR93,MESP1,MESP2,ANPEP,AP3S2,ARPIN-AP3S2,ARPIN,ZNF710,IDH2,SEMA4B,CIB1,GDPGP1	0.004833774130195345	0.004621796045449974
chr15	89209869	90369146	RLBP1,FANCI,POLG,RHCG,TICRR,KIF7,PLIN1,PEX11A,WDR93,MESP1,MESP2,ANPEP,AP3S2,ARPIN-AP3S2,ARPIN,ZNF710,IDH2,SEMA4B,CIB1,GDPGP1,ENSG00000284626,ENSG00000261147,NGRN,ENSG00000275674,ZNF774	0.006471843893476204	0.007414975981621993
chr15	89608789	90895776	KIF7,PLIN1,PEX11A,WDR93,MESP1,MESP2,ANPEP,AP3S2,ARPIN-AP3S2,ARPIN,ZNF710,IDH2,SEMA4B,CIB1,GDPGP1,ENSG00000284626,ENSG00000261147,NGRN,ENSG00000275674,ZNF774,IQGAP1,CRTC3,BLM,FURIN,FES	0.00969398789347636	0.011627823048185793
chr15	89760591	90995629	MESP2,ANPEP,AP3S2,ARPIN-AP3S2,ARPIN,ZNF710,IDH2,SEMA4B,CIB1,GDPGP1,ENSG00000284626,ENSG00000261147,NGRN,ENSG00000275674,ZNF774,IQGAP1,CRTC3,BLM,FURIN,FES,MAN2A2,HDDC3,UNC45A,RCCD1,PRC1	0.007863217535606402	0.010590994728742704
chr15	90001324	92468728	ZNF710,IDH2,SEMA4B,CIB1,GDPGP1,ENSG00000284626,ENSG00000261147,NGRN,ENSG00000275674,ZNF774,IQGAP1,CRTC3,BLM,FURIN,FES,MAN2A2,HDDC3,UNC45A,RCCD1,PRC1,ENSG00000284946,VPS33B,SV2B,SLCO3A1,ST8SIA2	0.008161461187715439	0.009899802735233668
chr15	90234200	96340263	ENSG00000284626,ENSG00000261147,NGRN,ENSG00000275674,ZNF774,IQGAP1,CRTC3,BLM,FURIN,FES,MAN2A2,HDDC3,UNC45A,RCCD1,PRC1,ENSG00000284946,VPS33B,SV2B,SLCO3A1,ST8SIA2,FAM174B,CHD2,RGMA,MCTP2,NR2F2	0.011472778785437104	0.011353980503222099
chr15	90388242	99251223	IQGAP1,CRTC3,BLM,FURIN,FES,MAN2A2,HDDC3,UNC45A,RCCD1,PRC1,ENSG00000284946,VPS33B,SV2B,SLCO3A1,ST8SIA2,FAM174B,CHD2,RGMA,MCTP2,NR2F2,ARRDC4,IGF1R,PGPEP1L,SYNM,TTC23	0.029086991008762587	0.01537840894036115
chr15	90902218	100544995	MAN2A2,HDDC3,UNC45A,RCCD1,PRC1,ENSG00000284946,VPS33B,SV2B,SLCO3A1,ST8SIA2,FAM174B,CHD2,RGMA,MCTP2,NR2F2,ARRDC4,IGF1R,PGPEP1L,SYNM,TTC23,LRRC28,MEF2A,LYSMD4,ADAMTS17,CERS3	0.05463640068753039	0.016320278487053322
chr15	90966190	101252048	ENSG00000284946,VPS33B,SV2B,SLCO3A1,ST8SIA2,FAM174B,CHD2,RGMA,MCTP2,NR2F2,ARRDC4,IGF1R,PGPEP1L,SYNM,TTC23,LRRC28,MEF2A,LYSMD4,ADAMTS17,CERS3,LINS1,ASB7,ALDH1A3,LRRK1,CHSY1	0.04583151524264661	0.017811132432462472
chr15	92617448	101724473	FAM174B,CHD2,RGMA,MCTP2,NR2F2,ARRDC4,IGF1R,PGPEP1L,SYNM,TTC23,LRRC28,MEF2A,LYSMD4,ADAMTS17,CERS3,LINS1,ASB7,ALDH1A3,LRRK1,CHSY1,SELENOS,SNRPA1,PCSK6,TM2D3,TARS3	0.021545947707855975	0.012315711078726489
chr16	46407	584109	POLR3K,SNRNP25,RHBDF1,MPG,NPRL3,HBZ,HBM,HBA2,HBA1,HBQ1,LUC7L,FAM234A,RGS11,ARHGDIG,PDIA2,AXIN1,MRPL28,PGAP6,NME4,DECR2,RAB11FIP3,CAPN15,PRR35,PIGQ,NHLRC4	0.0071943831967119015	0.012942480122438727
chr16	142728	667833	HBZ,HBM,HBA2,HBA1,HBQ1,LUC7L,FAM234A,RGS11,ARHGDIG,PDIA2,AXIN1,MRPL28,PGAP6,NME4,DECR2,RAB11FIP3,CAPN15,PRR35,PIGQ,NHLRC4,RAB40C,WFIKKN1,METTL26,MCRIP2,WDR90	0.004615529054193944	0.012605303720716934
chr16	188969	690444	LUC7L,FAM234A,RGS11,ARHGDIG,PDIA2,AXIN1,MRPL28,PGAP6,NME4,DECR2,RAB11FIP3,CAPN15,PRR35,PIGQ,NHLRC4,RAB40C,WFIKKN1,METTL26,MCRIP2,WDR90,RHOT2,RHBDL1,STUB1,JMJD8,WDR24	0.006646155183006114	0.01224071925566978
chr16	287440	735525	AXIN1,MRPL28,PGAP6,NME4,DECR2,RAB11FIP3,CAPN15,PRR35,PIGQ,NHLRC4,RAB40C,WFIKKN1,METTL26,MCRIP2,WDR90,RHOT2,RHBDL1,STUB1,JMJD8,WDR24,FBXL16,METRN,ANTKMT,CCDC78,HAGHL	0.008900830825632726	0.014287366062366422
chr16	425649	800737	RAB11FIP3,CAPN15,PRR35,PIGQ,NHLRC4,RAB40C,WFIKKN1,METTL26,MCRIP2,WDR90,RHOT2,RHBDL1,STUB1,JMJD8,WDR24,FBXL16,METRN,ANTKMT,CCDC78,HAGHL,CIAO3,MSLN,MSLNL,RPUSD1,CHTF18	0.010793192191961037	0.013149579060489362
chr16	589357	1096244	RAB40C,WFIKKN1,METTL26,MCRIP2,WDR90,RHOT2,RHBDL1,STUB1,JMJD8,WDR24,FBXL16,METRN,ANTKMT,CCDC78,HAGHL,CIAO3,MSLN,MSLNL,RPUSD1,CHTF18,GNG13,LMF1,SOX8,SSTR5,C1QTNF8	0.015465229967748595	0.017182344245967037
chr16	668100	1259008	RHOT2,RHBDL1,STUB1,JMJD8,WDR24,FBXL16,METRN,ANTKMT,CCDC78,HAGHL,CIAO3,MSLN,MSLNL,RPUSD1,CHTF18,GNG13,LMF1,SOX8,SSTR5,C1QTNF8,CACNA1H,TPSG1,TPSB2,TPSAB1,TPSD1	0.008343586300582033	0.009009565592051893
chr16	692498	1414751	FBXL16,METRN,ANTKMT,CCDC78,HAGHL,CIAO3,MSLN,MSLNL,RPUSD1,CHTF18,GNG13,LMF1,SOX8,SSTR5,C1QTNF8,CACNA1H,TPSG1,TPSB2,TPSAB1,TPSD1,UBE2I,BAIAP3,TSR3,GNPTG,UNKL	0.005446278445411899	0.005619150717085263
chr16	729760	1510457	CIAO3,MSLN,MSLNL,RPUSD1,CHTF18,GNG13,LMF1,SOX8,SSTR5,C1QTNF8,CACNA1H,TPSG1,TPSB2,TPSAB1,TPSD1,UBE2I,BAIAP3,TSR3,GNPTG,UNKL,PERCC1,CCDC154,CLCN7,PTX4,TELO2	0.006492533326462545	0.008818186186270437
chr16	798041	1702280	GNG13,LMF1,SOX8,SSTR5,C1QTNF8,CACNA1H,TPSG1,TPSB2,TPSAB1,TPSD1,UBE2I,BAIAP3,TSR3,GNPTG,UNKL,PERCC1,CCDC154,CLCN7,PTX4,TELO2,IFT140,TMEM204,CRAMP1,ENSG00000261732,JPT2	0.008331466819071163	0.01157326807224717
chr16	1153106	1793700	CACNA1H,TPSG1,TPSB2,TPSAB1,TPSD1,UBE2I,BAIAP3,TSR3,GNPTG,UNKL,PERCC1,CCDC154,CLCN7,PTX4,TELO2,IFT140,TMEM204,CRAMP1,ENSG00000261732,JPT2,MAPK8IP3,NME3,MRPS34,EME2,SPSB3	0.0072290046269944406	0.009784175809137551
chr16	1308880	1872178	UBE2I,BAIAP3,TSR3,GNPTG,UNKL,PERCC1,CCDC154,CLCN7,PTX4,TELO2,IFT140,TMEM204,CRAMP1,ENSG00000261732,JPT2,MAPK8IP3,NME3,MRPS34,EME2,SPSB3,NUBP2,IGFALS,HAGH,FAHD1,MEIOB	-0.0003930982683602861	0.009979026932693364
chr16	1431078	1964841	PERCC1,CCDC154,CLCN7,PTX4,TELO2,IFT140,TMEM204,CRAMP1,ENSG00000261732,JPT2,MAPK8IP3,NME3,MRPS34,EME2,SPSB3,NUBP2,IGFALS,HAGH,FAHD1,MEIOB,HS3ST6,MSRB1,RPL3L,NDUFB10,RPS2	-0.019507254671210925	0.0065941654933588814
chr16	1510427	1994275	IFT140,TMEM204,CRAMP1,ENSG00000261732,JPT2,MAPK8IP3,NME3,MRPS34,EME2,SPSB3,NUBP2,IGFALS,HAGH,FAHD1,MEIOB,HS3ST6,MSRB1,RPL3L,NDUFB10,RPS2,RNF151,TBL3,NOXO1,GFER,SYNGR3	-0.013791467502114912	0.006005381759613728
chr16	1706166	2135898	MAPK8IP3,NME3,MRPS34,EME2,SPSB3,NUBP2,IGFALS,HAGH,FAHD1,MEIOB,HS3ST6,MSRB1,RPL3L,NDUFB10,RPS2,RNF151,TBL3,NOXO1,GFER,SYNGR3,ZNF598,NPW,NTHL1,TSC2,PKD1	-0.006150809988296429	0.0006112728908527317
chr16	1782932	2210905	NUBP2,IGFALS,HAGH,FAHD1,MEIOB,HS3ST6,MSRB1,RPL3L,NDUFB10,RPS2,RNF151,TBL3,NOXO1,GFER,SYNGR3,ZNF598,NPW,NTHL1,TSC2,PKD1,RAB26,TRAF7,CASKIN1,MLST8,BRICD5	0.00036149364639838605	0.004147854937637722
chr16	1911475	2268397	HS3ST6,MSRB1,RPL3L,NDUFB10,RPS2,RNF151,TBL3,NOXO1,GFER,SYNGR3,ZNF598,NPW,NTHL1,TSC2,PKD1,RAB26,TRAF7,CASKIN1,MLST8,BRICD5,PGP,E4F1,DNASE1L2,ECI1,RNPS1	0.00801988497938294	0.013399393095974163
chr16	1966823	2509560	RNF151,TBL3,NOXO1,GFER,SYNGR3,ZNF598,NPW,NTHL1,TSC2,PKD1,RAB26,TRAF7,CASKIN1,MLST8,BRICD5,PGP,E4F1,DNASE1L2,ECI1,RNPS1,ABCA3,CCNF,TEDC2,NTN3,TBC1D24	0.00797931204756685	0.014909824011207964
chr16	1997654	2531422	ZNF598,NPW,NTHL1,TSC2,PKD1,RAB26,TRAF7,CASKIN1,MLST8,BRICD5,PGP,E4F1,DNASE1L2,ECI1,RNPS1,ABCA3,CCNF,TEDC2,NTN3,TBC1D24,ENSG00000260272,ATP6V0C,ENSG00000259784,AMDHD2,CEMP1	0.009729801741942856	0.01434418011534126
chr16	2140803	2777289	RAB26,TRAF7,CASKIN1,MLST8,BRICD5,PGP,E4F1,DNASE1L2,ECI1,RNPS1,ABCA3,CCNF,TEDC2,NTN3,TBC1D24,ENSG00000260272,ATP6V0C,ENSG00000259784,AMDHD2,CEMP1,PDPK1,KCTD5,PRSS27,SRRM2,ELOB	0.009915290092540599	0.012833811172544975
chr16	2211593	2858170	PGP,E4F1,DNASE1L2,ECI1,RNPS1,ABCA3,CCNF,TEDC2,NTN3,TBC1D24,ENSG00000260272,ATP6V0C,ENSG00000259784,AMDHD2,CEMP1,PDPK1,KCTD5,PRSS27,SRRM2,ELOB,PRSS33,PRSS41,PRSS21,ZG16B,PRSS22	0.004146288991273023	0.0065845828909012446
chr16	2275881	2980479	ABCA3,CCNF,TEDC2,NTN3,TBC1D24,ENSG00000260272,ATP6V0C,ENSG00000259784,AMDHD2,CEMP1,PDPK1,KCTD5,PRSS27,SRRM2,ELOB,PRSS33,PRSS41,PRSS21,ZG16B,PRSS22,FLYWCH2,FLYWCH1,KREMEN2,PKMYT1,PAQR4	-0.0035710548908632596	0.001456636006416497
chr16	2496032	3027755	ENSG00000260272,ATP6V0C,ENSG00000259784,AMDHD2,CEMP1,PDPK1,KCTD5,PRSS27,SRRM2,ELOB,PRSS33,PRSS41,PRSS21,ZG16B,PRSS22,FLYWCH2,FLYWCH1,KREMEN2,PKMYT1,PAQR4,CLDN9,CLDN6,TNFRSF12A,HCFC1R1,THOC6	-0.0032924547837144204	0.0005951007861927338
chr16	2537979	3120517	PDPK1,KCTD5,PRSS27,SRRM2,ELOB,PRSS33,PRSS41,PRSS21,ZG16B,PRSS22,FLYWCH2,FLYWCH1,KREMEN2,PKMYT1,PAQR4,CLDN9,CLDN6,TNFRSF12A,HCFC1R1,THOC6,BICDL2,MMP25,IL32,ZSCAN10,ZNF205	0.00556672513574153	0.009348059077078596
chr16	2783953	3301401	PRSS33,PRSS41,PRSS21,ZG16B,PRSS22,FLYWCH2,FLYWCH1,KREMEN2,PKMYT1,PAQR4,CLDN9,CLDN6,TNFRSF12A,HCFC1R1,THOC6,BICDL2,MMP25,IL32,ZSCAN10,ZNF205,ZNF213,OR1F1,ZNF200,MEFV,ZNF263	0.006574595148996132	0.011429924579221326
chr16	2883213	3479550	FLYWCH2,FLYWCH1,KREMEN2,PKMYT1,PAQR4,CLDN9,CLDN6,TNFRSF12A,HCFC1R1,THOC6,BICDL2,MMP25,IL32,ZSCAN10,ZNF205,ZNF213,OR1F1,ZNF200,MEFV,ZNF263,TIGD7,ZNF75A,OR2C1,ENSG00000285329,ZSCAN32	0.00563639038720569	0.008062930144379043
chr16	3012923	3539048	CLDN9,CLDN6,TNFRSF12A,HCFC1R1,THOC6,BICDL2,MMP25,IL32,ZSCAN10,ZNF205,ZNF213,OR1F1,ZNF200,MEFV,ZNF263,TIGD7,ZNF75A,OR2C1,ENSG00000285329,ZSCAN32,ZNF174,ZNF597,NAA60,C16orf90,CLUAP1	0.007586852642811227	0.007208179490166843
chr16	3027682	3880713	BICDL2,MMP25,IL32,ZSCAN10,ZNF205,ZNF213,OR1F1,ZNF200,MEFV,ZNF263,TIGD7,ZNF75A,OR2C1,ENSG00000285329,ZSCAN32,ZNF174,ZNF597,NAA60,C16orf90,CLUAP1,NLRC3,SLX4,DNASE1,TRAP1,CREBBP	0.009519799942595043	0.008181276565581716
chr16	3129777	4355607	ZNF213,OR1F1,ZNF200,MEFV,ZNF263,TIGD7,ZNF75A,OR2C1,ENSG00000285329,ZSCAN32,ZNF174,ZNF597,NAA60,C16orf90,CLUAP1,NLRC3,SLX4,DNASE1,TRAP1,CREBBP,ADCY9,SRL,TFAP4,GLIS2,PAM16	0.010749017289913426	0.010781920962231763
chr16	3298808	4495763	TIGD7,ZNF75A,OR2C1,ENSG00000285329,ZSCAN32,ZNF174,ZNF597,NAA60,C16orf90,CLUAP1,NLRC3,SLX4,DNASE1,TRAP1,CREBBP,ADCY9,SRL,TFAP4,GLIS2,PAM16,CORO7-PAM16,CORO7,VASN,DNAJA3,NMRAL1	0.012728183984823607	0.012310906629107776
chr16	3401215	4690974	ZNF174,ZNF597,NAA60,C16orf90,CLUAP1,NLRC3,SLX4,DNASE1,TRAP1,CREBBP,ADCY9,SRL,TFAP4,GLIS2,PAM16,CORO7-PAM16,CORO7,VASN,DNAJA3,NMRAL1,HMOX2,CDIP1,C16orf96,UBALD1,MGRN1	0.009930301878669261	0.010602691348355087
chr16	3539033	4796491	NLRC3,SLX4,DNASE1,TRAP1,CREBBP,ADCY9,SRL,TFAP4,GLIS2,PAM16,CORO7-PAM16,CORO7,VASN,DNAJA3,NMRAL1,HMOX2,CDIP1,C16orf96,UBALD1,MGRN1,NUDT16L1,ANKS3,ZNF500,SEPTIN12,SMIM22	0.010021396673326298	0.01202491087629336
chr16	3953387	5019157	ADCY9,SRL,TFAP4,GLIS2,PAM16,CORO7-PAM16,CORO7,VASN,DNAJA3,NMRAL1,HMOX2,CDIP1,C16orf96,UBALD1,MGRN1,NUDT16L1,ANKS3,ZNF500,SEPTIN12,SMIM22,ROGDI,GLYR1,UBN1,PPL,SEC14L5	0.012333006200816296	0.015136379728638223
chr16	4340251	7713340	CORO7-PAM16,CORO7,VASN,DNAJA3,NMRAL1,HMOX2,CDIP1,C16orf96,UBALD1,MGRN1,NUDT16L1,ANKS3,ZNF500,SEPTIN12,SMIM22,ROGDI,GLYR1,UBN1,PPL,SEC14L5,NAGPA,ALG1,C16orf89,EEF2KMT,RBFOX1	0.011911501080202879	0.015583574159795145
chr16	4474690	8862534	HMOX2,CDIP1,C16orf96,UBALD1,MGRN1,NUDT16L1,ANKS3,ZNF500,SEPTIN12,SMIM22,ROGDI,GLYR1,UBN1,PPL,SEC14L5,NAGPA,ALG1,C16orf89,EEF2KMT,RBFOX1,TMEM114,METTL22,ABAT,TMEM186,PMM2	0.01163104991395215	0.014608768069917594
chr16	4693562	10483638	NUDT16L1,ANKS3,ZNF500,SEPTIN12,SMIM22,ROGDI,GLYR1,UBN1,PPL,SEC14L5,NAGPA,ALG1,C16orf89,EEF2KMT,RBFOX1,TMEM114,METTL22,ABAT,TMEM186,PMM2,CARHSP1,LITAFD,USP7,GRIN2A,ATF7IP2	0.007651910122519554	0.011344086606152281
chr16	4796968	10943021	ROGDI,GLYR1,UBN1,PPL,SEC14L5,NAGPA,ALG1,C16orf89,EEF2KMT,RBFOX1,TMEM114,METTL22,ABAT,TMEM186,PMM2,CARHSP1,LITAFD,USP7,GRIN2A,ATF7IP2,EMP2,TEKT5,NUBP1,TVP23A,CIITA	0.010239365260142073	0.014231896824224538
chr16	5024844	11381662	NAGPA,ALG1,C16orf89,EEF2KMT,RBFOX1,TMEM114,METTL22,ABAT,TMEM186,PMM2,CARHSP1,LITAFD,USP7,GRIN2A,ATF7IP2,EMP2,TEKT5,NUBP1,TVP23A,CIITA,DEXI,CLEC16A,RMI2,SOCS1,TNP2	0.00995111992466217	0.014433773329692232
chr16	8537605	11636381	TMEM114,METTL22,ABAT,TMEM186,PMM2,CARHSP1,LITAFD,USP7,GRIN2A,ATF7IP2,EMP2,TEKT5,NUBP1,TVP23A,CIITA,DEXI,CLEC16A,RMI2,SOCS1,TNP2,PRM3,PRM2,PRM1,ENSG00000188897,LITAF	0.007510114570527101	0.009726861844032056
chr16	8852942	11916082	CARHSP1,LITAFD,USP7,GRIN2A,ATF7IP2,EMP2,TEKT5,NUBP1,TVP23A,CIITA,DEXI,CLEC16A,RMI2,SOCS1,TNP2,PRM3,PRM2,PRM1,ENSG00000188897,LITAF,SNN,TXNDC11,ZC3H7A,RSL1D1,GSPT1	0.005552715058420182	0.007081249531776847
chr16	10528422	13240416	EMP2,TEKT5,NUBP1,TVP23A,CIITA,DEXI,CLEC16A,RMI2,SOCS1,TNP2,PRM3,PRM2,PRM1,ENSG00000188897,LITAF,SNN,TXNDC11,ZC3H7A,RSL1D1,GSPT1,NPIPB2,TNFRSF17,SNX29,CPPED1,SHISA9	0.0073768111828019164	0.009451878064885396
chr16	10928891	14694308	DEXI,CLEC16A,RMI2,SOCS1,TNP2,PRM3,PRM2,PRM1,ENSG00000188897,LITAF,SNN,TXNDC11,ZC3H7A,RSL1D1,GSPT1,NPIPB2,TNFRSF17,SNX29,CPPED1,SHISA9,ERCC4,MRTFB,PARN,BFAR,PLA2G10	0.014293581143830145	0.01517812447503931
chr16	11273199	15139339	PRM3,PRM2,PRM1,ENSG00000188897,LITAF,SNN,TXNDC11,ZC3H7A,RSL1D1,GSPT1,NPIPB2,TNFRSF17,SNX29,CPPED1,SHISA9,ERCC4,MRTFB,PARN,BFAR,PLA2G10,NPIPA3,NPIPA2,NOMO1,NPIPA1,PDXDC1	0.01263171357483492	0.014137320294326391
chr16	11668455	15515348	SNN,TXNDC11,ZC3H7A,RSL1D1,GSPT1,NPIPB2,TNFRSF17,SNX29,CPPED1,SHISA9,ERCC4,MRTFB,PARN,BFAR,PLA2G10,NPIPA3,NPIPA2,NOMO1,NPIPA1,PDXDC1,NTAN1,RRN3,NPIPA5,ENSG00000261130,MPV17L	0.012626200937971439	0.013555543549863096
chr16	11927259	15888625	NPIPB2,TNFRSF17,SNX29,CPPED1,SHISA9,ERCC4,MRTFB,PARN,BFAR,PLA2G10,NPIPA3,NPIPA2,NOMO1,NPIPA1,PDXDC1,NTAN1,RRN3,NPIPA5,ENSG00000261130,MPV17L,BMERB1,MARF1,NDE1,MYH11,CEP20	0.010041931362498058	0.0117570474800892
chr16	13920138	16393972	ERCC4,MRTFB,PARN,BFAR,PLA2G10,NPIPA3,NPIPA2,NOMO1,NPIPA1,PDXDC1,NTAN1,RRN3,NPIPA5,ENSG00000261130,MPV17L,BMERB1,MARF1,NDE1,MYH11,CEP20,ABCC1,ABCC6,NOMO3,NPIPA9,NPIPA7	0.01018867822777768	0.014074829906581977
chr16	14703411	18801519	NPIPA3,NPIPA2,NOMO1,NPIPA1,PDXDC1,NTAN1,RRN3,NPIPA5,ENSG00000261130,MPV17L,BMERB1,MARF1,NDE1,MYH11,CEP20,ABCC1,ABCC6,NOMO3,NPIPA9,NPIPA7,XYLT1,NPIPA8,NOMO2,RPS15A,ENSG00000260342	0.009004541650480164	0.012319376219662354
chr16	15037854	19121629	NTAN1,RRN3,NPIPA5,ENSG00000261130,MPV17L,BMERB1,MARF1,NDE1,MYH11,CEP20,ABCC1,ABCC6,NOMO3,NPIPA9,NPIPA7,XYLT1,NPIPA8,NOMO2,RPS15A,ENSG00000260342,ARL6IP1,SMG1,TMC7,COQ7,ITPRIPL2	0.0026930042877308645	0.005428840836121648
chr16	15434475	19553408	BMERB1,MARF1,NDE1,MYH11,CEP20,ABCC1,ABCC6,NOMO3,NPIPA9,NPIPA7,XYLT1,NPIPA8,NOMO2,RPS15A,ENSG00000260342,ARL6IP1,SMG1,TMC7,COQ7,ITPRIPL2,SYT17,CLEC19A,TMC5,GDE1,CCP110	-0.001976533958286695	0.004461810091162518
chr16	15949138	20073890	ABCC1,ABCC6,NOMO3,NPIPA9,NPIPA7,XYLT1,NPIPA8,NOMO2,RPS15A,ENSG00000260342,ARL6IP1,SMG1,TMC7,COQ7,ITPRIPL2,SYT17,CLEC19A,TMC5,GDE1,CCP110,VPS35L,KNOP1,IQCK,GPRC5B,GPR139	0.006055588222389362	0.010092384342290915
chr16	17101769	20487669	XYLT1,NPIPA8,NOMO2,RPS15A,ENSG00000260342,ARL6IP1,SMG1,TMC7,COQ7,ITPRIPL2,SYT17,CLEC19A,TMC5,GDE1,CCP110,VPS35L,KNOP1,IQCK,GPRC5B,GPR139,GP2,UMOD,PDILT,ACSM5,ACSM2A	0.01591796078511136	0.013103605815361331
chr16	18791669	20900349	ARL6IP1,SMG1,TMC7,COQ7,ITPRIPL2,SYT17,CLEC19A,TMC5,GDE1,CCP110,VPS35L,KNOP1,IQCK,GPRC5B,GPR139,GP2,UMOD,PDILT,ACSM5,ACSM2A,ACSM2B,ACSM3,ACSM1,THUMPD1,ERI2	0.020103318204105883	0.01519911026050106
chr16	19167971	21214510	SYT17,CLEC19A,TMC5,GDE1,CCP110,VPS35L,KNOP1,IQCK,GPRC5B,GPR139,GP2,UMOD,PDILT,ACSM5,ACSM2A,ACSM2B,ACSM3,ACSM1,THUMPD1,ERI2,REXO5,DCUN1D3,LYRM1,DNAH3,ZP2	0.007083913687195782	0.006190604733106607
chr16	19555240	21657471	VPS35L,KNOP1,IQCK,GPRC5B,GPR139,GP2,UMOD,PDILT,ACSM5,ACSM2A,ACSM2B,ACSM3,ACSM1,THUMPD1,ERI2,REXO5,DCUN1D3,LYRM1,DNAH3,ZP2,ANKS4B,CRYM,NPIPB3,METTL9,IGSF6	0.006478075100281841	0.008497741742045924
chr16	20309574	22087534	GP2,UMOD,PDILT,ACSM5,ACSM2A,ACSM2B,ACSM3,ACSM1,THUMPD1,ERI2,REXO5,DCUN1D3,LYRM1,DNAH3,ZP2,ANKS4B,CRYM,NPIPB3,METTL9,IGSF6,OTOA,NPIPB4,UQCRC2,PDZD9,MOSMO	0.007327941971319026	0.011446489099972148
chr16	20536226	22437165	ACSM2B,ACSM3,ACSM1,THUMPD1,ERI2,REXO5,DCUN1D3,LYRM1,DNAH3,ZP2,ANKS4B,CRYM,NPIPB3,METTL9,IGSF6,OTOA,NPIPB4,UQCRC2,PDZD9,MOSMO,VWA3A,SDR42E2,EEF2K,POLR3E,CDR2	0.006668381533432324	0.012025015923010862
chr16	20806429	23381294	REXO5,DCUN1D3,LYRM1,DNAH3,ZP2,ANKS4B,CRYM,NPIPB3,METTL9,IGSF6,OTOA,NPIPB4,UQCRC2,PDZD9,MOSMO,VWA3A,SDR42E2,EEF2K,POLR3E,CDR2,NPIPB5,HS3ST2,USP31,SCNN1G,SCNN1B	0.009363926908950647	0.012945037952288059
chr16	21233699	23596316	ANKS4B,CRYM,NPIPB3,METTL9,IGSF6,OTOA,NPIPB4,UQCRC2,PDZD9,MOSMO,VWA3A,SDR42E2,EEF2K,POLR3E,CDR2,NPIPB5,HS3ST2,USP31,SCNN1G,SCNN1B,COG7,GGA2,EARS2,UBFD1,NDUFAB1	0.007618507267826663	0.008685654799179526
chr16	21663968	23758935	OTOA,NPIPB4,UQCRC2,PDZD9,MOSMO,VWA3A,SDR42E2,EEF2K,POLR3E,CDR2,NPIPB5,HS3ST2,USP31,SCNN1G,SCNN1B,COG7,GGA2,EARS2,UBFD1,NDUFAB1,PALB2,DCTN5,PLK1,ERN2,CHP2	0.007127334019351286	0.008212550739975066
chr16	22092538	24911628	VWA3A,SDR42E2,EEF2K,POLR3E,CDR2,NPIPB5,HS3ST2,USP31,SCNN1G,SCNN1B,COG7,GGA2,EARS2,UBFD1,NDUFAB1,PALB2,DCTN5,PLK1,ERN2,CHP2,PRKCB,CACNG3,RBBP6,TNRC6A,SLC5A11	0.007750226682744584	0.009111956197633414
chr16	22479121	26137685	NPIPB5,HS3ST2,USP31,SCNN1G,SCNN1B,COG7,GGA2,EARS2,UBFD1,NDUFAB1,PALB2,DCTN5,PLK1,ERN2,CHP2,PRKCB,CACNG3,RBBP6,TNRC6A,SLC5A11,ARHGAP17,LCMT1,AQP8,ZKSCAN2,HS3ST4	0.008762853299620545	0.008633231684067929
chr16	23388493	27452042	COG7,GGA2,EARS2,UBFD1,NDUFAB1,PALB2,DCTN5,PLK1,ERN2,CHP2,PRKCB,CACNG3,RBBP6,TNRC6A,SLC5A11,ARHGAP17,LCMT1,AQP8,ZKSCAN2,HS3ST4,C16orf82,KDM8,NSMCE1,IL4R,IL21R	0.015988864094318773	0.014687840555455927
chr16	23603160	28323849	PALB2,DCTN5,PLK1,ERN2,CHP2,PRKCB,CACNG3,RBBP6,TNRC6A,SLC5A11,ARHGAP17,LCMT1,AQP8,ZKSCAN2,HS3ST4,C16orf82,KDM8,NSMCE1,IL4R,IL21R,GTF3C1,KATNIP,GSG1L,XPO6,SBK1	0.0111586356716524	0.013879240831058313
chr16	23835983	28495575	PRKCB,CACNG3,RBBP6,TNRC6A,SLC5A11,ARHGAP17,LCMT1,AQP8,ZKSCAN2,HS3ST4,C16orf82,KDM8,NSMCE1,IL4R,IL21R,GTF3C1,KATNIP,GSG1L,XPO6,SBK1,NPIPB6,EIF3CL,NPIPB7,ENSG00000261832,CLN3	0.00597250770159183	0.01168256685588481
chr16	24919389	28597050	ARHGAP17,LCMT1,AQP8,ZKSCAN2,HS3ST4,C16orf82,KDM8,NSMCE1,IL4R,IL21R,GTF3C1,KATNIP,GSG1L,XPO6,SBK1,NPIPB6,EIF3CL,NPIPB7,ENSG00000261832,CLN3,APOBR,IL27,NUPR1,SGF29,SULT1A2	0.007616282917177691	0.013207606938064225
chr16	27066927	28837237	C16orf82,KDM8,NSMCE1,IL4R,IL21R,GTF3C1,KATNIP,GSG1L,XPO6,SBK1,NPIPB6,EIF3CL,NPIPB7,ENSG00000261832,CLN3,APOBR,IL27,NUPR1,SGF29,SULT1A2,SULT1A1,NPIPB8,EIF3C,NPIPB9,ATXN2L	0.004399151281725843	0.0068947757950674335
chr16	27459555	28939342	GTF3C1,KATNIP,GSG1L,XPO6,SBK1,NPIPB6,EIF3CL,NPIPB7,ENSG00000261832,CLN3,APOBR,IL27,NUPR1,SGF29,SULT1A2,SULT1A1,NPIPB8,EIF3C,NPIPB9,ATXN2L,TUFM,SH2B1,ATP2A1,RABEP2,CD19	0.0035121358931030676	0.004546560576901606
chr16	28342517	29454651	NPIPB6,EIF3CL,NPIPB7,ENSG00000261832,CLN3,APOBR,IL27,NUPR1,SGF29,SULT1A2,SULT1A1,NPIPB8,EIF3C,NPIPB9,ATXN2L,TUFM,SH2B1,ATP2A1,RABEP2,CD19,NFATC2IP,SPNS1,LAT,NPIPB11,BOLA2-SMG1P6	0.010333040669063107	0.010580173534129851
chr16	28494643	29670876	APOBR,IL27,NUPR1,SGF29,SULT1A2,SULT1A1,NPIPB8,EIF3C,NPIPB9,ATXN2L,TUFM,SH2B1,ATP2A1,RABEP2,CD19,NFATC2IP,SPNS1,LAT,NPIPB11,BOLA2-SMG1P6,BOLA2,SLX1B,SULT1A4,NPIPB12,SPN	0.012198794091860707	0.012099299327478509
chr16	28605196	29811164	SULT1A1,NPIPB8,EIF3C,NPIPB9,ATXN2L,TUFM,SH2B1,ATP2A1,RABEP2,CD19,NFATC2IP,SPNS1,LAT,NPIPB11,BOLA2-SMG1P6,BOLA2,SLX1B,SULT1A4,NPIPB12,SPN,QPRT,C16orf54,ZG16,KIF22,MAZ	0.005760633771035319	0.005000416250333221
chr16	28842411	29848039	TUFM,SH2B1,ATP2A1,RABEP2,CD19,NFATC2IP,SPNS1,LAT,NPIPB11,BOLA2-SMG1P6,BOLA2,SLX1B,SULT1A4,NPIPB12,SPN,QPRT,C16orf54,ZG16,KIF22,MAZ,PRRT2,ENSG00000280893,PAGR1,ENSG00000281348,MVP	0.003872480904362871	0.0037489992786447364
chr16	28950807	29973050	NFATC2IP,SPNS1,LAT,NPIPB11,BOLA2-SMG1P6,BOLA2,SLX1B,SULT1A4,NPIPB12,SPN,QPRT,C16orf54,ZG16,KIF22,MAZ,PRRT2,ENSG00000280893,PAGR1,ENSG00000281348,MVP,CDIPT,SEZ6L2,ASPHD1,KCTD13,TMEM219	0.009707607617485478	0.011837768232867666
chr16	29453590	30027736	BOLA2,SLX1B,SULT1A4,NPIPB12,SPN,QPRT,C16orf54,ZG16,KIF22,MAZ,PRRT2,ENSG00000280893,PAGR1,ENSG00000281348,MVP,CDIPT,SEZ6L2,ASPHD1,KCTD13,TMEM219,TAOK2,HIRIP3,INO80E,DOC2A,C16orf92	0.0032395593669152624	0.008404465235609372
chr16	29663279	30091924	QPRT,C16orf54,ZG16,KIF22,MAZ,PRRT2,ENSG00000280893,PAGR1,ENSG00000281348,MVP,CDIPT,SEZ6L2,ASPHD1,KCTD13,TMEM219,TAOK2,HIRIP3,INO80E,DOC2A,C16orf92,TLCD3B,ENSG00000285043,ALDOA,PPP4C,TBX6	-0.005051770865601667	0.007698798501249081
chr16	29811382	30194306	PRRT2,ENSG00000280893,PAGR1,ENSG00000281348,MVP,CDIPT,SEZ6L2,ASPHD1,KCTD13,TMEM219,TAOK2,HIRIP3,INO80E,DOC2A,C16orf92,TLCD3B,ENSG00000285043,ALDOA,PPP4C,TBX6,YPEL3,GDPD3,MAPK3,CORO1A,BOLA2B	-0.004052488022510898	0.010463083418071372
chr16	29858357	30370494	CDIPT,SEZ6L2,ASPHD1,KCTD13,TMEM219,TAOK2,HIRIP3,INO80E,DOC2A,C16orf92,TLCD3B,ENSG00000285043,ALDOA,PPP4C,TBX6,YPEL3,GDPD3,MAPK3,CORO1A,BOLA2B,SLX1A,SULT1A3,NPIPB13,CD2BP2,TBC1D10B	-0.001584839177633773	0.009781295550872158
chr16	29973868	30445874	TAOK2,HIRIP3,INO80E,DOC2A,C16orf92,TLCD3B,ENSG00000285043,ALDOA,PPP4C,TBX6,YPEL3,GDPD3,MAPK3,CORO1A,BOLA2B,SLX1A,SULT1A3,NPIPB13,CD2BP2,TBC1D10B,ZNF48,SEPTIN1,ZNF771,DCTPP1,SEPHS2	0.001515088435738288	0.012748227439193656
chr16	30024427	30558374	TLCD3B,ENSG00000285043,ALDOA,PPP4C,TBX6,YPEL3,GDPD3,MAPK3,CORO1A,BOLA2B,SLX1A,SULT1A3,NPIPB13,CD2BP2,TBC1D10B,ZNF48,SEPTIN1,ZNF771,DCTPP1,SEPHS2,ITGAL,ZNF768,ENSG00000261459,ZNF747,ZNF764	0.006405656014954293	0.014563088319486339
chr16	30092314	30670810	YPEL3,GDPD3,MAPK3,CORO1A,BOLA2B,SLX1A,SULT1A3,NPIPB13,CD2BP2,TBC1D10B,ZNF48,SEPTIN1,ZNF771,DCTPP1,SEPHS2,ITGAL,ZNF768,ENSG00000261459,ZNF747,ZNF764,ZNF688,ZNF785,ZNF689,PRR14,FBRS	0.009550593430096255	0.01721607287090384
chr16	30193875	30776307	SLX1A,SULT1A3,NPIPB13,CD2BP2,TBC1D10B,ZNF48,SEPTIN1,ZNF771,DCTPP1,SEPHS2,ITGAL,ZNF768,ENSG00000261459,ZNF747,ZNF764,ZNF688,ZNF785,ZNF689,PRR14,FBRS,SRCAP,ENSG00000282034,TMEM265,PHKG2,RNF40	0.008720346585331851	0.01391707365815844
chr16	30378106	30956461	ZNF48,SEPTIN1,ZNF771,DCTPP1,SEPHS2,ITGAL,ZNF768,ENSG00000261459,ZNF747,ZNF764,ZNF688,ZNF785,ZNF689,PRR14,FBRS,SRCAP,ENSG00000282034,TMEM265,PHKG2,RNF40,ZNF629,BCL7C,CTF1,FBXL19,ORAI3	0.009411173804382571	0.012826329184219536
chr16	30472658	31074240	ITGAL,ZNF768,ENSG00000261459,ZNF747,ZNF764,ZNF688,ZNF785,ZNF689,PRR14,FBRS,SRCAP,ENSG00000282034,TMEM265,PHKG2,RNF40,ZNF629,BCL7C,CTF1,FBXL19,ORAI3,SETD1A,HSD3B7,STX1B,STX4,ZNF668	0.009322477676894666	0.011263438896214966
chr16	30569672	31112791	ZNF688,ZNF785,ZNF689,PRR14,FBRS,SRCAP,ENSG00000282034,TMEM265,PHKG2,RNF40,ZNF629,BCL7C,CTF1,FBXL19,ORAI3,SETD1A,HSD3B7,STX1B,STX4,ZNF668,ZNF646,PRSS53,ENSG00000255439,VKORC1,BCKDK	0.010312144033105958	0.01085118121653866
chr16	30698209	31203450	SRCAP,ENSG00000282034,TMEM265,PHKG2,RNF40,ZNF629,BCL7C,CTF1,FBXL19,ORAI3,SETD1A,HSD3B7,STX1B,STX4,ZNF668,ZNF646,PRSS53,ENSG00000255439,VKORC1,BCKDK,KAT8,PRSS8,PRSS36,FUS,PYCARD	0.011037596020394084	0.010938832693667837
chr16	30778456	31426505	ZNF629,BCL7C,CTF1,FBXL19,ORAI3,SETD1A,HSD3B7,STX1B,STX4,ZNF668,ZNF646,PRSS53,ENSG00000255439,VKORC1,BCKDK,KAT8,PRSS8,PRSS36,FUS,PYCARD,TRIM72,PYDC1,ITGAM,ITGAX,ITGAD	0.01528697216962723	0.013411935432578351
chr16	30957294	31490860	SETD1A,HSD3B7,STX1B,STX4,ZNF668,ZNF646,PRSS53,ENSG00000255439,VKORC1,BCKDK,KAT8,PRSS8,PRSS36,FUS,PYCARD,TRIM72,PYDC1,ITGAM,ITGAX,ITGAD,COX6A2,ZNF843,ARMC5,TGFB1I1,SLC5A2	0.017260829119807728	0.012702686900153921
chr16	31074422	32676165	ZNF646,PRSS53,ENSG00000255439,VKORC1,BCKDK,KAT8,PRSS8,PRSS36,FUS,PYCARD,TRIM72,PYDC1,ITGAM,ITGAX,ITGAD,COX6A2,ZNF843,ARMC5,TGFB1I1,SLC5A2,RUSF1,AHSP,ZNF267,TP53TG3D,TP53TG3	0.007949428477263163	0.00559055642500123
chr16	31114489	33845229	KAT8,PRSS8,PRSS36,FUS,PYCARD,TRIM72,PYDC1,ITGAM,ITGAX,ITGAD,COX6A2,ZNF843,ARMC5,TGFB1I1,SLC5A2,RUSF1,AHSP,ZNF267,TP53TG3D,TP53TG3,TP53TG3C,TP53TG3E,TP53TG3B,TP53TG3F,IGHV3OR16-17	0.00427890204105422	0.003379620976505657
chr16	31214119	46831180	TRIM72,PYDC1,ITGAM,ITGAX,ITGAD,COX6A2,ZNF843,ARMC5,TGFB1I1,SLC5A2,RUSF1,AHSP,ZNF267,TP53TG3D,TP53TG3,TP53TG3C,TP53TG3E,TP53TG3B,TP53TG3F,IGHV3OR16-17,SHCBP1,VPS35,ORC6,MYLK3,C16orf87	0.0033475862573157955	0.0031427179471900826
chr16	31427731	47701523	COX6A2,ZNF843,ARMC5,TGFB1I1,SLC5A2,RUSF1,AHSP,ZNF267,TP53TG3D,TP53TG3,TP53TG3C,TP53TG3E,TP53TG3B,TP53TG3F,IGHV3OR16-17,SHCBP1,VPS35,ORC6,MYLK3,C16orf87,GPT2,DNAJA2,NETO2,ITFG1,PHKB	0.005074096458683608	0.0059316767862578525
chr16	31489471	48620148	RUSF1,AHSP,ZNF267,TP53TG3D,TP53TG3,TP53TG3C,TP53TG3E,TP53TG3B,TP53TG3F,IGHV3OR16-17,SHCBP1,VPS35,ORC6,MYLK3,C16orf87,GPT2,DNAJA2,NETO2,ITFG1,PHKB,ABCC12,ABCC11,LONP2,SIAH1,N4BP1	0.008388327960597276	0.008846614738222647
chr16	33194226	50107272	TP53TG3C,TP53TG3E,TP53TG3B,TP53TG3F,IGHV3OR16-17,SHCBP1,VPS35,ORC6,MYLK3,C16orf87,GPT2,DNAJA2,NETO2,ITFG1,PHKB,ABCC12,ABCC11,LONP2,SIAH1,N4BP1,CBLN1,C16orf78,ZNF423,CNEP1R1,HEATR3	0.007386049260842046	0.008847690406805997
chr16	46578591	50681353	SHCBP1,VPS35,ORC6,MYLK3,C16orf87,GPT2,DNAJA2,NETO2,ITFG1,PHKB,ABCC12,ABCC11,LONP2,SIAH1,N4BP1,CBLN1,C16orf78,ZNF423,CNEP1R1,HEATR3,TENT4B,ADCY7,BRD7,NKD1,SNX20	0.014364507922647951	0.012781682020495155
chr16	46884362	53329150	GPT2,DNAJA2,NETO2,ITFG1,PHKB,ABCC12,ABCC11,LONP2,SIAH1,N4BP1,CBLN1,C16orf78,ZNF423,CNEP1R1,HEATR3,TENT4B,ADCY7,BRD7,NKD1,SNX20,NOD2,CYLD,SALL1,TOX3,CHD9	0.018755790928028614	0.015389129467927637
chr16	48080882	54286787	ABCC12,ABCC11,LONP2,SIAH1,N4BP1,CBLN1,C16orf78,ZNF423,CNEP1R1,HEATR3,TENT4B,ADCY7,BRD7,NKD1,SNX20,NOD2,CYLD,SALL1,TOX3,CHD9,RBL2,AKTIP,RPGRIP1L,FTO,IRX3	0.022836477640536104	0.014997340728627127
chr16	49277917	55586666	CBLN1,C16orf78,ZNF423,CNEP1R1,HEATR3,TENT4B,ADCY7,BRD7,NKD1,SNX20,NOD2,CYLD,SALL1,TOX3,CHD9,RBL2,AKTIP,RPGRIP1L,FTO,IRX3,IRX5,IRX6,MMP2,LPCAT2,CAPNS2	0.02758038655396888	0.012864675694645422
chr16	50152911	56425545	TENT4B,ADCY7,BRD7,NKD1,SNX20,NOD2,CYLD,SALL1,TOX3,CHD9,RBL2,AKTIP,RPGRIP1L,FTO,IRX3,IRX5,IRX6,MMP2,LPCAT2,CAPNS2,SLC6A2,CES1,CES5A,GNAO1,AMFR	0.02373022874096304	0.014981989380203335
chr16	50693588	56582667	NOD2,CYLD,SALL1,TOX3,CHD9,RBL2,AKTIP,RPGRIP1L,FTO,IRX3,IRX5,IRX6,MMP2,LPCAT2,CAPNS2,SLC6A2,CES1,CES5A,GNAO1,AMFR,NUDT21,ENSG00000288725,OGFOD1,BBS2,MT4	0.009217673161592905	0.006988871176437695
chr16	53433977	56640087	RBL2,AKTIP,RPGRIP1L,FTO,IRX3,IRX5,IRX6,MMP2,LPCAT2,CAPNS2,SLC6A2,CES1,CES5A,GNAO1,AMFR,NUDT21,ENSG00000288725,OGFOD1,BBS2,MT4,MT3,MT2A,MT1E,MT1M,MT1A	0.010689325114603656	0.011608028934780744
chr16	54930865	56684196	IRX5,IRX6,MMP2,LPCAT2,CAPNS2,SLC6A2,CES1,CES5A,GNAO1,AMFR,NUDT21,ENSG00000288725,OGFOD1,BBS2,MT4,MT3,MT2A,MT1E,MT1M,MT1A,MT1B,MT1F,MT1G,MT1H,MT1X	0.018474657850826685	0.012477564064759875
chr16	55655988	57083531	SLC6A2,CES1,CES5A,GNAO1,AMFR,NUDT21,ENSG00000288725,OGFOD1,BBS2,MT4,MT3,MT2A,MT1E,MT1M,MT1A,MT1B,MT1F,MT1G,MT1H,MT1X,NUP93,SLC12A3,HERPUD1,CETP,NLRC5	0.019353677859177184	0.0065347915946669735
chr16	56429133	57284672	NUDT21,ENSG00000288725,OGFOD1,BBS2,MT4,MT3,MT2A,MT1E,MT1M,MT1A,MT1B,MT1F,MT1G,MT1H,MT1X,NUP93,SLC12A3,HERPUD1,CETP,NLRC5,CPNE2,PSME3IP1,RSPRY1,ARL2BP,PLLP	0.014757606219132536	0.006695195809158048
chr16	56589074	57461270	MT3,MT2A,MT1E,MT1M,MT1A,MT1B,MT1F,MT1G,MT1H,MT1X,NUP93,SLC12A3,HERPUD1,CETP,NLRC5,CPNE2,PSME3IP1,RSPRY1,ARL2BP,PLLP,CCL22,CX3CL1,CCL17,CIAPIN1,COQ9	0.01938077445804857	0.014035463942617668
chr16	56651886	57665580	MT1B,MT1F,MT1G,MT1H,MT1X,NUP93,SLC12A3,HERPUD1,CETP,NLRC5,CPNE2,PSME3IP1,RSPRY1,ARL2BP,PLLP,CCL22,CX3CL1,CCL17,CIAPIN1,COQ9,POLR2C,DOK4,CCDC102A,ADGRG5,ADGRG1	0.01638784159159194	0.01344550162100799
chr16	56730118	57971128	NUP93,SLC12A3,HERPUD1,CETP,NLRC5,CPNE2,PSME3IP1,RSPRY1,ARL2BP,PLLP,CCL22,CX3CL1,CCL17,CIAPIN1,COQ9,POLR2C,DOK4,CCDC102A,ADGRG5,ADGRG1,ADGRG3,DRC7,KATNB1,KIFC3,CNGB1	0.013229048614452808	0.013928046428879653
chr16	57092583	58129381	CPNE2,PSME3IP1,RSPRY1,ARL2BP,PLLP,CCL22,CX3CL1,CCL17,CIAPIN1,COQ9,POLR2C,DOK4,CCDC102A,ADGRG5,ADGRG1,ADGRG3,DRC7,KATNB1,KIFC3,CNGB1,TEPP,ZNF319,USB1,MMP15,CFAP20	0.014780073507359968	0.01670449641358531
chr16	57358783	58513628	CCL22,CX3CL1,CCL17,CIAPIN1,COQ9,POLR2C,DOK4,CCDC102A,ADGRG5,ADGRG1,ADGRG3,DRC7,KATNB1,KIFC3,CNGB1,TEPP,ZNF319,USB1,MMP15,CFAP20,CSNK2A2,CCDC113,PRSS54,GINS3,NDRG4	0.010403454716391413	0.012760899263166533
chr16	57462660	62037035	POLR2C,DOK4,CCDC102A,ADGRG5,ADGRG1,ADGRG3,DRC7,KATNB1,KIFC3,CNGB1,TEPP,ZNF319,USB1,MMP15,CFAP20,CSNK2A2,CCDC113,PRSS54,GINS3,NDRG4,SETD6,CNOT1,SLC38A7,GOT2,CDH8	0.013408502691983307	0.015349278904384563
chr16	57668277	66552544	ADGRG3,DRC7,KATNB1,KIFC3,CNGB1,TEPP,ZNF319,USB1,MMP15,CFAP20,CSNK2A2,CCDC113,PRSS54,GINS3,NDRG4,SETD6,CNOT1,SLC38A7,GOT2,CDH8,CDH11,CDH5,BEAN1,ENSG00000260851,TK2	0.014852174524618204	0.016392752840607587
chr16	57976435	66613892	TEPP,ZNF319,USB1,MMP15,CFAP20,CSNK2A2,CCDC113,PRSS54,GINS3,NDRG4,SETD6,CNOT1,SLC38A7,GOT2,CDH8,CDH11,CDH5,BEAN1,ENSG00000260851,TK2,CKLF,CKLF-CMTM1,CMTM1,CMTM2,CMTM3	0.014397159034267472	0.01472139270940339
chr16	58157907	66873256	CSNK2A2,CCDC113,PRSS54,GINS3,NDRG4,SETD6,CNOT1,SLC38A7,GOT2,CDH8,CDH11,CDH5,BEAN1,ENSG00000260851,TK2,CKLF,CKLF-CMTM1,CMTM1,CMTM2,CMTM3,CMTM4,DYNC1LI2,TERB1,NAE1,CA7	0.009219780581026848	0.0070347403818537
chr16	58515479	66945096	SETD6,CNOT1,SLC38A7,GOT2,CDH8,CDH11,CDH5,BEAN1,ENSG00000260851,TK2,CKLF,CKLF-CMTM1,CMTM1,CMTM2,CMTM3,CMTM4,DYNC1LI2,TERB1,NAE1,CA7,PDP2,CDH16,RRAD,CIAO2B,CES2	0.01011205556200454	0.008064354103165949
chr16	64943753	67159909	CDH11,CDH5,BEAN1,ENSG00000260851,TK2,CKLF,CKLF-CMTM1,CMTM1,CMTM2,CMTM3,CMTM4,DYNC1LI2,TERB1,NAE1,CA7,PDP2,CDH16,RRAD,CIAO2B,CES2,CES3,CES4A,CBFB,B3GNT9,TRADD	0.011861307732062126	0.011181625948214898
chr16	66552563	67190185	CKLF,CKLF-CMTM1,CMTM1,CMTM2,CMTM3,CMTM4,DYNC1LI2,TERB1,NAE1,CA7,PDP2,CDH16,RRAD,CIAO2B,CES2,CES3,CES4A,CBFB,B3GNT9,TRADD,FBXL8,ENSG00000265690,HSF4,NOL3,EXOC3L1	0.0052611713258012465	0.005680985097522906
chr16	66614750	67272191	CMTM4,DYNC1LI2,TERB1,NAE1,CA7,PDP2,CDH16,RRAD,CIAO2B,CES2,CES3,CES4A,CBFB,B3GNT9,TRADD,FBXL8,ENSG00000265690,HSF4,NOL3,EXOC3L1,E2F4,ELMO3,TMEM208,FHOD1,SLC9A5	0.006700684597858768	0.007201077096590017
chr16	66878589	67416833	PDP2,CDH16,RRAD,CIAO2B,CES2,CES3,CES4A,CBFB,B3GNT9,TRADD,FBXL8,ENSG00000265690,HSF4,NOL3,EXOC3L1,E2F4,ELMO3,TMEM208,FHOD1,SLC9A5,PLEKHG4,KCTD19,LRRC36,TPPP3,ZDHHC1	0.007965024287150149	0.0058843034614957474
chr16	66961245	67639177	CES3,CES4A,CBFB,B3GNT9,TRADD,FBXL8,ENSG00000265690,HSF4,NOL3,EXOC3L1,E2F4,ELMO3,TMEM208,FHOD1,SLC9A5,PLEKHG4,KCTD19,LRRC36,TPPP3,ZDHHC1,HSD11B2,ATP6V0D1,AGRP,RIPOR1,CTCF	0.009950820220818462	0.010252601153336474
chr16	67159932	67668757	FBXL8,ENSG00000265690,HSF4,NOL3,EXOC3L1,E2F4,ELMO3,TMEM208,FHOD1,SLC9A5,PLEKHG4,KCTD19,LRRC36,TPPP3,ZDHHC1,HSD11B2,ATP6V0D1,AGRP,RIPOR1,CTCF,CARMIL2,ACD,PARD6A,ENKD1,C16orf86	0.004994074019020873	0.008391154181270732
chr16	67192155	67847811	E2F4,ELMO3,TMEM208,FHOD1,SLC9A5,PLEKHG4,KCTD19,LRRC36,TPPP3,ZDHHC1,HSD11B2,ATP6V0D1,AGRP,RIPOR1,CTCF,CARMIL2,ACD,PARD6A,ENKD1,C16orf86,GFOD2,RANBP10,TSNAXIP1,CENPT,THAP11	0.007309720064263916	0.01654009562977751
chr16	67277510	67932365	PLEKHG4,KCTD19,LRRC36,TPPP3,ZDHHC1,HSD11B2,ATP6V0D1,AGRP,RIPOR1,CTCF,CARMIL2,ACD,PARD6A,ENKD1,C16orf86,GFOD2,RANBP10,TSNAXIP1,CENPT,THAP11,NUTF2,EDC4,NRN1L,PSKH1,CTRL	0.0030849169537480914	0.01390681621099366
chr16	67430652	67980549	HSD11B2,ATP6V0D1,AGRP,RIPOR1,CTCF,CARMIL2,ACD,PARD6A,ENKD1,C16orf86,GFOD2,RANBP10,TSNAXIP1,CENPT,THAP11,NUTF2,EDC4,NRN1L,PSKH1,CTRL,ENSG00000261884,PSMB10,LCAT,SLC12A4,DPEP3	0.0049346614751154426	0.013841056843642294
chr16	67644988	68229259	CARMIL2,ACD,PARD6A,ENKD1,C16orf86,GFOD2,RANBP10,TSNAXIP1,CENPT,THAP11,NUTF2,EDC4,NRN1L,PSKH1,CTRL,ENSG00000261884,PSMB10,LCAT,SLC12A4,DPEP3,DPEP2,DUS2,DPEP2NB,DDX28,NFATC3	0.006409539156780841	0.011196102573464602
chr16	67674531	68360852	GFOD2,RANBP10,TSNAXIP1,CENPT,THAP11,NUTF2,EDC4,NRN1L,PSKH1,CTRL,ENSG00000261884,PSMB10,LCAT,SLC12A4,DPEP3,DPEP2,DUS2,DPEP2NB,DDX28,NFATC3,ESRP2,PLA2G15,SLC7A6,SLC7A6OS,PRMT7	0.002201123465894885	0.0030784472628110756
chr16	67846882	69085182	NUTF2,EDC4,NRN1L,PSKH1,CTRL,ENSG00000261884,PSMB10,LCAT,SLC12A4,DPEP3,DPEP2,DUS2,DPEP2NB,DDX28,NFATC3,ESRP2,PLA2G15,SLC7A6,SLC7A6OS,PRMT7,SMPD3,ZFP90,CDH3,CDH1,TANGO6	0.004745388283273557	0.004306073878827791
chr16	67929614	69309052	ENSG00000261884,PSMB10,LCAT,SLC12A4,DPEP3,DPEP2,DUS2,DPEP2NB,DDX28,NFATC3,ESRP2,PLA2G15,SLC7A6,SLC7A6OS,PRMT7,SMPD3,ZFP90,CDH3,CDH1,TANGO6,HAS3,DERPC,CHTF8,UTP4,SNTB2	0.009976729458835909	0.009078993112383903
chr16	67987394	69339583	DPEP2,DUS2,DPEP2NB,DDX28,NFATC3,ESRP2,PLA2G15,SLC7A6,SLC7A6OS,PRMT7,SMPD3,ZFP90,CDH3,CDH1,TANGO6,HAS3,DERPC,CHTF8,UTP4,SNTB2,ENSG00000260914,VPS4A,COG8,PDF,ENSG00000272617	0.008496128696114439	0.009018801062252758
chr16	68229033	69408571	ESRP2,PLA2G15,SLC7A6,SLC7A6OS,PRMT7,SMPD3,ZFP90,CDH3,CDH1,TANGO6,HAS3,DERPC,CHTF8,UTP4,SNTB2,ENSG00000260914,VPS4A,COG8,PDF,ENSG00000272617,ENSG00000260371,ENSG00000259900,NIP7,TMED6,TERF2	0.005545897816549965	0.006975006821788874
chr16	68358327	69941741	SMPD3,ZFP90,CDH3,CDH1,TANGO6,HAS3,DERPC,CHTF8,UTP4,SNTB2,ENSG00000260914,VPS4A,COG8,PDF,ENSG00000272617,ENSG00000260371,ENSG00000259900,NIP7,TMED6,TERF2,CYB5B,NFAT5,NQO1,NOB1,WWP2	0.006714312387939639	0.009572118609411907
chr16	69105653	70289707	HAS3,DERPC,CHTF8,UTP4,SNTB2,ENSG00000260914,VPS4A,COG8,PDF,ENSG00000272617,ENSG00000260371,ENSG00000259900,NIP7,TMED6,TERF2,CYB5B,NFAT5,NQO1,NOB1,WWP2,CLEC18A,PDPR,CLEC18C,EXOSC6,AARS1	0.009885942117515383	0.012360545913383529
chr16	69299682	70480274	ENSG00000260914,VPS4A,COG8,PDF,ENSG00000272617,ENSG00000260371,ENSG00000259900,NIP7,TMED6,TERF2,CYB5B,NFAT5,NQO1,NOB1,WWP2,CLEC18A,PDPR,CLEC18C,EXOSC6,AARS1,DDX19B,ENSG00000260537,DDX19A,ST3GAL2,FCSK	0.012259552369469467	0.01590006586633283
chr16	69335091	70801160	ENSG00000260371,ENSG00000259900,NIP7,TMED6,TERF2,CYB5B,NFAT5,NQO1,NOB1,WWP2,CLEC18A,PDPR,CLEC18C,EXOSC6,AARS1,DDX19B,ENSG00000260537,DDX19A,ST3GAL2,FCSK,COG4,SF3B3,IL34,MTSS2,VAC14	0.012286306794136819	0.01499145353546976
chr16	69398402	71463095	CYB5B,NFAT5,NQO1,NOB1,WWP2,CLEC18A,PDPR,CLEC18C,EXOSC6,AARS1,DDX19B,ENSG00000260537,DDX19A,ST3GAL2,FCSK,COG4,SF3B3,IL34,MTSS2,VAC14,HYDIN,CMTR2,CALB2,TLE7,ZNF23	0.013673382474452028	0.015560582309512482
chr16	69950705	71642114	CLEC18A,PDPR,CLEC18C,EXOSC6,AARS1,DDX19B,ENSG00000260537,DDX19A,ST3GAL2,FCSK,COG4,SF3B3,IL34,MTSS2,VAC14,HYDIN,CMTR2,CALB2,TLE7,ZNF23,ENSG00000261611,ZNF19,CHST4,TAT,MARVELD3	0.01136741719156571	0.014518183756096046
chr16	70289663	71931199	DDX19B,ENSG00000260537,DDX19A,ST3GAL2,FCSK,COG4,SF3B3,IL34,MTSS2,VAC14,HYDIN,CMTR2,CALB2,TLE7,ZNF23,ENSG00000261611,ZNF19,CHST4,TAT,MARVELD3,PHLPP2,AP1G1,ATXN1L,IST1,ZNF821	0.0071373819881209105	0.009013413905245045
chr16	70480568	72094431	COG4,SF3B3,IL34,MTSS2,VAC14,HYDIN,CMTR2,CALB2,TLE7,ZNF23,ENSG00000261611,ZNF19,CHST4,TAT,MARVELD3,PHLPP2,AP1G1,ATXN1L,IST1,ZNF821,PKD1L3,DHODH,TXNL4B,HP,HPR	0.007358468992652597	0.007622207436099046
chr16	70802084	74392115	HYDIN,CMTR2,CALB2,TLE7,ZNF23,ENSG00000261611,ZNF19,CHST4,TAT,MARVELD3,PHLPP2,AP1G1,ATXN1L,IST1,ZNF821,PKD1L3,DHODH,TXNL4B,HP,HPR,DHX38,PMFBP1,ZFHX3,PSMD7,NPIPB15	0.01716568025763057	0.015369494270795162
chr16	71447600	74774831	ENSG00000261611,ZNF19,CHST4,TAT,MARVELD3,PHLPP2,AP1G1,ATXN1L,IST1,ZNF821,PKD1L3,DHODH,TXNL4B,HP,HPR,DHX38,PMFBP1,ZFHX3,PSMD7,NPIPB15,CLEC18B,GLG1,RFWD3,MLKL,FA2H	0.01589717555306906	0.01249925212455916
chr16	71637835	75207161	PHLPP2,AP1G1,ATXN1L,IST1,ZNF821,PKD1L3,DHODH,TXNL4B,HP,HPR,DHX38,PMFBP1,ZFHX3,PSMD7,NPIPB15,CLEC18B,GLG1,RFWD3,MLKL,FA2H,WDR59,ZNRF1,LDHD,ZFP1,CTRB2	0.016464290126125644	0.012775216423070874
chr16	71929538	75465497	PKD1L3,DHODH,TXNL4B,HP,HPR,DHX38,PMFBP1,ZFHX3,PSMD7,NPIPB15,CLEC18B,GLG1,RFWD3,MLKL,FA2H,WDR59,ZNRF1,LDHD,ZFP1,CTRB2,CTRB1,BCAR1,CFDP1,ENSG00000261717,TMEM170A	0.012794695137039484	0.011892511633873034
chr16	72093613	75577881	DHX38,PMFBP1,ZFHX3,PSMD7,NPIPB15,CLEC18B,GLG1,RFWD3,MLKL,FA2H,WDR59,ZNRF1,LDHD,ZFP1,CTRB2,CTRB1,BCAR1,CFDP1,ENSG00000261717,TMEM170A,CHST6,CHST5,ENSG00000260092,TMEM231,GABARAPL2	0.009759876714849578	0.010776376539609764
chr16	74408631	75761872	CLEC18B,GLG1,RFWD3,MLKL,FA2H,WDR59,ZNRF1,LDHD,ZFP1,CTRB2,CTRB1,BCAR1,CFDP1,ENSG00000261717,TMEM170A,CHST6,CHST5,ENSG00000260092,TMEM231,GABARAPL2,ADAT1,KARS1,TERF2IP,DUXB,CPHXL	0.001626159583958275	0.0062713969976912615
chr16	74871362	77435034	WDR59,ZNRF1,LDHD,ZFP1,CTRB2,CTRB1,BCAR1,CFDP1,ENSG00000261717,TMEM170A,CHST6,CHST5,ENSG00000260092,TMEM231,GABARAPL2,ADAT1,KARS1,TERF2IP,DUXB,CPHXL,CNTNAP4,ENSG00000287694,MON1B,SYCE1L,ADAMTS18	-0.004540963802447736	4.2275521953610146e-05
chr16	75218988	79600737	CTRB1,BCAR1,CFDP1,ENSG00000261717,TMEM170A,CHST6,CHST5,ENSG00000260092,TMEM231,GABARAPL2,ADAT1,KARS1,TERF2IP,DUXB,CPHXL,CNTNAP4,ENSG00000287694,MON1B,SYCE1L,ADAMTS18,NUDT7,VAT1L,CLEC3A,WWOX,MAF	-0.005723297495661509	-0.000447323544491742
chr16	75472052	81033114	CHST6,CHST5,ENSG00000260092,TMEM231,GABARAPL2,ADAT1,KARS1,TERF2IP,DUXB,CPHXL,CNTNAP4,ENSG00000287694,MON1B,SYCE1L,ADAMTS18,NUDT7,VAT1L,CLEC3A,WWOX,MAF,DYNLRB2,CDYL2,ENSG00000286221,CMC2,CENPN	0.006275397692016054	0.006343761861579048
chr16	75596868	81096395	ADAT1,KARS1,TERF2IP,DUXB,CPHXL,CNTNAP4,ENSG00000287694,MON1B,SYCE1L,ADAMTS18,NUDT7,VAT1L,CLEC3A,WWOX,MAF,DYNLRB2,CDYL2,ENSG00000286221,CMC2,CENPN,ENSG00000284512,ATMIN,C16orf46,ENSG00000260643,GCSH	0.00685452687902985	0.005708640938767395
chr16	76277278	82011481	CNTNAP4,ENSG00000287694,MON1B,SYCE1L,ADAMTS18,NUDT7,VAT1L,CLEC3A,WWOX,MAF,DYNLRB2,CDYL2,ENSG00000286221,CMC2,CENPN,ENSG00000284512,ATMIN,C16orf46,ENSG00000260643,GCSH,BCO1,GAN,CMIP,PLCG2,SDR42E1	0.00958249063309119	0.010443177461905612
chr16	77722492	83951445	NUDT7,VAT1L,CLEC3A,WWOX,MAF,DYNLRB2,CDYL2,ENSG00000286221,CMC2,CENPN,ENSG00000284512,ATMIN,C16orf46,ENSG00000260643,GCSH,BCO1,GAN,CMIP,PLCG2,SDR42E1,HSD17B2,MPHOSPH6,CDH13,HSBP1,MLYCD	0.011216626788649289	0.013926507086265244
chr16	80540734	84145192	DYNLRB2,CDYL2,ENSG00000286221,CMC2,CENPN,ENSG00000284512,ATMIN,C16orf46,ENSG00000260643,GCSH,BCO1,GAN,CMIP,PLCG2,SDR42E1,HSD17B2,MPHOSPH6,CDH13,HSBP1,MLYCD,OSGIN1,NECAB2,SLC38A8,MBTPS1,HSDL1	0.004411237490917904	0.009237763623653975
chr16	81022316	84329844	ENSG00000284512,ATMIN,C16orf46,ENSG00000260643,GCSH,BCO1,GAN,CMIP,PLCG2,SDR42E1,HSD17B2,MPHOSPH6,CDH13,HSBP1,MLYCD,OSGIN1,NECAB2,SLC38A8,MBTPS1,HSDL1,DNAAF1,TAF1C,ADAD2,KCNG4,WFDC1	-0.0049205196813893355	0.004878024630810943
chr16	81238689	84779922	BCO1,GAN,CMIP,PLCG2,SDR42E1,HSD17B2,MPHOSPH6,CDH13,HSBP1,MLYCD,OSGIN1,NECAB2,SLC38A8,MBTPS1,HSDL1,DNAAF1,TAF1C,ADAD2,KCNG4,WFDC1,ATP2C2,MEAK7,COTL1,KLHL36,USP10	0.0025285025690666126	0.00886087275060457
chr16	82035004	85676204	HSD17B2,MPHOSPH6,CDH13,HSBP1,MLYCD,OSGIN1,NECAB2,SLC38A8,MBTPS1,HSDL1,DNAAF1,TAF1C,ADAD2,KCNG4,WFDC1,ATP2C2,MEAK7,COTL1,KLHL36,USP10,CRISPLD2,ZDHHC7,KIAA0513,CIBAR2,GSE1	0.007080035555240538	0.011464591181979645
chr16	83931311	85922606	OSGIN1,NECAB2,SLC38A8,MBTPS1,HSDL1,DNAAF1,TAF1C,ADAD2,KCNG4,WFDC1,ATP2C2,MEAK7,COTL1,KLHL36,USP10,CRISPLD2,ZDHHC7,KIAA0513,CIBAR2,GSE1,GINS2,C16orf74,EMC8,COX4I1,IRF8	0.007160811341837799	0.013670964976802605
chr16	84145287	87317420	DNAAF1,TAF1C,ADAD2,KCNG4,WFDC1,ATP2C2,MEAK7,COTL1,KLHL36,USP10,CRISPLD2,ZDHHC7,KIAA0513,CIBAR2,GSE1,GINS2,C16orf74,EMC8,COX4I1,IRF8,FOXF1,MTHFSD,FOXC2,FOXL1,C16orf95	0.00028798166393568164	0.009009156326651235
chr16	84368527	87698156	ATP2C2,MEAK7,COTL1,KLHL36,USP10,CRISPLD2,ZDHHC7,KIAA0513,CIBAR2,GSE1,GINS2,C16orf74,EMC8,COX4I1,IRF8,FOXF1,MTHFSD,FOXC2,FOXL1,C16orf95,ENSG00000131152,FBXO31,MAP1LC3B,ZCCHC14,JPH3	-0.009620949789389722	0.0021841577076950457
chr16	84819985	88440757	CRISPLD2,ZDHHC7,KIAA0513,CIBAR2,GSE1,GINS2,C16orf74,EMC8,COX4I1,IRF8,FOXF1,MTHFSD,FOXC2,FOXL1,C16orf95,ENSG00000131152,FBXO31,MAP1LC3B,ZCCHC14,JPH3,KLHDC4,SLC7A5,CA5A,BANP,ZNF469	-0.0031399077800144544	0.0030780132158550705
chr16	85676198	88663161	GINS2,C16orf74,EMC8,COX4I1,IRF8,FOXF1,MTHFSD,FOXC2,FOXL1,C16orf95,ENSG00000131152,FBXO31,MAP1LC3B,ZCCHC14,JPH3,KLHDC4,SLC7A5,CA5A,BANP,ZNF469,ZFPM1,ZC3H18,IL17C,CYBA,MVD	0.004791740066155035	0.01164233655765049
chr16	86510527	88809258	FOXF1,MTHFSD,FOXC2,FOXL1,C16orf95,ENSG00000131152,FBXO31,MAP1LC3B,ZCCHC14,JPH3,KLHDC4,SLC7A5,CA5A,BANP,ZNF469,ZFPM1,ZC3H18,IL17C,CYBA,MVD,SNAI3,RNF166,CTU2,PIEZO1,CDT1	0.00508209011265061	0.010383781297725644
chr16	87302876	88977207	ENSG00000131152,FBXO31,MAP1LC3B,ZCCHC14,JPH3,KLHDC4,SLC7A5,CA5A,BANP,ZNF469,ZFPM1,ZC3H18,IL17C,CYBA,MVD,SNAI3,RNF166,CTU2,PIEZO1,CDT1,APRT,GALNS,TRAPPC2L,PABPN1L,CBFA2T3	-0.00105054230722932	0.007015525408447196
chr16	87696485	89490561	KLHDC4,SLC7A5,CA5A,BANP,ZNF469,ZFPM1,ZC3H18,IL17C,CYBA,MVD,SNAI3,RNF166,CTU2,PIEZO1,CDT1,APRT,GALNS,TRAPPC2L,PABPN1L,CBFA2T3,ACSF3,CDH15,SLC22A31,ZNF778,ANKRD11	0.0019949993773476955	0.007265028316666905
chr16	88453280	89638456	ZFPM1,ZC3H18,IL17C,CYBA,MVD,SNAI3,RNF166,CTU2,PIEZO1,CDT1,APRT,GALNS,TRAPPC2L,PABPN1L,CBFA2T3,ACSF3,CDH15,SLC22A31,ZNF778,ANKRD11,ENSG00000288715,SPG7,RPL13,CPNE7,DPEP1	0.00867517927468298	0.012426549758321529
chr16	88677688	89720898	SNAI3,RNF166,CTU2,PIEZO1,CDT1,APRT,GALNS,TRAPPC2L,PABPN1L,CBFA2T3,ACSF3,CDH15,SLC22A31,ZNF778,ANKRD11,ENSG00000288715,SPG7,RPL13,CPNE7,DPEP1,CHMP1A,SPATA33,CDK10,SPATA2L,VPS9D1	0.006442451085023111	0.009549309046594795
chr16	88809339	89920973	APRT,GALNS,TRAPPC2L,PABPN1L,CBFA2T3,ACSF3,CDH15,SLC22A31,ZNF778,ANKRD11,ENSG00000288715,SPG7,RPL13,CPNE7,DPEP1,CHMP1A,SPATA33,CDK10,SPATA2L,VPS9D1,ZNF276,FANCA,SPIRE2,TCF25,MC1R	0.002735367419359148	0.00813119483746476
chr16	89088375	90044975	ACSF3,CDH15,SLC22A31,ZNF778,ANKRD11,ENSG00000288715,SPG7,RPL13,CPNE7,DPEP1,CHMP1A,SPATA33,CDK10,SPATA2L,VPS9D1,ZNF276,FANCA,SPIRE2,TCF25,MC1R,ENSG00000198211,TUBB3,DEF8,DBNDD1,GAS8	0.006148182236968084	0.012166769260019106
chr17	137569	1710377	SCGB1C2,DOC2B,RPH3AL,C17orf97,RFLNB,VPS53,TLCD3A,GEMIN4,GLOD4,MRM3,NXN,TIMM22,ABR,BHLHA9,TRARG1,YWHAE,CRK,MYO1C,INPP5K,PITPNA,SLC43A2,SCARF1,RILP,PRPF8,TLCD2	0.0008475203944296793	0.008210972398770286
chr17	508503	1900082	VPS53,TLCD3A,GEMIN4,GLOD4,MRM3,NXN,TIMM22,ABR,BHLHA9,TRARG1,YWHAE,CRK,MYO1C,INPP5K,PITPNA,SLC43A2,SCARF1,RILP,PRPF8,TLCD2,WDR81,SERPINF2,SERPINF1,SMYD4,RPA1	-0.003358015560815656	0.006647244147093917
chr17	799310	2303785	NXN,TIMM22,ABR,BHLHA9,TRARG1,YWHAE,CRK,MYO1C,INPP5K,PITPNA,SLC43A2,SCARF1,RILP,PRPF8,TLCD2,WDR81,SERPINF2,SERPINF1,SMYD4,RPA1,RTN4RL1,DPH1,OVCA2,HIC1,SMG6	0.00690635256215907	0.01200116155708771
chr17	1344275	2511891	YWHAE,CRK,MYO1C,INPP5K,PITPNA,SLC43A2,SCARF1,RILP,PRPF8,TLCD2,WDR81,SERPINF2,SERPINF1,SMYD4,RPA1,RTN4RL1,DPH1,OVCA2,HIC1,SMG6,SRR,TSR1,SGSM2,MNT,METTL16	0.006631721654980658	0.007907684099181793
chr17	1569268	3104422	SLC43A2,SCARF1,RILP,PRPF8,TLCD2,WDR81,SERPINF2,SERPINF1,SMYD4,RPA1,RTN4RL1,DPH1,OVCA2,HIC1,SMG6,SRR,TSR1,SGSM2,MNT,METTL16,PAFAH1B1,CLUH,RAP1GAP2,OR1D5,OR1D2	0.010219605285157229	0.011192942498349928
chr17	1716523	3386317	WDR81,SERPINF2,SERPINF1,SMYD4,RPA1,RTN4RL1,DPH1,OVCA2,HIC1,SMG6,SRR,TSR1,SGSM2,MNT,METTL16,PAFAH1B1,CLUH,RAP1GAP2,OR1D5,OR1D2,OR1G1,OR1A2,OR1A1,OR3A2,OR3A1	0.012496612469784387	0.013931858975720456
chr17	1934677	3513852	RTN4RL1,DPH1,OVCA2,HIC1,SMG6,SRR,TSR1,SGSM2,MNT,METTL16,PAFAH1B1,CLUH,RAP1GAP2,OR1D5,OR1D2,OR1G1,OR1A2,OR1A1,OR3A2,OR3A1,OR1R1P,OR1E1,OR3A3,OR1E2,SPATA22	0.0101008754593562	0.011119395463438396
chr17	2303383	3636250	SRR,TSR1,SGSM2,MNT,METTL16,PAFAH1B1,CLUH,RAP1GAP2,OR1D5,OR1D2,OR1G1,OR1A2,OR1A1,OR3A2,OR3A1,OR1R1P,OR1E1,OR3A3,OR1E2,SPATA22,ASPA,TRPV3,TRPV1,ENSG00000262304,SHPK	0.0025091883146534906	0.002012180612127481
chr17	2593210	3696240	PAFAH1B1,CLUH,RAP1GAP2,OR1D5,OR1D2,OR1G1,OR1A2,OR1A1,OR3A2,OR3A1,OR1R1P,OR1E1,OR3A3,OR1E2,SPATA22,ASPA,TRPV3,TRPV1,ENSG00000262304,SHPK,CTNS,TAX1BP3,P2RX5-TAX1BP3,EMC6,P2RX5	0.0005535202988271333	0.0003184738398100878
chr17	3126610	3916476	OR1G1,OR1A2,OR1A1,OR3A2,OR3A1,OR1R1P,OR1E1,OR3A3,OR1E2,SPATA22,ASPA,TRPV3,TRPV1,ENSG00000262304,SHPK,CTNS,TAX1BP3,P2RX5-TAX1BP3,EMC6,P2RX5,ITGAE,HASPIN,NCBP3,CAMKK1,P2RX1	0.0033172627305722998	0.004192713083714151
chr17	3385930	4366675	OR1R1P,OR1E1,OR3A3,OR1E2,SPATA22,ASPA,TRPV3,TRPV1,ENSG00000262304,SHPK,CTNS,TAX1BP3,P2RX5-TAX1BP3,EMC6,P2RX5,ITGAE,HASPIN,NCBP3,CAMKK1,P2RX1,ATP2A3,ZZEF1,CYB5D2,ANKFY1,UBE2G1	0.012166984555869799	0.014438685630754755
chr17	3472374	4608319	ASPA,TRPV3,TRPV1,ENSG00000262304,SHPK,CTNS,TAX1BP3,P2RX5-TAX1BP3,EMC6,P2RX5,ITGAE,HASPIN,NCBP3,CAMKK1,P2RX1,ATP2A3,ZZEF1,CYB5D2,ANKFY1,UBE2G1,SPNS3,SPNS2,MYBBP1A,GGT6,SMTNL2	0.014763953536448495	0.013992131368784777
chr17	3636459	4739928	CTNS,TAX1BP3,P2RX5-TAX1BP3,EMC6,P2RX5,ITGAE,HASPIN,NCBP3,CAMKK1,P2RX1,ATP2A3,ZZEF1,CYB5D2,ANKFY1,UBE2G1,SPNS3,SPNS2,MYBBP1A,GGT6,SMTNL2,ALOX15,PELP1,ARRB2,MED11,CXCL16	0.013657662942527213	0.013586853735509078
chr17	3714628	4798502	ITGAE,HASPIN,NCBP3,CAMKK1,P2RX1,ATP2A3,ZZEF1,CYB5D2,ANKFY1,UBE2G1,SPNS3,SPNS2,MYBBP1A,GGT6,SMTNL2,ALOX15,PELP1,ARRB2,MED11,CXCL16,ZMYND15,TM4SF5,VMO1,GLTPD2,PSMB6	0.009055506794222654	0.011410758220653107
chr17	3923870	4934438	ATP2A3,ZZEF1,CYB5D2,ANKFY1,UBE2G1,SPNS3,SPNS2,MYBBP1A,GGT6,SMTNL2,ALOX15,PELP1,ARRB2,MED11,CXCL16,ZMYND15,TM4SF5,VMO1,GLTPD2,PSMB6,C17orf114,PLD2,MINK1,CHRNE,C17orf107	0.008039769542009124	0.01109086450449583
chr17	4433940	4957131	SPNS3,SPNS2,MYBBP1A,GGT6,SMTNL2,ALOX15,PELP1,ARRB2,MED11,CXCL16,ZMYND15,TM4SF5,VMO1,GLTPD2,PSMB6,C17orf114,PLD2,MINK1,CHRNE,C17orf107,GP1BA,SLC25A11,RNF167,PFN1,ENO3	0.0005937088091431771	0.0061992213208879035
chr17	4630919	5052009	ALOX15,PELP1,ARRB2,MED11,CXCL16,ZMYND15,TM4SF5,VMO1,GLTPD2,PSMB6,C17orf114,PLD2,MINK1,CHRNE,C17orf107,GP1BA,SLC25A11,RNF167,PFN1,ENO3,SPAG7,CAMTA2,INCA1,KIF1C,SLC52A1	-0.005224166694503605	0.004366777752029795
chr17	4739833	5234860	ZMYND15,TM4SF5,VMO1,GLTPD2,PSMB6,C17orf114,PLD2,MINK1,CHRNE,C17orf107,GP1BA,SLC25A11,RNF167,PFN1,ENO3,SPAG7,CAMTA2,INCA1,KIF1C,SLC52A1,ZFP3,ZNF232,USP6,ZNF594,SCIMP	-0.008175139124232693	0.005341020649146091
chr17	4801159	5468982	C17orf114,PLD2,MINK1,CHRNE,C17orf107,GP1BA,SLC25A11,RNF167,PFN1,ENO3,SPAG7,CAMTA2,INCA1,KIF1C,SLC52A1,ZFP3,ZNF232,USP6,ZNF594,SCIMP,RABEP1,NUP88,RPAIN,C1QBP,DHX33	0.0006044259555951223	0.008086540755864008
chr17	4932277	6080792	GP1BA,SLC25A11,RNF167,PFN1,ENO3,SPAG7,CAMTA2,INCA1,KIF1C,SLC52A1,ZFP3,ZNF232,USP6,ZNF594,SCIMP,RABEP1,NUP88,RPAIN,C1QBP,DHX33,DERL2,MIS12,NLRP1,ENSG00000286190,ENSG00000285471	-0.004177924159820843	0.005471575685479925
chr17	4959226	6640711	SPAG7,CAMTA2,INCA1,KIF1C,SLC52A1,ZFP3,ZNF232,USP6,ZNF594,SCIMP,RABEP1,NUP88,RPAIN,C1QBP,DHX33,DERL2,MIS12,NLRP1,ENSG00000286190,ENSG00000285471,WSCD1,AIPL1,PIMREG,PITPNM3,KIAA0753	-0.007698757455890056	0.003997660388002129
chr17	5078467	6713377	ZFP3,ZNF232,USP6,ZNF594,SCIMP,RABEP1,NUP88,RPAIN,C1QBP,DHX33,DERL2,MIS12,NLRP1,ENSG00000286190,ENSG00000285471,WSCD1,AIPL1,PIMREG,PITPNM3,KIAA0753,ENSG00000282936,TXNDC17,MED31,C17orf100,SLC13A5	0.0014749342096922336	0.006534589577039315
chr17	5282265	7014532	RABEP1,NUP88,RPAIN,C1QBP,DHX33,DERL2,MIS12,NLRP1,ENSG00000286190,ENSG00000285471,WSCD1,AIPL1,PIMREG,PITPNM3,KIAA0753,ENSG00000282936,TXNDC17,MED31,C17orf100,SLC13A5,XAF1,FBXO39,TEKT1,ALOX12,RNASEK	0.006845862423023865	0.009889576922381493
chr17	5471254	7044092	DERL2,MIS12,NLRP1,ENSG00000286190,ENSG00000285471,WSCD1,AIPL1,PIMREG,PITPNM3,KIAA0753,ENSG00000282936,TXNDC17,MED31,C17orf100,SLC13A5,XAF1,FBXO39,TEKT1,ALOX12,RNASEK,RNASEK-C17orf49,C17orf49,BCL6B,SLC16A13,SLC16A11	0.008095656581511916	0.013154761211750571
chr17	6057807	7225266	WSCD1,AIPL1,PIMREG,PITPNM3,KIAA0753,ENSG00000282936,TXNDC17,MED31,C17orf100,SLC13A5,XAF1,FBXO39,TEKT1,ALOX12,RNASEK,RNASEK-C17orf49,C17orf49,BCL6B,SLC16A13,SLC16A11,CLEC10A,ASGR2,ASGR1,DLG4,ACADVL	0.003139458379621238	0.005622946069093153
chr17	6628619	7252491	ENSG00000282936,TXNDC17,MED31,C17orf100,SLC13A5,XAF1,FBXO39,TEKT1,ALOX12,RNASEK,RNASEK-C17orf49,C17orf49,BCL6B,SLC16A13,SLC16A11,CLEC10A,ASGR2,ASGR1,DLG4,ACADVL,DVL2,PHF23,GABARAP,ENSG00000262526,CTDNEP1	0.004722018062208177	0.0067831143595849346
chr17	6755447	7294639	XAF1,FBXO39,TEKT1,ALOX12,RNASEK,RNASEK-C17orf49,C17orf49,BCL6B,SLC16A13,SLC16A11,CLEC10A,ASGR2,ASGR1,DLG4,ACADVL,DVL2,PHF23,GABARAP,ENSG00000262526,CTDNEP1,ENSG00000262302,ELP5,CLDN7,SLC2A4,YBX2	0.013862736619731687	0.01498683031850475
chr17	7012635	7351477	RNASEK-C17orf49,C17orf49,BCL6B,SLC16A13,SLC16A11,CLEC10A,ASGR2,ASGR1,DLG4,ACADVL,DVL2,PHF23,GABARAP,ENSG00000262526,CTDNEP1,ENSG00000262302,ELP5,CLDN7,SLC2A4,YBX2,EIF5A,GPS2,ENSG00000261915,NEURL4,ACAP1	0.009016845656710964	0.01078376174554377
chr17	7074537	7404097	CLEC10A,ASGR2,ASGR1,DLG4,ACADVL,DVL2,PHF23,GABARAP,ENSG00000262526,CTDNEP1,ENSG00000262302,ELP5,CLDN7,SLC2A4,YBX2,EIF5A,GPS2,ENSG00000261915,NEURL4,ACAP1,KCTD11,TMEM95,TNK1,PLSCR3,TMEM256-PLSCR3	0.007832447111625363	0.008920856989956195
chr17	7225342	7432820	DVL2,PHF23,GABARAP,ENSG00000262526,CTDNEP1,ENSG00000262302,ELP5,CLDN7,SLC2A4,YBX2,EIF5A,GPS2,ENSG00000261915,NEURL4,ACAP1,KCTD11,TMEM95,TNK1,PLSCR3,TMEM256-PLSCR3,TMEM256,NLGN2,SPEM1,SPEM2,SPEM3	0.008893885965595566	0.009990632422578763
chr17	7246829	7484263	ENSG00000262302,ELP5,CLDN7,SLC2A4,YBX2,EIF5A,GPS2,ENSG00000261915,NEURL4,ACAP1,KCTD11,TMEM95,TNK1,PLSCR3,TMEM256-PLSCR3,TMEM256,NLGN2,SPEM1,SPEM2,SPEM3,ENSG00000286007,TMEM102,FGF11,CHRNB1,ZBTB4	0.00607769027229301	0.008426686798929583
chr17	7306999	7561608	EIF5A,GPS2,ENSG00000261915,NEURL4,ACAP1,KCTD11,TMEM95,TNK1,PLSCR3,TMEM256-PLSCR3,TMEM256,NLGN2,SPEM1,SPEM2,SPEM3,ENSG00000286007,TMEM102,FGF11,CHRNB1,ZBTB4,SLC35G6,POLR2A,TNFSF12,TNFSF12-TNFSF13,TNFSF13	0.006959368666228171	0.008920396509247206
chr17	7351889	7592789	KCTD11,TMEM95,TNK1,PLSCR3,TMEM256-PLSCR3,TMEM256,NLGN2,SPEM1,SPEM2,SPEM3,ENSG00000286007,TMEM102,FGF11,CHRNB1,ZBTB4,SLC35G6,POLR2A,TNFSF12,TNFSF12-TNFSF13,TNFSF13,SENP3,SENP3-EIF4A1,EIF4A1,CD68,MPDU1	0.0059939357865217095	0.006425490139358923
chr17	7402975	7657770	TMEM256,NLGN2,SPEM1,SPEM2,SPEM3,ENSG00000286007,TMEM102,FGF11,CHRNB1,ZBTB4,SLC35G6,POLR2A,TNFSF12,TNFSF12-TNFSF13,TNFSF13,SENP3,SENP3-EIF4A1,EIF4A1,CD68,MPDU1,SOX15,FXR2,SHBG,SAT2,ATP1B2	0.007620822101224266	0.006633215967424954
chr17	7428861	7854796	ENSG00000286007,TMEM102,FGF11,CHRNB1,ZBTB4,SLC35G6,POLR2A,TNFSF12,TNFSF12-TNFSF13,TNFSF13,SENP3,SENP3-EIF4A1,EIF4A1,CD68,MPDU1,SOX15,FXR2,SHBG,SAT2,ATP1B2,TP53,WRAP53,EFNB3,DNAH2,KDM6B	0.010134465888010842	0.009608462886156964
chr17	7481446	7916289	SLC35G6,POLR2A,TNFSF12,TNFSF12-TNFSF13,TNFSF13,SENP3,SENP3-EIF4A1,EIF4A1,CD68,MPDU1,SOX15,FXR2,SHBG,SAT2,ATP1B2,TP53,WRAP53,EFNB3,DNAH2,KDM6B,TMEM88,NAA38,CYB5D1,CHD3,RNF227	0.009162645749662388	0.006074283292145532
chr17	7561919	8020342	SENP3,SENP3-EIF4A1,EIF4A1,CD68,MPDU1,SOX15,FXR2,SHBG,SAT2,ATP1B2,TP53,WRAP53,EFNB3,DNAH2,KDM6B,TMEM88,NAA38,CYB5D1,CHD3,RNF227,KCNAB3,ENSG00000262730,TRAPPC1,CNTROB,GUCY2D	0.008201451528372102	0.006926750446212072
chr17	7588178	8156506	SOX15,FXR2,SHBG,SAT2,ATP1B2,TP53,WRAP53,EFNB3,DNAH2,KDM6B,TMEM88,NAA38,CYB5D1,CHD3,RNF227,KCNAB3,ENSG00000262730,TRAPPC1,CNTROB,GUCY2D,ALOX15B,ALOX12B,ALOXE3,HES7,PER1	0.003397017677627736	0.004713757881519436
chr17	7661779	8210600	TP53,WRAP53,EFNB3,DNAH2,KDM6B,TMEM88,NAA38,CYB5D1,CHD3,RNF227,KCNAB3,ENSG00000262730,TRAPPC1,CNTROB,GUCY2D,ALOX15B,ALOX12B,ALOXE3,HES7,PER1,ENSG00000263620,VAMP2,TMEM107,BORCS6,AURKB	0.00045315335726322674	0.005937649086029673
chr17	7855066	8322514	TMEM88,NAA38,CYB5D1,CHD3,RNF227,KCNAB3,ENSG00000262730,TRAPPC1,CNTROB,GUCY2D,ALOX15B,ALOX12B,ALOXE3,HES7,PER1,ENSG00000263620,VAMP2,TMEM107,BORCS6,AURKB,CTC1,PFAS,SLC25A35,RANGRF,ARHGEF15	0.000866096909903753	0.006157579223579922
chr17	7921859	8397827	KCNAB3,ENSG00000262730,TRAPPC1,CNTROB,GUCY2D,ALOX15B,ALOX12B,ALOXE3,HES7,PER1,ENSG00000263620,VAMP2,TMEM107,BORCS6,AURKB,CTC1,PFAS,SLC25A35,RANGRF,ARHGEF15,ODF4,KRBA2,ENSG00000263809,RPL26,RNF222	-0.00010894564880794652	0.008473205418780126
chr17	8039034	8799365	ALOX15B,ALOX12B,ALOXE3,HES7,PER1,ENSG00000263620,VAMP2,TMEM107,BORCS6,AURKB,CTC1,PFAS,SLC25A35,RANGRF,ARHGEF15,ODF4,KRBA2,ENSG00000263809,RPL26,RNF222,NDEL1,MYH10,CCDC42,SPDYE4,MFSD6L	-0.0015360847578727193	0.007571598896946826
chr17	8150816	9643447	ENSG00000263620,VAMP2,TMEM107,BORCS6,AURKB,CTC1,PFAS,SLC25A35,RANGRF,ARHGEF15,ODF4,KRBA2,ENSG00000263809,RPL26,RNF222,NDEL1,MYH10,CCDC42,SPDYE4,MFSD6L,PIK3R6,PIK3R5,NTN1,STX8,CFAP52	-0.005315343202895428	0.004083655394189094
chr17	8224815	9905271	CTC1,PFAS,SLC25A35,RANGRF,ARHGEF15,ODF4,KRBA2,ENSG00000263809,RPL26,RNF222,NDEL1,MYH10,CCDC42,SPDYE4,MFSD6L,PIK3R6,PIK3R5,NTN1,STX8,CFAP52,USP43,DHRS7C,GSG1L2,GLP2R,RCVRN	-0.0013368276465247147	0.006152388706672132
chr17	8339840	10518542	ODF4,KRBA2,ENSG00000263809,RPL26,RNF222,NDEL1,MYH10,CCDC42,SPDYE4,MFSD6L,PIK3R6,PIK3R5,NTN1,STX8,CFAP52,USP43,DHRS7C,GSG1L2,GLP2R,RCVRN,GAS7,MYH13,MYH8,MYH4,MYH1	0.003516668633428309	0.005798347848296938
chr17	8413131	10730023	NDEL1,MYH10,CCDC42,SPDYE4,MFSD6L,PIK3R6,PIK3R5,NTN1,STX8,CFAP52,USP43,DHRS7C,GSG1L2,GLP2R,RCVRN,GAS7,MYH13,MYH8,MYH4,MYH1,MYH2,MYH3,SCO1,ADPRM,TMEM220	0.0013618387765987822	0.00278871688012107
chr17	8802722	11997475	PIK3R6,PIK3R5,NTN1,STX8,CFAP52,USP43,DHRS7C,GSG1L2,GLP2R,RCVRN,GAS7,MYH13,MYH8,MYH4,MYH1,MYH2,MYH3,SCO1,ADPRM,TMEM220,TMEM238L,PIRT,SHISA6,DNAH9,ZNF18	0.001857777796941791	0.003000602717701902
chr17	9644698	13601929	USP43,DHRS7C,GSG1L2,GLP2R,RCVRN,GAS7,MYH13,MYH8,MYH4,MYH1,MYH2,MYH3,SCO1,ADPRM,TMEM220,TMEM238L,PIRT,SHISA6,DNAH9,ZNF18,MAP2K4,MYOCD,ARHGAP44,ELAC2,HS3ST3A1	0.0044634672442223225	0.005423633200929075
chr17	9910606	15341632	GAS7,MYH13,MYH8,MYH4,MYH1,MYH2,MYH3,SCO1,ADPRM,TMEM220,TMEM238L,PIRT,SHISA6,DNAH9,ZNF18,MAP2K4,MYOCD,ARHGAP44,ELAC2,HS3ST3A1,COX10,CDRT15,HS3ST3B1,PMP22,TEKT3	0.004173587192341127	0.0055005719247301615
chr17	10521148	15684311	MYH2,MYH3,SCO1,ADPRM,TMEM220,TMEM238L,PIRT,SHISA6,DNAH9,ZNF18,MAP2K4,MYOCD,ARHGAP44,ELAC2,HS3ST3A1,COX10,CDRT15,HS3ST3B1,PMP22,TEKT3,CDRT4,TVP23C-CDRT4,TVP23C,ENSG00000251537,TRIM16	0.004567706785909314	0.007444650843445976
chr17	10794908	16045015	TMEM238L,PIRT,SHISA6,DNAH9,ZNF18,MAP2K4,MYOCD,ARHGAP44,ELAC2,HS3ST3A1,COX10,CDRT15,HS3ST3B1,PMP22,TEKT3,CDRT4,TVP23C-CDRT4,TVP23C,ENSG00000251537,TRIM16,ZNF286A,TBC1D26,ADORA2B,ZSWIM7,TTC19	0.003765348972176281	0.004274599893495844
chr17	12020829	16437003	MAP2K4,MYOCD,ARHGAP44,ELAC2,HS3ST3A1,COX10,CDRT15,HS3ST3B1,PMP22,TEKT3,CDRT4,TVP23C-CDRT4,TVP23C,ENSG00000251537,TRIM16,ZNF286A,TBC1D26,ADORA2B,ZSWIM7,TTC19,NCOR1,PIGL,CENPV,UBB,TRPV2	0.006377596915642331	0.009753912398868815
chr17	14069490	16804453	COX10,CDRT15,HS3ST3B1,PMP22,TEKT3,CDRT4,TVP23C-CDRT4,TVP23C,ENSG00000251537,TRIM16,ZNF286A,TBC1D26,ADORA2B,ZSWIM7,TTC19,NCOR1,PIGL,CENPV,UBB,TRPV2,LRRC75A,ZNF287,ZNF624,CCDC144A,ENSG00000266302	-0.01118038955667588	0.007057918056306719
chr17	15436015	17237188	CDRT4,TVP23C-CDRT4,TVP23C,ENSG00000251537,TRIM16,ZNF286A,TBC1D26,ADORA2B,ZSWIM7,TTC19,NCOR1,PIGL,CENPV,UBB,TRPV2,LRRC75A,ZNF287,ZNF624,CCDC144A,ENSG00000266302,TNFRSF13B,MPRIP,PLD6,ENSG00000264187,FLCN	-0.025418256022918032	0.006226934443574251
chr17	15699577	17591708	ZNF286A,TBC1D26,ADORA2B,ZSWIM7,TTC19,NCOR1,PIGL,CENPV,UBB,TRPV2,LRRC75A,ZNF287,ZNF624,CCDC144A,ENSG00000266302,TNFRSF13B,MPRIP,PLD6,ENSG00000264187,FLCN,COPS3,NT5M,MED9,RASD1,PEMT	-0.010980473605952635	0.00693306544439261
chr17	16029065	18039209	NCOR1,PIGL,CENPV,UBB,TRPV2,LRRC75A,ZNF287,ZNF624,CCDC144A,ENSG00000266302,TNFRSF13B,MPRIP,PLD6,ENSG00000264187,FLCN,COPS3,NT5M,MED9,RASD1,PEMT,RAI1,SREBF1,TOM1L2,DRC3,ATPAF2	0.0045522736258674	0.012108901234950512
chr17	16441577	18244875	LRRC75A,ZNF287,ZNF624,CCDC144A,ENSG00000266302,TNFRSF13B,MPRIP,PLD6,ENSG00000264187,FLCN,COPS3,NT5M,MED9,RASD1,PEMT,RAI1,SREBF1,TOM1L2,DRC3,ATPAF2,GID4,DRG2,MYO15A,ALKBH5,LLGL1	0.011343017946692836	0.015985035990655216
chr17	16929816	18363563	TNFRSF13B,MPRIP,PLD6,ENSG00000264187,FLCN,COPS3,NT5M,MED9,RASD1,PEMT,RAI1,SREBF1,TOM1L2,DRC3,ATPAF2,GID4,DRG2,MYO15A,ALKBH5,LLGL1,FLII,MIEF2,TOP3A,SMCR8,SHMT1	0.012580283896558577	0.014910210368046522
chr17	17246616	18779349	COPS3,NT5M,MED9,RASD1,PEMT,RAI1,SREBF1,TOM1L2,DRC3,ATPAF2,GID4,DRG2,MYO15A,ALKBH5,LLGL1,FLII,MIEF2,TOP3A,SMCR8,SHMT1,EVPLL,LGALS9C,TBC1D28,FOXO3B,FBXW10	0.01377066276084528	0.013002158845001433
chr17	17681458	19047011	RAI1,SREBF1,TOM1L2,DRC3,ATPAF2,GID4,DRG2,MYO15A,ALKBH5,LLGL1,FLII,MIEF2,TOP3A,SMCR8,SHMT1,EVPLL,LGALS9C,TBC1D28,FOXO3B,FBXW10,TVP23B,PRPSAP2,SLC5A10,FAM83G,GRAP	0.011145072542998622	0.009650819165482216
chr17	18039408	19387190	GID4,DRG2,MYO15A,ALKBH5,LLGL1,FLII,MIEF2,TOP3A,SMCR8,SHMT1,EVPLL,LGALS9C,TBC1D28,FOXO3B,FBXW10,TVP23B,PRPSAP2,SLC5A10,FAM83G,GRAP,GRAPL,EPN2,B9D1,MAPK7,MFAP4	0.006290822524095839	0.006134858474076205
chr17	18244815	19748943	FLII,MIEF2,TOP3A,SMCR8,SHMT1,EVPLL,LGALS9C,TBC1D28,FOXO3B,FBXW10,TVP23B,PRPSAP2,SLC5A10,FAM83G,GRAP,GRAPL,EPN2,B9D1,MAPK7,MFAP4,RNF112,SLC47A1,ALDH3A2,SLC47A2,ALDH3A1	0.007757861049725198	0.01085310025233622
chr17	18377778	20580911	EVPLL,LGALS9C,TBC1D28,FOXO3B,FBXW10,TVP23B,PRPSAP2,SLC5A10,FAM83G,GRAP,GRAPL,EPN2,B9D1,MAPK7,MFAP4,RNF112,SLC47A1,ALDH3A2,SLC47A2,ALDH3A1,ULK2,AKAP10,SPECC1,LGALS9B,CDRT15L2	0.011214364935595448	0.014743995039285357
chr17	18781111	21315232	TVP23B,PRPSAP2,SLC5A10,FAM83G,GRAP,GRAPL,EPN2,B9D1,MAPK7,MFAP4,RNF112,SLC47A1,ALDH3A2,SLC47A2,ALDH3A1,ULK2,AKAP10,SPECC1,LGALS9B,CDRT15L2,USP22,DHRS7B,TMEM11,NATD1,MAP2K3	0.011124253015143023	0.013333132072828578
chr17	19127535	27640777	GRAPL,EPN2,B9D1,MAPK7,MFAP4,RNF112,SLC47A1,ALDH3A2,SLC47A2,ALDH3A1,ULK2,AKAP10,SPECC1,LGALS9B,CDRT15L2,USP22,DHRS7B,TMEM11,NATD1,MAP2K3,KCNJ12,KCNJ18,WSB1,KSR1,ENSG00000266728	0.01507196934066612	0.013249437620661423
chr17	19411125	28196381	RNF112,SLC47A1,ALDH3A2,SLC47A2,ALDH3A1,ULK2,AKAP10,SPECC1,LGALS9B,CDRT15L2,USP22,DHRS7B,TMEM11,NATD1,MAP2K3,KCNJ12,KCNJ18,WSB1,KSR1,ENSG00000266728,LGALS9,NOS2,ENSG00000266202,LYRM9,NLK	0.015052498272969398	0.009613741218613763
chr17	19770829	28363683	ULK2,AKAP10,SPECC1,LGALS9B,CDRT15L2,USP22,DHRS7B,TMEM11,NATD1,MAP2K3,KCNJ12,KCNJ18,WSB1,KSR1,ENSG00000266728,LGALS9,NOS2,ENSG00000266202,LYRM9,NLK,TMEM97,IFT20,TNFAIP1,POLDIP2,TMEM199	0.02269872689938301	0.004868385154145339
chr17	20999596	28407197	USP22,DHRS7B,TMEM11,NATD1,MAP2K3,KCNJ12,KCNJ18,WSB1,KSR1,ENSG00000266728,LGALS9,NOS2,ENSG00000266202,LYRM9,NLK,TMEM97,IFT20,TNFAIP1,POLDIP2,TMEM199,SEBOX,ENSG00000273171,SARM1,VTN,SLC46A1	0.02123116938350634	0.01009663040372511
chr17	21376357	28614197	KCNJ12,KCNJ18,WSB1,KSR1,ENSG00000266728,LGALS9,NOS2,ENSG00000266202,LYRM9,NLK,TMEM97,IFT20,TNFAIP1,POLDIP2,TMEM199,SEBOX,ENSG00000273171,SARM1,VTN,SLC46A1,RSKR,SLC13A2,FOXN1,UNC119,PIGS	0.022373144777330246	0.01666042140533737
chr17	27629798	28702679	LGALS9,NOS2,ENSG00000266202,LYRM9,NLK,TMEM97,IFT20,TNFAIP1,POLDIP2,TMEM199,SEBOX,ENSG00000273171,SARM1,VTN,SLC46A1,RSKR,SLC13A2,FOXN1,UNC119,PIGS,ALDOC,SPAG5,ENSG00000258472,SDF2,SUPT6H	0.012640388250200031	0.010774579745295183
chr17	28319200	28743455	TMEM97,IFT20,TNFAIP1,POLDIP2,TMEM199,SEBOX,ENSG00000273171,SARM1,VTN,SLC46A1,RSKR,SLC13A2,FOXN1,UNC119,PIGS,ALDOC,SPAG5,ENSG00000258472,SDF2,SUPT6H,PROCA1,RAB34,RPL23A,TLCD1,NEK8	0.013821005211295555	0.013055558626424657
chr17	28363506	28903079	SEBOX,ENSG00000273171,SARM1,VTN,SLC46A1,RSKR,SLC13A2,FOXN1,UNC119,PIGS,ALDOC,SPAG5,ENSG00000258472,SDF2,SUPT6H,PROCA1,RAB34,RPL23A,TLCD1,NEK8,TRAF4,FAM222B,ERAL1,FLOT2,DHRS13	0.015347288964834614	0.009878141689632308
chr17	28455752	29254494	RSKR,SLC13A2,FOXN1,UNC119,PIGS,ALDOC,SPAG5,ENSG00000258472,SDF2,SUPT6H,PROCA1,RAB34,RPL23A,TLCD1,NEK8,TRAF4,FAM222B,ERAL1,FLOT2,DHRS13,PHF12,PIPOX,SEZ6,MYO18A,CRYBA1	0.004460778791980168	0.002000904760819225
chr17	28573115	29594054	ALDOC,SPAG5,ENSG00000258472,SDF2,SUPT6H,PROCA1,RAB34,RPL23A,TLCD1,NEK8,TRAF4,FAM222B,ERAL1,FLOT2,DHRS13,PHF12,PIPOX,SEZ6,MYO18A,CRYBA1,NUFIP2,TAOK1,ABHD15,TP53I13,GIT1	0.0034984731598865252	0.008614840774739613
chr17	28703197	30186475	PROCA1,RAB34,RPL23A,TLCD1,NEK8,TRAF4,FAM222B,ERAL1,FLOT2,DHRS13,PHF12,PIPOX,SEZ6,MYO18A,CRYBA1,NUFIP2,TAOK1,ABHD15,TP53I13,GIT1,ANKRD13B,CORO6,SSH2,EFCAB5,NSRP1	2.2826808168010227e-05	0.011328106423265347
chr17	28744011	30527592	TRAF4,FAM222B,ERAL1,FLOT2,DHRS13,PHF12,PIPOX,SEZ6,MYO18A,CRYBA1,NUFIP2,TAOK1,ABHD15,TP53I13,GIT1,ANKRD13B,CORO6,SSH2,EFCAB5,NSRP1,SLC6A4,BLMH,TMIGD1,CPD,GOSR1	0.0025967406933224777	0.012078314792300442
chr17	28905250	30999911	PHF12,PIPOX,SEZ6,MYO18A,CRYBA1,NUFIP2,TAOK1,ABHD15,TP53I13,GIT1,ANKRD13B,CORO6,SSH2,EFCAB5,NSRP1,SLC6A4,BLMH,TMIGD1,CPD,GOSR1,CRLF3,ATAD5,TEFM,ADAP2,RNF135	0.01388964093121831	0.016220037962489074
chr17	29255839	31382116	NUFIP2,TAOK1,ABHD15,TP53I13,GIT1,ANKRD13B,CORO6,SSH2,EFCAB5,NSRP1,SLC6A4,BLMH,TMIGD1,CPD,GOSR1,CRLF3,ATAD5,TEFM,ADAP2,RNF135,NF1,OMG,EVI2B,ENSG00000265118,EVI2A	0.018939336805583008	0.015423435747021895
chr17	29589769	32053504	ANKRD13B,CORO6,SSH2,EFCAB5,NSRP1,SLC6A4,BLMH,TMIGD1,CPD,GOSR1,CRLF3,ATAD5,TEFM,ADAP2,RNF135,NF1,OMG,EVI2B,ENSG00000265118,EVI2A,RAB11FIP4,COPRS,UTP6,SUZ12,LRRC37B	0.018426329011762634	0.01426734061287391
chr17	30194319	32483319	SLC6A4,BLMH,TMIGD1,CPD,GOSR1,CRLF3,ATAD5,TEFM,ADAP2,RNF135,NF1,OMG,EVI2B,ENSG00000265118,EVI2A,RAB11FIP4,COPRS,UTP6,SUZ12,LRRC37B,RHOT1,RHBDL3,C17orf75,ZNF207,PSMD11	0.01483726064508524	0.013495241462396331
chr17	30769388	34174964	CRLF3,ATAD5,TEFM,ADAP2,RNF135,NF1,OMG,EVI2B,ENSG00000265118,EVI2A,RAB11FIP4,COPRS,UTP6,SUZ12,LRRC37B,RHOT1,RHBDL3,C17orf75,ZNF207,PSMD11,CDK5R1,MYO1D,TMEM98,SPACA3,ASIC2	0.014422456978271006	0.012565860511897044
chr17	31094927	34358610	NF1,OMG,EVI2B,ENSG00000265118,EVI2A,RAB11FIP4,COPRS,UTP6,SUZ12,LRRC37B,RHOT1,RHBDL3,C17orf75,ZNF207,PSMD11,CDK5R1,MYO1D,TMEM98,SPACA3,ASIC2,CCL2,CCL7,CCL11,CCL8,CCL13	0.011768883270268544	0.008698296845247616
chr17	31391675	35009743	RAB11FIP4,COPRS,UTP6,SUZ12,LRRC37B,RHOT1,RHBDL3,C17orf75,ZNF207,PSMD11,CDK5R1,MYO1D,TMEM98,SPACA3,ASIC2,CCL2,CCL7,CCL11,CCL8,CCL13,CCL1,TMEM132E,CCT6B,ZNF830,LIG3	0.011908017439402929	0.009924025708442648
chr17	32142454	35142304	RHOT1,RHBDL3,C17orf75,ZNF207,PSMD11,CDK5R1,MYO1D,TMEM98,SPACA3,ASIC2,CCL2,CCL7,CCL11,CCL8,CCL13,CCL1,TMEM132E,CCT6B,ZNF830,LIG3,RFFL,ENSG00000267618,RAD51D,FNDC8,NLE1	0.00446212020592748	0.004861216872934354
chr17	32486993	35433283	CDK5R1,MYO1D,TMEM98,SPACA3,ASIC2,CCL2,CCL7,CCL11,CCL8,CCL13,CCL1,TMEM132E,CCT6B,ZNF830,LIG3,RFFL,ENSG00000267618,RAD51D,FNDC8,NLE1,UNC45B,SLC35G3,SLFN5,SLFN11,SLFN12	0.0075168273527482735	0.008142756560551563
chr17	34255274	35726413	CCL2,CCL7,CCL11,CCL8,CCL13,CCL1,TMEM132E,CCT6B,ZNF830,LIG3,RFFL,ENSG00000267618,RAD51D,FNDC8,NLE1,UNC45B,SLC35G3,SLFN5,SLFN11,SLFN12,SLFN13,SLFN12L,SLFN14,PEX12,AP2B1	0.006681487587792313	0.007321950286069994
chr17	34360328	35864615	CCL1,TMEM132E,CCT6B,ZNF830,LIG3,RFFL,ENSG00000267618,RAD51D,FNDC8,NLE1,UNC45B,SLC35G3,SLFN5,SLFN11,SLFN12,SLFN13,SLFN12L,SLFN14,PEX12,AP2B1,RASL10B,GAS2L2,MMP28,C17orf50,TAF15	0.0031947933459415575	0.0036090058225867762
chr17	35005990	35981497	RFFL,ENSG00000267618,RAD51D,FNDC8,NLE1,UNC45B,SLC35G3,SLFN5,SLFN11,SLFN12,SLFN13,SLFN12L,SLFN14,PEX12,AP2B1,RASL10B,GAS2L2,MMP28,C17orf50,TAF15,HEATR9,CCL5,RDM1,LYZL6,CCL16	0.005932378587507821	0.006517627922939063
chr17	35147817	36072032	UNC45B,SLC35G3,SLFN5,SLFN11,SLFN12,SLFN13,SLFN12L,SLFN14,PEX12,AP2B1,RASL10B,GAS2L2,MMP28,C17orf50,TAF15,HEATR9,CCL5,RDM1,LYZL6,CCL16,CCL14,CCL15-CCL14,CCL15,CCL23,CCL18	0.007885381672150402	0.008209684344380368
chr17	35435096	36264570	SLFN13,SLFN12L,SLFN14,PEX12,AP2B1,RASL10B,GAS2L2,MMP28,C17orf50,TAF15,HEATR9,CCL5,RDM1,LYZL6,CCL16,CCL14,CCL15-CCL14,CCL15,CCL23,CCL18,CCL3,CCL4,TBC1D3B,CCL4L2,TBC1D3I	0.003660501248221224	0.0034875406459707907
chr17	35731639	36543435	RASL10B,GAS2L2,MMP28,C17orf50,TAF15,HEATR9,CCL5,RDM1,LYZL6,CCL16,CCL14,CCL15-CCL14,CCL15,CCL23,CCL18,CCL3,CCL4,TBC1D3B,CCL4L2,TBC1D3I,TBC1D3G,TBC1D3H,TBC1D3F,ZNHIT3,MYO19	0.0008597691856994491	0.0004164471117641176
chr17	35854946	36944612	HEATR9,CCL5,RDM1,LYZL6,CCL16,CCL14,CCL15-CCL14,CCL15,CCL23,CCL18,CCL3,CCL4,TBC1D3B,CCL4L2,TBC1D3I,TBC1D3G,TBC1D3H,TBC1D3F,ZNHIT3,MYO19,PIGW,GGNBP2,DHRS11,MRM1,LHX1	0.0017058362265608713	0.0014057771353026395
chr17	35983288	37513501	CCL14,CCL15-CCL14,CCL15,CCL23,CCL18,CCL3,CCL4,TBC1D3B,CCL4L2,TBC1D3I,TBC1D3G,TBC1D3H,TBC1D3F,ZNHIT3,MYO19,PIGW,GGNBP2,DHRS11,MRM1,LHX1,AATF,ACACA,C17orf78,TADA2A,DUSP14	0.01015506921145195	0.008852933796648338
chr17	36088256	37989060	CCL3,CCL4,TBC1D3B,CCL4L2,TBC1D3I,TBC1D3G,TBC1D3H,TBC1D3F,ZNHIT3,MYO19,PIGW,GGNBP2,DHRS11,MRM1,LHX1,AATF,ACACA,C17orf78,TADA2A,DUSP14,SYNRG,DDX52,HNF1B,TBC1D3K,TBC1D3L	0.01744326776589843	0.013863857596617398
chr17	36323884	38323217	TBC1D3G,TBC1D3H,TBC1D3F,ZNHIT3,MYO19,PIGW,GGNBP2,DHRS11,MRM1,LHX1,AATF,ACACA,C17orf78,TADA2A,DUSP14,SYNRG,DDX52,HNF1B,TBC1D3K,TBC1D3L,TBC1D3D,TBC1D3C,TBC1D3E,TBC1D3,MRPL45	0.016607771891592807	0.015593068136719188
chr17	36534987	38674957	PIGW,GGNBP2,DHRS11,MRM1,LHX1,AATF,ACACA,C17orf78,TADA2A,DUSP14,SYNRG,DDX52,HNF1B,TBC1D3K,TBC1D3L,TBC1D3D,TBC1D3C,TBC1D3E,TBC1D3,MRPL45,GPR179,SOCS7,ARHGAP23,SRCIN1,EPOP	0.011964411978061843	0.013246802717510428
chr17	36948925	38800126	AATF,ACACA,C17orf78,TADA2A,DUSP14,SYNRG,DDX52,HNF1B,TBC1D3K,TBC1D3L,TBC1D3D,TBC1D3C,TBC1D3E,TBC1D3,MRPL45,GPR179,SOCS7,ARHGAP23,SRCIN1,EPOP,MLLT6,CISD3,PCGF2,PSMB3,PIP4K2B	0.005406124816390939	0.007624318920224065
chr17	37514807	38967403	SYNRG,DDX52,HNF1B,TBC1D3K,TBC1D3L,TBC1D3D,TBC1D3C,TBC1D3E,TBC1D3,MRPL45,GPR179,SOCS7,ARHGAP23,SRCIN1,EPOP,MLLT6,CISD3,PCGF2,PSMB3,PIP4K2B,CWC25,C17orf98,RPL23,LASP1,FBXO47	0.012956231654320777	0.013077583723616105
chr17	38003976	39225945	TBC1D3D,TBC1D3C,TBC1D3E,TBC1D3,MRPL45,GPR179,SOCS7,ARHGAP23,SRCIN1,EPOP,MLLT6,CISD3,PCGF2,PSMB3,PIP4K2B,CWC25,C17orf98,RPL23,LASP1,FBXO47,PLXDC1,ARL5C,CACNB1,RPL19,STAC2	0.015891122568649288	0.007623997725116518
chr17	38324571	39636626	GPR179,SOCS7,ARHGAP23,SRCIN1,EPOP,MLLT6,CISD3,PCGF2,PSMB3,PIP4K2B,CWC25,C17orf98,RPL23,LASP1,FBXO47,PLXDC1,ARL5C,CACNB1,RPL19,STAC2,FBXL20,MED1,CDK12,NEUROD2,PPP1R1B	0.016547876056137636	0.0019592208986359987
chr17	38705273	39730426	MLLT6,CISD3,PCGF2,PSMB3,PIP4K2B,CWC25,C17orf98,RPL23,LASP1,FBXO47,PLXDC1,ARL5C,CACNB1,RPL19,STAC2,FBXL20,MED1,CDK12,NEUROD2,PPP1R1B,STARD3,TCAP,PNMT,PGAP3,ERBB2	-0.009763709621302054	0.0018381302855039875
chr17	38800441	39919854	CWC25,C17orf98,RPL23,LASP1,FBXO47,PLXDC1,ARL5C,CACNB1,RPL19,STAC2,FBXL20,MED1,CDK12,NEUROD2,PPP1R1B,STARD3,TCAP,PNMT,PGAP3,ERBB2,MIEN1,GRB7,IKZF3,ZPBP2,GSDMB	-0.027856936610156192	0.004568625602217276
chr17	39063313	40017813	PLXDC1,ARL5C,CACNB1,RPL19,STAC2,FBXL20,MED1,CDK12,NEUROD2,PPP1R1B,STARD3,TCAP,PNMT,PGAP3,ERBB2,MIEN1,GRB7,IKZF3,ZPBP2,GSDMB,ORMDL3,LRRC3C,GSDMA,PSMD3,CSF3	-0.02125582623696001	0.0050725117076210555
chr17	39252663	40172171	FBXL20,MED1,CDK12,NEUROD2,PPP1R1B,STARD3,TCAP,PNMT,PGAP3,ERBB2,MIEN1,GRB7,IKZF3,ZPBP2,GSDMB,ORMDL3,LRRC3C,GSDMA,PSMD3,CSF3,MED24,THRA,NR1D1,MSL1,CASC3	-0.0024962635570636204	0.00854990114430558
chr17	39637090	40364737	STARD3,TCAP,PNMT,PGAP3,ERBB2,MIEN1,GRB7,IKZF3,ZPBP2,GSDMB,ORMDL3,LRRC3C,GSDMA,PSMD3,CSF3,MED24,THRA,NR1D1,MSL1,CASC3,RAPGEFL1,WIPF2,CDC6,RARA,GJD3	0.004070541310065932	0.011252702546526744
chr17	39728496	40648654	MIEN1,GRB7,IKZF3,ZPBP2,GSDMB,ORMDL3,LRRC3C,GSDMA,PSMD3,CSF3,MED24,THRA,NR1D1,MSL1,CASC3,RAPGEFL1,WIPF2,CDC6,RARA,GJD3,TOP2A,IGFBP4,TNS4,CCR7,SMARCE1	0.0038691385862379235	0.0107063043743648
chr17	39921041	40772201	ORMDL3,LRRC3C,GSDMA,PSMD3,CSF3,MED24,THRA,NR1D1,MSL1,CASC3,RAPGEFL1,WIPF2,CDC6,RARA,GJD3,TOP2A,IGFBP4,TNS4,CCR7,SMARCE1,ENSG00000264058,KRT222,KRT24,KRT25,KRT26	0.012916623332014368	0.014267932944820445
chr17	40019097	40885242	MED24,THRA,NR1D1,MSL1,CASC3,RAPGEFL1,WIPF2,CDC6,RARA,GJD3,TOP2A,IGFBP4,TNS4,CCR7,SMARCE1,ENSG00000264058,KRT222,KRT24,KRT25,KRT26,KRT27,KRT28,KRT10,KRT12,KRT20	0.010564285853938968	0.01050139248721422
chr17	40177010	40999906	RAPGEFL1,WIPF2,CDC6,RARA,GJD3,TOP2A,IGFBP4,TNS4,CCR7,SMARCE1,ENSG00000264058,KRT222,KRT24,KRT25,KRT26,KRT27,KRT28,KRT10,KRT12,KRT20,KRT23,KRT39,KRT40,KRTAP3-3,KRTAP3-2	0.006227285711035483	0.00605823984457393
chr17	40388525	41041450	TOP2A,IGFBP4,TNS4,CCR7,SMARCE1,ENSG00000264058,KRT222,KRT24,KRT25,KRT26,KRT27,KRT28,KRT10,KRT12,KRT20,KRT23,KRT39,KRT40,KRTAP3-3,KRTAP3-2,KRTAP3-1,KRTAP1-5,KRTAP1-4,KRTAP1-3,KRTAP1-1	0.007318890194826395	0.0078066285102998765
chr17	40627356	41085144	ENSG00000264058,KRT222,KRT24,KRT25,KRT26,KRT27,KRT28,KRT10,KRT12,KRT20,KRT23,KRT39,KRT40,KRTAP3-3,KRTAP3-2,KRTAP3-1,KRTAP1-5,KRTAP1-4,KRTAP1-3,KRTAP1-1,KRTAP2-1,KRTAP2-2,KRTAP2-3,KRTAP2-4,KRTAP4-7	0.0019295964124430394	0.0018307867351582397
chr17	40776808	41124182	KRT27,KRT28,KRT10,KRT12,KRT20,KRT23,KRT39,KRT40,KRTAP3-3,KRTAP3-2,KRTAP3-1,KRTAP1-5,KRTAP1-4,KRTAP1-3,KRTAP1-1,KRTAP2-1,KRTAP2-2,KRTAP2-3,KRTAP2-4,KRTAP4-7,KRTAP4-8,KRTAP4-16,KRTAP4-9,KRTAP4-11,KRTAP4-12	6.435630857668431e-05	9.782897136380043e-05
chr17	40922700	41178221	KRT23,KRT39,KRT40,KRTAP3-3,KRTAP3-2,KRTAP3-1,KRTAP1-5,KRTAP1-4,KRTAP1-3,KRTAP1-1,KRTAP2-1,KRTAP2-2,KRTAP2-3,KRTAP2-4,KRTAP4-7,KRTAP4-8,KRTAP4-16,KRTAP4-9,KRTAP4-11,KRTAP4-12,KRTAP4-6,KRTAP4-5,KRTAP4-4,KRTAP4-3,KRTAP4-2	0.0	4.5260292236421453e-05
chr17	41008521	41239004	KRTAP3-1,KRTAP1-5,KRTAP1-4,KRTAP1-3,KRTAP1-1,KRTAP2-1,KRTAP2-2,KRTAP2-3,KRTAP2-4,KRTAP4-7,KRTAP4-8,KRTAP4-16,KRTAP4-9,KRTAP4-11,KRTAP4-12,KRTAP4-6,KRTAP4-5,KRTAP4-4,KRTAP4-3,KRTAP4-2,KRTAP4-1,KRTAP9-1,KRTAP9-2,KRTAP9-3,KRTAP9-8	0.0	4.526076826878986e-05
chr17	41046541	41302851	KRTAP2-1,KRTAP2-2,KRTAP2-3,KRTAP2-4,KRTAP4-7,KRTAP4-8,KRTAP4-16,KRTAP4-9,KRTAP4-11,KRTAP4-12,KRTAP4-6,KRTAP4-5,KRTAP4-4,KRTAP4-3,KRTAP4-2,KRTAP4-1,KRTAP9-1,KRTAP9-2,KRTAP9-3,KRTAP9-8,KRTAP9-4,KRTAP9-9,KRTAP9-6,KRTAP9-7,KRTAP29-1	0.0	4.114587767645179e-05
chr17	41096981	41382306	KRTAP4-8,KRTAP4-16,KRTAP4-9,KRTAP4-11,KRTAP4-12,KRTAP4-6,KRTAP4-5,KRTAP4-4,KRTAP4-3,KRTAP4-2,KRTAP4-1,KRTAP9-1,KRTAP9-2,KRTAP9-3,KRTAP9-8,KRTAP9-4,KRTAP9-9,KRTAP9-6,KRTAP9-7,KRTAP29-1,KRTAP16-1,KRTAP17-1,KRT33A,KRT33B,KRT34	0.0	2.4686315307099532e-05
chr17	41139433	41481151	KRTAP4-6,KRTAP4-5,KRTAP4-4,KRTAP4-3,KRTAP4-2,KRTAP4-1,KRTAP9-1,KRTAP9-2,KRTAP9-3,KRTAP9-8,KRTAP9-4,KRTAP9-9,KRTAP9-6,KRTAP9-7,KRTAP29-1,KRTAP16-1,KRTAP17-1,KRT33A,KRT33B,KRT34,KRT31,KRT37,KRT38,KRT32,KRT35	0.0	0.0
chr17	41184100	41572059	KRTAP4-1,KRTAP9-1,KRTAP9-2,KRTAP9-3,KRTAP9-8,KRTAP9-4,KRTAP9-9,KRTAP9-6,KRTAP9-7,KRTAP29-1,KRTAP16-1,KRTAP17-1,KRT33A,KRT33B,KRT34,KRT31,KRT37,KRT38,KRT32,KRT35,KRT36,KRT13,KRT15,KRT19,KRT9	0.0	0.0
chr17	41249687	41715969	KRTAP9-4,KRTAP9-9,KRTAP9-6,KRTAP9-7,KRTAP29-1,KRTAP16-1,KRTAP17-1,KRT33A,KRT33B,KRT34,KRT31,KRT37,KRT38,KRT32,KRT35,KRT36,KRT13,KRT15,KRT19,KRT9,KRT14,KRT16,KRT17,EIF1,GAST	0.0	0.0
chr17	41307700	41836260	KRTAP16-1,KRTAP17-1,KRT33A,KRT33B,KRT34,KRT31,KRT37,KRT38,KRT32,KRT35,KRT36,KRT13,KRT15,KRT19,KRT9,KRT14,KRT16,KRT17,EIF1,GAST,HAP1,JUP,P3H4,FKBP10,NT5C3B	0.00081618117208881	0.0005882915955327766
chr17	41393721	41977740	KRT31,KRT37,KRT38,KRT32,KRT35,KRT36,KRT13,KRT15,KRT19,KRT9,KRT14,KRT16,KRT17,EIF1,GAST,HAP1,JUP,P3H4,FKBP10,NT5C3B,KLHL10,KLHL11,ACLY,ODAD4,CNP	-0.003032053093553683	-0.001472329974054827
chr17	41486136	42112714	KRT36,KRT13,KRT15,KRT19,KRT9,KRT14,KRT16,KRT17,EIF1,GAST,HAP1,JUP,P3H4,FKBP10,NT5C3B,KLHL10,KLHL11,ACLY,ODAD4,CNP,DNAJC7,NKIRAS2,ZNF385C,C17orf113,DHX58	0.003217207051526285	0.007706452649393206
chr17	41582279	42181142	KRT14,KRT16,KRT17,EIF1,GAST,HAP1,JUP,P3H4,FKBP10,NT5C3B,KLHL10,KLHL11,ACLY,ODAD4,CNP,DNAJC7,NKIRAS2,ZNF385C,C17orf113,DHX58,KAT2A,ENSG00000267261,HSPB9,RAB5C,KCNH4	0.003100603743412199	0.007819935354318734
chr17	41717742	42388540	HAP1,JUP,P3H4,FKBP10,NT5C3B,KLHL10,KLHL11,ACLY,ODAD4,CNP,DNAJC7,NKIRAS2,ZNF385C,C17orf113,DHX58,KAT2A,ENSG00000267261,HSPB9,RAB5C,KCNH4,HCRT,GHDC,STAT5B,STAT5A,STAT3	0.00870499307501703	0.011027283473625676
chr17	41835685	42566277	KLHL10,KLHL11,ACLY,ODAD4,CNP,DNAJC7,NKIRAS2,ZNF385C,C17orf113,DHX58,KAT2A,ENSG00000267261,HSPB9,RAB5C,KCNH4,HCRT,GHDC,STAT5B,STAT5A,STAT3,CAVIN1,ATP6V0A1,NAGLU,HSD17B1,COASY	0.008457138265891739	0.010599494945523149
chr17	41976421	42667006	DNAJC7,NKIRAS2,ZNF385C,C17orf113,DHX58,KAT2A,ENSG00000267261,HSPB9,RAB5C,KCNH4,HCRT,GHDC,STAT5B,STAT5A,STAT3,CAVIN1,ATP6V0A1,NAGLU,HSD17B1,COASY,MLX,PSMC3IP,RETREG3,TUBG1,TUBG2	0.010591728964677515	0.011026644453785506
chr17	42113111	42763041	KAT2A,ENSG00000267261,HSPB9,RAB5C,KCNH4,HCRT,GHDC,STAT5B,STAT5A,STAT3,CAVIN1,ATP6V0A1,NAGLU,HSD17B1,COASY,MLX,PSMC3IP,RETREG3,TUBG1,TUBG2,PLEKHH3,CCR10,CNTNAP1,EZH1,RAMP2	0.014716838511507334	0.01538500140669654
chr17	42184060	42833350	HCRT,GHDC,STAT5B,STAT5A,STAT3,CAVIN1,ATP6V0A1,NAGLU,HSD17B1,COASY,MLX,PSMC3IP,RETREG3,TUBG1,TUBG2,PLEKHH3,CCR10,CNTNAP1,EZH1,RAMP2,VPS25,WNK4,COA3,CNTD1,BECN1	0.013984781888413194	0.015270147951548
chr17	42402449	42964498	CAVIN1,ATP6V0A1,NAGLU,HSD17B1,COASY,MLX,PSMC3IP,RETREG3,TUBG1,TUBG2,PLEKHH3,CCR10,CNTNAP1,EZH1,RAMP2,VPS25,WNK4,COA3,CNTD1,BECN1,PSME3,AOC2,AOC3,G6PC1,AARSD1	0.012001381243054929	0.013866305914515965
chr17	42567072	43014456	MLX,PSMC3IP,RETREG3,TUBG1,TUBG2,PLEKHH3,CCR10,CNTNAP1,EZH1,RAMP2,VPS25,WNK4,COA3,CNTD1,BECN1,PSME3,AOC2,AOC3,G6PC1,AARSD1,PTGES3L-AARSD1,PTGES3L,RUNDC1,RPL27,IFI35	0.013902164296035996	0.0151692309859296
chr17	42667914	43220041	PLEKHH3,CCR10,CNTNAP1,EZH1,RAMP2,VPS25,WNK4,COA3,CNTD1,BECN1,PSME3,AOC2,AOC3,G6PC1,AARSD1,PTGES3L-AARSD1,PTGES3L,RUNDC1,RPL27,IFI35,VAT1,RND2,BRCA1,NBR1,TMEM106A	0.006338027505918921	0.007380323861088723
chr17	42773449	43661922	VPS25,WNK4,COA3,CNTD1,BECN1,PSME3,AOC2,AOC3,G6PC1,AARSD1,PTGES3L-AARSD1,PTGES3L,RUNDC1,RPL27,IFI35,VAT1,RND2,BRCA1,NBR1,TMEM106A,CCDC200,ARL4D,DHX8,ETV4,MEOX1	-0.004932828189776098	0.0026386311654608484
chr17	42824385	43863639	PSME3,AOC2,AOC3,G6PC1,AARSD1,PTGES3L-AARSD1,PTGES3L,RUNDC1,RPL27,IFI35,VAT1,RND2,BRCA1,NBR1,TMEM106A,CCDC200,ARL4D,DHX8,ETV4,MEOX1,SOST,DUSP3,CFAP97D1,MPP3,CD300LG	-0.0052803213025042805	0.010344952902543596
chr17	42950526	44023946	PTGES3L-AARSD1,PTGES3L,RUNDC1,RPL27,IFI35,VAT1,RND2,BRCA1,NBR1,TMEM106A,CCDC200,ARL4D,DHX8,ETV4,MEOX1,SOST,DUSP3,CFAP97D1,MPP3,CD300LG,MPP2,PPY,PYY,NAGS,TMEM101	0.0010667418060922654	0.015744977001342197
chr17	43014607	44179084	VAT1,RND2,BRCA1,NBR1,TMEM106A,CCDC200,ARL4D,DHX8,ETV4,MEOX1,SOST,DUSP3,CFAP97D1,MPP3,CD300LG,MPP2,PPY,PYY,NAGS,TMEM101,LSM12,G6PC3,HDAC5,HROB,ASB16	0.004993497103098891	0.010941581264933537
chr17	43216941	44318670	CCDC200,ARL4D,DHX8,ETV4,MEOX1,SOST,DUSP3,CFAP97D1,MPP3,CD300LG,MPP2,PPY,PYY,NAGS,TMEM101,LSM12,G6PC3,HDAC5,HROB,ASB16,TMUB2,ATXN7L3,UBTF,SLC4A1,RUNDC3A	0.00795741186912978	0.01129801348978846
chr17	43753738	44503430	SOST,DUSP3,CFAP97D1,MPP3,CD300LG,MPP2,PPY,PYY,NAGS,TMEM101,LSM12,G6PC3,HDAC5,HROB,ASB16,TMUB2,ATXN7L3,UBTF,SLC4A1,RUNDC3A,SLC25A39,GRN,FAM171A2,ITGA2B,GPATCH8	0.010151821882632254	0.015253360085476184
chr17	43875357	44781846	MPP2,PPY,PYY,NAGS,TMEM101,LSM12,G6PC3,HDAC5,HROB,ASB16,TMUB2,ATXN7L3,UBTF,SLC4A1,RUNDC3A,SLC25A39,GRN,FAM171A2,ITGA2B,GPATCH8,FZD2,MEIOC,CCDC43,DBF4B,ADAM11	0.010815260675992252	0.01303625939640351
chr17	44034328	44916937	LSM12,G6PC3,HDAC5,HROB,ASB16,TMUB2,ATXN7L3,UBTF,SLC4A1,RUNDC3A,SLC25A39,GRN,FAM171A2,ITGA2B,GPATCH8,FZD2,MEIOC,CCDC43,DBF4B,ADAM11,GJC1,HIGD1B,EFTUD2,CCDC103,GFAP	0.016009454511501743	0.013724587165659415
chr17	44186970	45109016	TMUB2,ATXN7L3,UBTF,SLC4A1,RUNDC3A,SLC25A39,GRN,FAM171A2,ITGA2B,GPATCH8,FZD2,MEIOC,CCDC43,DBF4B,ADAM11,GJC1,HIGD1B,EFTUD2,CCDC103,GFAP,FAM187A,KIF18B,NMT1,C1QL1,DCAKD	0.016874218043977034	0.014226179617815105
chr17	44319625	45247319	SLC25A39,GRN,FAM171A2,ITGA2B,GPATCH8,FZD2,MEIOC,CCDC43,DBF4B,ADAM11,GJC1,HIGD1B,EFTUD2,CCDC103,GFAP,FAM187A,KIF18B,NMT1,C1QL1,DCAKD,PLCD3,ACBD4,HEXIM1,HEXIM2,FMNL1	0.010639962105754328	0.009290370954136123
chr17	44557484	45835826	FZD2,MEIOC,CCDC43,DBF4B,ADAM11,GJC1,HIGD1B,EFTUD2,CCDC103,GFAP,FAM187A,KIF18B,NMT1,C1QL1,DCAKD,PLCD3,ACBD4,HEXIM1,HEXIM2,FMNL1,SPATA32,MAP3K14,ARHGAP27,PLEKHM1,LINC02210-CRHR1	0.01014545644213991	0.010800127026509478
chr17	44798448	46225389	GJC1,HIGD1B,EFTUD2,CCDC103,GFAP,FAM187A,KIF18B,NMT1,C1QL1,DCAKD,PLCD3,ACBD4,HEXIM1,HEXIM2,FMNL1,SPATA32,MAP3K14,ARHGAP27,PLEKHM1,LINC02210-CRHR1,CRHR1,SPPL2C,MAPT,STH,KANSL1	0.007733174682175872	0.008841139603087553
chr17	44903433	46757679	FAM187A,KIF18B,NMT1,C1QL1,DCAKD,PLCD3,ACBD4,HEXIM1,HEXIM2,FMNL1,SPATA32,MAP3K14,ARHGAP27,PLEKHM1,LINC02210-CRHR1,CRHR1,SPPL2C,MAPT,STH,KANSL1,ARL17B,LRRC37A,ARL17A,LRRC37A2,NSF	0.006315497780258668	0.007781504464343234
chr17	45108959	47049932	PLCD3,ACBD4,HEXIM1,HEXIM2,FMNL1,SPATA32,MAP3K14,ARHGAP27,PLEKHM1,LINC02210-CRHR1,CRHR1,SPPL2C,MAPT,STH,KANSL1,ARL17B,LRRC37A,ARL17A,LRRC37A2,NSF,WNT3,WNT9B,GOSR2,ENSG00000262633,RPRML	0.009299402587372203	0.01582591883588822
chr17	45254393	47441312	SPATA32,MAP3K14,ARHGAP27,PLEKHM1,LINC02210-CRHR1,CRHR1,SPPL2C,MAPT,STH,KANSL1,ARL17B,LRRC37A,ARL17A,LRRC37A2,NSF,WNT3,WNT9B,GOSR2,ENSG00000262633,RPRML,CDC27,MYL4,ITGB3,ENSG00000259753,EFCAB13	0.010647263211856167	0.015449622419525131
chr17	45784277	47821803	CRHR1,SPPL2C,MAPT,STH,KANSL1,ARL17B,LRRC37A,ARL17A,LRRC37A2,NSF,WNT3,WNT9B,GOSR2,ENSG00000262633,RPRML,CDC27,MYL4,ITGB3,ENSG00000259753,EFCAB13,NPEPPS,KPNB1,TBKBP1,TBX21,OSBPL7	0.012280400472124453	0.01268634155479201
chr17	46274784	47928957	ARL17B,LRRC37A,ARL17A,LRRC37A2,NSF,WNT3,WNT9B,GOSR2,ENSG00000262633,RPRML,CDC27,MYL4,ITGB3,ENSG00000259753,EFCAB13,NPEPPS,KPNB1,TBKBP1,TBX21,OSBPL7,MRPL10,LRRC46,SCRN2,SP6,SP2	0.012372751058552766	0.012469895166907474
chr17	46762506	48061545	WNT3,WNT9B,GOSR2,ENSG00000262633,RPRML,CDC27,MYL4,ITGB3,ENSG00000259753,EFCAB13,NPEPPS,KPNB1,TBKBP1,TBX21,OSBPL7,MRPL10,LRRC46,SCRN2,SP6,SP2,PNPO,PRR15L,CDK5RAP3,COPZ2,NFE2L1	0.014161737550914858	0.01505388864400719
chr17	47117703	48545109	CDC27,MYL4,ITGB3,ENSG00000259753,EFCAB13,NPEPPS,KPNB1,TBKBP1,TBX21,OSBPL7,MRPL10,LRRC46,SCRN2,SP6,SP2,PNPO,PRR15L,CDK5RAP3,COPZ2,NFE2L1,CBX1,SNX11,SKAP1,HOXB1,HOXB2	0.007264661652486149	0.009689434730966248
chr17	47522942	48633572	NPEPPS,KPNB1,TBKBP1,TBX21,OSBPL7,MRPL10,LRRC46,SCRN2,SP6,SP2,PNPO,PRR15L,CDK5RAP3,COPZ2,NFE2L1,CBX1,SNX11,SKAP1,HOXB1,HOXB2,HOXB3,HOXB4,HOXB5,HOXB6,HOXB7	0.01453374524232377	0.01253380778680843
chr17	47823272	48728750	MRPL10,LRRC46,SCRN2,SP6,SP2,PNPO,PRR15L,CDK5RAP3,COPZ2,NFE2L1,CBX1,SNX11,SKAP1,HOXB1,HOXB2,HOXB3,HOXB4,HOXB5,HOXB6,HOXB7,HOXB8,HOXB9,PRAC1,PRAC2,HOXB13	0.02130776257869904	0.009431650056255562
chr17	47941506	48944842	PNPO,PRR15L,CDK5RAP3,COPZ2,NFE2L1,CBX1,SNX11,SKAP1,HOXB1,HOXB2,HOXB3,HOXB4,HOXB5,HOXB6,HOXB7,HOXB8,HOXB9,PRAC1,PRAC2,HOXB13,TTLL6,CALCOCO2,ATP5MC1,UBE2Z,SNF8	0.015223371921991347	0.0015071426441568188
chr17	48070052	49223225	CBX1,SNX11,SKAP1,HOXB1,HOXB2,HOXB3,HOXB4,HOXB5,HOXB6,HOXB7,HOXB8,HOXB9,PRAC1,PRAC2,HOXB13,TTLL6,CALCOCO2,ATP5MC1,UBE2Z,SNF8,GIP,IGF2BP1,B4GALNT2,GNGT2,ABI3	0.00723420524915395	0.004453534010110336
chr17	48548870	49678163	HOXB3,HOXB4,HOXB5,HOXB6,HOXB7,HOXB8,HOXB9,PRAC1,PRAC2,HOXB13,TTLL6,CALCOCO2,ATP5MC1,UBE2Z,SNF8,GIP,IGF2BP1,B4GALNT2,GNGT2,ABI3,PHOSPHO1,ZNF652,NGFR,NXPH3,SPOP	-0.002285263647597021	0.00648087860503509
chr17	48611377	49974959	HOXB8,HOXB9,PRAC1,PRAC2,HOXB13,TTLL6,CALCOCO2,ATP5MC1,UBE2Z,SNF8,GIP,IGF2BP1,B4GALNT2,GNGT2,ABI3,PHOSPHO1,ZNF652,NGFR,NXPH3,SPOP,SLC35B1,FAM117A,KAT7,TAC4,DLX4	-0.0005131197537423695	0.00766128903569564
chr17	48762234	50150677	TTLL6,CALCOCO2,ATP5MC1,UBE2Z,SNF8,GIP,IGF2BP1,B4GALNT2,GNGT2,ABI3,PHOSPHO1,ZNF652,NGFR,NXPH3,SPOP,SLC35B1,FAM117A,KAT7,TAC4,DLX4,DLX3,ITGA3,PDK2,SAMD14,PPP1R9B	0.0060978097567807345	0.012237143388993555
chr17	48958554	50373207	GIP,IGF2BP1,B4GALNT2,GNGT2,ABI3,PHOSPHO1,ZNF652,NGFR,NXPH3,SPOP,SLC35B1,FAM117A,KAT7,TAC4,DLX4,DLX3,ITGA3,PDK2,SAMD14,PPP1R9B,SGCA,COL1A1,TMEM92,XYLT2,MRPL27	0.010131017789716586	0.013505915905935554
chr17	49223366	50485974	PHOSPHO1,ZNF652,NGFR,NXPH3,SPOP,SLC35B1,FAM117A,KAT7,TAC4,DLX4,DLX3,ITGA3,PDK2,SAMD14,PPP1R9B,SGCA,COL1A1,TMEM92,XYLT2,MRPL27,EME1,LRRC59,ACSF2,CHAD,RSAD1	0.00920285242115529	0.012146924728537099
chr17	49700934	50692253	SLC35B1,FAM117A,KAT7,TAC4,DLX4,DLX3,ITGA3,PDK2,SAMD14,PPP1R9B,SGCA,COL1A1,TMEM92,XYLT2,MRPL27,EME1,LRRC59,ACSF2,CHAD,RSAD1,MYCBPAP,EPN3,SPATA20,CACNA1G,ABCC3	0.008094896507915193	0.009810388376796321
chr17	49990005	50867978	DLX3,ITGA3,PDK2,SAMD14,PPP1R9B,SGCA,COL1A1,TMEM92,XYLT2,MRPL27,EME1,LRRC59,ACSF2,CHAD,RSAD1,MYCBPAP,EPN3,SPATA20,CACNA1G,ABCC3,ANKRD40,LUC7L3,ANKRD40CL,WFIKKN2,TOB1	0.00884919800368363	0.008971007163984879
chr17	50164214	51260163	SGCA,COL1A1,TMEM92,XYLT2,MRPL27,EME1,LRRC59,ACSF2,CHAD,RSAD1,MYCBPAP,EPN3,SPATA20,CACNA1G,ABCC3,ANKRD40,LUC7L3,ANKRD40CL,WFIKKN2,TOB1,SPAG9,NME1,NME1-NME2,NME2,MBTD1	0.008025088001416653	0.006219052846769806
chr17	50373220	54968703	EME1,LRRC59,ACSF2,CHAD,RSAD1,MYCBPAP,EPN3,SPATA20,CACNA1G,ABCC3,ANKRD40,LUC7L3,ANKRD40CL,WFIKKN2,TOB1,SPAG9,NME1,NME1-NME2,NME2,MBTD1,UTP18,CA10,KIF2B,TOM1L1,COX11	0.0056205700883740104	0.0036805667370315054
chr17	50508425	55732121	MYCBPAP,EPN3,SPATA20,CACNA1G,ABCC3,ANKRD40,LUC7L3,ANKRD40CL,WFIKKN2,TOB1,SPAG9,NME1,NME1-NME2,NME2,MBTD1,UTP18,CA10,KIF2B,TOM1L1,COX11,STXBP4,HLF,MMD,SMIM36,TMEM100	0.008761028289712286	0.005554601363256338
chr17	50693198	56869567	ANKRD40,LUC7L3,ANKRD40CL,WFIKKN2,TOB1,SPAG9,NME1,NME1-NME2,NME2,MBTD1,UTP18,CA10,KIF2B,TOM1L1,COX11,STXBP4,HLF,MMD,SMIM36,TMEM100,PCTP,ANKFN1,NOG,C17orf67,DGKE	0.014066275466799503	0.011091319408228308
chr17	50962174	57684689	SPAG9,NME1,NME1-NME2,NME2,MBTD1,UTP18,CA10,KIF2B,TOM1L1,COX11,STXBP4,HLF,MMD,SMIM36,TMEM100,PCTP,ANKFN1,NOG,C17orf67,DGKE,TRIM25,COIL,SCPEP1,AKAP1,MSI2	0.013706067441865892	0.011872561689115919
chr17	51260546	58007246	UTP18,CA10,KIF2B,TOM1L1,COX11,STXBP4,HLF,MMD,SMIM36,TMEM100,PCTP,ANKFN1,NOG,C17orf67,DGKE,TRIM25,COIL,SCPEP1,AKAP1,MSI2,CCDC182,MRPS23,CUEDC1,VEZF1,ENSG00000266086	0.011676714484995012	0.01048888571816494
chr17	54968727	58205174	STXBP4,HLF,MMD,SMIM36,TMEM100,PCTP,ANKFN1,NOG,C17orf67,DGKE,TRIM25,COIL,SCPEP1,AKAP1,MSI2,CCDC182,MRPS23,CUEDC1,VEZF1,ENSG00000266086,SRSF1,DYNLL2,OR4D1,OR4D2,EPX	0.021385345419163915	0.015228098194495313
chr17	55751051	58353093	PCTP,ANKFN1,NOG,C17orf67,DGKE,TRIM25,COIL,SCPEP1,AKAP1,MSI2,CCDC182,MRPS23,CUEDC1,VEZF1,ENSG00000266086,SRSF1,DYNLL2,OR4D1,OR4D2,EPX,MKS1,LPO,MPO,TSPOAP1,SUPT4H1	0.024949737505993858	0.014086919540246197
chr17	56836387	58544368	TRIM25,COIL,SCPEP1,AKAP1,MSI2,CCDC182,MRPS23,CUEDC1,VEZF1,ENSG00000266086,SRSF1,DYNLL2,OR4D1,OR4D2,EPX,MKS1,LPO,MPO,TSPOAP1,SUPT4H1,ENSG00000285897,RNF43,HSF5,MTMR4,SEPTIN4	0.019813344387894692	0.014838106681928318
chr17	57744495	59155260	CCDC182,MRPS23,CUEDC1,VEZF1,ENSG00000266086,SRSF1,DYNLL2,OR4D1,OR4D2,EPX,MKS1,LPO,MPO,TSPOAP1,SUPT4H1,ENSG00000285897,RNF43,HSF5,MTMR4,SEPTIN4,TEX14,RAD51C,PPM1E,TRIM37,SKA2	0.007827101777726317	0.0068467976006888675
chr17	58000919	59401729	SRSF1,DYNLL2,OR4D1,OR4D2,EPX,MKS1,LPO,MPO,TSPOAP1,SUPT4H1,ENSG00000285897,RNF43,HSF5,MTMR4,SEPTIN4,TEX14,RAD51C,PPM1E,TRIM37,SKA2,PRR11,ENSG00000265303,SMG8,GDPD1,YPEL2	0.008416558286099956	0.010348150374381625
chr17	58205441	59892945	MKS1,LPO,MPO,TSPOAP1,SUPT4H1,ENSG00000285897,RNF43,HSF5,MTMR4,SEPTIN4,TEX14,RAD51C,PPM1E,TRIM37,SKA2,PRR11,ENSG00000265303,SMG8,GDPD1,YPEL2,DHX40,CLTC,PTRH2,VMP1,TUBD1	0.009461153243739804	0.012152944046435552
chr17	58345206	60170899	ENSG00000285897,RNF43,HSF5,MTMR4,SEPTIN4,TEX14,RAD51C,PPM1E,TRIM37,SKA2,PRR11,ENSG00000265303,SMG8,GDPD1,YPEL2,DHX40,CLTC,PTRH2,VMP1,TUBD1,RPS6KB1,ENSG00000267318,RNFT1,HEATR6,CA4	0.011120933447981278	0.009851509521793285
chr17	58556678	61409466	TEX14,RAD51C,PPM1E,TRIM37,SKA2,PRR11,ENSG00000265303,SMG8,GDPD1,YPEL2,DHX40,CLTC,PTRH2,VMP1,TUBD1,RPS6KB1,ENSG00000267318,RNFT1,HEATR6,CA4,USP32,APPBP2,PPM1D,BCAS3,TBX2	0.01793957863490818	0.013010073780132865
chr17	59155732	62065278	PRR11,ENSG00000265303,SMG8,GDPD1,YPEL2,DHX40,CLTC,PTRH2,VMP1,TUBD1,RPS6KB1,ENSG00000267318,RNFT1,HEATR6,CA4,USP32,APPBP2,PPM1D,BCAS3,TBX2,TBX4,NACA2,BRIP1,INTS2,MED13	0.016472369756377468	0.014335214050735987
chr17	59565558	62808344	DHX40,CLTC,PTRH2,VMP1,TUBD1,RPS6KB1,ENSG00000267318,RNFT1,HEATR6,CA4,USP32,APPBP2,PPM1D,BCAS3,TBX2,TBX4,NACA2,BRIP1,INTS2,MED13,EFCAB3,METTL2A,TLK2,MRC2,MARCHF10	0.013592859160509984	0.01219168377123943
chr17	59893046	63548977	RPS6KB1,ENSG00000267318,RNFT1,HEATR6,CA4,USP32,APPBP2,PPM1D,BCAS3,TBX2,TBX4,NACA2,BRIP1,INTS2,MED13,EFCAB3,METTL2A,TLK2,MRC2,MARCHF10,TANC2,CYB561,ACE,ENSG00000264813,KCNH6	0.01419686434286998	0.011977339810842438
chr17	60177327	63741986	USP32,APPBP2,PPM1D,BCAS3,TBX2,TBX4,NACA2,BRIP1,INTS2,MED13,EFCAB3,METTL2A,TLK2,MRC2,MARCHF10,TANC2,CYB561,ACE,ENSG00000264813,KCNH6,DCAF7,TACO1,MAP3K3,STRADA,LIMD2	0.016685764562951327	0.01515407340571149
chr17	61452404	63832026	TBX4,NACA2,BRIP1,INTS2,MED13,EFCAB3,METTL2A,TLK2,MRC2,MARCHF10,TANC2,CYB561,ACE,ENSG00000264813,KCNH6,DCAF7,TACO1,MAP3K3,STRADA,LIMD2,ENSG00000125695,CCDC47,DDX42,FTSJ3,PSMC5	0.011753000672447386	0.013612762689757252
chr17	62343941	63911341	EFCAB3,METTL2A,TLK2,MRC2,MARCHF10,TANC2,CYB561,ACE,ENSG00000264813,KCNH6,DCAF7,TACO1,MAP3K3,STRADA,LIMD2,ENSG00000125695,CCDC47,DDX42,FTSJ3,PSMC5,SMARCD2,CSH2,GH2,CSH1,CSHL1	0.010508782176814887	0.011473039397683866
chr17	62966235	64004305	TANC2,CYB561,ACE,ENSG00000264813,KCNH6,DCAF7,TACO1,MAP3K3,STRADA,LIMD2,ENSG00000125695,CCDC47,DDX42,FTSJ3,PSMC5,SMARCD2,CSH2,GH2,CSH1,CSHL1,GH1,ENSG00000285947,CD79B,SCN4A,PRR29	0.011912162417166078	0.010452730832462759
chr17	63550222	64468643	DCAF7,TACO1,MAP3K3,STRADA,LIMD2,ENSG00000125695,CCDC47,DDX42,FTSJ3,PSMC5,SMARCD2,CSH2,GH2,CSH1,CSHL1,GH1,ENSG00000285947,CD79B,SCN4A,PRR29,ICAM2,ERN1,TEX2,PECAM1,MILR1	0.007275228896458154	0.008576320259806505
chr17	63702845	64919480	ENSG00000125695,CCDC47,DDX42,FTSJ3,PSMC5,SMARCD2,CSH2,GH2,CSH1,CSHL1,GH1,ENSG00000285947,CD79B,SCN4A,PRR29,ICAM2,ERN1,TEX2,PECAM1,MILR1,POLG2,DDX5,CEP95,SMURF2,LRRC37A3	0.001711298900960524	0.002041469886221588
chr17	63832081	66192133	SMARCD2,CSH2,GH2,CSH1,CSHL1,GH1,ENSG00000285947,CD79B,SCN4A,PRR29,ICAM2,ERN1,TEX2,PECAM1,MILR1,POLG2,DDX5,CEP95,SMURF2,LRRC37A3,GNA13,RGS9,AXIN2,ENSG00000266076,CEP112	0.006604513256502533	0.005749026674681751
chr17	63917200	67056797	GH1,ENSG00000285947,CD79B,SCN4A,PRR29,ICAM2,ERN1,TEX2,PECAM1,MILR1,POLG2,DDX5,CEP95,SMURF2,LRRC37A3,GNA13,RGS9,AXIN2,ENSG00000266076,CEP112,APOH,PRKCA,CACNG5,CACNG4,CACNG1	0.007442147571295145	0.005876424241408132
chr17	64002594	67984378	ICAM2,ERN1,TEX2,PECAM1,MILR1,POLG2,DDX5,CEP95,SMURF2,LRRC37A3,GNA13,RGS9,AXIN2,ENSG00000266076,CEP112,APOH,PRKCA,CACNG5,CACNG4,CACNG1,HELZ,PSMD12,PITPNC1,NOL11,BPTF	0.010393729490719565	0.009946512630495192
chr17	64477785	68422731	POLG2,DDX5,CEP95,SMURF2,LRRC37A3,GNA13,RGS9,AXIN2,ENSG00000266076,CEP112,APOH,PRKCA,CACNG5,CACNG4,CACNG1,HELZ,PSMD12,PITPNC1,NOL11,BPTF,C17orf58,KPNA2,AMZ2,ARSG,SLC16A6	0.01460626197277987	0.013044938036835794
chr17	65009289	69060949	GNA13,RGS9,AXIN2,ENSG00000266076,CEP112,APOH,PRKCA,CACNG5,CACNG4,CACNG1,HELZ,PSMD12,PITPNC1,NOL11,BPTF,C17orf58,KPNA2,AMZ2,ARSG,SLC16A6,WIPI1,PRKAR1A,FAM20A,ABCA8,ABCA9	0.011265040186521006	0.008136018135332755
chr17	66212033	70135608	APOH,PRKCA,CACNG5,CACNG4,CACNG1,HELZ,PSMD12,PITPNC1,NOL11,BPTF,C17orf58,KPNA2,AMZ2,ARSG,SLC16A6,WIPI1,PRKAR1A,FAM20A,ABCA8,ABCA9,ABCA6,ABCA10,ABCA5,MAP2K6,KCNJ16	0.01151136465409091	0.010255487392605357
chr17	67070444	73208507	HELZ,PSMD12,PITPNC1,NOL11,BPTF,C17orf58,KPNA2,AMZ2,ARSG,SLC16A6,WIPI1,PRKAR1A,FAM20A,ABCA8,ABCA9,ABCA6,ABCA10,ABCA5,MAP2K6,KCNJ16,KCNJ2,SOX9,SLC39A11,SSTR2,COG1	0.010434558380925718	0.011259890943082667
chr17	67991099	73644445	C17orf58,KPNA2,AMZ2,ARSG,SLC16A6,WIPI1,PRKAR1A,FAM20A,ABCA8,ABCA9,ABCA6,ABCA10,ABCA5,MAP2K6,KCNJ16,KCNJ2,SOX9,SLC39A11,SSTR2,COG1,FAM104A,C17orf80,CPSF4L,CDC42EP4,SDK2	0.011656979252129955	0.009796903249710128
chr17	68420948	74361868	WIPI1,PRKAR1A,FAM20A,ABCA8,ABCA9,ABCA6,ABCA10,ABCA5,MAP2K6,KCNJ16,KCNJ2,SOX9,SLC39A11,SSTR2,COG1,FAM104A,C17orf80,CPSF4L,CDC42EP4,SDK2,RPL38,TTYH2,DNAI2,KIF19,BTBD17	0.023357876185762502	0.01588451976888118
chr17	69078702	74546115	ABCA6,ABCA10,ABCA5,MAP2K6,KCNJ16,KCNJ2,SOX9,SLC39A11,SSTR2,COG1,FAM104A,C17orf80,CPSF4L,CDC42EP4,SDK2,RPL38,TTYH2,DNAI2,KIF19,BTBD17,GPR142,GPRC5C,CD300A,CD300LB,CD300C	0.0242563884654091	0.009617603301264955
chr17	70168673	74776367	KCNJ2,SOX9,SLC39A11,SSTR2,COG1,FAM104A,C17orf80,CPSF4L,CDC42EP4,SDK2,RPL38,TTYH2,DNAI2,KIF19,BTBD17,GPR142,GPRC5C,CD300A,CD300LB,CD300C,CD300LD,CD300E,RAB37,CD300LF,NAT9	0.017167498050298335	0.005581783957536837
chr17	73207353	74923256	FAM104A,C17orf80,CPSF4L,CDC42EP4,SDK2,RPL38,TTYH2,DNAI2,KIF19,BTBD17,GPR142,GPRC5C,CD300A,CD300LB,CD300C,CD300LD,CD300E,RAB37,CD300LF,NAT9,TMEM104,GRIN2C,FDXR,FADS6,USH1G	0.006682356947673125	0.004511445921824243
chr17	74203582	75021261	RPL38,TTYH2,DNAI2,KIF19,BTBD17,GPR142,GPRC5C,CD300A,CD300LB,CD300C,CD300LD,CD300E,RAB37,CD300LF,NAT9,TMEM104,GRIN2C,FDXR,FADS6,USH1G,OTOP2,OTOP3,HID1,CDR2L,MRPL58	0.0038710368720695446	0.0037746212900455615
chr17	74367458	75131757	GPR142,GPRC5C,CD300A,CD300LB,CD300C,CD300LD,CD300E,RAB37,CD300LF,NAT9,TMEM104,GRIN2C,FDXR,FADS6,USH1G,OTOP2,OTOP3,HID1,CDR2L,MRPL58,KCTD2,ATP5PD,SLC16A5,ARMC7,NT5C	0.004596933390511705	0.005283694360199798
chr17	74579365	75266376	CD300LD,CD300E,RAB37,CD300LF,NAT9,TMEM104,GRIN2C,FDXR,FADS6,USH1G,OTOP2,OTOP3,HID1,CDR2L,MRPL58,KCTD2,ATP5PD,SLC16A5,ARMC7,NT5C,JPT1,SUMO2,NUP85,GGA3,MRPS7	-0.0033947132839211645	0.008399438471949773
chr17	74776499	75515537	TMEM104,GRIN2C,FDXR,FADS6,USH1G,OTOP2,OTOP3,HID1,CDR2L,MRPL58,KCTD2,ATP5PD,SLC16A5,ARMC7,NT5C,JPT1,SUMO2,NUP85,GGA3,MRPS7,MIF4GD,SLC25A19,GRB2,TMEM94,CASKIN2	-0.028131459431644943	0.0039056984452344764
chr17	74922950	75667189	OTOP2,OTOP3,HID1,CDR2L,MRPL58,KCTD2,ATP5PD,SLC16A5,ARMC7,NT5C,JPT1,SUMO2,NUP85,GGA3,MRPS7,MIF4GD,SLC25A19,GRB2,TMEM94,CASKIN2,TSEN54,LLGL2,MYO15B,RECQL5,SMIM5	-0.03558914870191456	0.002262689996272443
chr17	75032575	75785893	KCTD2,ATP5PD,SLC16A5,ARMC7,NT5C,JPT1,SUMO2,NUP85,GGA3,MRPS7,MIF4GD,SLC25A19,GRB2,TMEM94,CASKIN2,TSEN54,LLGL2,MYO15B,RECQL5,SMIM5,SMIM6,SAP30BP,ITGB4,GALK1,H3-3B	-0.021027688313885448	0.006648466781768703
chr17	75135248	75896951	JPT1,SUMO2,NUP85,GGA3,MRPS7,MIF4GD,SLC25A19,GRB2,TMEM94,CASKIN2,TSEN54,LLGL2,MYO15B,RECQL5,SMIM5,SMIM6,SAP30BP,ITGB4,GALK1,H3-3B,UNK,UNC13D,WBP2,TRIM47,TRIM65	-0.004761804677273191	0.007470149036322124
chr17	75266228	76005999	MIF4GD,SLC25A19,GRB2,TMEM94,CASKIN2,TSEN54,LLGL2,MYO15B,RECQL5,SMIM5,SMIM6,SAP30BP,ITGB4,GALK1,H3-3B,UNK,UNC13D,WBP2,TRIM47,TRIM65,MRPL38,ENSG00000267426,FBF1,ACOX1,TEN1-CDK3	-0.008669253865897623	0.008231137272557115
chr17	75515944	76083666	TSEN54,LLGL2,MYO15B,RECQL5,SMIM5,SMIM6,SAP30BP,ITGB4,GALK1,H3-3B,UNK,UNC13D,WBP2,TRIM47,TRIM65,MRPL38,ENSG00000267426,FBF1,ACOX1,TEN1-CDK3,TEN1,CDK3,EVPL,SRP68,ZACN	-0.004669632181894946	0.0104151614294537
chr17	75646243	76271298	SMIM6,SAP30BP,ITGB4,GALK1,H3-3B,UNK,UNC13D,WBP2,TRIM47,TRIM65,MRPL38,ENSG00000267426,FBF1,ACOX1,TEN1-CDK3,TEN1,CDK3,EVPL,SRP68,ZACN,GALR2,EXOC7,FOXJ1,RNF157,UBALD2	0.0045480952715664085	0.007754542966590972
chr17	75784806	76470117	UNK,UNC13D,WBP2,TRIM47,TRIM65,MRPL38,ENSG00000267426,FBF1,ACOX1,TEN1-CDK3,TEN1,CDK3,EVPL,SRP68,ZACN,GALR2,EXOC7,FOXJ1,RNF157,UBALD2,QRICH2,PRPSAP1,SPHK1,UBE2O,AANAT	0.006848583093515824	0.0067387433058240034
chr17	75898644	76586956	MRPL38,ENSG00000267426,FBF1,ACOX1,TEN1-CDK3,TEN1,CDK3,EVPL,SRP68,ZACN,GALR2,EXOC7,FOXJ1,RNF157,UBALD2,QRICH2,PRPSAP1,SPHK1,UBE2O,AANAT,RHBDF2,CYGB,PRCD,ENSG00000284526,ST6GALNAC2	0.01191256533737713	0.012089522862015867
chr17	75979240	76738522	TEN1,CDK3,EVPL,SRP68,ZACN,GALR2,EXOC7,FOXJ1,RNF157,UBALD2,QRICH2,PRPSAP1,SPHK1,UBE2O,AANAT,RHBDF2,CYGB,PRCD,ENSG00000284526,ST6GALNAC2,ST6GALNAC1,MXRA7,JMJD6,METTL23,ENSG00000267168	0.010854767541841018	0.012301204851283516
chr17	76074781	77500596	GALR2,EXOC7,FOXJ1,RNF157,UBALD2,QRICH2,PRPSAP1,SPHK1,UBE2O,AANAT,RHBDF2,CYGB,PRCD,ENSG00000284526,ST6GALNAC2,ST6GALNAC1,MXRA7,JMJD6,METTL23,ENSG00000267168,SRSF2,MFSD11,MGAT5B,SEC14L1,SEPTIN9	0.006337404070523728	0.008196963181462767
chr17	76274049	78173527	QRICH2,PRPSAP1,SPHK1,UBE2O,AANAT,RHBDF2,CYGB,PRCD,ENSG00000284526,ST6GALNAC2,ST6GALNAC1,MXRA7,JMJD6,METTL23,ENSG00000267168,SRSF2,MFSD11,MGAT5B,SEC14L1,SEPTIN9,TNRC6C,TMC6,TMC8,C17orf99,SYNGR2	0.008129401720635162	0.012125505676149768
chr17	76470891	78360077	RHBDF2,CYGB,PRCD,ENSG00000284526,ST6GALNAC2,ST6GALNAC1,MXRA7,JMJD6,METTL23,ENSG00000267168,SRSF2,MFSD11,MGAT5B,SEC14L1,SEPTIN9,TNRC6C,TMC6,TMC8,C17orf99,SYNGR2,TK1,AFMID,BIRC5,TMEM235,SOCS3	0.00723384541751742	0.01045281787703883
chr17	76624761	78925387	ST6GALNAC1,MXRA7,JMJD6,METTL23,ENSG00000267168,SRSF2,MFSD11,MGAT5B,SEC14L1,SEPTIN9,TNRC6C,TMC6,TMC8,C17orf99,SYNGR2,TK1,AFMID,BIRC5,TMEM235,SOCS3,PGS1,DNAH17,CYTH1,USP36,TIMP2	0.011384377977238545	0.013267482477581062
chr17	76734115	79088599	SRSF2,MFSD11,MGAT5B,SEC14L1,SEPTIN9,TNRC6C,TMC6,TMC8,C17orf99,SYNGR2,TK1,AFMID,BIRC5,TMEM235,SOCS3,PGS1,DNAH17,CYTH1,USP36,TIMP2,CEP295NL,LGALS3BP,CANT1,C1QTNF1,ENGASE	0.009382503562565897	0.009856402598160452
chr17	77958703	79839440	TNRC6C,TMC6,TMC8,C17orf99,SYNGR2,TK1,AFMID,BIRC5,TMEM235,SOCS3,PGS1,DNAH17,CYTH1,USP36,TIMP2,CEP295NL,LGALS3BP,CANT1,C1QTNF1,ENGASE,RBFOX3,ENPP7,CBX2,CBX8,CBX4	0.011338855635476935	0.011996270650949692
chr17	78174091	80216073	TK1,AFMID,BIRC5,TMEM235,SOCS3,PGS1,DNAH17,CYTH1,USP36,TIMP2,CEP295NL,LGALS3BP,CANT1,C1QTNF1,ENGASE,RBFOX3,ENPP7,CBX2,CBX8,CBX4,TBC1D16,CCDC40,GAA,EIF4A3,CARD14	0.011253856392601095	0.012903735635886954
chr17	78378649	80477843	PGS1,DNAH17,CYTH1,USP36,TIMP2,CEP295NL,LGALS3BP,CANT1,C1QTNF1,ENGASE,RBFOX3,ENPP7,CBX2,CBX8,CBX4,TBC1D16,CCDC40,GAA,EIF4A3,CARD14,SGSH,SLC26A11,RNF213,ENDOV,NPTX1	0.013127160525235963	0.015245421425620352
chr17	78890579	81183166	CEP295NL,LGALS3BP,CANT1,C1QTNF1,ENGASE,RBFOX3,ENPP7,CBX2,CBX8,CBX4,TBC1D16,CCDC40,GAA,EIF4A3,CARD14,SGSH,SLC26A11,RNF213,ENDOV,NPTX1,RPTOR,CHMP6,BAIAP2,AATK,PVALEF	0.01118832076498293	0.015854966209575834
chr17	79089345	81466331	RBFOX3,ENPP7,CBX2,CBX8,CBX4,TBC1D16,CCDC40,GAA,EIF4A3,CARD14,SGSH,SLC26A11,RNF213,ENDOV,NPTX1,RPTOR,CHMP6,BAIAP2,AATK,PVALEF,CEP131,TEPSIN,NDUFAF8,SLC38A10,BAHCC1	0.008321566833867788	0.015639990872760176
chr17	79932343	81648754	TBC1D16,CCDC40,GAA,EIF4A3,CARD14,SGSH,SLC26A11,RNF213,ENDOV,NPTX1,RPTOR,CHMP6,BAIAP2,AATK,PVALEF,CEP131,TEPSIN,NDUFAF8,SLC38A10,BAHCC1,ACTG1,FSCN2,FAAP100,NPLOC4,TSPAN10	0.006653540169498366	0.015753592091632997
chr17	80206716	81703138	SGSH,SLC26A11,RNF213,ENDOV,NPTX1,RPTOR,CHMP6,BAIAP2,AATK,PVALEF,CEP131,TEPSIN,NDUFAF8,SLC38A10,BAHCC1,ACTG1,FSCN2,FAAP100,NPLOC4,TSPAN10,PDE6G,OXLD1,CCDC137,ARL16,HGS	0.0035301104011614157	0.01152617282641102
chr17	80544819	81833302	RPTOR,CHMP6,BAIAP2,AATK,PVALEF,CEP131,TEPSIN,NDUFAF8,SLC38A10,BAHCC1,ACTG1,FSCN2,FAAP100,NPLOC4,TSPAN10,PDE6G,OXLD1,CCDC137,ARL16,HGS,MRPL12,ENSG00000262660,SLC25A10,GCGR,MCRIP1	0.003421392651120326	0.009365339795413267
chr17	81189593	81900991	CEP131,TEPSIN,NDUFAF8,SLC38A10,BAHCC1,ACTG1,FSCN2,FAAP100,NPLOC4,TSPAN10,PDE6G,OXLD1,CCDC137,ARL16,HGS,MRPL12,ENSG00000262660,SLC25A10,GCGR,MCRIP1,PPP1R27,P4HB,ARHGDIA,ALYREF,ANAPC11	0.006122779838187145	0.011253280541344318
chr17	81509413	81942412	ACTG1,FSCN2,FAAP100,NPLOC4,TSPAN10,PDE6G,OXLD1,CCDC137,ARL16,HGS,MRPL12,ENSG00000262660,SLC25A10,GCGR,MCRIP1,PPP1R27,P4HB,ARHGDIA,ALYREF,ANAPC11,NPB,PCYT2,SIRT7,MAFG,PYCR1	0.0020788144376510166	0.0058365266681339335
chr17	81650459	82031151	PDE6G,OXLD1,CCDC137,ARL16,HGS,MRPL12,ENSG00000262660,SLC25A10,GCGR,MCRIP1,PPP1R27,P4HB,ARHGDIA,ALYREF,ANAPC11,NPB,PCYT2,SIRT7,MAFG,PYCR1,MYADML2,NOTUM,ASPSCR1,CENPX,LRRC45	0.0015028575836390694	0.0073958045940698755
chr17	81703367	82065887	MRPL12,ENSG00000262660,SLC25A10,GCGR,MCRIP1,PPP1R27,P4HB,ARHGDIA,ALYREF,ANAPC11,NPB,PCYT2,SIRT7,MAFG,PYCR1,MYADML2,NOTUM,ASPSCR1,CENPX,LRRC45,RAC3,DCXR,RFNG,GPS1,DUS1L	-0.005320565634610003	0.007938596164958827
chr17	81833492	82317608	PPP1R27,P4HB,ARHGDIA,ALYREF,ANAPC11,NPB,PCYT2,SIRT7,MAFG,PYCR1,MYADML2,NOTUM,ASPSCR1,CENPX,LRRC45,RAC3,DCXR,RFNG,GPS1,DUS1L,FASN,CCDC57,SLC16A3,CSNK1D,CD7	-0.014693209852972849	0.007830377009224385
chr17	81900745	82442645	NPB,PCYT2,SIRT7,MAFG,PYCR1,MYADML2,NOTUM,ASPSCR1,CENPX,LRRC45,RAC3,DCXR,RFNG,GPS1,DUS1L,FASN,CCDC57,SLC16A3,CSNK1D,CD7,SECTM1,TEX19,UTS2R,OGFOD3,HEXD	-0.016019420878083435	0.009125947678064458
chr17	81939645	82698698	MYADML2,NOTUM,ASPSCR1,CENPX,LRRC45,RAC3,DCXR,RFNG,GPS1,DUS1L,FASN,CCDC57,SLC16A3,CSNK1D,CD7,SECTM1,TEX19,UTS2R,OGFOD3,HEXD,CYBC1,NARF,FOXK2,WDR45B,RAB40B	0.0005891244957274254	0.011030054778716639
chr17	82031678	83051809	RAC3,DCXR,RFNG,GPS1,DUS1L,FASN,CCDC57,SLC16A3,CSNK1D,CD7,SECTM1,TEX19,UTS2R,OGFOD3,HEXD,CYBC1,NARF,FOXK2,WDR45B,RAB40B,FN3KRP,FN3K,TBCD,ZNF750,B3GNTL1	0.00987811802523484	0.011676840911539017
chr18	47221	6415237	TUBB8B,USP14,THOC1,COLEC12,CETN1,CLUL1,TYMS,ENOSF1,YES1,ADCYAP1,METTL4,NDC80,SMCHD1,EMILIN2,LPIN2,MYOM1,MYL12A,MYL12B,TGIF1,DLGAP1,AKAIN1,ZBTB14,EPB41L3,TMEM200C,L3MBTL4	0.0056534774364115255	0.010344916492768435
chr18	596988	8639383	CLUL1,TYMS,ENOSF1,YES1,ADCYAP1,METTL4,NDC80,SMCHD1,EMILIN2,LPIN2,MYOM1,MYL12A,MYL12B,TGIF1,DLGAP1,AKAIN1,ZBTB14,EPB41L3,TMEM200C,L3MBTL4,ARHGAP28,LAMA1,LRRC30,PTPRM,RAB12	-0.017558712156956546	0.004035384913891777
chr18	2537525	9538114	METTL4,NDC80,SMCHD1,EMILIN2,LPIN2,MYOM1,MYL12A,MYL12B,TGIF1,DLGAP1,AKAIN1,ZBTB14,EPB41L3,TMEM200C,L3MBTL4,ARHGAP28,LAMA1,LRRC30,PTPRM,RAB12,MTCL1,NDUFV2,ANKRD12,TWSG1,RALBP1	-0.013547641855623177	0.008012765973700296
chr18	3066807	10489949	MYOM1,MYL12A,MYL12B,TGIF1,DLGAP1,AKAIN1,ZBTB14,EPB41L3,TMEM200C,L3MBTL4,ARHGAP28,LAMA1,LRRC30,PTPRM,RAB12,MTCL1,NDUFV2,ANKRD12,TWSG1,RALBP1,PPP4R1,RAB31,TXNDC2,VAPA,APCDD1	-0.0013985624061717899	0.009331360424130545
chr18	5142911	11885685	AKAIN1,ZBTB14,EPB41L3,TMEM200C,L3MBTL4,ARHGAP28,LAMA1,LRRC30,PTPRM,RAB12,MTCL1,NDUFV2,ANKRD12,TWSG1,RALBP1,PPP4R1,RAB31,TXNDC2,VAPA,APCDD1,NAPG,PIEZO2,SLC35G4,GNAL,CHMP1B	0.002293178942265021	0.0065402606631012414
chr18	6729716	12344320	ARHGAP28,LAMA1,LRRC30,PTPRM,RAB12,MTCL1,NDUFV2,ANKRD12,TWSG1,RALBP1,PPP4R1,RAB31,TXNDC2,VAPA,APCDD1,NAPG,PIEZO2,SLC35G4,GNAL,CHMP1B,MPPE1,IMPA2,ANKRD62,CIDEA,TUBB6	0.00505312311429841	0.00635603968694816
chr18	8705556	12728945	MTCL1,NDUFV2,ANKRD12,TWSG1,RALBP1,PPP4R1,RAB31,TXNDC2,VAPA,APCDD1,NAPG,PIEZO2,SLC35G4,GNAL,CHMP1B,MPPE1,IMPA2,ANKRD62,CIDEA,TUBB6,AFG3L2,PRELID3A,SPIRE1,PSMG2,CEP76	0.00622077063988871	0.01076821948914998
chr18	9546791	13726663	PPP4R1,RAB31,TXNDC2,VAPA,APCDD1,NAPG,PIEZO2,SLC35G4,GNAL,CHMP1B,MPPE1,IMPA2,ANKRD62,CIDEA,TUBB6,AFG3L2,PRELID3A,SPIRE1,PSMG2,CEP76,PTPN2,SEH1L,CEP192,LDLRAD4,FAM210A	0.005945861722442833	0.011015236001779182
chr18	10525905	14543600	NAPG,PIEZO2,SLC35G4,GNAL,CHMP1B,MPPE1,IMPA2,ANKRD62,CIDEA,TUBB6,AFG3L2,PRELID3A,SPIRE1,PSMG2,CEP76,PTPN2,SEH1L,CEP192,LDLRAD4,FAM210A,RNMT,MC5R,MC2R,ZNF519,POTEC	0.005940461863736011	0.010636567902872037
chr18	11882622	21633524	MPPE1,IMPA2,ANKRD62,CIDEA,TUBB6,AFG3L2,PRELID3A,SPIRE1,PSMG2,CEP76,PTPN2,SEH1L,CEP192,LDLRAD4,FAM210A,RNMT,MC5R,MC2R,ZNF519,POTEC,ANKRD30B,ROCK1,GREB1L,ESCO1,SNRPD1	0.013856581605975306	0.010824338442346893
chr18	12328944	23026488	AFG3L2,PRELID3A,SPIRE1,PSMG2,CEP76,PTPN2,SEH1L,CEP192,LDLRAD4,FAM210A,RNMT,MC5R,MC2R,ZNF519,POTEC,ANKRD30B,ROCK1,GREB1L,ESCO1,SNRPD1,ABHD3,MIB1,GATA6,CTAGE1,RBBP8	0.023104065412902042	0.00986804727759364
chr18	12785478	23586506	PTPN2,SEH1L,CEP192,LDLRAD4,FAM210A,RNMT,MC5R,MC2R,ZNF519,POTEC,ANKRD30B,ROCK1,GREB1L,ESCO1,SNRPD1,ABHD3,MIB1,GATA6,CTAGE1,RBBP8,CABLES1,TMEM241,RIOK3,RMC1,NPC1	0.025296427469121002	0.008118960850438131
chr18	13726660	24397880	RNMT,MC5R,MC2R,ZNF519,POTEC,ANKRD30B,ROCK1,GREB1L,ESCO1,SNRPD1,ABHD3,MIB1,GATA6,CTAGE1,RBBP8,CABLES1,TMEM241,RIOK3,RMC1,NPC1,ANKRD29,LAMA3,TTC39C,CABYR,OSBPL1A	0.018949614792572744	0.009841927175629529
chr18	14728272	26193355	ANKRD30B,ROCK1,GREB1L,ESCO1,SNRPD1,ABHD3,MIB1,GATA6,CTAGE1,RBBP8,CABLES1,TMEM241,RIOK3,RMC1,NPC1,ANKRD29,LAMA3,TTC39C,CABYR,OSBPL1A,IMPACT,HRH4,ZNF521,SS18,PSMA8	0.015798269584536482	0.013201021056399472
chr18	21650901	28177946	ABHD3,MIB1,GATA6,CTAGE1,RBBP8,CABLES1,TMEM241,RIOK3,RMC1,NPC1,ANKRD29,LAMA3,TTC39C,CABYR,OSBPL1A,IMPACT,HRH4,ZNF521,SS18,PSMA8,TAF4B,KCTD1,AQP4,CHST9,CDH2	0.01494774085824567	0.00972925274789792
chr18	23134564	31414912	CABLES1,TMEM241,RIOK3,RMC1,NPC1,ANKRD29,LAMA3,TTC39C,CABYR,OSBPL1A,IMPACT,HRH4,ZNF521,SS18,PSMA8,TAF4B,KCTD1,AQP4,CHST9,CDH2,DSC3,DSC2,DSC1,DSG1,DSG4	0.019284448338664065	0.008815477219730573
chr18	23598926	31760880	ANKRD29,LAMA3,TTC39C,CABYR,OSBPL1A,IMPACT,HRH4,ZNF521,SS18,PSMA8,TAF4B,KCTD1,AQP4,CHST9,CDH2,DSC3,DSC2,DSC1,DSG1,DSG4,DSG3,DSG2,TTR,B4GALT6,SLC25A52	0.018478631927609734	0.009891137226304187
chr18	24426634	32470882	IMPACT,HRH4,ZNF521,SS18,PSMA8,TAF4B,KCTD1,AQP4,CHST9,CDH2,DSC3,DSC2,DSC1,DSG1,DSG4,DSG3,DSG2,TTR,B4GALT6,SLC25A52,TRAPPC8,RNF125,RNF138,GAREM1,MEP1B	0.009188021616810815	0.00699706418581959
chr18	26226445	34891844	TAF4B,KCTD1,AQP4,CHST9,CDH2,DSC3,DSC2,DSC1,DSG1,DSG4,DSG3,DSG2,TTR,B4GALT6,SLC25A52,TRAPPC8,RNF125,RNF138,GAREM1,MEP1B,KLHL14,CCDC178,ASXL3,NOL4,DTNA	0.004362554483940651	0.00817989615676371
chr18	30989365	35377337	DSC3,DSC2,DSC1,DSG1,DSG4,DSG3,DSG2,TTR,B4GALT6,SLC25A52,TRAPPC8,RNF125,RNF138,GAREM1,MEP1B,KLHL14,CCDC178,ASXL3,NOL4,DTNA,MAPRE2,ZNF397,ZSCAN30,ZNF24,ZNF396	0.009635670107143347	0.01584341616508651
chr18	31447741	36067576	DSG3,DSG2,TTR,B4GALT6,SLC25A52,TRAPPC8,RNF125,RNF138,GAREM1,MEP1B,KLHL14,CCDC178,ASXL3,NOL4,DTNA,MAPRE2,ZNF397,ZSCAN30,ZNF24,ZNF396,ENSG00000267140,INO80C,GALNT1,C18orf21,RPRD1A	0.01229016397074211	0.016133261387623332
chr18	31829197	36829216	TRAPPC8,RNF125,RNF138,GAREM1,MEP1B,KLHL14,CCDC178,ASXL3,NOL4,DTNA,MAPRE2,ZNF397,ZSCAN30,ZNF24,ZNF396,ENSG00000267140,INO80C,GALNT1,C18orf21,RPRD1A,SLC39A6,ELP2,MOCOS,FHOD3,TPGS2	0.013984566053398614	0.012451771196319458
chr18	32672673	43277535	KLHL14,CCDC178,ASXL3,NOL4,DTNA,MAPRE2,ZNF397,ZSCAN30,ZNF24,ZNF396,ENSG00000267140,INO80C,GALNT1,C18orf21,RPRD1A,SLC39A6,ELP2,MOCOS,FHOD3,TPGS2,KIAA1328,CELF4,PIK3C3,RIT2,SYT4	0.01603319205796894	0.009885725616296649
chr18	34976928	45967329	MAPRE2,ZNF397,ZSCAN30,ZNF24,ZNF396,ENSG00000267140,INO80C,GALNT1,C18orf21,RPRD1A,SLC39A6,ELP2,MOCOS,FHOD3,TPGS2,KIAA1328,CELF4,PIK3C3,RIT2,SYT4,SETBP1,SLC14A2,SLC14A1,EPG5,SIGLEC15	0.019275428399600534	0.009924088932276223
chr18	35443871	46463140	ENSG00000267140,INO80C,GALNT1,C18orf21,RPRD1A,SLC39A6,ELP2,MOCOS,FHOD3,TPGS2,KIAA1328,CELF4,PIK3C3,RIT2,SYT4,SETBP1,SLC14A2,SLC14A1,EPG5,SIGLEC15,PSTPIP2,ATP5F1A,HAUS1,C18orf25,RNF165	0.02383811065419549	0.010371865064379777
chr18	36108531	47103478	SLC39A6,ELP2,MOCOS,FHOD3,TPGS2,KIAA1328,CELF4,PIK3C3,RIT2,SYT4,SETBP1,SLC14A2,SLC14A1,EPG5,SIGLEC15,PSTPIP2,ATP5F1A,HAUS1,C18orf25,RNF165,LOXHD1,ST8SIA5,PIAS2,KATNAL2,ELOA2	0.02460338457413793	0.011561441983154074
chr18	36829106	47931146	KIAA1328,CELF4,PIK3C3,RIT2,SYT4,SETBP1,SLC14A2,SLC14A1,EPG5,SIGLEC15,PSTPIP2,ATP5F1A,HAUS1,C18orf25,RNF165,LOXHD1,ST8SIA5,PIAS2,KATNAL2,ELOA2,HDHD2,ENSG00000267228,IER3IP1,SKOR2,SMAD2	0.024593755909193403	0.011672829947700046
chr18	44680173	49487252	SETBP1,SLC14A2,SLC14A1,EPG5,SIGLEC15,PSTPIP2,ATP5F1A,HAUS1,C18orf25,RNF165,LOXHD1,ST8SIA5,PIAS2,KATNAL2,ELOA2,HDHD2,ENSG00000267228,IER3IP1,SKOR2,SMAD2,ZBTB7C,CTIF,SMAD7,DYM,C18orf32	0.02069095363615815	0.013672385401296318
chr18	45983536	49837623	PSTPIP2,ATP5F1A,HAUS1,C18orf25,RNF165,LOXHD1,ST8SIA5,PIAS2,KATNAL2,ELOA2,HDHD2,ENSG00000267228,IER3IP1,SKOR2,SMAD2,ZBTB7C,CTIF,SMAD7,DYM,C18orf32,RPL17-C18orf32,RPL17,LIPG,ACAA2,ENSG00000266997	0.018528978180448345	0.014011974614231936
chr18	46476972	50394168	LOXHD1,ST8SIA5,PIAS2,KATNAL2,ELOA2,HDHD2,ENSG00000267228,IER3IP1,SKOR2,SMAD2,ZBTB7C,CTIF,SMAD7,DYM,C18orf32,RPL17-C18orf32,RPL17,LIPG,ACAA2,ENSG00000266997,MYO5B,CFAP53,MBD1,CXXC1,SKA1	0.01669626925281333	0.012766754546928223
chr18	47107408	51058144	HDHD2,ENSG00000267228,IER3IP1,SKOR2,SMAD2,ZBTB7C,CTIF,SMAD7,DYM,C18orf32,RPL17-C18orf32,RPL17,LIPG,ACAA2,ENSG00000266997,MYO5B,CFAP53,MBD1,CXXC1,SKA1,MAPK4,MRO,ME2,ELAC1,ENSG00000267699	0.018732649215318628	0.014536266381039907
chr18	48026672	54321266	ZBTB7C,CTIF,SMAD7,DYM,C18orf32,RPL17-C18orf32,RPL17,LIPG,ACAA2,ENSG00000266997,MYO5B,CFAP53,MBD1,CXXC1,SKA1,MAPK4,MRO,ME2,ELAC1,ENSG00000267699,SMAD4,MEX3C,DCC,MBD2,POLI	0.015195670660865059	0.013345774528465458
chr18	49481681	54959461	RPL17-C18orf32,RPL17,LIPG,ACAA2,ENSG00000266997,MYO5B,CFAP53,MBD1,CXXC1,SKA1,MAPK4,MRO,ME2,ELAC1,ENSG00000267699,SMAD4,MEX3C,DCC,MBD2,POLI,STARD6,C18orf54,DYNAP,RAB27B,CCDC68	0.016910250753457	0.01620820331729776
chr18	49822789	57371731	MYO5B,CFAP53,MBD1,CXXC1,SKA1,MAPK4,MRO,ME2,ELAC1,ENSG00000267699,SMAD4,MEX3C,DCC,MBD2,POLI,STARD6,C18orf54,DYNAP,RAB27B,CCDC68,TCF4,TXNL1,WDR7,BOD1L2,ST8SIA3	0.018993249765339882	0.015485825343697232
chr18	50560087	58401540	MAPK4,MRO,ME2,ELAC1,ENSG00000267699,SMAD4,MEX3C,DCC,MBD2,POLI,STARD6,C18orf54,DYNAP,RAB27B,CCDC68,TCF4,TXNL1,WDR7,BOD1L2,ST8SIA3,ONECUT2,FECH,NARS1,ATP8B1,NEDD4L	0.015521218726705652	0.008105299834780534
chr18	51028528	59230774	SMAD4,MEX3C,DCC,MBD2,POLI,STARD6,C18orf54,DYNAP,RAB27B,CCDC68,TCF4,TXNL1,WDR7,BOD1L2,ST8SIA3,ONECUT2,FECH,NARS1,ATP8B1,NEDD4L,ALPK2,MALT1,ZNF532,SEC11C,GRP	0.014948663204573954	0.0045525838923019465
chr18	54324358	59904305	STARD6,C18orf54,DYNAP,RAB27B,CCDC68,TCF4,TXNL1,WDR7,BOD1L2,ST8SIA3,ONECUT2,FECH,NARS1,ATP8B1,NEDD4L,ALPK2,MALT1,ZNF532,SEC11C,GRP,RAX,CPLX4,LMAN1,CCBE1,PMAIP1	0.013702568800582347	0.006888941656008283
chr18	55222185	62310249	TCF4,TXNL1,WDR7,BOD1L2,ST8SIA3,ONECUT2,FECH,NARS1,ATP8B1,NEDD4L,ALPK2,MALT1,ZNF532,SEC11C,GRP,RAX,CPLX4,LMAN1,CCBE1,PMAIP1,MC4R,CDH20,RNF152,PIGN,RELCH	0.005401814435587008	0.007080038480840666
chr18	57435374	63367228	ONECUT2,FECH,NARS1,ATP8B1,NEDD4L,ALPK2,MALT1,ZNF532,SEC11C,GRP,RAX,CPLX4,LMAN1,CCBE1,PMAIP1,MC4R,CDH20,RNF152,PIGN,RELCH,TNFRSF11A,ZCCHC2,PHLPP1,BCL2,KDSR	0.00904768684762306	0.010639576333135765
chr18	58481247	63644256	ALPK2,MALT1,ZNF532,SEC11C,GRP,RAX,CPLX4,LMAN1,CCBE1,PMAIP1,MC4R,CDH20,RNF152,PIGN,RELCH,TNFRSF11A,ZCCHC2,PHLPP1,BCL2,KDSR,VPS4B,SERPINB5,SERPINB12,SERPINB13,SERPINB4	0.010135932007059187	0.009722427853620595
chr18	59267035	63936111	RAX,CPLX4,LMAN1,CCBE1,PMAIP1,MC4R,CDH20,RNF152,PIGN,RELCH,TNFRSF11A,ZCCHC2,PHLPP1,BCL2,KDSR,VPS4B,SERPINB5,SERPINB12,SERPINB13,SERPINB4,SERPINB11,SERPINB3,SERPINB7,SERPINB2,SERPINB10	0.016711569826202276	0.01434083590259199
chr18	60371062	67516720	MC4R,CDH20,RNF152,PIGN,RELCH,TNFRSF11A,ZCCHC2,PHLPP1,BCL2,KDSR,VPS4B,SERPINB5,SERPINB12,SERPINB13,SERPINB4,SERPINB11,SERPINB3,SERPINB7,SERPINB2,SERPINB10,HMSD,SERPINB8,CDH7,CDH19,DSEL	0.008570244895116812	0.007654576742428075
chr18	62325287	70205726	TNFRSF11A,ZCCHC2,PHLPP1,BCL2,KDSR,VPS4B,SERPINB5,SERPINB12,SERPINB13,SERPINB4,SERPINB11,SERPINB3,SERPINB7,SERPINB2,SERPINB10,HMSD,SERPINB8,CDH7,CDH19,DSEL,TMX3,CCDC102B,DOK6,CD226,RTTN	0.0033739202215275635	0.0041295429720368225
chr18	63389190	74160531	VPS4B,SERPINB5,SERPINB12,SERPINB13,SERPINB4,SERPINB11,SERPINB3,SERPINB7,SERPINB2,SERPINB10,HMSD,SERPINB8,CDH7,CDH19,DSEL,TMX3,CCDC102B,DOK6,CD226,RTTN,SOCS6,CBLN2,NETO1,FBXO15,TIMM21	0.009287802410044801	0.013137690926530523
chr18	63647579	74587212	SERPINB11,SERPINB3,SERPINB7,SERPINB2,SERPINB10,HMSD,SERPINB8,CDH7,CDH19,DSEL,TMX3,CCDC102B,DOK6,CD226,RTTN,SOCS6,CBLN2,NETO1,FBXO15,TIMM21,CYB5A,C18orf63,DIPK1C,CNDP2,CNDP1	0.011871321644541362	0.012754278887213692
chr18	63949301	76972901	HMSD,SERPINB8,CDH7,CDH19,DSEL,TMX3,CCDC102B,DOK6,CD226,RTTN,SOCS6,CBLN2,NETO1,FBXO15,TIMM21,CYB5A,C18orf63,DIPK1C,CNDP2,CNDP1,ZNF407,TSHZ1,SMIM21,ZNF516,ZNF236	0.009626241896866183	0.00859203827432663
chr18	68673688	79529325	TMX3,CCDC102B,DOK6,CD226,RTTN,SOCS6,CBLN2,NETO1,FBXO15,TIMM21,CYB5A,C18orf63,DIPK1C,CNDP2,CNDP1,ZNF407,TSHZ1,SMIM21,ZNF516,ZNF236,MBP,GALR1,SALL3,ATP9B,NFATC1	0.011294195133275403	0.00955780825147152
chr18	70289045	80033949	SOCS6,CBLN2,NETO1,FBXO15,TIMM21,CYB5A,C18orf63,DIPK1C,CNDP2,CNDP1,ZNF407,TSHZ1,SMIM21,ZNF516,ZNF236,MBP,GALR1,SALL3,ATP9B,NFATC1,CTDP1,KCNG2,SLC66A2,HSBP1L1,TXNL4A	0.010471018501934468	0.008414078240688568
chr19	107104	856247	OR4F17,PLPP2,MIER2,THEG,C2CD4C,SHC2,ODF3L2,MADCAM1,TPGS1,CDC34,GZMM,BSG,HCN2,POLRMT,FGF22,RNF126,FSTL3,PRSS57,PALM,MISP,PTBP1,PLPPR3,AZU1,PRTN3,ELANE	0.0018633552850009197	0.00865183967575538
chr19	416589	975939	SHC2,ODF3L2,MADCAM1,TPGS1,CDC34,GZMM,BSG,HCN2,POLRMT,FGF22,RNF126,FSTL3,PRSS57,PALM,MISP,PTBP1,PLPPR3,AZU1,PRTN3,ELANE,CFD,MED16,R3HDM4,KISS1R,ARID3A	0.0063397599925276655	0.011050035072661456
chr19	544034	1065572	GZMM,BSG,HCN2,POLRMT,FGF22,RNF126,FSTL3,PRSS57,PALM,MISP,PTBP1,PLPPR3,AZU1,PRTN3,ELANE,CFD,MED16,R3HDM4,KISS1R,ARID3A,WDR18,GRIN3B,TMEM259,CNN2,ABCA7	0.009678221226714455	0.012724144998242544
chr19	647526	1228431	RNF126,FSTL3,PRSS57,PALM,MISP,PTBP1,PLPPR3,AZU1,PRTN3,ELANE,CFD,MED16,R3HDM4,KISS1R,ARID3A,WDR18,GRIN3B,TMEM259,CNN2,ABCA7,ARHGAP45,POLR2E,GPX4,SBNO2,STK11	0.011316174447597154	0.013372756952310988
chr19	797075	1279244	PTBP1,PLPPR3,AZU1,PRTN3,ELANE,CFD,MED16,R3HDM4,KISS1R,ARID3A,WDR18,GRIN3B,TMEM259,CNN2,ABCA7,ARHGAP45,POLR2E,GPX4,SBNO2,STK11,CBARP,ATP5F1D,MIDN,CIRBP,FAM174C	0.005299666289329826	0.008989796149888447
chr19	859453	1435687	CFD,MED16,R3HDM4,KISS1R,ARID3A,WDR18,GRIN3B,TMEM259,CNN2,ABCA7,ARHGAP45,POLR2E,GPX4,SBNO2,STK11,CBARP,ATP5F1D,MIDN,CIRBP,FAM174C,EFNA2,PWWP3A,NDUFS7,GAMT,DAZAP1	-0.0054422914745313805	0.003968955209255904
chr19	984332	1497927	WDR18,GRIN3B,TMEM259,CNN2,ABCA7,ARHGAP45,POLR2E,GPX4,SBNO2,STK11,CBARP,ATP5F1D,MIDN,CIRBP,FAM174C,EFNA2,PWWP3A,NDUFS7,GAMT,DAZAP1,RPS15,APC2,C19orf25,PCSK4,REEP6	-0.008551414343362488	0.004442777703974957
chr19	1065923	1605445	ARHGAP45,POLR2E,GPX4,SBNO2,STK11,CBARP,ATP5F1D,MIDN,CIRBP,FAM174C,EFNA2,PWWP3A,NDUFS7,GAMT,DAZAP1,RPS15,APC2,C19orf25,PCSK4,REEP6,ADAMTSL5,PLK5,MEX3D,MBD3,ENSG00000267059	-0.0062642338654984465	0.004915951418919444
chr19	1228287	1848483	CBARP,ATP5F1D,MIDN,CIRBP,FAM174C,EFNA2,PWWP3A,NDUFS7,GAMT,DAZAP1,RPS15,APC2,C19orf25,PCSK4,REEP6,ADAMTSL5,PLK5,MEX3D,MBD3,ENSG00000267059,UQCR11,TCF3,ONECUT3,ATP8B3,REXO1	-0.0008656279720140129	0.0054089559846426044
chr19	1285873	1981338	EFNA2,PWWP3A,NDUFS7,GAMT,DAZAP1,RPS15,APC2,C19orf25,PCSK4,REEP6,ADAMTSL5,PLK5,MEX3D,MBD3,ENSG00000267059,UQCR11,TCF3,ONECUT3,ATP8B3,REXO1,KLF16,ABHD17A,SCAMP4,ADAT3,CSNK1G2	0.0017997269708292457	0.006909387621125998
chr19	1438358	2164468	RPS15,APC2,C19orf25,PCSK4,REEP6,ADAMTSL5,PLK5,MEX3D,MBD3,ENSG00000267059,UQCR11,TCF3,ONECUT3,ATP8B3,REXO1,KLF16,ABHD17A,SCAMP4,ADAT3,CSNK1G2,BTBD2,MKNK2,MOB3A,IZUMO4,AP3D1	0.003187987532198694	0.006738799087294769
chr19	1505022	2269759	ADAMTSL5,PLK5,MEX3D,MBD3,ENSG00000267059,UQCR11,TCF3,ONECUT3,ATP8B3,REXO1,KLF16,ABHD17A,SCAMP4,ADAT3,CSNK1G2,BTBD2,MKNK2,MOB3A,IZUMO4,AP3D1,DOT1L,PLEKHJ1,SF3A2,AMH,JSRP1	0.010845903109234497	0.011921158821670587
chr19	1597169	2341172	UQCR11,TCF3,ONECUT3,ATP8B3,REXO1,KLF16,ABHD17A,SCAMP4,ADAT3,CSNK1G2,BTBD2,MKNK2,MOB3A,IZUMO4,AP3D1,DOT1L,PLEKHJ1,SF3A2,AMH,JSRP1,OAZ1,ENSG00000273734,PEAK3,LINGO3,LSM7	0.01301369568940778	0.011901451478292396
chr19	1852399	2478259	KLF16,ABHD17A,SCAMP4,ADAT3,CSNK1G2,BTBD2,MKNK2,MOB3A,IZUMO4,AP3D1,DOT1L,PLEKHJ1,SF3A2,AMH,JSRP1,OAZ1,ENSG00000273734,PEAK3,LINGO3,LSM7,SPPL2B,TMPRSS9,TIMM13,LMNB2,GADD45B	0.008106059328684563	0.006335231724396511
chr19	1985438	2783362	BTBD2,MKNK2,MOB3A,IZUMO4,AP3D1,DOT1L,PLEKHJ1,SF3A2,AMH,JSRP1,OAZ1,ENSG00000273734,PEAK3,LINGO3,LSM7,SPPL2B,TMPRSS9,TIMM13,LMNB2,GADD45B,GNG7,DIRAS1,ENSG00000267001,SLC39A3,SGTA	0.004803059471331649	0.0022366884437021164
chr19	2163933	2918473	DOT1L,PLEKHJ1,SF3A2,AMH,JSRP1,OAZ1,ENSG00000273734,PEAK3,LINGO3,LSM7,SPPL2B,TMPRSS9,TIMM13,LMNB2,GADD45B,GNG7,DIRAS1,ENSG00000267001,SLC39A3,SGTA,THOP1,ZNF554,ZNF555,ZNF556,ZNF57	0.006386715622459735	0.005870666214196795
chr19	2269509	3123999	OAZ1,ENSG00000273734,PEAK3,LINGO3,LSM7,SPPL2B,TMPRSS9,TIMM13,LMNB2,GADD45B,GNG7,DIRAS1,ENSG00000267001,SLC39A3,SGTA,THOP1,ZNF554,ZNF555,ZNF556,ZNF57,ZNF77,TLE6,TLE2,TLE5,GNA11	0.008661234139444298	0.011922609849937047
chr19	2328615	3469217	SPPL2B,TMPRSS9,TIMM13,LMNB2,GADD45B,GNG7,DIRAS1,ENSG00000267001,SLC39A3,SGTA,THOP1,ZNF554,ZNF555,ZNF556,ZNF57,ZNF77,TLE6,TLE2,TLE5,GNA11,GNA15,S1PR4,NCLN,CELF5,NFIC	0.003493112442333202	0.010058515814121092
chr19	2511219	3579088	GNG7,DIRAS1,ENSG00000267001,SLC39A3,SGTA,THOP1,ZNF554,ZNF555,ZNF556,ZNF57,ZNF77,TLE6,TLE2,TLE5,GNA11,GNA15,S1PR4,NCLN,CELF5,NFIC,SMIM24,DOHH,FZR1,MFSD12,HMG20B	-0.00786575127470513	0.005627835304590908
chr19	2785503	3750813	THOP1,ZNF554,ZNF555,ZNF556,ZNF57,ZNF77,TLE6,TLE2,TLE5,GNA11,GNA15,S1PR4,NCLN,CELF5,NFIC,SMIM24,DOHH,FZR1,MFSD12,HMG20B,GIPC3,TBXA2R,CACTIN,PIP5K1C,TJP3	-0.002999683892523903	0.008197162428104393
chr19	2933218	3869038	ZNF77,TLE6,TLE2,TLE5,GNA11,GNA15,S1PR4,NCLN,CELF5,NFIC,SMIM24,DOHH,FZR1,MFSD12,HMG20B,GIPC3,TBXA2R,CACTIN,PIP5K1C,TJP3,APBA3,MRPL54,RAX2,MATK,ZFR2	0.007581987065702356	0.013109812601967898
chr19	3136033	4039386	GNA15,S1PR4,NCLN,CELF5,NFIC,SMIM24,DOHH,FZR1,MFSD12,HMG20B,GIPC3,TBXA2R,CACTIN,PIP5K1C,TJP3,APBA3,MRPL54,RAX2,MATK,ZFR2,ATCAY,NMRK2,DAPK3,EEF2,PIAS4	0.009300125673182419	0.011852575298440714
chr19	3473986	4224814	SMIM24,DOHH,FZR1,MFSD12,HMG20B,GIPC3,TBXA2R,CACTIN,PIP5K1C,TJP3,APBA3,MRPL54,RAX2,MATK,ZFR2,ATCAY,NMRK2,DAPK3,EEF2,PIAS4,ZBTB7A,MAP2K2,CREB3L3,SIRT6,ANKRD24	0.0057517556938703	0.008664601566893198
chr19	3585478	4323843	GIPC3,TBXA2R,CACTIN,PIP5K1C,TJP3,APBA3,MRPL54,RAX2,MATK,ZFR2,ATCAY,NMRK2,DAPK3,EEF2,PIAS4,ZBTB7A,MAP2K2,CREB3L3,SIRT6,ANKRD24,EBI3,YJU2,SHD,TMIGD2,FSD1	0.00037827956665286604	0.0038650277616282436
chr19	3750772	4457794	APBA3,MRPL54,RAX2,MATK,ZFR2,ATCAY,NMRK2,DAPK3,EEF2,PIAS4,ZBTB7A,MAP2K2,CREB3L3,SIRT6,ANKRD24,EBI3,YJU2,SHD,TMIGD2,FSD1,STAP2,MPND,SH3GL1,CHAF1A,UBXN6	0.0006133368301828785	0.004933686111984064
chr19	3879864	4540067	ATCAY,NMRK2,DAPK3,EEF2,PIAS4,ZBTB7A,MAP2K2,CREB3L3,SIRT6,ANKRD24,EBI3,YJU2,SHD,TMIGD2,FSD1,STAP2,MPND,SH3GL1,CHAF1A,UBXN6,HDGFL2,PLIN4,PLIN5,ENSG00000267385,LRG1	0.0070478298048281774	0.01051480872376574
chr19	4043303	4801273	ZBTB7A,MAP2K2,CREB3L3,SIRT6,ANKRD24,EBI3,YJU2,SHD,TMIGD2,FSD1,STAP2,MPND,SH3GL1,CHAF1A,UBXN6,HDGFL2,PLIN4,PLIN5,ENSG00000267385,LRG1,SEMA6B,TNFAIP8L1,MYDGF,DPP9,FEM1A	0.011047228382693652	0.015507358840792733
chr19	4229523	5153598	EBI3,YJU2,SHD,TMIGD2,FSD1,STAP2,MPND,SH3GL1,CHAF1A,UBXN6,HDGFL2,PLIN4,PLIN5,ENSG00000267385,LRG1,SEMA6B,TNFAIP8L1,MYDGF,DPP9,FEM1A,TICAM1,PLIN3,ARRDC5,UHRF1,KDM4B	0.010191916083134632	0.012930267422019116
chr19	4324043	5668478	STAP2,MPND,SH3GL1,CHAF1A,UBXN6,HDGFL2,PLIN4,PLIN5,ENSG00000267385,LRG1,SEMA6B,TNFAIP8L1,MYDGF,DPP9,FEM1A,TICAM1,PLIN3,ARRDC5,UHRF1,KDM4B,PTPRS,ZNRF4,TINCR,SAFB2,SAFB	0.010681731123377277	0.014555487333949195
chr19	4472297	5778734	HDGFL2,PLIN4,PLIN5,ENSG00000267385,LRG1,SEMA6B,TNFAIP8L1,MYDGF,DPP9,FEM1A,TICAM1,PLIN3,ARRDC5,UHRF1,KDM4B,PTPRS,ZNRF4,TINCR,SAFB2,SAFB,RPL36,MICOS13,HSD11B1L,LONP1,CATSPERD	0.005661145712419913	0.010867314258620885
chr19	4542593	5839722	SEMA6B,TNFAIP8L1,MYDGF,DPP9,FEM1A,TICAM1,PLIN3,ARRDC5,UHRF1,KDM4B,PTPRS,ZNRF4,TINCR,SAFB2,SAFB,RPL36,MICOS13,HSD11B1L,LONP1,CATSPERD,PRR22,ENSG00000267157,DUS3L,NRTN,FUT6	0.0031880407697824982	0.00817726847010811
chr19	4815932	5914707	TICAM1,PLIN3,ARRDC5,UHRF1,KDM4B,PTPRS,ZNRF4,TINCR,SAFB2,SAFB,RPL36,MICOS13,HSD11B1L,LONP1,CATSPERD,PRR22,ENSG00000267157,DUS3L,NRTN,FUT6,FUT3,FUT5,ENSG00000267740,NDUFA11,ENSG00000267314	0.0021144247273983253	0.007897301026648824
chr19	5158495	6199572	PTPRS,ZNRF4,TINCR,SAFB2,SAFB,RPL36,MICOS13,HSD11B1L,LONP1,CATSPERD,PRR22,ENSG00000267157,DUS3L,NRTN,FUT6,FUT3,FUT5,ENSG00000267740,NDUFA11,ENSG00000267314,VMAC,CAPS,RANBP3,RFX2,ACSBG2	0.0015387670633385568	0.004855496762928796
chr19	5674947	6379058	RPL36,MICOS13,HSD11B1L,LONP1,CATSPERD,PRR22,ENSG00000267157,DUS3L,NRTN,FUT6,FUT3,FUT5,ENSG00000267740,NDUFA11,ENSG00000267314,VMAC,CAPS,RANBP3,RFX2,ACSBG2,MLLT1,ACER1,CLPP,ALKBH7,PSPN	0.004462033850151931	0.0064602250820660016
chr19	5782960	6467221	PRR22,ENSG00000267157,DUS3L,NRTN,FUT6,FUT3,FUT5,ENSG00000267740,NDUFA11,ENSG00000267314,VMAC,CAPS,RANBP3,RFX2,ACSBG2,MLLT1,ACER1,CLPP,ALKBH7,PSPN,GTF2F1,KHSRP,SLC25A41,SLC25A23,CRB3	0.007212530019809724	0.008463597962983288
chr19	5842888	6670588	FUT3,FUT5,ENSG00000267740,NDUFA11,ENSG00000267314,VMAC,CAPS,RANBP3,RFX2,ACSBG2,MLLT1,ACER1,CLPP,ALKBH7,PSPN,GTF2F1,KHSRP,SLC25A41,SLC25A23,CRB3,DENND1C,TUBB4A,TNFSF9,CD70,TNFSF14	0.005621521062635712	0.009747666117159158
chr19	5904872	6857366	VMAC,CAPS,RANBP3,RFX2,ACSBG2,MLLT1,ACER1,CLPP,ALKBH7,PSPN,GTF2F1,KHSRP,SLC25A41,SLC25A23,CRB3,DENND1C,TUBB4A,TNFSF9,CD70,TNFSF14,C3,GPR108,TRIP10,SH2D3A,VAV1	0.005950189041303837	0.012121608272887231
chr19	6210381	7051735	MLLT1,ACER1,CLPP,ALKBH7,PSPN,GTF2F1,KHSRP,SLC25A41,SLC25A23,CRB3,DENND1C,TUBB4A,TNFSF9,CD70,TNFSF14,C3,GPR108,TRIP10,SH2D3A,VAV1,ADGRE1,MBD3L2B,MBD3L5,MBD3L4,MBD3L2	0.005025808455004999	0.009144419862616758
chr19	6379572	7497449	GTF2F1,KHSRP,SLC25A41,SLC25A23,CRB3,DENND1C,TUBB4A,TNFSF9,CD70,TNFSF14,C3,GPR108,TRIP10,SH2D3A,VAV1,ADGRE1,MBD3L2B,MBD3L5,MBD3L4,MBD3L2,MBD3L3,ZNF557,INSR,ARHGEF18,PEX11G	0.0020461292587766185	0.003069061954341639
chr19	6467207	7540059	DENND1C,TUBB4A,TNFSF9,CD70,TNFSF14,C3,GPR108,TRIP10,SH2D3A,VAV1,ADGRE1,MBD3L2B,MBD3L5,MBD3L4,MBD3L2,MBD3L3,ZNF557,INSR,ARHGEF18,PEX11G,TEX45,ENSG00000267952,ZNF358,MCOLN1,ENSG00000268614	0.002960675048494582	0.003485734894650989
chr19	6677704	7647477	C3,GPR108,TRIP10,SH2D3A,VAV1,ADGRE1,MBD3L2B,MBD3L5,MBD3L4,MBD3L2,MBD3L3,ZNF557,INSR,ARHGEF18,PEX11G,TEX45,ENSG00000267952,ZNF358,MCOLN1,ENSG00000268614,PNPLA6,CAMSAP3,XAB2,PET100,ENSG00000268400	0.007795935517536908	0.010728964167759024
chr19	6887566	7682854	ADGRE1,MBD3L2B,MBD3L5,MBD3L4,MBD3L2,MBD3L3,ZNF557,INSR,ARHGEF18,PEX11G,TEX45,ENSG00000267952,ZNF358,MCOLN1,ENSG00000268614,PNPLA6,CAMSAP3,XAB2,PET100,ENSG00000268400,PCP2,STXBP2,RETN,MCEMP1,ENSG00000269711	0.00922692509551486	0.012811146247782075
chr19	7056207	7747564	MBD3L3,ZNF557,INSR,ARHGEF18,PEX11G,TEX45,ENSG00000267952,ZNF358,MCOLN1,ENSG00000268614,PNPLA6,CAMSAP3,XAB2,PET100,ENSG00000268400,PCP2,STXBP2,RETN,MCEMP1,ENSG00000269711,TRAPPC5,FCER2,CLEC4G,ENSG00000288669,CD209	0.01084470379616485	0.014504854354221743
chr19	7492976	7914478	TEX45,ENSG00000267952,ZNF358,MCOLN1,ENSG00000268614,PNPLA6,CAMSAP3,XAB2,PET100,ENSG00000268400,PCP2,STXBP2,RETN,MCEMP1,ENSG00000269711,TRAPPC5,FCER2,CLEC4G,ENSG00000288669,CD209,CLEC4M,EVI5L,PRR36,LRRC8E,MAP2K7	0.004308181235017239	0.00646904143092842
chr19	7534004	8005659	PNPLA6,CAMSAP3,XAB2,PET100,ENSG00000268400,PCP2,STXBP2,RETN,MCEMP1,ENSG00000269711,TRAPPC5,FCER2,CLEC4G,ENSG00000288669,CD209,CLEC4M,EVI5L,PRR36,LRRC8E,MAP2K7,TGFBR3L,SNAPC2,CTXN1,TIMM44,ELAVL1	0.002942587325020882	0.0039272861050689105
chr19	7631611	8321379	PCP2,STXBP2,RETN,MCEMP1,ENSG00000269711,TRAPPC5,FCER2,CLEC4G,ENSG00000288669,CD209,CLEC4M,EVI5L,PRR36,LRRC8E,MAP2K7,TGFBR3L,SNAPC2,CTXN1,TIMM44,ELAVL1,CCL25,FBN3,CERS4,CD320,ENSG00000167774	0.008088750771427296	0.013156052765633254
chr19	7680833	8404434	TRAPPC5,FCER2,CLEC4G,ENSG00000288669,CD209,CLEC4M,EVI5L,PRR36,LRRC8E,MAP2K7,TGFBR3L,SNAPC2,CTXN1,TIMM44,ELAVL1,CCL25,FBN3,CERS4,CD320,ENSG00000167774,NDUFA7,RPS28,KANK3,ANGPTL4,RAB11B	-0.0027641050897776295	0.006813472889735268
chr19	7763210	8577577	CLEC4M,EVI5L,PRR36,LRRC8E,MAP2K7,TGFBR3L,SNAPC2,CTXN1,TIMM44,ELAVL1,CCL25,FBN3,CERS4,CD320,ENSG00000167774,NDUFA7,RPS28,KANK3,ANGPTL4,RAB11B,MARCHF2,HNRNPM,PRAM1,ZNF414,MYO1F	-0.0024166296773516826	0.007768237884514157
chr19	7914830	8832314	TGFBR3L,SNAPC2,CTXN1,TIMM44,ELAVL1,CCL25,FBN3,CERS4,CD320,ENSG00000167774,NDUFA7,RPS28,KANK3,ANGPTL4,RAB11B,MARCHF2,HNRNPM,PRAM1,ZNF414,MYO1F,ADAMTS10,NFILZ,ACTL9,OR2Z1,ZNF558	-0.0006175493040253761	0.006142872596578472
chr19	8052318	9115763	CCL25,FBN3,CERS4,CD320,ENSG00000167774,NDUFA7,RPS28,KANK3,ANGPTL4,RAB11B,MARCHF2,HNRNPM,PRAM1,ZNF414,MYO1F,ADAMTS10,NFILZ,ACTL9,OR2Z1,ZNF558,MBD3L1,MUC16,OR1M1,OR7G2,OR7G1	0.0031902836412997667	0.007928559091930307
chr19	8308768	9252625	NDUFA7,RPS28,KANK3,ANGPTL4,RAB11B,MARCHF2,HNRNPM,PRAM1,ZNF414,MYO1F,ADAMTS10,NFILZ,ACTL9,OR2Z1,ZNF558,MBD3L1,MUC16,OR1M1,OR7G2,OR7G1,OR7G3,ZNF317,OR7D2,OR7D4,OR7E24	0.004377090606383266	0.006582220350171333
chr19	8413270	9435573	MARCHF2,HNRNPM,PRAM1,ZNF414,MYO1F,ADAMTS10,NFILZ,ACTL9,OR2Z1,ZNF558,MBD3L1,MUC16,OR1M1,OR7G2,OR7G1,OR7G3,ZNF317,OR7D2,OR7D4,OR7E24,ZNF699,ZNF559,ZNF559-ZNF177,ZNF177,ZNF266	0.0016425879071311524	0.0020238797544294765
chr19	8580240	9675100	ADAMTS10,NFILZ,ACTL9,OR2Z1,ZNF558,MBD3L1,MUC16,OR1M1,OR7G2,OR7G1,OR7G3,ZNF317,OR7D2,OR7D4,OR7E24,ZNF699,ZNF559,ZNF559-ZNF177,ZNF177,ZNF266,ZNF560,ZNF426,ZNF121,ZNF561,ZNF562	0.0035669542616215836	0.0034355476531527586
chr19	8832377	9936515	MBD3L1,MUC16,OR1M1,OR7G2,OR7G1,OR7G3,ZNF317,OR7D2,OR7D4,OR7E24,ZNF699,ZNF559,ZNF559-ZNF177,ZNF177,ZNF266,ZNF560,ZNF426,ZNF121,ZNF561,ZNF562,ZNF846,FBXL12,UBL5,PIN1,OLFM2	0.007241524433381458	0.0068224856899404985
chr19	9126012	10114780	OR7G3,ZNF317,OR7D2,OR7D4,OR7E24,ZNF699,ZNF559,ZNF559-ZNF177,ZNF177,ZNF266,ZNF560,ZNF426,ZNF121,ZNF561,ZNF562,ZNF846,FBXL12,UBL5,PIN1,OLFM2,COL5A3,RDH8,SHFL,ANGPTL6,PPAN-P2RY11	0.010412276662142625	0.00890062237341384
chr19	9291140	10231331	ZNF699,ZNF559,ZNF559-ZNF177,ZNF177,ZNF266,ZNF560,ZNF426,ZNF121,ZNF561,ZNF562,ZNF846,FBXL12,UBL5,PIN1,OLFM2,COL5A3,RDH8,SHFL,ANGPTL6,PPAN-P2RY11,PPAN,P2RY11,EIF3G,DNMT1,S1PR2	-0.0001618367037706789	0.002593268598570603
chr19	9466355	10309880	ZNF560,ZNF426,ZNF121,ZNF561,ZNF562,ZNF846,FBXL12,UBL5,PIN1,OLFM2,COL5A3,RDH8,SHFL,ANGPTL6,PPAN-P2RY11,PPAN,P2RY11,EIF3G,DNMT1,S1PR2,MRPL4,ICAM1,ICAM4,ICAM5,ZGLP1	0.0025894981077962333	0.005634007390200388
chr19	9751993	10339661	ZNF846,FBXL12,UBL5,PIN1,OLFM2,COL5A3,RDH8,SHFL,ANGPTL6,PPAN-P2RY11,PPAN,P2RY11,EIF3G,DNMT1,S1PR2,MRPL4,ICAM1,ICAM4,ICAM5,ZGLP1,ENSG00000167807,FDX2,ENSG00000267303,RAVER1,ICAM3	0.009007579508548086	0.012053803540461578
chr19	9959561	10517931	COL5A3,RDH8,SHFL,ANGPTL6,PPAN-P2RY11,PPAN,P2RY11,EIF3G,DNMT1,S1PR2,MRPL4,ICAM1,ICAM4,ICAM5,ZGLP1,ENSG00000167807,FDX2,ENSG00000267303,RAVER1,ICAM3,TYK2,CDC37,PDE4A,KEAP1,S1PR5	0.009599872233507849	0.012135369775176479
chr19	10106362	10644557	PPAN,P2RY11,EIF3G,DNMT1,S1PR2,MRPL4,ICAM1,ICAM4,ICAM5,ZGLP1,ENSG00000167807,FDX2,ENSG00000267303,RAVER1,ICAM3,TYK2,CDC37,PDE4A,KEAP1,S1PR5,ATG4D,KRI1,CDKN2D,AP1M2,SLC44A2	0.007157643667922355	0.010633967536936953
chr19	10251901	10869790	MRPL4,ICAM1,ICAM4,ICAM5,ZGLP1,ENSG00000167807,FDX2,ENSG00000267303,RAVER1,ICAM3,TYK2,CDC37,PDE4A,KEAP1,S1PR5,ATG4D,KRI1,CDKN2D,AP1M2,SLC44A2,ILF3,QTRT1,DNM2,TMED1,C19orf38	0.0037125817656765816	0.012374702311207054
chr19	10305427	11133820	ENSG00000167807,FDX2,ENSG00000267303,RAVER1,ICAM3,TYK2,CDC37,PDE4A,KEAP1,S1PR5,ATG4D,KRI1,CDKN2D,AP1M2,SLC44A2,ILF3,QTRT1,DNM2,TMED1,C19orf38,CARM1,YIPF2,TIMM29,SMARCA4,LDLR	-0.010942435606495694	0.004825324014862923
chr19	10350533	11326996	TYK2,CDC37,PDE4A,KEAP1,S1PR5,ATG4D,KRI1,CDKN2D,AP1M2,SLC44A2,ILF3,QTRT1,DNM2,TMED1,C19orf38,CARM1,YIPF2,TIMM29,SMARCA4,LDLR,SPC24,KANK2,DOCK6,ANGPTL8,TSPAN16	-0.00552030608235023	0.007207268063729711
chr19	10543895	11376951	ATG4D,KRI1,CDKN2D,AP1M2,SLC44A2,ILF3,QTRT1,DNM2,TMED1,C19orf38,CARM1,YIPF2,TIMM29,SMARCA4,LDLR,SPC24,KANK2,DOCK6,ANGPTL8,TSPAN16,RAB3D,TMEM205,CCDC159,PLPPR2,SWSAP1	-0.0008153825317122093	0.009275273758258002
chr19	10654304	11481046	ILF3,QTRT1,DNM2,TMED1,C19orf38,CARM1,YIPF2,TIMM29,SMARCA4,LDLR,SPC24,KANK2,DOCK6,ANGPTL8,TSPAN16,RAB3D,TMEM205,CCDC159,PLPPR2,SWSAP1,EPOR,RGL3,ODAD3,PRKCSH,ELAVL3	0.00474811657556779	0.01138819196431893
chr19	10871553	11559230	CARM1,YIPF2,TIMM29,SMARCA4,LDLR,SPC24,KANK2,DOCK6,ANGPTL8,TSPAN16,RAB3D,TMEM205,CCDC159,PLPPR2,SWSAP1,EPOR,RGL3,ODAD3,PRKCSH,ELAVL3,ENSG00000267477,ZNF653,ECSIT,CNN1,ELOF1	0.0031458732781248304	0.011776974909849492
chr19	11131520	11809622	SPC24,KANK2,DOCK6,ANGPTL8,TSPAN16,RAB3D,TMEM205,CCDC159,PLPPR2,SWSAP1,EPOR,RGL3,ODAD3,PRKCSH,ELAVL3,ENSG00000267477,ZNF653,ECSIT,CNN1,ELOF1,ZNF627,ACP5,ZNF823,ZNF441,ZNF491	-0.0020915498522714325	0.008069142708271533
chr19	11322068	11979290	RAB3D,TMEM205,CCDC159,PLPPR2,SWSAP1,EPOR,RGL3,ODAD3,PRKCSH,ELAVL3,ENSG00000267477,ZNF653,ECSIT,CNN1,ELOF1,ZNF627,ACP5,ZNF823,ZNF441,ZNF491,ZNF440,ZNF439,ZNF69,ZNF700,ENSG00000267179	0.0025586427461160867	0.010607895165908163
chr19	11377207	12078106	EPOR,RGL3,ODAD3,PRKCSH,ELAVL3,ENSG00000267477,ZNF653,ECSIT,CNN1,ELOF1,ZNF627,ACP5,ZNF823,ZNF441,ZNF491,ZNF440,ZNF439,ZNF69,ZNF700,ENSG00000267179,ZNF763,ENSG00000286098,ZNF433,ENSG00000257355,ZNF878	0.007540619369509876	0.009875080017033104
chr19	11466240	12156734	ENSG00000267477,ZNF653,ECSIT,CNN1,ELOF1,ZNF627,ACP5,ZNF823,ZNF441,ZNF491,ZNF440,ZNF439,ZNF69,ZNF700,ENSG00000267179,ZNF763,ENSG00000286098,ZNF433,ENSG00000257355,ZNF878,ZNF844,ENSG00000286132,ZNF20,ZNF625-ZNF20,ZNF625	0.00648550568809408	0.00700258241585808
chr19	11559374	12401271	ZNF627,ACP5,ZNF823,ZNF441,ZNF491,ZNF440,ZNF439,ZNF69,ZNF700,ENSG00000267179,ZNF763,ENSG00000286098,ZNF433,ENSG00000257355,ZNF878,ZNF844,ENSG00000286132,ZNF20,ZNF625-ZNF20,ZNF625,ZNF136,ZNF44,ZNF563,ZNF442,ZNF799	0.004336311228192298	0.004125776518828187
chr19	11814273	12551474	ZNF440,ZNF439,ZNF69,ZNF700,ENSG00000267179,ZNF763,ENSG00000286098,ZNF433,ENSG00000257355,ZNF878,ZNF844,ENSG00000286132,ZNF20,ZNF625-ZNF20,ZNF625,ZNF136,ZNF44,ZNF563,ZNF442,ZNF799,ENSG00000268870,ZNF443,ENSG00000269755,ZNF709,ENSG00000196826	0.003778116747366529	0.0031092146130638153
chr19	11965037	12648397	ZNF763,ENSG00000286098,ZNF433,ENSG00000257355,ZNF878,ZNF844,ENSG00000286132,ZNF20,ZNF625-ZNF20,ZNF625,ZNF136,ZNF44,ZNF563,ZNF442,ZNF799,ENSG00000268870,ZNF443,ENSG00000269755,ZNF709,ENSG00000196826,ZNF564,ENSG00000269693,ZNF490,ZNF791,ENSG00000269242	0.004145721685227491	0.003767229831510626
chr19	12064731	12681834	ZNF844,ENSG00000286132,ZNF20,ZNF625-ZNF20,ZNF625,ZNF136,ZNF44,ZNF563,ZNF442,ZNF799,ENSG00000268870,ZNF443,ENSG00000269755,ZNF709,ENSG00000196826,ZNF564,ENSG00000269693,ZNF490,ZNF791,ENSG00000269242,MAN2B1,ENSG00000269590,WDR83,ENSG00000285589,WDR83OS	0.0035290645840054566	0.00346581664113685
chr19	12163064	12734684	ZNF136,ZNF44,ZNF563,ZNF442,ZNF799,ENSG00000268870,ZNF443,ENSG00000269755,ZNF709,ENSG00000196826,ZNF564,ENSG00000269693,ZNF490,ZNF791,ENSG00000269242,MAN2B1,ENSG00000269590,WDR83,ENSG00000285589,WDR83OS,DHPS,GNG14,FBXW9,TNPO2,TRIR	0.005943492212905121	0.007710116883262056
chr19	12391949	12872740	ENSG00000268870,ZNF443,ENSG00000269755,ZNF709,ENSG00000196826,ZNF564,ENSG00000269693,ZNF490,ZNF791,ENSG00000269242,MAN2B1,ENSG00000269590,WDR83,ENSG00000285589,WDR83OS,DHPS,GNG14,FBXW9,TNPO2,TRIR,GET3,BEST2,HOOK2,JUNB,PRDX2	0.00724595656112451	0.011271009851545147
chr19	12525373	12881595	ZNF564,ENSG00000269693,ZNF490,ZNF791,ENSG00000269242,MAN2B1,ENSG00000269590,WDR83,ENSG00000285589,WDR83OS,DHPS,GNG14,FBXW9,TNPO2,TRIR,GET3,BEST2,HOOK2,JUNB,PRDX2,THSD8,RNASEH2A,RTBDN,MAST1,DNASE2	-0.007769475023206899	0.005362076283098032
chr19	12646511	12944489	MAN2B1,ENSG00000269590,WDR83,ENSG00000285589,WDR83OS,DHPS,GNG14,FBXW9,TNPO2,TRIR,GET3,BEST2,HOOK2,JUNB,PRDX2,THSD8,RNASEH2A,RTBDN,MAST1,DNASE2,KLF1,GCDH,SYCE2,FARSA,CALR	-0.011595571920075208	0.004094227991227638
chr19	12675717	13103161	DHPS,GNG14,FBXW9,TNPO2,TRIR,GET3,BEST2,HOOK2,JUNB,PRDX2,THSD8,RNASEH2A,RTBDN,MAST1,DNASE2,KLF1,GCDH,SYCE2,FARSA,CALR,RAD23A,GADD45GIP1,DAND5,NFIX,LYL1	-0.010920489846703421	0.0035373336707241734
chr19	12737139	13633025	GET3,BEST2,HOOK2,JUNB,PRDX2,THSD8,RNASEH2A,RTBDN,MAST1,DNASE2,KLF1,GCDH,SYCE2,FARSA,CALR,RAD23A,GADD45GIP1,DAND5,NFIX,LYL1,TRMT1,NACC1,STX10,IER2,CACNA1A	-0.0032352040861933743	0.007710306453892316
chr19	12802031	13906452	THSD8,RNASEH2A,RTBDN,MAST1,DNASE2,KLF1,GCDH,SYCE2,FARSA,CALR,RAD23A,GADD45GIP1,DAND5,NFIX,LYL1,TRMT1,NACC1,STX10,IER2,CACNA1A,MRI1,C19orf53,ZSWIM4,NANOS3,BRME1	0.004155914726174812	0.007693480457652206
chr19	12884422	14031551	KLF1,GCDH,SYCE2,FARSA,CALR,RAD23A,GADD45GIP1,DAND5,NFIX,LYL1,TRMT1,NACC1,STX10,IER2,CACNA1A,MRI1,C19orf53,ZSWIM4,NANOS3,BRME1,CC2D1A,PODNL1,DCAF15,RFX1,RLN3	0.010493061493014082	0.009278562674602272
chr19	12945855	14091036	RAD23A,GADD45GIP1,DAND5,NFIX,LYL1,TRMT1,NACC1,STX10,IER2,CACNA1A,MRI1,C19orf53,ZSWIM4,NANOS3,BRME1,CC2D1A,PODNL1,DCAF15,RFX1,RLN3,IL27RA,PALM3,MISP3,C19orf67,SAMD1	0.012954605506988454	0.011043318202262826
chr19	13104902	14419383	TRMT1,NACC1,STX10,IER2,CACNA1A,MRI1,C19orf53,ZSWIM4,NANOS3,BRME1,CC2D1A,PODNL1,DCAF15,RFX1,RLN3,IL27RA,PALM3,MISP3,C19orf67,SAMD1,PRKACA,ASF1B,ADGRL1,ADGRE5,DDX39A	0.009927005631210488	0.01220416672819032
chr19	13764522	14565980	MRI1,C19orf53,ZSWIM4,NANOS3,BRME1,CC2D1A,PODNL1,DCAF15,RFX1,RLN3,IL27RA,PALM3,MISP3,C19orf67,SAMD1,PRKACA,ASF1B,ADGRL1,ADGRE5,DDX39A,PKN1,PTGER1,GIPC1,DNAJB1,TECR	0.008004524086802769	0.013103776608955037
chr19	13906201	14778560	CC2D1A,PODNL1,DCAF15,RFX1,RLN3,IL27RA,PALM3,MISP3,C19orf67,SAMD1,PRKACA,ASF1B,ADGRL1,ADGRE5,DDX39A,PKN1,PTGER1,GIPC1,DNAJB1,TECR,NDUFB7,CLEC17A,ADGRE3,ZNF333,ADGRE2	0.003147460064615556	0.011170501594345005
chr19	14031762	14942448	IL27RA,PALM3,MISP3,C19orf67,SAMD1,PRKACA,ASF1B,ADGRL1,ADGRE5,DDX39A,PKN1,PTGER1,GIPC1,DNAJB1,TECR,NDUFB7,CLEC17A,ADGRE3,ZNF333,ADGRE2,OR7C1,OR7A5,OR7A10,OR7A17,OR7C2	-0.004907510737317915	0.00801873683145293
chr19	14091688	15114985	PRKACA,ASF1B,ADGRL1,ADGRE5,DDX39A,PKN1,PTGER1,GIPC1,DNAJB1,TECR,NDUFB7,CLEC17A,ADGRE3,ZNF333,ADGRE2,OR7C1,OR7A5,OR7A10,OR7A17,OR7C2,SLC1A6,CCDC105,CASP14,OR1I1,SYDE1	0.0017422833042533695	0.00742020875627076
chr19	14433053	15379815	PKN1,PTGER1,GIPC1,DNAJB1,TECR,NDUFB7,CLEC17A,ADGRE3,ZNF333,ADGRE2,OR7C1,OR7A5,OR7A10,OR7A17,OR7C2,SLC1A6,CCDC105,CASP14,OR1I1,SYDE1,ILVBL,NOTCH3,EPHX3,BRD4,AKAP8	0.003014704476531965	0.0031554628693998914
chr19	14566078	15552317	NDUFB7,CLEC17A,ADGRE3,ZNF333,ADGRE2,OR7C1,OR7A5,OR7A10,OR7A17,OR7C2,SLC1A6,CCDC105,CASP14,OR1I1,SYDE1,ILVBL,NOTCH3,EPHX3,BRD4,AKAP8,AKAP8L,WIZ,RASAL3,PGLYRP2,CYP4F22	0.006110194114547071	0.005749266576251418
chr19	14789260	15742343	OR7C1,OR7A5,OR7A10,OR7A17,OR7C2,SLC1A6,CCDC105,CASP14,OR1I1,SYDE1,ILVBL,NOTCH3,EPHX3,BRD4,AKAP8,AKAP8L,WIZ,RASAL3,PGLYRP2,CYP4F22,CYP4F8,CYP4F3,CYP4F12,OR10H2,OR10H3	0.015880742934060908	0.015202435466159904
chr19	14950033	15950350	SLC1A6,CCDC105,CASP14,OR1I1,SYDE1,ILVBL,NOTCH3,EPHX3,BRD4,AKAP8,AKAP8L,WIZ,RASAL3,PGLYRP2,CYP4F22,CYP4F8,CYP4F3,CYP4F12,OR10H2,OR10H3,OR10H5,OR10H1,CYP4F2,CYP4F11,OR10H4	0.012711453678040552	0.012560528195619938
chr19	15114984	16192046	ILVBL,NOTCH3,EPHX3,BRD4,AKAP8,AKAP8L,WIZ,RASAL3,PGLYRP2,CYP4F22,CYP4F8,CYP4F3,CYP4F12,OR10H2,OR10H3,OR10H5,OR10H1,CYP4F2,CYP4F11,OR10H4,TPM4,RAB8A,HSH2D,CIB3,FAM32A	0.003039206650645007	0.002721295104256887
chr19	15380050	16628204	AKAP8L,WIZ,RASAL3,PGLYRP2,CYP4F22,CYP4F8,CYP4F3,CYP4F12,OR10H2,OR10H3,OR10H5,OR10H1,CYP4F2,CYP4F11,OR10H4,TPM4,RAB8A,HSH2D,CIB3,FAM32A,AP1M1,KLF2,EPS15L1,CALR3,ENSG00000141979	0.004815568381180602	0.0065527560535994745
chr19	15615218	16660115	CYP4F8,CYP4F3,CYP4F12,OR10H2,OR10H3,OR10H5,OR10H1,CYP4F2,CYP4F11,OR10H4,TPM4,RAB8A,HSH2D,CIB3,FAM32A,AP1M1,KLF2,EPS15L1,CALR3,ENSG00000141979,C19orf44,CHERP,SLC35E1,MED26,ENSG00000268790	0.011671502805931194	0.015190582661739564
chr19	15787661	16892606	OR10H5,OR10H1,CYP4F2,CYP4F11,OR10H4,TPM4,RAB8A,HSH2D,CIB3,FAM32A,AP1M1,KLF2,EPS15L1,CALR3,ENSG00000141979,C19orf44,CHERP,SLC35E1,MED26,ENSG00000268790,SMIM7,TMEM38A,NWD1,SIN3B,F2RL3	0.010782801766096013	0.013676675101749254
chr19	16067021	17229219	TPM4,RAB8A,HSH2D,CIB3,FAM32A,AP1M1,KLF2,EPS15L1,CALR3,ENSG00000141979,C19orf44,CHERP,SLC35E1,MED26,ENSG00000268790,SMIM7,TMEM38A,NWD1,SIN3B,F2RL3,CPAMD8,HAUS8,MYO9B,USE1,OCEL1	0.012299884222618105	0.013051198198630553
chr19	16197854	17282966	AP1M1,KLF2,EPS15L1,CALR3,ENSG00000141979,C19orf44,CHERP,SLC35E1,MED26,ENSG00000268790,SMIM7,TMEM38A,NWD1,SIN3B,F2RL3,CPAMD8,HAUS8,MYO9B,USE1,OCEL1,NR2F6,ENSG00000269095,USHBP1,BABAM1,ENSG00000269307	0.01143706178080699	0.012752392601800142
chr19	16496394	17334855	C19orf44,CHERP,SLC35E1,MED26,ENSG00000268790,SMIM7,TMEM38A,NWD1,SIN3B,F2RL3,CPAMD8,HAUS8,MYO9B,USE1,OCEL1,NR2F6,ENSG00000269095,USHBP1,BABAM1,ENSG00000269307,ANKLE1,ABHD8,MRPL34,DDA1,ANO8	0.010256182842182245	0.013311402005748669
chr19	16630751	17433724	SMIM7,TMEM38A,NWD1,SIN3B,F2RL3,CPAMD8,HAUS8,MYO9B,USE1,OCEL1,NR2F6,ENSG00000269095,USHBP1,BABAM1,ENSG00000269307,ANKLE1,ABHD8,MRPL34,DDA1,ANO8,GTPBP3,PLVAP,CCDC194,BST2,MVB12A	0.008107730172326612	0.01482723085466735
chr19	16892951	17521288	CPAMD8,HAUS8,MYO9B,USE1,OCEL1,NR2F6,ENSG00000269095,USHBP1,BABAM1,ENSG00000269307,ANKLE1,ABHD8,MRPL34,DDA1,ANO8,GTPBP3,PLVAP,CCDC194,BST2,MVB12A,TMEM221,ENSG00000269035,NXNL1,SLC27A1,PGLS	0.007729078151031481	0.01704425444851232
chr19	17231883	17788568	NR2F6,ENSG00000269095,USHBP1,BABAM1,ENSG00000269307,ANKLE1,ABHD8,MRPL34,DDA1,ANO8,GTPBP3,PLVAP,CCDC194,BST2,MVB12A,TMEM221,ENSG00000269035,NXNL1,SLC27A1,PGLS,NIBAN3,COLGALT1,UNC13A,MAP1S,FCHO1	0.00639536760834794	0.012944896815605268
chr19	17281645	17895174	ANKLE1,ABHD8,MRPL34,DDA1,ANO8,GTPBP3,PLVAP,CCDC194,BST2,MVB12A,TMEM221,ENSG00000269035,NXNL1,SLC27A1,PGLS,NIBAN3,COLGALT1,UNC13A,MAP1S,FCHO1,B3GNT3,INSL3,JAK3,RPL18A,SLC5A5	0.006292670606660935	0.011367420302712273
chr19	17334920	18151692	GTPBP3,PLVAP,CCDC194,BST2,MVB12A,TMEM221,ENSG00000269035,NXNL1,SLC27A1,PGLS,NIBAN3,COLGALT1,UNC13A,MAP1S,FCHO1,B3GNT3,INSL3,JAK3,RPL18A,SLC5A5,CCDC124,KCNN1,ARRDC2,IL12RB1,MAST3	0.0024762152248361436	0.009547862093783463
chr19	17435509	18204042	TMEM221,ENSG00000269035,NXNL1,SLC27A1,PGLS,NIBAN3,COLGALT1,UNC13A,MAP1S,FCHO1,B3GNT3,INSL3,JAK3,RPL18A,SLC5A5,CCDC124,KCNN1,ARRDC2,IL12RB1,MAST3,ENSG00000268173,PIK3R2,IFI30,MPV17L2,RAB3A	-0.0020534073512926674	0.0054200253938078945
chr19	17523301	18281622	NIBAN3,COLGALT1,UNC13A,MAP1S,FCHO1,B3GNT3,INSL3,JAK3,RPL18A,SLC5A5,CCDC124,KCNN1,ARRDC2,IL12RB1,MAST3,ENSG00000268173,PIK3R2,IFI30,MPV17L2,RAB3A,ENSG00000285188,PDE4C,ENSG00000284797,IQCN,JUND	-0.0012872521246503463	0.007263795010358676
chr19	17794828	18434562	B3GNT3,INSL3,JAK3,RPL18A,SLC5A5,CCDC124,KCNN1,ARRDC2,IL12RB1,MAST3,ENSG00000268173,PIK3R2,IFI30,MPV17L2,RAB3A,ENSG00000285188,PDE4C,ENSG00000284797,IQCN,JUND,LSM4,PGPEP1,GDF15,LRRC25,SSBP4	-0.005034762279136892	0.007476645092358052
chr19	17933015	18577550	CCDC124,KCNN1,ARRDC2,IL12RB1,MAST3,ENSG00000268173,PIK3R2,IFI30,MPV17L2,RAB3A,ENSG00000285188,PDE4C,ENSG00000284797,IQCN,JUND,LSM4,PGPEP1,GDF15,LRRC25,SSBP4,ISYNA1,ELL,FKBP8,KXD1,UBA52	-0.014494673111805072	0.0022149293959109057
chr19	18153158	18782333	ENSG00000268173,PIK3R2,IFI30,MPV17L2,RAB3A,ENSG00000285188,PDE4C,ENSG00000284797,IQCN,JUND,LSM4,PGPEP1,GDF15,LRRC25,SSBP4,ISYNA1,ELL,FKBP8,KXD1,UBA52,CRLF1,REX1BD,TMEM59L,KLHL26,CRTC1	-0.01621202068404734	0.0026347948826215225
chr19	18207961	18919387	ENSG00000285188,PDE4C,ENSG00000284797,IQCN,JUND,LSM4,PGPEP1,GDF15,LRRC25,SSBP4,ISYNA1,ELL,FKBP8,KXD1,UBA52,CRLF1,REX1BD,TMEM59L,KLHL26,CRTC1,COMP,UPF1,GDF1,CERS1,COPE	-0.011206074310958268	0.004427813729365322
chr19	18306236	19060311	LSM4,PGPEP1,GDF15,LRRC25,SSBP4,ISYNA1,ELL,FKBP8,KXD1,UBA52,CRLF1,REX1BD,TMEM59L,KLHL26,CRTC1,COMP,UPF1,GDF1,CERS1,COPE,ENSG00000268193,DDX49,HOMER3,SUGP2,ARMC6	-0.013983220278207238	0.0050644844349973335
chr19	18434388	19192591	ISYNA1,ELL,FKBP8,KXD1,UBA52,CRLF1,REX1BD,TMEM59L,KLHL26,CRTC1,COMP,UPF1,GDF1,CERS1,COPE,ENSG00000268193,DDX49,HOMER3,SUGP2,ARMC6,SLC25A42,TMEM161A,MEF2B,BORCS8-MEF2B,BORCS8	-0.016106543535199407	0.004202936689726514
chr19	18572220	19273391	CRLF1,REX1BD,TMEM59L,KLHL26,CRTC1,COMP,UPF1,GDF1,CERS1,COPE,ENSG00000268193,DDX49,HOMER3,SUGP2,ARMC6,SLC25A42,TMEM161A,MEF2B,BORCS8-MEF2B,BORCS8,RFXANK,NR2C2AP,NCAN,HAPLN4,TM6SF2	-0.013551263960164935	0.0068510614979936275
chr19	18782773	19529054	COMP,UPF1,GDF1,CERS1,COPE,ENSG00000268193,DDX49,HOMER3,SUGP2,ARMC6,SLC25A42,TMEM161A,MEF2B,BORCS8-MEF2B,BORCS8,RFXANK,NR2C2AP,NCAN,HAPLN4,TM6SF2,SUGP1,MAU2,GATAD2A,TSSK6,NDUFA13	-0.005684151100121612	0.010793249473946222
chr19	18907013	19628930	ENSG00000268193,DDX49,HOMER3,SUGP2,ARMC6,SLC25A42,TMEM161A,MEF2B,BORCS8-MEF2B,BORCS8,RFXANK,NR2C2AP,NCAN,HAPLN4,TM6SF2,SUGP1,MAU2,GATAD2A,TSSK6,NDUFA13,ENSG00000258674,YJEFN3,CILP2,PBX4,LPAR2	-0.007549117920345317	0.011043090726255894
chr19	19063994	19821751	SLC25A42,TMEM161A,MEF2B,BORCS8-MEF2B,BORCS8,RFXANK,NR2C2AP,NCAN,HAPLN4,TM6SF2,SUGP1,MAU2,GATAD2A,TSSK6,NDUFA13,ENSG00000258674,YJEFN3,CILP2,PBX4,LPAR2,GMIP,ATP13A1,ZNF101,ZNF14,ZNF506	-0.01242974539001971	0.00684336912730043
chr19	19192229	20200488	RFXANK,NR2C2AP,NCAN,HAPLN4,TM6SF2,SUGP1,MAU2,GATAD2A,TSSK6,NDUFA13,ENSG00000258674,YJEFN3,CILP2,PBX4,LPAR2,GMIP,ATP13A1,ZNF101,ZNF14,ZNF506,ZNF253,ZNF93,ZNF682,ZNF90,ZNF486	-0.0013781565220494449	0.007584159627465812
chr19	19276018	21060050	SUGP1,MAU2,GATAD2A,TSSK6,NDUFA13,ENSG00000258674,YJEFN3,CILP2,PBX4,LPAR2,GMIP,ATP13A1,ZNF101,ZNF14,ZNF506,ZNF253,ZNF93,ZNF682,ZNF90,ZNF486,ZNF737,ZNF626,ZNF66,ZNF85,ZNF430	0.013317207441719704	0.014757397023526827
chr19	19516227	21427577	ENSG00000258674,YJEFN3,CILP2,PBX4,LPAR2,GMIP,ATP13A1,ZNF101,ZNF14,ZNF506,ZNF253,ZNF93,ZNF682,ZNF90,ZNF486,ZNF737,ZNF626,ZNF66,ZNF85,ZNF430,ZNF714,ZNF431,ZNF708,ZNF738,ZNF493	0.02527388346218705	0.016652416622065878
chr19	19629476	22010949	GMIP,ATP13A1,ZNF101,ZNF14,ZNF506,ZNF253,ZNF93,ZNF682,ZNF90,ZNF486,ZNF737,ZNF626,ZNF66,ZNF85,ZNF430,ZNF714,ZNF431,ZNF708,ZNF738,ZNF493,ENSG00000269237,ZNF429,ZNF100,ZNF43,ZNF208	0.03357395533140804	0.015525114331204102
chr19	19865882	22667671	ZNF253,ZNF93,ZNF682,ZNF90,ZNF486,ZNF737,ZNF626,ZNF66,ZNF85,ZNF430,ZNF714,ZNF431,ZNF708,ZNF738,ZNF493,ENSG00000269237,ZNF429,ZNF100,ZNF43,ZNF208,ZNF257,ZNF676,ZNF729,ZNF98,ZNF492	0.03839361118962559	0.016705099050754017
chr19	20535825	23250394	ZNF737,ZNF626,ZNF66,ZNF85,ZNF430,ZNF714,ZNF431,ZNF708,ZNF738,ZNF493,ENSG00000269237,ZNF429,ZNF100,ZNF43,ZNF208,ZNF257,ZNF676,ZNF729,ZNF98,ZNF492,ZNF99,ZNF723,ZNF728,ZNF730,ZNF724	0.026630598044290507	0.015724878090327056
chr19	21082159	23945159	ZNF714,ZNF431,ZNF708,ZNF738,ZNF493,ENSG00000269237,ZNF429,ZNF100,ZNF43,ZNF208,ZNF257,ZNF676,ZNF729,ZNF98,ZNF492,ZNF99,ZNF723,ZNF728,ZNF730,ZNF724,ENSG00000283201,ZNF91,ZNF675,ZNF681,ZNF726	0.007507053122465738	0.003926846699582101
chr19	21405159	29675477	ENSG00000269237,ZNF429,ZNF100,ZNF43,ZNF208,ZNF257,ZNF676,ZNF729,ZNF98,ZNF492,ZNF99,ZNF723,ZNF728,ZNF730,ZNF724,ENSG00000283201,ZNF91,ZNF675,ZNF681,ZNF726,ZNF254,UQCRFS1,VSTM2B,POP4,PLEKHF1	0.008345537502015773	0.008144108812321015
chr19	22052430	31349436	ZNF257,ZNF676,ZNF729,ZNF98,ZNF492,ZNF99,ZNF723,ZNF728,ZNF730,ZNF724,ENSG00000283201,ZNF91,ZNF675,ZNF681,ZNF726,ZNF254,UQCRFS1,VSTM2B,POP4,PLEKHF1,C19orf12,CCNE1,URI1,ZNF536,TSHZ3	0.007382018508150224	0.010137875601374888
chr19	22752183	32678300	ZNF99,ZNF723,ZNF728,ZNF730,ZNF724,ENSG00000283201,ZNF91,ZNF675,ZNF681,ZNF726,ZNF254,UQCRFS1,VSTM2B,POP4,PLEKHF1,C19orf12,CCNE1,URI1,ZNF536,TSHZ3,ZNF507,DPY19L3,PDCD5,ANKRD27,RGS9BP	0.00025646257251723994	0.006887558882575603
chr19	23222755	32978229	ENSG00000283201,ZNF91,ZNF675,ZNF681,ZNF726,ZNF254,UQCRFS1,VSTM2B,POP4,PLEKHF1,C19orf12,CCNE1,URI1,ZNF536,TSHZ3,ZNF507,DPY19L3,PDCD5,ANKRD27,RGS9BP,NUDT19,TDRD12,SLC7A9,CEP89,FAAP24	0.006939422775117442	0.01082582545615685
chr19	24033405	33225850	ZNF254,UQCRFS1,VSTM2B,POP4,PLEKHF1,C19orf12,CCNE1,URI1,ZNF536,TSHZ3,ZNF507,DPY19L3,PDCD5,ANKRD27,RGS9BP,NUDT19,TDRD12,SLC7A9,CEP89,FAAP24,RHPN2,GPATCH1,WDR88,LRP3,SLC7A10	0.005798952379652379	0.009874360262979089
chr19	29698937	33815763	C19orf12,CCNE1,URI1,ZNF536,TSHZ3,ZNF507,DPY19L3,PDCD5,ANKRD27,RGS9BP,NUDT19,TDRD12,SLC7A9,CEP89,FAAP24,RHPN2,GPATCH1,WDR88,LRP3,SLC7A10,CEBPA,CEBPG,PEPD,CHST8,KCTD15	0.00807846130161165	0.009696242935643782
chr19	32345594	34426168	ZNF507,DPY19L3,PDCD5,ANKRD27,RGS9BP,NUDT19,TDRD12,SLC7A9,CEP89,FAAP24,RHPN2,GPATCH1,WDR88,LRP3,SLC7A10,CEBPA,CEBPG,PEPD,CHST8,KCTD15,LSM14A,GARRE1,GPI,ENSG00000266953,PDCD2L	0.010826575262841035	0.011289826904040727
chr19	32691821	34745378	NUDT19,TDRD12,SLC7A9,CEP89,FAAP24,RHPN2,GPATCH1,WDR88,LRP3,SLC7A10,CEBPA,CEBPG,PEPD,CHST8,KCTD15,LSM14A,GARRE1,GPI,ENSG00000266953,PDCD2L,UBA2,WTIP,SCGB2B2,ZNF302,ZNF181	0.02312445737771217	0.013602088353980196
chr19	32978592	35040449	RHPN2,GPATCH1,WDR88,LRP3,SLC7A10,CEBPA,CEBPG,PEPD,CHST8,KCTD15,LSM14A,GARRE1,GPI,ENSG00000266953,PDCD2L,UBA2,WTIP,SCGB2B2,ZNF302,ZNF181,ZNF599,ZNF30,ZNF792,GRAMD1A,SCN1B	0.031963108620267924	0.010839626672165384
chr19	33299934	35143109	CEBPA,CEBPG,PEPD,CHST8,KCTD15,LSM14A,GARRE1,GPI,ENSG00000266953,PDCD2L,UBA2,WTIP,SCGB2B2,ZNF302,ZNF181,ZNF599,ZNF30,ZNF792,GRAMD1A,SCN1B,HPN,ENSG00000285526,FXYD3,LGI4,FXYD1	0.023855753343876688	0.013391882944383014
chr19	34172504	35279821	LSM14A,GARRE1,GPI,ENSG00000266953,PDCD2L,UBA2,WTIP,SCGB2B2,ZNF302,ZNF181,ZNF599,ZNF30,ZNF792,GRAMD1A,SCN1B,HPN,ENSG00000285526,FXYD3,LGI4,FXYD1,FXYD7,FXYD5,FAM187B,LSR,USF2	0.010397865092309033	0.011706360833028829
chr19	34428352	35360489	UBA2,WTIP,SCGB2B2,ZNF302,ZNF181,ZNF599,ZNF30,ZNF792,GRAMD1A,SCN1B,HPN,ENSG00000285526,FXYD3,LGI4,FXYD1,FXYD7,FXYD5,FAM187B,LSR,USF2,HAMP,MAG,CD22,FFAR1,FFAR3	0.003237783513018462	0.005919053494654225
chr19	34758073	35528351	ZNF599,ZNF30,ZNF792,GRAMD1A,SCN1B,HPN,ENSG00000285526,FXYD3,LGI4,FXYD1,FXYD7,FXYD5,FAM187B,LSR,USF2,HAMP,MAG,CD22,FFAR1,FFAR3,GPR42,FFAR2,KRTDAP,DMKN,SBSN	0.003714707076857919	0.006731180604498557
chr19	35040506	35625355	HPN,ENSG00000285526,FXYD3,LGI4,FXYD1,FXYD7,FXYD5,FAM187B,LSR,USF2,HAMP,MAG,CD22,FFAR1,FFAR3,GPR42,FFAR2,KRTDAP,DMKN,SBSN,GAPDHS,TMEM147,ATP4A,PMIS2,HAUS5	0.0023911763714267328	0.0034073489606185046
chr19	35143250	35717038	FXYD7,FXYD5,FAM187B,LSR,USF2,HAMP,MAG,CD22,FFAR1,FFAR3,GPR42,FFAR2,KRTDAP,DMKN,SBSN,GAPDHS,TMEM147,ATP4A,PMIS2,HAUS5,RBM42,ETV2,COX6B1,UPK1A,ZBTB32	0.002297518338653485	0.00323899154103449
chr19	35280716	35747519	HAMP,MAG,CD22,FFAR1,FFAR3,GPR42,FFAR2,KRTDAP,DMKN,SBSN,GAPDHS,TMEM147,ATP4A,PMIS2,HAUS5,RBM42,ETV2,COX6B1,UPK1A,ZBTB32,KMT2B,IGFLR1,ENSG00000267120,U2AF1L4,PSENEN	0.0056687078902067185	0.009153378646399929
chr19	35371068	35788822	GPR42,FFAR2,KRTDAP,DMKN,SBSN,GAPDHS,TMEM147,ATP4A,PMIS2,HAUS5,RBM42,ETV2,COX6B1,UPK1A,ZBTB32,KMT2B,IGFLR1,ENSG00000267120,U2AF1L4,PSENEN,ENSG00000188223,LIN37,HSPB6,PROSER3,ARHGAP33	-0.005632015005813579	0.0012422950185479822
chr19	35533455	35902303	GAPDHS,TMEM147,ATP4A,PMIS2,HAUS5,RBM42,ETV2,COX6B1,UPK1A,ZBTB32,KMT2B,IGFLR1,ENSG00000267120,U2AF1L4,PSENEN,ENSG00000188223,LIN37,HSPB6,PROSER3,ARHGAP33,PRODH2,NPHS1,KIRREL2,APLP1,NFKBID	0.004762151358705573	0.007727539957269592
chr19	35629030	36008813	RBM42,ETV2,COX6B1,UPK1A,ZBTB32,KMT2B,IGFLR1,ENSG00000267120,U2AF1L4,PSENEN,ENSG00000188223,LIN37,HSPB6,PROSER3,ARHGAP33,PRODH2,NPHS1,KIRREL2,APLP1,NFKBID,HCST,TYROBP,LRFN3,SDHAF1,SYNE4	0.008730899351335157	0.010315447703132355
chr19	35717973	36113711	KMT2B,IGFLR1,ENSG00000267120,U2AF1L4,PSENEN,ENSG00000188223,LIN37,HSPB6,PROSER3,ARHGAP33,PRODH2,NPHS1,KIRREL2,APLP1,NFKBID,HCST,TYROBP,LRFN3,SDHAF1,SYNE4,ALKBH6,CLIP3,THAP8,WDR62,OVOL3	0.01067503188203786	0.012443913819681747
chr19	35745678	36246257	ENSG00000188223,LIN37,HSPB6,PROSER3,ARHGAP33,PRODH2,NPHS1,KIRREL2,APLP1,NFKBID,HCST,TYROBP,LRFN3,SDHAF1,SYNE4,ALKBH6,CLIP3,THAP8,WDR62,OVOL3,POLR2I,TBCB,CAPNS1,COX7A1,ZNF565	0.0048322800375572746	0.01017071131682095
chr19	35799988	36528271	PRODH2,NPHS1,KIRREL2,APLP1,NFKBID,HCST,TYROBP,LRFN3,SDHAF1,SYNE4,ALKBH6,CLIP3,THAP8,WDR62,OVOL3,POLR2I,TBCB,CAPNS1,COX7A1,ZNF565,ZNF146,ZFP14,ZFP82,ZNF566,ZNF260	-0.0039724271939415925	0.005474892603825579
chr19	35902529	36772825	HCST,TYROBP,LRFN3,SDHAF1,SYNE4,ALKBH6,CLIP3,THAP8,WDR62,OVOL3,POLR2I,TBCB,CAPNS1,COX7A1,ZNF565,ZNF146,ZFP14,ZFP82,ZNF566,ZNF260,ZNF529,ZNF382,ZNF461,ZNF567,ZNF850	-0.007210162221733944	0.005306481186408348
chr19	36009120	37130368	ALKBH6,CLIP3,THAP8,WDR62,OVOL3,POLR2I,TBCB,CAPNS1,COX7A1,ZNF565,ZNF146,ZFP14,ZFP82,ZNF566,ZNF260,ZNF529,ZNF382,ZNF461,ZNF567,ZNF850,ZNF790,ZNF345,ZNF829,ZNF568,ZNF420	0.005804068708294373	0.011645345065497794
chr19	36113709	37369365	POLR2I,TBCB,CAPNS1,COX7A1,ZNF565,ZNF146,ZFP14,ZFP82,ZNF566,ZNF260,ZNF529,ZNF382,ZNF461,ZNF567,ZNF850,ZNF790,ZNF345,ZNF829,ZNF568,ZNF420,ENSG00000267360,ZNF585A,ZNF585B,ZNF383,ZNF875	0.01323146214899868	0.015693148485473356
chr19	36214602	37614179	ZNF146,ZFP14,ZFP82,ZNF566,ZNF260,ZNF529,ZNF382,ZNF461,ZNF567,ZNF850,ZNF790,ZNF345,ZNF829,ZNF568,ZNF420,ENSG00000267360,ZNF585A,ZNF585B,ZNF383,ZNF875,ZNF527,ZNF569,ZNF570,ZNF793,ZNF540	0.01006640446892633	0.01161287441270506
chr19	36534774	37817300	ZNF529,ZNF382,ZNF461,ZNF567,ZNF850,ZNF790,ZNF345,ZNF829,ZNF568,ZNF420,ENSG00000267360,ZNF585A,ZNF585B,ZNF383,ZNF875,ZNF527,ZNF569,ZNF570,ZNF793,ZNF540,ZNF571,ZFP30,ENSG00000267552,ZNF607,ZNF573	0.01004304559038507	0.01108169059213616
chr19	36817428	38292615	ZNF790,ZNF345,ZNF829,ZNF568,ZNF420,ENSG00000267360,ZNF585A,ZNF585B,ZNF383,ZNF875,ZNF527,ZNF569,ZNF570,ZNF793,ZNF540,ZNF571,ZFP30,ENSG00000267552,ZNF607,ZNF573,WDR87,SIPA1L3,DPF1,SPINT2,PPP1R14A	0.01335599395190872	0.014590537737199816
chr19	37093019	38370943	ENSG00000267360,ZNF585A,ZNF585B,ZNF383,ZNF875,ZNF527,ZNF569,ZNF570,ZNF793,ZNF540,ZNF571,ZFP30,ENSG00000267552,ZNF607,ZNF573,WDR87,SIPA1L3,DPF1,SPINT2,PPP1R14A,ENSG00000267748,YIF1B,C19orf33,KCNK6,CATSPERG	0.010567741095538902	0.014561516919229883
chr19	37371061	38426305	ZNF527,ZNF569,ZNF570,ZNF793,ZNF540,ZNF571,ZFP30,ENSG00000267552,ZNF607,ZNF573,WDR87,SIPA1L3,DPF1,SPINT2,PPP1R14A,ENSG00000267748,YIF1B,C19orf33,KCNK6,CATSPERG,PSMD8,GGN,SPRED3,FAM98C,RASGRP4	0.0017538952445363678	0.016998197774928343
chr19	37554782	38769904	ZNF571,ZFP30,ENSG00000267552,ZNF607,ZNF573,WDR87,SIPA1L3,DPF1,SPINT2,PPP1R14A,ENSG00000267748,YIF1B,C19orf33,KCNK6,CATSPERG,PSMD8,GGN,SPRED3,FAM98C,RASGRP4,RYR1,MAP4K1,EIF3K,ACTN4,CAPN12	-0.005038602866621498	0.008262996929892803
chr19	37884823	38840178	WDR87,SIPA1L3,DPF1,SPINT2,PPP1R14A,ENSG00000267748,YIF1B,C19orf33,KCNK6,CATSPERG,PSMD8,GGN,SPRED3,FAM98C,RASGRP4,RYR1,MAP4K1,EIF3K,ACTN4,CAPN12,LGALS7,LGALS7B,LGALS4,ECH1,ENSG00000268083	-0.006837942937458136	0.003342080033897003
chr19	38289151	38912186	ENSG00000267748,YIF1B,C19orf33,KCNK6,CATSPERG,PSMD8,GGN,SPRED3,FAM98C,RASGRP4,RYR1,MAP4K1,EIF3K,ACTN4,CAPN12,LGALS7,LGALS7B,LGALS4,ECH1,ENSG00000268083,HNRNPL,RINL,SIRT2,NFKBIB,CCER2	-0.008073742313425544	0.0028528645011992333
chr19	38374563	39032785	PSMD8,GGN,SPRED3,FAM98C,RASGRP4,RYR1,MAP4K1,EIF3K,ACTN4,CAPN12,LGALS7,LGALS7B,LGALS4,ECH1,ENSG00000268083,HNRNPL,RINL,SIRT2,NFKBIB,CCER2,SARS2,ENSG00000269547,MRPS12,FBXO17,FBXO27	0.0018425250141559726	0.00984660497510083
chr19	38433691	39245250	RYR1,MAP4K1,EIF3K,ACTN4,CAPN12,LGALS7,LGALS7B,LGALS4,ECH1,ENSG00000268083,HNRNPL,RINL,SIRT2,NFKBIB,CCER2,SARS2,ENSG00000269547,MRPS12,FBXO17,FBXO27,ACP7,PAK4,NCCRP1,SYCN,IFNL3	0.009575060613011784	0.014240513170410415
chr19	38770968	39385710	LGALS7,LGALS7B,LGALS4,ECH1,ENSG00000268083,HNRNPL,RINL,SIRT2,NFKBIB,CCER2,SARS2,ENSG00000269547,MRPS12,FBXO17,FBXO27,ACP7,PAK4,NCCRP1,SYCN,IFNL3,IFNL2,IFNL1,LRFN1,GMFG,SAMD4B	0.007511369105267869	0.009740670053871223
chr19	38836370	39435949	HNRNPL,RINL,SIRT2,NFKBIB,CCER2,SARS2,ENSG00000269547,MRPS12,FBXO17,FBXO27,ACP7,PAK4,NCCRP1,SYCN,IFNL3,IFNL2,IFNL1,LRFN1,GMFG,SAMD4B,PAF1,MED29,ZFP36,PLEKHG2,RPS16	0.0041270372807412515	0.004519394666932055
chr19	38915266	39532852	SARS2,ENSG00000269547,MRPS12,FBXO17,FBXO27,ACP7,PAK4,NCCRP1,SYCN,IFNL3,IFNL2,IFNL1,LRFN1,GMFG,SAMD4B,PAF1,MED29,ZFP36,PLEKHG2,RPS16,SUPT5H,TIMM50,DLL3,SELENOV,EID2B	0.011670519081645314	0.00931600594219149
chr19	39083913	39738029	ACP7,PAK4,NCCRP1,SYCN,IFNL3,IFNL2,IFNL1,LRFN1,GMFG,SAMD4B,PAF1,MED29,ZFP36,PLEKHG2,RPS16,SUPT5H,TIMM50,DLL3,SELENOV,EID2B,EID2,LGALS13,LGALS16,LGALS14,CLC	0.020171631608554567	0.006379499929572415
chr19	39268396	39981764	IFNL2,IFNL1,LRFN1,GMFG,SAMD4B,PAF1,MED29,ZFP36,PLEKHG2,RPS16,SUPT5H,TIMM50,DLL3,SELENOV,EID2B,EID2,LGALS13,LGALS16,LGALS14,CLC,LEUTX,DYRK1B,FBL,FCGBP,PSMC4	0.01708867574654648	0.008104777634902626
chr19	39385629	40218384	PAF1,MED29,ZFP36,PLEKHG2,RPS16,SUPT5H,TIMM50,DLL3,SELENOV,EID2B,EID2,LGALS13,LGALS16,LGALS14,CLC,LEUTX,DYRK1B,FBL,FCGBP,PSMC4,ZNF546,ZNF780B,ZNF780A,MAP3K10,TTC9B	0.013446292890994414	0.010593314661406221
chr19	39436156	40390181	SUPT5H,TIMM50,DLL3,SELENOV,EID2B,EID2,LGALS13,LGALS16,LGALS14,CLC,LEUTX,DYRK1B,FBL,FCGBP,PSMC4,ZNF546,ZNF780B,ZNF780A,MAP3K10,TTC9B,CCNP,AKT2,C19orf47,PLD3,HIPK4	0.007765927363404298	0.01315535801788235
chr19	39538707	40576464	EID2,LGALS13,LGALS16,LGALS14,CLC,LEUTX,DYRK1B,FBL,FCGBP,PSMC4,ZNF546,ZNF780B,ZNF780A,MAP3K10,TTC9B,CCNP,AKT2,C19orf47,PLD3,HIPK4,PRX,SERTAD1,SERTAD3,BLVRB,SPTBN4	-0.0005536732803877284	0.009670692434961771
chr19	39776595	40740860	LEUTX,DYRK1B,FBL,FCGBP,PSMC4,ZNF546,ZNF780B,ZNF780A,MAP3K10,TTC9B,CCNP,AKT2,C19orf47,PLD3,HIPK4,PRX,SERTAD1,SERTAD3,BLVRB,SPTBN4,SHKBP1,LTBP4,NUMBL,COQ8B,ITPKC	-0.0029755285728887628	0.009279797814263552
chr19	39984134	40808418	ZNF546,ZNF780B,ZNF780A,MAP3K10,TTC9B,CCNP,AKT2,C19orf47,PLD3,HIPK4,PRX,SERTAD1,SERTAD3,BLVRB,SPTBN4,SHKBP1,LTBP4,NUMBL,COQ8B,ITPKC,SNRPA,MIA-RAB4B,MIA,RAB4B,RAB4B-EGLN2	0.004270766734413685	0.013882537397175208
chr19	40222208	41018398	CCNP,AKT2,C19orf47,PLD3,HIPK4,PRX,SERTAD1,SERTAD3,BLVRB,SPTBN4,SHKBP1,LTBP4,NUMBL,COQ8B,ITPKC,SNRPA,MIA-RAB4B,MIA,RAB4B,RAB4B-EGLN2,EGLN2,ENSG00000268797,CYP2A6,CYP2A7,CYP2B6	0.015006675194895269	0.017281906381424097
chr19	40393766	41307787	PRX,SERTAD1,SERTAD3,BLVRB,SPTBN4,SHKBP1,LTBP4,NUMBL,COQ8B,ITPKC,SNRPA,MIA-RAB4B,MIA,RAB4B,RAB4B-EGLN2,EGLN2,ENSG00000268797,CYP2A6,CYP2A7,CYP2B6,CYP2A13,CYP2F1,CYP2S1,AXL,HNRNPUL1	0.00847822387083518	0.008436794373848587
chr19	40576853	41425001	SHKBP1,LTBP4,NUMBL,COQ8B,ITPKC,SNRPA,MIA-RAB4B,MIA,RAB4B,RAB4B-EGLN2,EGLN2,ENSG00000268797,CYP2A6,CYP2A7,CYP2B6,CYP2A13,CYP2F1,CYP2S1,AXL,HNRNPUL1,TGFB1,CCDC97,ENSG00000255730,TMEM91,B9D2	0.003271871976771574	0.002522311246761334
chr19	40750637	41444765	SNRPA,MIA-RAB4B,MIA,RAB4B,RAB4B-EGLN2,EGLN2,ENSG00000268797,CYP2A6,CYP2A7,CYP2B6,CYP2A13,CYP2F1,CYP2S1,AXL,HNRNPUL1,TGFB1,CCDC97,ENSG00000255730,TMEM91,B9D2,EXOSC5,BCKDHA,B3GNT8,DMAC2,ERICH4	0.005864915540883322	0.006421968736664419
chr19	40798996	41756737	EGLN2,ENSG00000268797,CYP2A6,CYP2A7,CYP2B6,CYP2A13,CYP2F1,CYP2S1,AXL,HNRNPUL1,TGFB1,CCDC97,ENSG00000255730,TMEM91,B9D2,EXOSC5,BCKDHA,B3GNT8,DMAC2,ERICH4,CEACAM21,CEACAM4,CEACAM7,CEACAM5,ENSG00000267881	0.008550437402723423	0.009735516915785957
chr19	41088451	41872925	CYP2A13,CYP2F1,CYP2S1,AXL,HNRNPUL1,TGFB1,CCDC97,ENSG00000255730,TMEM91,B9D2,EXOSC5,BCKDHA,B3GNT8,DMAC2,ERICH4,CEACAM21,CEACAM4,CEACAM7,CEACAM5,ENSG00000267881,CEACAM6,CEACAM3,LYPD4,DMRTC2,RPS19	0.0063220216216302305	0.007327790249554598
chr19	41301587	41994232	TGFB1,CCDC97,ENSG00000255730,TMEM91,B9D2,EXOSC5,BCKDHA,B3GNT8,DMAC2,ERICH4,CEACAM21,CEACAM4,CEACAM7,CEACAM5,ENSG00000267881,CEACAM6,CEACAM3,LYPD4,DMRTC2,RPS19,CD79A,ARHGEF1,ERFL,RABAC1,ENSG00000285505	0.001961946023120292	0.0024445465741066677
chr19	41386371	42220140	EXOSC5,BCKDHA,B3GNT8,DMAC2,ERICH4,CEACAM21,CEACAM4,CEACAM7,CEACAM5,ENSG00000267881,CEACAM6,CEACAM3,LYPD4,DMRTC2,RPS19,CD79A,ARHGEF1,ERFL,RABAC1,ENSG00000285505,ATP1A3,GRIK5,ZNF574,POU2F2,DEDD2	-0.005352681192212501	0.0015518542589978636
chr19	41549518	42255132	CEACAM21,CEACAM4,CEACAM7,CEACAM5,ENSG00000267881,CEACAM6,CEACAM3,LYPD4,DMRTC2,RPS19,CD79A,ARHGEF1,ERFL,RABAC1,ENSG00000285505,ATP1A3,GRIK5,ZNF574,POU2F2,DEDD2,ENSG00000288671,ZNF526,GSK3A,ENSG00000268643,ERF	-0.006339112257366903	0.005862524733946671
chr19	41750977	42378769	CEACAM6,CEACAM3,LYPD4,DMRTC2,RPS19,CD79A,ARHGEF1,ERFL,RABAC1,ENSG00000285505,ATP1A3,GRIK5,ZNF574,POU2F2,DEDD2,ENSG00000288671,ZNF526,GSK3A,ENSG00000268643,ERF,CIC,PAFAH1B3,PRR19,TMEM145,MEGF8	-0.005723122814639991	0.008269991217466199
chr19	41877279	42595055	CD79A,ARHGEF1,ERFL,RABAC1,ENSG00000285505,ATP1A3,GRIK5,ZNF574,POU2F2,DEDD2,ENSG00000288671,ZNF526,GSK3A,ENSG00000268643,ERF,CIC,PAFAH1B3,PRR19,TMEM145,MEGF8,CNFN,LIPE,CXCL17,CEACAM1,CEACAM8	-0.00854898281499011	0.006709450416969389
chr19	41966582	42937207	ATP1A3,GRIK5,ZNF574,POU2F2,DEDD2,ENSG00000288671,ZNF526,GSK3A,ENSG00000268643,ERF,CIC,PAFAH1B3,PRR19,TMEM145,MEGF8,CNFN,LIPE,CXCL17,CEACAM1,CEACAM8,PSG3,PSG8,PSG1,PSG6,PSG7	-0.009843782957381917	0.0017673416290825397
chr19	42215133	43269530	ENSG00000288671,ZNF526,GSK3A,ENSG00000268643,ERF,CIC,PAFAH1B3,PRR19,TMEM145,MEGF8,CNFN,LIPE,CXCL17,CEACAM1,CEACAM8,PSG3,PSG8,PSG1,PSG6,PSG7,PSG11,PSG2,PSG5,PSG4,PSG9	0.003451191689164508	0.005118435974094896
chr19	42268537	43527230	CIC,PAFAH1B3,PRR19,TMEM145,MEGF8,CNFN,LIPE,CXCL17,CEACAM1,CEACAM8,PSG3,PSG8,PSG1,PSG6,PSG7,PSG11,PSG2,PSG5,PSG4,PSG9,CD177,TEX101,LYPD3,PHLDB3,ETHE1	0.0006746136150528	0.0005351649117758895
chr19	42387019	43596134	CNFN,LIPE,CXCL17,CEACAM1,CEACAM8,PSG3,PSG8,PSG1,PSG6,PSG7,PSG11,PSG2,PSG5,PSG4,PSG9,CD177,TEX101,LYPD3,PHLDB3,ETHE1,ZNF575,XRCC1,ENSG00000268361,PINLYP,IRGQ	0.00045024983423626883	0.0007839393631291535
chr19	42721638	43670547	PSG3,PSG8,PSG1,PSG6,PSG7,PSG11,PSG2,PSG5,PSG4,PSG9,CD177,TEX101,LYPD3,PHLDB3,ETHE1,ZNF575,XRCC1,ENSG00000268361,PINLYP,IRGQ,ZNF576,SRRM5,ZNF428,CADM4,PLAUR	0.0028523415506666737	0.00579235702669334
chr19	43007656	43852017	PSG11,PSG2,PSG5,PSG4,PSG9,CD177,TEX101,LYPD3,PHLDB3,ETHE1,ZNF575,XRCC1,ENSG00000268361,PINLYP,IRGQ,ZNF576,SRRM5,ZNF428,CADM4,PLAUR,IRGC,SMG9,KCNN4,LYPD5,ZNF283	0.0007515481621149505	0.008529055793825124
chr19	43353686	44013924	CD177,TEX101,LYPD3,PHLDB3,ETHE1,ZNF575,XRCC1,ENSG00000268361,PINLYP,IRGQ,ZNF576,SRRM5,ZNF428,CADM4,PLAUR,IRGC,SMG9,KCNN4,LYPD5,ZNF283,ZNF404,ZNF45,ZNF221,ZNF155,ZNF230	-0.014245439145068253	0.0020074729931347946
chr19	43525497	44109886	ZNF575,XRCC1,ENSG00000268361,PINLYP,IRGQ,ZNF576,SRRM5,ZNF428,CADM4,PLAUR,IRGC,SMG9,KCNN4,LYPD5,ZNF283,ZNF404,ZNF45,ZNF221,ZNF155,ZNF230,ZNF222,ENSG00000267022,ZNF223,ZNF284,ZNF224	0.001517830122503108	0.005718260746757056
chr19	43596392	44305046	ZNF576,SRRM5,ZNF428,CADM4,PLAUR,IRGC,SMG9,KCNN4,LYPD5,ZNF283,ZNF404,ZNF45,ZNF221,ZNF155,ZNF230,ZNF222,ENSG00000267022,ZNF223,ZNF284,ZNF224,ZNF225,ZNF234,ZNF226,ZNF227,ZNF235	0.004733125719003223	0.005412450714718361
chr19	43716076	44448578	IRGC,SMG9,KCNN4,LYPD5,ZNF283,ZNF404,ZNF45,ZNF221,ZNF155,ZNF230,ZNF222,ENSG00000267022,ZNF223,ZNF284,ZNF224,ZNF225,ZNF234,ZNF226,ZNF227,ZNF235,ZNF233,ZNF112,ENSG00000267173,ZNF285,ZNF229	0.007770624773627033	0.007092008157689089
chr19	43872365	44684359	ZNF404,ZNF45,ZNF221,ZNF155,ZNF230,ZNF222,ENSG00000267022,ZNF223,ZNF284,ZNF224,ZNF225,ZNF234,ZNF226,ZNF227,ZNF235,ZNF233,ZNF112,ENSG00000267173,ZNF285,ZNF229,ZNF180,CEACAM20,IGSF23,PVR,CEACAM19	0.010617193613882452	0.010048912963829155
chr19	44025342	44889223	ZNF222,ENSG00000267022,ZNF223,ZNF284,ZNF224,ZNF225,ZNF234,ZNF226,ZNF227,ZNF235,ZNF233,ZNF112,ENSG00000267173,ZNF285,ZNF229,ZNF180,CEACAM20,IGSF23,PVR,CEACAM19,CEACAM16,BCL3,CBLC,BCAM,NECTIN2	0.0070458388276516196	0.007415160619804589
chr19	44112181	44949565	ZNF225,ZNF234,ZNF226,ZNF227,ZNF235,ZNF233,ZNF112,ENSG00000267173,ZNF285,ZNF229,ZNF180,CEACAM20,IGSF23,PVR,CEACAM19,CEACAM16,BCL3,CBLC,BCAM,NECTIN2,TOMM40,APOE,APOC1,APOC4,APOC4-APOC2	0.004363453859779989	0.004723844344358329
chr19	44259880	45076478	ZNF233,ZNF112,ENSG00000267173,ZNF285,ZNF229,ZNF180,CEACAM20,IGSF23,PVR,CEACAM19,CEACAM16,BCL3,CBLC,BCAM,NECTIN2,TOMM40,APOE,APOC1,APOC4,APOC4-APOC2,APOC2,CLPTM1,RELB,CLASRP,ZNF296	0.006989859908732497	0.006674098986820766
chr19	44474428	45305284	ZNF180,CEACAM20,IGSF23,PVR,CEACAM19,CEACAM16,BCL3,CBLC,BCAM,NECTIN2,TOMM40,APOE,APOC1,APOC4,APOC4-APOC2,APOC2,CLPTM1,RELB,CLASRP,ZNF296,GEMIN7,MARK4,PPP1R37,NKPD1,TRAPPC6A	0.009397637807319215	0.008884153236228999
chr19	44699151	45370918	CEACAM16,BCL3,CBLC,BCAM,NECTIN2,TOMM40,APOE,APOC1,APOC4,APOC4-APOC2,APOC2,CLPTM1,RELB,CLASRP,ZNF296,GEMIN7,MARK4,PPP1R37,NKPD1,TRAPPC6A,BLOC1S3,EXOC3L2,CKM,KLC3,ERCC2	0.009417541870758018	0.010234931785547926
chr19	44890569	45497055	TOMM40,APOE,APOC1,APOC4,APOC4-APOC2,APOC2,CLPTM1,RELB,CLASRP,ZNF296,GEMIN7,MARK4,PPP1R37,NKPD1,TRAPPC6A,BLOC1S3,EXOC3L2,CKM,KLC3,ERCC2,PPP1R13L,POLR1G,ERCC1,FOSB,RTN2	0.008814890319341817	0.011042217517668571
chr19	44946035	45645602	APOC2,CLPTM1,RELB,CLASRP,ZNF296,GEMIN7,MARK4,PPP1R37,NKPD1,TRAPPC6A,BLOC1S3,EXOC3L2,CKM,KLC3,ERCC2,PPP1R13L,POLR1G,ERCC1,FOSB,RTN2,PPM1N,VASP,OPA3,GPR4,EML2	0.005466151428916743	0.008665136453893475
chr19	45079195	45764541	GEMIN7,MARK4,PPP1R37,NKPD1,TRAPPC6A,BLOC1S3,EXOC3L2,CKM,KLC3,ERCC2,PPP1R13L,POLR1G,ERCC1,FOSB,RTN2,PPM1N,VASP,OPA3,GPR4,EML2,GIPR,SNRPD2,QPCTL,FBXO46,MEIOSIN	0.007936531861840767	0.013990746642589303
chr19	45178784	45815308	BLOC1S3,EXOC3L2,CKM,KLC3,ERCC2,PPP1R13L,POLR1G,ERCC1,FOSB,RTN2,PPM1N,VASP,OPA3,GPR4,EML2,GIPR,SNRPD2,QPCTL,FBXO46,MEIOSIN,SIX5,DMPK,ENSG00000268434,DMWD,RSPH6A	0.008193583933672019	0.011066954081184615
chr19	45379638	45914778	PPP1R13L,POLR1G,ERCC1,FOSB,RTN2,PPM1N,VASP,OPA3,GPR4,EML2,GIPR,SNRPD2,QPCTL,FBXO46,MEIOSIN,SIX5,DMPK,ENSG00000268434,DMWD,RSPH6A,SYMPK,FOXA3,IRF2BP1,MYPOP,NANOS2	0.01051666551986892	0.010224824282934293
chr19	45488777	46124688	PPM1N,VASP,OPA3,GPR4,EML2,GIPR,SNRPD2,QPCTL,FBXO46,MEIOSIN,SIX5,DMPK,ENSG00000268434,DMWD,RSPH6A,SYMPK,FOXA3,IRF2BP1,MYPOP,NANOS2,NOVA2,CCDC61,PGLYRP1,IGFL4,IGFL3	0.009507174023137622	0.007830013807174187
chr19	45668221	46413564	GIPR,SNRPD2,QPCTL,FBXO46,MEIOSIN,SIX5,DMPK,ENSG00000268434,DMWD,RSPH6A,SYMPK,FOXA3,IRF2BP1,MYPOP,NANOS2,NOVA2,CCDC61,PGLYRP1,IGFL4,IGFL3,IGFL2,IGFL1,HIF3A,PPP5C,CCDC8	0.009046879796611673	0.008456500364120692
chr19	45764785	46625089	SIX5,DMPK,ENSG00000268434,DMWD,RSPH6A,SYMPK,FOXA3,IRF2BP1,MYPOP,NANOS2,NOVA2,CCDC61,PGLYRP1,IGFL4,IGFL3,IGFL2,IGFL1,HIF3A,PPP5C,CCDC8,PNMA8C,PNMA8A,PNMA8B,CALM3,PTGIR	0.006728271076683117	0.00793544126894892
chr19	45815410	46776988	SYMPK,FOXA3,IRF2BP1,MYPOP,NANOS2,NOVA2,CCDC61,PGLYRP1,IGFL4,IGFL3,IGFL2,IGFL1,HIF3A,PPP5C,CCDC8,PNMA8C,PNMA8A,PNMA8B,CALM3,PTGIR,GNG8,DACT3,PRKD2,STRN4,FKRP	0.006365899117455912	0.013077870669458168
chr19	45933734	47048624	NOVA2,CCDC61,PGLYRP1,IGFL4,IGFL3,IGFL2,IGFL1,HIF3A,PPP5C,CCDC8,PNMA8C,PNMA8A,PNMA8B,CALM3,PTGIR,GNG8,DACT3,PRKD2,STRN4,FKRP,SLC1A5,AP2S1,ARHGAP35,NPAS1,TMEM160	-0.009297495373517378	0.0047438993724118
chr19	46143106	47275723	IGFL2,IGFL1,HIF3A,PPP5C,CCDC8,PNMA8C,PNMA8A,PNMA8B,CALM3,PTGIR,GNG8,DACT3,PRKD2,STRN4,FKRP,SLC1A5,AP2S1,ARHGAP35,NPAS1,TMEM160,ZC3H4,SAE1,BBC3,CCDC9,INAFM1	-0.014192532575202121	0.006207481586848416
chr19	46424697	47471893	PNMA8C,PNMA8A,PNMA8B,CALM3,PTGIR,GNG8,DACT3,PRKD2,STRN4,FKRP,SLC1A5,AP2S1,ARHGAP35,NPAS1,TMEM160,ZC3H4,SAE1,BBC3,CCDC9,INAFM1,C5AR1,C5AR2,DHX34,MEIS3,SLC8A2	-0.01617358189259683	0.005880255409279318
chr19	46633953	47743134	GNG8,DACT3,PRKD2,STRN4,FKRP,SLC1A5,AP2S1,ARHGAP35,NPAS1,TMEM160,ZC3H4,SAE1,BBC3,CCDC9,INAFM1,C5AR1,C5AR2,DHX34,MEIS3,SLC8A2,KPTN,NAPA,ZNF541,BICRA,EHD2	-0.008774576566330771	0.007382838161981348
chr19	46774883	47886315	SLC1A5,AP2S1,ARHGAP35,NPAS1,TMEM160,ZC3H4,SAE1,BBC3,CCDC9,INAFM1,C5AR1,C5AR2,DHX34,MEIS3,SLC8A2,KPTN,NAPA,ZNF541,BICRA,EHD2,NOP53,SELENOW,TPRX1,CRX,SULT2A1	-0.0050216331950942725	0.00882026566542798
chr19	47064187	48170603	ZC3H4,SAE1,BBC3,CCDC9,INAFM1,C5AR1,C5AR2,DHX34,MEIS3,SLC8A2,KPTN,NAPA,ZNF541,BICRA,EHD2,NOP53,SELENOW,TPRX1,CRX,SULT2A1,BSPH1,ELSPBP1,CABP5,PLA2G4C,LIG1	-0.004763819947710145	0.007152964363291408
chr19	47290023	48330553	C5AR1,C5AR2,DHX34,MEIS3,SLC8A2,KPTN,NAPA,ZNF541,BICRA,EHD2,NOP53,SELENOW,TPRX1,CRX,SULT2A1,BSPH1,ELSPBP1,CABP5,PLA2G4C,LIG1,ZSWIM9,CARD8,ZNF114,ODAD1,EMP3	-0.0050490628955395765	0.0022884136919823156
chr19	47475150	48457022	KPTN,NAPA,ZNF541,BICRA,EHD2,NOP53,SELENOW,TPRX1,CRX,SULT2A1,BSPH1,ELSPBP1,CABP5,PLA2G4C,LIG1,ZSWIM9,CARD8,ZNF114,ODAD1,EMP3,TMEM143,SYNGR4,KDELR1,GRIN2D,GRWD1	0.0033669677892386395	0.00505492506516458
chr19	47745546	48599425	NOP53,SELENOW,TPRX1,CRX,SULT2A1,BSPH1,ELSPBP1,CABP5,PLA2G4C,LIG1,ZSWIM9,CARD8,ZNF114,ODAD1,EMP3,TMEM143,SYNGR4,KDELR1,GRIN2D,GRWD1,KCNJ14,ENSG00000268465,CYTH2,LMTK3,SULT2B1	0.005631520284945339	0.007550017661363379
chr19	47968046	48637379	BSPH1,ELSPBP1,CABP5,PLA2G4C,LIG1,ZSWIM9,CARD8,ZNF114,ODAD1,EMP3,TMEM143,SYNGR4,KDELR1,GRIN2D,GRWD1,KCNJ14,ENSG00000268465,CYTH2,LMTK3,SULT2B1,FAM83E,SPACA4,RPL18,SPHK2,DBP	0.008542208777752278	0.011784993864874535
chr19	48170680	48740610	ZSWIM9,CARD8,ZNF114,ODAD1,EMP3,TMEM143,SYNGR4,KDELR1,GRIN2D,GRWD1,KCNJ14,ENSG00000268465,CYTH2,LMTK3,SULT2B1,FAM83E,SPACA4,RPL18,SPHK2,DBP,CA11,NTN5,FUT2,MAMSTR,RASIP1	0.0036011403081202117	0.008593002627215565
chr19	48332356	48836510	TMEM143,SYNGR4,KDELR1,GRIN2D,GRWD1,KCNJ14,ENSG00000268465,CYTH2,LMTK3,SULT2B1,FAM83E,SPACA4,RPL18,SPHK2,DBP,CA11,NTN5,FUT2,MAMSTR,RASIP1,IZUMO1,FUT1,FGF21,BCAT2,HSD17B14	-0.003492307133010349	0.0020471571516562244
chr19	48455574	48944969	KCNJ14,ENSG00000268465,CYTH2,LMTK3,SULT2B1,FAM83E,SPACA4,RPL18,SPHK2,DBP,CA11,NTN5,FUT2,MAMSTR,RASIP1,IZUMO1,FUT1,FGF21,BCAT2,HSD17B14,PLEKHA4,PPP1R15A,TULP2,NUCB1,DHDH	0.0030929652207193656	0.0031800197198727943
chr19	48599961	49017091	FAM83E,SPACA4,RPL18,SPHK2,DBP,CA11,NTN5,FUT2,MAMSTR,RASIP1,IZUMO1,FUT1,FGF21,BCAT2,HSD17B14,PLEKHA4,PPP1R15A,TULP2,NUCB1,DHDH,BAX,FTL,GYS1,RUVBL2,LHB	0.004843596699002625	0.0055998772193002365
chr19	48637946	49036895	CA11,NTN5,FUT2,MAMSTR,RASIP1,IZUMO1,FUT1,FGF21,BCAT2,HSD17B14,PLEKHA4,PPP1R15A,TULP2,NUCB1,DHDH,BAX,FTL,GYS1,RUVBL2,LHB,ENSG00000268655,CGB3,ENSG00000267335,CGB2,CGB1	0.002104380777260888	0.008474660358796043
chr19	48740852	49065076	IZUMO1,FUT1,FGF21,BCAT2,HSD17B14,PLEKHA4,PPP1R15A,TULP2,NUCB1,DHDH,BAX,FTL,GYS1,RUVBL2,LHB,ENSG00000268655,CGB3,ENSG00000267335,CGB2,CGB1,CGB5,CGB8,CGB7,ENSG00000283663,NTF4	-0.003746688139119477	0.0051145265515191675
chr19	48837092	49151026	PLEKHA4,PPP1R15A,TULP2,NUCB1,DHDH,BAX,FTL,GYS1,RUVBL2,LHB,ENSG00000268655,CGB3,ENSG00000267335,CGB2,CGB1,CGB5,CGB8,CGB7,ENSG00000283663,NTF4,KCNA7,SNRNP70,LIN7B,C19orf73,PPFIA3	0.002406735062662963	0.003964651317093908
chr19	48954815	49362457	BAX,FTL,GYS1,RUVBL2,LHB,ENSG00000268655,CGB3,ENSG00000267335,CGB2,CGB1,CGB5,CGB8,CGB7,ENSG00000283663,NTF4,KCNA7,SNRNP70,LIN7B,C19orf73,PPFIA3,HRC,TRPM4,SLC6A16,CD37,TEAD2	0.004733520739046216	0.005013808652857227
chr19	49017968	49442360	ENSG00000268655,CGB3,ENSG00000267335,CGB2,CGB1,CGB5,CGB8,CGB7,ENSG00000283663,NTF4,KCNA7,SNRNP70,LIN7B,C19orf73,PPFIA3,HRC,TRPM4,SLC6A16,CD37,TEAD2,DKKL1,KASH5,PTH2,GFY,SLC17A7	0.013221257492351821	0.013689568939566717
chr19	49043848	49493057	CGB5,CGB8,CGB7,ENSG00000283663,NTF4,KCNA7,SNRNP70,LIN7B,C19orf73,PPFIA3,HRC,TRPM4,SLC6A16,CD37,TEAD2,DKKL1,KASH5,PTH2,GFY,SLC17A7,PIH1D1,ALDH16A1,ENSG00000269469,FLT3LG,RPL13A	0.00787221691431242	0.008450252616389436
chr19	49067397	49591004	KCNA7,SNRNP70,LIN7B,C19orf73,PPFIA3,HRC,TRPM4,SLC6A16,CD37,TEAD2,DKKL1,KASH5,PTH2,GFY,SLC17A7,PIH1D1,ALDH16A1,ENSG00000269469,FLT3LG,RPL13A,RPS11,FCGRT,RCN3,NOSIP,PRRG2	0.01246773576752085	0.00982526297788348
chr19	49151198	49673916	HRC,TRPM4,SLC6A16,CD37,TEAD2,DKKL1,KASH5,PTH2,GFY,SLC17A7,PIH1D1,ALDH16A1,ENSG00000269469,FLT3LG,RPL13A,RPS11,FCGRT,RCN3,NOSIP,PRRG2,PRR12,RRAS,SCAF1,IRF3,BCL2L12	0.022035552432418403	0.005218874117682786
chr19	49361783	49807114	DKKL1,KASH5,PTH2,GFY,SLC17A7,PIH1D1,ALDH16A1,ENSG00000269469,FLT3LG,RPL13A,RPS11,FCGRT,RCN3,NOSIP,PRRG2,PRR12,RRAS,SCAF1,IRF3,BCL2L12,PRMT1,ADM5,CPT1C,TSKS,AP2A1	0.02208213628847125	0.004573630589481684
chr19	49446298	49878459	PIH1D1,ALDH16A1,ENSG00000269469,FLT3LG,RPL13A,RPS11,FCGRT,RCN3,NOSIP,PRRG2,PRR12,RRAS,SCAF1,IRF3,BCL2L12,PRMT1,ADM5,CPT1C,TSKS,AP2A1,FUZ,MED25,PTOV1,PNKP,AKT1S1	0.010797145873432154	0.006215162873320753
chr19	49496365	49958391	RPS11,FCGRT,RCN3,NOSIP,PRRG2,PRR12,RRAS,SCAF1,IRF3,BCL2L12,PRMT1,ADM5,CPT1C,TSKS,AP2A1,FUZ,MED25,PTOV1,PNKP,AKT1S1,TBC1D17,IL4I1,NUP62,ENSG00000269179,ATF5	-0.0002406320152388545	0.0054718125190515
chr19	49591182	50310542	PRR12,RRAS,SCAF1,IRF3,BCL2L12,PRMT1,ADM5,CPT1C,TSKS,AP2A1,FUZ,MED25,PTOV1,PNKP,AKT1S1,TBC1D17,IL4I1,NUP62,ENSG00000269179,ATF5,SIGLEC11,VRK3,ZNF473,IZUMO2,MYH14	0.005775850944097343	0.00828834723540855
chr19	49675786	50428409	PRMT1,ADM5,CPT1C,TSKS,AP2A1,FUZ,MED25,PTOV1,PNKP,AKT1S1,TBC1D17,IL4I1,NUP62,ENSG00000269179,ATF5,SIGLEC11,VRK3,ZNF473,IZUMO2,MYH14,KCNC3,NR1H2,NAPSA,POLD1,ENSG00000142539	0.013002313765945713	0.013529650472173608
chr19	49806866	50514690	FUZ,MED25,PTOV1,PNKP,AKT1S1,TBC1D17,IL4I1,NUP62,ENSG00000269179,ATF5,SIGLEC11,VRK3,ZNF473,IZUMO2,MYH14,KCNC3,NR1H2,NAPSA,POLD1,ENSG00000142539,SPIB,MYBPC2,EMC10,JOSD2,ASPDH	0.007114852544856645	0.006707365600254931
chr19	49877666	50725708	TBC1D17,IL4I1,NUP62,ENSG00000269179,ATF5,SIGLEC11,VRK3,ZNF473,IZUMO2,MYH14,KCNC3,NR1H2,NAPSA,POLD1,ENSG00000142539,SPIB,MYBPC2,EMC10,JOSD2,ASPDH,LRRC4B,SYT3,C19orf81,SHANK1,CLEC11A	0.005467923891798407	0.0062299002980555655
chr19	49948985	50860764	SIGLEC11,VRK3,ZNF473,IZUMO2,MYH14,KCNC3,NR1H2,NAPSA,POLD1,ENSG00000142539,SPIB,MYBPC2,EMC10,JOSD2,ASPDH,LRRC4B,SYT3,C19orf81,SHANK1,CLEC11A,GPR32,ACP4,KLK1,KLK15,KLK3	0.010699973687909422	0.01320734183276125
chr19	50311937	50984099	KCNC3,NR1H2,NAPSA,POLD1,ENSG00000142539,SPIB,MYBPC2,EMC10,JOSD2,ASPDH,LRRC4B,SYT3,C19orf81,SHANK1,CLEC11A,GPR32,ACP4,KLK1,KLK15,KLK3,KLK2,KLK4,KLK5,KLK6,KLK7	0.010766149947395977	0.01233415211413962
chr19	50418938	51028039	SPIB,MYBPC2,EMC10,JOSD2,ASPDH,LRRC4B,SYT3,C19orf81,SHANK1,CLEC11A,GPR32,ACP4,KLK1,KLK15,KLK3,KLK2,KLK4,KLK5,KLK6,KLK7,KLK8,ENSG00000269741,KLK9,KLK10,KLK11	0.003816169526708475	0.0038475347736459825
chr19	50516892	51136651	LRRC4B,SYT3,C19orf81,SHANK1,CLEC11A,GPR32,ACP4,KLK1,KLK15,KLK3,KLK2,KLK4,KLK5,KLK6,KLK7,KLK8,ENSG00000269741,KLK9,KLK10,KLK11,KLK12,KLK13,KLK14,CTU1,SIGLEC9	0.0006500766587061027	0.0003325874463755001
chr19	50770464	51342139	GPR32,ACP4,KLK1,KLK15,KLK3,KLK2,KLK4,KLK5,KLK6,KLK7,KLK8,ENSG00000269741,KLK9,KLK10,KLK11,KLK12,KLK13,KLK14,CTU1,SIGLEC9,SIGLEC7,CD33,SIGLECL1,IGLON5,VSIG10L	0.00042164110833187304	0.00030843879866902893
chr19	50861568	51387974	KLK2,KLK4,KLK5,KLK6,KLK7,KLK8,ENSG00000269741,KLK9,KLK10,KLK11,KLK12,KLK13,KLK14,CTU1,SIGLEC9,SIGLEC7,CD33,SIGLECL1,IGLON5,VSIG10L,ETFB,ENSG00000269403,CLDND2,NKG7,LIM2	0.0032822215335614473	0.0040902571648614985
chr19	50996007	51501800	KLK8,ENSG00000269741,KLK9,KLK10,KLK11,KLK12,KLK13,KLK14,CTU1,SIGLEC9,SIGLEC7,CD33,SIGLECL1,IGLON5,VSIG10L,ETFB,ENSG00000269403,CLDND2,NKG7,LIM2,C19orf84,SIGLEC10,SIGLEC8,CEACAM18,SIGLEC12	0.010630756657353364	0.010102750910344835
chr19	51029092	51712387	KLK12,KLK13,KLK14,CTU1,SIGLEC9,SIGLEC7,CD33,SIGLECL1,IGLON5,VSIG10L,ETFB,ENSG00000269403,CLDND2,NKG7,LIM2,C19orf84,SIGLEC10,SIGLEC8,CEACAM18,SIGLEC12,SIGLEC6,ZNF175,SIGLEC5,SIGLEC14,SPACA6	0.00961445017284197	0.0081898199654721
chr19	51142299	51890950	SIGLEC7,CD33,SIGLECL1,IGLON5,VSIG10L,ETFB,ENSG00000269403,CLDND2,NKG7,LIM2,C19orf84,SIGLEC10,SIGLEC8,CEACAM18,SIGLEC12,SIGLEC6,ZNF175,SIGLEC5,SIGLEC14,SPACA6,HAS1,FPR1,FPR2,FPR3,ZNF577	0.001656986749699522	0.0012640887288948139
chr19	51345169	52030240	ETFB,ENSG00000269403,CLDND2,NKG7,LIM2,C19orf84,SIGLEC10,SIGLEC8,CEACAM18,SIGLEC12,SIGLEC6,ZNF175,SIGLEC5,SIGLEC14,SPACA6,HAS1,FPR1,FPR2,FPR3,ZNF577,ZNF649,ZNF613,ZNF350,ZNF615,ZNF614	0.0019264883384780768	0.0012096632995402742
chr19	51388289	52229518	C19orf84,SIGLEC10,SIGLEC8,CEACAM18,SIGLEC12,SIGLEC6,ZNF175,SIGLEC5,SIGLEC14,SPACA6,HAS1,FPR1,FPR2,FPR3,ZNF577,ZNF649,ZNF613,ZNF350,ZNF615,ZNF614,ZNF432,ZNF841,ZNF616,ZNF836,PPP2R1A	0.0053795556231085945	0.004461177054904545
chr19	51517819	52418412	SIGLEC6,ZNF175,SIGLEC5,SIGLEC14,SPACA6,HAS1,FPR1,FPR2,FPR3,ZNF577,ZNF649,ZNF613,ZNF350,ZNF615,ZNF614,ZNF432,ZNF841,ZNF616,ZNF836,PPP2R1A,ZNF766,ZNF480,ZNF610,ZNF880,ZNF528	0.011524317967136695	0.011070316169362257
chr19	51713112	52690559	HAS1,FPR1,FPR2,FPR3,ZNF577,ZNF649,ZNF613,ZNF350,ZNF615,ZNF614,ZNF432,ZNF841,ZNF616,ZNF836,PPP2R1A,ZNF766,ZNF480,ZNF610,ZNF880,ZNF528,ZNF534,ZNF578,ZNF808,ZNF701,ZNF83	0.013843206839243147	0.01641574353343641
chr19	51889235	52857649	ZNF649,ZNF613,ZNF350,ZNF615,ZNF614,ZNF432,ZNF841,ZNF616,ZNF836,PPP2R1A,ZNF766,ZNF480,ZNF610,ZNF880,ZNF528,ZNF534,ZNF578,ZNF808,ZNF701,ZNF83,ENSG00000269825,ZNF611,ZNF600,ZNF28,ZNF468	0.009993205065254685	0.0174028148468992
chr19	52031378	53016123	ZNF432,ZNF841,ZNF616,ZNF836,PPP2R1A,ZNF766,ZNF480,ZNF610,ZNF880,ZNF528,ZNF534,ZNF578,ZNF808,ZNF701,ZNF83,ENSG00000269825,ZNF611,ZNF600,ZNF28,ZNF468,ZNF320,ZNF888,ZNF816-ZNF321P,ZNF816,ERVV-1	0.007333468952084405	0.01211596951799233
chr19	52269587	53193386	ZNF766,ZNF480,ZNF610,ZNF880,ZNF528,ZNF534,ZNF578,ZNF808,ZNF701,ZNF83,ENSG00000269825,ZNF611,ZNF600,ZNF28,ZNF468,ZNF320,ZNF888,ZNF816-ZNF321P,ZNF816,ERVV-1,ERVV-2,ZNF160,ZNF415,ZNF347,ZNF665	0.006345091400015024	0.006699345898299301
chr19	52429148	53392217	ZNF534,ZNF578,ZNF808,ZNF701,ZNF83,ENSG00000269825,ZNF611,ZNF600,ZNF28,ZNF468,ZNF320,ZNF888,ZNF816-ZNF321P,ZNF816,ERVV-1,ERVV-2,ZNF160,ZNF415,ZNF347,ZNF665,ZNF677,VN1R2,VN1R4,ZNF845,ZNF525	0.006759488784886085	0.005600271631357901
chr19	52650447	53637014	ENSG00000269825,ZNF611,ZNF600,ZNF28,ZNF468,ZNF320,ZNF888,ZNF816-ZNF321P,ZNF816,ERVV-1,ERVV-2,ZNF160,ZNF415,ZNF347,ZNF665,ZNF677,VN1R2,VN1R4,ZNF845,ZNF525,ZNF765,ZNF761,ZNF813,ZNF331,DPRX	0.010286277296441148	0.010051304813712941
chr19	52860851	53990215	ZNF320,ZNF888,ZNF816-ZNF321P,ZNF816,ERVV-1,ERVV-2,ZNF160,ZNF415,ZNF347,ZNF665,ZNF677,VN1R2,VN1R4,ZNF845,ZNF525,ZNF765,ZNF761,ZNF813,ZNF331,DPRX,NLRP12,MYADM,PRKCG,CACNG7,CACNG8	0.008196358157751776	0.00896598366876446
chr19	53044740	54109257	ERVV-2,ZNF160,ZNF415,ZNF347,ZNF665,ZNF677,VN1R2,VN1R4,ZNF845,ZNF525,ZNF765,ZNF761,ZNF813,ZNF331,DPRX,NLRP12,MYADM,PRKCG,CACNG7,CACNG8,CACNG6,VSTM1,TARM1,OSCAR,NDUFA3	0.00659094742275001	0.007853711310827703
chr19	53235381	54173250	ZNF677,VN1R2,VN1R4,ZNF845,ZNF525,ZNF765,ZNF761,ZNF813,ZNF331,DPRX,NLRP12,MYADM,PRKCG,CACNG7,CACNG8,CACNG6,VSTM1,TARM1,OSCAR,NDUFA3,TFPT,PRPF31,CNOT3,LENG1,TMC4	0.006822049798068958	0.009456116867163578
chr19	53389793	54249003	ZNF765,ZNF761,ZNF813,ZNF331,DPRX,NLRP12,MYADM,PRKCG,CACNG7,CACNG8,CACNG6,VSTM1,TARM1,OSCAR,NDUFA3,TFPT,PRPF31,CNOT3,LENG1,TMC4,MBOAT7,TSEN34,RPS9,LILRB3,LILRA6	0.009112818748319745	0.010320388688762151
chr19	53793741	54370558	NLRP12,MYADM,PRKCG,CACNG7,CACNG8,CACNG6,VSTM1,TARM1,OSCAR,NDUFA3,TFPT,PRPF31,CNOT3,LENG1,TMC4,MBOAT7,TSEN34,RPS9,LILRB3,LILRA6,LILRB5,LILRB2,LILRA5,LILRA4,LAIR1	0.007924723719332366	0.00887082069406997
chr19	53991637	54510687	CACNG6,VSTM1,TARM1,OSCAR,NDUFA3,TFPT,PRPF31,CNOT3,LENG1,TMC4,MBOAT7,TSEN34,RPS9,LILRB3,LILRA6,LILRB5,LILRB2,LILRA5,LILRA4,LAIR1,TTYH1,LENG8,LENG9,CDC42EP5,LAIR2	0.012726633321644622	0.004731733432808933
chr19	54107020	54736632	TFPT,PRPF31,CNOT3,LENG1,TMC4,MBOAT7,TSEN34,RPS9,LILRB3,LILRA6,LILRB5,LILRB2,LILRA5,LILRA4,LAIR1,TTYH1,LENG8,LENG9,CDC42EP5,LAIR2,LILRA2,LILRA1,LILRB1,LILRB4,KIR3DL3	0.025316895599864674	0.009525360921539829
chr19	54173412	54867207	MBOAT7,TSEN34,RPS9,LILRB3,LILRA6,LILRB5,LILRB2,LILRA5,LILRA4,LAIR1,TTYH1,LENG8,LENG9,CDC42EP5,LAIR2,LILRA2,LILRA1,LILRB1,LILRB4,KIR3DL3,KIR2DL3,KIR2DL1,KIR2DL4,KIR3DL1,KIR3DL2	0.02751341277886751	0.012409826454969916
chr19	54249421	55038264	LILRB5,LILRB2,LILRA5,LILRA4,LAIR1,TTYH1,LENG8,LENG9,CDC42EP5,LAIR2,LILRA2,LILRA1,LILRB1,LILRB4,KIR3DL3,KIR2DL3,KIR2DL1,KIR2DL4,KIR3DL1,KIR3DL2,FCAR,NCR1,NLRP7,NLRP2,GP6	0.0062208410451959645	0.002748618928025378
chr19	54415219	55157773	TTYH1,LENG8,LENG9,CDC42EP5,LAIR2,LILRA2,LILRA1,LILRB1,LILRB4,KIR3DL3,KIR2DL3,KIR2DL1,KIR2DL4,KIR3DL1,KIR3DL2,FCAR,NCR1,NLRP7,NLRP2,GP6,RDH13,EPS8L1,PPP1R12C,TNNT1,TNNI3	0.0004234913802011229	0.0006972347204707454
chr19	54572920	55228784	LILRA2,LILRA1,LILRB1,LILRB4,KIR3DL3,KIR2DL3,KIR2DL1,KIR2DL4,KIR3DL1,KIR3DL2,FCAR,NCR1,NLRP7,NLRP2,GP6,RDH13,EPS8L1,PPP1R12C,TNNT1,TNNI3,ENSG00000267110,DNAAF3,SYT5,PTPRH,TMEM86B	0.0024354864724660647	0.004092766955370217
chr19	54738513	55348121	KIR2DL3,KIR2DL1,KIR2DL4,KIR3DL1,KIR3DL2,FCAR,NCR1,NLRP7,NLRP2,GP6,RDH13,EPS8L1,PPP1R12C,TNNT1,TNNI3,ENSG00000267110,DNAAF3,SYT5,PTPRH,TMEM86B,PPP6R1,HSPBP1,BRSK1,TMEM150B,KMT5C	0.008477982555194686	0.009862047319600793
chr19	54874235	55384292	FCAR,NCR1,NLRP7,NLRP2,GP6,RDH13,EPS8L1,PPP1R12C,TNNT1,TNNI3,ENSG00000267110,DNAAF3,SYT5,PTPRH,TMEM86B,PPP6R1,HSPBP1,BRSK1,TMEM150B,KMT5C,COX6B2,ENSG00000267706,IL11,TMEM190,TMEM238	0.009686023532196034	0.012080878928369997
chr19	55039108	55464751	RDH13,EPS8L1,PPP1R12C,TNNT1,TNNI3,ENSG00000267110,DNAAF3,SYT5,PTPRH,TMEM86B,PPP6R1,HSPBP1,BRSK1,TMEM150B,KMT5C,COX6B2,ENSG00000267706,IL11,TMEM190,TMEM238,RPL28,UBE2S,SHISA7,ISOC2,C19orf85	0.006886005833437378	0.011466096315386703
chr19	55154757	55545543	ENSG00000267110,DNAAF3,SYT5,PTPRH,TMEM86B,PPP6R1,HSPBP1,BRSK1,TMEM150B,KMT5C,COX6B2,ENSG00000267706,IL11,TMEM190,TMEM238,RPL28,UBE2S,SHISA7,ISOC2,C19orf85,ZNF628,NAT14,SSC5D,SBK2,SBK3	-0.0057106715814587575	0.0040670167273698975
chr19	55229779	55624566	PPP6R1,HSPBP1,BRSK1,TMEM150B,KMT5C,COX6B2,ENSG00000267706,IL11,TMEM190,TMEM238,RPL28,UBE2S,SHISA7,ISOC2,C19orf85,ZNF628,NAT14,SSC5D,SBK2,SBK3,ZNF579,FIZ1,ZNF524,ZNF865,ZNF784	-0.007846869076144004	0.005046936598318206
chr19	55349306	55709858	COX6B2,ENSG00000267706,IL11,TMEM190,TMEM238,RPL28,UBE2S,SHISA7,ISOC2,C19orf85,ZNF628,NAT14,SSC5D,SBK2,SBK3,ZNF579,FIZ1,ZNF524,ZNF865,ZNF784,ZNF580,ZNF581,CCDC106,U2AF2,EPN1	0.002363563794817516	0.0084614319250785
chr19	55385932	55881855	RPL28,UBE2S,SHISA7,ISOC2,C19orf85,ZNF628,NAT14,SSC5D,SBK2,SBK3,ZNF579,FIZ1,ZNF524,ZNF865,ZNF784,ZNF580,ZNF581,CCDC106,U2AF2,EPN1,NLRP9,RFPL4A,RFPL4AL1,NLRP11,NLRP4	0.012394351163301317	0.01316766714878742
chr19	55476617	56160893	ZNF628,NAT14,SSC5D,SBK2,SBK3,ZNF579,FIZ1,ZNF524,ZNF865,ZNF784,ZNF580,ZNF581,CCDC106,U2AF2,EPN1,NLRP9,RFPL4A,RFPL4AL1,NLRP11,NLRP4,NLRP13,NLRP8,NLRP5,ZNF787,ZNF444	0.016439959759965036	0.016776686056746978
chr19	55576774	56368383	ZNF579,FIZ1,ZNF524,ZNF865,ZNF784,ZNF580,ZNF581,CCDC106,U2AF2,EPN1,NLRP9,RFPL4A,RFPL4AL1,NLRP11,NLRP4,NLRP13,NLRP8,NLRP5,ZNF787,ZNF444,GALP,ZSCAN5B,ZSCAN5C,ZSCAN5A,EDDM13	0.007960533418571765	0.007179304015900883
chr19	55635016	56556808	ZNF580,ZNF581,CCDC106,U2AF2,EPN1,NLRP9,RFPL4A,RFPL4AL1,NLRP11,NLRP4,NLRP13,NLRP8,NLRP5,ZNF787,ZNF444,GALP,ZSCAN5B,ZSCAN5C,ZSCAN5A,EDDM13,ZNF582,ZNF583,ZNF667,ZNF471,ZFP28	0.004275460809319933	0.003601035142190511
chr19	55708438	56840731	NLRP9,RFPL4A,RFPL4AL1,NLRP11,NLRP4,NLRP13,NLRP8,NLRP5,ZNF787,ZNF444,GALP,ZSCAN5B,ZSCAN5C,ZSCAN5A,EDDM13,ZNF582,ZNF583,ZNF667,ZNF471,ZFP28,ZNF470,ZNF71,SMIM17,ZNF835,ZIM2	0.0046839774521955195	0.005649586319136154
chr19	55891699	57222846	NLRP13,NLRP8,NLRP5,ZNF787,ZNF444,GALP,ZSCAN5B,ZSCAN5C,ZSCAN5A,EDDM13,ZNF582,ZNF583,ZNF667,ZNF471,ZFP28,ZNF470,ZNF71,SMIM17,ZNF835,ZIM2,PEG3,USP29,ZIM3,DUXA,ZNF264	0.006643780584121263	0.010950073215342911
chr19	56176008	57359898	GALP,ZSCAN5B,ZSCAN5C,ZSCAN5A,EDDM13,ZNF582,ZNF583,ZNF667,ZNF471,ZFP28,ZNF470,ZNF71,SMIM17,ZNF835,ZIM2,PEG3,USP29,ZIM3,DUXA,ZNF264,AURKC,ZNF805,ZNF460,ZNF543,ZNF304	0.005427383579384704	0.007682527437871472
chr19	56375846	57419994	ZNF582,ZNF583,ZNF667,ZNF471,ZFP28,ZNF470,ZNF71,SMIM17,ZNF835,ZIM2,PEG3,USP29,ZIM3,DUXA,ZNF264,AURKC,ZNF805,ZNF460,ZNF543,ZNF304,ZNF547,TRAPPC2B,ENSG00000268133,ZNF548,ENSG00000269533	0.005113731983002137	0.005436345375787269
chr19	56567468	57477536	ZNF470,ZNF71,SMIM17,ZNF835,ZIM2,PEG3,USP29,ZIM3,DUXA,ZNF264,AURKC,ZNF805,ZNF460,ZNF543,ZNF304,ZNF547,TRAPPC2B,ENSG00000268133,ZNF548,ENSG00000269533,ENSG00000268533,ZNF17,ZNF749,ENSG00000268163,VN1R1	0.009152049701288748	0.00912812571034445
chr19	56810077	57557542	PEG3,USP29,ZIM3,DUXA,ZNF264,AURKC,ZNF805,ZNF460,ZNF543,ZNF304,ZNF547,TRAPPC2B,ENSG00000268133,ZNF548,ENSG00000269533,ENSG00000268533,ZNF17,ZNF749,ENSG00000268163,VN1R1,ZNF772,ZNF419,ENSG00000268107,ZNF773,ZNF549	0.009280037391105576	0.008035745703434438
chr19	57231009	57624724	AURKC,ZNF805,ZNF460,ZNF543,ZNF304,ZNF547,TRAPPC2B,ENSG00000268133,ZNF548,ENSG00000269533,ENSG00000268533,ZNF17,ZNF749,ENSG00000268163,VN1R1,ZNF772,ZNF419,ENSG00000268107,ZNF773,ZNF549,ZNF550,ZNF416,ZIK1,ZNF530,ZNF134	0.005748399020981302	0.004661892678220103
chr19	57363477	57753575	ZNF547,TRAPPC2B,ENSG00000268133,ZNF548,ENSG00000269533,ENSG00000268533,ZNF17,ZNF749,ENSG00000268163,VN1R1,ZNF772,ZNF419,ENSG00000268107,ZNF773,ZNF549,ZNF550,ZNF416,ZIK1,ZNF530,ZNF134,ZNF211,ZSCAN4,ZNF551,ENSG00000269026,ZNF154	0.006392706038221408	0.0053226928279114195
chr19	57394183	57858941	ENSG00000268533,ZNF17,ZNF749,ENSG00000268163,VN1R1,ZNF772,ZNF419,ENSG00000268107,ZNF773,ZNF549,ZNF550,ZNF416,ZIK1,ZNF530,ZNF134,ZNF211,ZSCAN4,ZNF551,ENSG00000269026,ZNF154,ZNF671,ZNF776,ZNF586,ZNF552,ENSG00000268750	0.008309406987896714	0.007281559531708618
chr19	57466663	57916610	ZNF772,ZNF419,ENSG00000268107,ZNF773,ZNF549,ZNF550,ZNF416,ZIK1,ZNF530,ZNF134,ZNF211,ZSCAN4,ZNF551,ENSG00000269026,ZNF154,ZNF671,ZNF776,ZNF586,ZNF552,ENSG00000268750,ZNF587B,ZNF814,ZNF587,ENSG00000269476,ZNF417	0.009027441717994276	0.007851793994439605
chr19	57535257	58054631	ZNF550,ZNF416,ZIK1,ZNF530,ZNF134,ZNF211,ZSCAN4,ZNF551,ENSG00000269026,ZNF154,ZNF671,ZNF776,ZNF586,ZNF552,ENSG00000268750,ZNF587B,ZNF814,ZNF587,ENSG00000269476,ZNF417,ZNF418,ZNF256,C19orf18,ZNF606,ZSCAN1	0.009993448408705351	0.007489406096792849
chr19	57630395	58277495	ZNF211,ZSCAN4,ZNF551,ENSG00000269026,ZNF154,ZNF671,ZNF776,ZNF586,ZNF552,ENSG00000268750,ZNF587B,ZNF814,ZNF587,ENSG00000269476,ZNF417,ZNF418,ZNF256,C19orf18,ZNF606,ZSCAN1,ZNF135,ZSCAN18,ZNF329,ZNF274,ZNF544	0.011605511933042581	0.007718417983455203
chr19	57719751	58353492	ZNF671,ZNF776,ZNF586,ZNF552,ENSG00000268750,ZNF587B,ZNF814,ZNF587,ENSG00000269476,ZNF417,ZNF418,ZNF256,C19orf18,ZNF606,ZSCAN1,ZNF135,ZSCAN18,ZNF329,ZNF274,ZNF544,ENSG00000283515,ZNF8,ERVK3-1,ZSCAN22,A1BG	0.015217857457556152	0.010188065503524128
chr19	57819721	58431736	ZNF587B,ZNF814,ZNF587,ENSG00000269476,ZNF417,ZNF418,ZNF256,C19orf18,ZNF606,ZSCAN1,ZNF135,ZSCAN18,ZNF329,ZNF274,ZNF544,ENSG00000283515,ZNF8,ERVK3-1,ZSCAN22,A1BG,ZNF497,ZNF837,RPS5,RNF225,ZNF584	0.01805301553481704	0.012411959218341248
chr19	57921882	58512413	ZNF418,ZNF256,C19orf18,ZNF606,ZSCAN1,ZNF135,ZSCAN18,ZNF329,ZNF274,ZNF544,ENSG00000283515,ZNF8,ERVK3-1,ZSCAN22,A1BG,ZNF497,ZNF837,RPS5,RNF225,ZNF584,ZNF132,ZNF324B,ZNF324,ZNF446,SLC27A5	0.0090866388940903	0.00753290763373362
chr19	58059239	58573575	ZNF135,ZSCAN18,ZNF329,ZNF274,ZNF544,ENSG00000283515,ZNF8,ERVK3-1,ZSCAN22,A1BG,ZNF497,ZNF837,RPS5,RNF225,ZNF584,ZNF132,ZNF324B,ZNF324,ZNF446,SLC27A5,ZBTB45,TRIM28,CHMP2A,UBE2M,MZF1	-0.005963376467803287	-0.0006977349755214263
chr20	87250	1209076	DEFB125,DEFB126,DEFB127,DEFB128,DEFB129,DEFB132,C20orf96,ZCCHC3,SOX12,NRSN2,TRIB3,RBCK1,TBC1D20,CSNK2A1,TCF15,SRXN1,ENSG00000270299,SCRT2,SLC52A3,FAM110A,ANGPT4,RSPO4,PSMF1,TMEM74B,C20orf202	0.011149417315086577	0.014416631755545316
chr20	257724	1393164	DEFB132,C20orf96,ZCCHC3,SOX12,NRSN2,TRIB3,RBCK1,TBC1D20,CSNK2A1,TCF15,SRXN1,ENSG00000270299,SCRT2,SLC52A3,FAM110A,ANGPT4,RSPO4,PSMF1,TMEM74B,C20orf202,RAD21L1,SNPH,SDCBP2,ENSG00000274322,FKBP1A	0.009691446260871232	0.014257819091839116
chr20	362835	1620061	TRIB3,RBCK1,TBC1D20,CSNK2A1,TCF15,SRXN1,ENSG00000270299,SCRT2,SLC52A3,FAM110A,ANGPT4,RSPO4,PSMF1,TMEM74B,C20orf202,RAD21L1,SNPH,SDCBP2,ENSG00000274322,FKBP1A,NSFL1C,SIRPB2,SIRPD,ENSG00000260861,SIRPB1	0.006913974971361179	0.012099882256016076
chr20	646615	2341059	SRXN1,ENSG00000270299,SCRT2,SLC52A3,FAM110A,ANGPT4,RSPO4,PSMF1,TMEM74B,C20orf202,RAD21L1,SNPH,SDCBP2,ENSG00000274322,FKBP1A,NSFL1C,SIRPB2,SIRPD,ENSG00000260861,SIRPB1,SIRPG,SIRPA,PDYN,STK35,ENSG00000286022	0.006394649960670162	0.011623962048303928
chr20	869900	2524702	ANGPT4,RSPO4,PSMF1,TMEM74B,C20orf202,RAD21L1,SNPH,SDCBP2,ENSG00000274322,FKBP1A,NSFL1C,SIRPB2,SIRPD,ENSG00000260861,SIRPB1,SIRPG,SIRPA,PDYN,STK35,ENSG00000286022,TGM3,TGM6,SNRPB,ENSG00000256566,ZNF343	0.005643348063935469	0.008642816146502927
chr20	1226044	2800627	RAD21L1,SNPH,SDCBP2,ENSG00000274322,FKBP1A,NSFL1C,SIRPB2,SIRPD,ENSG00000260861,SIRPB1,SIRPG,SIRPA,PDYN,STK35,ENSG00000286022,TGM3,TGM6,SNRPB,ENSG00000256566,ZNF343,TMC2,NOP56,IDH3B,EBF4,CPXM1	0.003652699154971462	0.005410559718713428
chr20	1442162	2866732	NSFL1C,SIRPB2,SIRPD,ENSG00000260861,SIRPB1,SIRPG,SIRPA,PDYN,STK35,ENSG00000286022,TGM3,TGM6,SNRPB,ENSG00000256566,ZNF343,TMC2,NOP56,IDH3B,EBF4,CPXM1,ENSG00000241690,C20orf141,TMEM239,PCED1A,VPS16	0.01391231054258204	0.014855490997961436
chr20	1629152	3084724	SIRPG,SIRPA,PDYN,STK35,ENSG00000286022,TGM3,TGM6,SNRPB,ENSG00000256566,ZNF343,TMC2,NOP56,IDH3B,EBF4,CPXM1,ENSG00000241690,C20orf141,TMEM239,PCED1A,VPS16,PTPRA,GNRH2,MRPS26,OXT,AVP	0.014939066425695464	0.014347857834210652
chr20	2296001	3223870	TGM3,TGM6,SNRPB,ENSG00000256566,ZNF343,TMC2,NOP56,IDH3B,EBF4,CPXM1,ENSG00000241690,C20orf141,TMEM239,PCED1A,VPS16,PTPRA,GNRH2,MRPS26,OXT,AVP,UBOX5,FASTKD5,LZTS3,DDRGK1,ITPA	0.011340678075926801	0.010165769774321697
chr20	2536573	3712600	TMC2,NOP56,IDH3B,EBF4,CPXM1,ENSG00000241690,C20orf141,TMEM239,PCED1A,VPS16,PTPRA,GNRH2,MRPS26,OXT,AVP,UBOX5,FASTKD5,LZTS3,DDRGK1,ITPA,SLC4A11,ATRN,GFRA4,ADAM33,SIGLEC1	0.009714328615574013	0.009991853983448356
chr20	2814968	3828838	ENSG00000241690,C20orf141,TMEM239,PCED1A,VPS16,PTPRA,GNRH2,MRPS26,OXT,AVP,UBOX5,FASTKD5,LZTS3,DDRGK1,ITPA,SLC4A11,ATRN,GFRA4,ADAM33,SIGLEC1,HSPA12B,SPEF1,CENPB,CDC25B,AP5S1	0.013143732357143195	0.014111879266653186
chr20	2873420	4249287	PTPRA,GNRH2,MRPS26,OXT,AVP,UBOX5,FASTKD5,LZTS3,DDRGK1,ITPA,SLC4A11,ATRN,GFRA4,ADAM33,SIGLEC1,HSPA12B,SPEF1,CENPB,CDC25B,AP5S1,MAVS,PANK2,RNF24,SMOX,ADRA1D	0.009671262629997063	0.0092335997378792
chr20	3107573	5113103	UBOX5,FASTKD5,LZTS3,DDRGK1,ITPA,SLC4A11,ATRN,GFRA4,ADAM33,SIGLEC1,HSPA12B,SPEF1,CENPB,CDC25B,AP5S1,MAVS,PANK2,RNF24,SMOX,ADRA1D,PRNP,PRND,RASSF2,SLC23A2,TMEM230	0.013965442692271344	0.010661078625026011
chr20	3227417	5864395	SLC4A11,ATRN,GFRA4,ADAM33,SIGLEC1,HSPA12B,SPEF1,CENPB,CDC25B,AP5S1,MAVS,PANK2,RNF24,SMOX,ADRA1D,PRNP,PRND,RASSF2,SLC23A2,TMEM230,PCNA,CDS2,PROKR2,GPCPD1,SHLD1	0.022708651345280304	0.01742922570720884
chr20	3732685	6040053	HSPA12B,SPEF1,CENPB,CDC25B,AP5S1,MAVS,PANK2,RNF24,SMOX,ADRA1D,PRNP,PRND,RASSF2,SLC23A2,TMEM230,PCNA,CDS2,PROKR2,GPCPD1,SHLD1,CHGB,TRMT6,MCM8,ENSG00000286235,CRLS1	0.020097085368192665	0.01575195689044589
chr20	3846799	8019805	MAVS,PANK2,RNF24,SMOX,ADRA1D,PRNP,PRND,RASSF2,SLC23A2,TMEM230,PCNA,CDS2,PROKR2,GPCPD1,SHLD1,CHGB,TRMT6,MCM8,ENSG00000286235,CRLS1,LRRN4,FERMT1,BMP2,HAO1,TMX4	0.01994633712663483	0.015115871181080995
chr20	4686350	10058303	PRNP,PRND,RASSF2,SLC23A2,TMEM230,PCNA,CDS2,PROKR2,GPCPD1,SHLD1,CHGB,TRMT6,MCM8,ENSG00000286235,CRLS1,LRRN4,FERMT1,BMP2,HAO1,TMX4,PLCB1,PLCB4,LAMP5,PAK5,ANKEF1	0.0164441084111278	0.01035995255299686
chr20	5114953	11926609	PCNA,CDS2,PROKR2,GPCPD1,SHLD1,CHGB,TRMT6,MCM8,ENSG00000286235,CRLS1,LRRN4,FERMT1,BMP2,HAO1,TMX4,PLCB1,PLCB4,LAMP5,PAK5,ANKEF1,SNAP25,MKKS,SLX4IP,JAG1,BTBD3	0.02227628462424664	0.010549604036097072
chr20	5911510	13821580	CHGB,TRMT6,MCM8,ENSG00000286235,CRLS1,LRRN4,FERMT1,BMP2,HAO1,TMX4,PLCB1,PLCB4,LAMP5,PAK5,ANKEF1,SNAP25,MKKS,SLX4IP,JAG1,BTBD3,SPTLC3,ISM1,TASP1,ESF1,NDUFAF5	0.034537056746054125	0.017215039183325637
chr20	6040546	16742564	LRRN4,FERMT1,BMP2,HAO1,TMX4,PLCB1,PLCB4,LAMP5,PAK5,ANKEF1,SNAP25,MKKS,SLX4IP,JAG1,BTBD3,SPTLC3,ISM1,TASP1,ESF1,NDUFAF5,SEL1L2,MACROD2,FLRT3,KIF16B,SNRPB2	0.02660477085246259	0.015161208838535549
chr20	8077251	17682295	PLCB1,PLCB4,LAMP5,PAK5,ANKEF1,SNAP25,MKKS,SLX4IP,JAG1,BTBD3,SPTLC3,ISM1,TASP1,ESF1,NDUFAF5,SEL1L2,MACROD2,FLRT3,KIF16B,SNRPB2,OTOR,PCSK2,BFSP1,DSTN,RRBP1	0.01613134589292773	0.012691154517775095
chr20	10172395	18188387	SNAP25,MKKS,SLX4IP,JAG1,BTBD3,SPTLC3,ISM1,TASP1,ESF1,NDUFAF5,SEL1L2,MACROD2,FLRT3,KIF16B,SNRPB2,OTOR,PCSK2,BFSP1,DSTN,RRBP1,BANF2,SNX5,OVOL2,MGME1,KAT14	0.001988221975752842	0.006405326156979632
chr20	13008972	18497225	SPTLC3,ISM1,TASP1,ESF1,NDUFAF5,SEL1L2,MACROD2,FLRT3,KIF16B,SNRPB2,OTOR,PCSK2,BFSP1,DSTN,RRBP1,BANF2,SNX5,OVOL2,MGME1,KAT14,PET117,ZNF133,DZANK1,POLR3F,RBBP9	-0.007285695132031125	0.001468156630351315
chr20	13849247	18814378	SEL1L2,MACROD2,FLRT3,KIF16B,SNRPB2,OTOR,PCSK2,BFSP1,DSTN,RRBP1,BANF2,SNX5,OVOL2,MGME1,KAT14,PET117,ZNF133,DZANK1,POLR3F,RBBP9,SEC23B,SMIM26,ENSG00000284776,DTD1,SCP2D1	0.004130200754930374	0.006298135368577493
chr20	16748358	20360703	OTOR,PCSK2,BFSP1,DSTN,RRBP1,BANF2,SNX5,OVOL2,MGME1,KAT14,PET117,ZNF133,DZANK1,POLR3F,RBBP9,SEC23B,SMIM26,ENSG00000284776,DTD1,SCP2D1,SLC24A3,RIN2,NAA20,CRNKL1,CFAP61	0.012728522111736447	0.010560631553553556
chr20	17693672	21397526	BANF2,SNX5,OVOL2,MGME1,KAT14,PET117,ZNF133,DZANK1,POLR3F,RBBP9,SEC23B,SMIM26,ENSG00000284776,DTD1,SCP2D1,SLC24A3,RIN2,NAA20,CRNKL1,CFAP61,INSM1,RALGAPA2,KIZ,XRN2,NKX2-4	0.008905245256367473	0.006869276564907933
chr20	18137863	23049672	PET117,ZNF133,DZANK1,POLR3F,RBBP9,SEC23B,SMIM26,ENSG00000284776,DTD1,SCP2D1,SLC24A3,RIN2,NAA20,CRNKL1,CFAP61,INSM1,RALGAPA2,KIZ,XRN2,NKX2-4,NKX2-2,PAX1,FOXA2,SSTR4,THBD	0.0074104550409999775	0.009806563013146894
chr20	18507520	23444930	SEC23B,SMIM26,ENSG00000284776,DTD1,SCP2D1,SLC24A3,RIN2,NAA20,CRNKL1,CFAP61,INSM1,RALGAPA2,KIZ,XRN2,NKX2-4,NKX2-2,PAX1,FOXA2,SSTR4,THBD,CD93,NXT1,GZF1,NAPB,CSTL1	0.008788116237479745	0.014063964230429132
chr20	19212642	23638473	SLC24A3,RIN2,NAA20,CRNKL1,CFAP61,INSM1,RALGAPA2,KIZ,XRN2,NKX2-4,NKX2-2,PAX1,FOXA2,SSTR4,THBD,CD93,NXT1,GZF1,NAPB,CSTL1,CST11,CST8,CST9L,CST9,CST3	0.006506300655056742	0.00841471283020832
chr20	20368104	23988779	INSM1,RALGAPA2,KIZ,XRN2,NKX2-4,NKX2-2,PAX1,FOXA2,SSTR4,THBD,CD93,NXT1,GZF1,NAPB,CSTL1,CST11,CST8,CST9L,CST9,CST3,CST4,CST1,CST2,CST5,GGTLC1	0.0064522774569624845	0.008311704480121753
chr20	21511017	25082141	NKX2-2,PAX1,FOXA2,SSTR4,THBD,CD93,NXT1,GZF1,NAPB,CSTL1,CST11,CST8,CST9L,CST9,CST3,CST4,CST1,CST2,CST5,GGTLC1,SYNDIG1,CST7,APMAP,ACSS1,VSX1	0.005193429488512334	0.006894408089331594
chr20	23079360	25585531	CD93,NXT1,GZF1,NAPB,CSTL1,CST11,CST8,CST9L,CST9,CST3,CST4,CST1,CST2,CST5,GGTLC1,SYNDIG1,CST7,APMAP,ACSS1,VSX1,ENTPD6,PYGB,ABHD12,GINS1,NINL	0.005236129942279617	0.007434642118256958
chr20	23450403	31373923	CST11,CST8,CST9L,CST9,CST3,CST4,CST1,CST2,CST5,GGTLC1,SYNDIG1,CST7,APMAP,ACSS1,VSX1,ENTPD6,PYGB,ABHD12,GINS1,NINL,NANP,ZNF337,DEFB115,DEFB116,DEFB118	0.009755290551045702	0.012345234732069532
chr20	23685640	31484895	CST4,CST1,CST2,CST5,GGTLC1,SYNDIG1,CST7,APMAP,ACSS1,VSX1,ENTPD6,PYGB,ABHD12,GINS1,NINL,NANP,ZNF337,DEFB115,DEFB116,DEFB118,DEFB119,DEFB121,DEFB123,DEFB124,REM1	0.010593928164918507	0.012860133406982003
chr20	24469629	31801805	SYNDIG1,CST7,APMAP,ACSS1,VSX1,ENTPD6,PYGB,ABHD12,GINS1,NINL,NANP,ZNF337,DEFB115,DEFB116,DEFB118,DEFB119,DEFB121,DEFB123,DEFB124,REM1,HM13,ID1,COX4I2,BCL2L1,TPX2	0.005936896595323115	0.00672907200928083
chr20	25195693	31952046	ENTPD6,PYGB,ABHD12,GINS1,NINL,NANP,ZNF337,DEFB115,DEFB116,DEFB118,DEFB119,DEFB121,DEFB123,DEFB124,REM1,HM13,ID1,COX4I2,BCL2L1,TPX2,MYLK2,FOXS1,DUSP15,TTLL9,PDRG1	0.0062688054763333344	0.006556356283442558
chr20	25612935	32207743	NANP,ZNF337,DEFB115,DEFB116,DEFB118,DEFB119,DEFB121,DEFB123,DEFB124,REM1,HM13,ID1,COX4I2,BCL2L1,TPX2,MYLK2,FOXS1,DUSP15,TTLL9,PDRG1,XKR7,CCM2L,HCK,TM9SF4,PLAGL2	0.01059747330821852	0.014561299487831171
chr20	31377164	32673941	DEFB119,DEFB121,DEFB123,DEFB124,REM1,HM13,ID1,COX4I2,BCL2L1,TPX2,MYLK2,FOXS1,DUSP15,TTLL9,PDRG1,XKR7,CCM2L,HCK,TM9SF4,PLAGL2,POFUT1,KIF3B,ASXL1,NOL4L,C20orf203	0.006870075597668797	0.012627739261345784
chr20	31514428	32961845	HM13,ID1,COX4I2,BCL2L1,TPX2,MYLK2,FOXS1,DUSP15,TTLL9,PDRG1,XKR7,CCM2L,HCK,TM9SF4,PLAGL2,POFUT1,KIF3B,ASXL1,NOL4L,C20orf203,ENSG00000285382,COMMD7,DNMT3B,MAPRE1,EFCAB8	0.007695624024317798	0.01344427244254469
chr20	31819308	33111751	MYLK2,FOXS1,DUSP15,TTLL9,PDRG1,XKR7,CCM2L,HCK,TM9SF4,PLAGL2,POFUT1,KIF3B,ASXL1,NOL4L,C20orf203,ENSG00000285382,COMMD7,DNMT3B,MAPRE1,EFCAB8,SUN5,BPIFB2,BPIFB6,BPIFB3,BPIFB4	0.012211465482884364	0.01751586506872284
chr20	31968151	33401561	XKR7,CCM2L,HCK,TM9SF4,PLAGL2,POFUT1,KIF3B,ASXL1,NOL4L,C20orf203,ENSG00000285382,COMMD7,DNMT3B,MAPRE1,EFCAB8,SUN5,BPIFB2,BPIFB6,BPIFB3,BPIFB4,BPIFA2,BPIFA3,BPIFA1,BPIFB1,CDK5RAP1	0.01105824755466287	0.014629553382886984
chr20	32207855	33674463	POFUT1,KIF3B,ASXL1,NOL4L,C20orf203,ENSG00000285382,COMMD7,DNMT3B,MAPRE1,EFCAB8,SUN5,BPIFB2,BPIFB6,BPIFB3,BPIFB4,BPIFA2,BPIFA3,BPIFA1,BPIFB1,CDK5RAP1,SNTA1,CBFA2T2,NECAB3,C20orf144,ACTL10	0.0034875327799344727	0.00442936597042558
chr20	32632183	34108308	ENSG00000285382,COMMD7,DNMT3B,MAPRE1,EFCAB8,SUN5,BPIFB2,BPIFB6,BPIFB3,BPIFB4,BPIFA2,BPIFA3,BPIFA1,BPIFB1,CDK5RAP1,SNTA1,CBFA2T2,NECAB3,C20orf144,ACTL10,E2F1,PXMP4,ZNF341,CHMP4B,RALY	0.00439746802067282	0.004722413858323098
chr20	32983773	34540958	SUN5,BPIFB2,BPIFB6,BPIFB3,BPIFB4,BPIFA2,BPIFA3,BPIFA1,BPIFB1,CDK5RAP1,SNTA1,CBFA2T2,NECAB3,C20orf144,ACTL10,E2F1,PXMP4,ZNF341,CHMP4B,RALY,EIF2S2,ASIP,AHCY,ITCH,DYNLRB1	0.010583664200442367	0.010484332183065218
chr20	33161768	34872856	BPIFA2,BPIFA3,BPIFA1,BPIFB1,CDK5RAP1,SNTA1,CBFA2T2,NECAB3,C20orf144,ACTL10,E2F1,PXMP4,ZNF341,CHMP4B,RALY,EIF2S2,ASIP,AHCY,ITCH,DYNLRB1,MAP1LC3A,PIGU,NCOA6,TP53INP2,GGT7	0.006397560020740219	0.010666140278984968
chr20	33407957	35147336	SNTA1,CBFA2T2,NECAB3,C20orf144,ACTL10,E2F1,PXMP4,ZNF341,CHMP4B,RALY,EIF2S2,ASIP,AHCY,ITCH,DYNLRB1,MAP1LC3A,PIGU,NCOA6,TP53INP2,GGT7,ACSS2,GSS,MYH7B,TRPC4AP,EDEM2	-0.010104204058754715	0.007700630436040756
chr20	33675477	35284985	E2F1,PXMP4,ZNF341,CHMP4B,RALY,EIF2S2,ASIP,AHCY,ITCH,DYNLRB1,MAP1LC3A,PIGU,NCOA6,TP53INP2,GGT7,ACSS2,GSS,MYH7B,TRPC4AP,EDEM2,PROCR,MMP24OS,MMP24,ENSG00000261582,EIF6	-0.015471189441240605	0.009089009422635916
chr20	34088309	35529652	EIF2S2,ASIP,AHCY,ITCH,DYNLRB1,MAP1LC3A,PIGU,NCOA6,TP53INP2,GGT7,ACSS2,GSS,MYH7B,TRPC4AP,EDEM2,PROCR,MMP24OS,MMP24,ENSG00000261582,EIF6,FAM83C,UQCC1,GDF5,CEP250,C20orf173	0.0009534231594031862	0.01295222895606799
chr20	34546854	35674544	MAP1LC3A,PIGU,NCOA6,TP53INP2,GGT7,ACSS2,GSS,MYH7B,TRPC4AP,EDEM2,PROCR,MMP24OS,MMP24,ENSG00000261582,EIF6,FAM83C,UQCC1,GDF5,CEP250,C20orf173,ERGIC3,SPAG4,CPNE1,ENSG00000272897,RBM12	0.008881643003072533	0.013775756341222392
chr20	34872146	35959472	ACSS2,GSS,MYH7B,TRPC4AP,EDEM2,PROCR,MMP24OS,MMP24,ENSG00000261582,EIF6,FAM83C,UQCC1,GDF5,CEP250,C20orf173,ERGIC3,SPAG4,CPNE1,ENSG00000272897,RBM12,NFS1,ROMO1,RBM39,PHF20,SCAND1	0.012625821139242797	0.012580732231894678
chr20	35172072	36551447	PROCR,MMP24OS,MMP24,ENSG00000261582,EIF6,FAM83C,UQCC1,GDF5,CEP250,C20orf173,ERGIC3,SPAG4,CPNE1,ENSG00000272897,RBM12,NFS1,ROMO1,RBM39,PHF20,SCAND1,CNBD2,EPB41L1,AAR2,DLGAP4,MYL9	0.012290446718183618	0.008085004512655704
chr20	35285731	36746090	FAM83C,UQCC1,GDF5,CEP250,C20orf173,ERGIC3,SPAG4,CPNE1,ENSG00000272897,RBM12,NFS1,ROMO1,RBM39,PHF20,SCAND1,CNBD2,EPB41L1,AAR2,DLGAP4,MYL9,TGIF2,TGIF2-RAB5IF,RAB5IF,SLA2,NDRG3	0.01227010424079489	0.005870585901578868
chr20	35542038	37095997	ERGIC3,SPAG4,CPNE1,ENSG00000272897,RBM12,NFS1,ROMO1,RBM39,PHF20,SCAND1,CNBD2,EPB41L1,AAR2,DLGAP4,MYL9,TGIF2,TGIF2-RAB5IF,RAB5IF,SLA2,NDRG3,DSN1,SOGA1,TLDC2,SAMHD1,RBL1	0.0056146810935745785	0.006627556543767909
chr20	35668052	37406050	NFS1,ROMO1,RBM39,PHF20,SCAND1,CNBD2,EPB41L1,AAR2,DLGAP4,MYL9,TGIF2,TGIF2-RAB5IF,RAB5IF,SLA2,NDRG3,DSN1,SOGA1,TLDC2,SAMHD1,RBL1,MROH8,RPN2,GHRH,MANBAL,SRC	0.008677532254452013	0.01069492148045123
chr20	35954564	38033461	CNBD2,EPB41L1,AAR2,DLGAP4,MYL9,TGIF2,TGIF2-RAB5IF,RAB5IF,SLA2,NDRG3,DSN1,SOGA1,TLDC2,SAMHD1,RBL1,MROH8,RPN2,GHRH,MANBAL,SRC,BLCAP,NNAT,CTNNBL1,VSTM2L,TTI1	-0.0017592649238405552	0.012112753809701742
chr20	36573488	38377013	TGIF2,TGIF2-RAB5IF,RAB5IF,SLA2,NDRG3,DSN1,SOGA1,TLDC2,SAMHD1,RBL1,MROH8,RPN2,GHRH,MANBAL,SRC,BLCAP,NNAT,CTNNBL1,VSTM2L,TTI1,RPRD1B,TGM2,KIAA1755,BPI,LBP	-0.029358105861321176	0.009493479093742777
chr20	36751791	38772520	DSN1,SOGA1,TLDC2,SAMHD1,RBL1,MROH8,RPN2,GHRH,MANBAL,SRC,BLCAP,NNAT,CTNNBL1,VSTM2L,TTI1,RPRD1B,TGM2,KIAA1755,BPI,LBP,RALGAPB,ADIG,ARHGAP40,SLC32A1,ACTR5	-0.047401768726232384	0.009677253661657878
chr20	37101226	41124487	MROH8,RPN2,GHRH,MANBAL,SRC,BLCAP,NNAT,CTNNBL1,VSTM2L,TTI1,RPRD1B,TGM2,KIAA1755,BPI,LBP,RALGAPB,ADIG,ARHGAP40,SLC32A1,ACTR5,PPP1R16B,FAM83D,DHX35,MAFB,TOP1	-0.012319927997276757	0.007574935708814743
chr20	37492472	41618384	BLCAP,NNAT,CTNNBL1,VSTM2L,TTI1,RPRD1B,TGM2,KIAA1755,BPI,LBP,RALGAPB,ADIG,ARHGAP40,SLC32A1,ACTR5,PPP1R16B,FAM83D,DHX35,MAFB,TOP1,PLCG1,ZHX3,LPIN3,EMILIN3,CHD6	0.005135009666007875	0.006093186685228978
chr20	38033725	43569498	RPRD1B,TGM2,KIAA1755,BPI,LBP,RALGAPB,ADIG,ARHGAP40,SLC32A1,ACTR5,PPP1R16B,FAM83D,DHX35,MAFB,TOP1,PLCG1,ZHX3,LPIN3,EMILIN3,CHD6,PTPRT,SRSF6,ENSG00000288000,L3MBTL1,ENSG00000277611	0.015369939073444212	0.014180093015250203
chr20	38472816	44069616	RALGAPB,ADIG,ARHGAP40,SLC32A1,ACTR5,PPP1R16B,FAM83D,DHX35,MAFB,TOP1,PLCG1,ZHX3,LPIN3,EMILIN3,CHD6,PTPRT,SRSF6,ENSG00000288000,L3MBTL1,ENSG00000277611,SGK2,IFT52,MYBL2,GTSF1L,TOX2	0.019853445388770048	0.014316393002284523
chr20	38805697	44351238	PPP1R16B,FAM83D,DHX35,MAFB,TOP1,PLCG1,ZHX3,LPIN3,EMILIN3,CHD6,PTPRT,SRSF6,ENSG00000288000,L3MBTL1,ENSG00000277611,SGK2,IFT52,MYBL2,GTSF1L,TOX2,JPH2,OSER1,GDAP1L1,FITM2,R3HDML	0.018246361753370088	0.014249662022429267
chr20	41136960	44652252	PLCG1,ZHX3,LPIN3,EMILIN3,CHD6,PTPRT,SRSF6,ENSG00000288000,L3MBTL1,ENSG00000277611,SGK2,IFT52,MYBL2,GTSF1L,TOX2,JPH2,OSER1,GDAP1L1,FITM2,R3HDML,HNF4A,TTPAL,SERINC3,PKIG,ADA	0.011238331157100039	0.011751238940672704
chr20	42072752	44959035	PTPRT,SRSF6,ENSG00000288000,L3MBTL1,ENSG00000277611,SGK2,IFT52,MYBL2,GTSF1L,TOX2,JPH2,OSER1,GDAP1L1,FITM2,R3HDML,HNF4A,TTPAL,SERINC3,PKIG,ADA,CCN5,KCNK15,RIMS4,YWHAB,PABPC1L	0.012902645894107946	0.01447027369401759
chr20	43558968	45124465	SGK2,IFT52,MYBL2,GTSF1L,TOX2,JPH2,OSER1,GDAP1L1,FITM2,R3HDML,HNF4A,TTPAL,SERINC3,PKIG,ADA,CCN5,KCNK15,RIMS4,YWHAB,PABPC1L,TOMM34,STK4,KCNS1,WFDC5,WFDC12	0.007777356287738971	0.011871594641976957
chr20	44106590	45308529	JPH2,OSER1,GDAP1L1,FITM2,R3HDML,HNF4A,TTPAL,SERINC3,PKIG,ADA,CCN5,KCNK15,RIMS4,YWHAB,PABPC1L,TOMM34,STK4,KCNS1,WFDC5,WFDC12,PI3,SEMG1,SEMG2,SLPI,MATN4	-0.001242753554952039	0.002968596658643625
chr20	44355699	45410610	HNF4A,TTPAL,SERINC3,PKIG,ADA,CCN5,KCNK15,RIMS4,YWHAB,PABPC1L,TOMM34,STK4,KCNS1,WFDC5,WFDC12,PI3,SEMG1,SEMG2,SLPI,MATN4,RBPJL,SDC4,SYS1,SYS1-DBNDD2,TP53TG5	0.004161998353259141	0.0071068372904273406
chr20	44714844	45539482	CCN5,KCNK15,RIMS4,YWHAB,PABPC1L,TOMM34,STK4,KCNS1,WFDC5,WFDC12,PI3,SEMG1,SEMG2,SLPI,MATN4,RBPJL,SDC4,SYS1,SYS1-DBNDD2,TP53TG5,DBNDD2,PIGT,WFDC2,SPINT3,WFDC6	0.0018181891605470906	0.0025535829224519794
chr20	44942130	45631284	TOMM34,STK4,KCNS1,WFDC5,WFDC12,PI3,SEMG1,SEMG2,SLPI,MATN4,RBPJL,SDC4,SYS1,SYS1-DBNDD2,TP53TG5,DBNDD2,PIGT,WFDC2,SPINT3,WFDC6,EPPIN-WFDC6,EPPIN,WFDC8,WFDC9,WFDC10A	0.003621060271577377	0.0034391335662907214
chr20	45174902	45791932	PI3,SEMG1,SEMG2,SLPI,MATN4,RBPJL,SDC4,SYS1,SYS1-DBNDD2,TP53TG5,DBNDD2,PIGT,WFDC2,SPINT3,WFDC6,EPPIN-WFDC6,EPPIN,WFDC8,WFDC9,WFDC10A,WFDC11,WFDC10B,WFDC13,SPINT4,WFDC3	0.003067528138170702	0.003169394601936661
chr20	45306840	45857405	RBPJL,SDC4,SYS1,SYS1-DBNDD2,TP53TG5,DBNDD2,PIGT,WFDC2,SPINT3,WFDC6,EPPIN-WFDC6,EPPIN,WFDC8,WFDC9,WFDC10A,WFDC11,WFDC10B,WFDC13,SPINT4,WFDC3,DNTTIP1,UBE2C,TNNC2,SNX21,ACOT8	0.0010469644200542865	0.001131603602014699
chr20	45406057	45898949	DBNDD2,PIGT,WFDC2,SPINT3,WFDC6,EPPIN-WFDC6,EPPIN,WFDC8,WFDC9,WFDC10A,WFDC11,WFDC10B,WFDC13,SPINT4,WFDC3,DNTTIP1,UBE2C,TNNC2,SNX21,ACOT8,ZSWIM3,ZSWIM1,SPATA25,NEURL2,CTSA	0.0034654019044942394	0.004668419769823252
chr20	45534196	46060150	EPPIN-WFDC6,EPPIN,WFDC8,WFDC9,WFDC10A,WFDC11,WFDC10B,WFDC13,SPINT4,WFDC3,DNTTIP1,UBE2C,TNNC2,SNX21,ACOT8,ZSWIM3,ZSWIM1,SPATA25,NEURL2,CTSA,PLTP,PCIF1,ZNF335,MMP9,SLC12A5	0.007837055734918894	0.00925383578452924
chr20	45648563	46432985	WFDC11,WFDC10B,WFDC13,SPINT4,WFDC3,DNTTIP1,UBE2C,TNNC2,SNX21,ACOT8,ZSWIM3,ZSWIM1,SPATA25,NEURL2,CTSA,PLTP,PCIF1,ZNF335,MMP9,SLC12A5,NCOA5,CD40,CDH22,SLC35C2,ELMO2	0.006869502475233588	0.007855423914692896
chr20	45791954	46736347	DNTTIP1,UBE2C,TNNC2,SNX21,ACOT8,ZSWIM3,ZSWIM1,SPATA25,NEURL2,CTSA,PLTP,PCIF1,ZNF335,MMP9,SLC12A5,NCOA5,CD40,CDH22,SLC35C2,ELMO2,ZNF334,OCSTAMP,SLC13A3,TP53RK,SLC2A10	0.008908345615916836	0.009835526724897762
chr20	45857614	48827999	ZSWIM3,ZSWIM1,SPATA25,NEURL2,CTSA,PLTP,PCIF1,ZNF335,MMP9,SLC12A5,NCOA5,CD40,CDH22,SLC35C2,ELMO2,ZNF334,OCSTAMP,SLC13A3,TP53RK,SLC2A10,EYA2,ZMYND8,NCOA3,SULF2,PREX1	0.00858081297565239	0.010600065118062886
chr20	45898621	49278426	PLTP,PCIF1,ZNF335,MMP9,SLC12A5,NCOA5,CD40,CDH22,SLC35C2,ELMO2,ZNF334,OCSTAMP,SLC13A3,TP53RK,SLC2A10,EYA2,ZMYND8,NCOA3,SULF2,PREX1,ARFGEF2,CSE1L,STAU1,DDX27,ZNFX1	0.008855612671153442	0.014839224727768151
chr20	46060991	49915529	NCOA5,CD40,CDH22,SLC35C2,ELMO2,ZNF334,OCSTAMP,SLC13A3,TP53RK,SLC2A10,EYA2,ZMYND8,NCOA3,SULF2,PREX1,ARFGEF2,CSE1L,STAU1,DDX27,ZNFX1,KCNB1,PTGIS,B4GALT5,SLC9A8,SPATA2	0.006803312595439774	0.014184039902554867
chr20	46499630	50153734	ZNF334,OCSTAMP,SLC13A3,TP53RK,SLC2A10,EYA2,ZMYND8,NCOA3,SULF2,PREX1,ARFGEF2,CSE1L,STAU1,DDX27,ZNFX1,KCNB1,PTGIS,B4GALT5,SLC9A8,SPATA2,RNF114,SNAI1,PEDS1-UBE2V1,UBE2V1,PEDS1	0.00966266479551326	0.0157098725664471
chr20	46894624	50877177	EYA2,ZMYND8,NCOA3,SULF2,PREX1,ARFGEF2,CSE1L,STAU1,DDX27,ZNFX1,KCNB1,PTGIS,B4GALT5,SLC9A8,SPATA2,RNF114,SNAI1,PEDS1-UBE2V1,UBE2V1,PEDS1,CEBPB,PTPN1,RIPOR3,PARD6B,BCAS4	0.01314872785616532	0.014718581547225112
chr20	48921711	51562831	ARFGEF2,CSE1L,STAU1,DDX27,ZNFX1,KCNB1,PTGIS,B4GALT5,SLC9A8,SPATA2,RNF114,SNAI1,PEDS1-UBE2V1,UBE2V1,PEDS1,CEBPB,PTPN1,RIPOR3,PARD6B,BCAS4,ADNP,DPM1,MOCS3,KCNG1,NFATC2	0.012057639217140845	0.010473995507448965
chr20	49293394	53609907	KCNB1,PTGIS,B4GALT5,SLC9A8,SPATA2,RNF114,SNAI1,PEDS1-UBE2V1,UBE2V1,PEDS1,CEBPB,PTPN1,RIPOR3,PARD6B,BCAS4,ADNP,DPM1,MOCS3,KCNG1,NFATC2,ATP9A,SALL4,ZFP64,TSHZ2,ZNF217	0.015929496740682496	0.013894130550359741
chr20	49936336	56005519	RNF114,SNAI1,PEDS1-UBE2V1,UBE2V1,PEDS1,CEBPB,PTPN1,RIPOR3,PARD6B,BCAS4,ADNP,DPM1,MOCS3,KCNG1,NFATC2,ATP9A,SALL4,ZFP64,TSHZ2,ZNF217,BCAS1,CYP24A1,PFDN4,DOK5,CBLN4	0.01972465836087283	0.013552124009327884
chr20	50190830	56460387	CEBPB,PTPN1,RIPOR3,PARD6B,BCAS4,ADNP,DPM1,MOCS3,KCNG1,NFATC2,ATP9A,SALL4,ZFP64,TSHZ2,ZNF217,BCAS1,CYP24A1,PFDN4,DOK5,CBLN4,MC3R,FAM210B,AURKA,CSTF1,CASS4	0.018670288986017112	0.012049473752141089
chr20	50888916	56639283	ADNP,DPM1,MOCS3,KCNG1,NFATC2,ATP9A,SALL4,ZFP64,TSHZ2,ZNF217,BCAS1,CYP24A1,PFDN4,DOK5,CBLN4,MC3R,FAM210B,AURKA,CSTF1,CASS4,RTF2,GCNT7,FAM209A,FAM209B,TFAP2C	0.01722860504482554	0.015759874737999065
chr20	51596514	57525652	ATP9A,SALL4,ZFP64,TSHZ2,ZNF217,BCAS1,CYP24A1,PFDN4,DOK5,CBLN4,MC3R,FAM210B,AURKA,CSTF1,CASS4,RTF2,GCNT7,FAM209A,FAM209B,TFAP2C,BMP7,SPO11,RAE1,RBM38,CTCFL	0.012903598019488694	0.015204868984974756
chr20	53936777	58228653	BCAS1,CYP24A1,PFDN4,DOK5,CBLN4,MC3R,FAM210B,AURKA,CSTF1,CASS4,RTF2,GCNT7,FAM209A,FAM209B,TFAP2C,BMP7,SPO11,RAE1,RBM38,CTCFL,PCK1,ZBP1,PMEPA1,C20orf85,ANKRD60	0.012249461800622839	0.011695629866745326
chr20	56248732	58715410	MC3R,FAM210B,AURKA,CSTF1,CASS4,RTF2,GCNT7,FAM209A,FAM209B,TFAP2C,BMP7,SPO11,RAE1,RBM38,CTCFL,PCK1,ZBP1,PMEPA1,C20orf85,ANKRD60,RAB22A,VAPB,APCDD1L,STX16,STX16-NPEPL1	0.011745314830335002	0.009533774979597839
chr20	56468585	59026654	RTF2,GCNT7,FAM209A,FAM209B,TFAP2C,BMP7,SPO11,RAE1,RBM38,CTCFL,PCK1,ZBP1,PMEPA1,C20orf85,ANKRD60,RAB22A,VAPB,APCDD1L,STX16,STX16-NPEPL1,NPEPL1,GNAS,NELFCD,CTSZ,TUBB1	0.010072291810849265	0.008819110937633285
chr20	57168753	59847711	BMP7,SPO11,RAE1,RBM38,CTCFL,PCK1,ZBP1,PMEPA1,C20orf85,ANKRD60,RAB22A,VAPB,APCDD1L,STX16,STX16-NPEPL1,NPEPL1,GNAS,NELFCD,CTSZ,TUBB1,ATP5F1E,PRELID3B,ZNF831,EDN3,PHACTR3	0.0005572847088551267	0.00648256225740788
chr20	57561080	61940617	PCK1,ZBP1,PMEPA1,C20orf85,ANKRD60,RAB22A,VAPB,APCDD1L,STX16,STX16-NPEPL1,NPEPL1,GNAS,NELFCD,CTSZ,TUBB1,ATP5F1E,PRELID3B,ZNF831,EDN3,PHACTR3,SYCP2,FAM217B,PPP1R3D,CDH26,CDH4	-0.014562553201205884	0.0026477517452288477
chr20	58309715	62203568	RAB22A,VAPB,APCDD1L,STX16,STX16-NPEPL1,NPEPL1,GNAS,NELFCD,CTSZ,TUBB1,ATP5F1E,PRELID3B,ZNF831,EDN3,PHACTR3,SYCP2,FAM217B,PPP1R3D,CDH26,CDH4,TAF4,LSM14B,PSMA7,SS18L1,MTG2	-0.016683421999403574	0.0037920298351347614
chr20	58689131	62388520	NPEPL1,GNAS,NELFCD,CTSZ,TUBB1,ATP5F1E,PRELID3B,ZNF831,EDN3,PHACTR3,SYCP2,FAM217B,PPP1R3D,CDH26,CDH4,TAF4,LSM14B,PSMA7,SS18L1,MTG2,HRH3,OSBPL2,ADRM1,LAMA5,RPS21	-0.009128672765271585	0.007062029985284191
chr20	59025475	62762771	ATP5F1E,PRELID3B,ZNF831,EDN3,PHACTR3,SYCP2,FAM217B,PPP1R3D,CDH26,CDH4,TAF4,LSM14B,PSMA7,SS18L1,MTG2,HRH3,OSBPL2,ADRM1,LAMA5,RPS21,CABLES2,RBBP8NL,GATA5,SLCO4A1,NTSR1	-0.007413826805994336	0.00294419541963445
chr20	59863564	62937952	SYCP2,FAM217B,PPP1R3D,CDH26,CDH4,TAF4,LSM14B,PSMA7,SS18L1,MTG2,HRH3,OSBPL2,ADRM1,LAMA5,RPS21,CABLES2,RBBP8NL,GATA5,SLCO4A1,NTSR1,MRGBP,OGFR,COL9A3,TCFL5,DIDO1	0.00030478833059940024	0.005177831285131813
chr20	61953469	63240495	TAF4,LSM14B,PSMA7,SS18L1,MTG2,HRH3,OSBPL2,ADRM1,LAMA5,RPS21,CABLES2,RBBP8NL,GATA5,SLCO4A1,NTSR1,MRGBP,OGFR,COL9A3,TCFL5,DIDO1,GID8,SLC17A9,BHLHE23,YTHDF1,BIRC7	0.0006226419430178021	0.00619318590847535
chr20	62214960	63472677	HRH3,OSBPL2,ADRM1,LAMA5,RPS21,CABLES2,RBBP8NL,GATA5,SLCO4A1,NTSR1,MRGBP,OGFR,COL9A3,TCFL5,DIDO1,GID8,SLC17A9,BHLHE23,YTHDF1,BIRC7,NKAIN4,ARFGAP1,COL20A1,CHRNA4,KCNQ2	0.007330477906272017	0.016242597875469163
chr20	62388634	63556695	CABLES2,RBBP8NL,GATA5,SLCO4A1,NTSR1,MRGBP,OGFR,COL9A3,TCFL5,DIDO1,GID8,SLC17A9,BHLHE23,YTHDF1,BIRC7,NKAIN4,ARFGAP1,COL20A1,CHRNA4,KCNQ2,EEF1A2,PPDPF,PTK6,SRMS,FNDC11	0.004677582201039711	0.013593662053337584
chr20	62796473	63698684	MRGBP,OGFR,COL9A3,TCFL5,DIDO1,GID8,SLC17A9,BHLHE23,YTHDF1,BIRC7,NKAIN4,ARFGAP1,COL20A1,CHRNA4,KCNQ2,EEF1A2,PPDPF,PTK6,SRMS,FNDC11,HELZ2,GMEB2,STMN3,RTEL1,RTEL1-TNFRSF6B	0.002636309154370553	0.009422875024697228
chr20	62938147	63739103	GID8,SLC17A9,BHLHE23,YTHDF1,BIRC7,NKAIN4,ARFGAP1,COL20A1,CHRNA4,KCNQ2,EEF1A2,PPDPF,PTK6,SRMS,FNDC11,HELZ2,GMEB2,STMN3,RTEL1,RTEL1-TNFRSF6B,TNFRSF6B,ARFRP1,ZGPAT,ENSG00000273154,LIME1	0.005051484894844784	0.0074657150313586496
chr20	63240784	63891545	NKAIN4,ARFGAP1,COL20A1,CHRNA4,KCNQ2,EEF1A2,PPDPF,PTK6,SRMS,FNDC11,HELZ2,GMEB2,STMN3,RTEL1,RTEL1-TNFRSF6B,TNFRSF6B,ARFRP1,ZGPAT,ENSG00000273154,LIME1,ENSG00000273047,SLC2A4RG,ZBTB46,ABHD16B,TPD52L2	0.011097027573139913	0.012054264951284447
chr20	63488013	64033100	EEF1A2,PPDPF,PTK6,SRMS,FNDC11,HELZ2,GMEB2,STMN3,RTEL1,RTEL1-TNFRSF6B,TNFRSF6B,ARFRP1,ZGPAT,ENSG00000273154,LIME1,ENSG00000273047,SLC2A4RG,ZBTB46,ABHD16B,TPD52L2,DNAJC5,UCKL1,ZNF512B,SAMD10,PRPF6	0.00674231188205396	0.006671347803141591
chr20	63558086	64100643	HELZ2,GMEB2,STMN3,RTEL1,RTEL1-TNFRSF6B,TNFRSF6B,ARFRP1,ZGPAT,ENSG00000273154,LIME1,ENSG00000273047,SLC2A4RG,ZBTB46,ABHD16B,TPD52L2,DNAJC5,UCKL1,ZNF512B,SAMD10,PRPF6,C20orf204,SOX18,TCEA2,RGS19,OPRL1	0.010640683719535568	0.010817415813506783
chr21	10521553	29019360	TPTE,POTED,LIPI,RBM11,HSPA13,SAMSN1,NRIP1,USP25,CXADR,BTG3,C21orf91,CHODL,TMPRSS15,NCAM2,MRPL39,JAM2,ATP5PF,GABPA,APP,CYYR1,ADAMTS1,ADAMTS5,N6AMT1,LTN1,RWDD2B	0.001693614416565275	0.006220154769020179
chr21	14485228	29940033	SAMSN1,NRIP1,USP25,CXADR,BTG3,C21orf91,CHODL,TMPRSS15,NCAM2,MRPL39,JAM2,ATP5PF,GABPA,APP,CYYR1,ADAMTS1,ADAMTS5,N6AMT1,LTN1,RWDD2B,USP16,CCT8,MAP3K7CL,BACH1,GRIK1	-0.0009527565663723637	0.003997666415356103
chr21	17788974	30320315	C21orf91,CHODL,TMPRSS15,NCAM2,MRPL39,JAM2,ATP5PF,GABPA,APP,CYYR1,ADAMTS1,ADAMTS5,N6AMT1,LTN1,RWDD2B,USP16,CCT8,MAP3K7CL,BACH1,GRIK1,CLDN17,CLDN8,KRTAP24-1,KRTAP25-1,KRTAP26-1	0.0018434256273181472	0.006811486984109142
chr21	25639258	30425926	JAM2,ATP5PF,GABPA,APP,CYYR1,ADAMTS1,ADAMTS5,N6AMT1,LTN1,RWDD2B,USP16,CCT8,MAP3K7CL,BACH1,GRIK1,CLDN17,CLDN8,KRTAP24-1,KRTAP25-1,KRTAP26-1,KRTAP27-1,KRTAP23-1,KRTAP13-2,KRTAP13-1,KRTAP13-3	0.005408666633015953	0.008886078106948482
chr21	26835755	30492013	ADAMTS1,ADAMTS5,N6AMT1,LTN1,RWDD2B,USP16,CCT8,MAP3K7CL,BACH1,GRIK1,CLDN17,CLDN8,KRTAP24-1,KRTAP25-1,KRTAP26-1,KRTAP27-1,KRTAP23-1,KRTAP13-2,KRTAP13-1,KRTAP13-3,KRTAP13-4,KRTAP15-1,KRTAP19-1,KRTAP19-2,KRTAP19-3	0.002699422636028613	0.004156923880451854
chr21	29024629	30590397	USP16,CCT8,MAP3K7CL,BACH1,GRIK1,CLDN17,CLDN8,KRTAP24-1,KRTAP25-1,KRTAP26-1,KRTAP27-1,KRTAP23-1,KRTAP13-2,KRTAP13-1,KRTAP13-3,KRTAP13-4,KRTAP15-1,KRTAP19-1,KRTAP19-2,KRTAP19-3,KRTAP19-4,KRTAP19-5,KRTAP19-6,KRTAP19-7,KRTAP22-2	0.00024213504551904444	0.0001625930126979552
chr21	30165565	30616699	CLDN17,CLDN8,KRTAP24-1,KRTAP25-1,KRTAP26-1,KRTAP27-1,KRTAP23-1,KRTAP13-2,KRTAP13-1,KRTAP13-3,KRTAP13-4,KRTAP15-1,KRTAP19-1,KRTAP19-2,KRTAP19-3,KRTAP19-4,KRTAP19-5,KRTAP19-6,KRTAP19-7,KRTAP22-2,KRTAP6-3,KRTAP6-2,KRTAP22-1,KRTAP6-1,KRTAP20-1	0.0001369902598404471	5.100357365074548e-05
chr21	30337013	30747259	KRTAP27-1,KRTAP23-1,KRTAP13-2,KRTAP13-1,KRTAP13-3,KRTAP13-4,KRTAP15-1,KRTAP19-1,KRTAP19-2,KRTAP19-3,KRTAP19-4,KRTAP19-5,KRTAP19-6,KRTAP19-7,KRTAP22-2,KRTAP6-3,KRTAP6-2,KRTAP22-1,KRTAP6-1,KRTAP20-1,KRTAP20-4,KRTAP20-2,KRTAP20-3,KRTAP21-3,KRTAP21-2	8.497977359782442e-05	2.5320139892126185e-05
chr21	30430220	31038476	KRTAP13-4,KRTAP15-1,KRTAP19-1,KRTAP19-2,KRTAP19-3,KRTAP19-4,KRTAP19-5,KRTAP19-6,KRTAP19-7,KRTAP22-2,KRTAP6-3,KRTAP6-2,KRTAP22-1,KRTAP6-1,KRTAP20-1,KRTAP20-4,KRTAP20-2,KRTAP20-3,KRTAP21-3,KRTAP21-2,KRTAP21-1,KRTAP8-1,KRTAP7-1,KRTAP11-1,KRTAP19-8	1.6138620165293106e-05	1.5623104319893604e-05
chr21	30496824	32279049	KRTAP19-4,KRTAP19-5,KRTAP19-6,KRTAP19-7,KRTAP22-2,KRTAP6-3,KRTAP6-2,KRTAP22-1,KRTAP6-1,KRTAP20-1,KRTAP20-4,KRTAP20-2,KRTAP20-3,KRTAP21-3,KRTAP21-2,KRTAP21-1,KRTAP8-1,KRTAP7-1,KRTAP11-1,KRTAP19-8,TIAM1,SOD1,SCAF4,HUNK,MIS18A	0.00036773961063858295	0.0005075541190227937
chr21	30592440	32612865	KRTAP6-3,KRTAP6-2,KRTAP22-1,KRTAP6-1,KRTAP20-1,KRTAP20-4,KRTAP20-2,KRTAP20-3,KRTAP21-3,KRTAP21-2,KRTAP21-1,KRTAP8-1,KRTAP7-1,KRTAP11-1,KRTAP19-8,TIAM1,SOD1,SCAF4,HUNK,MIS18A,MRAP,URB1,CFAP298-TCP10L,EVA1C,TCP10L	0.003959390945644848	0.006057159649848187
chr21	30620627	33029196	KRTAP20-4,KRTAP20-2,KRTAP20-3,KRTAP21-3,KRTAP21-2,KRTAP21-1,KRTAP8-1,KRTAP7-1,KRTAP11-1,KRTAP19-8,TIAM1,SOD1,SCAF4,HUNK,MIS18A,MRAP,URB1,CFAP298-TCP10L,EVA1C,TCP10L,CFAP298,SYNJ1,PAXBP1,C21orf62,OLIG2	0.010275902729117593	0.012122376035913205
chr21	30755015	33479348	KRTAP21-1,KRTAP8-1,KRTAP7-1,KRTAP11-1,KRTAP19-8,TIAM1,SOD1,SCAF4,HUNK,MIS18A,MRAP,URB1,CFAP298-TCP10L,EVA1C,TCP10L,CFAP298,SYNJ1,PAXBP1,C21orf62,OLIG2,OLIG1,IFNAR2,IL10RB,IFNAR1,IFNGR2	0.01545998265802016	0.014262185174280923
chr21	31118416	33588706	TIAM1,SOD1,SCAF4,HUNK,MIS18A,MRAP,URB1,CFAP298-TCP10L,EVA1C,TCP10L,CFAP298,SYNJ1,PAXBP1,C21orf62,OLIG2,OLIG1,IFNAR2,IL10RB,IFNAR1,IFNGR2,TMEM50B,DNAJC28,GART,SON,DONSON	0.022939624977599462	0.01720922865190219
chr21	32291813	34143034	MRAP,URB1,CFAP298-TCP10L,EVA1C,TCP10L,CFAP298,SYNJ1,PAXBP1,C21orf62,OLIG2,OLIG1,IFNAR2,IL10RB,IFNAR1,IFNGR2,TMEM50B,DNAJC28,GART,SON,DONSON,ENSG00000249209,CRYZL1,ITSN1,ATP5PO,MRPS6	0.015669148496755072	0.01130035272708978
chr21	32592079	34615113	CFAP298,SYNJ1,PAXBP1,C21orf62,OLIG2,OLIG1,IFNAR2,IL10RB,IFNAR1,IFNGR2,TMEM50B,DNAJC28,GART,SON,DONSON,ENSG00000249209,CRYZL1,ITSN1,ATP5PO,MRPS6,SLC5A3,KCNE2,KCNE1,ENSG00000288711,RCAN1	0.00706650310824356	0.005264141091110549
chr21	33070141	36146562	OLIG1,IFNAR2,IL10RB,IFNAR1,IFNGR2,TMEM50B,DNAJC28,GART,SON,DONSON,ENSG00000249209,CRYZL1,ITSN1,ATP5PO,MRPS6,SLC5A3,KCNE2,KCNE1,ENSG00000288711,RCAN1,CLIC6,RUNX1,SETD4,CBR1,CBR3	-0.0011701012859671527	0.00438245106314
chr21	33432485	36749917	TMEM50B,DNAJC28,GART,SON,DONSON,ENSG00000249209,CRYZL1,ITSN1,ATP5PO,MRPS6,SLC5A3,KCNE2,KCNE1,ENSG00000288711,RCAN1,CLIC6,RUNX1,SETD4,CBR1,CBR3,DOP1B,MORC3,CHAF1B,CLDN14,SIM2	-5.7783205380310285e-05	0.004768965286631476
chr21	33584687	37267919	ENSG00000249209,CRYZL1,ITSN1,ATP5PO,MRPS6,SLC5A3,KCNE2,KCNE1,ENSG00000288711,RCAN1,CLIC6,RUNX1,SETD4,CBR1,CBR3,DOP1B,MORC3,CHAF1B,CLDN14,SIM2,HLCS,RIPPLY3,PIGP,TTC3,VPS26C	0.007143648823049794	0.012938417740123847
chr21	34073578	38824955	SLC5A3,KCNE2,KCNE1,ENSG00000288711,RCAN1,CLIC6,RUNX1,SETD4,CBR1,CBR3,DOP1B,MORC3,CHAF1B,CLDN14,SIM2,HLCS,RIPPLY3,PIGP,TTC3,VPS26C,DYRK1A,KCNJ6,KCNJ15,ERG,ETS2	0.005647597870003535	0.011093991812784669
chr21	34668994	39515506	CLIC6,RUNX1,SETD4,CBR1,CBR3,DOP1B,MORC3,CHAF1B,CLDN14,SIM2,HLCS,RIPPLY3,PIGP,TTC3,VPS26C,DYRK1A,KCNJ6,KCNJ15,ERG,ETS2,PSMG1,BRWD1,HMGN1,GET1,GET1-SH3BGR	0.0007881120999646683	0.0035122868443842256
chr21	36156782	39929397	DOP1B,MORC3,CHAF1B,CLDN14,SIM2,HLCS,RIPPLY3,PIGP,TTC3,VPS26C,DYRK1A,KCNJ6,KCNJ15,ERG,ETS2,PSMG1,BRWD1,HMGN1,GET1,GET1-SH3BGR,LCA5L,SH3BGR,B3GALT5,IGSF5,PCP4	0.004417692689735513	0.00513985182687115
chr21	36748626	41470071	HLCS,RIPPLY3,PIGP,TTC3,VPS26C,DYRK1A,KCNJ6,KCNJ15,ERG,ETS2,PSMG1,BRWD1,HMGN1,GET1,GET1-SH3BGR,LCA5L,SH3BGR,B3GALT5,IGSF5,PCP4,DSCAM,BACE2,FAM3B,MX2,MX1	0.0009145313211779893	0.004540566161452017
chr21	37365573	42010387	DYRK1A,KCNJ6,KCNJ15,ERG,ETS2,PSMG1,BRWD1,HMGN1,GET1,GET1-SH3BGR,LCA5L,SH3BGR,B3GALT5,IGSF5,PCP4,DSCAM,BACE2,FAM3B,MX2,MX1,TMPRSS2,RIPK4,PRDM15,C2CD2,ZBTB21	0.0048893481092419375	0.009168555629304322
chr21	39174769	42366535	PSMG1,BRWD1,HMGN1,GET1,GET1-SH3BGR,LCA5L,SH3BGR,B3GALT5,IGSF5,PCP4,DSCAM,BACE2,FAM3B,MX2,MX1,TMPRSS2,RIPK4,PRDM15,C2CD2,ZBTB21,UMODL1,ABCG1,TFF3,TFF2,TFF1	0.0035423005800103375	0.006198842027604814
chr21	39405728	42775509	LCA5L,SH3BGR,B3GALT5,IGSF5,PCP4,DSCAM,BACE2,FAM3B,MX2,MX1,TMPRSS2,RIPK4,PRDM15,C2CD2,ZBTB21,UMODL1,ABCG1,TFF3,TFF2,TFF1,TMPRSS3,UBASH3A,RSPH1,SLC37A1,PDE9A	0.0026783961110521596	0.0032134365973220938
chr21	40010999	43076943	DSCAM,BACE2,FAM3B,MX2,MX1,TMPRSS2,RIPK4,PRDM15,C2CD2,ZBTB21,UMODL1,ABCG1,TFF3,TFF2,TFF1,TMPRSS3,UBASH3A,RSPH1,SLC37A1,PDE9A,WDR4,NDUFV3,ERVH48-1,PKNOX1,CBS	0.002273318118599125	0.0028904717527719567
chr21	41464300	43696079	TMPRSS2,RIPK4,PRDM15,C2CD2,ZBTB21,UMODL1,ABCG1,TFF3,TFF2,TFF1,TMPRSS3,UBASH3A,RSPH1,SLC37A1,PDE9A,WDR4,NDUFV3,ERVH48-1,PKNOX1,CBS,U2AF1,CRYAA,SIK1,HSF2BP,RRP1B	0.005196557904759012	0.007608436291194926
chr21	42062959	43987592	UMODL1,ABCG1,TFF3,TFF2,TFF1,TMPRSS3,UBASH3A,RSPH1,SLC37A1,PDE9A,WDR4,NDUFV3,ERVH48-1,PKNOX1,CBS,U2AF1,CRYAA,SIK1,HSF2BP,RRP1B,PDXK,CSTB,RRP1,AGPAT3,ENSG00000288593	0.008805476568899432	0.012614588057738118
chr21	42371887	44298648	TMPRSS3,UBASH3A,RSPH1,SLC37A1,PDE9A,WDR4,NDUFV3,ERVH48-1,PKNOX1,CBS,U2AF1,CRYAA,SIK1,HSF2BP,RRP1B,PDXK,CSTB,RRP1,AGPAT3,ENSG00000288593,TRAPPC10,PWP2,ICOSLG,DNMT3L,AIRE	0.007531958786631369	0.011718977564575989
chr21	42843094	44711572	WDR4,NDUFV3,ERVH48-1,PKNOX1,CBS,U2AF1,CRYAA,SIK1,HSF2BP,RRP1B,PDXK,CSTB,RRP1,AGPAT3,ENSG00000288593,TRAPPC10,PWP2,ICOSLG,DNMT3L,AIRE,PFKL,CFAP410,TRPM2,LRRC3,TSPEAR	0.009024305228073801	0.014068771477165891
chr21	43092956	44711572	U2AF1,CRYAA,SIK1,HSF2BP,RRP1B,PDXK,CSTB,RRP1,AGPAT3,ENSG00000288593,TRAPPC10,PWP2,ICOSLG,DNMT3L,AIRE,PFKL,CFAP410,TRPM2,LRRC3,TSPEAR,KRTAP10-1,KRTAP10-2,KRTAP10-3,KRTAP10-4,KRTAP10-5	0.007306202839235297	0.00848735042133399
chr21	43719094	44711572	PDXK,CSTB,RRP1,AGPAT3,ENSG00000288593,TRAPPC10,PWP2,ICOSLG,DNMT3L,AIRE,PFKL,CFAP410,TRPM2,LRRC3,TSPEAR,KRTAP10-1,KRTAP10-2,KRTAP10-3,KRTAP10-4,KRTAP10-5,KRTAP10-6,KRTAP10-7,KRTAP10-8,KRTAP10-9,KRTAP10-10	0.005089881762292572	0.004827590687247718
chr21	44012309	44711572	TRAPPC10,PWP2,ICOSLG,DNMT3L,AIRE,PFKL,CFAP410,TRPM2,LRRC3,TSPEAR,KRTAP10-1,KRTAP10-2,KRTAP10-3,KRTAP10-4,KRTAP10-5,KRTAP10-6,KRTAP10-7,KRTAP10-8,KRTAP10-9,KRTAP10-10,KRTAP10-11,KRTAP12-4,KRTAP12-3,KRTAP12-2,KRTAP12-1	0.001249621192364486	0.001252165695880821
chr21	44300051	44931989	PFKL,CFAP410,TRPM2,LRRC3,TSPEAR,KRTAP10-1,KRTAP10-2,KRTAP10-3,KRTAP10-4,KRTAP10-5,KRTAP10-6,KRTAP10-7,KRTAP10-8,KRTAP10-9,KRTAP10-10,KRTAP10-11,KRTAP12-4,KRTAP12-3,KRTAP12-2,KRTAP12-1,KRTAP10-12,UBE2G2,SUMO3,PTTG1IP,ITGB2	0.0004345048252269504	0.00033279148592017273
chr21	44538981	45942454	KRTAP10-1,KRTAP10-2,KRTAP10-3,KRTAP10-4,KRTAP10-5,KRTAP10-6,KRTAP10-7,KRTAP10-8,KRTAP10-9,KRTAP10-10,KRTAP10-11,KRTAP12-4,KRTAP12-3,KRTAP12-2,KRTAP12-1,KRTAP10-12,UBE2G2,SUMO3,PTTG1IP,ITGB2,ADARB1,POFUT2,COL18A1,SLC19A1,PCBP3	0.004681543977919278	0.00498284054852726
chr21	44591268	46228824	KRTAP10-6,KRTAP10-7,KRTAP10-8,KRTAP10-9,KRTAP10-10,KRTAP10-11,KRTAP12-4,KRTAP12-3,KRTAP12-2,KRTAP12-1,KRTAP10-12,UBE2G2,SUMO3,PTTG1IP,ITGB2,ADARB1,POFUT2,COL18A1,SLC19A1,PCBP3,COL6A1,COL6A2,FTCD,SPATC1L,LSS	0.013439858285438635	0.01640879615596026
chr21	44646414	46445769	KRTAP10-11,KRTAP12-4,KRTAP12-3,KRTAP12-2,KRTAP12-1,KRTAP10-12,UBE2G2,SUMO3,PTTG1IP,ITGB2,ADARB1,POFUT2,COL18A1,SLC19A1,PCBP3,COL6A1,COL6A2,FTCD,SPATC1L,LSS,MCM3AP,YBEY,C21orf58,PCNT,ENSG00000286224	0.007900852411311715	0.012802519645715134
chr22	15528192	18947732	OR11H1,POTEH,CCT8L2,XKR3,GAB4,IL17RA,TMEM121B,HDHD5,ADA2,CECR2,SLC25A18,ATP6V1E1,BCL2L13,BID,MICAL3,PEX26,ENSG00000288683,TUBA8,USP18,GGTLC3,TMEM191B,RIMBP3,FAM246B,DGCR6,ENSG00000283809	0.011693225625596403	0.01646141326691531
chr22	17084954	19150292	IL17RA,TMEM121B,HDHD5,ADA2,CECR2,SLC25A18,ATP6V1E1,BCL2L13,BID,MICAL3,PEX26,ENSG00000288683,TUBA8,USP18,GGTLC3,TMEM191B,RIMBP3,FAM246B,DGCR6,ENSG00000283809,PRODH,DGCR2,ESS2,TSSK2,GSC2	0.006147579358962092	0.007513492313093428
chr22	17563450	19447711	SLC25A18,ATP6V1E1,BCL2L13,BID,MICAL3,PEX26,ENSG00000288683,TUBA8,USP18,GGTLC3,TMEM191B,RIMBP3,FAM246B,DGCR6,ENSG00000283809,PRODH,DGCR2,ESS2,TSSK2,GSC2,SLC25A1,CLTCL1,HIRA,C22orf39,MRPL40	0.0054391694959569714	0.005895233533692612
chr22	18077923	19724772	PEX26,ENSG00000288683,TUBA8,USP18,GGTLC3,TMEM191B,RIMBP3,FAM246B,DGCR6,ENSG00000283809,PRODH,DGCR2,ESS2,TSSK2,GSC2,SLC25A1,CLTCL1,HIRA,C22orf39,MRPL40,UFD1,CDC45,CLDN5,SEPTIN5,ENSG00000284874	0.009320638958738948	0.010469658733735933
chr22	18527802	19941820	TMEM191B,RIMBP3,FAM246B,DGCR6,ENSG00000283809,PRODH,DGCR2,ESS2,TSSK2,GSC2,SLC25A1,CLTCL1,HIRA,C22orf39,MRPL40,UFD1,CDC45,CLDN5,SEPTIN5,ENSG00000284874,GP1BB,TBX1,GNB1L,RTL10,TXNRD2	0.013368016911551995	0.016329605740006473
chr22	18912777	20117392	PRODH,DGCR2,ESS2,TSSK2,GSC2,SLC25A1,CLTCL1,HIRA,C22orf39,MRPL40,UFD1,CDC45,CLDN5,SEPTIN5,ENSG00000284874,GP1BB,TBX1,GNB1L,RTL10,TXNRD2,COMT,ARVCF,TANGO2,DGCR8,TRMT2A	0.010185451319546403	0.011675954644473394
chr22	19175581	20320080	SLC25A1,CLTCL1,HIRA,C22orf39,MRPL40,UFD1,CDC45,CLDN5,SEPTIN5,ENSG00000284874,GP1BB,TBX1,GNB1L,RTL10,TXNRD2,COMT,ARVCF,TANGO2,DGCR8,TRMT2A,RANBP1,ZDHHC8,CCDC188,RTN4R,DGCR6L	0.009714107502230297	0.007271161021039383
chr22	19449911	20587632	UFD1,CDC45,CLDN5,SEPTIN5,ENSG00000284874,GP1BB,TBX1,GNB1L,RTL10,TXNRD2,COMT,ARVCF,TANGO2,DGCR8,TRMT2A,RANBP1,ZDHHC8,CCDC188,RTN4R,DGCR6L,ZNF74,SCARF2,ENSG00000277971,KLHL22,MED15	0.015116805421729705	0.011440003978395157
chr22	19723539	20981360	GP1BB,TBX1,GNB1L,RTL10,TXNRD2,COMT,ARVCF,TANGO2,DGCR8,TRMT2A,RANBP1,ZDHHC8,CCDC188,RTN4R,DGCR6L,ZNF74,SCARF2,ENSG00000277971,KLHL22,MED15,PI4KA,SERPIND1,SNAP29,CRKL,AIFM3	0.011571501291575761	0.010037855733337684
chr22	19941371	21032840	COMT,ARVCF,TANGO2,DGCR8,TRMT2A,RANBP1,ZDHHC8,CCDC188,RTN4R,DGCR6L,ZNF74,SCARF2,ENSG00000277971,KLHL22,MED15,PI4KA,SERPIND1,SNAP29,CRKL,AIFM3,LZTR1,THAP7,TUBA3FP,P2RX6,SLC7A4	0.010908215490090866	0.013203630567225963
chr22	20115938	21471269	RANBP1,ZDHHC8,CCDC188,RTN4R,DGCR6L,ZNF74,SCARF2,ENSG00000277971,KLHL22,MED15,PI4KA,SERPIND1,SNAP29,CRKL,AIFM3,LZTR1,THAP7,TUBA3FP,P2RX6,SLC7A4,LRRC74B,FAM246A,RIMBP3B,HIC2,TMEM191C	0.011526690445036252	0.013500519982653818
chr22	20394115	21644299	ZNF74,SCARF2,ENSG00000277971,KLHL22,MED15,PI4KA,SERPIND1,SNAP29,CRKL,AIFM3,LZTR1,THAP7,TUBA3FP,P2RX6,SLC7A4,LRRC74B,FAM246A,RIMBP3B,HIC2,TMEM191C,RIMBP3C,UBE2L3,YDJC,CCDC116,SDF2L1	0.007220648350326518	0.008752744203245738
chr22	20707691	21982813	PI4KA,SERPIND1,SNAP29,CRKL,AIFM3,LZTR1,THAP7,TUBA3FP,P2RX6,SLC7A4,LRRC74B,FAM246A,RIMBP3B,HIC2,TMEM191C,RIMBP3C,UBE2L3,YDJC,CCDC116,SDF2L1,PPIL2,YPEL1,MAPK1,PPM1F,TOP3B	0.004727672855315944	0.00965816555547136
chr22	20982269	22647898	LZTR1,THAP7,TUBA3FP,P2RX6,SLC7A4,LRRC74B,FAM246A,RIMBP3B,HIC2,TMEM191C,RIMBP3C,UBE2L3,YDJC,CCDC116,SDF2L1,PPIL2,YPEL1,MAPK1,PPM1F,TOP3B,VPREB1,ZNF280B,ZNF280A,PRAME,GGTLC2	0.0011964001033652192	0.015185458112932829
chr22	21045946	23318037	LRRC74B,FAM246A,RIMBP3B,HIC2,TMEM191C,RIMBP3C,UBE2L3,YDJC,CCDC116,SDF2L1,PPIL2,YPEL1,MAPK1,PPM1F,TOP3B,VPREB1,ZNF280B,ZNF280A,PRAME,GGTLC2,IGLL5,RSPH14,GNAZ,RAB36,BCR	0.005666647341608462	0.017787812768962123
chr22	21545666	23754425	RIMBP3C,UBE2L3,YDJC,CCDC116,SDF2L1,PPIL2,YPEL1,MAPK1,PPM1F,TOP3B,VPREB1,ZNF280B,ZNF280A,PRAME,GGTLC2,IGLL5,RSPH14,GNAZ,RAB36,BCR,IGLL1,DRICH1,RGL4,ZNF70,VPREB3	0.004764787221835435	0.008493593286893652
chr22	21666000	23839128	PPIL2,YPEL1,MAPK1,PPM1F,TOP3B,VPREB1,ZNF280B,ZNF280A,PRAME,GGTLC2,IGLL5,RSPH14,GNAZ,RAB36,BCR,IGLL1,DRICH1,RGL4,ZNF70,VPREB3,C22orf15,CHCHD10,MMP11,SMARCB1,DERL3	0.0046648287772601054	0.005725989557163824
chr22	22244780	23972556	VPREB1,ZNF280B,ZNF280A,PRAME,GGTLC2,IGLL5,RSPH14,GNAZ,RAB36,BCR,IGLL1,DRICH1,RGL4,ZNF70,VPREB3,C22orf15,CHCHD10,MMP11,SMARCB1,DERL3,SLC2A11,ENSG00000251357,MIF,GSTT2B,DDTL	0.005045011594969149	0.005802795711570414
chr22	22887780	24245108	IGLL5,RSPH14,GNAZ,RAB36,BCR,IGLL1,DRICH1,RGL4,ZNF70,VPREB3,C22orf15,CHCHD10,MMP11,SMARCB1,DERL3,SLC2A11,ENSG00000251357,MIF,GSTT2B,DDTL,DDT,GSTT4,CABIN1,SUSD2,GGT5	0.016207784759553943	0.012010577584310777
chr22	23573125	24555935	IGLL1,DRICH1,RGL4,ZNF70,VPREB3,C22orf15,CHCHD10,MMP11,SMARCB1,DERL3,SLC2A11,ENSG00000251357,MIF,GSTT2B,DDTL,DDT,GSTT4,CABIN1,SUSD2,GGT5,SPECC1L,SPECC1L-ADORA2A,ADORA2A,UPB1,GUCD1	0.02890263119207648	0.009917196604305675
chr22	23762990	24774720	C22orf15,CHCHD10,MMP11,SMARCB1,DERL3,SLC2A11,ENSG00000251357,MIF,GSTT2B,DDTL,DDT,GSTT4,CABIN1,SUSD2,GGT5,SPECC1L,SPECC1L-ADORA2A,ADORA2A,UPB1,GUCD1,SNRPD3,ENSG00000286070,LRRC75B,GGT1,PIWIL3	0.019365486943672138	0.011484305691511586
chr22	23856703	25729294	SLC2A11,ENSG00000251357,MIF,GSTT2B,DDTL,DDT,GSTT4,CABIN1,SUSD2,GGT5,SPECC1L,SPECC1L-ADORA2A,ADORA2A,UPB1,GUCD1,SNRPD3,ENSG00000286070,LRRC75B,GGT1,PIWIL3,SGSM1,KIAA1671,CRYBB3,CRYBB2,GRK3	0.009928004063669857	0.00801290909608168
chr22	23970542	26494658	DDT,GSTT4,CABIN1,SUSD2,GGT5,SPECC1L,SPECC1L-ADORA2A,ADORA2A,UPB1,GUCD1,SNRPD3,ENSG00000286070,LRRC75B,GGT1,PIWIL3,SGSM1,KIAA1671,CRYBB3,CRYBB2,GRK3,MYO18B,SEZ6L,ASPHD2,HPS4,SRRD	0.0065527826568684685	0.007244145032390641
chr22	24270817	27801756	SPECC1L,SPECC1L-ADORA2A,ADORA2A,UPB1,GUCD1,SNRPD3,ENSG00000286070,LRRC75B,GGT1,PIWIL3,SGSM1,KIAA1671,CRYBB3,CRYBB2,GRK3,MYO18B,SEZ6L,ASPHD2,HPS4,SRRD,TFIP11,TPST2,CRYBB1,CRYBA4,MN1	0.006824492000265991	0.010258576968016126
chr22	24555958	28789301	SNRPD3,ENSG00000286070,LRRC75B,GGT1,PIWIL3,SGSM1,KIAA1671,CRYBB3,CRYBB2,GRK3,MYO18B,SEZ6L,ASPHD2,HPS4,SRRD,TFIP11,TPST2,CRYBB1,CRYBA4,MN1,PITPNB,TTC28,CHEK2,HSCB,CCDC117	0.01177751837778396	0.01937348578601969
chr22	24806169	29259597	SGSM1,KIAA1671,CRYBB3,CRYBB2,GRK3,MYO18B,SEZ6L,ASPHD2,HPS4,SRRD,TFIP11,TPST2,CRYBB1,CRYBA4,MN1,PITPNB,TTC28,CHEK2,HSCB,CCDC117,XBP1,ZNRF3,C22orf31,KREMEN1,EMID1	0.007865873503297288	0.01737850152228683
chr22	25742144	29388583	MYO18B,SEZ6L,ASPHD2,HPS4,SRRD,TFIP11,TPST2,CRYBB1,CRYBA4,MN1,PITPNB,TTC28,CHEK2,HSCB,CCDC117,XBP1,ZNRF3,C22orf31,KREMEN1,EMID1,RHBDD3,EWSR1,GAS2L1,RASL10A,AP1B1	0.009245669791718928	0.017220063652148298
chr22	26491225	29698598	TFIP11,TPST2,CRYBB1,CRYBA4,MN1,PITPNB,TTC28,CHEK2,HSCB,CCDC117,XBP1,ZNRF3,C22orf31,KREMEN1,EMID1,RHBDD3,EWSR1,GAS2L1,RASL10A,AP1B1,RFPL1,NEFH,THOC5,NIPSNAP1,NF2	0.007392533492503041	0.013563040216075649
chr22	27851669	30030868	PITPNB,TTC28,CHEK2,HSCB,CCDC117,XBP1,ZNRF3,C22orf31,KREMEN1,EMID1,RHBDD3,EWSR1,GAS2L1,RASL10A,AP1B1,RFPL1,NEFH,THOC5,NIPSNAP1,NF2,CABP7,ZMAT5,UQCR10,ASCC2,MTMR3	0.005357464419144502	0.013139250304612769
chr22	28794555	30299482	XBP1,ZNRF3,C22orf31,KREMEN1,EMID1,RHBDD3,EWSR1,GAS2L1,RASL10A,AP1B1,RFPL1,NEFH,THOC5,NIPSNAP1,NF2,CABP7,ZMAT5,UQCR10,ASCC2,MTMR3,HORMAD2,LIF,OSM,CASTOR1,ENSG00000248751	-0.005228107959712774	0.008631296006755215
chr22	29259872	30425303	RHBDD3,EWSR1,GAS2L1,RASL10A,AP1B1,RFPL1,NEFH,THOC5,NIPSNAP1,NF2,CABP7,ZMAT5,UQCR10,ASCC2,MTMR3,HORMAD2,LIF,OSM,CASTOR1,ENSG00000248751,TBC1D10A,SF3A1,CCDC157,RNF215,SEC14L2	-0.011662642963339692	0.0023022878111389968
chr22	29438583	30546741	RFPL1,NEFH,THOC5,NIPSNAP1,NF2,CABP7,ZMAT5,UQCR10,ASCC2,MTMR3,HORMAD2,LIF,OSM,CASTOR1,ENSG00000248751,TBC1D10A,SF3A1,CCDC157,RNF215,SEC14L2,ENSG00000249590,MTFP1,SEC14L3,SEC14L4,SEC14L6	0.002710465794796887	0.0074325646740719875
chr22	29720003	30669016	CABP7,ZMAT5,UQCR10,ASCC2,MTMR3,HORMAD2,LIF,OSM,CASTOR1,ENSG00000248751,TBC1D10A,SF3A1,CCDC157,RNF215,SEC14L2,ENSG00000249590,MTFP1,SEC14L3,SEC14L4,SEC14L6,GAL3ST1,PES1,TCN2,SLC35E4,DUSP18	0.006859640017999605	0.00847735397057759
chr22	30080464	31120069	HORMAD2,LIF,OSM,CASTOR1,ENSG00000248751,TBC1D10A,SF3A1,CCDC157,RNF215,SEC14L2,ENSG00000249590,MTFP1,SEC14L3,SEC14L4,SEC14L6,GAL3ST1,PES1,TCN2,SLC35E4,DUSP18,OSBP2,MORC2,TUG1,SMTN,SELENOM	0.005705131697996689	0.005540939396044525
chr22	30291990	31292534	TBC1D10A,SF3A1,CCDC157,RNF215,SEC14L2,ENSG00000249590,MTFP1,SEC14L3,SEC14L4,SEC14L6,GAL3ST1,PES1,TCN2,SLC35E4,DUSP18,OSBP2,MORC2,TUG1,SMTN,SELENOM,INPP5J,PLA2G3,RNF185,LIMK2,PIK3IP1	0.00911792212198856	0.00947414750208981
chr22	30409255	31662221	ENSG00000249590,MTFP1,SEC14L3,SEC14L4,SEC14L6,GAL3ST1,PES1,TCN2,SLC35E4,DUSP18,OSBP2,MORC2,TUG1,SMTN,SELENOM,INPP5J,PLA2G3,RNF185,LIMK2,PIK3IP1,PATZ1,DRG1,EIF4ENIF1,SFI1,PISD	0.014953106333685497	0.017485549256684788
chr22	30554635	32113029	GAL3ST1,PES1,TCN2,SLC35E4,DUSP18,OSBP2,MORC2,TUG1,SMTN,SELENOM,INPP5J,PLA2G3,RNF185,LIMK2,PIK3IP1,PATZ1,DRG1,EIF4ENIF1,SFI1,PISD,PRR14L,DEPDC5,ENSG00000285404,YWHAH,SLC5A1	0.012131999243039863	0.015403172794177711
chr22	30693782	32412248	OSBP2,MORC2,TUG1,SMTN,SELENOM,INPP5J,PLA2G3,RNF185,LIMK2,PIK3IP1,PATZ1,DRG1,EIF4ENIF1,SFI1,PISD,PRR14L,DEPDC5,ENSG00000285404,YWHAH,SLC5A1,C22orf42,RFPL2,SLC5A4,RFPL3,RTCB	0.009670825498871634	0.013673954633198798
chr22	31122731	33922841	INPP5J,PLA2G3,RNF185,LIMK2,PIK3IP1,PATZ1,DRG1,EIF4ENIF1,SFI1,PISD,PRR14L,DEPDC5,ENSG00000285404,YWHAH,SLC5A1,C22orf42,RFPL2,SLC5A4,RFPL3,RTCB,BPIFC,FBXO7,SYN3,TIMP3,LARGE1	0.003245918953883206	0.006685467251317182
chr22	31325804	35425431	PATZ1,DRG1,EIF4ENIF1,SFI1,PISD,PRR14L,DEPDC5,ENSG00000285404,YWHAH,SLC5A1,C22orf42,RFPL2,SLC5A4,RFPL3,RTCB,BPIFC,FBXO7,SYN3,TIMP3,LARGE1,ISX,HMGXB4,TOM1,HMOX1,MCM5	0.005466160449849021	0.007517773098251891
chr22	31676256	36028824	PRR14L,DEPDC5,ENSG00000285404,YWHAH,SLC5A1,C22orf42,RFPL2,SLC5A4,RFPL3,RTCB,BPIFC,FBXO7,SYN3,TIMP3,LARGE1,ISX,HMGXB4,TOM1,HMOX1,MCM5,RASD2,MB,APOL6,APOL5,RBFOX2	0.008809434915691852	0.0105930468862457
chr22	32149006	36388010	C22orf42,RFPL2,SLC5A4,RFPL3,RTCB,BPIFC,FBXO7,SYN3,TIMP3,LARGE1,ISX,HMGXB4,TOM1,HMOX1,MCM5,RASD2,MB,APOL6,APOL5,RBFOX2,APOL3,APOL4,APOL2,APOL1,MYH9	0.009573107671141046	0.009513211235948634
chr22	32413845	36776256	BPIFC,FBXO7,SYN3,TIMP3,LARGE1,ISX,HMGXB4,TOM1,HMOX1,MCM5,RASD2,MB,APOL6,APOL5,RBFOX2,APOL3,APOL4,APOL2,APOL1,MYH9,TXN2,FOXRED2,EIF3D,CACNG2,IFT27	0.007214198483294463	0.0077810424754254474
chr22	35066136	37020183	ISX,HMGXB4,TOM1,HMOX1,MCM5,RASD2,MB,APOL6,APOL5,RBFOX2,APOL3,APOL4,APOL2,APOL1,MYH9,TXN2,FOXRED2,EIF3D,CACNG2,IFT27,PVALB,NCF4,CSF2RB,TEX33,TST	0.010563832049849356	0.010086045319092152
chr22	35540831	37199385	RASD2,MB,APOL6,APOL5,RBFOX2,APOL3,APOL4,APOL2,APOL1,MYH9,TXN2,FOXRED2,EIF3D,CACNG2,IFT27,PVALB,NCF4,CSF2RB,TEX33,TST,MPST,KCTD17,TMPRSS6,IL2RB,C1QTNF6	0.017295242538109473	0.014134929885587146
chr22	36140329	37486393	APOL3,APOL4,APOL2,APOL1,MYH9,TXN2,FOXRED2,EIF3D,CACNG2,IFT27,PVALB,NCF4,CSF2RB,TEX33,TST,MPST,KCTD17,TMPRSS6,IL2RB,C1QTNF6,SSTR3,RAC2,CYTH4,ELFN2,MFNG	0.012822985551813052	0.01236553557716626
chr22	36467046	37656117	TXN2,FOXRED2,EIF3D,CACNG2,IFT27,PVALB,NCF4,CSF2RB,TEX33,TST,MPST,KCTD17,TMPRSS6,IL2RB,C1QTNF6,SSTR3,RAC2,CYTH4,ELFN2,MFNG,CARD10,CDC42EP1,LGALS2,GGA1,SH3BP1	0.008324810390657253	0.009132677411618603
chr22	36800684	37726503	PVALB,NCF4,CSF2RB,TEX33,TST,MPST,KCTD17,TMPRSS6,IL2RB,C1QTNF6,SSTR3,RAC2,CYTH4,ELFN2,MFNG,CARD10,CDC42EP1,LGALS2,GGA1,SH3BP1,ENSG00000285304,PDXP,LGALS1,NOL12,ENSG00000100101	0.0038540400977959493	0.005138901510285649
chr22	37019635	37849327	MPST,KCTD17,TMPRSS6,IL2RB,C1QTNF6,SSTR3,RAC2,CYTH4,ELFN2,MFNG,CARD10,CDC42EP1,LGALS2,GGA1,SH3BP1,ENSG00000285304,PDXP,LGALS1,NOL12,ENSG00000100101,TRIOBP,H1-0,GCAT,GALR3,ANKRD54	0.005060976634253005	0.006584875220667981
chr22	37204237	38041915	SSTR3,RAC2,CYTH4,ELFN2,MFNG,CARD10,CDC42EP1,LGALS2,GGA1,SH3BP1,ENSG00000285304,PDXP,LGALS1,NOL12,ENSG00000100101,TRIOBP,H1-0,GCAT,GALR3,ANKRD54,EIF3L,MICALL1,C22orf23,POLR2F,SOX10	0.008898886309038248	0.008442636772904981
chr22	37490362	38216507	CARD10,CDC42EP1,LGALS2,GGA1,SH3BP1,ENSG00000285304,PDXP,LGALS1,NOL12,ENSG00000100101,TRIOBP,H1-0,GCAT,GALR3,ANKRD54,EIF3L,MICALL1,C22orf23,POLR2F,SOX10,PICK1,SLC16A8,BAIAP2L2,PLA2G6,MAFF	0.015184909086631265	0.014215769136371313
chr22	37639693	38483447	ENSG00000285304,PDXP,LGALS1,NOL12,ENSG00000100101,TRIOBP,H1-0,GCAT,GALR3,ANKRD54,EIF3L,MICALL1,C22orf23,POLR2F,SOX10,PICK1,SLC16A8,BAIAP2L2,PLA2G6,MAFF,TMEM184B,CSNK1E,TPTEP2-CSNK1E,KCNJ4,KDELR3	0.011446337619885099	0.01171429076416171
chr22	37697048	38685421	TRIOBP,H1-0,GCAT,GALR3,ANKRD54,EIF3L,MICALL1,C22orf23,POLR2F,SOX10,PICK1,SLC16A8,BAIAP2L2,PLA2G6,MAFF,TMEM184B,CSNK1E,TPTEP2-CSNK1E,KCNJ4,KDELR3,DDX17,DMC1,FAM227A,CBY1,TOMM22	0.008320037852616717	0.009200684259090307
chr22	37848868	38844028	EIF3L,MICALL1,C22orf23,POLR2F,SOX10,PICK1,SLC16A8,BAIAP2L2,PLA2G6,MAFF,TMEM184B,CSNK1E,TPTEP2-CSNK1E,KCNJ4,KDELR3,DDX17,DMC1,FAM227A,CBY1,TOMM22,JOSD1,GTPBP1,SUN2,DNAL4,NPTXR	0.007168165354876556	0.007228076368108281
chr22	38056311	39033276	PICK1,SLC16A8,BAIAP2L2,PLA2G6,MAFF,TMEM184B,CSNK1E,TPTEP2-CSNK1E,KCNJ4,KDELR3,DDX17,DMC1,FAM227A,CBY1,TOMM22,JOSD1,GTPBP1,SUN2,DNAL4,NPTXR,CBX6,APOBEC3A,APOBEC3B,APOBEC3C,ENSG00000284554	0.010335482071564834	0.005650559125995668
chr22	38219291	39152680	TMEM184B,CSNK1E,TPTEP2-CSNK1E,KCNJ4,KDELR3,DDX17,DMC1,FAM227A,CBY1,TOMM22,JOSD1,GTPBP1,SUN2,DNAL4,NPTXR,CBX6,APOBEC3A,APOBEC3B,APOBEC3C,ENSG00000284554,APOBEC3D,APOBEC3F,APOBEC3G,APOBEC3H,CBX7	0.014409314715427174	0.012248603141925747
chr22	38483438	39492194	DDX17,DMC1,FAM227A,CBY1,TOMM22,JOSD1,GTPBP1,SUN2,DNAL4,NPTXR,CBX6,APOBEC3A,APOBEC3B,APOBEC3C,ENSG00000284554,APOBEC3D,APOBEC3F,APOBEC3G,APOBEC3H,CBX7,PDGFB,RPL3,SYNGR1,TAB1,MGAT3	0.00941649579798174	0.010265687675744518
chr22	38685543	39893864	JOSD1,GTPBP1,SUN2,DNAL4,NPTXR,CBX6,APOBEC3A,APOBEC3B,APOBEC3C,ENSG00000284554,APOBEC3D,APOBEC3F,APOBEC3G,APOBEC3H,CBX7,PDGFB,RPL3,SYNGR1,TAB1,MGAT3,MIEF1,ATF4,RPS19BP1,CACNA1I,ENTHD1	-0.00011236024334335259	0.0015077263953746762
chr22	38861422	40410054	CBX6,APOBEC3A,APOBEC3B,APOBEC3C,ENSG00000284554,APOBEC3D,APOBEC3F,APOBEC3G,APOBEC3H,CBX7,PDGFB,RPL3,SYNGR1,TAB1,MGAT3,MIEF1,ATF4,RPS19BP1,CACNA1I,ENTHD1,GRAP2,FAM83F,TNRC6B,ADSL,ENSG00000284431	0.007330695367341914	0.006652965663794806
chr22	39021113	40856639	APOBEC3D,APOBEC3F,APOBEC3G,APOBEC3H,CBX7,PDGFB,RPL3,SYNGR1,TAB1,MGAT3,MIEF1,ATF4,RPS19BP1,CACNA1I,ENTHD1,GRAP2,FAM83F,TNRC6B,ADSL,ENSG00000284431,SGSM3,MRTFA,MCHR1,SLC25A17,ST13	0.018100202155941412	0.01071262861900267
chr22	39223359	41231271	PDGFB,RPL3,SYNGR1,TAB1,MGAT3,MIEF1,ATF4,RPS19BP1,CACNA1I,ENTHD1,GRAP2,FAM83F,TNRC6B,ADSL,ENSG00000284431,SGSM3,MRTFA,MCHR1,SLC25A17,ST13,XPNPEP3,DNAJB7,RBX1,EP300,L3MBTL2	0.014603210564242427	0.007962537989269002
chr22	39499432	41446801	MIEF1,ATF4,RPS19BP1,CACNA1I,ENTHD1,GRAP2,FAM83F,TNRC6B,ADSL,ENSG00000284431,SGSM3,MRTFA,MCHR1,SLC25A17,ST13,XPNPEP3,DNAJB7,RBX1,EP300,L3MBTL2,CHADL,RANGAP1,ZC3H7B,TEF,TOB2	0.007486559555005122	0.0051738798568067654
chr22	39901084	41589871	GRAP2,FAM83F,TNRC6B,ADSL,ENSG00000284431,SGSM3,MRTFA,MCHR1,SLC25A17,ST13,XPNPEP3,DNAJB7,RBX1,EP300,L3MBTL2,CHADL,RANGAP1,ZC3H7B,TEF,TOB2,ACO2,PHF5A,POLR3H,CSDC2,PMM1	0.0006106533190573953	0.003413523988645038
chr22	40370591	41832164	SGSM3,MRTFA,MCHR1,SLC25A17,ST13,XPNPEP3,DNAJB7,RBX1,EP300,L3MBTL2,CHADL,RANGAP1,ZC3H7B,TEF,TOB2,ACO2,PHF5A,POLR3H,CSDC2,PMM1,DESI1,XRCC6,SNU13,MEI1,CCDC134	0.004428871520484989	0.007896377350984033
chr22	40857077	41998221	XPNPEP3,DNAJB7,RBX1,EP300,L3MBTL2,CHADL,RANGAP1,ZC3H7B,TEF,TOB2,ACO2,PHF5A,POLR3H,CSDC2,PMM1,DESI1,XRCC6,SNU13,MEI1,CCDC134,SREBF2,SHISA8,TNFRSF13C,CENPM,SEPTIN3	0.0034919715044835252	0.008638205865750597
chr22	41229510	42090884	CHADL,RANGAP1,ZC3H7B,TEF,TOB2,ACO2,PHF5A,POLR3H,CSDC2,PMM1,DESI1,XRCC6,SNU13,MEI1,CCDC134,SREBF2,SHISA8,TNFRSF13C,CENPM,SEPTIN3,WBP2NL,NAGA,PHETA2,SMDT1,NDUFA6	-0.0014278328375612339	0.005279197580346262
chr22	41447830	42574382	ACO2,PHF5A,POLR3H,CSDC2,PMM1,DESI1,XRCC6,SNU13,MEI1,CCDC134,SREBF2,SHISA8,TNFRSF13C,CENPM,SEPTIN3,WBP2NL,NAGA,PHETA2,SMDT1,NDUFA6,CYP2D6,TCF20,NFAM1,RRP7A,SERHL2	-0.007336516791322664	0.0045616859516053624
chr22	41598028	42858106	DESI1,XRCC6,SNU13,MEI1,CCDC134,SREBF2,SHISA8,TNFRSF13C,CENPM,SEPTIN3,WBP2NL,NAGA,PHETA2,SMDT1,NDUFA6,CYP2D6,TCF20,NFAM1,RRP7A,SERHL2,POLDIP3,CYB5R3,ATP5MGL,A4GALT,ARFGAP3	-0.0141470041689608	0.004508494332060788
chr22	41833105	43163242	SREBF2,SHISA8,TNFRSF13C,CENPM,SEPTIN3,WBP2NL,NAGA,PHETA2,SMDT1,NDUFA6,CYP2D6,TCF20,NFAM1,RRP7A,SERHL2,POLDIP3,CYB5R3,ATP5MGL,A4GALT,ARFGAP3,PACSIN2,TTLL1,BIK,MCAT,TSPO	-0.013519902047417652	0.006299648672165442
chr22	41998725	43862513	WBP2NL,NAGA,PHETA2,SMDT1,NDUFA6,CYP2D6,TCF20,NFAM1,RRP7A,SERHL2,POLDIP3,CYB5R3,ATP5MGL,A4GALT,ARFGAP3,PACSIN2,TTLL1,BIK,MCAT,TSPO,TTLL12,SCUBE1,MPPED1,EFCAB6,SULT4A1	-0.011304917067114957	0.010382166590000323
chr22	42126499	44219533	CYP2D6,TCF20,NFAM1,RRP7A,SERHL2,POLDIP3,CYB5R3,ATP5MGL,A4GALT,ARFGAP3,PACSIN2,TTLL1,BIK,MCAT,TSPO,TTLL12,SCUBE1,MPPED1,EFCAB6,SULT4A1,PNPLA5,PNPLA3,SAMM50,PARVB,PARVG	-0.015017997783549099	0.009554481183491538
chr22	42583721	44862788	POLDIP3,CYB5R3,ATP5MGL,A4GALT,ARFGAP3,PACSIN2,TTLL1,BIK,MCAT,TSPO,TTLL12,SCUBE1,MPPED1,EFCAB6,SULT4A1,PNPLA5,PNPLA3,SAMM50,PARVB,PARVG,SHISAL1,RTL6,PRR5,PRR5-ARHGAP8,ARHGAP8	-0.009957625612694278	0.012059254878578275
chr22	42835412	45341955	PACSIN2,TTLL1,BIK,MCAT,TSPO,TTLL12,SCUBE1,MPPED1,EFCAB6,SULT4A1,PNPLA5,PNPLA3,SAMM50,PARVB,PARVG,SHISAL1,RTL6,PRR5,PRR5-ARHGAP8,ARHGAP8,PHF21B,NUP50,KIAA0930,UPK3A,FAM118A	0.004081844660772147	0.016283396797248877
chr22	43166622	45977162	TTLL12,SCUBE1,MPPED1,EFCAB6,SULT4A1,PNPLA5,PNPLA3,SAMM50,PARVB,PARVG,SHISAL1,RTL6,PRR5,PRR5-ARHGAP8,ARHGAP8,PHF21B,NUP50,KIAA0930,UPK3A,FAM118A,SMC1B,RIBC2,FBLN1,ATXN10,WNT7B	0.010103481630641993	0.014006256304183966
chr22	43879678	46330810	PNPLA5,PNPLA3,SAMM50,PARVB,PARVG,SHISAL1,RTL6,PRR5,PRR5-ARHGAP8,ARHGAP8,PHF21B,NUP50,KIAA0930,UPK3A,FAM118A,SMC1B,RIBC2,FBLN1,ATXN10,WNT7B,PPARA,CDPF1,PKDREJ,TTC38,GTSE1	0.01131669968752942	0.014881287542121266
chr22	44243665	47175699	SHISAL1,RTL6,PRR5,PRR5-ARHGAP8,ARHGAP8,PHF21B,NUP50,KIAA0930,UPK3A,FAM118A,SMC1B,RIBC2,FBLN1,ATXN10,WNT7B,PPARA,CDPF1,PKDREJ,TTC38,GTSE1,TRMU,CELSR1,GRAMD4,CERK,TBC1D22A	0.009257328253408014	0.012744162014867213
chr22	44881162	49927540	PHF21B,NUP50,KIAA0930,UPK3A,FAM118A,SMC1B,RIBC2,FBLN1,ATXN10,WNT7B,PPARA,CDPF1,PKDREJ,TTC38,GTSE1,TRMU,CELSR1,GRAMD4,CERK,TBC1D22A,TAFA5,BRD1,ZBED4,ALG12,CRELD2	0.010483246679910154	0.011121057910055764
chr22	45344063	50161690	SMC1B,RIBC2,FBLN1,ATXN10,WNT7B,PPARA,CDPF1,PKDREJ,TTC38,GTSE1,TRMU,CELSR1,GRAMD4,CERK,TBC1D22A,TAFA5,BRD1,ZBED4,ALG12,CRELD2,PIM3,IL17REL,TTLL8,MLC1,MOV10L1	0.012822077452884507	0.014746985480364794
chr22	46150521	50251405	PPARA,CDPF1,PKDREJ,TTC38,GTSE1,TRMU,CELSR1,GRAMD4,CERK,TBC1D22A,TAFA5,BRD1,ZBED4,ALG12,CRELD2,PIM3,IL17REL,TTLL8,MLC1,MOV10L1,PANX2,TRABD,SELENOO,TUBGCP6,HDAC10	0.014262981644503993	0.01823142246148869
chr22	46330875	50445090	TRMU,CELSR1,GRAMD4,CERK,TBC1D22A,TAFA5,BRD1,ZBED4,ALG12,CRELD2,PIM3,IL17REL,TTLL8,MLC1,MOV10L1,PANX2,TRABD,SELENOO,TUBGCP6,HDAC10,MAPK12,MAPK11,PLXNB2,DENND6B,PPP6R2	0.010241708568905208	0.012046178403979459
chr22	48489553	50524780	TAFA5,BRD1,ZBED4,ALG12,CRELD2,PIM3,IL17REL,TTLL8,MLC1,MOV10L1,PANX2,TRABD,SELENOO,TUBGCP6,HDAC10,MAPK12,MAPK11,PLXNB2,DENND6B,PPP6R2,SBF1,ADM2,MIOX,LMF2,NCAPH2	0.011383866209078648	0.012735928646247207
chr22	49960768	50562919	PIM3,IL17REL,TTLL8,MLC1,MOV10L1,PANX2,TRABD,SELENOO,TUBGCP6,HDAC10,MAPK12,MAPK11,PLXNB2,DENND6B,PPP6R2,SBF1,ADM2,MIOX,LMF2,NCAPH2,SCO2,TYMP,ODF3B,KLHDC7B,SYCE3	0.01505622199807804	0.01683312794933864
chr22	50170731	50628173	PANX2,TRABD,SELENOO,TUBGCP6,HDAC10,MAPK12,MAPK11,PLXNB2,DENND6B,PPP6R2,SBF1,ADM2,MIOX,LMF2,NCAPH2,SCO2,TYMP,ODF3B,KLHDC7B,SYCE3,CPT1B,CHKB-CPT1B,CHKB,MAPK8IP2,ARSA	0.011833387458452187	0.012476678110357822
