cell,group,lesion,donor
CO28__10X_17_grch38:AAACCTGAGAATCTCCx,normal,Ctrl,CO28
CO28__10X_17_grch38:AAATGCCTCACAACGTx,normal,Ctrl,CO28
CO28__10X_17_grch38:AAGGAGCCACGGCGTTx,normal,Ctrl,CO28
CO28__10X_17_grch38:ACATACGGTCCAACTAx,normal,Ctrl,CO28
CO28__10X_17_grch38:ACATCAGAGCCACGCTx,normal,Ctrl,CO28
CO28__10X_17_grch38:ACATGGTTCGTATCAGx,normal,Ctrl,CO28
CO28__10X_17_grch38:ACCAGTAAGTCGTTTGx,normal,Ctrl,CO28
CO28__10X_17_grch38:ACCCACTTCACCCGAGx,normal,Ctrl,CO28
CO28__10X_17_grch38:ACGCAGCAGTGACTCTx,normal,Ctrl,CO28
CO28__10X_17_grch38:ACTTACTTCGACGGAAx,normal,Ctrl,CO28
CO28__10X_17_grch38:AGAGCGATCAGTCCCTx,normal,Ctrl,CO28
CO28__10X_17_grch38:ATCATCTAGAGCTATAx,normal,Ctrl,CO28
CO28__10X_17_grch38:ATGTGTGGTAGCGTGAx,normal,Ctrl,CO28
CO28__10X_17_grch38:ATTGGTGGTCAGTGGAx,normal,Ctrl,CO28
CO28__10X_17_grch38:CAACCTCCAGTTAACCx,normal,Ctrl,CO28
CO28__10X_17_grch38:CACAGGCAGAAGGTGAx,normal,Ctrl,CO28
CO28__10X_17_grch38:CACAGTAAGATAGCATx,normal,Ctrl,CO28
CO28__10X_17_grch38:CACATAGAGTATTGGAx,normal,Ctrl,CO28
CO28__10X_17_grch38:CAGAGAGTCCTGTACCx,normal,Ctrl,CO28
CO28__10X_17_grch38:CAGCGACAGAAACCTAx,normal,Ctrl,CO28
CO28__10X_17_grch38:CATCCACCATCCTAGAx,normal,Ctrl,CO28
CO28__10X_17_grch38:CATGCCTAGGAATCGCx,normal,Ctrl,CO28
CO28__10X_17_grch38:CCACTACGTGGTAACGx,normal,Ctrl,CO28
CO28__10X_17_grch38:CCATGTCAGTATGACAx,normal,Ctrl,CO28
CO28__10X_17_grch38:CCATTCGGTCCATCCTx,normal,Ctrl,CO28
CO28__10X_17_grch38:CCCTCCTAGTGTCCATx,normal,Ctrl,CO28
CO28__10X_17_grch38:CCTACCAGTGTTCGATx,normal,Ctrl,CO28
CO28__10X_17_grch38:CGAGCACTCCGATATGx,normal,Ctrl,CO28
CO28__10X_17_grch38:CGGACGTGTGAGTGACx,normal,Ctrl,CO28
CO28__10X_17_grch38:CGGAGCTGTCCATGATx,normal,Ctrl,CO28
CO28__10X_17_grch38:CGTCCATAGCCAGTTTx,normal,Ctrl,CO28
CO28__10X_17_grch38:CGTGTAAGTGAGTGACx,normal,Ctrl,CO28
CO28__10X_17_grch38:CGTGTCTGTTGGGACAx,normal,Ctrl,CO28
CO28__10X_17_grch38:CGTTAGACATATGGTCx,normal,Ctrl,CO28
CO28__10X_17_grch38:CTAGAGTCAGGGTTAGx,normal,Ctrl,CO28
CO28__10X_17_grch38:CTCGTCACAGCTCGCAx,normal,Ctrl,CO28
CO28__10X_17_grch38:CTCTAATAGATCTGAAx,normal,Ctrl,CO28
CO28__10X_17_grch38:CTCTGGTTCCCTTGCAx,normal,Ctrl,CO28
CO28__10X_17_grch38:CTTTGCGAGCAGGTCAx,normal,Ctrl,CO28
CO28__10X_17_grch38:GAACCTATCAGTCCCTx,normal,Ctrl,CO28
CO28__10X_17_grch38:GACCTGGCACAGACTTx,normal,Ctrl,CO28
CO28__10X_17_grch38:GACGGCTAGCGTCTATx,normal,Ctrl,CO28
CO28__10X_17_grch38:GAGGTGATCGGAAATAx,normal,Ctrl,CO28
CO28__10X_17_grch38:GATTCAGTCCCTAACCx,normal,Ctrl,CO28
CO28__10X_17_grch38:GCAATCAGTACGAAATx,normal,Ctrl,CO28
CO28__10X_17_grch38:GCGCGATAGCCCAATTx,normal,Ctrl,CO28
CO28__10X_17_grch38:GGGCACTCACGAAAGCx,normal,Ctrl,CO28
CO28__10X_17_grch38:GGTATTGGTATGAAACx,normal,Ctrl,CO28
CO28__10X_17_grch38:GTACGTAAGGAATGGAx,normal,Ctrl,CO28
CO28__10X_17_grch38:GTAGGCCCACCACCAGx,normal,Ctrl,CO28
CO28__10X_17_grch38:GTCACGGTCTATCCCGx,normal,Ctrl,CO28
CO28__10X_17_grch38:GTTCGGGCATCGGGTCx,normal,Ctrl,CO28
CO28__10X_17_grch38:TAAGCGTTCCAAGTACx,normal,Ctrl,CO28
CO28__10X_17_grch38:TACCTTATCAGCTCGGx,normal,Ctrl,CO28
CO28__10X_17_grch38:TACCTTATCCATGCTCx,normal,Ctrl,CO28
CO28__10X_17_grch38:TACGGTAAGGCCGAATx,normal,Ctrl,CO28
CO28__10X_17_grch38:TACTCGCCAAAGCAATx,normal,Ctrl,CO28
CO28__10X_17_grch38:TATCAGGAGTTGCAGGx,normal,Ctrl,CO28
CO28__10X_17_grch38:TCATTACTCCCATTTAx,normal,Ctrl,CO28
CO28__10X_17_grch38:TCGGGACGTGCCTGCAx,normal,Ctrl,CO28
CO28__10X_17_grch38:TCTCATAGTTCGTGATx,normal,Ctrl,CO28
CO28__10X_17_grch38:TCTCTAACAGACGCCTx,normal,Ctrl,CO28
CO28__10X_17_grch38:TGCACCTGTTCCCTTGx,normal,Ctrl,CO28
CO28__10X_17_grch38:TGCCCATTCAAGAAGTx,normal,Ctrl,CO28
CO28__10X_17_grch38:TGCCCATTCACAGGCCx,normal,Ctrl,CO28
CO28__10X_17_grch38:TTCGGTCCAGGTCTCGx,normal,Ctrl,CO28
CO28__10X_17_grch38:TTGAACGGTAGCTGCCx,normal,Ctrl,CO28
CO28__10X_17_grch38:TTTGTCAGTCTCCCTAx,normal,Ctrl,CO28
CO25__10X_17_grch38:AAATGCCTCCCAACGGx,normal,Ctrl,CO25
CO25__10X_17_grch38:ACTGCTCAGGCACATGx,normal,Ctrl,CO25
CO25__10X_17_grch38:AGAGCGAGTCTGCGGTx,normal,Ctrl,CO25
CO25__10X_17_grch38:CACACCTCAGCATACTx,normal,Ctrl,CO25
CO25__10X_17_grch38:CTGTGCTGTCTAGTCAx,normal,Ctrl,CO25
CO25__10X_17_grch38:GATCAGTCATCACCCTx,normal,Ctrl,CO25
CO25__10X_17_grch38:TCTTCGGTCTGTTTGTx,normal,Ctrl,CO25
CO25__10X_17_grch38:TGCTACCGTTACGTCAx,normal,Ctrl,CO25
MS176_NAWM__10X_17_grch38:ACTATCTGTCGCATCGx,MS,NAWM,MS176
MS176_NAWM__10X_17_grch38:AGAGTGGAGATCTGAAx,MS,NAWM,MS176
MS176_NAWM__10X_17_grch38:CAAGGCCGTTCTGTTTx,MS,NAWM,MS176
MS176_NAWM__10X_17_grch38:CGCTGGACATTGTGCAx,MS,NAWM,MS176
MS176_NAWM__10X_17_grch38:GTGCAGCAGTGCCATTx,MS,NAWM,MS176
MS176_NAWM__10X_17_grch38:TGAGCCGAGGCTCTTAx,MS,NAWM,MS176
MS176_NAWM__10X_17_grch38:TTAGGACAGCGTAGTGx,MS,NAWM,MS176
MS176_RM__10X_17_grch38:ACCGTAAGTTATGTGCx,MS,RM,MS176
MS176_RM__10X_17_grch38:GCTTCCAGTACCGCTGx,MS,RM,MS176
MS176_CA__10X_17_grch38:CTGTTTACACCATCCTx,MS,CA,MS176
MS176_CA__10X_17_grch38:TGTGGTACAAGTTCTGx,MS,CA,MS176
CO39__10X_17_grch38:AAGGAGCTCAGCAACTx,normal,Ctrl,CO39
CO39__10X_17_grch38:ACCGTAAAGAAGAAGCx,normal,Ctrl,CO39
CO39__10X_17_grch38:ATAAGAGAGTACGCGAx,normal,Ctrl,CO39
CO39__10X_17_grch38:ATAGACCGTTCCGGCAx,normal,Ctrl,CO39
CO39__10X_17_grch38:CACATAGTCTCAAGTGx,normal,Ctrl,CO39
CO39__10X_17_grch38:CAGCTGGCACATCCGGx,normal,Ctrl,CO39
CO39__10X_17_grch38:CCGTTCACACTGTTAGx,normal,Ctrl,CO39
CO39__10X_17_grch38:CCTCTGAAGAACAACTx,normal,Ctrl,CO39
CO39__10X_17_grch38:CGATCGGCAGGAACGTx,normal,Ctrl,CO39
CO39__10X_17_grch38:CTACCCATCTAACCGAx,normal,Ctrl,CO39
CO39__10X_17_grch38:CTCGAAAAGCGTGTCCx,normal,Ctrl,CO39
CO39__10X_17_grch38:GGATGTTAGGGAAACAx,normal,Ctrl,CO39
CO39__10X_17_grch38:GTCTTCGAGAAGGTGAx,normal,Ctrl,CO39
CO39__10X_17_grch38:GTGCATAAGACACTAAx,normal,Ctrl,CO39
CO39__10X_17_grch38:GTTCTCGCAACTGGCCx,normal,Ctrl,CO39
CO39__10X_17_grch38:TAAGCGTTCCGATATGx,normal,Ctrl,CO39
CO39__10X_17_grch38:TATCTCAAGGGAACGGx,normal,Ctrl,CO39
CO39__10X_17_grch38:TATCTCATCATGTGGTx,normal,Ctrl,CO39
CO39__10X_17_grch38:TCTCATAAGAGTGAGAx,normal,Ctrl,CO39
CO39__10X_17_grch38:TGGACGCAGACCTTTGx,normal,Ctrl,CO39
CO39__10X_17_grch38:TTATGCTGTAATCACCx,normal,Ctrl,CO39
CO39__10X_17_grch38:TTATGCTTCACTTATCx,normal,Ctrl,CO39
CO39__10X_17_grch38:TTGACTTAGGAATGGAx,normal,Ctrl,CO39
CO14__10X_17_grch38:ACAGCCGAGCTGGAACx,normal,Ctrl,CO14
CO14__10X_17_grch38:ACGCAGCTCATTCACTx,normal,Ctrl,CO14
CO14__10X_17_grch38:AGCTTGAGTCATACTGx,normal,Ctrl,CO14
CO14__10X_17_grch38:AGGTCATGTGACGCCTx,normal,Ctrl,CO14
CO14__10X_17_grch38:ATGCGATCAGACAAATx,normal,Ctrl,CO14
CO14__10X_17_grch38:ATGTGTGTCGACAGCCx,normal,Ctrl,CO14
CO14__10X_17_grch38:CACCACTAGACTGTAAx,normal,Ctrl,CO14
CO14__10X_17_grch38:CAGTAACAGACACTAAx,normal,Ctrl,CO14
CO14__10X_17_grch38:CATATGGCAGCTCGACx,normal,Ctrl,CO14
CO14__10X_17_grch38:CCAGCGATCTCAAACGx,normal,Ctrl,CO14
CO14__10X_17_grch38:CGAGCACCATTCTCATx,normal,Ctrl,CO14
CO14__10X_17_grch38:CTCATTATCGTACCGGx,normal,Ctrl,CO14
CO14__10X_17_grch38:CTGAAACAGGTGTTAAx,normal,Ctrl,CO14
CO14__10X_17_grch38:GAAATGAAGCAGGTCAx,normal,Ctrl,CO14
CO14__10X_17_grch38:GCAGTTAAGTACCGGAx,normal,Ctrl,CO14
CO14__10X_17_grch38:GCTCTGTAGCATCATCx,normal,Ctrl,CO14
CO14__10X_17_grch38:GGAAAGCAGGATGCGTx,normal,Ctrl,CO14
CO14__10X_17_grch38:GGAACTTGTACAGTTCx,normal,Ctrl,CO14
CO14__10X_17_grch38:GTAGGCCTCAGATAAGx,normal,Ctrl,CO14
CO14__10X_17_grch38:TAGTGGTAGCGTTTACx,normal,Ctrl,CO14
CO14__10X_17_grch38:TCGAGGCCAATGCCATx,normal,Ctrl,CO14
CO14__10X_17_grch38:TTGACTTTCTACTTACx,normal,Ctrl,CO14
CO14__10X_17_grch38:TTTGTCACAAGTAGTAx,normal,Ctrl,CO14
MS242_CA2__10X_17_grch38:AAGGAGCGTCCTCTTGx,MS,CA,MS242
MS242_CA2__10X_17_grch38:CACACAACACATTAGCx,MS,CA,MS242
MS242_CA2__10X_17_grch38:GGGTCTGCACAGCCCAx,MS,CA,MS242
SD48/16__10X_17_grch38:AGAGCGAAGTCCGTATx,normal,Ctrl,SD48/16
SD48/16__10X_17_grch38:AGCAGCCCAGGTGGATx,normal,Ctrl,SD48/16
SD48/16__10X_17_grch38:CAGAGAGTCGACGGAAx,normal,Ctrl,SD48/16
SD48/16__10X_17_grch38:CGAGAAGGTACCCAATx,normal,Ctrl,SD48/16
SD48/16__10X_17_grch38:CTAAGACAGAGTCGGTx,normal,Ctrl,SD48/16
SD48/16__10X_17_grch38:GACTGCGGTCCTAGCGx,normal,Ctrl,SD48/16
SD48/16__10X_17_grch38:GACTGCGGTGCAACTTx,normal,Ctrl,SD48/16
SD48/16__10X_17_grch38:GATGAGGCAGTTCCCTx,normal,Ctrl,SD48/16
SD48/16__10X_17_grch38:GCAGCCATCCGAAGAGx,normal,Ctrl,SD48/16
SD48/16__10X_17_grch38:TTAGGACAGTTAGGTAx,normal,Ctrl,SD48/16
MS122_NAWM__10X_17_grch38:ACATACGAGGATTCGGx,MS,NAWM,MS122
MS122_NAWM__10X_17_grch38:ACATCAGTCCCTAACCx,MS,NAWM,MS122
MS122_NAWM__10X_17_grch38:AGAATAGCATCCGGGTx,MS,NAWM,MS122
MS122_NAWM__10X_17_grch38:AGATTGCGTCTTCGTCx,MS,NAWM,MS122
MS122_NAWM__10X_17_grch38:CACCAGGGTAGCGTAGx,MS,NAWM,MS122
MS122_NAWM__10X_17_grch38:CAGCGACTCTAACTTCx,MS,NAWM,MS122
MS122_NAWM__10X_17_grch38:CAGTCCTCAGCTCGCAx,MS,NAWM,MS122
MS122_NAWM__10X_17_grch38:CATATGGTCTACGAGTx,MS,NAWM,MS122
MS122_NAWM__10X_17_grch38:CCGTACTAGAGAACAGx,MS,NAWM,MS122
MS122_NAWM__10X_17_grch38:CGTAGCGCAGATCCATx,MS,NAWM,MS122
MS122_NAWM__10X_17_grch38:CTCGTACAGGTAGCTGx,MS,NAWM,MS122
MS122_NAWM__10X_17_grch38:CTCTACGCAAATTGCCx,MS,NAWM,MS122
MS122_NAWM__10X_17_grch38:GCCAAATCATCACAACx,MS,NAWM,MS122
MS122_NAWM__10X_17_grch38:GCTGCTTCAATAAGCAx,MS,NAWM,MS122
MS122_NAWM__10X_17_grch38:GGGCACTCATGAAGTAx,MS,NAWM,MS122
MS122_NAWM__10X_17_grch38:GGGTCTGGTTGGGACAx,MS,NAWM,MS122
MS122_NAWM__10X_17_grch38:GTAACTGAGAGTACATx,MS,NAWM,MS122
MS122_NAWM__10X_17_grch38:GTAACTGTCTGATTCTx,MS,NAWM,MS122
MS122_NAWM__10X_17_grch38:GTACGTACATCGATTGx,MS,NAWM,MS122
MS122_NAWM__10X_17_grch38:GTAGGCCCACACGCTGx,MS,NAWM,MS122
MS122_NAWM__10X_17_grch38:TAAGAGAAGCGCCTCAx,MS,NAWM,MS122
MS122_NAWM__10X_17_grch38:TCGCGTTAGGCACATGx,MS,NAWM,MS122
MS122_NAWM__10X_17_grch38:TCTATTGCAATGAATGx,MS,NAWM,MS122
MS122_NAWM__10X_17_grch38:TGCGGGTCACATTTCTx,MS,NAWM,MS122
MS122_NAWM__10X_17_grch38:TGGGCGTGTACACCGCx,MS,NAWM,MS122
MS122_CI__10X_17_grch38:AACTTTCAGATACACAx,MS,CI,MS122
MS122_CI__10X_17_grch38:ACATGGTCACGGCCATx,MS,CI,MS122
MS122_CI__10X_17_grch38:ACTTGTTAGCACCGCTx,MS,CI,MS122
MS122_CI__10X_17_grch38:AGAGCTTGTTCAGGCCx,MS,CI,MS122
MS122_CI__10X_17_grch38:CATCGAACATTGGGCCx,MS,CI,MS122
MS122_CI__10X_17_grch38:CCTTCGACAATAACGAx,MS,CI,MS122
MS122_CI__10X_17_grch38:CGTCCATCAAATTGCCx,MS,CI,MS122
MS122_CI__10X_17_grch38:CGTGTCTTCCAAACACx,MS,CI,MS122
MS122_CI__10X_17_grch38:GCGACCAGTTGAACTCx,MS,CI,MS122
MS122_CI__10X_17_grch38:GCGAGAAAGCACCGCTx,MS,CI,MS122
MS122_CI__10X_17_grch38:GCGCAGTCACCATGTAx,MS,CI,MS122
MS122_CI__10X_17_grch38:GGATGTTTCCGATATGx,MS,CI,MS122
MS122_CI__10X_17_grch38:GGGTCTGAGTTTGCGTx,MS,CI,MS122
MS122_CI__10X_17_grch38:TATCAGGGTTTACTCTx,MS,CI,MS122
MS122_CI__10X_17_grch38:TTCGGTCAGAAGGTTTx,MS,CI,MS122
MS122_CI__10X_17_grch38:TTGGCAATCGGCGCTAx,MS,CI,MS122
MS122_A__10X_17_grch38:ACATACGTCCAAAGTCx,MS,A,MS122
MS122_A__10X_17_grch38:ACGATACAGTACGTAAx,MS,A,MS122
MS122_A__10X_17_grch38:ACTGAGTAGAAACCTAx,MS,A,MS122
MS122_A__10X_17_grch38:ACTGCTCGTCGACTGCx,MS,A,MS122
MS122_A__10X_17_grch38:AGAGCTTCATCACCCTx,MS,A,MS122
MS122_A__10X_17_grch38:CAGAATCCAAGCTGGAx,MS,A,MS122
MS122_A__10X_17_grch38:CATCAAGGTCTTTCATx,MS,A,MS122
MS122_A__10X_17_grch38:CCCAATCTCAGTCAGTx,MS,A,MS122
MS122_A__10X_17_grch38:CCGTACTGTGCCTTGGx,MS,A,MS122
MS122_A__10X_17_grch38:CGTGTCTTCAACACGTx,MS,A,MS122
MS122_A__10X_17_grch38:CTGCCTAAGCGATGACx,MS,A,MS122
MS122_A__10X_17_grch38:CTTCTCTGTTGCTCCTx,MS,A,MS122
MS122_A__10X_17_grch38:TGACGGCAGCTGTTCAx,MS,A,MS122
MS122_A__10X_17_grch38:TGGGAAGCACAGGAGTx,MS,A,MS122
MS122_A__10X_17_grch38:TGGGCGTGTGCGGTAAx,MS,A,MS122
MS122_A__10X_17_grch38:TTGTAGGAGAACAACTx,MS,A,MS122
MS121_NAWM__10X_17_grch38:CAGAGAGCACATAACCx,MS,NAWM,MS121
MS121_NAWM__10X_17_grch38:CGGAGTCGTTGTCTTTx,MS,NAWM,MS121
MS121_NAWM__10X_17_grch38:CTAGAGTTCCGCATAAx,MS,NAWM,MS121
MS121_NAWM__10X_17_grch38:CTGTTTAAGTAGGTGCx,MS,NAWM,MS121
MS121_NAWM__10X_17_grch38:GACGTTATCGATAGAAx,MS,NAWM,MS121
MS121_A3__10X_17_grch38:AAATGCCGTATGCTTGx,MS,A,MS121
MS121_A3__10X_17_grch38:GTTTCTATCAAACAAGx,MS,A,MS121
MS121_A2__10X_17_grch38:CCGGTAGAGAACAATCx,MS,A,MS121
MS121_CA__10X_17_grch38:ATCTGCCGTCACCTAAx,MS,CA,MS121
MS121_CA__10X_17_grch38:CTGAAACCATGTTGACx,MS,CA,MS121
MS121_CA__10X_17_grch38:GAATGAAAGTTGAGTAx,MS,CA,MS121
MS121_CA__10X_17_grch38:GCGCGATGTTGGACCCx,MS,CA,MS121
MS121_CA__10X_17_grch38:TACTTACGTTCGCGACx,MS,CA,MS121
CO39__10X_17_grch38:ATTCTACAGCAAATCAx,normal,Ctrl,CO39
CO39__10X_17_grch38:TGGTTCCCAAATTGCCx,normal,Ctrl,CO39
SD48/16__10X_17_grch38:ACGGAGATCAGAAATGx,normal,Ctrl,SD48/16
SD48/16__10X_17_grch38:ACTTTCACACAGCGTCx,normal,Ctrl,SD48/16
SD48/16__10X_17_grch38:CATTCGCAGAGGTAGAx,normal,Ctrl,SD48/16
SD48/16__10X_17_grch38:CCCAATCGTCACACGCx,normal,Ctrl,SD48/16
SD48/16__10X_17_grch38:CCGGTAGAGTTACGGGx,normal,Ctrl,SD48/16
SD48/16__10X_17_grch38:CTAAGACCAGCTGTTAx,normal,Ctrl,SD48/16
SD48/16__10X_17_grch38:CTCGAGGTCACTTATCx,normal,Ctrl,SD48/16
SD48/16__10X_17_grch38:CTCGGGATCCGATATGx,normal,Ctrl,SD48/16
SD48/16__10X_17_grch38:CTGCCTAGTTCTGAACx,normal,Ctrl,SD48/16
SD48/16__10X_17_grch38:CTGCTGTGTATCGCATx,normal,Ctrl,SD48/16
SD48/16__10X_17_grch38:CTTACCGAGTTAGGTAx,normal,Ctrl,SD48/16
SD48/16__10X_17_grch38:GAAGCAGGTTCATGGTx,normal,Ctrl,SD48/16
SD48/16__10X_17_grch38:GACACGCTCCGGCACAx,normal,Ctrl,SD48/16
SD48/16__10X_17_grch38:GACGCGTTCAAAGACAx,normal,Ctrl,SD48/16
SD48/16__10X_17_grch38:GATCGCGGTCTAGTGTx,normal,Ctrl,SD48/16
SD48/16__10X_17_grch38:GGGCACTTCACAGTACx,normal,Ctrl,SD48/16
SD48/16__10X_17_grch38:GTTCATTGTCATATCGx,normal,Ctrl,SD48/16
SD48/16__10X_17_grch38:TGCCCATCACGTGAGAx,normal,Ctrl,SD48/16
SD48/16__10X_17_grch38:TGTATTCAGACAAAGGx,normal,Ctrl,SD48/16
MS122_NAWM__10X_17_grch38:CCAATCCAGCGATGACx,MS,NAWM,MS122
MS122_CI__10X_17_grch38:CACCACTAGTATTGGAx,MS,CI,MS122
MS122_A__10X_17_grch38:ATCCACCCAGATGAGCx,MS,A,MS122
MS122_A__10X_17_grch38:ATTGGACAGAGTCTGGx,MS,A,MS122
MS121_CA__10X_17_grch38:ATGCGATTCCGTCATCx,MS,CA,MS121
CO28__10X_17_grch38:AAACCTGGTCCAGTGCx,normal,Ctrl,CO28
CO28__10X_17_grch38:AAAGTAGTCTACTATCx,normal,Ctrl,CO28
CO28__10X_17_grch38:ACAGCCGCAAGGACTGx,normal,Ctrl,CO28
CO28__10X_17_grch38:ACAGCCGGTGACTCATx,normal,Ctrl,CO28
CO28__10X_17_grch38:AGACGTTTCGTTTAGGx,normal,Ctrl,CO28
CO28__10X_17_grch38:AGCCTAAAGATCGGGTx,normal,Ctrl,CO28
CO28__10X_17_grch38:AGCGTCGAGGCGACATx,normal,Ctrl,CO28
CO28__10X_17_grch38:ATCCACCGTACACCGCx,normal,Ctrl,CO28
CO28__10X_17_grch38:CAACCTCAGGGAACGGx,normal,Ctrl,CO28
CO28__10X_17_grch38:CACAAACCAAACGCGAx,normal,Ctrl,CO28
CO28__10X_17_grch38:CGAGCCAAGTCATGCTx,normal,Ctrl,CO28
CO28__10X_17_grch38:CTCGGGAGTTTGCATGx,normal,Ctrl,CO28
CO28__10X_17_grch38:GCGCAACAGATCTGCTx,normal,Ctrl,CO28
CO28__10X_17_grch38:GCTGGGTCATAAAGGTx,normal,Ctrl,CO28
CO28__10X_17_grch38:GGGAATGGTCTGCGGTx,normal,Ctrl,CO28
CO28__10X_17_grch38:GTAGGCCGTAGATTAGx,normal,Ctrl,CO28
CO28__10X_17_grch38:TCTATTGAGAAGGTTTx,normal,Ctrl,CO28
CO28__10X_17_grch38:TGAAAGACAAGGACTGx,normal,Ctrl,CO28
CO28__10X_17_grch38:TGGTTAGAGTGACTCTx,normal,Ctrl,CO28
CO28__10X_17_grch38:TTTATGCGTTCGTGATx,normal,Ctrl,CO28
CO25__10X_17_grch38:AAGGTTCAGTTGTCGTx,normal,Ctrl,CO25
CO25__10X_17_grch38:ACGCAGCCATGTCGATx,normal,Ctrl,CO25
CO25__10X_17_grch38:AGCGTCGTCTAAGCCAx,normal,Ctrl,CO25
CO25__10X_17_grch38:AGCTTGACAAGCGTAGx,normal,Ctrl,CO25
CO25__10X_17_grch38:ATAGACCTCGCTGATAx,normal,Ctrl,CO25
CO25__10X_17_grch38:ATGGGAGAGTCAAGCGx,normal,Ctrl,CO25
CO25__10X_17_grch38:ATTACTCGTCTTGTCCx,normal,Ctrl,CO25
CO25__10X_17_grch38:CACCACTTCGTATCAGx,normal,Ctrl,CO25
CO25__10X_17_grch38:CCACGGAGTGAGGGTTx,normal,Ctrl,CO25
CO25__10X_17_grch38:CCCAATCCAGCTGTGCx,normal,Ctrl,CO25
CO25__10X_17_grch38:CCTTACGAGAGCTGGTx,normal,Ctrl,CO25
CO25__10X_17_grch38:CGAGAAGGTTGAGGTGx,normal,Ctrl,CO25
CO25__10X_17_grch38:CGTGTAATCTTGACGAx,normal,Ctrl,CO25
CO25__10X_17_grch38:CTCACACAGGACAGCTx,normal,Ctrl,CO25
CO25__10X_17_grch38:CTCGTACTCGTGGACCx,normal,Ctrl,CO25
CO25__10X_17_grch38:GACGCGTCAATAGCGGx,normal,Ctrl,CO25
CO25__10X_17_grch38:GACTACAAGCAATCTCx,normal,Ctrl,CO25
CO25__10X_17_grch38:GATCTAGTCAGCGACCx,normal,Ctrl,CO25
CO25__10X_17_grch38:GATGCTAAGGCAAAGAx,normal,Ctrl,CO25
CO25__10X_17_grch38:GCAGCCAGTGTGAATAx,normal,Ctrl,CO25
CO25__10X_17_grch38:GGAACTTGTGCGGTAAx,normal,Ctrl,CO25
CO25__10X_17_grch38:GGAGCAAGTGTGACGAx,normal,Ctrl,CO25
CO25__10X_17_grch38:GGCTGGTAGTCCCACGx,normal,Ctrl,CO25
CO25__10X_17_grch38:GTAACGTGTAGAAGGAx,normal,Ctrl,CO25
CO25__10X_17_grch38:GTCACAACACAGAGGTx,normal,Ctrl,CO25
CO25__10X_17_grch38:GTGCGGTAGTGAATTGx,normal,Ctrl,CO25
CO25__10X_17_grch38:GTGTGCGCACGTTGGCx,normal,Ctrl,CO25
CO25__10X_17_grch38:GTTCTCGAGCGCTCCAx,normal,Ctrl,CO25
CO25__10X_17_grch38:TATCTCAAGGTGATATx,normal,Ctrl,CO25
CO25__10X_17_grch38:TCACAAGGTATAGGTAx,normal,Ctrl,CO25
CO25__10X_17_grch38:TGGACGCTCCCTGACTx,normal,Ctrl,CO25
CO25__10X_17_grch38:TTCTCCTCACAGCCCAx,normal,Ctrl,CO25
CO25__10X_17_grch38:TTGGAACTCGGAGGTAx,normal,Ctrl,CO25
MS176_NAWM__10X_17_grch38:AAAGTAGTCTAAGCCAx,MS,NAWM,MS176
MS176_NAWM__10X_17_grch38:AGCCTAATCTTGGGTAx,MS,NAWM,MS176
MS176_NAWM__10X_17_grch38:AGGGTGACAGGTCTCGx,MS,NAWM,MS176
MS176_NAWM__10X_17_grch38:ATCCACCTCCCTTGTGx,MS,NAWM,MS176
MS176_NAWM__10X_17_grch38:ATCTACTGTCCGTTAAx,MS,NAWM,MS176
MS176_NAWM__10X_17_grch38:ATTTCTGTCACAATGCx,MS,NAWM,MS176
MS176_NAWM__10X_17_grch38:CATCAGAAGATTACCCx,MS,NAWM,MS176
MS176_NAWM__10X_17_grch38:CCGTGGACAGTGGAGTx,MS,NAWM,MS176
MS176_NAWM__10X_17_grch38:CCTTCCCGTACCGTTAx,MS,NAWM,MS176
MS176_NAWM__10X_17_grch38:CTCGAAAGTGCACCACx,MS,NAWM,MS176
MS176_NAWM__10X_17_grch38:GATCGATGTGTAATGAx,MS,NAWM,MS176
MS176_NAWM__10X_17_grch38:TCGTACCAGTGCGATGx,MS,NAWM,MS176
MS176_NAWM__10X_17_grch38:TTCTCCTAGATGCGACx,MS,NAWM,MS176
MS176_NAWM__10X_17_grch38:TTGCGTCCACATCTTTx,MS,NAWM,MS176
MS176_RM__10X_17_grch38:CCACCTATCAGAAATGx,MS,RM,MS176
MS176_RM__10X_17_grch38:TGGGCGTCAATGTTGCx,MS,RM,MS176
MS176_CI__10X_17_056_roche_grch38_4:ACTATCTTCAAACAAGx,MS,CI,MS176
MS176_CI__10X_17_056_roche_grch38_4:TAGGCATTCGTTGCCTx,MS,CI,MS176
MS176_CA__10X_17_grch38:AGATCTGTCCTTTACAx,MS,CA,MS176
MS176_CA__10X_17_grch38:CCAGCGATCCATGAACx,MS,CA,MS176
MS176_CA__10X_17_grch38:CCTACCAGTCTTGATGx,MS,CA,MS176
MS176_CA__10X_17_grch38:CGACCTTAGGCGATACx,MS,CA,MS176
MS176_CA__10X_17_grch38:TAAGAGATCTTAGCCCx,MS,CA,MS176
MS176_CA__10X_17_grch38:TGGCTGGGTGCGAAACx,MS,CA,MS176
CO39__10X_17_grch38:AAGCCGCAGTTAGGTAx,normal,Ctrl,CO39
CO39__10X_17_grch38:ACTGTCCAGCCATCGCx,normal,Ctrl,CO39
CO39__10X_17_grch38:AGGTCATGTACGACCCx,normal,Ctrl,CO39
CO39__10X_17_grch38:ATCCACCAGACTAGATx,normal,Ctrl,CO39
CO39__10X_17_grch38:CATGACAGTCTTCTCGx,normal,Ctrl,CO39
CO39__10X_17_grch38:CCGTACTAGGTACTCTx,normal,Ctrl,CO39
CO39__10X_17_grch38:CGAGCCAGTGGTACAGx,normal,Ctrl,CO39
CO39__10X_17_grch38:CTACGTCTCTCAAGTGx,normal,Ctrl,CO39
CO39__10X_17_grch38:CTGATAGGTTGCGTTAx,normal,Ctrl,CO39
CO39__10X_17_grch38:CTGCGGACATTCCTCGx,normal,Ctrl,CO39
CO39__10X_17_grch38:CTTTGCGCATTCCTCGx,normal,Ctrl,CO39
CO39__10X_17_grch38:TAGAGCTCACTGTCGGx,normal,Ctrl,CO39
CO39__10X_17_grch38:TCAGGATTCCGTACAAx,normal,Ctrl,CO39
CO39__10X_17_grch38:TGGCTGGCACGAAGCAx,normal,Ctrl,CO39
CO14__10X_17_grch38:AGATTGCAGGTGATTAx,normal,Ctrl,CO14
CO14__10X_17_grch38:CTGTGCTTCCGTACAAx,normal,Ctrl,CO14
CO14__10X_17_grch38:TCATTTGTCACCCTCAx,normal,Ctrl,CO14
CO14__10X_17_grch38:TTGCGTCTCAAGGTAAx,normal,Ctrl,CO14
SD48/16__10X_17_grch38:GAACGGAGTAGCTTGTx,normal,Ctrl,SD48/16
MS122_NAWM__10X_17_grch38:AAGACCTGTCACCCAGx,MS,NAWM,MS122
MS122_NAWM__10X_17_grch38:ACAGCTAAGTGGAGTCx,MS,NAWM,MS122
MS122_NAWM__10X_17_grch38:ACAGCTACAGTCACTAx,MS,NAWM,MS122
MS122_NAWM__10X_17_grch38:ACTGATGAGGAACTGCx,MS,NAWM,MS122
MS122_NAWM__10X_17_grch38:AGACGTTGTCAGATAAx,MS,NAWM,MS122
MS122_NAWM__10X_17_grch38:AGATTGCCAAGGGTCAx,MS,NAWM,MS122
MS122_NAWM__10X_17_grch38:AGCATACGTGTGTGCCx,MS,NAWM,MS122
MS122_NAWM__10X_17_grch38:AGGTCCGGTACCGCTGx,MS,NAWM,MS122
MS122_NAWM__10X_17_grch38:ATCCGAATCTTGCCGTx,MS,NAWM,MS122
MS122_NAWM__10X_17_grch38:ATCTACTTCTGAGGGAx,MS,NAWM,MS122
MS122_NAWM__10X_17_grch38:ATTACTCGTAGAGCTGx,MS,NAWM,MS122
MS122_NAWM__10X_17_grch38:CACCTTGAGAAGGTGAx,MS,NAWM,MS122
MS122_NAWM__10X_17_grch38:CAGTAACGTCTGATTGx,MS,NAWM,MS122
MS122_NAWM__10X_17_grch38:CATCCACCACGGACAAx,MS,NAWM,MS122
MS122_NAWM__10X_17_grch38:CATCGAAGTTCCATGAx,MS,NAWM,MS122
MS122_NAWM__10X_17_grch38:CCCAGTTAGGTGTGGTx,MS,NAWM,MS122
MS122_NAWM__10X_17_grch38:CCTACACAGTGCAAGCx,MS,NAWM,MS122
MS122_NAWM__10X_17_grch38:CCTCTGACAGAGCCAAx,MS,NAWM,MS122
MS122_NAWM__10X_17_grch38:CGAACATCATTATCTCx,MS,NAWM,MS122
MS122_NAWM__10X_17_grch38:CGATCGGGTATAGTAGx,MS,NAWM,MS122
MS122_NAWM__10X_17_grch38:CTAGAGTCATTGGTACx,MS,NAWM,MS122
MS122_NAWM__10X_17_grch38:CTCGAAACAGTTTACGx,MS,NAWM,MS122
MS122_NAWM__10X_17_grch38:CTCGTACCAGCCTTTCx,MS,NAWM,MS122
MS122_NAWM__10X_17_grch38:CTCGTCATCTACTTACx,MS,NAWM,MS122
MS122_NAWM__10X_17_grch38:CTGCTGTCACATGACTx,MS,NAWM,MS122
MS122_NAWM__10X_17_grch38:CTGCTGTCAGTTCATGx,MS,NAWM,MS122
MS122_NAWM__10X_17_grch38:GACTGCGGTCTTGATGx,MS,NAWM,MS122
MS122_NAWM__10X_17_grch38:GATCAGTGTTCCCGAGx,MS,NAWM,MS122
MS122_NAWM__10X_17_grch38:GATGAAATCTCTTATGx,MS,NAWM,MS122
MS122_NAWM__10X_17_grch38:GCGCCAAAGTATCTCGx,MS,NAWM,MS122
MS122_NAWM__10X_17_grch38:GGATGTTTCTTGTATCx,MS,NAWM,MS122
MS122_NAWM__10X_17_grch38:GGCGTGTTCAGCTCTCx,MS,NAWM,MS122
MS122_NAWM__10X_17_grch38:GGGAATGAGGCTAGACx,MS,NAWM,MS122
MS122_NAWM__10X_17_grch38:GGGATGATCCACTGGGx,MS,NAWM,MS122
MS122_NAWM__10X_17_grch38:GGTGTTAGTGCGATAGx,MS,NAWM,MS122
MS122_NAWM__10X_17_grch38:GTAACGTCACGCCAGTx,MS,NAWM,MS122
MS122_NAWM__10X_17_grch38:GTAACGTTCGTGGGAAx,MS,NAWM,MS122
MS122_NAWM__10X_17_grch38:GTAACTGTCCACGAATx,MS,NAWM,MS122
MS122_NAWM__10X_17_grch38:GTCGGGTAGAGGTAGAx,MS,NAWM,MS122
MS122_NAWM__10X_17_grch38:GTCGGGTAGTCCGTATx,MS,NAWM,MS122
MS122_NAWM__10X_17_grch38:GTTACAGAGCACGCCTx,MS,NAWM,MS122
MS122_NAWM__10X_17_grch38:TACTCATAGACGCTTTx,MS,NAWM,MS122
MS122_NAWM__10X_17_grch38:TACTTGTCAGGGTACAx,MS,NAWM,MS122
MS122_NAWM__10X_17_grch38:TCGGTAACATGCGCACx,MS,NAWM,MS122
MS122_NAWM__10X_17_grch38:TGACAACCAGGCTGAAx,MS,NAWM,MS122
MS122_NAWM__10X_17_grch38:TGAGCATAGTCAAGCGx,MS,NAWM,MS122
MS122_NAWM__10X_17_grch38:TGCGCAGGTACAAGTAx,MS,NAWM,MS122
MS122_NAWM__10X_17_grch38:TGGCTGGTCATTGCGAx,MS,NAWM,MS122
MS122_NAWM__10X_17_grch38:TGGGCGTGTTTGGGCCx,MS,NAWM,MS122
MS122_NAWM__10X_17_grch38:TGTATTCAGTGAACATx,MS,NAWM,MS122
MS122_NAWM__10X_17_grch38:TTCTACATCTTGACGAx,MS,NAWM,MS122
MS122_NAWM__10X_17_grch38:TTGCCGTGTGGGTCAAx,MS,NAWM,MS122
MS122_NAWM__10X_17_grch38:TTTCCTCAGAGGTAGAx,MS,NAWM,MS122
MS122_NAWM__10X_17_grch38:TTTGTCATCTTGCATTx,MS,NAWM,MS122
MS122_CI__10X_17_grch38:AAAGATGTCGTCCAGGx,MS,CI,MS122
MS122_CI__10X_17_grch38:AATCCAGTCTCAAACGx,MS,CI,MS122
MS122_CI__10X_17_grch38:ACAGCCGGTGCAACTTx,MS,CI,MS122
MS122_CI__10X_17_grch38:AGAGTGGCACTTCTGCx,MS,CI,MS122
MS122_CI__10X_17_grch38:AGCAGCCAGTTGTAGAx,MS,CI,MS122
MS122_CI__10X_17_grch38:AGGGATGCAGGAACGTx,MS,CI,MS122
MS122_CI__10X_17_grch38:CAGCCGAGTGCCTGTGx,MS,CI,MS122
MS122_CI__10X_17_grch38:CCCATACAGGTGCTTTx,MS,CI,MS122
MS122_CI__10X_17_grch38:CCTAGCTGTCAATACCx,MS,CI,MS122
MS122_CI__10X_17_grch38:CGAATGTGTGTGACCCx,MS,CI,MS122
MS122_CI__10X_17_grch38:CTGTGCTTCGCTTAGAx,MS,CI,MS122
MS122_CI__10X_17_grch38:GACAGAGGTCTACCTCx,MS,CI,MS122
MS122_CI__10X_17_grch38:GACGTGCCATAACCTGx,MS,CI,MS122
MS122_CI__10X_17_grch38:GACTGCGGTATATGGAx,MS,CI,MS122
MS122_CI__10X_17_grch38:GCTGCGAGTCTTCTCGx,MS,CI,MS122
MS122_CI__10X_17_grch38:TGCTGCTTCCATGCTCx,MS,CI,MS122
MS122_CI__10X_17_grch38:TTCTACACACCTTGTCx,MS,CI,MS122
MS122_A__10X_17_grch38:AACTCAGAGAATCTCCx,MS,A,MS122
MS122_A__10X_17_grch38:AACTCAGAGGAGTCTGx,MS,A,MS122
MS122_A__10X_17_grch38:ATGTGTGCAAGCTGTTx,MS,A,MS122
MS122_A__10X_17_grch38:CAACCAAAGAGACTTAx,MS,A,MS122
MS122_A__10X_17_grch38:CACAGTACAGGAACGTx,MS,A,MS122
MS122_A__10X_17_grch38:CACCACTAGGAGTAGAx,MS,A,MS122
MS122_A__10X_17_grch38:CATTATCAGCACCGCTx,MS,A,MS122
MS122_A__10X_17_grch38:CCATGTCCACGGTAAGx,MS,A,MS122
MS122_A__10X_17_grch38:CCTACCATCAAGCCTAx,MS,A,MS122
MS122_A__10X_17_grch38:CTAAGACAGCTAAACAx,MS,A,MS122
MS122_A__10X_17_grch38:CTAGTGAGTCCGTCAGx,MS,A,MS122
MS122_A__10X_17_grch38:CTGCTGTCAACTTGACx,MS,A,MS122
MS122_A__10X_17_grch38:CTTTGCGCAAACTGTCx,MS,A,MS122
MS122_A__10X_17_grch38:GAAATGAGTAAAGGAGx,MS,A,MS122
MS122_A__10X_17_grch38:GACTAACGTCACCCAGx,MS,A,MS122
MS122_A__10X_17_grch38:GACTACACAAGGACTGx,MS,A,MS122
MS122_A__10X_17_grch38:GAGTCCGAGCTCTCGGx,MS,A,MS122
MS122_A__10X_17_grch38:GCAGCCAGTACATGTCx,MS,A,MS122
MS122_A__10X_17_grch38:GCAGTTATCTGGCGTGx,MS,A,MS122
MS122_A__10X_17_grch38:GCATGATTCCGGCACAx,MS,A,MS122
MS122_A__10X_17_grch38:GCTGCAGAGAGCTATAx,MS,A,MS122
MS122_A__10X_17_grch38:GGATTACCACCTGGTGx,MS,A,MS122
MS122_A__10X_17_grch38:GGGACCTTCCAAGCCGx,MS,A,MS122
MS122_A__10X_17_grch38:GGGAGATCAACCGCCAx,MS,A,MS122
MS122_A__10X_17_grch38:GTACTTTAGATCCTGTx,MS,A,MS122
MS122_A__10X_17_grch38:GTAGTCACACAGATTCx,MS,A,MS122
MS122_A__10X_17_grch38:GTCATTTAGGTTCCTAx,MS,A,MS122
MS122_A__10X_17_grch38:TACGGTATCAGTCCCTx,MS,A,MS122
MS122_A__10X_17_grch38:TCGCGTTGTGCAGGTAx,MS,A,MS122
MS122_A__10X_17_grch38:TGTTCCGAGGACATTAx,MS,A,MS122
CO28__10X_17_grch38:ACGAGGAAGAGGTTATx,normal,Ctrl,CO28
CO28__10X_17_grch38:ACTGAGTTCGCCTGAGx,normal,Ctrl,CO28
CO28__10X_17_grch38:AGCATACCATGTCCTCx,normal,Ctrl,CO28
CO28__10X_17_grch38:CCCAGTTAGTCCCACGx,normal,Ctrl,CO28
CO28__10X_17_grch38:CCTACACGTTCAACCAx,normal,Ctrl,CO28
CO28__10X_17_grch38:GACGGCTCACATGTGTx,normal,Ctrl,CO28
CO28__10X_17_grch38:GAGGTGACAGATAATGx,normal,Ctrl,CO28
CO28__10X_17_grch38:GGCGACTTCCAATGGTx,normal,Ctrl,CO28
CO28__10X_17_grch38:GTGTTAGTCCGCAAGCx,normal,Ctrl,CO28
CO28__10X_17_grch38:TGACGGCAGAAACCTAx,normal,Ctrl,CO28
CO28__10X_17_grch38:TGGCTGGCAAACTGCTx,normal,Ctrl,CO28
MS176_CI__10X_17_056_roche_grch38_4:CTAGCCTTCGTACGGCx,MS,CI,MS176
MS122_NAWM__10X_17_grch38:AACACGTTCCCTCAGTx,MS,NAWM,MS122
MS122_NAWM__10X_17_grch38:AATCGGTTCCTCATTAx,MS,NAWM,MS122
MS122_NAWM__10X_17_grch38:ACGAGCCCACCTCGGAx,MS,NAWM,MS122
MS122_NAWM__10X_17_grch38:ACGGGTCGTCGAGATGx,MS,NAWM,MS122
MS122_NAWM__10X_17_grch38:GGACGTCGTTATCGGTx,MS,NAWM,MS122
MS122_NAWM__10X_17_grch38:GGCCGATTCTGGAGCCx,MS,NAWM,MS122
MS122_NAWM__10X_17_grch38:GTCTCGTAGGATGTATx,MS,NAWM,MS122
MS122_NAWM__10X_17_grch38:TCAGATGAGGTGACCAx,MS,NAWM,MS122
MS122_CI__10X_17_grch38:TAGAGCTAGTGTGGCAx,MS,CI,MS122
MS122_A__10X_17_grch38:TGGACGCGTAAGGATTx,MS,A,MS122
CO28__10X_17_grch38:AAAGTAGTCATGGTCAx,normal,Ctrl,CO28
CO28__10X_17_grch38:AAATGCCTCCAGTATGx,normal,Ctrl,CO28
CO28__10X_17_grch38:AACCATGTCCTGCTTGx,normal,Ctrl,CO28
CO28__10X_17_grch38:AACTGGTTCTCAACTTx,normal,Ctrl,CO28
CO28__10X_17_grch38:AACTTTCAGCTTCGCGx,normal,Ctrl,CO28
CO28__10X_17_grch38:AAGTCTGTCTGCTGCTx,normal,Ctrl,CO28
CO28__10X_17_grch38:ACACCGGAGAAGAAGCx,normal,Ctrl,CO28
CO28__10X_17_grch38:ACGAGGAAGTACGTAAx,normal,Ctrl,CO28
CO28__10X_17_grch38:ACGATACCAATGGAATx,normal,Ctrl,CO28
CO28__10X_17_grch38:ACTATCTTCTTGACGAx,normal,Ctrl,CO28
CO28__10X_17_grch38:ACTGAGTTCTGTCTATx,normal,Ctrl,CO28
CO28__10X_17_grch38:AGACGTTGTTTGTTGGx,normal,Ctrl,CO28
CO28__10X_17_grch38:AGACGTTTCGGCGCATx,normal,Ctrl,CO28
CO28__10X_17_grch38:AGAGTGGTCCACGAATx,normal,Ctrl,CO28
CO28__10X_17_grch38:AGCAGCCCAGTCAGAGx,normal,Ctrl,CO28
CO28__10X_17_grch38:AGCATACAGCCACCTGx,normal,Ctrl,CO28
CO28__10X_17_grch38:AGGGATGCATTTCACTx,normal,Ctrl,CO28
CO28__10X_17_grch38:AGGGTGAGTAGCGTGAx,normal,Ctrl,CO28
CO28__10X_17_grch38:ATCATCTTCAACACTGx,normal,Ctrl,CO28
CO28__10X_17_grch38:ATGCGATAGACCACGAx,normal,Ctrl,CO28
CO28__10X_17_grch38:CAACTAGGTTCATGGTx,normal,Ctrl,CO28
CO28__10X_17_grch38:CAAGGCCCATAGGATAx,normal,Ctrl,CO28
CO28__10X_17_grch38:CAAGGCCCATCCTTGCx,normal,Ctrl,CO28
CO28__10X_17_grch38:CAAGGCCTCATTATCCx,normal,Ctrl,CO28
CO28__10X_17_grch38:CACACCTAGCCACCTGx,normal,Ctrl,CO28
CO28__10X_17_grch38:CACACTCTCACCGTAAx,normal,Ctrl,CO28
CO28__10X_17_grch38:CACAGTACACCCATGGx,normal,Ctrl,CO28
CO28__10X_17_grch38:CACAGTACATAGGATAx,normal,Ctrl,CO28
CO28__10X_17_grch38:CACATAGGTCTACCTCx,normal,Ctrl,CO28
CO28__10X_17_grch38:CACATTTCACACATGTx,normal,Ctrl,CO28
CO28__10X_17_grch38:CAGGTGCCAGGTTTCAx,normal,Ctrl,CO28
CO28__10X_17_grch38:CATCGGGGTCTAGTCAx,normal,Ctrl,CO28
CO28__10X_17_grch38:CCACGGACAAACTGTCx,normal,Ctrl,CO28
CO28__10X_17_grch38:CCGGTAGTCCTACAGAx,normal,Ctrl,CO28
CO28__10X_17_grch38:CCTAAAGTCGTGACATx,normal,Ctrl,CO28
CO28__10X_17_grch38:CCTAGCTTCCCGACTTx,normal,Ctrl,CO28
CO28__10X_17_grch38:CCTTCGATCTCACATTx,normal,Ctrl,CO28
CO28__10X_17_grch38:CGAGCACGTAGAGGAAx,normal,Ctrl,CO28
CO28__10X_17_grch38:CGATGGCTCAACCATGx,normal,Ctrl,CO28
CO28__10X_17_grch38:CGGAGCTCATAAAGGTx,normal,Ctrl,CO28
CO28__10X_17_grch38:CTAATGGCAAGGACTGx,normal,Ctrl,CO28
CO28__10X_17_grch38:CTACACCCAATGAAACx,normal,Ctrl,CO28
CO28__10X_17_grch38:CTACATTCACCTGGTGx,normal,Ctrl,CO28
CO28__10X_17_grch38:CTAGAGTAGATCCCATx,normal,Ctrl,CO28
CO28__10X_17_grch38:CTCACACGTCTCCATCx,normal,Ctrl,CO28
CO28__10X_17_grch38:CTCGTACAGATAGGAGx,normal,Ctrl,CO28
CO28__10X_17_grch38:CTGCGGATCGCTTGTCx,normal,Ctrl,CO28
CO28__10X_17_grch38:GAACATCAGACAATACx,normal,Ctrl,CO28
CO28__10X_17_grch38:GAACCTAGTCCATCCTx,normal,Ctrl,CO28
CO28__10X_17_grch38:GACACGCCACTTCGAAx,normal,Ctrl,CO28
CO28__10X_17_grch38:GACAGAGCACTAGTACx,normal,Ctrl,CO28
CO28__10X_17_grch38:GACGTGCAGGATGGAAx,normal,Ctrl,CO28
CO28__10X_17_grch38:GACTACAGTGACCAAGx,normal,Ctrl,CO28
CO28__10X_17_grch38:GAGGTGATCTTACCTAx,normal,Ctrl,CO28
CO28__10X_17_grch38:GCACATAGTTCGTCTCx,normal,Ctrl,CO28
CO28__10X_17_grch38:GCGAGAAGTCCATCCTx,normal,Ctrl,CO28
CO28__10X_17_grch38:GCTTCCAAGGCATGTGx,normal,Ctrl,CO28
CO28__10X_17_grch38:GGACGTCAGTACGATAx,normal,Ctrl,CO28
CO28__10X_17_grch38:GGCAATTAGTATCTCGx,normal,Ctrl,CO28
CO28__10X_17_grch38:GGGACCTGTCACACGCx,normal,Ctrl,CO28
CO28__10X_17_grch38:GGGAGATTCAGGTTCAx,normal,Ctrl,CO28
CO28__10X_17_grch38:GGGATGACAGTATCTGx,normal,Ctrl,CO28
CO28__10X_17_grch38:GTATTCTCATGGTCATx,normal,Ctrl,CO28
CO28__10X_17_grch38:GTCCTCAAGCGTAATAx,normal,Ctrl,CO28
CO28__10X_17_grch38:GTCGGGTCACAAGTAAx,normal,Ctrl,CO28
CO28__10X_17_grch38:GTGCATATCAATAAGGx,normal,Ctrl,CO28
CO28__10X_17_grch38:GTGGGTCAGAGACGAAx,normal,Ctrl,CO28
CO28__10X_17_grch38:TACACGATCGGATGGAx,normal,Ctrl,CO28
CO28__10X_17_grch38:TACAGTGAGGACGAAAx,normal,Ctrl,CO28
CO28__10X_17_grch38:TACCTATTCTATCCTAx,normal,Ctrl,CO28
CO28__10X_17_grch38:TAGTGGTAGGCATGGTx,normal,Ctrl,CO28
CO28__10X_17_grch38:TATTACCTCCACGTTCx,normal,Ctrl,CO28
CO28__10X_17_grch38:TCACGAACAAGTTAAGx,normal,Ctrl,CO28
CO28__10X_17_grch38:TCACGAAGTCACTTCCx,normal,Ctrl,CO28
CO28__10X_17_grch38:TCTATTGTCATCTGTTx,normal,Ctrl,CO28
CO28__10X_17_grch38:TGAGCATAGAATAGGGx,normal,Ctrl,CO28
CO28__10X_17_grch38:TGAGCCGAGCGTTGCCx,normal,Ctrl,CO28
CO28__10X_17_grch38:TGCACCTGTCTTGCGGx,normal,Ctrl,CO28
CO28__10X_17_grch38:TGGCGCAGTTTGACTGx,normal,Ctrl,CO28
CO28__10X_17_grch38:TTAGGCAGTTAAGATGx,normal,Ctrl,CO28
CO28__10X_17_grch38:TTAGTTCTCACCGGGTx,normal,Ctrl,CO28
CO25__10X_17_grch38:AACTGGTTCACCCTCAx,normal,Ctrl,CO25
CO25__10X_17_grch38:AATCGGTCATATACCGx,normal,Ctrl,CO25
CO25__10X_17_grch38:ACACCAACATTATCTCx,normal,Ctrl,CO25
CO25__10X_17_grch38:ACCGTAAAGATGCCTTx,normal,Ctrl,CO25
CO25__10X_17_grch38:ACGAGGAGTAAATACGx,normal,Ctrl,CO25
CO25__10X_17_grch38:ACGCCGACATGGTCATx,normal,Ctrl,CO25
CO25__10X_17_grch38:ACGGAGACAAGCGAGTx,normal,Ctrl,CO25
CO25__10X_17_grch38:ACGGGCTCACCATCCTx,normal,Ctrl,CO25
CO25__10X_17_grch38:ACTGAGTTCTGCAAGTx,normal,Ctrl,CO25
CO25__10X_17_grch38:ACTGCTCGTCACAAGGx,normal,Ctrl,CO25
CO25__10X_17_grch38:AGAGCTTAGACAAGCCx,normal,Ctrl,CO25
CO25__10X_17_grch38:AGCCTAAAGCATGGCAx,normal,Ctrl,CO25
CO25__10X_17_grch38:AGGGTGAAGTGGAGAAx,normal,Ctrl,CO25
CO25__10X_17_grch38:ATCTGCCAGCTAGTTCx,normal,Ctrl,CO25
CO25__10X_17_grch38:ATTCTACAGTCCTCCTx,normal,Ctrl,CO25
CO25__10X_17_grch38:CAACCAACAGTTCATGx,normal,Ctrl,CO25
CO25__10X_17_grch38:CAAGATCAGTCTCGGCx,normal,Ctrl,CO25
CO25__10X_17_grch38:CACCACTTCCTTGCCAx,normal,Ctrl,CO25
CO25__10X_17_grch38:CAGCCGATCTCAACTTx,normal,Ctrl,CO25
CO25__10X_17_grch38:CATATTCTCCCTTGTGx,normal,Ctrl,CO25
CO25__10X_17_grch38:CATCAGATCAACACACx,normal,Ctrl,CO25
CO25__10X_17_grch38:CATGACACATTGGTACx,normal,Ctrl,CO25
CO25__10X_17_grch38:CATTCGCCAGAGTGTGx,normal,Ctrl,CO25
CO25__10X_17_grch38:CCAATCCAGCTGAACGx,normal,Ctrl,CO25
CO25__10X_17_grch38:CCATGTCCATTTCACTx,normal,Ctrl,CO25
CO25__10X_17_grch38:CCTATTATCCCACTTGx,normal,Ctrl,CO25
CO25__10X_17_grch38:CCTCTGAGTAACGCGAx,normal,Ctrl,CO25
CO25__10X_17_grch38:CCTTCCCAGCTAACAAx,normal,Ctrl,CO25
CO25__10X_17_grch38:CGCTTCACATCTATGGx,normal,Ctrl,CO25
CO25__10X_17_grch38:CGGAGTCCATGCAACTx,normal,Ctrl,CO25
CO25__10X_17_grch38:CTAGAGTGTAGCTAAAx,normal,Ctrl,CO25
CO25__10X_17_grch38:CTCACACCATCATCCCx,normal,Ctrl,CO25
CO25__10X_17_grch38:GAATAAGTCATCGGATx,normal,Ctrl,CO25
CO25__10X_17_grch38:GCACATAGTAAAGGAGx,normal,Ctrl,CO25
CO25__10X_17_grch38:GGCGACTTCATGTCTTx,normal,Ctrl,CO25
CO25__10X_17_grch38:GGTATTGCAGCCAATTx,normal,Ctrl,CO25
CO25__10X_17_grch38:GTCACAAAGAGCCTAGx,normal,Ctrl,CO25
CO25__10X_17_grch38:GTCCTCACAGCTTCGGx,normal,Ctrl,CO25
CO25__10X_17_grch38:GTGGGTCCATGACGGAx,normal,Ctrl,CO25
CO25__10X_17_grch38:GTTAAGCTCTTGACGAx,normal,Ctrl,CO25
CO25__10X_17_grch38:TATCAGGCAACACCCGx,normal,Ctrl,CO25
CO25__10X_17_grch38:TCACAAGCAGTGGAGTx,normal,Ctrl,CO25
CO25__10X_17_grch38:TCACGAACAATACGCTx,normal,Ctrl,CO25
CO25__10X_17_grch38:TCAGCTCAGTGTCTCAx,normal,Ctrl,CO25
CO25__10X_17_grch38:TCTCATATCGGTCCGAx,normal,Ctrl,CO25
CO25__10X_17_grch38:TGAGCCGAGAGAACAGx,normal,Ctrl,CO25
CO25__10X_17_grch38:TGAGCCGTCGGTGTTAx,normal,Ctrl,CO25
CO25__10X_17_grch38:TGTGGTAAGGCCCTCAx,normal,Ctrl,CO25
CO25__10X_17_grch38:TTAGTTCAGGGCTTGAx,normal,Ctrl,CO25
CO25__10X_17_grch38:TTTACTGAGATCCCGCx,normal,Ctrl,CO25
CO25__10X_17_grch38:TTTCCTCAGGAATGGAx,normal,Ctrl,CO25
MS176_NAWM__10X_17_grch38:AACCATGTCTATCCTAx,MS,NAWM,MS176
MS176_NAWM__10X_17_grch38:ACAGCTATCGCCTGAGx,MS,NAWM,MS176
MS176_NAWM__10X_17_grch38:ACGCCGAGTTACCAGTx,MS,NAWM,MS176
MS176_NAWM__10X_17_grch38:AGATTGCTCTCGTATTx,MS,NAWM,MS176
MS176_NAWM__10X_17_grch38:CAGATCAAGCGTTTACx,MS,NAWM,MS176
MS176_NAWM__10X_17_grch38:CATATTCTCTGAAAGAx,MS,NAWM,MS176
MS176_NAWM__10X_17_grch38:CCATGTCCAAATTGCCx,MS,NAWM,MS176
MS176_NAWM__10X_17_grch38:CCTTTCTCAAGCGTAGx,MS,NAWM,MS176
MS176_NAWM__10X_17_grch38:CGGAGCTAGAGGTTATx,MS,NAWM,MS176
MS176_NAWM__10X_17_grch38:CGGCTAGCATTATCTCx,MS,NAWM,MS176
MS176_NAWM__10X_17_grch38:CTCGAAAAGATCACGGx,MS,NAWM,MS176
MS176_NAWM__10X_17_grch38:GAACGGAAGTTGTCGTx,MS,NAWM,MS176
MS176_NAWM__10X_17_grch38:GACTAACTCACCACCTx,MS,NAWM,MS176
MS176_NAWM__10X_17_grch38:GCAGTTAGTTAGTGGGx,MS,NAWM,MS176
MS176_NAWM__10X_17_grch38:GCATGTATCATCGGATx,MS,NAWM,MS176
MS176_NAWM__10X_17_grch38:GGGAGATGTCATATGCx,MS,NAWM,MS176
MS176_NAWM__10X_17_grch38:GGGATGACAAAGGTGCx,MS,NAWM,MS176
MS176_NAWM__10X_17_grch38:GTAGGCCAGCGTTGCCx,MS,NAWM,MS176
MS176_NAWM__10X_17_grch38:TCACAAGAGTAGGTGCx,MS,NAWM,MS176
MS176_NAWM__10X_17_grch38:TCAGCAAGTCAGCTATx,MS,NAWM,MS176
MS176_NAWM__10X_17_grch38:TCATTACAGACCTAGGx,MS,NAWM,MS176
MS176_NAWM__10X_17_grch38:TCGTAGAGTGAAATCAx,MS,NAWM,MS176
MS176_NAWM__10X_17_grch38:TCTTCGGCAAAGGCGTx,MS,NAWM,MS176
MS176_NAWM__10X_17_grch38:TGACTAGCACTGCCAGx,MS,NAWM,MS176
MS176_NAWM__10X_17_grch38:TGCCCATTCGGACAAGx,MS,NAWM,MS176
MS176_NAWM__10X_17_grch38:TGGTTCCGTAAAGGAGx,MS,NAWM,MS176
MS176_NAWM__10X_17_grch38:TTCTCAATCAACGGCCx,MS,NAWM,MS176
MS176_NAWM__10X_17_grch38:TTCTTAGAGGCATGTGx,MS,NAWM,MS176
MS176_RM__10X_17_grch38:AGCATACTCGACAGCCx,MS,RM,MS176
MS176_RM__10X_17_grch38:CACACCTGTGTGACCCx,MS,RM,MS176
MS176_RM__10X_17_grch38:CAGCCGAAGAATTGTGx,MS,RM,MS176
MS176_RM__10X_17_grch38:CAGTCCTAGGCGTACAx,MS,RM,MS176
MS176_RM__10X_17_grch38:GCAAACTGTATAATGGx,MS,RM,MS176
MS176_RM__10X_17_grch38:TATTACCGTGCGCTTGx,MS,RM,MS176
MS176_RM__10X_17_grch38:TTATGCTGTGTGGCTCx,MS,RM,MS176
MS176_CI__10X_17_056_roche_grch38_4:ACGCAGCAGTTTAGGAx,MS,CI,MS176
MS176_CI__10X_17_056_roche_grch38_4:CCCAATCTCTTCCTTCx,MS,CI,MS176
MS176_CI__10X_17_056_roche_grch38_4:CCGTTCAAGTGTACCTx,MS,CI,MS176
MS176_CI__10X_17_056_roche_grch38_4:CTCATTAGTGAGCGATx,MS,CI,MS176
MS176_CI__10X_17_056_roche_grch38_4:GCTCTGTAGTTATCGCx,MS,CI,MS176
MS176_CI__10X_17_056_roche_grch38_4:TGTCCCAGTAGGCATGx,MS,CI,MS176
MS176_CI__10X_17_056_roche_grch38_4:TTGGCAAAGGACATTAx,MS,CI,MS176
MS176_CA__10X_17_grch38:AACCGCGTCTGAGTGTx,MS,CA,MS176
MS176_CA__10X_17_grch38:ACGCAGCGTTCTGTTTx,MS,CA,MS176
MS176_CA__10X_17_grch38:AGACGTTCAAAGAATCx,MS,CA,MS176
MS176_CA__10X_17_grch38:CCTTTCTTCCGCAGTGx,MS,CA,MS176
MS176_CA__10X_17_grch38:CGAGAAGCATCACAACx,MS,CA,MS176
MS176_CA__10X_17_grch38:CGGACGTGTAAGAGAGx,MS,CA,MS176
MS176_CA__10X_17_grch38:CTAGAGTAGGACAGCTx,MS,CA,MS176
MS176_CA__10X_17_grch38:GAACCTAAGTCAAGGCx,MS,CA,MS176
MS176_CA__10X_17_grch38:GACGCGTAGCCCAATTx,MS,CA,MS176
MS176_CA__10X_17_grch38:GCTGGGTCAAGCCGCTx,MS,CA,MS176
MS176_CA__10X_17_grch38:TGGGAAGAGTACATGAx,MS,CA,MS176
CO39__10X_17_grch38:AACCATGGTAGCGCTCx,normal,Ctrl,CO39
CO39__10X_17_grch38:AACCGCGCAGTGGGATx,normal,Ctrl,CO39
CO39__10X_17_grch38:AACCGCGGTGCCTGTGx,normal,Ctrl,CO39
CO39__10X_17_grch38:AACGTTGCATGGAATAx,normal,Ctrl,CO39
CO39__10X_17_grch38:AAGCCGCTCGTTTATCx,normal,Ctrl,CO39
CO39__10X_17_grch38:AAGGCAGCAATGAATGx,normal,Ctrl,CO39
CO39__10X_17_grch38:AAGGTTCTCGCCCTTAx,normal,Ctrl,CO39
CO39__10X_17_grch38:ACACCAACACATGTGTx,normal,Ctrl,CO39
CO39__10X_17_grch38:ACACCGGCAGCTGTGCx,normal,Ctrl,CO39
CO39__10X_17_grch38:ACATGGTAGAATGTTGx,normal,Ctrl,CO39
CO39__10X_17_grch38:ACATGGTCAAATACAGx,normal,Ctrl,CO39
CO39__10X_17_grch38:ACGATGTAGGTACTCTx,normal,Ctrl,CO39
CO39__10X_17_grch38:ACGATGTGTACTCAACx,normal,Ctrl,CO39
CO39__10X_17_grch38:ACGGCCAAGAGCTGCAx,normal,Ctrl,CO39
CO39__10X_17_grch38:ACGGGCTAGGCAATTAx,normal,Ctrl,CO39
CO39__10X_17_grch38:ACTGCTCTCCTTGGTCx,normal,Ctrl,CO39
CO39__10X_17_grch38:ACTTGTTCAGCTCGACx,normal,Ctrl,CO39
CO39__10X_17_grch38:ACTTGTTCATCACCCTx,normal,Ctrl,CO39
CO39__10X_17_grch38:AGACGTTAGCGTGAGTx,normal,Ctrl,CO39
CO39__10X_17_grch38:AGAGCTTTCGCCCTTAx,normal,Ctrl,CO39
CO39__10X_17_grch38:AGCATACGTTCGCGACx,normal,Ctrl,CO39
CO39__10X_17_grch38:AGCCTAAAGGTACTCTx,normal,Ctrl,CO39
CO39__10X_17_grch38:AGCCTAAGTGAGGGTTx,normal,Ctrl,CO39
CO39__10X_17_grch38:AGCTCCTCACCACGTGx,normal,Ctrl,CO39
CO39__10X_17_grch38:AGGCCACGTTGGTGGAx,normal,Ctrl,CO39
CO39__10X_17_grch38:AGGCCGTTCACGATGTx,normal,Ctrl,CO39
CO39__10X_17_grch38:AGTCTTTAGACTGTAAx,normal,Ctrl,CO39
CO39__10X_17_grch38:ATAACGCGTTACGTCAx,normal,Ctrl,CO39
CO39__10X_17_grch38:ATAAGAGCATGTTCCCx,normal,Ctrl,CO39
CO39__10X_17_grch38:ATAAGAGTCTGTACGAx,normal,Ctrl,CO39
CO39__10X_17_grch38:ATAGACCCAACTGGCCx,normal,Ctrl,CO39
CO39__10X_17_grch38:ATCATCTCACCACCAGx,normal,Ctrl,CO39
CO39__10X_17_grch38:ATCATGGGTGGTCTCGx,normal,Ctrl,CO39
CO39__10X_17_grch38:ATCTACTGTGTTAAGAx,normal,Ctrl,CO39
CO39__10X_17_grch38:ATCTACTTCGACCAGCx,normal,Ctrl,CO39
CO39__10X_17_grch38:ATGCGATCAATAGCGGx,normal,Ctrl,CO39
CO39__10X_17_grch38:ATGCGATTCTTACCGCx,normal,Ctrl,CO39
CO39__10X_17_grch38:ATTGGTGTCTCCGGTTx,normal,Ctrl,CO39
CO39__10X_17_grch38:CAAGGCCTCGTTACAGx,normal,Ctrl,CO39
CO39__10X_17_grch38:CACACAAGTGTGGTTTx,normal,Ctrl,CO39
CO39__10X_17_grch38:CACACCTCATTACCTTx,normal,Ctrl,CO39
CO39__10X_17_grch38:CACACCTTCTGCCAGGx,normal,Ctrl,CO39
CO39__10X_17_grch38:CACAGGCTCGCTAGCGx,normal,Ctrl,CO39
CO39__10X_17_grch38:CACAGTAAGCTTTGGTx,normal,Ctrl,CO39
CO39__10X_17_grch38:CACCTTGAGAGGTAGAx,normal,Ctrl,CO39
CO39__10X_17_grch38:CACTCCATCCCAAGTAx,normal,Ctrl,CO39
CO39__10X_17_grch38:CAGGTGCTCACTGGGCx,normal,Ctrl,CO39
CO39__10X_17_grch38:CAGGTGCTCCACGCAGx,normal,Ctrl,CO39
CO39__10X_17_grch38:CATATTCCAATCCAACx,normal,Ctrl,CO39
CO39__10X_17_grch38:CATGCCTAGGCATGTGx,normal,Ctrl,CO39
CO39__10X_17_grch38:CATTATCCATTTGCTTx,normal,Ctrl,CO39
CO39__10X_17_grch38:CCACCTAAGGGTGTTGx,normal,Ctrl,CO39
CO39__10X_17_grch38:CCACGGAGTCAGCTATx,normal,Ctrl,CO39
CO39__10X_17_grch38:CCATTCGCAGCTCGACx,normal,Ctrl,CO39
CO39__10X_17_grch38:CCCAGTTGTCAAAGATx,normal,Ctrl,CO39
CO39__10X_17_grch38:CCTAAAGAGTGGTAATx,normal,Ctrl,CO39
CO39__10X_17_grch38:CCTCTGATCTAACTGGx,normal,Ctrl,CO39
CO39__10X_17_grch38:CCTTACGGTTCGGGCTx,normal,Ctrl,CO39
CO39__10X_17_grch38:CCTTACGTCTACTTACx,normal,Ctrl,CO39
CO39__10X_17_grch38:CCTTCCCAGGCTATCTx,normal,Ctrl,CO39
CO39__10X_17_grch38:CCTTCCCTCTACCTGCx,normal,Ctrl,CO39
CO39__10X_17_grch38:CGAACATAGGACAGAAx,normal,Ctrl,CO39
CO39__10X_17_grch38:CGAGAAGCATCGTCGGx,normal,Ctrl,CO39
CO39__10X_17_grch38:CGAGCCACAGCTCGACx,normal,Ctrl,CO39
CO39__10X_17_grch38:CGCTATCAGAAGGCCTx,normal,Ctrl,CO39
CO39__10X_17_grch38:CGCTTCATCGTTTGCCx,normal,Ctrl,CO39
CO39__10X_17_grch38:CGGAGTCGTCTGGAGAx,normal,Ctrl,CO39
CO39__10X_17_grch38:CGTCACTAGGAGTTGCx,normal,Ctrl,CO39
CO39__10X_17_grch38:CGTTGGGTCGTCTGCTx,normal,Ctrl,CO39
CO39__10X_17_grch38:CTACATTTCTAGCACAx,normal,Ctrl,CO39
CO39__10X_17_grch38:CTACCCATCTGCGTAAx,normal,Ctrl,CO39
CO39__10X_17_grch38:CTCAGAACATGTAAGAx,normal,Ctrl,CO39
CO39__10X_17_grch38:CTCATTAGTCGCGGTTx,normal,Ctrl,CO39
CO39__10X_17_grch38:CTCATTATCCTAGAACx,normal,Ctrl,CO39
CO39__10X_17_grch38:CTCTAATCAGCTGTGCx,normal,Ctrl,CO39
CO39__10X_17_grch38:CTCTAATGTAGATTAGx,normal,Ctrl,CO39
CO39__10X_17_grch38:CTGATCCGTCATTAGCx,normal,Ctrl,CO39
CO39__10X_17_grch38:CTGCGGATCGGTGTTAx,normal,Ctrl,CO39
CO39__10X_17_grch38:CTGTTTAGTCTGGTCGx,normal,Ctrl,CO39
CO39__10X_17_grch38:CTTAACTTCCTCATTAx,normal,Ctrl,CO39
CO39__10X_17_grch38:CTTACCGTCTCTGAGAx,normal,Ctrl,CO39
CO39__10X_17_grch38:CTTCTCTAGTGAACATx,normal,Ctrl,CO39
CO39__10X_17_grch38:GACAGAGGTCTCATCCx,normal,Ctrl,CO39
CO39__10X_17_grch38:GACCTGGCACGAAGCAx,normal,Ctrl,CO39
CO39__10X_17_grch38:GACGGCTCATCGGGTCx,normal,Ctrl,CO39
CO39__10X_17_grch38:GACGGCTTCCTGTACCx,normal,Ctrl,CO39
CO39__10X_17_grch38:GACGGCTTCTAACTGGx,normal,Ctrl,CO39
CO39__10X_17_grch38:GACGTGCCACTTCGAAx,normal,Ctrl,CO39
CO39__10X_17_grch38:GACTAACAGAATTGTGx,normal,Ctrl,CO39
CO39__10X_17_grch38:GAGGTGATCCGATATGx,normal,Ctrl,CO39
CO39__10X_17_grch38:GATCAGTTCAACTCTTx,normal,Ctrl,CO39
CO39__10X_17_grch38:GATCGTAGTTGCGTTAx,normal,Ctrl,CO39
CO39__10X_17_grch38:GATTCAGAGTAACCCTx,normal,Ctrl,CO39
CO39__10X_17_grch38:GCAAACTTCCGGCACAx,normal,Ctrl,CO39
CO39__10X_17_grch38:GCAATCAGTCGCGGTTx,normal,Ctrl,CO39
CO39__10X_17_grch38:GCACATACAAAGGAAGx,normal,Ctrl,CO39
CO39__10X_17_grch38:GCATGATTCGGACAAGx,normal,Ctrl,CO39
CO39__10X_17_grch38:GCATGCGGTACTCAACx,normal,Ctrl,CO39
CO39__10X_17_grch38:GCATGTAGTGCGGTAAx,normal,Ctrl,CO39
CO39__10X_17_grch38:GCGACCACACTGAAGGx,normal,Ctrl,CO39
CO39__10X_17_grch38:GCGAGAACACGGTAGAx,normal,Ctrl,CO39
CO39__10X_17_grch38:GCGAGAACAGTTCCCTx,normal,Ctrl,CO39
CO39__10X_17_grch38:GCTGCAGGTTCTGTTTx,normal,Ctrl,CO39
CO39__10X_17_grch38:GCTGCAGTCCCTCTTTx,normal,Ctrl,CO39
CO39__10X_17_grch38:GCTGCTTAGGGTGTTGx,normal,Ctrl,CO39
CO39__10X_17_grch38:GCTTCCACACAGGCCTx,normal,Ctrl,CO39
CO39__10X_17_grch38:GCTTCCATCGGGAGTAx,normal,Ctrl,CO39
CO39__10X_17_grch38:GCTTGAATCGTTTGCCx,normal,Ctrl,CO39
CO39__10X_17_grch38:GGAAAGCCATGACATCx,normal,Ctrl,CO39
CO39__10X_17_grch38:GGAATAAAGAGCTTCTx,normal,Ctrl,CO39
CO39__10X_17_grch38:GGACGTCAGAAGGGTAx,normal,Ctrl,CO39
CO39__10X_17_grch38:GGACGTCTCGCGCCAAx,normal,Ctrl,CO39
CO39__10X_17_grch38:GGCGACTCACATTAGCx,normal,Ctrl,CO39
CO39__10X_17_grch38:GGGTTGCTCTCTGCTGx,normal,Ctrl,CO39
CO39__10X_17_grch38:GGTGTTAGTTCGTGATx,normal,Ctrl,CO39
CO39__10X_17_grch38:GTAACGTCATTTCACTx,normal,Ctrl,CO39
CO39__10X_17_grch38:GTACTCCAGTGTTGAAx,normal,Ctrl,CO39
CO39__10X_17_grch38:GTACTCCCACGGTTTAx,normal,Ctrl,CO39
CO39__10X_17_grch38:GTACTTTAGACTAGATx,normal,Ctrl,CO39
CO39__10X_17_grch38:GTAGGCCAGAATGTTGx,normal,Ctrl,CO39
CO39__10X_17_grch38:GTATCTTGTCTTCAAGx,normal,Ctrl,CO39
CO39__10X_17_grch38:GTCGTAACACGGTTTAx,normal,Ctrl,CO39
CO39__10X_17_grch38:GTGCAGCAGCAGCGTAx,normal,Ctrl,CO39
CO39__10X_17_grch38:GTGCAGCTCGGAAATAx,normal,Ctrl,CO39
CO39__10X_17_grch38:GTTACAGAGAGTGAGAx,normal,Ctrl,CO39
CO39__10X_17_grch38:GTTCTCGCATTTCAGGx,normal,Ctrl,CO39
CO39__10X_17_grch38:GTTCTCGGTAGTGAATx,normal,Ctrl,CO39
CO39__10X_17_grch38:TAAGCGTAGCGCCTCAx,normal,Ctrl,CO39
CO39__10X_17_grch38:TACACGATCGCTGATAx,normal,Ctrl,CO39
CO39__10X_17_grch38:TACGGTAGTCAAAGATx,normal,Ctrl,CO39
CO39__10X_17_grch38:TACTCGCGTTATCCGAx,normal,Ctrl,CO39
CO39__10X_17_grch38:TACTCGCTCACTCTTAx,normal,Ctrl,CO39
CO39__10X_17_grch38:TAGGCATGTCTAGGTTx,normal,Ctrl,CO39
CO39__10X_17_grch38:TATCTCACACTTCTGCx,normal,Ctrl,CO39
CO39__10X_17_grch38:TCAATCTTCAAGATCCx,normal,Ctrl,CO39
CO39__10X_17_grch38:TCAGCTCGTACCTACAx,normal,Ctrl,CO39
CO39__10X_17_grch38:TCGTACCCAAGGCTCCx,normal,Ctrl,CO39
CO39__10X_17_grch38:TCTATTGAGGTGGGTTx,normal,Ctrl,CO39
CO39__10X_17_grch38:TCTATTGCAATGCCATx,normal,Ctrl,CO39
CO39__10X_17_grch38:TCTGAGATCTCAAGTGx,normal,Ctrl,CO39
CO39__10X_17_grch38:TGACGGCGTGGTACAGx,normal,Ctrl,CO39
CO39__10X_17_grch38:TGAGAGGGTCGCATATx,normal,Ctrl,CO39
CO39__10X_17_grch38:TGAGCATAGTCCATACx,normal,Ctrl,CO39
CO39__10X_17_grch38:TGAGCCGCAGACAGGTx,normal,Ctrl,CO39
CO39__10X_17_grch38:TGAGGGACATGGAATAx,normal,Ctrl,CO39
CO39__10X_17_grch38:TGCCCATAGGCATGGTx,normal,Ctrl,CO39
CO39__10X_17_grch38:TGCGTGGGTGTGACGAx,normal,Ctrl,CO39
CO39__10X_17_grch38:TGGTTCCAGAGCAATTx,normal,Ctrl,CO39
CO39__10X_17_grch38:TGTGTTTCACCGATATx,normal,Ctrl,CO39
CO39__10X_17_grch38:TTAACTCTCTGTCCGTx,normal,Ctrl,CO39
CO39__10X_17_grch38:TTATGCTTCCAAAGTCx,normal,Ctrl,CO39
CO39__10X_17_grch38:TTCCCAGAGTATTGGAx,normal,Ctrl,CO39
CO39__10X_17_grch38:TTCTCAATCACCCTCAx,normal,Ctrl,CO39
CO39__10X_17_grch38:TTGCCGTTCTTAGAGCx,normal,Ctrl,CO39
CO39__10X_17_grch38:TTGCGTCTCTTTACACx,normal,Ctrl,CO39
CO39__10X_17_grch38:TTTATGCTCATAACCGx,normal,Ctrl,CO39
CO14__10X_17_grch38:AACTCCCAGGGTCTCCx,normal,Ctrl,CO14
CO14__10X_17_grch38:CCGGTAGTCTGCCCTAx,normal,Ctrl,CO14
CO14__10X_17_grch38:CCTACCAAGAAACCTAx,normal,Ctrl,CO14
CO14__10X_17_grch38:CCTTCGAAGCTAACAAx,normal,Ctrl,CO14
CO14__10X_17_grch38:GGATGTTGTCCGACGTx,normal,Ctrl,CO14
CO14__10X_17_grch38:GTGCGGTCAGCGTTCGx,normal,Ctrl,CO14
CO14__10X_17_grch38:TATGCCCTCGTGGACCx,normal,Ctrl,CO14
MS242_CA5__10X_17_grch38:AGACGTTCATGTCTCCx,MS,CA,MS242
MS242_CA5__10X_17_grch38:GCTCTGTCACGAAACGx,MS,CA,MS242
MS242_CA5__10X_17_grch38:GTGAAGGGTCGCATATx,MS,CA,MS242
MS242_CA5__10X_17_grch38:TATCTCAAGTGCTGCCx,MS,CA,MS242
MS242_CA2__10X_17_grch38:ATCCGAAAGTGAACGCx,MS,CA,MS242
SD48/16__10X_17_grch38:ACATGGTTCATCGGATx,normal,Ctrl,SD48/16
SD48/16__10X_17_grch38:ACTGAACCATGCCACGx,normal,Ctrl,SD48/16
SD48/16__10X_17_grch38:AGAATAGTCAATACCGx,normal,Ctrl,SD48/16
SD48/16__10X_17_grch38:AGCGTCGAGTGGTAATx,normal,Ctrl,SD48/16
SD48/16__10X_17_grch38:AGGGAGTAGACTAGATx,normal,Ctrl,SD48/16
SD48/16__10X_17_grch38:ATCCGAAAGTTTAGGAx,normal,Ctrl,SD48/16
SD48/16__10X_17_grch38:CAAGAAAAGGGTTTCTx,normal,Ctrl,SD48/16
SD48/16__10X_17_grch38:CAAGATCCACCGATATx,normal,Ctrl,SD48/16
SD48/16__10X_17_grch38:CAAGTTGAGCGTGTCCx,normal,Ctrl,SD48/16
SD48/16__10X_17_grch38:CACACTCGTGGCAAACx,normal,Ctrl,SD48/16
SD48/16__10X_17_grch38:CACCAGGTCTGTACGAx,normal,Ctrl,SD48/16
SD48/16__10X_17_grch38:CAGAATCGTATCACCAx,normal,Ctrl,SD48/16
SD48/16__10X_17_grch38:CAGCCGAGTGTGGCTCx,normal,Ctrl,SD48/16
SD48/16__10X_17_grch38:CAGTCCTGTGCACTTAx,normal,Ctrl,SD48/16
SD48/16__10X_17_grch38:CATCGAACACGTAAGGx,normal,Ctrl,SD48/16
SD48/16__10X_17_grch38:CATGCCTGTACCGTATx,normal,Ctrl,SD48/16
SD48/16__10X_17_grch38:CCATGTCGTTTAGCTGx,normal,Ctrl,SD48/16
SD48/16__10X_17_grch38:CCCAGTTGTTCTCATTx,normal,Ctrl,SD48/16
SD48/16__10X_17_grch38:CCGTACTAGCTAGTTCx,normal,Ctrl,SD48/16
SD48/16__10X_17_grch38:CCTTCCCAGTACGTTCx,normal,Ctrl,SD48/16
SD48/16__10X_17_grch38:CGCTATCGTGAGGGTTx,normal,Ctrl,SD48/16
SD48/16__10X_17_grch38:CTAACTTGTTGTCTTTx,normal,Ctrl,SD48/16
SD48/16__10X_17_grch38:CTACATTTCTCTGAGAx,normal,Ctrl,SD48/16
SD48/16__10X_17_grch38:GACGTTATCCTCGCATx,normal,Ctrl,SD48/16
SD48/16__10X_17_grch38:GCAGCCAAGGCTCAGAx,normal,Ctrl,SD48/16
SD48/16__10X_17_grch38:GCCAAATAGAATCTCCx,normal,Ctrl,SD48/16
SD48/16__10X_17_grch38:GCGCAACAGAAAGTGGx,normal,Ctrl,SD48/16
SD48/16__10X_17_grch38:GCGCAACTCATAACCGx,normal,Ctrl,SD48/16
SD48/16__10X_17_grch38:GCTGCTTCACAACTGTx,normal,Ctrl,SD48/16
SD48/16__10X_17_grch38:GGCGACTAGGTCGGATx,normal,Ctrl,SD48/16
SD48/16__10X_17_grch38:GGCTGGTGTTAAGATGx,normal,Ctrl,SD48/16
SD48/16__10X_17_grch38:GTGAAGGTCCAAGCCGx,normal,Ctrl,SD48/16
SD48/16__10X_17_grch38:GTTTCTACACCTCGGAx,normal,Ctrl,SD48/16
SD48/16__10X_17_grch38:TACCTTAAGACTAAGTx,normal,Ctrl,SD48/16
SD48/16__10X_17_grch38:TACTTACTCTCATTCAx,normal,Ctrl,SD48/16
SD48/16__10X_17_grch38:TAGACCACAAGCCATTx,normal,Ctrl,SD48/16
SD48/16__10X_17_grch38:TAGCCGGTCCTCAACCx,normal,Ctrl,SD48/16
SD48/16__10X_17_grch38:TAGTTGGCAGGTTTCAx,normal,Ctrl,SD48/16
SD48/16__10X_17_grch38:TCACGAAAGCTATGCTx,normal,Ctrl,SD48/16
SD48/16__10X_17_grch38:TCAGATGTCAGTGCATx,normal,Ctrl,SD48/16
SD48/16__10X_17_grch38:TCAGGATGTAGGGTACx,normal,Ctrl,SD48/16
SD48/16__10X_17_grch38:TCGCGTTAGAGTGACCx,normal,Ctrl,SD48/16
SD48/16__10X_17_grch38:TCGCGTTTCCTCCTAGx,normal,Ctrl,SD48/16
SD48/16__10X_17_grch38:TGCTGCTCACTTCGAAx,normal,Ctrl,SD48/16
SD48/16__10X_17_grch38:TGGCCAGGTTGCGCACx,normal,Ctrl,SD48/16
SD48/16__10X_17_grch38:TGGCTGGAGCGTAGTGx,normal,Ctrl,SD48/16
SD48/16__10X_17_grch38:TTCCCAGTCCAAACACx,normal,Ctrl,SD48/16
SD48/16__10X_17_grch38:TTTCCTCAGTCGTACTx,normal,Ctrl,SD48/16
SD48/16__10X_17_grch38:TTTGCGCAGTTCGCATx,normal,Ctrl,SD48/16
SD48/16__10X_17_grch38:TTTGGTTGTATAGGGCx,normal,Ctrl,SD48/16
MS122_NAWM__10X_17_grch38:AAAGATGCAGGAACGTx,MS,NAWM,MS122
MS122_NAWM__10X_17_grch38:AAAGATGCAGTATGCTx,MS,NAWM,MS122
MS122_NAWM__10X_17_grch38:AAAGATGGTGTTTGGTx,MS,NAWM,MS122
MS122_NAWM__10X_17_grch38:AAAGATGGTTGATTGCx,MS,NAWM,MS122
MS122_NAWM__10X_17_grch38:AAAGATGTCATCATTCx,MS,NAWM,MS122
MS122_NAWM__10X_17_grch38:AAAGCAACATGGTCATx,MS,NAWM,MS122
MS122_NAWM__10X_17_grch38:AACACGTAGAAGGTTTx,MS,NAWM,MS122
MS122_NAWM__10X_17_grch38:AACCGCGGTAAGTGTAx,MS,NAWM,MS122
MS122_NAWM__10X_17_grch38:AACTCAGCAGGTGGATx,MS,NAWM,MS122
MS122_NAWM__10X_17_grch38:AACTGGTAGTTACCCAx,MS,NAWM,MS122
MS122_NAWM__10X_17_grch38:AACTTTCGTTGAACTCx,MS,NAWM,MS122
MS122_NAWM__10X_17_grch38:AAGACCTTCTTACCTAx,MS,NAWM,MS122
MS122_NAWM__10X_17_grch38:AAGCCGCTCCACGAATx,MS,NAWM,MS122
MS122_NAWM__10X_17_grch38:AAGGTTCTCTGCCCTAx,MS,NAWM,MS122
MS122_NAWM__10X_17_grch38:AAGTCTGAGAAGGGTAx,MS,NAWM,MS122
MS122_NAWM__10X_17_grch38:AAGTCTGCAAAGGCGTx,MS,NAWM,MS122
MS122_NAWM__10X_17_grch38:AAGTCTGCATACCATGx,MS,NAWM,MS122
MS122_NAWM__10X_17_grch38:AATCCAGCAGCTTAACx,MS,NAWM,MS122
MS122_NAWM__10X_17_grch38:AATCGGTGTAAGAGGAx,MS,NAWM,MS122
MS122_NAWM__10X_17_grch38:ACACCCTTCTTGTCATx,MS,NAWM,MS122
MS122_NAWM__10X_17_grch38:ACAGCTAGTGTGGCTCx,MS,NAWM,MS122
MS122_NAWM__10X_17_grch38:ACAGCTAGTTCACCTCx,MS,NAWM,MS122
MS122_NAWM__10X_17_grch38:ACATACGTCCTTGCCAx,MS,NAWM,MS122
MS122_NAWM__10X_17_grch38:ACATCAGAGCAATCTCx,MS,NAWM,MS122
MS122_NAWM__10X_17_grch38:ACATCAGCACGTAAGGx,MS,NAWM,MS122
MS122_NAWM__10X_17_grch38:ACATCAGTCGTATCAGx,MS,NAWM,MS122
MS122_NAWM__10X_17_grch38:ACCCACTCAAAGTCAAx,MS,NAWM,MS122
MS122_NAWM__10X_17_grch38:ACCCACTGTGCTTCTCx,MS,NAWM,MS122
MS122_NAWM__10X_17_grch38:ACCGTAACAGGTTTCAx,MS,NAWM,MS122
MS122_NAWM__10X_17_grch38:ACCTTTAAGGAATGGAx,MS,NAWM,MS122
MS122_NAWM__10X_17_grch38:ACGAGCCCACCAGGTCx,MS,NAWM,MS122
MS122_NAWM__10X_17_grch38:ACGAGGAAGCTGAAATx,MS,NAWM,MS122
MS122_NAWM__10X_17_grch38:ACGAGGAAGTCTCGGCx,MS,NAWM,MS122
MS122_NAWM__10X_17_grch38:ACGATACGTGATGATAx,MS,NAWM,MS122
MS122_NAWM__10X_17_grch38:ACGATACGTTGCGCACx,MS,NAWM,MS122
MS122_NAWM__10X_17_grch38:ACGCAGCAGAGACTTAx,MS,NAWM,MS122
MS122_NAWM__10X_17_grch38:ACGCAGCAGGAACTGCx,MS,NAWM,MS122
MS122_NAWM__10X_17_grch38:ACGCAGCCACCGAATTx,MS,NAWM,MS122
MS122_NAWM__10X_17_grch38:ACGCCAGGTGCCTTGGx,MS,NAWM,MS122
MS122_NAWM__10X_17_grch38:ACGCCAGTCCTTAATCx,MS,NAWM,MS122
MS122_NAWM__10X_17_grch38:ACGGGCTGTCAGCTATx,MS,NAWM,MS122
MS122_NAWM__10X_17_grch38:ACGGGTCGTTATCCGAx,MS,NAWM,MS122
MS122_NAWM__10X_17_grch38:ACGTCAAAGGTTACCTx,MS,NAWM,MS122
MS122_NAWM__10X_17_grch38:ACGTCAACATCCGTGGx,MS,NAWM,MS122
MS122_NAWM__10X_17_grch38:ACTATCTAGCGATGACx,MS,NAWM,MS122
MS122_NAWM__10X_17_grch38:ACTATCTAGGAATTACx,MS,NAWM,MS122
MS122_NAWM__10X_17_grch38:ACTATCTTCCAGATCAx,MS,NAWM,MS122
MS122_NAWM__10X_17_grch38:ACTGAACGTTGAGGTGx,MS,NAWM,MS122
MS122_NAWM__10X_17_grch38:ACTGATGAGAGACGAAx,MS,NAWM,MS122
MS122_NAWM__10X_17_grch38:ACTGATGAGTGGTAATx,MS,NAWM,MS122
MS122_NAWM__10X_17_grch38:ACTGCTCAGAATGTGTx,MS,NAWM,MS122
MS122_NAWM__10X_17_grch38:ACTGCTCTCCCTGACTx,MS,NAWM,MS122
MS122_NAWM__10X_17_grch38:ACTGTCCCACTAGTACx,MS,NAWM,MS122
MS122_NAWM__10X_17_grch38:ACTTACTCATGAGCGAx,MS,NAWM,MS122
MS122_NAWM__10X_17_grch38:ACTTACTTCTTTAGGGx,MS,NAWM,MS122
MS122_NAWM__10X_17_grch38:ACTTTCAGTAAAGGAGx,MS,NAWM,MS122
MS122_NAWM__10X_17_grch38:ACTTTCAGTCACAAGGx,MS,NAWM,MS122
MS122_NAWM__10X_17_grch38:ACTTTCAGTCGGCACTx,MS,NAWM,MS122
MS122_NAWM__10X_17_grch38:AGAATAGTCGAATGCTx,MS,NAWM,MS122
MS122_NAWM__10X_17_grch38:AGAGCTTTCAACGCTAx,MS,NAWM,MS122
MS122_NAWM__10X_17_grch38:AGAGTGGTCATTCACTx,MS,NAWM,MS122
MS122_NAWM__10X_17_grch38:AGATCTGTCTTGAGACx,MS,NAWM,MS122
MS122_NAWM__10X_17_grch38:AGCAGCCAGAAGGACAx,MS,NAWM,MS122
MS122_NAWM__10X_17_grch38:AGCAGCCTCACCTTATx,MS,NAWM,MS122
MS122_NAWM__10X_17_grch38:AGCGTATGTCCAGTTAx,MS,NAWM,MS122
MS122_NAWM__10X_17_grch38:AGCGTATTCAGTTAGCx,MS,NAWM,MS122
MS122_NAWM__10X_17_grch38:AGCTCCTGTGTTCGATx,MS,NAWM,MS122
MS122_NAWM__10X_17_grch38:AGCTCCTTCACGCGGTx,MS,NAWM,MS122
MS122_NAWM__10X_17_grch38:AGCTCTCAGATCCCATx,MS,NAWM,MS122
MS122_NAWM__10X_17_grch38:AGGCCGTGTCGGATCCx,MS,NAWM,MS122
MS122_NAWM__10X_17_grch38:AGGCCGTGTGCAACTTx,MS,NAWM,MS122
MS122_NAWM__10X_17_grch38:AGGGAGTCATTTGCTTx,MS,NAWM,MS122
MS122_NAWM__10X_17_grch38:AGGGAGTTCCGTAGTAx,MS,NAWM,MS122
MS122_NAWM__10X_17_grch38:AGGGATGCAGTAGAGCx,MS,NAWM,MS122
MS122_NAWM__10X_17_grch38:AGGGTGAAGTGAAGTTx,MS,NAWM,MS122
MS122_NAWM__10X_17_grch38:AGGGTGACACCTGGTGx,MS,NAWM,MS122
MS122_NAWM__10X_17_grch38:AGTAGTCTCATGCAACx,MS,NAWM,MS122
MS122_NAWM__10X_17_grch38:AGTCTTTCACAGGTTTx,MS,NAWM,MS122
MS122_NAWM__10X_17_grch38:AGTGGGAAGGAATCGCx,MS,NAWM,MS122
MS122_NAWM__10X_17_grch38:AGTGGGACATGGGACAx,MS,NAWM,MS122
MS122_NAWM__10X_17_grch38:AGTGTCATCACAGTACx,MS,NAWM,MS122
MS122_NAWM__10X_17_grch38:AGTGTCATCGAACTGTx,MS,NAWM,MS122
MS122_NAWM__10X_17_grch38:AGTTGGTGTCCTCTTGx,MS,NAWM,MS122
MS122_NAWM__10X_17_grch38:ATAACGCGTATCAGTCx,MS,NAWM,MS122
MS122_NAWM__10X_17_grch38:ATAGACCCAGATTGCTx,MS,NAWM,MS122
MS122_NAWM__10X_17_grch38:ATCATGGTCCTCTAGCx,MS,NAWM,MS122
MS122_NAWM__10X_17_grch38:ATCATGGTCTCGTTTAx,MS,NAWM,MS122
MS122_NAWM__10X_17_grch38:ATCATGGTCTGATTCTx,MS,NAWM,MS122
MS122_NAWM__10X_17_grch38:ATCCACCTCACGCGGTx,MS,NAWM,MS122
MS122_NAWM__10X_17_grch38:ATCCACCTCTAGAGTCx,MS,NAWM,MS122
MS122_NAWM__10X_17_grch38:ATCGAGTTCAAGATCCx,MS,NAWM,MS122
MS122_NAWM__10X_17_grch38:ATCTACTAGGCTAGGTx,MS,NAWM,MS122
MS122_NAWM__10X_17_grch38:ATCTGCCAGTCGATAAx,MS,NAWM,MS122
MS122_NAWM__10X_17_grch38:ATCTGCCTCGAATCCAx,MS,NAWM,MS122
MS122_NAWM__10X_17_grch38:ATGGGAGAGGGTGTGTx,MS,NAWM,MS122
MS122_NAWM__10X_17_grch38:ATGGGAGGTTACCGATx,MS,NAWM,MS122
MS122_NAWM__10X_17_grch38:ATGTGTGGTTTGTTTCx,MS,NAWM,MS122
MS122_NAWM__10X_17_grch38:ATTACTCGTGAGTATAx,MS,NAWM,MS122
MS122_NAWM__10X_17_grch38:ATTATCCCACCGTTGGx,MS,NAWM,MS122
MS122_NAWM__10X_17_grch38:ATTCTACAGCTACCTAx,MS,NAWM,MS122
MS122_NAWM__10X_17_grch38:ATTGGACAGTGTGGCAx,MS,NAWM,MS122
MS122_NAWM__10X_17_grch38:ATTGGACGTGTGGCTCx,MS,NAWM,MS122
MS122_NAWM__10X_17_grch38:CAACCAAAGAGGTTATx,MS,NAWM,MS122
MS122_NAWM__10X_17_grch38:CAACCTCAGTAACCCTx,MS,NAWM,MS122
MS122_NAWM__10X_17_grch38:CAACCTCCAGATTGCTx,MS,NAWM,MS122
MS122_NAWM__10X_17_grch38:CAACCTCGTATCAGTCx,MS,NAWM,MS122
MS122_NAWM__10X_17_grch38:CAACTAGCAAGGTTTCx,MS,NAWM,MS122
MS122_NAWM__10X_17_grch38:CAACTAGCATACTACGx,MS,NAWM,MS122
MS122_NAWM__10X_17_grch38:CAAGAAAGTTCGTTGAx,MS,NAWM,MS122
MS122_NAWM__10X_17_grch38:CAAGTTGTCACAGGCCx,MS,NAWM,MS122
MS122_NAWM__10X_17_grch38:CACAAACTCCTCAATTx,MS,NAWM,MS122
MS122_NAWM__10X_17_grch38:CACAAACTCTATCGCCx,MS,NAWM,MS122
MS122_NAWM__10X_17_grch38:CACACAAGTCGCATATx,MS,NAWM,MS122
MS122_NAWM__10X_17_grch38:CACACCTGTTAAAGTGx,MS,NAWM,MS122
MS122_NAWM__10X_17_grch38:CACACTCAGAGAGCTCx,MS,NAWM,MS122
MS122_NAWM__10X_17_grch38:CACAGTAAGAGCCCAAx,MS,NAWM,MS122
MS122_NAWM__10X_17_grch38:CACATAGTCAGAGGTGx,MS,NAWM,MS122
MS122_NAWM__10X_17_grch38:CACATAGTCATTCACTx,MS,NAWM,MS122
MS122_NAWM__10X_17_grch38:CACATAGTCCACGTGGx,MS,NAWM,MS122
MS122_NAWM__10X_17_grch38:CACCTTGGTTCGTGATx,MS,NAWM,MS122
MS122_NAWM__10X_17_grch38:CAGAGAGCATACCATGx,MS,NAWM,MS122
MS122_NAWM__10X_17_grch38:CAGAGAGGTGACTCATx,MS,NAWM,MS122
MS122_NAWM__10X_17_grch38:CAGAGAGGTTGGACCCx,MS,NAWM,MS122
MS122_NAWM__10X_17_grch38:CAGATCACAGACAGGTx,MS,NAWM,MS122
MS122_NAWM__10X_17_grch38:CAGATCATCATATCGGx,MS,NAWM,MS122
MS122_NAWM__10X_17_grch38:CAGCAGCAGACAGAGAx,MS,NAWM,MS122
MS122_NAWM__10X_17_grch38:CAGCCGACAAGGTTCTx,MS,NAWM,MS122
MS122_NAWM__10X_17_grch38:CAGCGACAGACAAAGGx,MS,NAWM,MS122
MS122_NAWM__10X_17_grch38:CAGCGACTCAACACTGx,MS,NAWM,MS122
MS122_NAWM__10X_17_grch38:CAGCTAACACATTAGCx,MS,NAWM,MS122
MS122_NAWM__10X_17_grch38:CAGCTAACATAGACTCx,MS,NAWM,MS122
MS122_NAWM__10X_17_grch38:CAGCTGGAGTCATCCAx,MS,NAWM,MS122
MS122_NAWM__10X_17_grch38:CAGCTGGTCGTCTGCTx,MS,NAWM,MS122
MS122_NAWM__10X_17_grch38:CAGTAACCATGACATCx,MS,NAWM,MS122
MS122_NAWM__10X_17_grch38:CAGTCCTAGGACTGGTx,MS,NAWM,MS122
MS122_NAWM__10X_17_grch38:CATATGGAGAACTGTAx,MS,NAWM,MS122
MS122_NAWM__10X_17_grch38:CATATGGGTACGACCCx,MS,NAWM,MS122
MS122_NAWM__10X_17_grch38:CATCAGAAGATTACCCx,MS,NAWM,MS122
MS122_NAWM__10X_17_grch38:CATCAGATCCTTGCCAx,MS,NAWM,MS122
MS122_NAWM__10X_17_grch38:CATCGAAGTCTGCGGTx,MS,NAWM,MS122
MS122_NAWM__10X_17_grch38:CATGACAAGAGTAATCx,MS,NAWM,MS122
MS122_NAWM__10X_17_grch38:CATGACATCTCCCTGAx,MS,NAWM,MS122
MS122_NAWM__10X_17_grch38:CATGGCGCAAGCTGAGx,MS,NAWM,MS122
MS122_NAWM__10X_17_grch38:CATTCGCTCTGTGCAAx,MS,NAWM,MS122
MS122_NAWM__10X_17_grch38:CCAATCCCAGTATAAGx,MS,NAWM,MS122
MS122_NAWM__10X_17_grch38:CCACCTAAGGTTCCTAx,MS,NAWM,MS122
MS122_NAWM__10X_17_grch38:CCACGGATCCCAAGATx,MS,NAWM,MS122
MS122_NAWM__10X_17_grch38:CCACTACGTGCTCTTCx,MS,NAWM,MS122
MS122_NAWM__10X_17_grch38:CCATGTCGTTCCAACAx,MS,NAWM,MS122
MS122_NAWM__10X_17_grch38:CCCAATCGTGTGCCTGx,MS,NAWM,MS122
MS122_NAWM__10X_17_grch38:CCCAGTTCACAGAGGTx,MS,NAWM,MS122
MS122_NAWM__10X_17_grch38:CCCATACAGGAACTGCx,MS,NAWM,MS122
MS122_NAWM__10X_17_grch38:CCCTCCTAGGAATGGAx,MS,NAWM,MS122
MS122_NAWM__10X_17_grch38:CCTAAAGAGCTGTCTAx,MS,NAWM,MS122
MS122_NAWM__10X_17_grch38:CCTAAAGCAACGATGGx,MS,NAWM,MS122
MS122_NAWM__10X_17_grch38:CCTAAAGGTCCCGACAx,MS,NAWM,MS122
MS122_NAWM__10X_17_grch38:CCTACACAGACAAAGGx,MS,NAWM,MS122
MS122_NAWM__10X_17_grch38:CCTACACCATACAGCTx,MS,NAWM,MS122
MS122_NAWM__10X_17_grch38:CCTAGCTAGGCAGGTTx,MS,NAWM,MS122
MS122_NAWM__10X_17_grch38:CCTCAGTAGTCCTCCTx,MS,NAWM,MS122
MS122_NAWM__10X_17_grch38:CCTCAGTTCCCTGACTx,MS,NAWM,MS122
MS122_NAWM__10X_17_grch38:CCTCTGATCATGTGGTx,MS,NAWM,MS122
MS122_NAWM__10X_17_grch38:CCTTACGGTCTTCTCGx,MS,NAWM,MS122
MS122_NAWM__10X_17_grch38:CCTTCCCAGTTGTCGTx,MS,NAWM,MS122
MS122_NAWM__10X_17_grch38:CCTTTCTAGATAGCATx,MS,NAWM,MS122
MS122_NAWM__10X_17_grch38:CCTTTCTGTAGGGTACx,MS,NAWM,MS122
MS122_NAWM__10X_17_grch38:CGAACATGTGACCAAGx,MS,NAWM,MS122
MS122_NAWM__10X_17_grch38:CGAATGTTCCCTGACTx,MS,NAWM,MS122
MS122_NAWM__10X_17_grch38:CGAATGTTCTTGTATCx,MS,NAWM,MS122
MS122_NAWM__10X_17_grch38:CGACCTTGTCGGCTCAx,MS,NAWM,MS122
MS122_NAWM__10X_17_grch38:CGACCTTTCGAATGCTx,MS,NAWM,MS122
MS122_NAWM__10X_17_grch38:CGACTTCAGAAGCCCAx,MS,NAWM,MS122
MS122_NAWM__10X_17_grch38:CGACTTCAGTTGCAGGx,MS,NAWM,MS122
MS122_NAWM__10X_17_grch38:CGAGAAGAGGCACATGx,MS,NAWM,MS122
MS122_NAWM__10X_17_grch38:CGAGAAGAGTGTGAATx,MS,NAWM,MS122
MS122_NAWM__10X_17_grch38:CGAGAAGCAACGATCTx,MS,NAWM,MS122
MS122_NAWM__10X_17_grch38:CGAGCACAGAACTGTAx,MS,NAWM,MS122
MS122_NAWM__10X_17_grch38:CGAGCACGTAAATACGx,MS,NAWM,MS122
MS122_NAWM__10X_17_grch38:CGATCGGGTCTTCAAGx,MS,NAWM,MS122
MS122_NAWM__10X_17_grch38:CGATCGGGTGAAGGCTx,MS,NAWM,MS122
MS122_NAWM__10X_17_grch38:CGATGGCAGACTACAAx,MS,NAWM,MS122
MS122_NAWM__10X_17_grch38:CGATGGCAGGTGCAACx,MS,NAWM,MS122
MS122_NAWM__10X_17_grch38:CGATGTAAGTTTGCGTx,MS,NAWM,MS122
MS122_NAWM__10X_17_grch38:CGATGTATCTGGTATGx,MS,NAWM,MS122
MS122_NAWM__10X_17_grch38:CGCGGTAGTGGCGAATx,MS,NAWM,MS122
MS122_NAWM__10X_17_grch38:CGCGTTTAGACGACGTx,MS,NAWM,MS122
MS122_NAWM__10X_17_grch38:CGCTATCAGTAGATGTx,MS,NAWM,MS122
MS122_NAWM__10X_17_grch38:CGCTGGAAGTCGTTTGx,MS,NAWM,MS122
MS122_NAWM__10X_17_grch38:CGCTTCAGTACCGGCTx,MS,NAWM,MS122
MS122_NAWM__10X_17_grch38:CGCTTCATCCAGGGCTx,MS,NAWM,MS122
MS122_NAWM__10X_17_grch38:CGGACACAGCAGCGTAx,MS,NAWM,MS122
MS122_NAWM__10X_17_grch38:CGGACACGTCTCCATCx,MS,NAWM,MS122
MS122_NAWM__10X_17_grch38:CGGACGTGTACCTACAx,MS,NAWM,MS122
MS122_NAWM__10X_17_grch38:CGGACGTGTCTAGCGCx,MS,NAWM,MS122
MS122_NAWM__10X_17_grch38:CGGACTGAGCTAGTTCx,MS,NAWM,MS122
MS122_NAWM__10X_17_grch38:CGGACTGAGGTGATTAx,MS,NAWM,MS122
MS122_NAWM__10X_17_grch38:CGGACTGTCACGACTAx,MS,NAWM,MS122
MS122_NAWM__10X_17_grch38:CGGAGCTCACCCAGTGx,MS,NAWM,MS122
MS122_NAWM__10X_17_grch38:CGGAGCTTCTCAAGTGx,MS,NAWM,MS122
MS122_NAWM__10X_17_grch38:CGGAGCTTCTTGAGGTx,MS,NAWM,MS122
MS122_NAWM__10X_17_grch38:CGGAGTCCACGAGAGTx,MS,NAWM,MS122
MS122_NAWM__10X_17_grch38:CGGGTCAAGTTAACGAx,MS,NAWM,MS122
MS122_NAWM__10X_17_grch38:CGGGTCAGTTTGGGCCx,MS,NAWM,MS122
MS122_NAWM__10X_17_grch38:CGTAGGCCACTAAGTCx,MS,NAWM,MS122
MS122_NAWM__10X_17_grch38:CGTCACTAGTTGTAGAx,MS,NAWM,MS122
MS122_NAWM__10X_17_grch38:CGTCACTTCCTTAATCx,MS,NAWM,MS122
MS122_NAWM__10X_17_grch38:CGTCACTTCGGTGTCGx,MS,NAWM,MS122
MS122_NAWM__10X_17_grch38:CGTCAGGGTCTTGATGx,MS,NAWM,MS122
MS122_NAWM__10X_17_grch38:CGTCAGGTCAGTCAGTx,MS,NAWM,MS122
MS122_NAWM__10X_17_grch38:CGTCAGGTCGAATCCAx,MS,NAWM,MS122
MS122_NAWM__10X_17_grch38:CGTCCATCATATGGTCx,MS,NAWM,MS122
MS122_NAWM__10X_17_grch38:CGTCCATTCATACGGTx,MS,NAWM,MS122
MS122_NAWM__10X_17_grch38:CGTCTACAGCCCGAAAx,MS,NAWM,MS122
MS122_NAWM__10X_17_grch38:CGTCTACTCTTCATGTx,MS,NAWM,MS122
MS122_NAWM__10X_17_grch38:CGTGAGCAGAGTGACCx,MS,NAWM,MS122
MS122_NAWM__10X_17_grch38:CGTTAGACAGTATCTGx,MS,NAWM,MS122
MS122_NAWM__10X_17_grch38:CGTTCTGCATGTAGTCx,MS,NAWM,MS122
MS122_NAWM__10X_17_grch38:CTAAGACAGTGTTAGAx,MS,NAWM,MS122
MS122_NAWM__10X_17_grch38:CTAATGGGTAAACACAx,MS,NAWM,MS122
MS122_NAWM__10X_17_grch38:CTACCCACAATGGAATx,MS,NAWM,MS122
MS122_NAWM__10X_17_grch38:CTAGCCTCAGGACGTAx,MS,NAWM,MS122
MS122_NAWM__10X_17_grch38:CTCATTAGTCTCTTATx,MS,NAWM,MS122
MS122_NAWM__10X_17_grch38:CTCCTAGTCTACCAGAx,MS,NAWM,MS122
MS122_NAWM__10X_17_grch38:CTCGAGGAGCGTAATAx,MS,NAWM,MS122
MS122_NAWM__10X_17_grch38:CTCGTCAAGGCTCATTx,MS,NAWM,MS122
MS122_NAWM__10X_17_grch38:CTCTAATGTGCGATAGx,MS,NAWM,MS122
MS122_NAWM__10X_17_grch38:CTCTACGAGCTGCAAGx,MS,NAWM,MS122
MS122_NAWM__10X_17_grch38:CTCTACGGTTCCTCCAx,MS,NAWM,MS122
MS122_NAWM__10X_17_grch38:CTGAAACCACACAGAGx,MS,NAWM,MS122
MS122_NAWM__10X_17_grch38:CTGAAACGTGAGCGATx,MS,NAWM,MS122
MS122_NAWM__10X_17_grch38:CTGAAACGTGTCGCTGx,MS,NAWM,MS122
MS122_NAWM__10X_17_grch38:CTGATCCGTTTGTTTCx,MS,NAWM,MS122
MS122_NAWM__10X_17_grch38:CTGTGCTGTCGGCATCx,MS,NAWM,MS122
MS122_NAWM__10X_17_grch38:CTGTTTATCACGAAGGx,MS,NAWM,MS122
MS122_NAWM__10X_17_grch38:CTTAACTCACTATCTTx,MS,NAWM,MS122
MS122_NAWM__10X_17_grch38:CTTAGGAGTATTCGTGx,MS,NAWM,MS122
MS122_NAWM__10X_17_grch38:CTTGGCTCATCACAACx,MS,NAWM,MS122
MS122_NAWM__10X_17_grch38:CTTTGCGCAGCATACTx,MS,NAWM,MS122
MS122_NAWM__10X_17_grch38:GAAATGAAGACTGGGTx,MS,NAWM,MS122
MS122_NAWM__10X_17_grch38:GAAATGATCAAACCACx,MS,NAWM,MS122
MS122_NAWM__10X_17_grch38:GAACATCTCTTCAACTx,MS,NAWM,MS122
MS122_NAWM__10X_17_grch38:GAAGCAGCATTAGCCAx,MS,NAWM,MS122
MS122_NAWM__10X_17_grch38:GAAGCAGTCAATAAGGx,MS,NAWM,MS122
MS122_NAWM__10X_17_grch38:GAAGCAGTCCATTCTAx,MS,NAWM,MS122
MS122_NAWM__10X_17_grch38:GAATAAGCATTTGCTTx,MS,NAWM,MS122
MS122_NAWM__10X_17_grch38:GACACGCCATGCTAGTx,MS,NAWM,MS122
MS122_NAWM__10X_17_grch38:GACACGCTCACTTCATx,MS,NAWM,MS122
MS122_NAWM__10X_17_grch38:GACAGAGGTACCGTTAx,MS,NAWM,MS122
MS122_NAWM__10X_17_grch38:GACGCGTTCGCCAAATx,MS,NAWM,MS122
MS122_NAWM__10X_17_grch38:GACGGCTTCCTGTACCx,MS,NAWM,MS122
MS122_NAWM__10X_17_grch38:GACGGCTTCGGTTCGGx,MS,NAWM,MS122
MS122_NAWM__10X_17_grch38:GACGTGCCAAGAAGAGx,MS,NAWM,MS122
MS122_NAWM__10X_17_grch38:GACGTGCCACTCGACGx,MS,NAWM,MS122
MS122_NAWM__10X_17_grch38:GACGTGCTCGGTGTTAx,MS,NAWM,MS122
MS122_NAWM__10X_17_grch38:GACGTTAAGGATATACx,MS,NAWM,MS122
MS122_NAWM__10X_17_grch38:GACGTTACAAGCGAGTx,MS,NAWM,MS122
MS122_NAWM__10X_17_grch38:GACGTTAGTGATGCCCx,MS,NAWM,MS122
MS122_NAWM__10X_17_grch38:GACTAACAGATGGGTCx,MS,NAWM,MS122
MS122_NAWM__10X_17_grch38:GACTAACAGCTAAACAx,MS,NAWM,MS122
MS122_NAWM__10X_17_grch38:GACTACAGTCATATCGx,MS,NAWM,MS122
MS122_NAWM__10X_17_grch38:GACTGCGTCTGCGACGx,MS,NAWM,MS122
MS122_NAWM__10X_17_grch38:GAGCAGAAGGAATCGCx,MS,NAWM,MS122
MS122_NAWM__10X_17_grch38:GAGGTGACAGTACACTx,MS,NAWM,MS122
MS122_NAWM__10X_17_grch38:GATCGATGTAGCTCCGx,MS,NAWM,MS122
MS122_NAWM__10X_17_grch38:GATCGTAAGCGTTCCGx,MS,NAWM,MS122
MS122_NAWM__10X_17_grch38:GATCGTAGTTATGCGTx,MS,NAWM,MS122
MS122_NAWM__10X_17_grch38:GATCGTAGTTCACGGCx,MS,NAWM,MS122
MS122_NAWM__10X_17_grch38:GATCTAGGTCAGAATAx,MS,NAWM,MS122
MS122_NAWM__10X_17_grch38:GATGAAACACCAACCGx,MS,NAWM,MS122
MS122_NAWM__10X_17_grch38:GATGAAATCTTCCTTCx,MS,NAWM,MS122
MS122_NAWM__10X_17_grch38:GATGAGGTCACATACGx,MS,NAWM,MS122
MS122_NAWM__10X_17_grch38:GATGCTATCACGGTTAx,MS,NAWM,MS122
MS122_NAWM__10X_17_grch38:GATTCAGAGCAGATCGx,MS,NAWM,MS122
MS122_NAWM__10X_17_grch38:GCAAACTAGCCACTATx,MS,NAWM,MS122
MS122_NAWM__10X_17_grch38:GCACATAAGCCCTAATx,MS,NAWM,MS122
MS122_NAWM__10X_17_grch38:GCACATATCCGCAAGCx,MS,NAWM,MS122
MS122_NAWM__10X_17_grch38:GCACTCTTCGCACTCTx,MS,NAWM,MS122
MS122_NAWM__10X_17_grch38:GCAGCCATCCTCAACCx,MS,NAWM,MS122
MS122_NAWM__10X_17_grch38:GCAGTTACACTTCGAAx,MS,NAWM,MS122
MS122_NAWM__10X_17_grch38:GCATACAGTCCTCCATx,MS,NAWM,MS122
MS122_NAWM__10X_17_grch38:GCATACAGTTATGCGTx,MS,NAWM,MS122
MS122_NAWM__10X_17_grch38:GCATACATCAATCTCTx,MS,NAWM,MS122
MS122_NAWM__10X_17_grch38:GCATGATCAGCTTCGGx,MS,NAWM,MS122
MS122_NAWM__10X_17_grch38:GCATGATGTTGTGGCCx,MS,NAWM,MS122
MS122_NAWM__10X_17_grch38:GCATGCGAGCCACGCTx,MS,NAWM,MS122
MS122_NAWM__10X_17_grch38:GCATGTAAGCCCTAATx,MS,NAWM,MS122
MS122_NAWM__10X_17_grch38:GCCAAATTCGGTGTCGx,MS,NAWM,MS122
MS122_NAWM__10X_17_grch38:GCCTCTAGTGCGAAACx,MS,NAWM,MS122
MS122_NAWM__10X_17_grch38:GCGACCAAGAGGTTGCx,MS,NAWM,MS122
MS122_NAWM__10X_17_grch38:GCGACCATCTACTATCx,MS,NAWM,MS122
MS122_NAWM__10X_17_grch38:GCGAGAACACGCTTTCx,MS,NAWM,MS122
MS122_NAWM__10X_17_grch38:GCGAGAACAGGTCGTCx,MS,NAWM,MS122
MS122_NAWM__10X_17_grch38:GCGAGAATCAGCGATTx,MS,NAWM,MS122
MS122_NAWM__10X_17_grch38:GCGCAACAGTTCGCGCx,MS,NAWM,MS122
MS122_NAWM__10X_17_grch38:GCGCAACCAAGCCCACx,MS,NAWM,MS122
MS122_NAWM__10X_17_grch38:GCGCAGTCACACATGTx,MS,NAWM,MS122
MS122_NAWM__10X_17_grch38:GCGCAGTGTCCTCTTGx,MS,NAWM,MS122
MS122_NAWM__10X_17_grch38:GCGCAGTTCTGGTTCCx,MS,NAWM,MS122
MS122_NAWM__10X_17_grch38:GCTGCGATCTGTTGAGx,MS,NAWM,MS122
MS122_NAWM__10X_17_grch38:GCTGCTTGTTGTACACx,MS,NAWM,MS122
MS122_NAWM__10X_17_grch38:GCTGGGTTCCTGCCATx,MS,NAWM,MS122
MS122_NAWM__10X_17_grch38:GCTTCCATCATGCTCCx,MS,NAWM,MS122
MS122_NAWM__10X_17_grch38:GCTTGAAGTGGCCCTAx,MS,NAWM,MS122
MS122_NAWM__10X_17_grch38:GGAACTTAGCCATCGCx,MS,NAWM,MS122
MS122_NAWM__10X_17_grch38:GGACAAGTCCGAAGAGx,MS,NAWM,MS122
MS122_NAWM__10X_17_grch38:GGATGTTAGTGAATTGx,MS,NAWM,MS122
MS122_NAWM__10X_17_grch38:GGATGTTGTCGCTTTCx,MS,NAWM,MS122
MS122_NAWM__10X_17_grch38:GGATGTTTCAGCATGTx,MS,NAWM,MS122
MS122_NAWM__10X_17_grch38:GGATTACTCAAACCACx,MS,NAWM,MS122
MS122_NAWM__10X_17_grch38:GGATTACTCGAGCCCAx,MS,NAWM,MS122
MS122_NAWM__10X_17_grch38:GGCCGATCACTGAAGGx,MS,NAWM,MS122
MS122_NAWM__10X_17_grch38:GGCGTGTCAGTAACGGx,MS,NAWM,MS122
MS122_NAWM__10X_17_grch38:GGCGTGTTCTGCAGTAx,MS,NAWM,MS122
MS122_NAWM__10X_17_grch38:GGCTCGATCTCAAGTGx,MS,NAWM,MS122
MS122_NAWM__10X_17_grch38:GGGCACTGTATAGTAGx,MS,NAWM,MS122
MS122_NAWM__10X_17_grch38:GGGCATCTCAGGATCTx,MS,NAWM,MS122
MS122_NAWM__10X_17_grch38:GGGCATCTCTAACCGAx,MS,NAWM,MS122
MS122_NAWM__10X_17_grch38:GGGTCTGGTCCATGATx,MS,NAWM,MS122
MS122_NAWM__10X_17_grch38:GGGTCTGGTCCGACGTx,MS,NAWM,MS122
MS122_NAWM__10X_17_grch38:GGGTTGCAGAACTCGGx,MS,NAWM,MS122
MS122_NAWM__10X_17_grch38:GGGTTGCCAGCTGTTAx,MS,NAWM,MS122
MS122_NAWM__10X_17_grch38:GGTATTGCAGCCTTGGx,MS,NAWM,MS122
MS122_NAWM__10X_17_grch38:GGTATTGTCTATCGCCx,MS,NAWM,MS122
MS122_NAWM__10X_17_grch38:GGTGAAGCAGATGAGCx,MS,NAWM,MS122
MS122_NAWM__10X_17_grch38:GGTGCGTAGTTTGCGTx,MS,NAWM,MS122
MS122_NAWM__10X_17_grch38:GGTGCGTCAAACTGCTx,MS,NAWM,MS122
MS122_NAWM__10X_17_grch38:GGTGCGTGTGGTTTCAx,MS,NAWM,MS122
MS122_NAWM__10X_17_grch38:GTAACGTCACGGTTTAx,MS,NAWM,MS122
MS122_NAWM__10X_17_grch38:GTACGTAGTGCTGTATx,MS,NAWM,MS122
MS122_NAWM__10X_17_grch38:GTACTTTGTATCGCATx,MS,NAWM,MS122
MS122_NAWM__10X_17_grch38:GTAGGCCGTCCGCTGAx,MS,NAWM,MS122
MS122_NAWM__10X_17_grch38:GTAGTCAGTCATCCCTx,MS,NAWM,MS122
MS122_NAWM__10X_17_grch38:GTATCTTAGGCAAAGAx,MS,NAWM,MS122
MS122_NAWM__10X_17_grch38:GTCAAGTGTGTGAAATx,MS,NAWM,MS122
MS122_NAWM__10X_17_grch38:GTCAAGTTCCAAGCCGx,MS,NAWM,MS122
MS122_NAWM__10X_17_grch38:GTCACAACATTCTTACx,MS,NAWM,MS122
MS122_NAWM__10X_17_grch38:GTCATTTGTTGAACTCx,MS,NAWM,MS122
MS122_NAWM__10X_17_grch38:GTCATTTTCAGCTCTCx,MS,NAWM,MS122
MS122_NAWM__10X_17_grch38:GTCCTCAGTACAAGTAx,MS,NAWM,MS122
MS122_NAWM__10X_17_grch38:GTCCTCATCAGATAAGx,MS,NAWM,MS122
MS122_NAWM__10X_17_grch38:GTCCTCATCGTACCGGx,MS,NAWM,MS122
MS122_NAWM__10X_17_grch38:GTCGGGTCACAACGCCx,MS,NAWM,MS122
MS122_NAWM__10X_17_grch38:GTCGGGTGTAAGGGAAx,MS,NAWM,MS122
MS122_NAWM__10X_17_grch38:GTCGGGTGTCTGCCAGx,MS,NAWM,MS122
MS122_NAWM__10X_17_grch38:GTCGGGTTCCGAACGCx,MS,NAWM,MS122
MS122_NAWM__10X_17_grch38:GTCGTAACAAATTGCCx,MS,NAWM,MS122
MS122_NAWM__10X_17_grch38:GTGAAGGAGAGGTAGAx,MS,NAWM,MS122
MS122_NAWM__10X_17_grch38:GTGAAGGAGGAGTCTGx,MS,NAWM,MS122
MS122_NAWM__10X_17_grch38:GTGAAGGAGTCGTACTx,MS,NAWM,MS122
MS122_NAWM__10X_17_grch38:GTGAAGGGTCCTGCTTx,MS,NAWM,MS122
MS122_NAWM__10X_17_grch38:GTGCATACACATTAGCx,MS,NAWM,MS122
MS122_NAWM__10X_17_grch38:GTGCGGTCAGACACTTx,MS,NAWM,MS122
MS122_NAWM__10X_17_grch38:GTGGGTCCAAGTTAAGx,MS,NAWM,MS122
MS122_NAWM__10X_17_grch38:GTGTGCGGTGAGTGACx,MS,NAWM,MS122
MS122_NAWM__10X_17_grch38:GTTAAGCCAACGCACCx,MS,NAWM,MS122
MS122_NAWM__10X_17_grch38:GTTAAGCGTAGCTCCGx,MS,NAWM,MS122
MS122_NAWM__10X_17_grch38:GTTCATTAGATCCTGTx,MS,NAWM,MS122
MS122_NAWM__10X_17_grch38:GTTCATTAGTGGACGTx,MS,NAWM,MS122
MS122_NAWM__10X_17_grch38:GTTCATTCAACCGCCAx,MS,NAWM,MS122
MS122_NAWM__10X_17_grch38:GTTCATTTCGATCCCTx,MS,NAWM,MS122
MS122_NAWM__10X_17_grch38:GTTCTCGAGCTATGCTx,MS,NAWM,MS122
MS122_NAWM__10X_17_grch38:GTTCTCGTCTGTCAAGx,MS,NAWM,MS122
MS122_NAWM__10X_17_grch38:TAAGCGTAGTAGCCGAx,MS,NAWM,MS122
MS122_NAWM__10X_17_grch38:TACACGAAGCACGCCTx,MS,NAWM,MS122
MS122_NAWM__10X_17_grch38:TACACGATCACCTTATx,MS,NAWM,MS122
MS122_NAWM__10X_17_grch38:TACACGATCGAGAACGx,MS,NAWM,MS122
MS122_NAWM__10X_17_grch38:TACAGTGAGCGATCCCx,MS,NAWM,MS122
MS122_NAWM__10X_17_grch38:TACAGTGTCTCAAGTGx,MS,NAWM,MS122
MS122_NAWM__10X_17_grch38:TACGGTACAAGCCTATx,MS,NAWM,MS122
MS122_NAWM__10X_17_grch38:TACGGTATCTTCGGTCx,MS,NAWM,MS122
MS122_NAWM__10X_17_grch38:TAGACCAAGGAGTTGCx,MS,NAWM,MS122
MS122_NAWM__10X_17_grch38:TAGACCACAGGCGATAx,MS,NAWM,MS122
MS122_NAWM__10X_17_grch38:TAGCCGGTCAAAGACAx,MS,NAWM,MS122
MS122_NAWM__10X_17_grch38:TAGGCATCATCTATGGx,MS,NAWM,MS122
MS122_NAWM__10X_17_grch38:TAGGCATTCTTTAGTCx,MS,NAWM,MS122
MS122_NAWM__10X_17_grch38:TAGTGGTAGGGATACCx,MS,NAWM,MS122
MS122_NAWM__10X_17_grch38:TAGTTGGTCCCACTTGx,MS,NAWM,MS122
MS122_NAWM__10X_17_grch38:TATCAGGGTTAAGACAx,MS,NAWM,MS122
MS122_NAWM__10X_17_grch38:TATCTCAAGGATGGAAx,MS,NAWM,MS122
MS122_NAWM__10X_17_grch38:TATGCCCAGCGTAGTGx,MS,NAWM,MS122
MS122_NAWM__10X_17_grch38:TATGCCCAGCTCCCAGx,MS,NAWM,MS122
MS122_NAWM__10X_17_grch38:TATTACCAGACATAACx,MS,NAWM,MS122
MS122_NAWM__10X_17_grch38:TATTACCAGCTATGCTx,MS,NAWM,MS122
MS122_NAWM__10X_17_grch38:TATTACCAGCTGAACGx,MS,NAWM,MS122
MS122_NAWM__10X_17_grch38:TATTACCGTCTGCAATx,MS,NAWM,MS122
MS122_NAWM__10X_17_grch38:TATTACCTCCAATGGTx,MS,NAWM,MS122
MS122_NAWM__10X_17_grch38:TCAATCTGTCTTGCGGx,MS,NAWM,MS122
MS122_NAWM__10X_17_grch38:TCACGAATCCTTCAATx,MS,NAWM,MS122
MS122_NAWM__10X_17_grch38:TCAGATGCATTGGCGCx,MS,NAWM,MS122
MS122_NAWM__10X_17_grch38:TCAGATGTCGAACGGAx,MS,NAWM,MS122
MS122_NAWM__10X_17_grch38:TCAGCAAGTGCCTTGGx,MS,NAWM,MS122
MS122_NAWM__10X_17_grch38:TCAGCAAGTGTGCGTCx,MS,NAWM,MS122
MS122_NAWM__10X_17_grch38:TCAGGATCAGCTGCTGx,MS,NAWM,MS122
MS122_NAWM__10X_17_grch38:TCAGGTACAAGCCTATx,MS,NAWM,MS122
MS122_NAWM__10X_17_grch38:TCATTTGAGTAATCCCx,MS,NAWM,MS122
MS122_NAWM__10X_17_grch38:TCATTTGTCTAAGCCAx,MS,NAWM,MS122
MS122_NAWM__10X_17_grch38:TCCCGATAGGCCCTCAx,MS,NAWM,MS122
MS122_NAWM__10X_17_grch38:TCGAGGCAGAGCTGCAx,MS,NAWM,MS122
MS122_NAWM__10X_17_grch38:TCGAGGCCAGTTTACGx,MS,NAWM,MS122
MS122_NAWM__10X_17_grch38:TCGCGAGCAGCCACCAx,MS,NAWM,MS122
MS122_NAWM__10X_17_grch38:TCGGGACTCTCGCATCx,MS,NAWM,MS122
MS122_NAWM__10X_17_grch38:TCGGTAAAGCGCCTCAx,MS,NAWM,MS122
MS122_NAWM__10X_17_grch38:TCGGTAAGTCCGACGTx,MS,NAWM,MS122
MS122_NAWM__10X_17_grch38:TCGGTAATCACTTACTx,MS,NAWM,MS122
MS122_NAWM__10X_17_grch38:TCGTACCCATCCGCGAx,MS,NAWM,MS122
MS122_NAWM__10X_17_grch38:TCGTAGAAGTGCGATGx,MS,NAWM,MS122
MS122_NAWM__10X_17_grch38:TCGTAGAGTAAATGTGx,MS,NAWM,MS122
MS122_NAWM__10X_17_grch38:TCTATTGAGAGTAAGGx,MS,NAWM,MS122
MS122_NAWM__10X_17_grch38:TCTCATATCAGGTTCAx,MS,NAWM,MS122
MS122_NAWM__10X_17_grch38:TCTCTAAAGATGTCGGx,MS,NAWM,MS122
MS122_NAWM__10X_17_grch38:TCTCTAAAGTGCCATTx,MS,NAWM,MS122
MS122_NAWM__10X_17_grch38:TCTGAGACAGCTGCTGx,MS,NAWM,MS122
MS122_NAWM__10X_17_grch38:TCTGAGAGTCAGATAAx,MS,NAWM,MS122
MS122_NAWM__10X_17_grch38:TCTGGAAAGCGCTTATx,MS,NAWM,MS122
MS122_NAWM__10X_17_grch38:TCTGGAAAGGGAACGGx,MS,NAWM,MS122
MS122_NAWM__10X_17_grch38:TCTGGAATCTACCTGCx,MS,NAWM,MS122
MS122_NAWM__10X_17_grch38:TCTTTCCTCCGAATGTx,MS,NAWM,MS122
MS122_NAWM__10X_17_grch38:TCTTTCCTCTTCTGGCx,MS,NAWM,MS122
MS122_NAWM__10X_17_grch38:TGAAAGAAGTGTCCATx,MS,NAWM,MS122
MS122_NAWM__10X_17_grch38:TGACGGCTCCATGCTCx,MS,NAWM,MS122
MS122_NAWM__10X_17_grch38:TGACTAGTCATGTAGCx,MS,NAWM,MS122
MS122_NAWM__10X_17_grch38:TGACTAGTCCGCATAAx,MS,NAWM,MS122
MS122_NAWM__10X_17_grch38:TGACTTTGTCTCTTATx,MS,NAWM,MS122
MS122_NAWM__10X_17_grch38:TGACTTTTCTGCTGCTx,MS,NAWM,MS122
MS122_NAWM__10X_17_grch38:TGAGAGGAGCCGATTTx,MS,NAWM,MS122
MS122_NAWM__10X_17_grch38:TGAGCATAGGTACTCTx,MS,NAWM,MS122
MS122_NAWM__10X_17_grch38:TGAGCATGTCCTCCATx,MS,NAWM,MS122
MS122_NAWM__10X_17_grch38:TGAGGGACATCACAACx,MS,NAWM,MS122
MS122_NAWM__10X_17_grch38:TGATTTCAGCAACGGTx,MS,NAWM,MS122
MS122_NAWM__10X_17_grch38:TGCACCTCACGGTGTCx,MS,NAWM,MS122
MS122_NAWM__10X_17_grch38:TGCACCTTCGTGGGAAx,MS,NAWM,MS122
MS122_NAWM__10X_17_grch38:TGCCAAAGTCTTGATGx,MS,NAWM,MS122
MS122_NAWM__10X_17_grch38:TGCCAAATCCGTCATCx,MS,NAWM,MS122
MS122_NAWM__10X_17_grch38:TGCCCATCAGCCACCAx,MS,NAWM,MS122
MS122_NAWM__10X_17_grch38:TGCCCATCATCGGGTCx,MS,NAWM,MS122
MS122_NAWM__10X_17_grch38:TGCCCTATCAAGCCTAx,MS,NAWM,MS122
MS122_NAWM__10X_17_grch38:TGCGTGGAGCAGACTGx,MS,NAWM,MS122
MS122_NAWM__10X_17_grch38:TGCGTGGAGTCTCAACx,MS,NAWM,MS122
MS122_NAWM__10X_17_grch38:TGCGTGGTCTCACATTx,MS,NAWM,MS122
MS122_NAWM__10X_17_grch38:TGCTGCTTCTGCGACGx,MS,NAWM,MS122
MS122_NAWM__10X_17_grch38:TGGACGCCAGGGCATAx,MS,NAWM,MS122
MS122_NAWM__10X_17_grch38:TGGCCAGTCTGCAAGTx,MS,NAWM,MS122
MS122_NAWM__10X_17_grch38:TGGCGCATCGGCTACGx,MS,NAWM,MS122
MS122_NAWM__10X_17_grch38:TGGGCGTAGGCATGTGx,MS,NAWM,MS122
MS122_NAWM__10X_17_grch38:TGGGCGTCAGTAGAGCx,MS,NAWM,MS122
MS122_NAWM__10X_17_grch38:TGGTTAGGTTCCGTCTx,MS,NAWM,MS122
MS122_NAWM__10X_17_grch38:TGGTTAGTCTCGAGTAx,MS,NAWM,MS122
MS122_NAWM__10X_17_grch38:TGGTTCCCAGACACTTx,MS,NAWM,MS122
MS122_NAWM__10X_17_grch38:TGGTTCCTCCACTCCAx,MS,NAWM,MS122
MS122_NAWM__10X_17_grch38:TGTATTCGTCCGAGTCx,MS,NAWM,MS122
MS122_NAWM__10X_17_grch38:TGTTCCGGTTTAGCTGx,MS,NAWM,MS122
MS122_NAWM__10X_17_grch38:TGTTCCGTCAGGCAAGx,MS,NAWM,MS122
MS122_NAWM__10X_17_grch38:TGTTCCGTCTCCAGGGx,MS,NAWM,MS122
MS122_NAWM__10X_17_grch38:TTAACTCAGTATCTCGx,MS,NAWM,MS122
MS122_NAWM__10X_17_grch38:TTAGGCATCACAGGCCx,MS,NAWM,MS122
MS122_NAWM__10X_17_grch38:TTAGTTCAGACTGGGTx,MS,NAWM,MS122
MS122_NAWM__10X_17_grch38:TTAGTTCAGGGAAACAx,MS,NAWM,MS122
MS122_NAWM__10X_17_grch38:TTCGAAGCACCGATATx,MS,NAWM,MS122
MS122_NAWM__10X_17_grch38:TTCGGTCTCACAGGCCx,MS,NAWM,MS122
MS122_NAWM__10X_17_grch38:TTCGGTCTCTGCAGTAx,MS,NAWM,MS122
MS122_NAWM__10X_17_grch38:TTCTACAAGGACGAAAx,MS,NAWM,MS122
MS122_NAWM__10X_17_grch38:TTCTCAAAGACTTGAAx,MS,NAWM,MS122
MS122_NAWM__10X_17_grch38:TTCTCAAAGTGACATAx,MS,NAWM,MS122
MS122_NAWM__10X_17_grch38:TTCTCAATCCGCTGTTx,MS,NAWM,MS122
MS122_NAWM__10X_17_grch38:TTCTCCTTCTACCTGCx,MS,NAWM,MS122
MS122_NAWM__10X_17_grch38:TTCTTAGGTTCAGTACx,MS,NAWM,MS122
MS122_NAWM__10X_17_grch38:TTGAACGTCTTTAGGGx,MS,NAWM,MS122
MS122_NAWM__10X_17_grch38:TTGCCGTTCCTGCAGGx,MS,NAWM,MS122
MS122_NAWM__10X_17_grch38:TTGCGTCCACTACAGTx,MS,NAWM,MS122
MS122_NAWM__10X_17_grch38:TTGGAACAGAAACCTAx,MS,NAWM,MS122
MS122_NAWM__10X_17_grch38:TTGGAACAGTACGCCCx,MS,NAWM,MS122
MS122_NAWM__10X_17_grch38:TTGGAACCATGTCGATx,MS,NAWM,MS122
MS122_NAWM__10X_17_grch38:TTGTAGGCACGGCCATx,MS,NAWM,MS122
MS122_NAWM__10X_17_grch38:TTGTAGGTCCTACAGAx,MS,NAWM,MS122
MS122_NAWM__10X_17_grch38:TTTACTGAGGAGTAGAx,MS,NAWM,MS122
MS122_NAWM__10X_17_grch38:TTTACTGGTAACGTTCx,MS,NAWM,MS122
MS122_NAWM__10X_17_grch38:TTTCCTCAGTGCCAGAx,MS,NAWM,MS122
MS122_NAWM__10X_17_grch38:TTTGCGCTCAGTGTTGx,MS,NAWM,MS122
MS122_NAWM__10X_17_grch38:TTTGGTTGTCACAAGGx,MS,NAWM,MS122
MS122_NAWM__10X_17_grch38:TTTGTCATCTGCTGCTx,MS,NAWM,MS122
MS122_CI__10X_17_grch38:AAACCTGTCGGAAACGx,MS,CI,MS122
MS122_CI__10X_17_grch38:AAACGGGTCTTACCGCx,MS,CI,MS122
MS122_CI__10X_17_grch38:AAAGATGCAACAACCTx,MS,CI,MS122
MS122_CI__10X_17_grch38:AAAGATGGTTAGAACAx,MS,CI,MS122
MS122_CI__10X_17_grch38:AAAGCAATCAGTTCGAx,MS,CI,MS122
MS122_CI__10X_17_grch38:AACTTTCTCCAAAGTCx,MS,CI,MS122
MS122_CI__10X_17_grch38:AAGGCAGAGCGCCTTGx,MS,CI,MS122
MS122_CI__10X_17_grch38:AATCCAGGTGTAAGTAx,MS,CI,MS122
MS122_CI__10X_17_grch38:ACACCAACAAGCCATTx,MS,CI,MS122
MS122_CI__10X_17_grch38:ACACCCTAGTTGCAGGx,MS,CI,MS122
MS122_CI__10X_17_grch38:ACAGCTATCTTCATGTx,MS,CI,MS122
MS122_CI__10X_17_grch38:ACATCAGAGTCATGCTx,MS,CI,MS122
MS122_CI__10X_17_grch38:ACCGTAATCTCAAACGx,MS,CI,MS122
MS122_CI__10X_17_grch38:ACGAGCCGTCACTGGCx,MS,CI,MS122
MS122_CI__10X_17_grch38:ACGCCAGGTCATGCCGx,MS,CI,MS122
MS122_CI__10X_17_grch38:ACGGCCAAGCTAAACAx,MS,CI,MS122
MS122_CI__10X_17_grch38:ACTGTCCTCCGGGTGTx,MS,CI,MS122
MS122_CI__10X_17_grch38:AGAGCGACATTACGACx,MS,CI,MS122
MS122_CI__10X_17_grch38:AGATCTGTCGTGGTCGx,MS,CI,MS122
MS122_CI__10X_17_grch38:AGCATACAGGTAGCTGx,MS,CI,MS122
MS122_CI__10X_17_grch38:AGGGAGTAGAGTCGGTx,MS,CI,MS122
MS122_CI__10X_17_grch38:AGGGAGTCATGAAGTAx,MS,CI,MS122
MS122_CI__10X_17_grch38:AGTCTTTTCCTTCAATx,MS,CI,MS122
MS122_CI__10X_17_grch38:ATCTACTCATAAGACAx,MS,CI,MS122
MS122_CI__10X_17_grch38:ATGAGGGGTCAAAGCGx,MS,CI,MS122
MS122_CI__10X_17_grch38:ATTACTCCAGACGCTCx,MS,CI,MS122
MS122_CI__10X_17_grch38:CAAGATCTCGGAATCTx,MS,CI,MS122
MS122_CI__10X_17_grch38:CACACCTGTTTAGCTGx,MS,CI,MS122
MS122_CI__10X_17_grch38:CACCAGGTCAGCTCTCx,MS,CI,MS122
MS122_CI__10X_17_grch38:CACTCCACATGCGCACx,MS,CI,MS122
MS122_CI__10X_17_grch38:CAGATCATCCTCTAGCx,MS,CI,MS122
MS122_CI__10X_17_grch38:CAGCCGACAACGCACCx,MS,CI,MS122
MS122_CI__10X_17_grch38:CAGCGACGTTAAAGACx,MS,CI,MS122
MS122_CI__10X_17_grch38:CCACCTATCAGGCGAAx,MS,CI,MS122
MS122_CI__10X_17_grch38:CCCAGTTCACTTACGAx,MS,CI,MS122
MS122_CI__10X_17_grch38:CGATGTAAGCGCCTCAx,MS,CI,MS122
MS122_CI__10X_17_grch38:CGCTATCGTTACTGACx,MS,CI,MS122
MS122_CI__10X_17_grch38:CGGAGCTTCCGCTGTTx,MS,CI,MS122
MS122_CI__10X_17_grch38:CGGAGTCCACGAAATAx,MS,CI,MS122
MS122_CI__10X_17_grch38:CGGCTAGGTCAATACCx,MS,CI,MS122
MS122_CI__10X_17_grch38:CGGTTAACACGACTCGx,MS,CI,MS122
MS122_CI__10X_17_grch38:CGTAGGCCAATGGTCTx,MS,CI,MS122
MS122_CI__10X_17_grch38:CGTCCATCACGGTAGAx,MS,CI,MS122
MS122_CI__10X_17_grch38:CGTTAGACAGGCAGTAx,MS,CI,MS122
MS122_CI__10X_17_grch38:CGTTGGGCAGCGATCCx,MS,CI,MS122
MS122_CI__10X_17_grch38:CTAGAGTGTCCAGTATx,MS,CI,MS122
MS122_CI__10X_17_grch38:CTAGTGACAGTGGAGTx,MS,CI,MS122
MS122_CI__10X_17_grch38:CTCACACTCGTACGGCx,MS,CI,MS122
MS122_CI__10X_17_grch38:CTCGGAGAGTCTTGCAx,MS,CI,MS122
MS122_CI__10X_17_grch38:CTCGGGAAGTTAACGAx,MS,CI,MS122
MS122_CI__10X_17_grch38:CTCTGGTAGCCACGCTx,MS,CI,MS122
MS122_CI__10X_17_grch38:CTCTGGTTCATGTCTTx,MS,CI,MS122
MS122_CI__10X_17_grch38:CTGAAACAGCATCATCx,MS,CI,MS122
MS122_CI__10X_17_grch38:CTGCGGATCAACACACx,MS,CI,MS122
MS122_CI__10X_17_grch38:GAAACTCGTTCACCTCx,MS,CI,MS122
MS122_CI__10X_17_grch38:GAAATGAGTGTCAATCx,MS,CI,MS122
MS122_CI__10X_17_grch38:GAACATCAGTACGCGAx,MS,CI,MS122
MS122_CI__10X_17_grch38:GAATGAAGTACCGGCTx,MS,CI,MS122
MS122_CI__10X_17_grch38:GACTACACAAAGTCAAx,MS,CI,MS122
MS122_CI__10X_17_grch38:GATCGTACAATACGCTx,MS,CI,MS122
MS122_CI__10X_17_grch38:GCAGCCAAGCCAGGATx,MS,CI,MS122
MS122_CI__10X_17_grch38:GGAAAGCTCTCTGCTGx,MS,CI,MS122
MS122_CI__10X_17_grch38:GGACAAGAGCCTTGATx,MS,CI,MS122
MS122_CI__10X_17_grch38:GGACAGAGTATGAAACx,MS,CI,MS122
MS122_CI__10X_17_grch38:GGCTCGAGTTATGTGCx,MS,CI,MS122
MS122_CI__10X_17_grch38:GGGAATGGTCCGTGACx,MS,CI,MS122
MS122_CI__10X_17_grch38:GGTGAAGAGTGGGCTAx,MS,CI,MS122
MS122_CI__10X_17_grch38:GTACTCCAGCTCCTCTx,MS,CI,MS122
MS122_CI__10X_17_grch38:GTATCTTAGCGATGACx,MS,CI,MS122
MS122_CI__10X_17_grch38:GTTACAGAGGATGGTCx,MS,CI,MS122
MS122_CI__10X_17_grch38:TAAACCGAGTGTACTCx,MS,CI,MS122
MS122_CI__10X_17_grch38:TACGGATCACCACGTGx,MS,CI,MS122
MS122_CI__10X_17_grch38:TACGGTATCGGAGGTAx,MS,CI,MS122
MS122_CI__10X_17_grch38:TAGCCGGAGGTCGGATx,MS,CI,MS122
MS122_CI__10X_17_grch38:TAGCCGGGTCGAATCTx,MS,CI,MS122
MS122_CI__10X_17_grch38:TAGTTGGGTGTGCGTCx,MS,CI,MS122
MS122_CI__10X_17_grch38:TATGCCCTCGTTTGCCx,MS,CI,MS122
MS122_CI__10X_17_grch38:TCACGAAAGTTGAGATx,MS,CI,MS122
MS122_CI__10X_17_grch38:TCAGCTCAGTGGTCCCx,MS,CI,MS122
MS122_CI__10X_17_grch38:TCCACACCACGGTGTCx,MS,CI,MS122
MS122_CI__10X_17_grch38:TCGGTAACAACTGCTAx,MS,CI,MS122
MS122_CI__10X_17_grch38:TCTTCGGCAGACAAATx,MS,CI,MS122
MS122_CI__10X_17_grch38:TGAAAGACAGATCCATx,MS,CI,MS122
MS122_CI__10X_17_grch38:TGACAACCACAAGTAAx,MS,CI,MS122
MS122_CI__10X_17_grch38:TGACGGCCACTTAAGCx,MS,CI,MS122
MS122_CI__10X_17_grch38:TGAGAGGAGAGCCTAGx,MS,CI,MS122
MS122_CI__10X_17_grch38:TGATTTCGTCGCTTCTx,MS,CI,MS122
MS122_CI__10X_17_grch38:TGCACCTAGAAGGACAx,MS,CI,MS122
MS122_CI__10X_17_grch38:TGCACCTCACCTGGTGx,MS,CI,MS122
MS122_CI__10X_17_grch38:TGCCCATCACTAAGTCx,MS,CI,MS122
MS122_CI__10X_17_grch38:TGCGGGTGTAGTGAATx,MS,CI,MS122
MS122_CI__10X_17_grch38:TGCTGCTGTGTTTGTGx,MS,CI,MS122
MS122_CI__10X_17_grch38:TGGGCGTAGCAGATCGx,MS,CI,MS122
MS122_CI__10X_17_grch38:TGGTTAGCAAGGCTCCx,MS,CI,MS122
MS122_CI__10X_17_grch38:TGTGGTAGTACGAAATx,MS,CI,MS122
MS122_CI__10X_17_grch38:TGTGTTTTCTTGAGACx,MS,CI,MS122
MS122_CI__10X_17_grch38:TTAACTCCAATCTACGx,MS,CI,MS122
MS122_CI__10X_17_grch38:TTATGCTCAGTCAGCCx,MS,CI,MS122
MS122_CI__10X_17_grch38:TTCTACAGTCAAACTCx,MS,CI,MS122
MS122_CI__10X_17_grch38:TTCTCAACATAACCTGx,MS,CI,MS122
MS122_CI__10X_17_grch38:TTGACTTCATCTCCCAx,MS,CI,MS122
MS122_CI__10X_17_grch38:TTGCCGTCACTAAGTCx,MS,CI,MS122
MS122_CI__10X_17_grch38:TTTATGCCACATAACCx,MS,CI,MS122
MS122_CI__10X_17_grch38:TTTATGCCATTGTGCAx,MS,CI,MS122
MS122_A__10X_17_grch38:AACCATGCACGACTCGx,MS,A,MS122
MS122_A__10X_17_grch38:AAGGCAGTCCCGACTTx,MS,A,MS122
MS122_A__10X_17_grch38:ACACTGAAGCTAACTCx,MS,A,MS122
MS122_A__10X_17_grch38:ACAGCTAGTACTCAACx,MS,A,MS122
MS122_A__10X_17_grch38:ACCAGTATCTCTTGATx,MS,A,MS122
MS122_A__10X_17_grch38:ACGCCAGGTAGCGTAGx,MS,A,MS122
MS122_A__10X_17_grch38:ACTTGTTCAAACCTACx,MS,A,MS122
MS122_A__10X_17_grch38:AGAGCGATCGCTAGCGx,MS,A,MS122
MS122_A__10X_17_grch38:AGCGTATTCGAGAACGx,MS,A,MS122
MS122_A__10X_17_grch38:AGCTCCTAGTAACCCTx,MS,A,MS122
MS122_A__10X_17_grch38:AGTGAGGTCGGAAATAx,MS,A,MS122
MS122_A__10X_17_grch38:AGTGTCATCAGAGCTTx,MS,A,MS122
MS122_A__10X_17_grch38:AGTTGGTGTGTGGTTTx,MS,A,MS122
MS122_A__10X_17_grch38:ATCTGCCAGTCGTACTx,MS,A,MS122
MS122_A__10X_17_grch38:ATGCGATTCGATAGAAx,MS,A,MS122
MS122_A__10X_17_grch38:ATGGGAGCACCAACCGx,MS,A,MS122
MS122_A__10X_17_grch38:ATTATCCCATTCTTACx,MS,A,MS122
MS122_A__10X_17_grch38:CAAGGCCCACGGTAGAx,MS,A,MS122
MS122_A__10X_17_grch38:CACACCTAGAAGCCCAx,MS,A,MS122
MS122_A__10X_17_grch38:CACACCTAGGATTCGGx,MS,A,MS122
MS122_A__10X_17_grch38:CACTCCAAGGGCATGTx,MS,A,MS122
MS122_A__10X_17_grch38:CAGTAACCACCGCTAGx,MS,A,MS122
MS122_A__10X_17_grch38:CAGTAACTCAGGTAAAx,MS,A,MS122
MS122_A__10X_17_grch38:CAGTCCTAGTGTCCCGx,MS,A,MS122
MS122_A__10X_17_grch38:CATATGGAGCTCCTTCx,MS,A,MS122
MS122_A__10X_17_grch38:CATATGGCAACAACCTx,MS,A,MS122
MS122_A__10X_17_grch38:CATGACAAGCAATCTCx,MS,A,MS122
MS122_A__10X_17_grch38:CATTATCTCCGCATAAx,MS,A,MS122
MS122_A__10X_17_grch38:CCACGGAAGTAGGCCAx,MS,A,MS122
MS122_A__10X_17_grch38:CCCATACCAGCTGTTAx,MS,A,MS122
MS122_A__10X_17_grch38:CCGGGATTCGTTTAGGx,MS,A,MS122
MS122_A__10X_17_grch38:CCGGTAGGTCTGCGGTx,MS,A,MS122
MS122_A__10X_17_grch38:CCGTACTTCAGTACGTx,MS,A,MS122
MS122_A__10X_17_grch38:CCGTGGATCTCACATTx,MS,A,MS122
MS122_A__10X_17_grch38:CCGTTCAAGGACATTAx,MS,A,MS122
MS122_A__10X_17_grch38:CCTACCATCAGCAACTx,MS,A,MS122
MS122_A__10X_17_grch38:CCTTCCCTCTGCTTGCx,MS,A,MS122
MS122_A__10X_17_grch38:CCTTCGACAACGCACCx,MS,A,MS122
MS122_A__10X_17_grch38:CCTTCGATCACGAAGGx,MS,A,MS122
MS122_A__10X_17_grch38:CGAACATGTAGCTAAAx,MS,A,MS122
MS122_A__10X_17_grch38:CGACCTTAGTATCGAAx,MS,A,MS122
MS122_A__10X_17_grch38:CGATGTAAGTGGAGTCx,MS,A,MS122
MS122_A__10X_17_grch38:CGCCAAGGTTATGTGCx,MS,A,MS122
MS122_A__10X_17_grch38:CGCTGGAGTCGTCTTCx,MS,A,MS122
MS122_A__10X_17_grch38:CGCTTCACAGAGTGTGx,MS,A,MS122
MS122_A__10X_17_grch38:CGCTTCACAGTATCTGx,MS,A,MS122
MS122_A__10X_17_grch38:CGGCTAGCACATGGGAx,MS,A,MS122
MS122_A__10X_17_grch38:CGGGTCATCATTATCCx,MS,A,MS122
MS122_A__10X_17_grch38:CGGGTCATCTTTAGTCx,MS,A,MS122
MS122_A__10X_17_grch38:CGTCAGGAGTGAACGCx,MS,A,MS122
MS122_A__10X_17_grch38:CGTGTAAAGTGGAGTCx,MS,A,MS122
MS122_A__10X_17_grch38:CGTGTAAGTCACCTAAx,MS,A,MS122
MS122_A__10X_17_grch38:CGTGTAATCCTAGGGCx,MS,A,MS122
MS122_A__10X_17_grch38:CGTTCTGGTCCGAGTCx,MS,A,MS122
MS122_A__10X_17_grch38:CTAGCCTCAATGCCATx,MS,A,MS122
MS122_A__10X_17_grch38:CTTACCGTCCTCGCATx,MS,A,MS122
MS122_A__10X_17_grch38:GAATAAGCACATGTGTx,MS,A,MS122
MS122_A__10X_17_grch38:GACTACAGTGTTAAGAx,MS,A,MS122
MS122_A__10X_17_grch38:GAGTCCGTCACCAGGCx,MS,A,MS122
MS122_A__10X_17_grch38:GATCGCGAGAGTCTGGx,MS,A,MS122
MS122_A__10X_17_grch38:GATGAAAAGAGAGCTCx,MS,A,MS122
MS122_A__10X_17_grch38:GATTCAGAGATATGGTx,MS,A,MS122
MS122_A__10X_17_grch38:GCAGCCAGTTCACCTCx,MS,A,MS122
MS122_A__10X_17_grch38:GCATGATAGAAGGACAx,MS,A,MS122
MS122_A__10X_17_grch38:GCGCCAACAGACAAATx,MS,A,MS122
MS122_A__10X_17_grch38:GCGCGATAGCAATCTCx,MS,A,MS122
MS122_A__10X_17_grch38:GCTCTGTCAGGCGATAx,MS,A,MS122
MS122_A__10X_17_grch38:GCTGCGATCCTCCTAGx,MS,A,MS122
MS122_A__10X_17_grch38:GGAACTTTCACAGTACx,MS,A,MS122
MS122_A__10X_17_grch38:GGACGTCTCATGCATGx,MS,A,MS122
MS122_A__10X_17_grch38:GGAGCAAGTAGCGTGAx,MS,A,MS122
MS122_A__10X_17_grch38:GGCAATTGTAGCTAAAx,MS,A,MS122
MS122_A__10X_17_grch38:GGCAATTGTCTCATCCx,MS,A,MS122
MS122_A__10X_17_grch38:GGCAATTGTGTTTGTGx,MS,A,MS122
MS122_A__10X_17_grch38:GGCGTGTGTAATAGCAx,MS,A,MS122
MS122_A__10X_17_grch38:GGCTGGTGTTATCACGx,MS,A,MS122
MS122_A__10X_17_grch38:GGGCACTAGTTCCACAx,MS,A,MS122
MS122_A__10X_17_grch38:GTACTCCAGTTGCAGGx,MS,A,MS122
MS122_A__10X_17_grch38:GTCAAGTGTACAAGTAx,MS,A,MS122
MS122_A__10X_17_grch38:GTCGTAAAGACGCAACx,MS,A,MS122
MS122_A__10X_17_grch38:GTGAAGGGTCGGATCCx,MS,A,MS122
MS122_A__10X_17_grch38:GTGCAGCTCGACAGCCx,MS,A,MS122
MS122_A__10X_17_grch38:GTGCATAAGTCTCGGCx,MS,A,MS122
MS122_A__10X_17_grch38:TACACGACAATCTACGx,MS,A,MS122
MS122_A__10X_17_grch38:TACGGATGTACCTACAx,MS,A,MS122
MS122_A__10X_17_grch38:TACGGGCTCAACACCAx,MS,A,MS122
MS122_A__10X_17_grch38:TACGGGCTCCTCGCATx,MS,A,MS122
MS122_A__10X_17_grch38:TACGGTATCTTGTTTGx,MS,A,MS122
MS122_A__10X_17_grch38:TATGCCCGTGGTCCGTx,MS,A,MS122
MS122_A__10X_17_grch38:TATTACCCAAGGTGTGx,MS,A,MS122
MS122_A__10X_17_grch38:TCAACGAGTACTTGACx,MS,A,MS122
MS122_A__10X_17_grch38:TCACAAGTCTCAAACGx,MS,A,MS122
MS122_A__10X_17_grch38:TCACGAATCACTGGGCx,MS,A,MS122
MS122_A__10X_17_grch38:TCCACACTCGCAGGCTx,MS,A,MS122
MS122_A__10X_17_grch38:TCCCGATAGTCTCAACx,MS,A,MS122
MS122_A__10X_17_grch38:TCGAGGCGTTCCGGCAx,MS,A,MS122
MS122_A__10X_17_grch38:TCGAGGCTCACAATGCx,MS,A,MS122
MS122_A__10X_17_grch38:TCTCATAAGGCCCGTTx,MS,A,MS122
MS122_A__10X_17_grch38:TCTGAGAAGCGAGAAAx,MS,A,MS122
MS122_A__10X_17_grch38:TCTTTCCGTCGAACAGx,MS,A,MS122
MS122_A__10X_17_grch38:TGCACCTCATGAGCGAx,MS,A,MS122
MS122_A__10X_17_grch38:TGGCCAGCATTACGACx,MS,A,MS122
MS122_A__10X_17_grch38:TGGCGCAAGTAGCCGAx,MS,A,MS122
MS122_A__10X_17_grch38:TGGCTGGAGCTGCGAAx,MS,A,MS122
MS122_A__10X_17_grch38:TGGTTAGCACACCGACx,MS,A,MS122
MS122_A__10X_17_grch38:TTCGAAGGTCGTTGTAx,MS,A,MS122
MS122_A__10X_17_grch38:TTCTCCTTCTTCGGTCx,MS,A,MS122
MS122_A__10X_17_grch38:TTGAACGCAATCAGAAx,MS,A,MS122
MS122_A__10X_17_grch38:TTGACTTTCCCATTATx,MS,A,MS122
MS122_A__10X_17_grch38:TTGGCAACATCCCACTx,MS,A,MS122
MS122_A__10X_17_grch38:TTGTAGGAGACTTGAAx,MS,A,MS122
MS122_A__10X_17_grch38:TTGTAGGTCCACGTTCx,MS,A,MS122
MS122_A__10X_17_grch38:TTTGCGCAGCCACTATx,MS,A,MS122
MS121_NAWM__10X_17_grch38:CCTTACGAGACTTTCGx,MS,NAWM,MS121
MS121_A3__10X_17_grch38:AGCTTGAAGTCCTCCTx,MS,A,MS121
MS121_A3__10X_17_grch38:GCACATACATGGATGGx,MS,A,MS121
MS121_A3__10X_17_grch38:GTCGTAATCAGTTGACx,MS,A,MS121
MS121_A3__10X_17_grch38:TACCTATAGGCGATACx,MS,A,MS121
MS121_A2__10X_17_grch38:ACATCAGCACTCGACGx,MS,A,MS121
MS121_A2__10X_17_grch38:CATCCACTCACCACCTx,MS,A,MS121
MS121_A2__10X_17_grch38:CCTCAGTTCATCATTCx,MS,A,MS121
MS121_A2__10X_17_grch38:TCTGAGAAGTGTTGAAx,MS,A,MS121
MS121_A2__10X_17_grch38:TGGCGCAGTTCAGCGCx,MS,A,MS121
MS121_CA__10X_17_grch38:AAATGCCGTGATGTGGx,MS,CA,MS121
MS121_CA__10X_17_grch38:ATGGGAGTCTGTACGAx,MS,CA,MS121
MS121_CA__10X_17_grch38:CCCAGTTTCTTGTATCx,MS,CA,MS121
MS121_CA__10X_17_grch38:GCGCCAAAGGACTGGTx,MS,CA,MS121
MS121_CA__10X_17_grch38:GGGCATCAGGAGCGAGx,MS,CA,MS121
MS121_CA__10X_17_grch38:TACCTATAGATGTGTAx,MS,CA,MS121
MS121_CA__10X_17_grch38:TTTGTCATCGTCTGCTx,MS,CA,MS121
CO28__10X_17_grch38:CTAAGACGTCTGGAGAx,normal,Ctrl,CO28
CO25__10X_17_grch38:CATGCCTGTTGATTGCx,normal,Ctrl,CO25
CO25__10X_17_grch38:GTAGGCCCATCACCCTx,normal,Ctrl,CO25
CO39__10X_17_grch38:AGCCTAACATGTCCTCx,normal,Ctrl,CO39
CO39__10X_17_grch38:GTATCTTAGGACTGGTx,normal,Ctrl,CO39
CO39__10X_17_grch38:GTTCTCGGTTTAGGAAx,normal,Ctrl,CO39
SD48/16__10X_17_grch38:ACACCAACAAATTGCCx,normal,Ctrl,SD48/16
SD48/16__10X_17_grch38:TCGGGACAGCTGCGAAx,normal,Ctrl,SD48/16
MS122_NAWM__10X_17_grch38:ACGCCGATCAACCAACx,MS,NAWM,MS122
MS122_NAWM__10X_17_grch38:CTCGGAGCAGTTTACGx,MS,NAWM,MS122
MS122_NAWM__10X_17_grch38:TCGTACCAGTGGTAGCx,MS,NAWM,MS122
MS122_NAWM__10X_17_grch38:TGACAACGTCAAGCGAx,MS,NAWM,MS122
MS122_NAWM__10X_17_grch38:TGACTAGCACGCATCGx,MS,NAWM,MS122
MS122_A__10X_17_grch38:TCCACACTCCTGCTTGx,MS,A,MS122
MS122_A__10X_17_grch38:TGCCCTATCTTGTACTx,MS,A,MS122
CO28__10X_17_grch38:ACTGTCCGTACTTCTTx,normal,Ctrl,CO28
CO25__10X_17_grch38:ACAGCTAAGTGAAGAGx,normal,Ctrl,CO25
CO25__10X_17_grch38:CGCCAAGAGGCGCTCTx,normal,Ctrl,CO25
CO25__10X_17_grch38:GATGAAACAGGAATCGx,normal,Ctrl,CO25
CO25__10X_17_grch38:GTTCGGGGTCGGCACTx,normal,Ctrl,CO25
CO25__10X_17_grch38:TCTTCGGAGTTCCACAx,normal,Ctrl,CO25
CO25__10X_17_grch38:TTTGGTTAGTCCAGGAx,normal,Ctrl,CO25
MS176_NAWM__10X_17_grch38:CCAGCGAGTTATTCTCx,MS,NAWM,MS176
MS176_NAWM__10X_17_grch38:CTCGGGAAGTCCATACx,MS,NAWM,MS176
MS176_NAWM__10X_17_grch38:GAATAAGCACATCCAAx,MS,NAWM,MS176
MS176_NAWM__10X_17_grch38:GCGCAACCAGTTCATGx,MS,NAWM,MS176
MS176_NAWM__10X_17_grch38:GGGAATGTCAGTCCCTx,MS,NAWM,MS176
MS176_NAWM__10X_17_grch38:TACGGATAGAATGTTGx,MS,NAWM,MS176
CO39__10X_17_grch38:AATCGGTTCACAACGTx,normal,Ctrl,CO39
CO39__10X_17_grch38:ACATACGCATAGTAAGx,normal,Ctrl,CO39
CO39__10X_17_grch38:ACGGGTCCATTCCTCGx,normal,Ctrl,CO39
CO39__10X_17_grch38:AGCTCCTTCGTCTGAAx,normal,Ctrl,CO39
CO39__10X_17_grch38:ATCATCTCAAGCCTATx,normal,Ctrl,CO39
CO39__10X_17_grch38:CGAATGTTCCTTGGTCx,normal,Ctrl,CO39
CO39__10X_17_grch38:CGCTGGACAATCGGTTx,normal,Ctrl,CO39
CO39__10X_17_grch38:CTACACCAGGCGTACAx,normal,Ctrl,CO39
CO39__10X_17_grch38:GAACATCCATTCTCATx,normal,Ctrl,CO39
CO39__10X_17_grch38:TACTTGTTCAACACCAx,normal,Ctrl,CO39
CO39__10X_17_grch38:TAGCCGGTCTTTCCTCx,normal,Ctrl,CO39
CO39__10X_17_grch38:TGCTGCTTCTTCAACTx,normal,Ctrl,CO39
CO39__10X_17_grch38:TTAGGCAAGCATGGCAx,normal,Ctrl,CO39
CO39__10X_17_grch38:TTTGCGCGTGCGATAGx,normal,Ctrl,CO39
CO14__10X_17_grch38:AGATTGCCACTTACGAx,normal,Ctrl,CO14
CO14__10X_17_grch38:CGGACGTGTTTGTGTGx,normal,Ctrl,CO14
CO14__10X_17_grch38:GTCTCGTGTCTCCACTx,normal,Ctrl,CO14
MS122_NAWM__10X_17_grch38:AAGGAGCCAATGGAATx,MS,NAWM,MS122
MS122_NAWM__10X_17_grch38:ACACTGATCACGCATAx,MS,NAWM,MS122
MS122_NAWM__10X_17_grch38:ACGGCCATCTTGCAAGx,MS,NAWM,MS122
MS122_NAWM__10X_17_grch38:ACTATCTAGAGAGCTCx,MS,NAWM,MS122
MS122_NAWM__10X_17_grch38:ACTGAACTCAACGCTAx,MS,NAWM,MS122
MS122_NAWM__10X_17_grch38:AGCATACAGCCCTAATx,MS,NAWM,MS122
MS122_NAWM__10X_17_grch38:AGGTCATGTGAGGGAGx,MS,NAWM,MS122
MS122_NAWM__10X_17_grch38:AGTAGTCCATGGGAACx,MS,NAWM,MS122
MS122_NAWM__10X_17_grch38:AGTCTTTAGGTGCAACx,MS,NAWM,MS122
MS122_NAWM__10X_17_grch38:AGTCTTTTCAAAGTAGx,MS,NAWM,MS122
MS122_NAWM__10X_17_grch38:ATGGGAGTCCGTAGTAx,MS,NAWM,MS122
MS122_NAWM__10X_17_grch38:CACACAAGTACCATCAx,MS,NAWM,MS122
MS122_NAWM__10X_17_grch38:CAGATCAGTAGAAAGGx,MS,NAWM,MS122
MS122_NAWM__10X_17_grch38:CCCAATCCATGTAGTCx,MS,NAWM,MS122
MS122_NAWM__10X_17_grch38:CCTACCAAGGACGAAAx,MS,NAWM,MS122
MS122_NAWM__10X_17_grch38:CCTACCAGTGCAGTAGx,MS,NAWM,MS122
MS122_NAWM__10X_17_grch38:CGAATGTAGCTCCTTCx,MS,NAWM,MS122
MS122_NAWM__10X_17_grch38:CGAGCCATCCAAACTGx,MS,NAWM,MS122
MS122_NAWM__10X_17_grch38:CGTAGGCGTTCGAATCx,MS,NAWM,MS122
MS122_NAWM__10X_17_grch38:CGTCTACGTCTTTCATx,MS,NAWM,MS122
MS122_NAWM__10X_17_grch38:CGTCTACTCGACCAGCx,MS,NAWM,MS122
MS122_NAWM__10X_17_grch38:CTACATTCACATCTTTx,MS,NAWM,MS122
MS122_NAWM__10X_17_grch38:CTCCTAGAGAAGAAGCx,MS,NAWM,MS122
MS122_NAWM__10X_17_grch38:CTCGTACAGTCTTGCAx,MS,NAWM,MS122
MS122_NAWM__10X_17_grch38:GAACGGACACCAGATTx,MS,NAWM,MS122
MS122_NAWM__10X_17_grch38:GAACGGATCGCTTGTCx,MS,NAWM,MS122
MS122_NAWM__10X_17_grch38:GATGAGGTCTTCTGGCx,MS,NAWM,MS122
MS122_NAWM__10X_17_grch38:GCAAACTCATTCGACAx,MS,NAWM,MS122
MS122_NAWM__10X_17_grch38:GCCAAATTCACCCGAGx,MS,NAWM,MS122
MS122_NAWM__10X_17_grch38:GCCTCTAGTCTCTCGTx,MS,NAWM,MS122
MS122_NAWM__10X_17_grch38:GCGCCAAGTCGAATCTx,MS,NAWM,MS122
MS122_NAWM__10X_17_grch38:GCTGGGTGTTCCCGAGx,MS,NAWM,MS122
MS122_NAWM__10X_17_grch38:GCTTCCACAATCCGATx,MS,NAWM,MS122
MS122_NAWM__10X_17_grch38:GCTTCCACAGCTTAACx,MS,NAWM,MS122
MS122_NAWM__10X_17_grch38:GGAACTTCATGGTCTAx,MS,NAWM,MS122
MS122_NAWM__10X_17_grch38:GGCTGGTGTTCGTTGAx,MS,NAWM,MS122
MS122_NAWM__10X_17_grch38:GGGAATGCAGCGTAAGx,MS,NAWM,MS122
MS122_NAWM__10X_17_grch38:GGGTCTGAGACACGACx,MS,NAWM,MS122
MS122_NAWM__10X_17_grch38:GGGTCTGGTCAAAGATx,MS,NAWM,MS122
MS122_NAWM__10X_17_grch38:GGTGTTACATTCCTCGx,MS,NAWM,MS122
MS122_NAWM__10X_17_grch38:GTGAAGGCAAGGTTTCx,MS,NAWM,MS122
MS122_NAWM__10X_17_grch38:TAAGAGAAGGCATTGGx,MS,NAWM,MS122
MS122_NAWM__10X_17_grch38:TACACGATCACGAAGGx,MS,NAWM,MS122
MS122_NAWM__10X_17_grch38:TAGCCGGCACACATGTx,MS,NAWM,MS122
MS122_NAWM__10X_17_grch38:TAGGCATAGACACGACx,MS,NAWM,MS122
MS122_NAWM__10X_17_grch38:TATGCCCGTCTGCCAGx,MS,NAWM,MS122
MS122_NAWM__10X_17_grch38:TCGAGGCTCCCGGATGx,MS,NAWM,MS122
MS122_NAWM__10X_17_grch38:TGAGCATAGAAACCTAx,MS,NAWM,MS122
MS122_NAWM__10X_17_grch38:TGCTACCAGGTGGGTTx,MS,NAWM,MS122
MS122_NAWM__10X_17_grch38:TGCTACCTCTTACCGCx,MS,NAWM,MS122
MS122_NAWM__10X_17_grch38:TTCTACAGTTCTGTTTx,MS,NAWM,MS122
MS122_NAWM__10X_17_grch38:TTGGAACTCCTAGGGCx,MS,NAWM,MS122
MS122_CI__10X_17_grch38:AACTCAGTCCACGAATx,MS,CI,MS122
MS122_CI__10X_17_grch38:ACATCAGAGCGTAATAx,MS,CI,MS122
MS122_CI__10X_17_grch38:ACGCAGCGTACTCAACx,MS,CI,MS122
MS122_CI__10X_17_grch38:AGGGAGTAGCGCCTTGx,MS,CI,MS122
MS122_CI__10X_17_grch38:AGTCTTTGTATCTGCAx,MS,CI,MS122
MS122_CI__10X_17_grch38:ATCTACTGTCGGATCCx,MS,CI,MS122
MS122_CI__10X_17_grch38:ATTACTCAGCGTCAAGx,MS,CI,MS122
MS122_CI__10X_17_grch38:ATTGGTGCAAACTGTCx,MS,CI,MS122
MS122_CI__10X_17_grch38:CACAGGCTCTGCCCTAx,MS,CI,MS122
MS122_CI__10X_17_grch38:CCTACCAGTAGGACACx,MS,CI,MS122
MS122_CI__10X_17_grch38:CCTCTGACATATACGCx,MS,CI,MS122
MS122_CI__10X_17_grch38:CCTCTGATCACCTCGTx,MS,CI,MS122
MS122_CI__10X_17_grch38:CTGATCCTCACCGGGTx,MS,CI,MS122
MS122_CI__10X_17_grch38:GAAACTCCATCCGGGTx,MS,CI,MS122
MS122_CI__10X_17_grch38:GACGTTATCATAAAGGx,MS,CI,MS122
MS122_CI__10X_17_grch38:GAGTCCGCAATCACACx,MS,CI,MS122
MS122_CI__10X_17_grch38:GCGGGTTCAAACCTACx,MS,CI,MS122
MS122_CI__10X_17_grch38:GTGCGGTGTGGACGATx,MS,CI,MS122
MS122_CI__10X_17_grch38:TACGGGCTCCTGCTTGx,MS,CI,MS122
MS122_CI__10X_17_grch38:TATTACCTCCCTAATTx,MS,CI,MS122
MS122_CI__10X_17_grch38:TCACAAGGTACCGAGAx,MS,CI,MS122
MS122_CI__10X_17_grch38:TGTCCCAAGCCCTAATx,MS,CI,MS122
MS122_CI__10X_17_grch38:TGTTCCGTCTTGTATCx,MS,CI,MS122
MS122_CI__10X_17_grch38:TTATGCTCAGTCACTAx,MS,CI,MS122
MS122_CI__10X_17_grch38:TTCTCCTGTAGCGTGAx,MS,CI,MS122
MS122_CI__10X_17_grch38:TTCTCCTGTGGCTCCAx,MS,CI,MS122
MS122_CI__10X_17_grch38:TTGTAGGAGGCCCGTTx,MS,CI,MS122
MS122_A__10X_17_grch38:AACTCTTCAATCTGCAx,MS,A,MS122
MS122_A__10X_17_grch38:ACCTTTAAGTACGCCCx,MS,A,MS122
MS122_A__10X_17_grch38:ATTGGACAGAAACGAGx,MS,A,MS122
MS122_A__10X_17_grch38:ATTGGACAGACTTGAAx,MS,A,MS122
MS122_A__10X_17_grch38:ATTGGTGAGGAGTTTAx,MS,A,MS122
MS122_A__10X_17_grch38:CAACCTCCATGGAATAx,MS,A,MS122
MS122_A__10X_17_grch38:CGATTGAAGCACACAGx,MS,A,MS122
MS122_A__10X_17_grch38:CGGTTAACACGGTAGAx,MS,A,MS122
MS122_A__10X_17_grch38:CGTCCATTCCTGCTTGx,MS,A,MS122
MS122_A__10X_17_grch38:CTCCTAGGTCCCTTGTx,MS,A,MS122
MS122_A__10X_17_grch38:CTGAAACAGAAGGCCTx,MS,A,MS122
MS122_A__10X_17_grch38:CTGATCCCAAGAGTCGx,MS,A,MS122
MS122_A__10X_17_grch38:CTGCCTAAGTCTCGGCx,MS,A,MS122
MS122_A__10X_17_grch38:CTGTGCTTCGGCGGTTx,MS,A,MS122
MS122_A__10X_17_grch38:CTTTGCGTCTTACCGCx,MS,A,MS122
MS122_A__10X_17_grch38:GGATTACCACATAACCx,MS,A,MS122
MS122_A__10X_17_grch38:GTACTCCGTTCCACGGx,MS,A,MS122
MS122_A__10X_17_grch38:GTATTCTGTAGCCTCGx,MS,A,MS122
MS122_A__10X_17_grch38:TAAGAGATCACAGGCCx,MS,A,MS122
MS122_A__10X_17_grch38:TACTTACCATGCTAGTx,MS,A,MS122
MS122_A__10X_17_grch38:TAGGCATAGCGTCAAGx,MS,A,MS122
MS122_A__10X_17_grch38:TGACGGCAGTACGTAAx,MS,A,MS122
MS122_A__10X_17_grch38:TGGGAAGTCTGTCTATx,MS,A,MS122
MS122_A__10X_17_grch38:TGTATTCAGTTCGATCx,MS,A,MS122
MS122_A__10X_17_grch38:TTCCCAGAGGAGTCTGx,MS,A,MS122
MS122_A__10X_17_grch38:TTGTAGGTCCGAAGAGx,MS,A,MS122
MS121_NAWM__10X_17_grch38:CGCTATCCAATTCCTTx,MS,NAWM,MS121
MS121_A3__10X_17_grch38:ATCATGGCACGAAACGx,MS,A,MS121
MS176_NAWM__10X_17_grch38:ACCGTAATCTCCTATAx,MS,NAWM,MS176
MS176_NAWM__10X_17_grch38:CACCACTGTGGTACAGx,MS,NAWM,MS176
MS176_NAWM__10X_17_grch38:CGGAGTCAGCTCAACTx,MS,NAWM,MS176
MS176_RM__10X_17_grch38:CGCTGGACAATCTGCAx,MS,RM,MS176
MS176_CI__10X_17_056_roche_grch38_4:TGGTTCCTCCATTCTAx,MS,CI,MS176
MS176_CA__10X_17_grch38:CTACCCATCCTGCAGGx,MS,CA,MS176
MS242_CA5__10X_17_grch38:CTGCTGTAGGCATGGTx,MS,CA,MS242
SD48/16__10X_17_grch38:TCGCGTTTCATGTAGCx,normal,Ctrl,SD48/16
MS122_NAWM__10X_17_grch38:ACCAGTACAAGCCGTCx,MS,NAWM,MS122
MS122_NAWM__10X_17_grch38:CGTCTACTCAGTTGACx,MS,NAWM,MS122
MS122_NAWM__10X_17_grch38:CTGAAACCAGTAACGGx,MS,NAWM,MS122
MS122_NAWM__10X_17_grch38:CTGAAGTGTGATGCCCx,MS,NAWM,MS122
MS122_NAWM__10X_17_grch38:CTTTGCGAGACGCACAx,MS,NAWM,MS122
MS122_NAWM__10X_17_grch38:GGGACCTGTCTAGTGTx,MS,NAWM,MS122
MS122_NAWM__10X_17_grch38:GTCTCGTAGACTACAAx,MS,NAWM,MS122
MS122_CI__10X_17_grch38:TCATTTGCATTAACCGx,MS,CI,MS122
MS122_A__10X_17_grch38:AACCATGGTCTAACGTx,MS,A,MS122
MS122_A__10X_17_grch38:CAGCATAGTGCAGGTAx,MS,A,MS122
MS121_NAWM__10X_17_grch38:GTTCGGGCATCCGCGAx,MS,NAWM,MS121
CO28__10X_17_grch38:ATCATGGAGGACCACAx,normal,Ctrl,CO28
CO28__10X_17_grch38:CACATTTGTCAGCTATx,normal,Ctrl,CO28
CO28__10X_17_grch38:CGACCTTCAGATCGGAx,normal,Ctrl,CO28
CO28__10X_17_grch38:CGCGTTTGTATGCTTGx,normal,Ctrl,CO28
CO28__10X_17_grch38:CTAAGACGTCCAAGTTx,normal,Ctrl,CO28
CO28__10X_17_grch38:CTACATTAGTGCTGCCx,normal,Ctrl,CO28
CO28__10X_17_grch38:GACTACACAAGCTGTTx,normal,Ctrl,CO28
CO28__10X_17_grch38:GGACGTCTCGACCAGCx,normal,Ctrl,CO28
CO25__10X_17_grch38:AAACGGGGTCTTGTCCx,normal,Ctrl,CO25
CO25__10X_17_grch38:AAAGATGCAGGACCCTx,normal,Ctrl,CO25
CO25__10X_17_grch38:AAATGCCAGATCACGGx,normal,Ctrl,CO25
CO25__10X_17_grch38:AAGGCAGTCGAGGTAGx,normal,Ctrl,CO25
CO25__10X_17_grch38:ACAGCCGGTCTGGTCGx,normal,Ctrl,CO25
CO25__10X_17_grch38:ACCAGTAAGGTGATTAx,normal,Ctrl,CO25
CO25__10X_17_grch38:ACGCAGCAGTGTCCATx,normal,Ctrl,CO25
CO25__10X_17_grch38:ACTATCTTCTCAACTTx,normal,Ctrl,CO25
CO25__10X_17_grch38:ACTGAGTGTGGTTTCAx,normal,Ctrl,CO25
CO25__10X_17_grch38:AGATCTGCATGGGAACx,normal,Ctrl,CO25
CO25__10X_17_grch38:AGCAGCCTCGTTGACAx,normal,Ctrl,CO25
CO25__10X_17_grch38:AGGGTGAAGATATGCAx,normal,Ctrl,CO25
CO25__10X_17_grch38:AGGTCCGTCTGTCAAGx,normal,Ctrl,CO25
CO25__10X_17_grch38:AGTCTTTCACTGTGTAx,normal,Ctrl,CO25
CO25__10X_17_grch38:ATAACGCCACGGCTACx,normal,Ctrl,CO25
CO25__10X_17_grch38:ATCATCTGTCGGATCCx,normal,Ctrl,CO25
CO25__10X_17_grch38:ATCCACCTCAATCTCTx,normal,Ctrl,CO25
CO25__10X_17_grch38:CACACAAAGTGTTAGAx,normal,Ctrl,CO25
CO25__10X_17_grch38:CACAGTACATTGAGCTx,normal,Ctrl,CO25
CO25__10X_17_grch38:CAGCCGAAGTGGAGTCx,normal,Ctrl,CO25
CO25__10X_17_grch38:CAGTCCTTCGTAGGAGx,normal,Ctrl,CO25
CO25__10X_17_grch38:CATGACAAGTAATCCCx,normal,Ctrl,CO25
CO25__10X_17_grch38:CCAATCCCATTGTGCAx,normal,Ctrl,CO25
CO25__10X_17_grch38:CCAATCCGTTGGTGGAx,normal,Ctrl,CO25
CO25__10X_17_grch38:CCGTTCACACCGGAAAx,normal,Ctrl,CO25
CO25__10X_17_grch38:CCTATTATCATTTGGGx,normal,Ctrl,CO25
CO25__10X_17_grch38:CGACTTCGTTCGCTAAx,normal,Ctrl,CO25
CO25__10X_17_grch38:CGATGGCAGGTGCTTTx,normal,Ctrl,CO25
CO25__10X_17_grch38:CGATTGACAATGAATGx,normal,Ctrl,CO25
CO25__10X_17_grch38:CGTCACTGTCGCTTTCx,normal,Ctrl,CO25
CO25__10X_17_grch38:CTAAGACCAGTCACTAx,normal,Ctrl,CO25
CO25__10X_17_grch38:CTAGAGTGTCTCACCTx,normal,Ctrl,CO25
CO25__10X_17_grch38:CTAGTGAAGTACGCCCx,normal,Ctrl,CO25
CO25__10X_17_grch38:CTGGTCTAGAGGTTGCx,normal,Ctrl,CO25
CO25__10X_17_grch38:CTTCTCTTCAGCTTAGx,normal,Ctrl,CO25
CO25__10X_17_grch38:GACGGCTTCCGCATCTx,normal,Ctrl,CO25
CO25__10X_17_grch38:GATCGTAAGCGTAATAx,normal,Ctrl,CO25
CO25__10X_17_grch38:GATCGTATCTGCCCTAx,normal,Ctrl,CO25
CO25__10X_17_grch38:GCAAACTAGGAGTTGCx,normal,Ctrl,CO25
CO25__10X_17_grch38:GCGAGAATCACTCCTGx,normal,Ctrl,CO25
CO25__10X_17_grch38:GCGCCAACAAGAGTCGx,normal,Ctrl,CO25
CO25__10X_17_grch38:GCTGCGAGTCGGCACTx,normal,Ctrl,CO25
CO25__10X_17_grch38:GCTGGGTAGTGTGGCAx,normal,Ctrl,CO25
CO25__10X_17_grch38:GCTTGAAAGCGCCTCAx,normal,Ctrl,CO25
CO25__10X_17_grch38:GGAACTTTCCAGATCAx,normal,Ctrl,CO25
CO25__10X_17_grch38:GGAGCAACATGTTGACx,normal,Ctrl,CO25
CO25__10X_17_grch38:GGCCGATGTCGATTGTx,normal,Ctrl,CO25
CO25__10X_17_grch38:GGGAATGTCAACACTGx,normal,Ctrl,CO25
CO25__10X_17_grch38:GGTGTTAAGACTACAAx,normal,Ctrl,CO25
CO25__10X_17_grch38:GTACTTTCATGCTAGTx,normal,Ctrl,CO25
CO25__10X_17_grch38:GTAGTCATCGGAGCAAx,normal,Ctrl,CO25
CO25__10X_17_grch38:GTCAAGTGTCTCACCTx,normal,Ctrl,CO25
CO25__10X_17_grch38:GTCACGGCATCCTTGCx,normal,Ctrl,CO25
CO25__10X_17_grch38:GTCTCGTTCATGTGGTx,normal,Ctrl,CO25
CO25__10X_17_grch38:GTGCAGCGTACTTGACx,normal,Ctrl,CO25
CO25__10X_17_grch38:GTGCATATCCACTCCAx,normal,Ctrl,CO25
CO25__10X_17_grch38:GTGCGGTCATGGATGGx,normal,Ctrl,CO25
CO25__10X_17_grch38:GTTTCTAAGGCTCTTAx,normal,Ctrl,CO25
CO25__10X_17_grch38:TAAGCGTTCAGGCCCAx,normal,Ctrl,CO25
CO25__10X_17_grch38:TACCTTACAAAGCGGTx,normal,Ctrl,CO25
CO25__10X_17_grch38:TACGGGCCAGAGTGTGx,normal,Ctrl,CO25
CO25__10X_17_grch38:TAGAGCTGTAGCACGAx,normal,Ctrl,CO25
CO25__10X_17_grch38:TAGCCGGTCAGCAACTx,normal,Ctrl,CO25
CO25__10X_17_grch38:TAGTGGTGTTAAGGGCx,normal,Ctrl,CO25
CO25__10X_17_grch38:TCAGATGTCACAAACCx,normal,Ctrl,CO25
CO25__10X_17_grch38:TCAGATGTCAGAGACGx,normal,Ctrl,CO25
CO25__10X_17_grch38:TCAGCAAGTCAACTGTx,normal,Ctrl,CO25
CO25__10X_17_grch38:TCAGGTAAGGTACTCTx,normal,Ctrl,CO25
CO25__10X_17_grch38:TCAGGTATCCAGTATGx,normal,Ctrl,CO25
CO25__10X_17_grch38:TCATTTGGTCATCCCTx,normal,Ctrl,CO25
CO25__10X_17_grch38:TCGGGACCATATGGTCx,normal,Ctrl,CO25
CO25__10X_17_grch38:TGACAACGTAGGACACx,normal,Ctrl,CO25
CO25__10X_17_grch38:TGACGGCTCACGACTAx,normal,Ctrl,CO25
CO25__10X_17_grch38:TGAGAGGTCGGACAAGx,normal,Ctrl,CO25
CO25__10X_17_grch38:TGCCCATAGTGTCCATx,normal,Ctrl,CO25
CO25__10X_17_grch38:TGCGGGTAGCGACGTAx,normal,Ctrl,CO25
CO25__10X_17_grch38:TGCTACCCATCTCGCTx,normal,Ctrl,CO25
CO25__10X_17_grch38:TGCTGCTCAAAGGTGCx,normal,Ctrl,CO25
CO25__10X_17_grch38:TGGTTCCCAAAGTGCGx,normal,Ctrl,CO25
MS176_NAWM__10X_17_grch38:AAACGGGAGCGTCAAGx,MS,NAWM,MS176
MS176_NAWM__10X_17_grch38:AACCATGGTAGCGTCCx,MS,NAWM,MS176
MS176_NAWM__10X_17_grch38:AACCGCGAGGAATGGAx,MS,NAWM,MS176
MS176_NAWM__10X_17_grch38:AAGGTTCTCGGATGTTx,MS,NAWM,MS176
MS176_NAWM__10X_17_grch38:AAGTCTGAGTAAGTACx,MS,NAWM,MS176
MS176_NAWM__10X_17_grch38:ACACCAAAGGGTGTGTx,MS,NAWM,MS176
MS176_NAWM__10X_17_grch38:ACGAGCCCAACACCTAx,MS,NAWM,MS176
MS176_NAWM__10X_17_grch38:ACGGCCAGTGCTCTTCx,MS,NAWM,MS176
MS176_NAWM__10X_17_grch38:ACTTTCATCCATGAACx,MS,NAWM,MS176
MS176_NAWM__10X_17_grch38:AGAATAGTCATCGGATx,MS,NAWM,MS176
MS176_NAWM__10X_17_grch38:AGAGTGGCACCTTGTCx,MS,NAWM,MS176
MS176_NAWM__10X_17_grch38:AGCTTGATCACCCTCAx,MS,NAWM,MS176
MS176_NAWM__10X_17_grch38:AGTGAGGTCGTCACGGx,MS,NAWM,MS176
MS176_NAWM__10X_17_grch38:ATAACGCAGCGACGTAx,MS,NAWM,MS176
MS176_NAWM__10X_17_grch38:ATCACGAAGACGACGTx,MS,NAWM,MS176
MS176_NAWM__10X_17_grch38:ATCATGGGTGTCGCTGx,MS,NAWM,MS176
MS176_NAWM__10X_17_grch38:ATCGAGTGTGGTACAGx,MS,NAWM,MS176
MS176_NAWM__10X_17_grch38:ATTGGACAGCCACCTGx,MS,NAWM,MS176
MS176_NAWM__10X_17_grch38:ATTGGTGTCGAACTGTx,MS,NAWM,MS176
MS176_NAWM__10X_17_grch38:CAAGAAACACAAGCCCx,MS,NAWM,MS176
MS176_NAWM__10X_17_grch38:CAAGTTGCAGCCTGTGx,MS,NAWM,MS176
MS176_NAWM__10X_17_grch38:CACTCCAGTGTCCTCTx,MS,NAWM,MS176
MS176_NAWM__10X_17_grch38:CAGCAGCGTCAGTGGAx,MS,NAWM,MS176
MS176_NAWM__10X_17_grch38:CAGTCCTGTCCGCTGAx,MS,NAWM,MS176
MS176_NAWM__10X_17_grch38:CATCAAGCACCGAATTx,MS,NAWM,MS176
MS176_NAWM__10X_17_grch38:CATCCACTCGTTGACAx,MS,NAWM,MS176
MS176_NAWM__10X_17_grch38:CATGGCGCAACTGCTAx,MS,NAWM,MS176
MS176_NAWM__10X_17_grch38:CATTCGCTCGCACTCTx,MS,NAWM,MS176
MS176_NAWM__10X_17_grch38:CCCAATCTCCCGACTTx,MS,NAWM,MS176
MS176_NAWM__10X_17_grch38:CCCAGTTAGTGGCACAx,MS,NAWM,MS176
MS176_NAWM__10X_17_grch38:CCCTCCTGTCGAGTTTx,MS,NAWM,MS176
MS176_NAWM__10X_17_grch38:CCTTCCCCACATGGGAx,MS,NAWM,MS176
MS176_NAWM__10X_17_grch38:CGGGTCAGTTATGTGCx,MS,NAWM,MS176
MS176_NAWM__10X_17_grch38:CGGGTCAGTTCCCTTGx,MS,NAWM,MS176
MS176_NAWM__10X_17_grch38:CGTAGCGAGTTATCGCx,MS,NAWM,MS176
MS176_NAWM__10X_17_grch38:CGTCCATTCTACTCATx,MS,NAWM,MS176
MS176_NAWM__10X_17_grch38:CGTTAGAGTGACGGTAx,MS,NAWM,MS176
MS176_NAWM__10X_17_grch38:CTCGTCAAGGCTATCTx,MS,NAWM,MS176
MS176_NAWM__10X_17_grch38:CTCTACGAGTCTCAACx,MS,NAWM,MS176
MS176_NAWM__10X_17_grch38:CTGAAACGTGGACGATx,MS,NAWM,MS176
MS176_NAWM__10X_17_grch38:GAATAAGTCACGCATAx,MS,NAWM,MS176
MS176_NAWM__10X_17_grch38:GACACGCCACGAAACGx,MS,NAWM,MS176
MS176_NAWM__10X_17_grch38:GACCTGGAGCCACGCTx,MS,NAWM,MS176
MS176_NAWM__10X_17_grch38:GACGGCTCATAGAAACx,MS,NAWM,MS176
MS176_NAWM__10X_17_grch38:GATGAAACAATGGAGCx,MS,NAWM,MS176
MS176_NAWM__10X_17_grch38:GATGAGGCAAGGACACx,MS,NAWM,MS176
MS176_NAWM__10X_17_grch38:GCTGCAGGTACCTACAx,MS,NAWM,MS176
MS176_NAWM__10X_17_grch38:GGACGTCGTGATAAACx,MS,NAWM,MS176
MS176_NAWM__10X_17_grch38:GGGAATGAGGAGTTTAx,MS,NAWM,MS176
MS176_NAWM__10X_17_grch38:GTATCTTCAAACTGCTx,MS,NAWM,MS176
MS176_NAWM__10X_17_grch38:TAAGCGTAGTAGTGCGx,MS,NAWM,MS176
MS176_NAWM__10X_17_grch38:TACGGGCGTGACCAAGx,MS,NAWM,MS176
MS176_NAWM__10X_17_grch38:TCGCGTTGTCAAACTCx,MS,NAWM,MS176
MS176_NAWM__10X_17_grch38:TCGGTAATCGCGTTTCx,MS,NAWM,MS176
MS176_NAWM__10X_17_grch38:TCTATTGTCACAGGCCx,MS,NAWM,MS176
MS176_NAWM__10X_17_grch38:TGACTTTTCGCAGGCTx,MS,NAWM,MS176
MS176_NAWM__10X_17_grch38:TGACTTTTCGGAGGTAx,MS,NAWM,MS176
MS176_NAWM__10X_17_grch38:TGAGCCGCAATAGAGTx,MS,NAWM,MS176
MS176_NAWM__10X_17_grch38:TGCCCTAGTGACGGTAx,MS,NAWM,MS176
MS176_NAWM__10X_17_grch38:TGCGCAGCAAGCCGTCx,MS,NAWM,MS176
MS176_NAWM__10X_17_grch38:TGCGCAGCACAGCGTCx,MS,NAWM,MS176
MS176_NAWM__10X_17_grch38:TGCGCAGGTACAGACGx,MS,NAWM,MS176
MS176_NAWM__10X_17_grch38:TGGTTAGGTCCCTTGTx,MS,NAWM,MS176
MS176_NAWM__10X_17_grch38:TTAGGACGTTTACTCTx,MS,NAWM,MS176
MS176_NAWM__10X_17_grch38:TTAGGCATCATTGCCCx,MS,NAWM,MS176
MS176_NAWM__10X_17_grch38:TTGACTTTCTACGAGTx,MS,NAWM,MS176
MS176_RM__10X_17_grch38:ATTATCCTCACCCGAGx,MS,RM,MS176
MS176_RM__10X_17_grch38:CACTCCAGTATGCTTGx,MS,RM,MS176
MS176_RM__10X_17_grch38:CAGCAGCCATTGGCGCx,MS,RM,MS176
MS176_RM__10X_17_grch38:GGGTTGCCATTGGGCCx,MS,RM,MS176
MS176_CA__10X_17_grch38:AAACCTGCAATTGCTGx,MS,CA,MS176
MS176_CA__10X_17_grch38:AAGACCTAGAGTCTGGx,MS,CA,MS176
MS176_CA__10X_17_grch38:ACGGGCTCAAGGTTTCx,MS,CA,MS176
MS176_CA__10X_17_grch38:ACGTCAAAGGCTAGACx,MS,CA,MS176
MS176_CA__10X_17_grch38:ACTGAACAGGAGTAGAx,MS,CA,MS176
MS176_CA__10X_17_grch38:ACTGAACAGTGAATTGx,MS,CA,MS176
MS176_CA__10X_17_grch38:ACTTGTTAGCGGCTTCx,MS,CA,MS176
MS176_CA__10X_17_grch38:AGAGCTTTCCGAGCCAx,MS,CA,MS176
MS176_CA__10X_17_grch38:CAACCTCCAGCTGTGCx,MS,CA,MS176
MS176_CA__10X_17_grch38:CAAGATCCACCGATATx,MS,CA,MS176
MS176_CA__10X_17_grch38:CACACAAGTCTCTTATx,MS,CA,MS176
MS176_CA__10X_17_grch38:CACTCCAGTATCACCAx,MS,CA,MS176
MS176_CA__10X_17_grch38:CAGCATATCGTCACGGx,MS,CA,MS176
MS176_CA__10X_17_grch38:CGTCAGGCAGCGATCCx,MS,CA,MS176
MS176_CA__10X_17_grch38:CTCGTCAAGGCCCTCAx,MS,CA,MS176
MS176_CA__10X_17_grch38:CTTACCGAGGGTGTTGx,MS,CA,MS176
MS176_CA__10X_17_grch38:GCAGTTATCAGCAACTx,MS,CA,MS176
MS176_CA__10X_17_grch38:GCTTCCACAGCCAGAAx,MS,CA,MS176
MS176_CA__10X_17_grch38:GGAACTTAGGTGATTAx,MS,CA,MS176
MS176_CA__10X_17_grch38:TATGCCCAGCTCAACTx,MS,CA,MS176
MS176_CA__10X_17_grch38:TGACTTTGTTGACGTTx,MS,CA,MS176
MS176_CA__10X_17_grch38:TGCCCTATCCCTCTTTx,MS,CA,MS176
MS176_CA__10X_17_grch38:TGCGGGTAGTTTCCTTx,MS,CA,MS176
MS176_CA__10X_17_grch38:TTGGCAAGTTTCGCTCx,MS,CA,MS176
MS176_CA__10X_17_grch38:TTTGCGCTCATTATCCx,MS,CA,MS176
CO39__10X_17_grch38:AACACGTGTTCCACGGx,normal,Ctrl,CO39
CO39__10X_17_grch38:ACCCACTCAGACGCTCx,normal,Ctrl,CO39
CO39__10X_17_grch38:AGCTTGACATCCCACTx,normal,Ctrl,CO39
CO39__10X_17_grch38:ATTGGTGAGCTATGCTx,normal,Ctrl,CO39
CO39__10X_17_grch38:CACCAGGCAAGCCCACx,normal,Ctrl,CO39
CO39__10X_17_grch38:CGTAGCGGTCTGCAATx,normal,Ctrl,CO39
CO39__10X_17_grch38:CTGAAGTGTAAGGGCTx,normal,Ctrl,CO39
CO39__10X_17_grch38:GAGGTGATCAGTACGTx,normal,Ctrl,CO39
CO39__10X_17_grch38:GCGACCACAATGGAATx,normal,Ctrl,CO39
CO39__10X_17_grch38:GCGCAGTAGTGGGCTAx,normal,Ctrl,CO39
CO39__10X_17_grch38:TTGCCGTTCTACTATCx,normal,Ctrl,CO39
CO14__10X_17_grch38:CTACATTTCAAGAAGTx,normal,Ctrl,CO14
SD48/16__10X_17_grch38:GGGCATCCACATTAGCx,normal,Ctrl,SD48/16
MS122_NAWM__10X_17_grch38:AAGCCGCAGGCAATTAx,MS,NAWM,MS122
MS122_NAWM__10X_17_grch38:AAGGCAGCACAACGTTx,MS,NAWM,MS122
MS122_NAWM__10X_17_grch38:AATCGGTAGATATGCAx,MS,NAWM,MS122
MS122_NAWM__10X_17_grch38:ACCGTAAGTCTAGCGCx,MS,NAWM,MS122
MS122_NAWM__10X_17_grch38:ACTATCTTCAGTCAGTx,MS,NAWM,MS122
MS122_NAWM__10X_17_grch38:ACTGAACCAAGTTCTGx,MS,NAWM,MS122
MS122_NAWM__10X_17_grch38:AGAGTGGAGCGTGAGTx,MS,NAWM,MS122
MS122_NAWM__10X_17_grch38:AGATCTGTCACTTCATx,MS,NAWM,MS122
MS122_NAWM__10X_17_grch38:AGCTCCTGTCCATCCTx,MS,NAWM,MS122
MS122_NAWM__10X_17_grch38:AGGTCATAGACCTTTGx,MS,NAWM,MS122
MS122_NAWM__10X_17_grch38:ATTGGACCACGGCGTTx,MS,NAWM,MS122
MS122_NAWM__10X_17_grch38:ATTGGACCAGGTGGATx,MS,NAWM,MS122
MS122_NAWM__10X_17_grch38:CAGCAGCAGGGATACCx,MS,NAWM,MS122
MS122_NAWM__10X_17_grch38:CAGGTGCGTGAGTATAx,MS,NAWM,MS122
MS122_NAWM__10X_17_grch38:CCATTCGCAGTTCATGx,MS,NAWM,MS122
MS122_NAWM__10X_17_grch38:CCGTACTCACACCGCAx,MS,NAWM,MS122
MS122_NAWM__10X_17_grch38:CGAATGTAGGCATGTGx,MS,NAWM,MS122
MS122_NAWM__10X_17_grch38:CGTTCTGGTGCGAAACx,MS,NAWM,MS122
MS122_NAWM__10X_17_grch38:CTAGAGTTCGACAGCCx,MS,NAWM,MS122
MS122_NAWM__10X_17_grch38:CTGGTCTGTCGGCACTx,MS,NAWM,MS122
MS122_NAWM__10X_17_grch38:GACGCGTGTGCCTTGGx,MS,NAWM,MS122
MS122_NAWM__10X_17_grch38:GACGGCTGTCTCCATCx,MS,NAWM,MS122
MS122_NAWM__10X_17_grch38:GATCAGTGTGAGGGAGx,MS,NAWM,MS122
MS122_NAWM__10X_17_grch38:GCATGCGCACGGTAAGx,MS,NAWM,MS122
MS122_NAWM__10X_17_grch38:GCCAAATAGATGCCTTx,MS,NAWM,MS122
MS122_NAWM__10X_17_grch38:GCGCGATTCCTGCTTGx,MS,NAWM,MS122
MS122_NAWM__10X_17_grch38:GCGGGTTCACTGTTAGx,MS,NAWM,MS122
MS122_NAWM__10X_17_grch38:GCTCTGTGTGATGTGGx,MS,NAWM,MS122
MS122_NAWM__10X_17_grch38:GGACAGATCCTTTCGGx,MS,NAWM,MS122
MS122_NAWM__10X_17_grch38:GGACAGATCTGCTGTCx,MS,NAWM,MS122
MS122_NAWM__10X_17_grch38:GGCGTGTGTATAGGTAx,MS,NAWM,MS122
MS122_NAWM__10X_17_grch38:GGGCACTGTCGCGTGTx,MS,NAWM,MS122
MS122_NAWM__10X_17_grch38:GTCCTCACACCCATGGx,MS,NAWM,MS122
MS122_NAWM__10X_17_grch38:GTTCATTAGTCTTGCAx,MS,NAWM,MS122
MS122_NAWM__10X_17_grch38:TAAACCGCAGGGTACAx,MS,NAWM,MS122
MS122_NAWM__10X_17_grch38:TCAGCTCTCAACTCTTx,MS,NAWM,MS122
MS122_NAWM__10X_17_grch38:TGAGCCGGTCGAGATGx,MS,NAWM,MS122
MS122_NAWM__10X_17_grch38:TGCACCTCATTGGTACx,MS,NAWM,MS122
MS122_NAWM__10X_17_grch38:TGCTACCAGAACAACTx,MS,NAWM,MS122
MS122_NAWM__10X_17_grch38:TGGACGCAGATAGTCAx,MS,NAWM,MS122
MS122_NAWM__10X_17_grch38:TGGTTAGCAGTCTTCCx,MS,NAWM,MS122
MS122_NAWM__10X_17_grch38:TGTCCCACAATGTTGCx,MS,NAWM,MS122
MS122_NAWM__10X_17_grch38:TTCGAAGTCTCTAAGGx,MS,NAWM,MS122
MS122_CI__10X_17_grch38:AACACGTGTTGTGGAGx,MS,CI,MS122
MS122_CI__10X_17_grch38:AACTCTTTCAGTGTTGx,MS,CI,MS122
MS122_CI__10X_17_grch38:AATCGGTCAGACAAATx,MS,CI,MS122
MS122_CI__10X_17_grch38:ATCCACCTCTCTTATGx,MS,CI,MS122
MS122_CI__10X_17_grch38:CAAGGCCTCCACGCAGx,MS,CI,MS122
MS122_CI__10X_17_grch38:CATCAAGTCACGGTTAx,MS,CI,MS122
MS122_CI__10X_17_grch38:CCTTTCTAGCACCGTCx,MS,CI,MS122
MS122_CI__10X_17_grch38:CGTCAGGAGTCGTTTGx,MS,CI,MS122
MS122_CI__10X_17_grch38:CTAGAGTCACTCGACGx,MS,CI,MS122
MS122_CI__10X_17_grch38:CTGGTCTAGCAGCGTAx,MS,CI,MS122
MS122_CI__10X_17_grch38:CTGTGCTAGTGGAGTCx,MS,CI,MS122
MS122_CI__10X_17_grch38:CTTAGGAGTTACGGAGx,MS,CI,MS122
MS122_CI__10X_17_grch38:GAAATGAGTGGTGTAGx,MS,CI,MS122
MS122_CI__10X_17_grch38:GCATGATCACAACGTTx,MS,CI,MS122
MS122_CI__10X_17_grch38:GTACGTAGTCTAGTCAx,MS,CI,MS122
MS122_CI__10X_17_grch38:GTCATTTAGCCTCGTGx,MS,CI,MS122
MS122_CI__10X_17_grch38:GTGTGCGTCAATCTCTx,MS,CI,MS122
MS122_CI__10X_17_grch38:GTTCGGGGTCATCGGCx,MS,CI,MS122
MS122_CI__10X_17_grch38:TACCTATGTTATGTGCx,MS,CI,MS122
MS122_CI__10X_17_grch38:TCTCTAATCTGTGCAAx,MS,CI,MS122
MS122_CI__10X_17_grch38:TTTATGCCACACATGTx,MS,CI,MS122
MS122_A__10X_17_grch38:AAATGCCTCTGGTGTAx,MS,A,MS122
MS122_A__10X_17_grch38:AACTTTCCACGTAAGGx,MS,A,MS122
MS122_A__10X_17_grch38:AAGGTTCAGGACAGAAx,MS,A,MS122
MS122_A__10X_17_grch38:ACACCGGTCGGTTAACx,MS,A,MS122
MS122_A__10X_17_grch38:ACCCACTCATGGGAACx,MS,A,MS122
MS122_A__10X_17_grch38:ACCCACTGTTGCCTCTx,MS,A,MS122
MS122_A__10X_17_grch38:ACGCCAGTCTACTCATx,MS,A,MS122
MS122_A__10X_17_grch38:ACTGAACTCTTACCTAx,MS,A,MS122
MS122_A__10X_17_grch38:AGGGAGTCAAATCCGTx,MS,A,MS122
MS122_A__10X_17_grch38:AGGTCATGTTATTCTCx,MS,A,MS122
MS122_A__10X_17_grch38:AGTGGGATCGCCTGAGx,MS,A,MS122
MS122_A__10X_17_grch38:ATTGGACCATGTAGTCx,MS,A,MS122
MS122_A__10X_17_grch38:CACAAACGTTACAGAAx,MS,A,MS122
MS122_A__10X_17_grch38:CACACCTCACATGTGTx,MS,A,MS122
MS122_A__10X_17_grch38:CAGCTAACATCAGTACx,MS,A,MS122
MS122_A__10X_17_grch38:CATTCGCTCTATGTGGx,MS,A,MS122
MS122_A__10X_17_grch38:CCCAGTTCATCCCATCx,MS,A,MS122
MS122_A__10X_17_grch38:CCGGGATAGACACTAAx,MS,A,MS122
MS122_A__10X_17_grch38:CGTAGGCGTCTCGTTCx,MS,A,MS122
MS122_A__10X_17_grch38:CTCGGGAAGTATTGGAx,MS,A,MS122
MS122_A__10X_17_grch38:CTCTAATAGCAGGCTAx,MS,A,MS122
MS122_A__10X_17_grch38:CTGCGGACATGCCTAAx,MS,A,MS122
MS122_A__10X_17_grch38:CTTAGGATCCGAATGTx,MS,A,MS122
MS122_A__10X_17_grch38:GACAGAGAGGTACTCTx,MS,A,MS122
MS122_A__10X_17_grch38:GACTGCGTCTTGAGACx,MS,A,MS122
MS122_A__10X_17_grch38:GATCGCGAGTCACGCCx,MS,A,MS122
MS122_A__10X_17_grch38:GATGAGGTCAGCGATTx,MS,A,MS122
MS122_A__10X_17_grch38:GATGCTACATCTGGTAx,MS,A,MS122
MS122_A__10X_17_grch38:GCATGATCAAAGGTGCx,MS,A,MS122
MS122_A__10X_17_grch38:GCTGCAGTCGCGCCAAx,MS,A,MS122
MS122_A__10X_17_grch38:GGAACTTCATGAGCGAx,MS,A,MS122
MS122_A__10X_17_grch38:GGAACTTGTGAAATCAx,MS,A,MS122
MS122_A__10X_17_grch38:GGAACTTTCGGTGTCGx,MS,A,MS122
MS122_A__10X_17_grch38:GGACAAGGTAGCCTCGx,MS,A,MS122
MS122_A__10X_17_grch38:GGACATTTCCAGATCAx,MS,A,MS122
MS122_A__10X_17_grch38:GGATGTTAGGCAAAGAx,MS,A,MS122
MS122_A__10X_17_grch38:GGCGACTCATGTCTCCx,MS,A,MS122
MS122_A__10X_17_grch38:GGTATTGAGCTAGTCTx,MS,A,MS122
MS122_A__10X_17_grch38:GTACTCCTCCTATGTTx,MS,A,MS122
MS122_A__10X_17_grch38:GTAGTCATCGGTTCGGx,MS,A,MS122
MS122_A__10X_17_grch38:GTATTCTTCATCACCCx,MS,A,MS122
MS122_A__10X_17_grch38:GTGCGGTTCCAGAGGAx,MS,A,MS122
MS122_A__10X_17_grch38:TACTCGCTCATGCTCCx,MS,A,MS122
MS122_A__10X_17_grch38:TAGTTGGTCCCGACTTx,MS,A,MS122
MS122_A__10X_17_grch38:TCCACACCATTACGACx,MS,A,MS122
MS122_A__10X_17_grch38:TCGCGTTTCTGGTGTAx,MS,A,MS122
MS122_A__10X_17_grch38:TCGCGTTTCTGTCAAGx,MS,A,MS122
MS122_A__10X_17_grch38:TCGTACCTCCACTCCAx,MS,A,MS122
MS122_A__10X_17_grch38:TCTCTAACAGGGAGAGx,MS,A,MS122
MS122_A__10X_17_grch38:TGAAAGAAGTCCGGTCx,MS,A,MS122
MS122_A__10X_17_grch38:TGACTTTAGACAGACCx,MS,A,MS122
MS122_A__10X_17_grch38:TGAGCCGTCGCCAGCAx,MS,A,MS122
MS122_A__10X_17_grch38:TGCCAAAAGAACTGTAx,MS,A,MS122
MS122_A__10X_17_grch38:TGGACGCCAGCCAATTx,MS,A,MS122
MS122_A__10X_17_grch38:TTCTCAATCCCAAGTAx,MS,A,MS122
MS122_A__10X_17_grch38:TTCTCAATCGGCTACGx,MS,A,MS122
MS122_A__10X_17_grch38:TTGGAACAGCTTCGCGx,MS,A,MS122
MS122_A__10X_17_grch38:TTGGCAAAGATGTCGGx,MS,A,MS122
MS122_A__10X_17_grch38:TTGTAGGTCGTTACAGx,MS,A,MS122
MS122_A__10X_17_grch38:TTTATGCAGGCTACGAx,MS,A,MS122
MS122_A__10X_17_grch38:TTTGTCACAATGAATGx,MS,A,MS122
MS121_NAWM__10X_17_grch38:CAGCATAAGCCTATGTx,MS,NAWM,MS121
MS121_A2__10X_17_grch38:CGTAGCGCAATAAGCAx,MS,A,MS121
MS121_A2__10X_17_grch38:TCTTCGGTCACATAGCx,MS,A,MS121
CO28__10X_17_grch38:GTGCATACAGTTAACCx,normal,Ctrl,CO28
CO25__10X_17_grch38:GAAATGAAGTTTCCTTx,normal,Ctrl,CO25
MS122_NAWM__10X_17_grch38:AACTGGTGTTCGTGATx,MS,NAWM,MS122
MS122_NAWM__10X_17_grch38:CACCTTGCACAGCGTCx,MS,NAWM,MS122
MS122_NAWM__10X_17_grch38:CCCAGTTAGAGTGACCx,MS,NAWM,MS122
MS122_NAWM__10X_17_grch38:CCTCTGAAGTAATCCCx,MS,NAWM,MS122
MS122_NAWM__10X_17_grch38:CCTTCCCGTTACAGAAx,MS,NAWM,MS122
SD48/16__10X_17_grch38:CTACCCAGTTGGAGGTx,normal,Ctrl,SD48/16
CO39__10X_17_grch38:TCTATTGGTCGGCTCAx,normal,Ctrl,CO39
MS122_CI__10X_17_grch38:TCTCTAATCTGGAGCCx,MS,CI,MS122
CO28__10X_17_grch38:AAGACCTTCAACACCAx,normal,Ctrl,CO28
CO28__10X_17_grch38:AATCGGTAGCAATATGx,normal,Ctrl,CO28
CO28__10X_17_grch38:AGCCTAATCAGAGGTGx,normal,Ctrl,CO28
CO28__10X_17_grch38:AGCGGTCAGGCGTACAx,normal,Ctrl,CO28
CO28__10X_17_grch38:AGCTCTCAGCAGGCTAx,normal,Ctrl,CO28
CO28__10X_17_grch38:AGGGTGATCGGCTTGGx,normal,Ctrl,CO28
CO28__10X_17_grch38:ATCATGGCATCACGTAx,normal,Ctrl,CO28
CO28__10X_17_grch38:CACATTTAGGTGCTAGx,normal,Ctrl,CO28
CO28__10X_17_grch38:CACCTTGTCGCGGATCx,normal,Ctrl,CO28
CO28__10X_17_grch38:CCTTTCTTCAGCCTAAx,normal,Ctrl,CO28
CO28__10X_17_grch38:CGACTTCGTCATACTGx,normal,Ctrl,CO28
CO28__10X_17_grch38:CGAGAAGAGCTAGTTCx,normal,Ctrl,CO28
CO28__10X_17_grch38:CGCGGTAGTCTCGTTCx,normal,Ctrl,CO28
CO28__10X_17_grch38:CGGAGCTTCGTACGGCx,normal,Ctrl,CO28
CO28__10X_17_grch38:CGGGTCAAGATCTGCTx,normal,Ctrl,CO28
CO28__10X_17_grch38:CGTAGCGAGAAGAAGCx,normal,Ctrl,CO28
CO28__10X_17_grch38:CGTGAGCCACATTCGAx,normal,Ctrl,CO28
CO28__10X_17_grch38:CTCTGGTGTCAACTGTx,normal,Ctrl,CO28
CO28__10X_17_grch38:GACTGCGCAGGATCGAx,normal,Ctrl,CO28
CO28__10X_17_grch38:GCCTCTAGTGTGACGAx,normal,Ctrl,CO28
CO28__10X_17_grch38:GCTTCCACATACTCTTx,normal,Ctrl,CO28
CO28__10X_17_grch38:GTCGTAACATTTGCCCx,normal,Ctrl,CO28
CO28__10X_17_grch38:GTGCATATCTATCCCGx,normal,Ctrl,CO28
CO28__10X_17_grch38:GTTCGGGCATGAGCGAx,normal,Ctrl,CO28
CO28__10X_17_grch38:GTTTCTATCATAACCGx,normal,Ctrl,CO28
CO28__10X_17_grch38:TCAGCAATCCGCATCTx,normal,Ctrl,CO28
CO28__10X_17_grch38:TGGCTGGAGGCTAGGTx,normal,Ctrl,CO28
CO28__10X_17_grch38:TGGTTCCGTACTTCTTx,normal,Ctrl,CO28
CO28__10X_17_grch38:TTGCGTCGTTCGTCTCx,normal,Ctrl,CO28
CO25__10X_17_grch38:AAACGGGCAGATCTGTx,normal,Ctrl,CO25
CO25__10X_17_grch38:AAATGCCGTTGGTTTGx,normal,Ctrl,CO25
CO25__10X_17_grch38:AACACGTGTTCCATGAx,normal,Ctrl,CO25
CO25__10X_17_grch38:AACGTTGGTGAGTATAx,normal,Ctrl,CO25
CO25__10X_17_grch38:AACTCTTGTCGGCTCAx,normal,Ctrl,CO25
CO25__10X_17_grch38:AAGGAGCTCAACGGGAx,normal,Ctrl,CO25
CO25__10X_17_grch38:AAGTCTGTCACAACGTx,normal,Ctrl,CO25
CO25__10X_17_grch38:AAGTCTGTCAGCACATx,normal,Ctrl,CO25
CO25__10X_17_grch38:ACACCAACAAGAAAGGx,normal,Ctrl,CO25
CO25__10X_17_grch38:ACACCAATCGGACAAGx,normal,Ctrl,CO25
CO25__10X_17_grch38:ACATACGAGGCATGTGx,normal,Ctrl,CO25
CO25__10X_17_grch38:ACCAGTACAATGGAGCx,normal,Ctrl,CO25
CO25__10X_17_grch38:ACCAGTATCCCTGACTx,normal,Ctrl,CO25
CO25__10X_17_grch38:ACCTTTATCGAACTGTx,normal,Ctrl,CO25
CO25__10X_17_grch38:ACGATGTCAGACGCCTx,normal,Ctrl,CO25
CO25__10X_17_grch38:ACGATGTTCAGCATGTx,normal,Ctrl,CO25
CO25__10X_17_grch38:ACGCAGCCAACGCACCx,normal,Ctrl,CO25
CO25__10X_17_grch38:ACGCCAGTCTTTACGTx,normal,Ctrl,CO25
CO25__10X_17_grch38:ACGGCCACATTCCTGCx,normal,Ctrl,CO25
CO25__10X_17_grch38:ACGGCCAGTATCACCAx,normal,Ctrl,CO25
CO25__10X_17_grch38:ACGTCAACACTGAAGGx,normal,Ctrl,CO25
CO25__10X_17_grch38:ACGTCAACATGCAACTx,normal,Ctrl,CO25
CO25__10X_17_grch38:ACTTACTAGCGATGACx,normal,Ctrl,CO25
CO25__10X_17_grch38:AGACGTTGTCGGGTCTx,normal,Ctrl,CO25
CO25__10X_17_grch38:AGATTGCTCCCTCAGTx,normal,Ctrl,CO25
CO25__10X_17_grch38:AGCAGCCCAGACAGGTx,normal,Ctrl,CO25
CO25__10X_17_grch38:AGCTCTCCAGACAAATx,normal,Ctrl,CO25
CO25__10X_17_grch38:AGCTCTCCATAGACTCx,normal,Ctrl,CO25
CO25__10X_17_grch38:AGGGTGAAGTGAAGAGx,normal,Ctrl,CO25
CO25__10X_17_grch38:AGGTCCGGTCAGAGGTx,normal,Ctrl,CO25
CO25__10X_17_grch38:AGTGAGGGTCTCATCCx,normal,Ctrl,CO25
CO25__10X_17_grch38:AGTGGGATCTGAAAGAx,normal,Ctrl,CO25
CO25__10X_17_grch38:AGTGTCATCGCACTCTx,normal,Ctrl,CO25
CO25__10X_17_grch38:ATAACGCAGGGCTCTCx,normal,Ctrl,CO25
CO25__10X_17_grch38:ATAAGAGCAAGCGATGx,normal,Ctrl,CO25
CO25__10X_17_grch38:ATCACGAGTTAAGGGCx,normal,Ctrl,CO25
CO25__10X_17_grch38:ATCATGGCATCTATGGx,normal,Ctrl,CO25
CO25__10X_17_grch38:ATGCGATTCAGCAACTx,normal,Ctrl,CO25
CO25__10X_17_grch38:ATTACTCGTCCGCTGAx,normal,Ctrl,CO25
CO25__10X_17_grch38:ATTGGTGTCAACACCAx,normal,Ctrl,CO25
CO25__10X_17_grch38:ATTTCTGCAGTCAGAGx,normal,Ctrl,CO25
CO25__10X_17_grch38:CAACCAACACATCCAAx,normal,Ctrl,CO25
CO25__10X_17_grch38:CACAAACCACCCATGGx,normal,Ctrl,CO25
CO25__10X_17_grch38:CACAAACTCAACACCAx,normal,Ctrl,CO25
CO25__10X_17_grch38:CACACAAAGAGCTGGTx,normal,Ctrl,CO25
CO25__10X_17_grch38:CACACTCTCCAGTATGx,normal,Ctrl,CO25
CO25__10X_17_grch38:CACAGTACAATCACACx,normal,Ctrl,CO25
CO25__10X_17_grch38:CACCACTGTGTTTGTGx,normal,Ctrl,CO25
CO25__10X_17_grch38:CACCTTGCAGACACTTx,normal,Ctrl,CO25
CO25__10X_17_grch38:CACCTTGCAGGACCCTx,normal,Ctrl,CO25
CO25__10X_17_grch38:CATCAAGGTGCTCTTCx,normal,Ctrl,CO25
CO25__10X_17_grch38:CATCGAAAGCACCGCTx,normal,Ctrl,CO25
CO25__10X_17_grch38:CATCGGGTCATATCGGx,normal,Ctrl,CO25
CO25__10X_17_grch38:CCACCTACACCTCGGAx,normal,Ctrl,CO25
CO25__10X_17_grch38:CCAGCGATCACTGGGCx,normal,Ctrl,CO25
CO25__10X_17_grch38:CCATGTCAGTATCGAAx,normal,Ctrl,CO25
CO25__10X_17_grch38:CCATGTCGTCTAGTGTx,normal,Ctrl,CO25
CO25__10X_17_grch38:CCCATACTCGGCCGATx,normal,Ctrl,CO25
CO25__10X_17_grch38:CCGGGATGTAGAAAGGx,normal,Ctrl,CO25
CO25__10X_17_grch38:CCGTACTGTTGAGGTGx,normal,Ctrl,CO25
CO25__10X_17_grch38:CCTACACAGAAACCTAx,normal,Ctrl,CO25
CO25__10X_17_grch38:CCTACACTCAGCTGGCx,normal,Ctrl,CO25
CO25__10X_17_grch38:CCTTACGAGCTCAACTx,normal,Ctrl,CO25
CO25__10X_17_grch38:CCTTCGAAGTGTGAATx,normal,Ctrl,CO25
CO25__10X_17_grch38:CGAATGTCATCGGGTCx,normal,Ctrl,CO25
CO25__10X_17_grch38:CGACCTTCACATCCGGx,normal,Ctrl,CO25
CO25__10X_17_grch38:CGAGAAGTCCGCATCTx,normal,Ctrl,CO25
CO25__10X_17_grch38:CGATCGGCACATTCGAx,normal,Ctrl,CO25
CO25__10X_17_grch38:CGATCGGCAGCTGGCTx,normal,Ctrl,CO25
CO25__10X_17_grch38:CGATGGCAGACTCGGAx,normal,Ctrl,CO25
CO25__10X_17_grch38:CGATGGCCATTTCAGGx,normal,Ctrl,CO25
CO25__10X_17_grch38:CGATGTATCTCTAGGAx,normal,Ctrl,CO25
CO25__10X_17_grch38:CGCCAAGAGCTGGAACx,normal,Ctrl,CO25
CO25__10X_17_grch38:CGCGTTTGTACCGCTGx,normal,Ctrl,CO25
CO25__10X_17_grch38:CGGACTGGTATCTGCAx,normal,Ctrl,CO25
CO25__10X_17_grch38:CGGTTAAGTCCCTACTx,normal,Ctrl,CO25
CO25__10X_17_grch38:CGTAGCGGTAGAAAGGx,normal,Ctrl,CO25
CO25__10X_17_grch38:CGTCACTGTCTGGAGAx,normal,Ctrl,CO25
CO25__10X_17_grch38:CGTCAGGGTTCTGGTAx,normal,Ctrl,CO25
CO25__10X_17_grch38:CGTCCATCAGTACACTx,normal,Ctrl,CO25
CO25__10X_17_grch38:CGTGAGCTCAAACAAGx,normal,Ctrl,CO25
CO25__10X_17_grch38:CGTTCTGAGCGTTGCCx,normal,Ctrl,CO25
CO25__10X_17_grch38:CGTTCTGCAGGTGGATx,normal,Ctrl,CO25
CO25__10X_17_grch38:CTAATGGTCCCGGATGx,normal,Ctrl,CO25
CO25__10X_17_grch38:CTAGCCTTCCGCGGTAx,normal,Ctrl,CO25
CO25__10X_17_grch38:CTCAGAAGTTCCATGAx,normal,Ctrl,CO25
CO25__10X_17_grch38:CTCGGAGCACGCGAAAx,normal,Ctrl,CO25
CO25__10X_17_grch38:CTCGTACGTAGGGACTx,normal,Ctrl,CO25
CO25__10X_17_grch38:CTCTAATCAAGCGTAGx,normal,Ctrl,CO25
CO25__10X_17_grch38:CTCTAATTCCCATTTAx,normal,Ctrl,CO25
CO25__10X_17_grch38:CTCTACGCATCCCACTx,normal,Ctrl,CO25
CO25__10X_17_grch38:CTGAAACTCCTTGACCx,normal,Ctrl,CO25
CO25__10X_17_grch38:CTGCCTAGTAACGCGAx,normal,Ctrl,CO25
CO25__10X_17_grch38:CTTACCGTCGCCAAATx,normal,Ctrl,CO25
CO25__10X_17_grch38:CTTCTCTTCTCCTATAx,normal,Ctrl,CO25
CO25__10X_17_grch38:GAAATGAGTTAAGAACx,normal,Ctrl,CO25
CO25__10X_17_grch38:GAAATGATCGGCGCTAx,normal,Ctrl,CO25
CO25__10X_17_grch38:GAATGAAAGCCGATTTx,normal,Ctrl,CO25
CO25__10X_17_grch38:GACGCGTGTCTAGCCGx,normal,Ctrl,CO25
CO25__10X_17_grch38:GACTAACCAGGAACGTx,normal,Ctrl,CO25
CO25__10X_17_grch38:GACTAACCAGGGTACAx,normal,Ctrl,CO25
CO25__10X_17_grch38:GACTGCGGTGGTACAGx,normal,Ctrl,CO25
CO25__10X_17_grch38:GAGGTGAGTTTAGGAAx,normal,Ctrl,CO25
CO25__10X_17_grch38:GATCGTACATAAAGGTx,normal,Ctrl,CO25
CO25__10X_17_grch38:GATCGTACATACAGCTx,normal,Ctrl,CO25
CO25__10X_17_grch38:GATCTAGTCAACCATGx,normal,Ctrl,CO25
CO25__10X_17_grch38:GATCTAGTCTGAAAGAx,normal,Ctrl,CO25
CO25__10X_17_grch38:GCAATCAAGAAACGAGx,normal,Ctrl,CO25
CO25__10X_17_grch38:GCAGCCAGTATGGTTCx,normal,Ctrl,CO25
CO25__10X_17_grch38:GCATGCGAGACCCACCx,normal,Ctrl,CO25
CO25__10X_17_grch38:GCATGCGAGTAATCCCx,normal,Ctrl,CO25
CO25__10X_17_grch38:GCCAAATTCTGCGACGx,normal,Ctrl,CO25
CO25__10X_17_grch38:GCGCAGTCATTGAGCTx,normal,Ctrl,CO25
CO25__10X_17_grch38:GCGCGATGTAGATTAGx,normal,Ctrl,CO25
CO25__10X_17_grch38:GCGCGATTCGGATGTTx,normal,Ctrl,CO25
CO25__10X_17_grch38:GCGGGTTCACGGTAGAx,normal,Ctrl,CO25
CO25__10X_17_grch38:GCTCTGTAGGGATACCx,normal,Ctrl,CO25
CO25__10X_17_grch38:GCTCTGTAGTACGATAx,normal,Ctrl,CO25
CO25__10X_17_grch38:GCTTCCAAGGGATGGGx,normal,Ctrl,CO25
CO25__10X_17_grch38:GGACGTCAGCGTGAACx,normal,Ctrl,CO25
CO25__10X_17_grch38:GGAGCAAAGCATCATCx,normal,Ctrl,CO25
CO25__10X_17_grch38:GGATGTTCAAATACAGx,normal,Ctrl,CO25
CO25__10X_17_grch38:GGATGTTTCAACTCTTx,normal,Ctrl,CO25
CO25__10X_17_grch38:GGGAATGTCCTGCAGGx,normal,Ctrl,CO25
CO25__10X_17_grch38:GGTATTGGTACCATCAx,normal,Ctrl,CO25
CO25__10X_17_grch38:GGTATTGGTGCAACGAx,normal,Ctrl,CO25
CO25__10X_17_grch38:GGTGAAGCATGGATGGx,normal,Ctrl,CO25
CO25__10X_17_grch38:GGTGCGTAGTGTGAATx,normal,Ctrl,CO25
CO25__10X_17_grch38:GTAACTGAGATATGCAx,normal,Ctrl,CO25
CO25__10X_17_grch38:GTCATTTCACCCATGGx,normal,Ctrl,CO25
CO25__10X_17_grch38:GTCGGGTCATGGGAACx,normal,Ctrl,CO25
CO25__10X_17_grch38:GTCTCGTAGCTAACTCx,normal,Ctrl,CO25
CO25__10X_17_grch38:GTCTCGTTCGTCCAGGx,normal,Ctrl,CO25
CO25__10X_17_grch38:GTGCAGCAGACTAGGCx,normal,Ctrl,CO25
CO25__10X_17_grch38:GTGCATACATAACCTGx,normal,Ctrl,CO25
CO25__10X_17_grch38:GTGCTTCCACAGACTTx,normal,Ctrl,CO25
CO25__10X_17_grch38:GTGCTTCTCTTACCTAx,normal,Ctrl,CO25
CO25__10X_17_grch38:GTTAAGCGTACGCTGCx,normal,Ctrl,CO25
CO25__10X_17_grch38:TAAGAGACACGGCTACx,normal,Ctrl,CO25
CO25__10X_17_grch38:TACACGAAGCGTAGTGx,normal,Ctrl,CO25
CO25__10X_17_grch38:TACACGACAGGGCATAx,normal,Ctrl,CO25
CO25__10X_17_grch38:TACCTATGTTAAAGTGx,normal,Ctrl,CO25
CO25__10X_17_grch38:TACGGATGTGATAAGTx,normal,Ctrl,CO25
CO25__10X_17_grch38:TACTTACTCACCTTATx,normal,Ctrl,CO25
CO25__10X_17_grch38:TATTACCGTTACCAGTx,normal,Ctrl,CO25
CO25__10X_17_grch38:TCACAAGGTGAACCTTx,normal,Ctrl,CO25
CO25__10X_17_grch38:TCATTACTCAACCAACx,normal,Ctrl,CO25
CO25__10X_17_grch38:TCATTTGCAATAGAGTx,normal,Ctrl,CO25
CO25__10X_17_grch38:TCCCGATGTCATTAGCx,normal,Ctrl,CO25
CO25__10X_17_grch38:TCGCGAGCATGAAGTAx,normal,Ctrl,CO25
CO25__10X_17_grch38:TCGGGACAGCACACAGx,normal,Ctrl,CO25
CO25__10X_17_grch38:TCGGTAAGTGACGCCTx,normal,Ctrl,CO25
CO25__10X_17_grch38:TCTCATAAGCAGGCTAx,normal,Ctrl,CO25
CO25__10X_17_grch38:TCTCTAATCTATCCCGx,normal,Ctrl,CO25
CO25__10X_17_grch38:TCTTCGGAGGTGTGGTx,normal,Ctrl,CO25
CO25__10X_17_grch38:TGACTAGGTGCAGACAx,normal,Ctrl,CO25
CO25__10X_17_grch38:TGATTTCGTTAGGGTGx,normal,Ctrl,CO25
CO25__10X_17_grch38:TGCCAAACACGAAAGCx,normal,Ctrl,CO25
CO25__10X_17_grch38:TGCCCATGTCCCTTGTx,normal,Ctrl,CO25
CO25__10X_17_grch38:TGCGCAGAGTGAACATx,normal,Ctrl,CO25
CO25__10X_17_grch38:TGCGGGTGTCATGCCGx,normal,Ctrl,CO25
CO25__10X_17_grch38:TGCTACCAGATATGCAx,normal,Ctrl,CO25
CO25__10X_17_grch38:TGCTACCCAAAGTCAAx,normal,Ctrl,CO25
CO25__10X_17_grch38:TGGACGCAGTCCGTATx,normal,Ctrl,CO25
CO25__10X_17_grch38:TGGACGCGTCGGGTCTx,normal,Ctrl,CO25
CO25__10X_17_grch38:TGGCGCAGTGACCAAGx,normal,Ctrl,CO25
CO25__10X_17_grch38:TTAGGCACATGCTAGTx,normal,Ctrl,CO25
CO25__10X_17_grch38:TTATGCTAGATCTGCTx,normal,Ctrl,CO25
CO25__10X_17_grch38:TTCGAAGTCAATCTCTx,normal,Ctrl,CO25
CO25__10X_17_grch38:TTCTACAAGGAATGGAx,normal,Ctrl,CO25
CO25__10X_17_grch38:TTCTTAGAGGCTAGGTx,normal,Ctrl,CO25
CO25__10X_17_grch38:TTGAACGTCTCCAACCx,normal,Ctrl,CO25
CO25__10X_17_grch38:TTGACTTTCTCCCTGAx,normal,Ctrl,CO25
CO25__10X_17_grch38:TTGACTTTCTTGCAAGx,normal,Ctrl,CO25
CO25__10X_17_grch38:TTGGAACGTAACGACGx,normal,Ctrl,CO25
CO25__10X_17_grch38:TTTACTGAGTAGATGTx,normal,Ctrl,CO25
CO25__10X_17_grch38:TTTACTGGTTTAAGCCx,normal,Ctrl,CO25
CO25__10X_17_grch38:TTTATGCGTCGAACAGx,normal,Ctrl,CO25
MS176_NAWM__10X_17_grch38:AACTCTTGTTAGGGTGx,MS,NAWM,MS176
MS176_NAWM__10X_17_grch38:AACTGGTCAATGCCATx,MS,NAWM,MS176
MS176_NAWM__10X_17_grch38:ACACCCTAGAAGAAGCx,MS,NAWM,MS176
MS176_NAWM__10X_17_grch38:ACAGCCGCAAGCCATTx,MS,NAWM,MS176
MS176_NAWM__10X_17_grch38:ACCAGTAAGGTAGCTGx,MS,NAWM,MS176
MS176_NAWM__10X_17_grch38:ACCGTAACAACACCCGx,MS,NAWM,MS176
MS176_NAWM__10X_17_grch38:ACGGAGAAGATGTAACx,MS,NAWM,MS176
MS176_NAWM__10X_17_grch38:ACGGCCATCTCCAGGGx,MS,NAWM,MS176
MS176_NAWM__10X_17_grch38:AGGCCACAGATGTCGGx,MS,NAWM,MS176
MS176_NAWM__10X_17_grch38:AGGCCACCACGGCTACx,MS,NAWM,MS176
MS176_NAWM__10X_17_grch38:AGTGGGATCTATCGCCx,MS,NAWM,MS176
MS176_NAWM__10X_17_grch38:ATCACGAAGATATACGx,MS,NAWM,MS176
MS176_NAWM__10X_17_grch38:ATCCGAAGTTCAGACTx,MS,NAWM,MS176
MS176_NAWM__10X_17_grch38:ATGCGATTCTTGTCATx,MS,NAWM,MS176
MS176_NAWM__10X_17_grch38:ATTCTACCACGAAAGCx,MS,NAWM,MS176
MS176_NAWM__10X_17_grch38:CACTCCACAGACAAGCx,MS,NAWM,MS176
MS176_NAWM__10X_17_grch38:CAGAGAGAGAAGGTTTx,MS,NAWM,MS176
MS176_NAWM__10X_17_grch38:CAGCGACTCCACTCCAx,MS,NAWM,MS176
MS176_NAWM__10X_17_grch38:CAGGTGCAGTGGTAGCx,MS,NAWM,MS176
MS176_NAWM__10X_17_grch38:CATATTCGTCCGCTGAx,MS,NAWM,MS176
MS176_NAWM__10X_17_grch38:CATGACAAGTCTTGCAx,MS,NAWM,MS176
MS176_NAWM__10X_17_grch38:CATTCGCTCCTTCAATx,MS,NAWM,MS176
MS176_NAWM__10X_17_grch38:CCGGGATGTCTGCGGTx,MS,NAWM,MS176
MS176_NAWM__10X_17_grch38:CCTCAGTGTTCGGGCTx,MS,NAWM,MS176
MS176_NAWM__10X_17_grch38:CCTTCCCCAAGCCATTx,MS,NAWM,MS176
MS176_NAWM__10X_17_grch38:CGACCTTCACTCTGTCx,MS,NAWM,MS176
MS176_NAWM__10X_17_grch38:CGGTTAAGTACATGTCx,MS,NAWM,MS176
MS176_NAWM__10X_17_grch38:CGTCCATCACATGACTx,MS,NAWM,MS176
MS176_NAWM__10X_17_grch38:CTACATTTCTGTCTATx,MS,NAWM,MS176
MS176_NAWM__10X_17_grch38:CTCATTACACCTTGTCx,MS,NAWM,MS176
MS176_NAWM__10X_17_grch38:CTCGTCAAGCTGATAAx,MS,NAWM,MS176
MS176_NAWM__10X_17_grch38:CTCTAATAGGGTCGATx,MS,NAWM,MS176
MS176_NAWM__10X_17_grch38:CTCTGGTCAGGTGCCTx,MS,NAWM,MS176
MS176_NAWM__10X_17_grch38:CTTAGGACAGCTCGCAx,MS,NAWM,MS176
MS176_NAWM__10X_17_grch38:CTTTGCGCAAGCCCACx,MS,NAWM,MS176
MS176_NAWM__10X_17_grch38:GACGTGCAGAGGTTGCx,MS,NAWM,MS176
MS176_NAWM__10X_17_grch38:GAGCAGAAGACAAGCCx,MS,NAWM,MS176
MS176_NAWM__10X_17_grch38:GATCGCGGTGACGGTAx,MS,NAWM,MS176
MS176_NAWM__10X_17_grch38:GCAGCCAGTCAGAATAx,MS,NAWM,MS176
MS176_NAWM__10X_17_grch38:GCATGATCAGAGTGTGx,MS,NAWM,MS176
MS176_NAWM__10X_17_grch38:GCGCAACCAAGGACTGx,MS,NAWM,MS176
MS176_NAWM__10X_17_grch38:GCGCAACTCTTCATGTx,MS,NAWM,MS176
MS176_NAWM__10X_17_grch38:GCGCCAAAGCGTTGCCx,MS,NAWM,MS176
MS176_NAWM__10X_17_grch38:GCGCCAATCATTTGGGx,MS,NAWM,MS176
MS176_NAWM__10X_17_grch38:GCTGCTTTCAGGTAAAx,MS,NAWM,MS176
MS176_NAWM__10X_17_grch38:GCTTGAATCTATCCCGx,MS,NAWM,MS176
MS176_NAWM__10X_17_grch38:GGACAAGCACTGTTAGx,MS,NAWM,MS176
MS176_NAWM__10X_17_grch38:GGACGTCCAAGGTTCTx,MS,NAWM,MS176
MS176_NAWM__10X_17_grch38:GGGTTGCTCTAACTTCx,MS,NAWM,MS176
MS176_NAWM__10X_17_grch38:GTAGGCCCAATCCAACx,MS,NAWM,MS176
MS176_NAWM__10X_17_grch38:GTCATTTAGTTCGCATx,MS,NAWM,MS176
MS176_NAWM__10X_17_grch38:TAAGAGACATTAACCGx,MS,NAWM,MS176
MS176_NAWM__10X_17_grch38:TAAGTGCGTCTCAACAx,MS,NAWM,MS176
MS176_NAWM__10X_17_grch38:TACGGGCAGACAGGCTx,MS,NAWM,MS176
MS176_NAWM__10X_17_grch38:TAGTTGGAGGTTCCTAx,MS,NAWM,MS176
MS176_NAWM__10X_17_grch38:TCACGAAAGTTGAGATx,MS,NAWM,MS176
MS176_NAWM__10X_17_grch38:TCGTACCCATTCTTACx,MS,NAWM,MS176
MS176_NAWM__10X_17_grch38:TGACGGCGTAGAAGGAx,MS,NAWM,MS176
MS176_NAWM__10X_17_grch38:TGATTTCTCTCATTCAx,MS,NAWM,MS176
MS176_NAWM__10X_17_grch38:TGCTACCCATGTCTCCx,MS,NAWM,MS176
MS176_NAWM__10X_17_grch38:TGGGAAGCAAGCTGGAx,MS,NAWM,MS176
MS176_NAWM__10X_17_grch38:TGTGGTACAATCCAACx,MS,NAWM,MS176
MS176_NAWM__10X_17_grch38:TTCTACACAAACCCATx,MS,NAWM,MS176
MS176_NAWM__10X_17_grch38:TTCTCCTAGTGACATAx,MS,NAWM,MS176
MS176_RM__10X_17_grch38:ACGCCGATCTGGGCCAx,MS,RM,MS176
MS176_RM__10X_17_grch38:AGGTCCGTCGGATGGAx,MS,RM,MS176
MS176_RM__10X_17_grch38:CAGCATATCGCTAGCGx,MS,RM,MS176
MS176_RM__10X_17_grch38:CCAATCCTCCTAGAACx,MS,RM,MS176
MS176_RM__10X_17_grch38:CGGCTAGCACGCCAGTx,MS,RM,MS176
MS176_RM__10X_17_grch38:GTGCGGTTCACAATGCx,MS,RM,MS176
MS176_RM__10X_17_grch38:TGTGGTAAGACCTAGGx,MS,RM,MS176
MS176_RM__10X_17_grch38:TTAGGCAAGAGACTATx,MS,RM,MS176
MS176_RM__10X_17_grch38:TTGCGTCGTGAGTGACx,MS,RM,MS176
MS176_CA__10X_17_grch38:AGAATAGCATCACAACx,MS,CA,MS176
MS176_CA__10X_17_grch38:AGCGTCGGTTTGACTGx,MS,CA,MS176
MS176_CA__10X_17_grch38:CGATGGCCACTCAGGCx,MS,CA,MS176
MS176_CA__10X_17_grch38:CTAGCCTCAAGCCTATx,MS,CA,MS176
MS176_CA__10X_17_grch38:CTAGTGAAGCGGATCAx,MS,CA,MS176
MS176_CA__10X_17_grch38:CTCGAGGAGCCGATTTx,MS,CA,MS176
MS176_CA__10X_17_grch38:GCAATCACAAACGTGGx,MS,CA,MS176
MS176_CA__10X_17_grch38:GTAGGCCTCACCATAGx,MS,CA,MS176
MS176_CA__10X_17_grch38:TACTCATTCACTATTCx,MS,CA,MS176
MS176_CA__10X_17_grch38:TCGTACCAGGAGTCTGx,MS,CA,MS176
MS176_CA__10X_17_grch38:TGACGGCAGTACATGAx,MS,CA,MS176
MS176_CA__10X_17_grch38:TGCGTGGGTCTAGTGTx,MS,CA,MS176
CO39__10X_17_grch38:AAGTCTGTCACCTCGTx,normal,Ctrl,CO39
CO39__10X_17_grch38:AATCCAGCAATAACGAx,normal,Ctrl,CO39
CO39__10X_17_grch38:ACCAGTATCCAAGTACx,normal,Ctrl,CO39
CO39__10X_17_grch38:AGCTCCTCACCGGAAAx,normal,Ctrl,CO39
CO39__10X_17_grch38:CAAGGCCTCCTCATTAx,normal,Ctrl,CO39
CO39__10X_17_grch38:CACCTTGGTACTCGCGx,normal,Ctrl,CO39
CO39__10X_17_grch38:CAGCTGGTCTTTAGGGx,normal,Ctrl,CO39
CO39__10X_17_grch38:CAGTAACGTGATGTCTx,normal,Ctrl,CO39
CO39__10X_17_grch38:CATGACACATCACCCTx,normal,Ctrl,CO39
CO39__10X_17_grch38:CGAATGTAGCCTATGTx,normal,Ctrl,CO39
CO39__10X_17_grch38:CTAGTGAGTTGCCTCTx,normal,Ctrl,CO39
CO39__10X_17_grch38:GAGCAGAAGAATTCCCx,normal,Ctrl,CO39
CO39__10X_17_grch38:GGTGCGTAGAACAATCx,normal,Ctrl,CO39
CO39__10X_17_grch38:TAGACCAAGTACACCTx,normal,Ctrl,CO39
CO39__10X_17_grch38:TATCTCAGTAGGAGTCx,normal,Ctrl,CO39
CO39__10X_17_grch38:TATGCCCGTGGCCCTAx,normal,Ctrl,CO39
CO39__10X_17_grch38:TCCCGATGTAAATGACx,normal,Ctrl,CO39
CO39__10X_17_grch38:TGCCCTAGTGTTGAGGx,normal,Ctrl,CO39
CO39__10X_17_grch38:TTGTAGGCATTACGACx,normal,Ctrl,CO39
CO14__10X_17_grch38:AAAGTAGCAGGTCTCGx,normal,Ctrl,CO14
CO14__10X_17_grch38:AACGTTGCATGTCCTCx,normal,Ctrl,CO14
CO14__10X_17_grch38:ACGAGGAGTCCCGACAx,normal,Ctrl,CO14
CO14__10X_17_grch38:CACCTTGCATGCCTAAx,normal,Ctrl,CO14
CO14__10X_17_grch38:CATCGAAAGTTACCCAx,normal,Ctrl,CO14
CO14__10X_17_grch38:CGATGGCTCACGACTAx,normal,Ctrl,CO14
CO14__10X_17_grch38:CTTGGCTTCGAATGCTx,normal,Ctrl,CO14
MS242_CA5__10X_17_grch38:AACCATGCAAGAGGCTx,MS,CA,MS242
MS242_CA5__10X_17_grch38:CTGTTTAGTACACCGCx,MS,CA,MS242
SD48/16__10X_17_grch38:ACTGAGTAGGCATGGTx,normal,Ctrl,SD48/16
SD48/16__10X_17_grch38:CCACCTAAGAAAGTGGx,normal,Ctrl,SD48/16
SD48/16__10X_17_grch38:CCGGGATGTAGCGATGx,normal,Ctrl,SD48/16
SD48/16__10X_17_grch38:GACTAACTCGCCGTGAx,normal,Ctrl,SD48/16
SD48/16__10X_17_grch38:TATGCCCTCAGGTAAAx,normal,Ctrl,SD48/16
SD48/16__10X_17_grch38:TTGAACGGTACGCTGCx,normal,Ctrl,SD48/16
MS122_NAWM__10X_17_grch38:AAATGCCCAGTCGATTx,MS,NAWM,MS122
MS122_NAWM__10X_17_grch38:AACACGTTCTAACGGTx,MS,NAWM,MS122
MS122_NAWM__10X_17_grch38:AACCATGAGCAGATCGx,MS,NAWM,MS122
MS122_NAWM__10X_17_grch38:AACCATGTCTCACATTx,MS,NAWM,MS122
MS122_NAWM__10X_17_grch38:AACCGCGAGTTATCGCx,MS,NAWM,MS122
MS122_NAWM__10X_17_grch38:AACGTTGAGGCTAGGTx,MS,NAWM,MS122
MS122_NAWM__10X_17_grch38:AACTCAGCAAACCCATx,MS,NAWM,MS122
MS122_NAWM__10X_17_grch38:AACTCTTAGGCTAGCAx,MS,NAWM,MS122
MS122_NAWM__10X_17_grch38:AACTCTTTCCAATGGTx,MS,NAWM,MS122
MS122_NAWM__10X_17_grch38:AAGACCTGTGTCTGATx,MS,NAWM,MS122
MS122_NAWM__10X_17_grch38:ACACCAAAGTGTCTCAx,MS,NAWM,MS122
MS122_NAWM__10X_17_grch38:ACATACGCATCCGTGGx,MS,NAWM,MS122
MS122_NAWM__10X_17_grch38:ACCCACTGTCTGCCAGx,MS,NAWM,MS122
MS122_NAWM__10X_17_grch38:ACCTTTATCTGTTTGTx,MS,NAWM,MS122
MS122_NAWM__10X_17_grch38:ACGATACAGTGTACTCx,MS,NAWM,MS122
MS122_NAWM__10X_17_grch38:ACGGAGAAGACAGACCx,MS,NAWM,MS122
MS122_NAWM__10X_17_grch38:ACGGGTCAGGCTCATTx,MS,NAWM,MS122
MS122_NAWM__10X_17_grch38:ACTGAACCAGTGGAGTx,MS,NAWM,MS122
MS122_NAWM__10X_17_grch38:ACTGAGTCAAGTTGTCx,MS,NAWM,MS122
MS122_NAWM__10X_17_grch38:ACTGAGTCACCTTGTCx,MS,NAWM,MS122
MS122_NAWM__10X_17_grch38:ACTGTCCTCTGAAAGAx,MS,NAWM,MS122
MS122_NAWM__10X_17_grch38:AGAATAGTCAATACCGx,MS,NAWM,MS122
MS122_NAWM__10X_17_grch38:AGATCTGAGTGGGCTAx,MS,NAWM,MS122
MS122_NAWM__10X_17_grch38:AGATTGCAGAATAGGGx,MS,NAWM,MS122
MS122_NAWM__10X_17_grch38:AGCGGTCCAGAGCCAAx,MS,NAWM,MS122
MS122_NAWM__10X_17_grch38:AGCGTATAGTGGTAATx,MS,NAWM,MS122
MS122_NAWM__10X_17_grch38:AGCGTATCAAGCCTATx,MS,NAWM,MS122
MS122_NAWM__10X_17_grch38:AGCTTGAGTATCTGCAx,MS,NAWM,MS122
MS122_NAWM__10X_17_grch38:AGGGAGTCAGCATGAGx,MS,NAWM,MS122
MS122_NAWM__10X_17_grch38:AGGGATGCACACCGACx,MS,NAWM,MS122
MS122_NAWM__10X_17_grch38:AGGTCATAGGTCGGATx,MS,NAWM,MS122
MS122_NAWM__10X_17_grch38:AGTAGTCCACTATCTTx,MS,NAWM,MS122
MS122_NAWM__10X_17_grch38:AGTCTTTCAGATGAGCx,MS,NAWM,MS122
MS122_NAWM__10X_17_grch38:AGTGAGGGTTTGACTGx,MS,NAWM,MS122
MS122_NAWM__10X_17_grch38:AGTGGGAGTCGAAAGCx,MS,NAWM,MS122
MS122_NAWM__10X_17_grch38:AGTTGGTGTCTAGAGGx,MS,NAWM,MS122
MS122_NAWM__10X_17_grch38:ATAAGAGTCAGGATCTx,MS,NAWM,MS122
MS122_NAWM__10X_17_grch38:ATAGACCTCATGTCCCx,MS,NAWM,MS122
MS122_NAWM__10X_17_grch38:ATCTACTCATGGTCATx,MS,NAWM,MS122
MS122_NAWM__10X_17_grch38:ATGGGAGTCCTTAATCx,MS,NAWM,MS122
MS122_NAWM__10X_17_grch38:ATGTGTGGTGGCAAACx,MS,NAWM,MS122
MS122_NAWM__10X_17_grch38:ATTATCCAGGGAGTAAx,MS,NAWM,MS122
MS122_NAWM__10X_17_grch38:ATTGGACCACCAGGTCx,MS,NAWM,MS122
MS122_NAWM__10X_17_grch38:ATTGGACCAGCCACCAx,MS,NAWM,MS122
MS122_NAWM__10X_17_grch38:CAACTAGCACGTCAGCx,MS,NAWM,MS122
MS122_NAWM__10X_17_grch38:CACACTCTCCCTAATTx,MS,NAWM,MS122
MS122_NAWM__10X_17_grch38:CACAGTATCGCAAGCCx,MS,NAWM,MS122
MS122_NAWM__10X_17_grch38:CACATAGCATGCCCGAx,MS,NAWM,MS122
MS122_NAWM__10X_17_grch38:CACCACTTCATAGCACx,MS,NAWM,MS122
MS122_NAWM__10X_17_grch38:CAGCATATCAAACCGTx,MS,NAWM,MS122
MS122_NAWM__10X_17_grch38:CAGCTGGGTGACGGTAx,MS,NAWM,MS122
MS122_NAWM__10X_17_grch38:CAGTCCTTCTGGCGTGx,MS,NAWM,MS122
MS122_NAWM__10X_17_grch38:CATGACAGTTCCTCCAx,MS,NAWM,MS122
MS122_NAWM__10X_17_grch38:CATGGCGAGGGTCGATx,MS,NAWM,MS122
MS122_NAWM__10X_17_grch38:CCCAGTTTCATCTGCCx,MS,NAWM,MS122
MS122_NAWM__10X_17_grch38:CCTACACTCTTCCTTCx,MS,NAWM,MS122
MS122_NAWM__10X_17_grch38:CCTCAGTAGCGATATAx,MS,NAWM,MS122
MS122_NAWM__10X_17_grch38:CCTTACGGTTAAAGACx,MS,NAWM,MS122
MS122_NAWM__10X_17_grch38:CCTTCCCTCACCTCGTx,MS,NAWM,MS122
MS122_NAWM__10X_17_grch38:CCTTCGAAGAGCAATTx,MS,NAWM,MS122
MS122_NAWM__10X_17_grch38:CGATGGCTCGTAGGTTx,MS,NAWM,MS122
MS122_NAWM__10X_17_grch38:CGATTGAGTAGAGCTGx,MS,NAWM,MS122
MS122_NAWM__10X_17_grch38:CGCTATCCAAACCTACx,MS,NAWM,MS122
MS122_NAWM__10X_17_grch38:CGCTGGATCCAAGCCGx,MS,NAWM,MS122
MS122_NAWM__10X_17_grch38:CGGACACCAGAGTGTGx,MS,NAWM,MS122
MS122_NAWM__10X_17_grch38:CGGAGCTGTTCCGGCAx,MS,NAWM,MS122
MS122_NAWM__10X_17_grch38:CGGTTAAAGCGGCTTCx,MS,NAWM,MS122
MS122_NAWM__10X_17_grch38:CGTCTACCATTCTCATx,MS,NAWM,MS122
MS122_NAWM__10X_17_grch38:CGTTAGAAGTCTCGGCx,MS,NAWM,MS122
MS122_NAWM__10X_17_grch38:CGTTAGACATCGGACCx,MS,NAWM,MS122
MS122_NAWM__10X_17_grch38:CGTTGGGAGTTACGGGx,MS,NAWM,MS122
MS122_NAWM__10X_17_grch38:CTAAGACAGAAGGGTAx,MS,NAWM,MS122
MS122_NAWM__10X_17_grch38:CTAATGGTCTGCTGTCx,MS,NAWM,MS122
MS122_NAWM__10X_17_grch38:CTACCCAAGGGATACCx,MS,NAWM,MS122
MS122_NAWM__10X_17_grch38:CTAGCCTAGCGCCTCAx,MS,NAWM,MS122
MS122_NAWM__10X_17_grch38:CTAGCCTCACAGATTCx,MS,NAWM,MS122
MS122_NAWM__10X_17_grch38:CTCAGAAGTCATTAGCx,MS,NAWM,MS122
MS122_NAWM__10X_17_grch38:CTCGTACGTCGAAAGCx,MS,NAWM,MS122
MS122_NAWM__10X_17_grch38:CTCTGGTGTGAGTATAx,MS,NAWM,MS122
MS122_NAWM__10X_17_grch38:CTGAAACTCGTTGACAx,MS,NAWM,MS122
MS122_NAWM__10X_17_grch38:CTGATCCTCAGTACGTx,MS,NAWM,MS122
MS122_NAWM__10X_17_grch38:CTGCTGTTCGGTTAACx,MS,NAWM,MS122
MS122_NAWM__10X_17_grch38:CTGTTTAAGAATTGTGx,MS,NAWM,MS122
MS122_NAWM__10X_17_grch38:CTTACCGAGGCATTGGx,MS,NAWM,MS122
MS122_NAWM__10X_17_grch38:CTTACCGCAAAGGAAGx,MS,NAWM,MS122
MS122_NAWM__10X_17_grch38:CTTCTCTTCCTTCAATx,MS,NAWM,MS122
MS122_NAWM__10X_17_grch38:GACCAATAGACGCACAx,MS,NAWM,MS122
MS122_NAWM__10X_17_grch38:GACGTGCTCACCTTATx,MS,NAWM,MS122
MS122_NAWM__10X_17_grch38:GACTACAGTCAACTGTx,MS,NAWM,MS122
MS122_NAWM__10X_17_grch38:GAGCAGAAGCGATTCTx,MS,NAWM,MS122
MS122_NAWM__10X_17_grch38:GATCGATGTCTAACGTx,MS,NAWM,MS122
MS122_NAWM__10X_17_grch38:GATCTAGAGTGGACGTx,MS,NAWM,MS122
MS122_NAWM__10X_17_grch38:GATGAGGAGGCATGGTx,MS,NAWM,MS122
MS122_NAWM__10X_17_grch38:GCAAACTTCATCTGTTx,MS,NAWM,MS122
MS122_NAWM__10X_17_grch38:GCATACACATCCGGGTx,MS,NAWM,MS122
MS122_NAWM__10X_17_grch38:GCGAGAAAGACAAGCCx,MS,NAWM,MS122
MS122_NAWM__10X_17_grch38:GCTCCTAAGTAGGTGCx,MS,NAWM,MS122
MS122_NAWM__10X_17_grch38:GCTTCCAAGTACACCTx,MS,NAWM,MS122
MS122_NAWM__10X_17_grch38:GCTTCCACATCGGACCx,MS,NAWM,MS122
MS122_NAWM__10X_17_grch38:GGAAAGCAGGGTGTTGx,MS,NAWM,MS122
MS122_NAWM__10X_17_grch38:GGAACTTCACTTCTGCx,MS,NAWM,MS122
MS122_NAWM__10X_17_grch38:GGAGCAACATGGTAGGx,MS,NAWM,MS122
MS122_NAWM__10X_17_grch38:GGCAATTCAGTCAGCCx,MS,NAWM,MS122
MS122_NAWM__10X_17_grch38:GGCCGATAGCTTATCGx,MS,NAWM,MS122
MS122_NAWM__10X_17_grch38:GGCGACTGTAAACACAx,MS,NAWM,MS122
MS122_NAWM__10X_17_grch38:GGTGCGTCATCGGGTCx,MS,NAWM,MS122
MS122_NAWM__10X_17_grch38:GTAACGTCATACAGCTx,MS,NAWM,MS122
MS122_NAWM__10X_17_grch38:GTAGGCCGTAGAGGAAx,MS,NAWM,MS122
MS122_NAWM__10X_17_grch38:GTATTCTCACCACCAGx,MS,NAWM,MS122
MS122_NAWM__10X_17_grch38:GTCAAGTTCGGTGTTAx,MS,NAWM,MS122
MS122_NAWM__10X_17_grch38:GTCACAATCGTTGCCTx,MS,NAWM,MS122
MS122_NAWM__10X_17_grch38:GTCCTCAAGTTGAGATx,MS,NAWM,MS122
MS122_NAWM__10X_17_grch38:GTGAAGGAGTGGTAATx,MS,NAWM,MS122
MS122_NAWM__10X_17_grch38:GTGAAGGCATGGTTGTx,MS,NAWM,MS122
MS122_NAWM__10X_17_grch38:GTGAAGGGTCCATCCTx,MS,NAWM,MS122
MS122_NAWM__10X_17_grch38:GTGGGTCCAGATGAGCx,MS,NAWM,MS122
MS122_NAWM__10X_17_grch38:GTGGGTCTCAAGAAGTx,MS,NAWM,MS122
MS122_NAWM__10X_17_grch38:GTTACAGAGTTTGCGTx,MS,NAWM,MS122
MS122_NAWM__10X_17_grch38:GTTACAGTCGTGACATx,MS,NAWM,MS122
MS122_NAWM__10X_17_grch38:GTTCGGGAGGCCCTTGx,MS,NAWM,MS122
MS122_NAWM__10X_17_grch38:TACGGATGTGATGTGGx,MS,NAWM,MS122
MS122_NAWM__10X_17_grch38:TACTCGCTCTTACCGCx,MS,NAWM,MS122
MS122_NAWM__10X_17_grch38:TAGAGCTAGAAACCGCx,MS,NAWM,MS122
MS122_NAWM__10X_17_grch38:TAGCCGGTCTCTTATGx,MS,NAWM,MS122
MS122_NAWM__10X_17_grch38:TAGTGGTAGGAATTACx,MS,NAWM,MS122
MS122_NAWM__10X_17_grch38:TAGTTGGAGACTAAGTx,MS,NAWM,MS122
MS122_NAWM__10X_17_grch38:TAGTTGGTCTAACCGAx,MS,NAWM,MS122
MS122_NAWM__10X_17_grch38:TATCAGGTCTGAGGGAx,MS,NAWM,MS122
MS122_NAWM__10X_17_grch38:TATGCCCAGTAATCCCx,MS,NAWM,MS122
MS122_NAWM__10X_17_grch38:TCAACGATCATCTGCCx,MS,NAWM,MS122
MS122_NAWM__10X_17_grch38:TCACAAGTCTTCATGTx,MS,NAWM,MS122
MS122_NAWM__10X_17_grch38:TCAGGTAAGCCGTCGTx,MS,NAWM,MS122
MS122_NAWM__10X_17_grch38:TCCACACGTTCTCATTx,MS,NAWM,MS122
MS122_NAWM__10X_17_grch38:TCGAGGCGTTGTCGCGx,MS,NAWM,MS122
MS122_NAWM__10X_17_grch38:TCGTACCCATACTCTTx,MS,NAWM,MS122
MS122_NAWM__10X_17_grch38:TCTCTAAGTAGCGTCCx,MS,NAWM,MS122
MS122_NAWM__10X_17_grch38:TCTTTCCAGTACGTAAx,MS,NAWM,MS122
MS122_NAWM__10X_17_grch38:TGACAACTCTAACTCTx,MS,NAWM,MS122
MS122_NAWM__10X_17_grch38:TGCACCTGTTTCGCTCx,MS,NAWM,MS122
MS122_NAWM__10X_17_grch38:TGCCAAAGTGCAGACAx,MS,NAWM,MS122
MS122_NAWM__10X_17_grch38:TGCCCTAAGAGGTACCx,MS,NAWM,MS122
MS122_NAWM__10X_17_grch38:TGCGCAGCAGATCCATx,MS,NAWM,MS122
MS122_NAWM__10X_17_grch38:TGCGGGTAGAACAACTx,MS,NAWM,MS122
MS122_NAWM__10X_17_grch38:TGCTGCTCACCATCCTx,MS,NAWM,MS122
MS122_NAWM__10X_17_grch38:TGGCCAGCAGACGCTCx,MS,NAWM,MS122
MS122_NAWM__10X_17_grch38:TGGTTCCCAGCCACCAx,MS,NAWM,MS122
MS122_NAWM__10X_17_grch38:TGTCCCACACGAGAGTx,MS,NAWM,MS122
MS122_NAWM__10X_17_grch38:TGTCCCATCACCTTATx,MS,NAWM,MS122
MS122_NAWM__10X_17_grch38:TGTGGTACAATCACACx,MS,NAWM,MS122
MS122_NAWM__10X_17_grch38:TGTGTTTCAGTTAACCx,MS,NAWM,MS122
MS122_NAWM__10X_17_grch38:TTAACTCTCGCTAGCGx,MS,NAWM,MS122
MS122_NAWM__10X_17_grch38:TTAGGACTCAACACACx,MS,NAWM,MS122
MS122_NAWM__10X_17_grch38:TTAGTTCCAATGCCATx,MS,NAWM,MS122
MS122_NAWM__10X_17_grch38:TTCGAAGCATCCGCGAx,MS,NAWM,MS122
MS122_NAWM__10X_17_grch38:TTGAACGAGATCGGGTx,MS,NAWM,MS122
MS122_NAWM__10X_17_grch38:TTGGAACAGACTACAAx,MS,NAWM,MS122
MS122_NAWM__10X_17_grch38:TTTCCTCGTTAAGGGCx,MS,NAWM,MS122
MS122_NAWM__10X_17_grch38:TTTGCGCCACCAGGTCx,MS,NAWM,MS122
MS122_CI__10X_17_grch38:AAAGATGGTTATCACGx,MS,CI,MS122
MS122_CI__10X_17_grch38:AAAGCAAAGATATGCAx,MS,CI,MS122
MS122_CI__10X_17_grch38:AACTCAGTCTCGTTTAx,MS,CI,MS122
MS122_CI__10X_17_grch38:AACTGGTGTTAAGATGx,MS,CI,MS122
MS122_CI__10X_17_grch38:ACGAGCCAGCGTGTCCx,MS,CI,MS122
MS122_CI__10X_17_grch38:ACGAGGACATCGGTTAx,MS,CI,MS122
MS122_CI__10X_17_grch38:ACGATACGTTTAGCTGx,MS,CI,MS122
MS122_CI__10X_17_grch38:ACGGGCTTCTCGAGTAx,MS,CI,MS122
MS122_CI__10X_17_grch38:ACTGAACGTGTAAGTAx,MS,CI,MS122
MS122_CI__10X_17_grch38:AGCATACGTCAACTGTx,MS,CI,MS122
MS122_CI__10X_17_grch38:AGCTCTCTCATCATTCx,MS,CI,MS122
MS122_CI__10X_17_grch38:AGGTCATCAGTTAACCx,MS,CI,MS122
MS122_CI__10X_17_grch38:ATTCTACAGTTAAGTGx,MS,CI,MS122
MS122_CI__10X_17_grch38:ATTGGACTCATCACCCx,MS,CI,MS122
MS122_CI__10X_17_grch38:CAAGAAAAGATGGCGTx,MS,CI,MS122
MS122_CI__10X_17_grch38:CAGCTAAAGGCTAGACx,MS,CI,MS122
MS122_CI__10X_17_grch38:CATATGGAGGGATACCx,MS,CI,MS122
MS122_CI__10X_17_grch38:CATCCACCATACCATGx,MS,CI,MS122
MS122_CI__10X_17_grch38:CATTATCCATGTTGACx,MS,CI,MS122
MS122_CI__10X_17_grch38:CCTTACGTCTGCCAGGx,MS,CI,MS122
MS122_CI__10X_17_grch38:CGGAGTCCAGGATCGAx,MS,CI,MS122
MS122_CI__10X_17_grch38:CTCGGGATCTGTCAAGx,MS,CI,MS122
MS122_CI__10X_17_grch38:CTTAACTGTGCATCTAx,MS,CI,MS122
MS122_CI__10X_17_grch38:CTTACCGAGAAACGAGx,MS,CI,MS122
MS122_CI__10X_17_grch38:CTTGGCTAGTATCTCGx,MS,CI,MS122
MS122_CI__10X_17_grch38:GAACCTACACAGACAGx,MS,CI,MS122
MS122_CI__10X_17_grch38:GACGCGTGTCGGCACTx,MS,CI,MS122
MS122_CI__10X_17_grch38:GACTACATCAGTACGTx,MS,CI,MS122
MS122_CI__10X_17_grch38:GCACTCTCAAGCGATGx,MS,CI,MS122
MS122_CI__10X_17_grch38:GCCTCTATCTTGCAAGx,MS,CI,MS122
MS122_CI__10X_17_grch38:GCTCTGTAGCAGACTGx,MS,CI,MS122
MS122_CI__10X_17_grch38:GGCAATTCATTACGACx,MS,CI,MS122
MS122_CI__10X_17_grch38:GTAGGCCGTACGCTGCx,MS,CI,MS122
MS122_CI__10X_17_grch38:GTCACAAAGACCCACCx,MS,CI,MS122
MS122_CI__10X_17_grch38:GTTACAGTCCCACTTGx,MS,CI,MS122
MS122_CI__10X_17_grch38:TAAGCGTTCGTAGGTTx,MS,CI,MS122
MS122_CI__10X_17_grch38:TACGGATCAGGCTGAAx,MS,CI,MS122
MS122_CI__10X_17_grch38:TACTTACAGTATGACAx,MS,CI,MS122
MS122_CI__10X_17_grch38:TATCTCATCGGAAATAx,MS,CI,MS122
MS122_CI__10X_17_grch38:TATGCCCTCTCGCATCx,MS,CI,MS122
MS122_CI__10X_17_grch38:TCAGATGAGTTCGCATx,MS,CI,MS122
MS122_CI__10X_17_grch38:TCGAGGCGTTTAGGAAx,MS,CI,MS122
MS122_CI__10X_17_grch38:TCGGGACAGGCCGAATx,MS,CI,MS122
MS122_CI__10X_17_grch38:TCTCATAAGGCTAGGTx,MS,CI,MS122
MS122_CI__10X_17_grch38:TTTATGCTCCAGAGGAx,MS,CI,MS122
MS122_A__10X_17_grch38:AAGGCAGAGACATAACx,MS,A,MS122
MS122_A__10X_17_grch38:AAGGCAGTCTTGCATTx,MS,A,MS122
MS122_A__10X_17_grch38:AAGTCTGAGACTACAAx,MS,A,MS122
MS122_A__10X_17_grch38:AATCGGTTCTGTTGAGx,MS,A,MS122
MS122_A__10X_17_grch38:ACACTGAGTTCAACCAx,MS,A,MS122
MS122_A__10X_17_grch38:ACACTGATCAAAGACAx,MS,A,MS122
MS122_A__10X_17_grch38:ACATGGTTCTTGTTTGx,MS,A,MS122
MS122_A__10X_17_grch38:ACCAGTACACATTCGAx,MS,A,MS122
MS122_A__10X_17_grch38:ACGATGTCATGCATGTx,MS,A,MS122
MS122_A__10X_17_grch38:ACGCCAGCACGTGAGAx,MS,A,MS122
MS122_A__10X_17_grch38:ACGCCAGTCCAGGGCTx,MS,A,MS122
MS122_A__10X_17_grch38:ACGTCAAGTATGAATGx,MS,A,MS122
MS122_A__10X_17_grch38:ACTGATGGTCCTCCATx,MS,A,MS122
MS122_A__10X_17_grch38:AGCCTAACAAACAACAx,MS,A,MS122
MS122_A__10X_17_grch38:AGGGATGCATTCCTGCx,MS,A,MS122
MS122_A__10X_17_grch38:CAACTAGAGCCAGGATx,MS,A,MS122
MS122_A__10X_17_grch38:CAACTAGTCTCTGAGAx,MS,A,MS122
MS122_A__10X_17_grch38:CAAGTTGGTTCAACCAx,MS,A,MS122
MS122_A__10X_17_grch38:CACATTTAGAGATGAGx,MS,A,MS122
MS122_A__10X_17_grch38:CATGACATCGAGCCCAx,MS,A,MS122
MS122_A__10X_17_grch38:CCACGGACACAGGTTTx,MS,A,MS122
MS122_A__10X_17_grch38:CCCATACCAATAGCAAx,MS,A,MS122
MS122_A__10X_17_grch38:CCTAAAGTCACCCGAGx,MS,A,MS122
MS122_A__10X_17_grch38:CCTCAGTAGCTACCTAx,MS,A,MS122
MS122_A__10X_17_grch38:CCTTTCTTCTCCCTGAx,MS,A,MS122
MS122_A__10X_17_grch38:CGACTTCAGGTGCTTTx,MS,A,MS122
MS122_A__10X_17_grch38:CGATGTACAATGGACGx,MS,A,MS122
MS122_A__10X_17_grch38:CGCTTCAAGCAGACTGx,MS,A,MS122
MS122_A__10X_17_grch38:CGGACACGTCTGCGGTx,MS,A,MS122
MS122_A__10X_17_grch38:CGTTGGGCAGCGAACAx,MS,A,MS122
MS122_A__10X_17_grch38:CGTTGGGGTATTCGTGx,MS,A,MS122
MS122_A__10X_17_grch38:CTAAGACAGATCCTGTx,MS,A,MS122
MS122_A__10X_17_grch38:CTACACCGTACAGACGx,MS,A,MS122
MS122_A__10X_17_grch38:CTAGAGTTCTGTTTGTx,MS,A,MS122
MS122_A__10X_17_grch38:CTCACACAGCGATATAx,MS,A,MS122
MS122_A__10X_17_grch38:CTCACACGTACCGAGAx,MS,A,MS122
MS122_A__10X_17_grch38:CTCGGAGCACCGCTAGx,MS,A,MS122
MS122_A__10X_17_grch38:CTGAAGTAGATGCCAGx,MS,A,MS122
MS122_A__10X_17_grch38:CTGATAGTCTCTTGATx,MS,A,MS122
MS122_A__10X_17_grch38:CTGTGCTTCCCTGACTx,MS,A,MS122
MS122_A__10X_17_grch38:GACCTGGGTCACCCAGx,MS,A,MS122
MS122_A__10X_17_grch38:GACGCGTAGGGATACCx,MS,A,MS122
MS122_A__10X_17_grch38:GAGCAGACACCTGGTGx,MS,A,MS122
MS122_A__10X_17_grch38:GAGCAGACAGTGGAGTx,MS,A,MS122
MS122_A__10X_17_grch38:GATTCAGCATCAGTCAx,MS,A,MS122
MS122_A__10X_17_grch38:GCATACACAATAAGCAx,MS,A,MS122
MS122_A__10X_17_grch38:GCATGTATCCACGTTCx,MS,A,MS122
MS122_A__10X_17_grch38:GCTCTGTAGGACAGAAx,MS,A,MS122
MS122_A__10X_17_grch38:GCTTCCAGTGGTACAGx,MS,A,MS122
MS122_A__10X_17_grch38:GGAAAGCAGGATATACx,MS,A,MS122
MS122_A__10X_17_grch38:GGAACTTCAACACGCCx,MS,A,MS122
MS122_A__10X_17_grch38:GGACGTCAGAGCCTAGx,MS,A,MS122
MS122_A__10X_17_grch38:GGACGTCTCGCTGATAx,MS,A,MS122
MS122_A__10X_17_grch38:GGGAATGGTTGAACTCx,MS,A,MS122
MS122_A__10X_17_grch38:GGTGAAGTCTCGTTTAx,MS,A,MS122
MS122_A__10X_17_grch38:GTACTCCCATGGTCTAx,MS,A,MS122
MS122_A__10X_17_grch38:GTATCTTTCAACACACx,MS,A,MS122
MS122_A__10X_17_grch38:GTCCTCAGTACAGTTCx,MS,A,MS122
MS122_A__10X_17_grch38:GTGTGCGTCTGAAAGAx,MS,A,MS122
MS122_A__10X_17_grch38:GTTAAGCGTATGGTTCx,MS,A,MS122
MS122_A__10X_17_grch38:GTTAAGCTCTACTATCx,MS,A,MS122
MS122_A__10X_17_grch38:GTTCGGGGTAGCAAATx,MS,A,MS122
MS122_A__10X_17_grch38:TACACGACAAGGGTCAx,MS,A,MS122
MS122_A__10X_17_grch38:TACGGGCAGATAGGAGx,MS,A,MS122
MS122_A__10X_17_grch38:TAGGCATTCGGTCTAAx,MS,A,MS122
MS122_A__10X_17_grch38:TAGTGGTCATAAGACAx,MS,A,MS122
MS122_A__10X_17_grch38:TATCTCAAGATCGATAx,MS,A,MS122
MS122_A__10X_17_grch38:TCAATCTTCCTCAATTx,MS,A,MS122
MS122_A__10X_17_grch38:TCACAAGTCAGTTCGAx,MS,A,MS122
MS122_A__10X_17_grch38:TCAGCAACAGCCACCAx,MS,A,MS122
MS122_A__10X_17_grch38:TCGAGGCTCACCACCTx,MS,A,MS122
MS122_A__10X_17_grch38:TCGAGGCTCAGTTGACx,MS,A,MS122
MS122_A__10X_17_grch38:TCGGGACTCTGCCCTAx,MS,A,MS122
MS122_A__10X_17_grch38:TGACAACGTGATAAGTx,MS,A,MS122
MS122_A__10X_17_grch38:TGAGAGGCAGCTGCTGx,MS,A,MS122
MS122_A__10X_17_grch38:TGCTACCCATCCGTGGx,MS,A,MS122
MS122_A__10X_17_grch38:TGGCGCAAGTCCGTATx,MS,A,MS122
MS122_A__10X_17_grch38:TGGTTAGTCGAATGGGx,MS,A,MS122
MS122_A__10X_17_grch38:TGTTCCGCAGGTTTCAx,MS,A,MS122
MS122_A__10X_17_grch38:TTAGGACTCGATCCCTx,MS,A,MS122
MS122_A__10X_17_grch38:TTAGGACTCTAAGCCAx,MS,A,MS122
MS122_A__10X_17_grch38:TTCTCCTAGCTTCGCGx,MS,A,MS122
MS122_A__10X_17_grch38:TTGGAACAGCTAGCCCx,MS,A,MS122
MS122_A__10X_17_grch38:TTTACTGCACGAAAGCx,MS,A,MS122
MS122_A__10X_17_grch38:TTTATGCTCTGCGTAAx,MS,A,MS122
MS122_A__10X_17_grch38:TTTGCGCTCTCGCATCx,MS,A,MS122
MS122_A__10X_17_grch38:TTTGGTTCATGTAAGAx,MS,A,MS122
MS122_A__10X_17_grch38:TTTGTCAAGACAAAGGx,MS,A,MS122
MS121_NAWM__10X_17_grch38:AACACGTGTTGCGTTAx,MS,NAWM,MS121
MS121_NAWM__10X_17_grch38:ATCGAGTGTTGGAGGTx,MS,NAWM,MS121
MS121_NAWM__10X_17_grch38:CACACCTTCAACGCTAx,MS,NAWM,MS121
MS121_NAWM__10X_17_grch38:CGTCAGGTCACTTATCx,MS,NAWM,MS121
MS121_NAWM__10X_17_grch38:CTCGGGAGTACTCGCGx,MS,NAWM,MS121
MS121_NAWM__10X_17_grch38:CTGGTCTCAGCGTTCGx,MS,NAWM,MS121
MS121_NAWM__10X_17_grch38:GAACATCGTCCGTCAGx,MS,NAWM,MS121
MS121_NAWM__10X_17_grch38:GACCAATGTAAGTAGTx,MS,NAWM,MS121
MS121_NAWM__10X_17_grch38:GATCGATTCTCGTATTx,MS,NAWM,MS121
MS121_NAWM__10X_17_grch38:GATTCAGTCAGCTCGGx,MS,NAWM,MS121
MS121_NAWM__10X_17_grch38:GCATGATAGAATAGGGx,MS,NAWM,MS121
MS121_NAWM__10X_17_grch38:TTAGGACAGATGTCGGx,MS,NAWM,MS121
MS121_NAWM__10X_17_grch38:TTTACTGTCACCTCGTx,MS,NAWM,MS121
MS121_A2__10X_17_grch38:AGCGTATTCCCTTGCAx,MS,A,MS121
MS121_A2__10X_17_grch38:CGATGTACAATAGCAAx,MS,A,MS121
MS121_A2__10X_17_grch38:GATCTAGGTTGGAGGTx,MS,A,MS121
MS121_CA__10X_17_grch38:TCCACACAGTCCATACx,MS,CA,MS121
SD48/16__10X_17_grch38:CCACCTAAGGCGCTCTx,normal,Ctrl,SD48/16
MS122_NAWM__10X_17_grch38:TACCTATAGTACGTTCx,MS,NAWM,MS122
MS122_CI__10X_17_grch38:CAACCTCCAAACAACAx,MS,CI,MS122
MS122_A__10X_17_grch38:AGGGTGACAGCTGTATx,MS,A,MS122
MS122_A__10X_17_grch38:TCACAAGGTTACCAGTx,MS,A,MS122
CO28__10X_17_grch38:AGAATAGCAGGTCGTCx,normal,Ctrl,CO28
CO28__10X_17_grch38:CCATTCGAGTACGACGx,normal,Ctrl,CO28
CO28__10X_17_grch38:CGGAGTCAGCCCAATTx,normal,Ctrl,CO28
CO28__10X_17_grch38:GTTACAGAGCCACGTCx,normal,Ctrl,CO28
CO28__10X_17_grch38:TTGCGTCTCCGATATGx,normal,Ctrl,CO28
CO25__10X_17_grch38:ACATACGGTAAGTAGTx,normal,Ctrl,CO25
CO25__10X_17_grch38:ACATACGGTCATGCATx,normal,Ctrl,CO25
CO25__10X_17_grch38:ACGATACCACGGTAAGx,normal,Ctrl,CO25
CO25__10X_17_grch38:AGCAGCCGTTCGCTAAx,normal,Ctrl,CO25
CO25__10X_17_grch38:AGGTCATAGACCTAGGx,normal,Ctrl,CO25
CO25__10X_17_grch38:CAACCTCGTCATGCCGx,normal,Ctrl,CO25
CO25__10X_17_grch38:CAGCATATCCGTTGTCx,normal,Ctrl,CO25
CO25__10X_17_grch38:CCGTACTTCATTCACTx,normal,Ctrl,CO25
CO25__10X_17_grch38:CGAGCCAGTGCGATAGx,normal,Ctrl,CO25
CO25__10X_17_grch38:CTGTGCTAGATAGGAGx,normal,Ctrl,CO25
CO25__10X_17_grch38:GACTGCGTCCCATTATx,normal,Ctrl,CO25
CO25__10X_17_grch38:GGCCGATTCTCGCATCx,normal,Ctrl,CO25
CO25__10X_17_grch38:GGCGACTTCTGTCTATx,normal,Ctrl,CO25
CO25__10X_17_grch38:GGTGTTATCACATAGCx,normal,Ctrl,CO25
CO25__10X_17_grch38:GTCATTTCACATCTTTx,normal,Ctrl,CO25
CO25__10X_17_grch38:GTTCGGGCATCACCCTx,normal,Ctrl,CO25
CO25__10X_17_grch38:TATGCCCGTGAGCGATx,normal,Ctrl,CO25
CO25__10X_17_grch38:TCACGAAGTTCGCGACx,normal,Ctrl,CO25
CO25__10X_17_grch38:TCAGGTATCAAAGTAGx,normal,Ctrl,CO25
CO25__10X_17_grch38:TCTATTGTCCCTGACTx,normal,Ctrl,CO25
CO25__10X_17_grch38:TGCCCATTCGTCGTTCx,normal,Ctrl,CO25
CO25__10X_17_grch38:TGGCGCAAGGTCATCTx,normal,Ctrl,CO25
CO25__10X_17_grch38:TGGCGCAGTAAGTGGCx,normal,Ctrl,CO25
CO25__10X_17_grch38:TTCCCAGCAGAAGCACx,normal,Ctrl,CO25
CO25__10X_17_grch38:TTTATGCCAAGGACTGx,normal,Ctrl,CO25
MS176_NAWM__10X_17_grch38:AAACGGGAGCCGATTTx,MS,NAWM,MS176
MS176_NAWM__10X_17_grch38:AAGACCTGTGTCGCTGx,MS,NAWM,MS176
MS176_NAWM__10X_17_grch38:AAGCCGCTCTCTTGATx,MS,NAWM,MS176
MS176_NAWM__10X_17_grch38:AAGTCTGGTGTGGCTCx,MS,NAWM,MS176
MS176_NAWM__10X_17_grch38:ACACCAACACAAGCCCx,MS,NAWM,MS176
MS176_NAWM__10X_17_grch38:ACATACGTCCACTCCAx,MS,NAWM,MS176
MS176_NAWM__10X_17_grch38:ACATCAGTCATCTGCCx,MS,NAWM,MS176
MS176_NAWM__10X_17_grch38:ACTATCTTCTTTACGTx,MS,NAWM,MS176
MS176_NAWM__10X_17_grch38:ATTGGACAGCTACCTAx,MS,NAWM,MS176
MS176_NAWM__10X_17_grch38:CAAGATCTCCTAGAACx,MS,NAWM,MS176
MS176_NAWM__10X_17_grch38:CCCAATCGTCCGAAGAx,MS,NAWM,MS176
MS176_NAWM__10X_17_grch38:CCCATACGTCACTGGCx,MS,NAWM,MS176
MS176_NAWM__10X_17_grch38:CGAGCCAGTAGCCTATx,MS,NAWM,MS176
MS176_NAWM__10X_17_grch38:CGATGTATCCATGAGTx,MS,NAWM,MS176
MS176_NAWM__10X_17_grch38:CGTTGGGAGTAGATGTx,MS,NAWM,MS176
MS176_NAWM__10X_17_grch38:CTAAGACCAAACTGTCx,MS,NAWM,MS176
MS176_NAWM__10X_17_grch38:CTACACCGTGTAAGTAx,MS,NAWM,MS176
MS176_NAWM__10X_17_grch38:CTACATTTCTTCATGTx,MS,NAWM,MS176
MS176_NAWM__10X_17_grch38:CTTAACTTCTGCCAGGx,MS,NAWM,MS176
MS176_NAWM__10X_17_grch38:GAACATCGTATTCTCTx,MS,NAWM,MS176
MS176_NAWM__10X_17_grch38:GATGCTACAGCCAGAAx,MS,NAWM,MS176
MS176_NAWM__10X_17_grch38:GCAGTTAAGATGCGACx,MS,NAWM,MS176
MS176_NAWM__10X_17_grch38:GCGCAACCATCGTCGGx,MS,NAWM,MS176
MS176_NAWM__10X_17_grch38:GGACAGACAAGTTCTGx,MS,NAWM,MS176
MS176_NAWM__10X_17_grch38:GGATTACGTCTTGTCCx,MS,NAWM,MS176
MS176_NAWM__10X_17_grch38:GGTGTTAGTCAAACTCx,MS,NAWM,MS176
MS176_NAWM__10X_17_grch38:TACTCATCAATAACGAx,MS,NAWM,MS176
MS176_NAWM__10X_17_grch38:TACTCGCTCAATCTCTx,MS,NAWM,MS176
MS176_NAWM__10X_17_grch38:TCATTTGAGTTCGATCx,MS,NAWM,MS176
MS176_NAWM__10X_17_grch38:TCGCGAGAGAAACCGCx,MS,NAWM,MS176
MS176_NAWM__10X_17_grch38:TCGCGAGGTTGACGTTx,MS,NAWM,MS176
MS176_NAWM__10X_17_grch38:TCGGTAAAGAATCTCCx,MS,NAWM,MS176
MS176_NAWM__10X_17_grch38:TCGTACCGTCGAATCTx,MS,NAWM,MS176
MS176_NAWM__10X_17_grch38:TCTTCGGTCTGTCTATx,MS,NAWM,MS176
MS176_NAWM__10X_17_grch38:TGCGTGGAGTCACGCCx,MS,NAWM,MS176
MS176_NAWM__10X_17_grch38:TGGGAAGCACGTAAGGx,MS,NAWM,MS176
MS176_NAWM__10X_17_grch38:TGGTTCCGTCGAATCTx,MS,NAWM,MS176
MS176_RM__10X_17_grch38:ACCAGTAGTAGAGCTGx,MS,RM,MS176
MS176_RM__10X_17_grch38:CATCAAGAGAGGTTATx,MS,RM,MS176
MS176_CA__10X_17_grch38:ACACCCTAGGGAAACAx,MS,CA,MS176
MS176_CA__10X_17_grch38:CATCAAGGTATGAAACx,MS,CA,MS176
MS176_CA__10X_17_grch38:CCTCTGAAGCTATGCTx,MS,CA,MS176
MS176_CA__10X_17_grch38:CTGCTGTTCCTTAATCx,MS,CA,MS176
MS176_CA__10X_17_grch38:GATGAGGAGGGATGGGx,MS,CA,MS176
MS176_CA__10X_17_grch38:GCGGGTTGTGGCCCTAx,MS,CA,MS176
MS176_CA__10X_17_grch38:TGGCGCATCGCCAAATx,MS,CA,MS176
MS176_CA__10X_17_grch38:TTAGTTCGTAAGAGGAx,MS,CA,MS176
CO39__10X_17_grch38:AGCGTCGAGGCAGTCAx,normal,Ctrl,CO39
CO39__10X_17_grch38:ATTGGTGGTCGAGTTTx,normal,Ctrl,CO39
CO39__10X_17_grch38:CAAGTTGTCTACTTACx,normal,Ctrl,CO39
CO39__10X_17_grch38:CAGCGACGTCGCCATGx,normal,Ctrl,CO39
CO39__10X_17_grch38:CGATGGCGTAGTGAATx,normal,Ctrl,CO39
CO39__10X_17_grch38:CGCTATCTCGTGACATx,normal,Ctrl,CO39
CO39__10X_17_grch38:CTACGTCTCCCTTGCAx,normal,Ctrl,CO39
CO39__10X_17_grch38:CTTAGGAAGCGAAGGGx,normal,Ctrl,CO39
CO39__10X_17_grch38:GAATGAAAGACCGGATx,normal,Ctrl,CO39
CO39__10X_17_grch38:GATCTAGTCCAGATCAx,normal,Ctrl,CO39
CO39__10X_17_grch38:GGTGCGTCATCATCCCx,normal,Ctrl,CO39
CO39__10X_17_grch38:GTAGTCAGTTTCCACCx,normal,Ctrl,CO39
CO39__10X_17_grch38:TCTCTAACAACAACCTx,normal,Ctrl,CO39
CO39__10X_17_grch38:TGGGCGTGTTCTGAACx,normal,Ctrl,CO39
CO39__10X_17_grch38:TTTGGTTTCCACGTTCx,normal,Ctrl,CO39
CO14__10X_17_grch38:CATTATCCAGCTATTGx,normal,Ctrl,CO14
CO14__10X_17_grch38:CCCAGTTCATCGGAAGx,normal,Ctrl,CO14
CO14__10X_17_grch38:CCTCTGATCAGGCAAGx,normal,Ctrl,CO14
CO14__10X_17_grch38:CGCTTCAAGTCAATAGx,normal,Ctrl,CO14
CO14__10X_17_grch38:GCAGCCATCATAGCACx,normal,Ctrl,CO14
SD48/16__10X_17_grch38:CAGCCGAAGTACGTTCx,normal,Ctrl,SD48/16
SD48/16__10X_17_grch38:TAGTTGGCACCAGGTCx,normal,Ctrl,SD48/16
MS122_NAWM__10X_17_grch38:AAGACCTTCCTAGTGAx,MS,NAWM,MS122
MS122_NAWM__10X_17_grch38:AAGGCAGGTGTGTGCCx,MS,NAWM,MS122
MS122_NAWM__10X_17_grch38:AATCCAGGTGAGCGATx,MS,NAWM,MS122
MS122_NAWM__10X_17_grch38:ACACCCTCATCGGTTAx,MS,NAWM,MS122
MS122_NAWM__10X_17_grch38:ACAGCCGCAGCCTGTGx,MS,NAWM,MS122
MS122_NAWM__10X_17_grch38:ACGAGCCTCCTAAGTGx,MS,NAWM,MS122
MS122_NAWM__10X_17_grch38:ACGAGGATCACAGGCCx,MS,NAWM,MS122
MS122_NAWM__10X_17_grch38:ACGTCAACACCGTTGGx,MS,NAWM,MS122
MS122_NAWM__10X_17_grch38:ACTTTCATCAGTTTGGx,MS,NAWM,MS122
MS122_NAWM__10X_17_grch38:ACTTTCATCATCTGCCx,MS,NAWM,MS122
MS122_NAWM__10X_17_grch38:AGCATACAGAAGGTTTx,MS,NAWM,MS122
MS122_NAWM__10X_17_grch38:AGCATACGTAATTGGAx,MS,NAWM,MS122
MS122_NAWM__10X_17_grch38:AGGGTGAGTACTTAGCx,MS,NAWM,MS122
MS122_NAWM__10X_17_grch38:AGGTCCGAGATCCTGTx,MS,NAWM,MS122
MS122_NAWM__10X_17_grch38:AGTGAGGAGAGGGATAx,MS,NAWM,MS122
MS122_NAWM__10X_17_grch38:ATAGACCCATATGAGAx,MS,NAWM,MS122
MS122_NAWM__10X_17_grch38:ATCATCTTCCAATGGTx,MS,NAWM,MS122
MS122_NAWM__10X_17_grch38:ATGGGAGAGCCACTATx,MS,NAWM,MS122
MS122_NAWM__10X_17_grch38:ATTACTCGTTCTGAACx,MS,NAWM,MS122
MS122_NAWM__10X_17_grch38:ATTGGACAGAGCCCAAx,MS,NAWM,MS122
MS122_NAWM__10X_17_grch38:ATTGGACCATAGAAACx,MS,NAWM,MS122
MS122_NAWM__10X_17_grch38:CAAGTTGCAACTGGCCx,MS,NAWM,MS122
MS122_NAWM__10X_17_grch38:CAGCAGCAGAGTACCGx,MS,NAWM,MS122
MS122_NAWM__10X_17_grch38:CAGCCGATCTAGAGTCx,MS,NAWM,MS122
MS122_NAWM__10X_17_grch38:CAGTCCTAGTTCGCATx,MS,NAWM,MS122
MS122_NAWM__10X_17_grch38:CATGACAGTCCTAGCGx,MS,NAWM,MS122
MS122_NAWM__10X_17_grch38:CATGACATCCGGCACAx,MS,NAWM,MS122
MS122_NAWM__10X_17_grch38:CCCAGTTAGGCCCTTGx,MS,NAWM,MS122
MS122_NAWM__10X_17_grch38:CCCAGTTAGGCGCTCTx,MS,NAWM,MS122
MS122_NAWM__10X_17_grch38:CCGTTCAAGGGCTTCCx,MS,NAWM,MS122
MS122_NAWM__10X_17_grch38:CCTACACAGATGTCGGx,MS,NAWM,MS122
MS122_NAWM__10X_17_grch38:CCTAGCTGTACACCGCx,MS,NAWM,MS122
MS122_NAWM__10X_17_grch38:CCTTCGAAGAGGTTATx,MS,NAWM,MS122
MS122_NAWM__10X_17_grch38:CGCCAAGGTATCTGCAx,MS,NAWM,MS122
MS122_NAWM__10X_17_grch38:CGCTATCAGCTTATCGx,MS,NAWM,MS122
MS122_NAWM__10X_17_grch38:CGCTATCCAATAGAGTx,MS,NAWM,MS122
MS122_NAWM__10X_17_grch38:CGTCTACGTCCGAAGAx,MS,NAWM,MS122
MS122_NAWM__10X_17_grch38:CGTGTCTAGTCCGTATx,MS,NAWM,MS122
MS122_NAWM__10X_17_grch38:CGTTGGGCACCTGGTGx,MS,NAWM,MS122
MS122_NAWM__10X_17_grch38:CGTTGGGGTTACGACTx,MS,NAWM,MS122
MS122_NAWM__10X_17_grch38:CGTTGGGTCTATGTGGx,MS,NAWM,MS122
MS122_NAWM__10X_17_grch38:CTAGCCTTCAGTGCATx,MS,NAWM,MS122
MS122_NAWM__10X_17_grch38:CTAGTGATCGGCCGATx,MS,NAWM,MS122
MS122_NAWM__10X_17_grch38:CTCGAGGGTGTTTGTGx,MS,NAWM,MS122
MS122_NAWM__10X_17_grch38:GACAGAGTCTGTGCAAx,MS,NAWM,MS122
MS122_NAWM__10X_17_grch38:GAGCAGAAGTGCTGCCx,MS,NAWM,MS122
MS122_NAWM__10X_17_grch38:GATCAGTAGGAGTCTGx,MS,NAWM,MS122
MS122_NAWM__10X_17_grch38:GATCAGTTCGGAATCTx,MS,NAWM,MS122
MS122_NAWM__10X_17_grch38:GATCGCGCAAGGCTCCx,MS,NAWM,MS122
MS122_NAWM__10X_17_grch38:GATGAGGTCAAGAAGTx,MS,NAWM,MS122
MS122_NAWM__10X_17_grch38:GCAGTTACATGGATGGx,MS,NAWM,MS122
MS122_NAWM__10X_17_grch38:GCATACAAGACCACGAx,MS,NAWM,MS122
MS122_NAWM__10X_17_grch38:GCATGATCAGGCGATAx,MS,NAWM,MS122
MS122_NAWM__10X_17_grch38:GCCAAATAGTGCTGCCx,MS,NAWM,MS122
MS122_NAWM__10X_17_grch38:GCGCAGTAGTACACCTx,MS,NAWM,MS122
MS122_NAWM__10X_17_grch38:GCGCAGTGTCGCATATx,MS,NAWM,MS122
MS122_NAWM__10X_17_grch38:GCGCCAAAGAAACGCCx,MS,NAWM,MS122
MS122_NAWM__10X_17_grch38:GCTGCGATCGTCTGCTx,MS,NAWM,MS122
MS122_NAWM__10X_17_grch38:GCTGGGTAGCCTCGTGx,MS,NAWM,MS122
MS122_NAWM__10X_17_grch38:GGAATAAAGCCACCTGx,MS,NAWM,MS122
MS122_NAWM__10X_17_grch38:GGAATAAGTATTACCGx,MS,NAWM,MS122
MS122_NAWM__10X_17_grch38:GGACAAGCAAGAAAGGx,MS,NAWM,MS122
MS122_NAWM__10X_17_grch38:GGAGCAAAGCTTCGCGx,MS,NAWM,MS122
MS122_NAWM__10X_17_grch38:GGAGCAAGTACAAGTAx,MS,NAWM,MS122
MS122_NAWM__10X_17_grch38:GGCAATTAGGTGTGGTx,MS,NAWM,MS122
MS122_NAWM__10X_17_grch38:GGCGACTCATCACCCTx,MS,NAWM,MS122
MS122_NAWM__10X_17_grch38:GGTATTGGTGGGTCAAx,MS,NAWM,MS122
MS122_NAWM__10X_17_grch38:GTAACTGCATAGTAAGx,MS,NAWM,MS122
MS122_NAWM__10X_17_grch38:GTAACTGTCTGGAGCCx,MS,NAWM,MS122
MS122_NAWM__10X_17_grch38:GTCATTTCAGGTGGATx,MS,NAWM,MS122
MS122_NAWM__10X_17_grch38:GTCCTCAGTGTCAATCx,MS,NAWM,MS122
MS122_NAWM__10X_17_grch38:GTGCAGCCACGTCTCTx,MS,NAWM,MS122
MS122_NAWM__10X_17_grch38:GTGCATATCAGCTCGGx,MS,NAWM,MS122
MS122_NAWM__10X_17_grch38:GTTACAGAGAGGACGGx,MS,NAWM,MS122
MS122_NAWM__10X_17_grch38:TAAACCGGTTTGACACx,MS,NAWM,MS122
MS122_NAWM__10X_17_grch38:TACCTTAAGATCTGAAx,MS,NAWM,MS122
MS122_NAWM__10X_17_grch38:TCAGGATTCAGCTGGCx,MS,NAWM,MS122
MS122_NAWM__10X_17_grch38:TCGAGGCGTGAAATCAx,MS,NAWM,MS122
MS122_NAWM__10X_17_grch38:TTCTCAACACTTAACGx,MS,NAWM,MS122
MS122_NAWM__10X_17_grch38:TTGCCGTTCTCGTTTAx,MS,NAWM,MS122
MS122_CI__10X_17_grch38:AACTCCCTCTTGCATTx,MS,CI,MS122
MS122_CI__10X_17_grch38:ACATACGCAGCGTTCGx,MS,CI,MS122
MS122_CI__10X_17_grch38:AGAATAGGTGGGTCAAx,MS,CI,MS122
MS122_CI__10X_17_grch38:AGCGGTCAGGATATACx,MS,CI,MS122
MS122_CI__10X_17_grch38:ATTTCTGGTTGGGACAx,MS,CI,MS122
MS122_CI__10X_17_grch38:CACTCCAGTAATAGCAx,MS,CI,MS122
MS122_CI__10X_17_grch38:CCAATCCTCATTCACTx,MS,CI,MS122
MS122_CI__10X_17_grch38:CCTTCCCGTATCACCAx,MS,CI,MS122
MS122_CI__10X_17_grch38:CGAGAAGTCGCCAGCAx,MS,CI,MS122
MS122_CI__10X_17_grch38:CGGTTAACAACACGCCx,MS,CI,MS122
MS122_CI__10X_17_grch38:CGGTTAAGTTCGAATCx,MS,CI,MS122
MS122_CI__10X_17_grch38:CGTGTCTAGTTTAGGAx,MS,CI,MS122
MS122_CI__10X_17_grch38:CTCGGGATCGACCAGCx,MS,CI,MS122
MS122_CI__10X_17_grch38:CTGCTGTTCAGCACATx,MS,CI,MS122
MS122_CI__10X_17_grch38:GAGTCCGTCTCCAACCx,MS,CI,MS122
MS122_CI__10X_17_grch38:GATCGATGTGTAAGTAx,MS,CI,MS122
MS122_CI__10X_17_grch38:GCAGTTAAGAAACCATx,MS,CI,MS122
MS122_CI__10X_17_grch38:GCTGGGTAGGTGCACAx,MS,CI,MS122
MS122_CI__10X_17_grch38:GGACGTCGTAGCTCCGx,MS,CI,MS122
MS122_CI__10X_17_grch38:GGGTCTGTCAGGATCTx,MS,CI,MS122
MS122_CI__10X_17_grch38:GGGTTGCAGGGATCTGx,MS,CI,MS122
MS122_CI__10X_17_grch38:GTACTCCTCCGGGTGTx,MS,CI,MS122
MS122_CI__10X_17_grch38:GTACTTTTCTACTTACx,MS,CI,MS122
MS122_CI__10X_17_grch38:GTCCTCATCTCAAACGx,MS,CI,MS122
MS122_CI__10X_17_grch38:GTGCGGTCATTCACTTx,MS,CI,MS122
MS122_CI__10X_17_grch38:GTGGGTCAGAGCTATAx,MS,CI,MS122
MS122_CI__10X_17_grch38:GTTTCTACACATTAGCx,MS,CI,MS122
MS122_CI__10X_17_grch38:TAAGCGTAGGAGCGAGx,MS,CI,MS122
MS122_CI__10X_17_grch38:TACGGATGTCGATTGTx,MS,CI,MS122
MS122_CI__10X_17_grch38:TACGGATTCGTTACAGx,MS,CI,MS122
MS122_CI__10X_17_grch38:TCAACGATCACGGTTAx,MS,CI,MS122
MS122_CI__10X_17_grch38:TCACAAGCATGCCTAAx,MS,CI,MS122
MS122_A__10X_17_grch38:AAAGTAGTCAGTCAGTx,MS,A,MS122
MS122_A__10X_17_grch38:AACTCTTAGATGTAACx,MS,A,MS122
MS122_A__10X_17_grch38:ACAGCCGAGAATCTCCx,MS,A,MS122
MS122_A__10X_17_grch38:ACCCACTGTCAAAGATx,MS,A,MS122
MS122_A__10X_17_grch38:ACGAGGAGTCTAGCGCx,MS,A,MS122
MS122_A__10X_17_grch38:ACGGAGAGTAGCGTGAx,MS,A,MS122
MS122_A__10X_17_grch38:ACGGGTCTCAAGATCCx,MS,A,MS122
MS122_A__10X_17_grch38:ACTGTCCAGACTTTCGx,MS,A,MS122
MS122_A__10X_17_grch38:AGCCTAAGTCTCCATCx,MS,A,MS122
MS122_A__10X_17_grch38:AGCGTCGGTAAGTGTAx,MS,A,MS122
MS122_A__10X_17_grch38:AGTCTTTCATGCCTTCx,MS,A,MS122
MS122_A__10X_17_grch38:AGTTGGTGTCGAGATGx,MS,A,MS122
MS122_A__10X_17_grch38:ATCTGCCCATTAGGCTx,MS,A,MS122
MS122_A__10X_17_grch38:ATGCGATAGTGAAGAGx,MS,A,MS122
MS122_A__10X_17_grch38:ATTCTACTCCGCATCTx,MS,A,MS122
MS122_A__10X_17_grch38:CACACAACAAACAACAx,MS,A,MS122
MS122_A__10X_17_grch38:CACACTCAGGTGACCAx,MS,A,MS122
MS122_A__10X_17_grch38:CACCTTGTCCAAACACx,MS,A,MS122
MS122_A__10X_17_grch38:CAGGTGCAGGAGCGTTx,MS,A,MS122
MS122_A__10X_17_grch38:CAGTCCTGTATATCCGx,MS,A,MS122
MS122_A__10X_17_grch38:CCAATCCAGATCACGGx,MS,A,MS122
MS122_A__10X_17_grch38:CCAATCCCAATGCCATx,MS,A,MS122
MS122_A__10X_17_grch38:CCGTGGAAGTCAAGGCx,MS,A,MS122
MS122_A__10X_17_grch38:CCGTGGAGTTGCGCACx,MS,A,MS122
MS122_A__10X_17_grch38:CCGTTCAAGGTCATCTx,MS,A,MS122
MS122_A__10X_17_grch38:CCTAGCTTCAGGCGAAx,MS,A,MS122
MS122_A__10X_17_grch38:CCTATTATCATCACCCx,MS,A,MS122
MS122_A__10X_17_grch38:CGGAGTCTCTGAAAGAx,MS,A,MS122
MS122_A__10X_17_grch38:CGTGTCTTCTCAACTTx,MS,A,MS122
MS122_A__10X_17_grch38:CTCGAGGCATGTTCCCx,MS,A,MS122
MS122_A__10X_17_grch38:CTCGTCATCCACGAATx,MS,A,MS122
MS122_A__10X_17_grch38:CTGTGCTAGACCTAGGx,MS,A,MS122
MS122_A__10X_17_grch38:CTTGGCTGTCCGAGTCx,MS,A,MS122
MS122_A__10X_17_grch38:GATCGCGGTCTGCGGTx,MS,A,MS122
MS122_A__10X_17_grch38:GATCGCGTCTGGGCCAx,MS,A,MS122
MS122_A__10X_17_grch38:GATCTAGTCGGCGGTTx,MS,A,MS122
MS122_A__10X_17_grch38:GCAATCAGTGTGCCTGx,MS,A,MS122
MS122_A__10X_17_grch38:GCTTCCAAGGACCACAx,MS,A,MS122
MS122_A__10X_17_grch38:GGCGTGTCAGGATTGGx,MS,A,MS122
MS122_A__10X_17_grch38:GGGTTGCTCGGCGCTAx,MS,A,MS122
MS122_A__10X_17_grch38:GTATTCTGTCTTCTCGx,MS,A,MS122
MS122_A__10X_17_grch38:GTCGTAACACACCGACx,MS,A,MS122
MS122_A__10X_17_grch38:GTCTTCGCACATAACCx,MS,A,MS122
MS122_A__10X_17_grch38:TACTTACCATCCCATCx,MS,A,MS122
MS122_A__10X_17_grch38:TCAACGATCTGCTGTCx,MS,A,MS122
MS122_A__10X_17_grch38:TCAGGATCACAAGCCCx,MS,A,MS122
MS122_A__10X_17_grch38:TGACGGCTCTCACATTx,MS,A,MS122
MS122_A__10X_17_grch38:TGAGGGAGTACTTAGCx,MS,A,MS122
MS122_A__10X_17_grch38:TGATTTCGTATCAGTCx,MS,A,MS122
MS122_A__10X_17_grch38:TGCGTGGCAATTGCTGx,MS,A,MS122
MS121_NAWM__10X_17_grch38:ACGGGCTGTACGAAATx,MS,NAWM,MS121
MS121_NAWM__10X_17_grch38:GACGCGTGTACTCGCGx,MS,NAWM,MS121
MS121_NAWM__10X_17_grch38:GTGCGGTTCCGTCAAAx,MS,NAWM,MS121
MS121_NAWM__10X_17_grch38:TCAGGATCAAAGCGGTx,MS,NAWM,MS121
MS121_NAWM__10X_17_grch38:TGGCCAGTCTTACCGCx,MS,NAWM,MS121
MS121_A2__10X_17_grch38:AGGGTGATCATGCATGx,MS,A,MS121
CO28__10X_17_grch38:CAAGGCCTCCCTCTTTx,normal,Ctrl,CO28
MS176_NAWM__10X_17_grch38:GAAATGAAGTACCGGAx,MS,NAWM,MS176
CO28__10X_17_grch38:TGCCCATTCTATGTGGx,normal,Ctrl,CO28
CO25__10X_17_grch38:ACACCGGGTTCCACGGx,normal,Ctrl,CO25
CO25__10X_17_grch38:ACCTTTACACCAACCGx,normal,Ctrl,CO25
CO25__10X_17_grch38:ACGGGCTGTATAAACGx,normal,Ctrl,CO25
CO25__10X_17_grch38:ACGTCAAGTTAGATGAx,normal,Ctrl,CO25
CO25__10X_17_grch38:ACTTACTAGGAGTTGCx,normal,Ctrl,CO25
CO25__10X_17_grch38:CACACTCAGTATTGGAx,normal,Ctrl,CO25
CO25__10X_17_grch38:CCGGGATAGAAACCGCx,normal,Ctrl,CO25
CO25__10X_17_grch38:CCTTCGATCGTCCAGGx,normal,Ctrl,CO25
CO25__10X_17_grch38:CGGACACCAAGCGTAGx,normal,Ctrl,CO25
CO25__10X_17_grch38:CGTCCATCATTAGCCAx,normal,Ctrl,CO25
CO25__10X_17_grch38:GCAAACTTCTGTCAAGx,normal,Ctrl,CO25
CO25__10X_17_grch38:GGAAAGCGTCTGCGGTx,normal,Ctrl,CO25
CO25__10X_17_grch38:TAAGTGCGTGCTAGCCx,normal,Ctrl,CO25
CO25__10X_17_grch38:TATGCCCGTTGTTTGGx,normal,Ctrl,CO25
CO25__10X_17_grch38:TCAGGATCAGGTCGTCx,normal,Ctrl,CO25
CO25__10X_17_grch38:TCTGGAACATGGTCTAx,normal,Ctrl,CO25
CO25__10X_17_grch38:TGGCCAGTCTTTCCTCx,normal,Ctrl,CO25
MS176_NAWM__10X_17_grch38:AACACGTAGCCAGTAGx,MS,NAWM,MS176
MS176_NAWM__10X_17_grch38:AAGACCTAGCGTGAACx,MS,NAWM,MS176
MS176_NAWM__10X_17_grch38:AAGACCTCACACAGAGx,MS,NAWM,MS176
MS176_NAWM__10X_17_grch38:AAGTCTGCACTATCTTx,MS,NAWM,MS176
MS176_NAWM__10X_17_grch38:AATCGGTCATAAGACAx,MS,NAWM,MS176
MS176_NAWM__10X_17_grch38:ACATCAGCATTTGCTTx,MS,NAWM,MS176
MS176_NAWM__10X_17_grch38:ACGCCGAGTCGGCATCx,MS,NAWM,MS176
MS176_NAWM__10X_17_grch38:AGTGAGGGTGGTACAGx,MS,NAWM,MS176
MS176_NAWM__10X_17_grch38:ATAACGCAGTGGTAATx,MS,NAWM,MS176
MS176_NAWM__10X_17_grch38:CACACAACAAGTTAAGx,MS,NAWM,MS176
MS176_NAWM__10X_17_grch38:CACACAACACCTCGTTx,MS,NAWM,MS176
MS176_NAWM__10X_17_grch38:CACCAGGCACTAGTACx,MS,NAWM,MS176
MS176_NAWM__10X_17_grch38:CACCAGGCATGGAATAx,MS,NAWM,MS176
MS176_NAWM__10X_17_grch38:CAGAATCCATTAGGCTx,MS,NAWM,MS176
MS176_NAWM__10X_17_grch38:CAGTAACCACATGTGTx,MS,NAWM,MS176
MS176_NAWM__10X_17_grch38:CCACTACTCCAAATGCx,MS,NAWM,MS176
MS176_NAWM__10X_17_grch38:CCGTGGATCGTGGTCGx,MS,NAWM,MS176
MS176_NAWM__10X_17_grch38:CGCTATCAGTCCAGGAx,MS,NAWM,MS176
MS176_NAWM__10X_17_grch38:CGTTCTGGTATATGGAx,MS,NAWM,MS176
MS176_NAWM__10X_17_grch38:CTACACCGTAGTAGTAx,MS,NAWM,MS176
MS176_NAWM__10X_17_grch38:CTGAAGTAGAGCTGCAx,MS,NAWM,MS176
MS176_NAWM__10X_17_grch38:GACACGCCAGCTGTTAx,MS,NAWM,MS176
MS176_NAWM__10X_17_grch38:GCAATCACATGCATGTx,MS,NAWM,MS176
MS176_NAWM__10X_17_grch38:GCATGATGTCGGATCCx,MS,NAWM,MS176
MS176_NAWM__10X_17_grch38:GGAACTTCATTATCTCx,MS,NAWM,MS176
MS176_NAWM__10X_17_grch38:GGACAGACATGCCCGAx,MS,NAWM,MS176
MS176_NAWM__10X_17_grch38:GGCCGATAGCGCTTATx,MS,NAWM,MS176
MS176_NAWM__10X_17_grch38:GTAGTCAAGAGGTTATx,MS,NAWM,MS176
MS176_NAWM__10X_17_grch38:GTCAAGTTCTCAAACGx,MS,NAWM,MS176
MS176_NAWM__10X_17_grch38:GTCCTCAAGCGATATAx,MS,NAWM,MS176
MS176_NAWM__10X_17_grch38:GTGCTTCTCCTTTACAx,MS,NAWM,MS176
MS176_NAWM__10X_17_grch38:GTTAAGCTCATCATTCx,MS,NAWM,MS176
MS176_NAWM__10X_17_grch38:TAAGCGTTCATCGCTCx,MS,NAWM,MS176
MS176_NAWM__10X_17_grch38:TATTACCCAATGGAGCx,MS,NAWM,MS176
MS176_NAWM__10X_17_grch38:TCGAGGCTCAGCTTAGx,MS,NAWM,MS176
MS176_NAWM__10X_17_grch38:TCGTACCTCCAGTATGx,MS,NAWM,MS176
MS176_NAWM__10X_17_grch38:TGAAAGAAGGAATTACx,MS,NAWM,MS176
MS176_NAWM__10X_17_grch38:TGACGGCAGACACTAAx,MS,NAWM,MS176
MS176_NAWM__10X_17_grch38:TGCGCAGAGGTGTGGTx,MS,NAWM,MS176
MS176_NAWM__10X_17_grch38:TGGACGCAGTGTTTGCx,MS,NAWM,MS176
MS176_NAWM__10X_17_grch38:TGGCTGGTCGCGCCAAx,MS,NAWM,MS176
MS176_NAWM__10X_17_grch38:TTCTCCTCAGCCAATTx,MS,NAWM,MS176
MS176_NAWM__10X_17_grch38:TTTGTCACATCGTCGGx,MS,NAWM,MS176
MS176_RM__10X_17_grch38:ACCCACTGTCCATCCTx,MS,RM,MS176
MS176_RM__10X_17_grch38:CTTGGCTTCATGCTCCx,MS,RM,MS176
MS176_RM__10X_17_grch38:GGGCATCCACGGTAGAx,MS,RM,MS176
MS176_CI__10X_17_056_roche_grch38_4:AGAGCGACAGGCTGAAx,MS,CI,MS176
MS176_CI__10X_17_056_roche_grch38_4:AGTTGGTCATGGTCATx,MS,CI,MS176
MS176_CI__10X_17_056_roche_grch38_4:CACACAACAGGGAGAGx,MS,CI,MS176
MS176_CI__10X_17_056_roche_grch38_4:GGCAATTCATTGCGGCx,MS,CI,MS176
MS176_CA__10X_17_grch38:AACCGCGCAGGGTATGx,MS,CA,MS176
MS176_CA__10X_17_grch38:AAGTCTGCAAACTGTCx,MS,CA,MS176
MS176_CA__10X_17_grch38:ACGCCGAAGACCACGAx,MS,CA,MS176
MS176_CA__10X_17_grch38:AGCTTGATCGCTAGCGx,MS,CA,MS176
MS176_CA__10X_17_grch38:CCCATACGTTAGAACAx,MS,CA,MS176
MS176_CA__10X_17_grch38:CGTCCATGTTATGTGCx,MS,CA,MS176
MS176_CA__10X_17_grch38:CGTGTCTAGGTCATCTx,MS,CA,MS176
MS176_CA__10X_17_grch38:CGTTCTGGTCTAACGTx,MS,CA,MS176
MS176_CA__10X_17_grch38:CTGCGGAGTTTCCACCx,MS,CA,MS176
MS176_CA__10X_17_grch38:GCATACACACCAGTTAx,MS,CA,MS176
MS176_CA__10X_17_grch38:GCTGCGATCACTCCTGx,MS,CA,MS176
MS176_CA__10X_17_grch38:GGACATTGTCACCTAAx,MS,CA,MS176
MS176_CA__10X_17_grch38:GTTAAGCTCGGCCGATx,MS,CA,MS176
MS176_CA__10X_17_grch38:TACCTTAGTGTGACCCx,MS,CA,MS176
MS176_CA__10X_17_grch38:TACTTACCAGGGATTGx,MS,CA,MS176
MS176_CA__10X_17_grch38:TAGCCGGAGTTCGATCx,MS,CA,MS176
MS176_CA__10X_17_grch38:TCTCATATCGACAGCCx,MS,CA,MS176
MS176_CA__10X_17_grch38:TGACTTTCAATCCAACx,MS,CA,MS176
MS176_CA__10X_17_grch38:TGCCAAATCTTGTATCx,MS,CA,MS176
MS176_CA__10X_17_grch38:TGCGTGGTCGCGTAGCx,MS,CA,MS176
CO39__10X_17_grch38:AACTCCCTCTCTGCTGx,normal,Ctrl,CO39
CO39__10X_17_grch38:ACGAGGAAGATGGGTCx,normal,Ctrl,CO39
CO39__10X_17_grch38:AGGCCGTGTGATAAACx,normal,Ctrl,CO39
CO39__10X_17_grch38:GCGCCAAGTACAAGTAx,normal,Ctrl,CO39
CO14__10X_17_grch38:AAACGGGCAATCTGCAx,normal,Ctrl,CO14
CO14__10X_17_grch38:GCTGCTTCATTAACCGx,normal,Ctrl,CO14
CO14__10X_17_grch38:GTAACTGAGGTGTGGTx,normal,Ctrl,CO14
CO14__10X_17_grch38:TGAGCCGAGACGCAACx,normal,Ctrl,CO14
MS242_CA5__10X_17_grch38:AGCAGCCAGCTAGTCTx,MS,CA,MS242
MS242_CA5__10X_17_grch38:AGGTCCGTCAGCTGGCx,MS,CA,MS242
MS242_CA5__10X_17_grch38:TGCGCAGGTGGCGAATx,MS,CA,MS242
MS242_CA2__10X_17_grch38:ACCTTTAGTGGCCCTAx,MS,CA,MS242
MS242_RM__10X_17_grch38:CCGTGGAGTTTGACACx,MS,RM,MS242
SD48/16__10X_17_grch38:AGCGTATAGATGTGTAx,normal,Ctrl,SD48/16
SD48/16__10X_17_grch38:AGCTCTCTCGTCTGCTx,normal,Ctrl,SD48/16
MS122_NAWM__10X_17_grch38:ACGATACCACAGACTTx,MS,NAWM,MS122
MS122_NAWM__10X_17_grch38:ACGCAGCAGTCAAGCGx,MS,NAWM,MS122
MS122_NAWM__10X_17_grch38:AGAGCGATCCTTGGTCx,MS,NAWM,MS122
MS122_NAWM__10X_17_grch38:ATGGGAGAGAGTGAGAx,MS,NAWM,MS122
MS122_NAWM__10X_17_grch38:CAAGATCGTACAGTGGx,MS,NAWM,MS122
MS122_NAWM__10X_17_grch38:CAGCCGACAGTCGATTx,MS,NAWM,MS122
MS122_NAWM__10X_17_grch38:CAGCTAAAGTGTACTCx,MS,NAWM,MS122
MS122_NAWM__10X_17_grch38:CAGTCCTCACAAGTAAx,MS,NAWM,MS122
MS122_NAWM__10X_17_grch38:CATCCACGTGAAAGAGx,MS,NAWM,MS122
MS122_NAWM__10X_17_grch38:CCAGCGATCCCAGGTGx,MS,NAWM,MS122
MS122_NAWM__10X_17_grch38:CCTAAAGTCTTGCCGTx,MS,NAWM,MS122
MS122_NAWM__10X_17_grch38:CGAGAAGAGGGTGTGTx,MS,NAWM,MS122
MS122_NAWM__10X_17_grch38:CGGACACAGATGAGAGx,MS,NAWM,MS122
MS122_NAWM__10X_17_grch38:CGTCCATTCTCAAACGx,MS,NAWM,MS122
MS122_NAWM__10X_17_grch38:CTAACTTGTTCGGCACx,MS,NAWM,MS122
MS122_NAWM__10X_17_grch38:CTAGCCTGTCTTCGTCx,MS,NAWM,MS122
MS122_NAWM__10X_17_grch38:GAACATCGTAAGTGGCx,MS,NAWM,MS122
MS122_NAWM__10X_17_grch38:GATCAGTAGGACACCAx,MS,NAWM,MS122
MS122_NAWM__10X_17_grch38:GATCTAGCAGCTTAACx,MS,NAWM,MS122
MS122_NAWM__10X_17_grch38:GCAATCACACCTTGTCx,MS,NAWM,MS122
MS122_NAWM__10X_17_grch38:GCACTCTGTCATCCCTx,MS,NAWM,MS122
MS122_NAWM__10X_17_grch38:GCCTCTATCGAATGGGx,MS,NAWM,MS122
MS122_NAWM__10X_17_grch38:GCGACCAGTAGGAGTCx,MS,NAWM,MS122
MS122_NAWM__10X_17_grch38:GTAACGTAGATAGGAGx,MS,NAWM,MS122
MS122_NAWM__10X_17_grch38:GTAGTCACAGGAATCGx,MS,NAWM,MS122
MS122_NAWM__10X_17_grch38:TAGTTGGCATCACGTAx,MS,NAWM,MS122
MS122_NAWM__10X_17_grch38:TCCACACTCACAGTACx,MS,NAWM,MS122
MS122_NAWM__10X_17_grch38:TGTGGTAAGTACGTAAx,MS,NAWM,MS122
MS122_NAWM__10X_17_grch38:TGTGGTAGTAAATGTGx,MS,NAWM,MS122
MS122_NAWM__10X_17_grch38:TTGACTTAGAGACTTAx,MS,NAWM,MS122
MS122_NAWM__10X_17_grch38:TTGGCAACATAGTAAGx,MS,NAWM,MS122
MS122_CI__10X_17_grch38:AAAGATGTCATTTGGGx,MS,CI,MS122
MS122_CI__10X_17_grch38:AACTTTCCACCGATATx,MS,CI,MS122
MS122_CI__10X_17_grch38:ACCCACTAGTCACGCCx,MS,CI,MS122
MS122_CI__10X_17_grch38:ACCTTTAAGAGGACGGx,MS,CI,MS122
MS122_CI__10X_17_grch38:ACTGTCCGTACACCGCx,MS,CI,MS122
MS122_CI__10X_17_grch38:AGAGCTTCATCCTTGCx,MS,CI,MS122
MS122_CI__10X_17_grch38:AGCTCCTAGGCCCTTGx,MS,CI,MS122
MS122_CI__10X_17_grch38:ATAACGCAGAGGTTATx,MS,CI,MS122
MS122_CI__10X_17_grch38:ATAACGCCAGCGTAAGx,MS,CI,MS122
MS122_CI__10X_17_grch38:CAGAATCGTCGATTGTx,MS,CI,MS122
MS122_CI__10X_17_grch38:CAGCCGATCGTTTGCCx,MS,CI,MS122
MS122_CI__10X_17_grch38:CAGTAACAGCTACCTAx,MS,CI,MS122
MS122_CI__10X_17_grch38:CCAGCGAAGTGGTAGCx,MS,CI,MS122
MS122_CI__10X_17_grch38:CGCTGGAAGCACGCCTx,MS,CI,MS122
MS122_CI__10X_17_grch38:CGGCTAGCATTCCTCGx,MS,CI,MS122
MS122_CI__10X_17_grch38:CTTACCGAGAAGATTCx,MS,CI,MS122
MS122_CI__10X_17_grch38:GACACGCCACAGTCGCx,MS,CI,MS122
MS122_CI__10X_17_grch38:GATGAAACAATCGAAAx,MS,CI,MS122
MS122_CI__10X_17_grch38:GCCTCTACAGGACGTAx,MS,CI,MS122
MS122_CI__10X_17_grch38:GCTCCTACAATACGCTx,MS,CI,MS122
MS122_CI__10X_17_grch38:GGAACTTGTCTGCCAGx,MS,CI,MS122
MS122_CI__10X_17_grch38:GGACAAGTCATCGCTCx,MS,CI,MS122
MS122_CI__10X_17_grch38:GGCGTGTGTCTTGTCCx,MS,CI,MS122
MS122_CI__10X_17_grch38:GTCACAAAGTTGCAGGx,MS,CI,MS122
MS122_CI__10X_17_grch38:GTGCTTCGTTGGTGGAx,MS,CI,MS122
MS122_CI__10X_17_grch38:TCTATTGCAGGGATTGx,MS,CI,MS122
MS122_CI__10X_17_grch38:TGAGGGACATGATCCAx,MS,CI,MS122
MS122_A__10X_17_grch38:AACCATGAGACAGAGAx,MS,A,MS122
MS122_A__10X_17_grch38:AACTCTTGTAGTACCTx,MS,A,MS122
MS122_A__10X_17_grch38:AATCCAGCAAGCCGCTx,MS,A,MS122
MS122_A__10X_17_grch38:ACACCAAGTCATCGGCx,MS,A,MS122
MS122_A__10X_17_grch38:ACGATACTCATCGCTCx,MS,A,MS122
MS122_A__10X_17_grch38:ACGGAGACATACGCTAx,MS,A,MS122
MS122_A__10X_17_grch38:AGGGATGAGAACAACTx,MS,A,MS122
MS122_A__10X_17_grch38:ATCGAGTCATGGGAACx,MS,A,MS122
MS122_A__10X_17_grch38:CAAGATCCACTGTTAGx,MS,A,MS122
MS122_A__10X_17_grch38:CAGCCGACAGTCTTCCx,MS,A,MS122
MS122_A__10X_17_grch38:CATCGGGGTAGCGTAGx,MS,A,MS122
MS122_A__10X_17_grch38:CGCTTCAGTCCCGACAx,MS,A,MS122
MS122_A__10X_17_grch38:CTAATGGCAAGCTGAGx,MS,A,MS122
MS122_A__10X_17_grch38:CTAGCCTTCGCCAAATx,MS,A,MS122
MS122_A__10X_17_grch38:CTTACCGAGGTGTGGTx,MS,A,MS122
MS122_A__10X_17_grch38:GACTAACGTCTCTTATx,MS,A,MS122
MS122_A__10X_17_grch38:GATCGTATCTGCTGTCx,MS,A,MS122
MS122_A__10X_17_grch38:GGGCATCAGGGTGTGTx,MS,A,MS122
MS122_A__10X_17_grch38:GTACTCCTCACTCCTGx,MS,A,MS122
MS122_A__10X_17_grch38:GTTACAGTCTCTTATGx,MS,A,MS122
MS122_A__10X_17_grch38:TACTCGCCAATCCGATx,MS,A,MS122
MS122_A__10X_17_grch38:TATCTCAGTAGGACACx,MS,A,MS122
MS122_A__10X_17_grch38:TCCACACAGGCCCTCAx,MS,A,MS122
MS122_A__10X_17_grch38:TCTTCGGTCGACGGAAx,MS,A,MS122
MS122_A__10X_17_grch38:TGCGCAGTCACAACGTx,MS,A,MS122
MS122_A__10X_17_grch38:TGGGCGTTCTAACTTCx,MS,A,MS122
MS122_A__10X_17_grch38:TGTGTTTCACATTCGAx,MS,A,MS122
MS122_A__10X_17_grch38:TGTGTTTTCTGCGTAAx,MS,A,MS122
MS121_NAWM__10X_17_grch38:GCGCAGTCATCACGTAx,MS,NAWM,MS121
MS121_NAWM__10X_17_grch38:GGACATTGTGGCAAACx,MS,NAWM,MS121
MS121_A2__10X_17_grch38:ACTATCTAGTGTCTCAx,MS,A,MS121
MS121_A2__10X_17_grch38:AGGTCATCAAACCTACx,MS,A,MS121
MS121_A2__10X_17_grch38:ATCACGACAAGTAGTAx,MS,A,MS121
MS121_A2__10X_17_grch38:CACAGGCCAGGAATCGx,MS,A,MS121
MS121_A2__10X_17_grch38:CTGAAACGTAGCTCCGx,MS,A,MS121
MS121_A2__10X_17_grch38:TGAGAGGGTCAAAGATx,MS,A,MS121
CO28__10X_17_grch38:AGATTGCAGACCGGATx,normal,Ctrl,CO28
CO28__10X_17_grch38:TGCCCTACAACTGGCCx,normal,Ctrl,CO28
CO28__10X_17_grch38:CATATGGTCTTAGAGCx,normal,Ctrl,CO28
CO28__10X_17_grch38:TACTCATTCGACGGAAx,normal,Ctrl,CO28
CO28__10X_17_grch38:TACTTGTTCAGAGACGx,normal,Ctrl,CO28
MS122_NAWM__10X_17_grch38:ACGGGCTTCCTTAATCx,MS,NAWM,MS122
MS122_NAWM__10X_17_grch38:TCAATCTTCTAACTCTx,MS,NAWM,MS122
MS122_CI__10X_17_grch38:ACTTTCACATCACGATx,MS,CI,MS122
CO28__10X_17_grch38:AAAGATGGTTGATTGCx,normal,Ctrl,CO28
CO28__10X_17_grch38:AAAGATGTCACGACTAx,normal,Ctrl,CO28
CO28__10X_17_grch38:AAAGCAATCTGTCTATx,normal,Ctrl,CO28
CO28__10X_17_grch38:AAATGCCTCTGGTGTAx,normal,Ctrl,CO28
CO28__10X_17_grch38:AACCATGTCAGTTGACx,normal,Ctrl,CO28
CO28__10X_17_grch38:AACTCCCAGGTTACCTx,normal,Ctrl,CO28
CO28__10X_17_grch38:AACTCTTCAAACGTGGx,normal,Ctrl,CO28
CO28__10X_17_grch38:AACTTTCGTTCATGGTx,normal,Ctrl,CO28
CO28__10X_17_grch38:AAGACCTGTTCAGCGCx,normal,Ctrl,CO28
CO28__10X_17_grch38:AAGGCAGAGCTGCAAGx,normal,Ctrl,CO28
CO28__10X_17_grch38:ACACCAAAGAGTCGGTx,normal,Ctrl,CO28
CO28__10X_17_grch38:ACACCCTGTACCGCTGx,normal,Ctrl,CO28
CO28__10X_17_grch38:ACATACGAGCCACTATx,normal,Ctrl,CO28
CO28__10X_17_grch38:ACATCAGAGAGGTTGCx,normal,Ctrl,CO28
CO28__10X_17_grch38:ACATGGTAGAGTAATCx,normal,Ctrl,CO28
CO28__10X_17_grch38:ACCAGTATCTGCAAGTx,normal,Ctrl,CO28
CO28__10X_17_grch38:ACCGTAAAGAAAGTGGx,normal,Ctrl,CO28
CO28__10X_17_grch38:ACCTTTACAACAACCTx,normal,Ctrl,CO28
CO28__10X_17_grch38:ACGAGCCGTAGCACGAx,normal,Ctrl,CO28
CO28__10X_17_grch38:ACGAGCCGTTCAGTACx,normal,Ctrl,CO28
CO28__10X_17_grch38:ACGAGGAAGATCGATAx,normal,Ctrl,CO28
CO28__10X_17_grch38:ACGCCAGGTATCTGCAx,normal,Ctrl,CO28
CO28__10X_17_grch38:ACGGAGATCACCTCGTx,normal,Ctrl,CO28
CO28__10X_17_grch38:ACGTCAATCGTAGATCx,normal,Ctrl,CO28
CO28__10X_17_grch38:ACTATCTGTAACGCGAx,normal,Ctrl,CO28
CO28__10X_17_grch38:ACTGAACTCCTTGGTCx,normal,Ctrl,CO28
CO28__10X_17_grch38:ACTGAGTTCTGAGTGTx,normal,Ctrl,CO28
CO28__10X_17_grch38:ACTGCTCAGAGGTTGCx,normal,Ctrl,CO28
CO28__10X_17_grch38:ACTGCTCGTGTTCGATx,normal,Ctrl,CO28
CO28__10X_17_grch38:ACTTACTAGCAGATCGx,normal,Ctrl,CO28
CO28__10X_17_grch38:ACTTACTAGTGGGATCx,normal,Ctrl,CO28
CO28__10X_17_grch38:ACTTACTCATCGACGCx,normal,Ctrl,CO28
CO28__10X_17_grch38:AGAATAGAGAGATGAGx,normal,Ctrl,CO28
CO28__10X_17_grch38:AGAATAGAGCTAGTGGx,normal,Ctrl,CO28
CO28__10X_17_grch38:AGAATAGTCGGATGTTx,normal,Ctrl,CO28
CO28__10X_17_grch38:AGAGCGACAGCTGTGCx,normal,Ctrl,CO28
CO28__10X_17_grch38:AGAGCGAGTCAGAATAx,normal,Ctrl,CO28
CO28__10X_17_grch38:AGAGCGATCCCGGATGx,normal,Ctrl,CO28
CO28__10X_17_grch38:AGAGCTTAGCGTGAGTx,normal,Ctrl,CO28
CO28__10X_17_grch38:AGAGTGGCATGCTAGTx,normal,Ctrl,CO28
CO28__10X_17_grch38:AGATCTGGTTTAGCTGx,normal,Ctrl,CO28
CO28__10X_17_grch38:AGATTGCTCGTAGGTTx,normal,Ctrl,CO28
CO28__10X_17_grch38:AGCCTAAAGATATACGx,normal,Ctrl,CO28
CO28__10X_17_grch38:AGCCTAACAGCCACCAx,normal,Ctrl,CO28
CO28__10X_17_grch38:AGCGTATGTCTTGTCCx,normal,Ctrl,CO28
CO28__10X_17_grch38:AGCGTCGCACACAGAGx,normal,Ctrl,CO28
CO28__10X_17_grch38:AGCTCTCTCCATGCTCx,normal,Ctrl,CO28
CO28__10X_17_grch38:AGCTTGAAGGTAGCTGx,normal,Ctrl,CO28
CO28__10X_17_grch38:AGGCCACCATAAGACAx,normal,Ctrl,CO28
CO28__10X_17_grch38:AGGGATGGTGGTCTCGx,normal,Ctrl,CO28
CO28__10X_17_grch38:AGGTCATTCCCTCAGTx,normal,Ctrl,CO28
CO28__10X_17_grch38:AGGTCCGCATTACGACx,normal,Ctrl,CO28
CO28__10X_17_grch38:AGTCTTTGTCAACTGTx,normal,Ctrl,CO28
CO28__10X_17_grch38:AGTTGGTTCCAGAGGAx,normal,Ctrl,CO28
CO28__10X_17_grch38:ATAACGCAGGAGCGTTx,normal,Ctrl,CO28
CO28__10X_17_grch38:ATAACGCAGTGCGATGx,normal,Ctrl,CO28
CO28__10X_17_grch38:ATCATCTAGTCTTGCAx,normal,Ctrl,CO28
CO28__10X_17_grch38:ATCATGGAGAGTGAGAx,normal,Ctrl,CO28
CO28__10X_17_grch38:ATCATGGAGATGGCGTx,normal,Ctrl,CO28
CO28__10X_17_grch38:ATCATGGCAGCCTTTCx,normal,Ctrl,CO28
CO28__10X_17_grch38:ATCATGGTCCTGTACCx,normal,Ctrl,CO28
CO28__10X_17_grch38:ATCCACCCACGGTGTCx,normal,Ctrl,CO28
CO28__10X_17_grch38:ATCGAGTAGTGAATTGx,normal,Ctrl,CO28
CO28__10X_17_grch38:ATCGAGTTCTGTGCAAx,normal,Ctrl,CO28
CO28__10X_17_grch38:ATCTGCCTCACATACGx,normal,Ctrl,CO28
CO28__10X_17_grch38:ATGCGATAGCCCTAATx,normal,Ctrl,CO28
CO28__10X_17_grch38:ATGGGAGTCAGGTTCAx,normal,Ctrl,CO28
CO28__10X_17_grch38:ATTCTACGTGCTTCTCx,normal,Ctrl,CO28
CO28__10X_17_grch38:ATTTCTGCAAATCCGTx,normal,Ctrl,CO28
CO28__10X_17_grch38:CAACCAACACGACTCGx,normal,Ctrl,CO28
CO28__10X_17_grch38:CAACTAGTCTTGAGACx,normal,Ctrl,CO28
CO28__10X_17_grch38:CAAGAAAAGCGTAGTGx,normal,Ctrl,CO28
CO28__10X_17_grch38:CAAGGCCAGGGCACTAx,normal,Ctrl,CO28
CO28__10X_17_grch38:CAAGTTGGTTAGGGTGx,normal,Ctrl,CO28
CO28__10X_17_grch38:CACACCTTCAAAGTAGx,normal,Ctrl,CO28
CO28__10X_17_grch38:CACAGGCAGTCATCCAx,normal,Ctrl,CO28
CO28__10X_17_grch38:CACATAGCACCAGTTAx,normal,Ctrl,CO28
CO28__10X_17_grch38:CACATTTCATAAGACAx,normal,Ctrl,CO28
CO28__10X_17_grch38:CACCTTGAGTAGATGTx,normal,Ctrl,CO28
CO28__10X_17_grch38:CACCTTGTCAATAAGGx,normal,Ctrl,CO28
CO28__10X_17_grch38:CACTCCAAGACTCGGAx,normal,Ctrl,CO28
CO28__10X_17_grch38:CACTCCAAGATGCCTTx,normal,Ctrl,CO28
CO28__10X_17_grch38:CACTCCAAGGTAGCTGx,normal,Ctrl,CO28
CO28__10X_17_grch38:CAGAATCGTCGAATCTx,normal,Ctrl,CO28
CO28__10X_17_grch38:CAGATCATCCATTCTAx,normal,Ctrl,CO28
CO28__10X_17_grch38:CAGCTAAAGGGTCGATx,normal,Ctrl,CO28
CO28__10X_17_grch38:CAGCTGGAGAAACGAGx,normal,Ctrl,CO28
CO28__10X_17_grch38:CAGTCCTCAATGGAGCx,normal,Ctrl,CO28
CO28__10X_17_grch38:CATCGAAGTCTAGCCGx,normal,Ctrl,CO28
CO28__10X_17_grch38:CATGACATCACAATGCx,normal,Ctrl,CO28
CO28__10X_17_grch38:CCATGTCTCAGTTGACx,normal,Ctrl,CO28
CO28__10X_17_grch38:CCCATACCAACACCTAx,normal,Ctrl,CO28
CO28__10X_17_grch38:CCGGGATAGCGCCTCAx,normal,Ctrl,CO28
CO28__10X_17_grch38:CCGGGATCAAGCTGGAx,normal,Ctrl,CO28
CO28__10X_17_grch38:CCGGTAGTCAAACCACx,normal,Ctrl,CO28
CO28__10X_17_grch38:CCGTACTGTTAAGATGx,normal,Ctrl,CO28
CO28__10X_17_grch38:CCGTACTTCCGATATGx,normal,Ctrl,CO28
CO28__10X_17_grch38:CCGTGGAAGACAAAGGx,normal,Ctrl,CO28
CO28__10X_17_grch38:CCGTGGAAGTGAAGTTx,normal,Ctrl,CO28
CO28__10X_17_grch38:CCGTTCATCATGCAACx,normal,Ctrl,CO28
CO28__10X_17_grch38:CCTAAAGGTCTACCTCx,normal,Ctrl,CO28
CO28__10X_17_grch38:CCTAAAGGTTCACGGCx,normal,Ctrl,CO28
CO28__10X_17_grch38:CCTAAAGTCACAATGCx,normal,Ctrl,CO28
CO28__10X_17_grch38:CCTACCACAAAGCAATx,normal,Ctrl,CO28
CO28__10X_17_grch38:CCTAGCTCAGCCAGAAx,normal,Ctrl,CO28
CO28__10X_17_grch38:CCTCAGTCAGGAATGCx,normal,Ctrl,CO28
CO28__10X_17_grch38:CCTCTGACACCGATATx,normal,Ctrl,CO28
CO28__10X_17_grch38:CCTTCGACATGGGAACx,normal,Ctrl,CO28
CO28__10X_17_grch38:CCTTTCTGTAGCCTCGx,normal,Ctrl,CO28
CO28__10X_17_grch38:CGAACATAGACAATACx,normal,Ctrl,CO28
CO28__10X_17_grch38:CGAACATTCTGTCTATx,normal,Ctrl,CO28
CO28__10X_17_grch38:CGACTTCCACTTCTGCx,normal,Ctrl,CO28
CO28__10X_17_grch38:CGAGAAGGTCCTCCATx,normal,Ctrl,CO28
CO28__10X_17_grch38:CGATCGGCACCTATCCx,normal,Ctrl,CO28
CO28__10X_17_grch38:CGATCGGCATGCCCGAx,normal,Ctrl,CO28
CO28__10X_17_grch38:CGATCGGCATTGTGCAx,normal,Ctrl,CO28
CO28__10X_17_grch38:CGATGTAAGAAAGTGGx,normal,Ctrl,CO28
CO28__10X_17_grch38:CGATGTATCGCATGGCx,normal,Ctrl,CO28
CO28__10X_17_grch38:CGATTGAAGCGAAGGGx,normal,Ctrl,CO28
CO28__10X_17_grch38:CGCGGTAGTCTAAACCx,normal,Ctrl,CO28
CO28__10X_17_grch38:CGCTATCGTCACCCAGx,normal,Ctrl,CO28
CO28__10X_17_grch38:CGGACGTTCCAAACACx,normal,Ctrl,CO28
CO28__10X_17_grch38:CGTAGCGCAGTGAGTGx,normal,Ctrl,CO28
CO28__10X_17_grch38:CGTCAGGGTAACGACGx,normal,Ctrl,CO28
CO28__10X_17_grch38:CGTCAGGTCACCCTCAx,normal,Ctrl,CO28
CO28__10X_17_grch38:CGTCCATCATGAACCTx,normal,Ctrl,CO28
CO28__10X_17_grch38:CGTGAGCTCCTGTAGAx,normal,Ctrl,CO28
CO28__10X_17_grch38:CGTTCTGGTACATCCAx,normal,Ctrl,CO28
CO28__10X_17_grch38:CTAAGACCAGCCTTGGx,normal,Ctrl,CO28
CO28__10X_17_grch38:CTACATTGTTACCAGTx,normal,Ctrl,CO28
CO28__10X_17_grch38:CTACATTTCTGGAGCCx,normal,Ctrl,CO28
CO28__10X_17_grch38:CTACGTCTCAGTACGTx,normal,Ctrl,CO28
CO28__10X_17_grch38:CTAGAGTGTTGTACACx,normal,Ctrl,CO28
CO28__10X_17_grch38:CTAGTGATCATCATTCx,normal,Ctrl,CO28
CO28__10X_17_grch38:CTAGTGATCTTGCCGTx,normal,Ctrl,CO28
CO28__10X_17_grch38:CTCATTAGTTCATGGTx,normal,Ctrl,CO28
CO28__10X_17_grch38:CTCCTAGGTACCAGTTx,normal,Ctrl,CO28
CO28__10X_17_grch38:CTCGAGGCATGACGGAx,normal,Ctrl,CO28
CO28__10X_17_grch38:CTCGGAGGTCTGCGGTx,normal,Ctrl,CO28
CO28__10X_17_grch38:CTCGGGAAGATGTGTAx,normal,Ctrl,CO28
CO28__10X_17_grch38:CTCGGGATCAAGATCCx,normal,Ctrl,CO28
CO28__10X_17_grch38:CTCGTACCACGTTGGCx,normal,Ctrl,CO28
CO28__10X_17_grch38:CTCGTACGTAGCTAAAx,normal,Ctrl,CO28
CO28__10X_17_grch38:CTGAAGTGTCGAACAGx,normal,Ctrl,CO28
CO28__10X_17_grch38:CTGAAGTTCTGTGCAAx,normal,Ctrl,CO28
CO28__10X_17_grch38:CTGATCCCAGCTATTGx,normal,Ctrl,CO28
CO28__10X_17_grch38:CTGCCTACACGAAATAx,normal,Ctrl,CO28
CO28__10X_17_grch38:CTGCTGTAGCAGGCTAx,normal,Ctrl,CO28
CO28__10X_17_grch38:CTGTTTACATTAGCCAx,normal,Ctrl,CO28
CO28__10X_17_grch38:CTTAGGACAGTCACTAx,normal,Ctrl,CO28
CO28__10X_17_grch38:CTTCTCTCAGTCGATTx,normal,Ctrl,CO28
CO28__10X_17_grch38:GAAACTCTCGCGCCAAx,normal,Ctrl,CO28
CO28__10X_17_grch38:GAAACTCTCGTTTAGGx,normal,Ctrl,CO28
CO28__10X_17_grch38:GAAATGAAGACTTGAAx,normal,Ctrl,CO28
CO28__10X_17_grch38:GAAATGAAGCTTCGCGx,normal,Ctrl,CO28
CO28__10X_17_grch38:GAACCTATCTGGTGTAx,normal,Ctrl,CO28
CO28__10X_17_grch38:GAATAAGAGTAGCCGAx,normal,Ctrl,CO28
CO28__10X_17_grch38:GACGCGTGTACCCAATx,normal,Ctrl,CO28
CO28__10X_17_grch38:GACGTTATCCAAACTGx,normal,Ctrl,CO28
CO28__10X_17_grch38:GACTACACACGACTCGx,normal,Ctrl,CO28
CO28__10X_17_grch38:GACTACATCGGTGTTAx,normal,Ctrl,CO28
CO28__10X_17_grch38:GACTGCGAGCAGGCTAx,normal,Ctrl,CO28
CO28__10X_17_grch38:GAGCAGAAGGTACTCTx,normal,Ctrl,CO28
CO28__10X_17_grch38:GAGGTGACAAATACAGx,normal,Ctrl,CO28
CO28__10X_17_grch38:GAGTCCGTCTTGTTTGx,normal,Ctrl,CO28
CO28__10X_17_grch38:GATCGATCATAGAAACx,normal,Ctrl,CO28
CO28__10X_17_grch38:GATCGCGAGTGGAGAAx,normal,Ctrl,CO28
CO28__10X_17_grch38:GATCTAGTCCTAGGGCx,normal,Ctrl,CO28
CO28__10X_17_grch38:GATGAAACACGTTGGCx,normal,Ctrl,CO28
CO28__10X_17_grch38:GATGAAACAGCGATCCx,normal,Ctrl,CO28
CO28__10X_17_grch38:GATGAGGGTCATCCCTx,normal,Ctrl,CO28
CO28__10X_17_grch38:GCAATCAAGGACAGAAx,normal,Ctrl,CO28
CO28__10X_17_grch38:GCAATCAAGGGCTCTCx,normal,Ctrl,CO28
CO28__10X_17_grch38:GCACATATCGCATGGCx,normal,Ctrl,CO28
CO28__10X_17_grch38:GCACTCTAGAGTTGGCx,normal,Ctrl,CO28
CO28__10X_17_grch38:GCACTCTCACAGCCCAx,normal,Ctrl,CO28
CO28__10X_17_grch38:GCACTCTTCTAACCGAx,normal,Ctrl,CO28
CO28__10X_17_grch38:GCGACCAGTTGCGTTAx,normal,Ctrl,CO28
CO28__10X_17_grch38:GCGAGAAAGACCTAGGx,normal,Ctrl,CO28
CO28__10X_17_grch38:GCGCAACAGGTGCTAGx,normal,Ctrl,CO28
CO28__10X_17_grch38:GCGCAACTCACATAGCx,normal,Ctrl,CO28
CO28__10X_17_grch38:GCGCAGTAGCAGATCGx,normal,Ctrl,CO28
CO28__10X_17_grch38:GCGCCAACAGCTGGCTx,normal,Ctrl,CO28
CO28__10X_17_grch38:GCGCGATCACGGCTACx,normal,Ctrl,CO28
CO28__10X_17_grch38:GCTCTGTTCGGAGCAAx,normal,Ctrl,CO28
CO28__10X_17_grch38:GCTGCAGCAAGTTCTGx,normal,Ctrl,CO28
CO28__10X_17_grch38:GGACAGAGTGTGCCTGx,normal,Ctrl,CO28
CO28__10X_17_grch38:GGATGTTAGGATGCGTx,normal,Ctrl,CO28
CO28__10X_17_grch38:GGATGTTCATTAGGCTx,normal,Ctrl,CO28
CO28__10X_17_grch38:GGATTACCAGACGTAGx,normal,Ctrl,CO28
CO28__10X_17_grch38:GGCCGATTCCTCGCATx,normal,Ctrl,CO28
CO28__10X_17_grch38:GGCTGGTAGCGATTCTx,normal,Ctrl,CO28
CO28__10X_17_grch38:GGCTGGTTCCAGTATGx,normal,Ctrl,CO28
CO28__10X_17_grch38:GGGACCTGTTAAAGACx,normal,Ctrl,CO28
CO28__10X_17_grch38:GGGCACTCATGAACCTx,normal,Ctrl,CO28
CO28__10X_17_grch38:GGTGAAGAGTAGGTGCx,normal,Ctrl,CO28
CO28__10X_17_grch38:GGTGAAGGTCATCGGCx,normal,Ctrl,CO28
CO28__10X_17_grch38:GTAACGTGTCTGCAATx,normal,Ctrl,CO28
CO28__10X_17_grch38:GTATCTTCAGCTTAACx,normal,Ctrl,CO28
CO28__10X_17_grch38:GTCAAGTCATTATCTCx,normal,Ctrl,CO28
CO28__10X_17_grch38:GTCACAATCCCAAGATx,normal,Ctrl,CO28
CO28__10X_17_grch38:GTCGGGTCATTCGACAx,normal,Ctrl,CO28
CO28__10X_17_grch38:GTCGGGTTCCTTGGTCx,normal,Ctrl,CO28
CO28__10X_17_grch38:GTCTTCGTCACCATAGx,normal,Ctrl,CO28
CO28__10X_17_grch38:GTCTTCGTCTGTCTATx,normal,Ctrl,CO28
CO28__10X_17_grch38:GTGAAGGTCGGTTCGGx,normal,Ctrl,CO28
CO28__10X_17_grch38:GTGCAGCTCGGAATCTx,normal,Ctrl,CO28
CO28__10X_17_grch38:GTGCGGTCACCAACCGx,normal,Ctrl,CO28
CO28__10X_17_grch38:GTGCGGTCATGCCCGAx,normal,Ctrl,CO28
CO28__10X_17_grch38:GTGCTTCGTTACTGACx,normal,Ctrl,CO28
CO28__10X_17_grch38:GTGGGTCGTTTAGGAAx,normal,Ctrl,CO28
CO28__10X_17_grch38:GTGTTAGAGTACCGGAx,normal,Ctrl,CO28
CO28__10X_17_grch38:GTTACAGGTCATGCATx,normal,Ctrl,CO28
CO28__10X_17_grch38:GTTCGGGAGCACACAGx,normal,Ctrl,CO28
CO28__10X_17_grch38:GTTCTCGAGACAATACx,normal,Ctrl,CO28
CO28__10X_17_grch38:TAAACCGCAATGAAACx,normal,Ctrl,CO28
CO28__10X_17_grch38:TACACGATCGCATGGCx,normal,Ctrl,CO28
CO28__10X_17_grch38:TACAGTGAGCATCATCx,normal,Ctrl,CO28
CO28__10X_17_grch38:TACAGTGCACAAGTAAx,normal,Ctrl,CO28
CO28__10X_17_grch38:TACCTATAGTTGAGTAx,normal,Ctrl,CO28
CO28__10X_17_grch38:TACCTTACATGAACCTx,normal,Ctrl,CO28
CO28__10X_17_grch38:TACGGTAGTTCGGGCTx,normal,Ctrl,CO28
CO28__10X_17_grch38:TACTTGTAGAGCTGCAx,normal,Ctrl,CO28
CO28__10X_17_grch38:TACTTGTAGCTTATCGx,normal,Ctrl,CO28
CO28__10X_17_grch38:TAGACCAAGTGACATAx,normal,Ctrl,CO28
CO28__10X_17_grch38:TAGTTGGAGTTAGCGGx,normal,Ctrl,CO28
CO28__10X_17_grch38:TATTACCGTCGCGGTTx,normal,Ctrl,CO28
CO28__10X_17_grch38:TATTACCGTCGGATCCx,normal,Ctrl,CO28
CO28__10X_17_grch38:TATTACCGTGAAAGAGx,normal,Ctrl,CO28
CO28__10X_17_grch38:TATTACCTCCGTAGGCx,normal,Ctrl,CO28
CO28__10X_17_grch38:TCAATCTGTAGGGACTx,normal,Ctrl,CO28
CO28__10X_17_grch38:TCAATCTTCTTTACACx,normal,Ctrl,CO28
CO28__10X_17_grch38:TCAATCTTCTTTCCTCx,normal,Ctrl,CO28
CO28__10X_17_grch38:TCACAAGCATTACGACx,normal,Ctrl,CO28
CO28__10X_17_grch38:TCACAAGGTCAGAATAx,normal,Ctrl,CO28
CO28__10X_17_grch38:TCACAAGTCGCGCCAAx,normal,Ctrl,CO28
CO28__10X_17_grch38:TCACGAAGTCTAGAGGx,normal,Ctrl,CO28
CO28__10X_17_grch38:TCAGCAACAAGCGAGTx,normal,Ctrl,CO28
CO28__10X_17_grch38:TCAGCTCCACGCGAAAx,normal,Ctrl,CO28
CO28__10X_17_grch38:TCAGGATCACGGCCATx,normal,Ctrl,CO28
CO28__10X_17_grch38:TCAGGTAGTCGCGGTTx,normal,Ctrl,CO28
CO28__10X_17_grch38:TCGAGGCTCACGGTTAx,normal,Ctrl,CO28
CO28__10X_17_grch38:TCGCGAGCAGTGGAGTx,normal,Ctrl,CO28
CO28__10X_17_grch38:TCGCGTTCAGGTGGATx,normal,Ctrl,CO28
CO28__10X_17_grch38:TCGCGTTTCACTGGGCx,normal,Ctrl,CO28
CO28__10X_17_grch38:TCGTAGAGTATATGGAx,normal,Ctrl,CO28
CO28__10X_17_grch38:TCTCATACAGTCACTAx,normal,Ctrl,CO28
CO28__10X_17_grch38:TCTCATAGTTCTGTTTx,normal,Ctrl,CO28
CO28__10X_17_grch38:TCTCTAACAGCTATTGx,normal,Ctrl,CO28
CO28__10X_17_grch38:TCTGGAAAGACAAGCCx,normal,Ctrl,CO28
CO28__10X_17_grch38:TCTTTCCGTAGAGCTGx,normal,Ctrl,CO28
CO28__10X_17_grch38:TCTTTCCGTTGAGTTCx,normal,Ctrl,CO28
CO28__10X_17_grch38:TGACGGCCAGCTGCACx,normal,Ctrl,CO28
CO28__10X_17_grch38:TGACTTTCAGGGTTAGx,normal,Ctrl,CO28
CO28__10X_17_grch38:TGAGAGGAGCTAAACAx,normal,Ctrl,CO28
CO28__10X_17_grch38:TGAGAGGGTCCAGTATx,normal,Ctrl,CO28
CO28__10X_17_grch38:TGAGAGGTCAAAGACAx,normal,Ctrl,CO28
CO28__10X_17_grch38:TGAGCATAGCGGATCAx,normal,Ctrl,CO28
CO28__10X_17_grch38:TGAGGGAAGACCTAGGx,normal,Ctrl,CO28
CO28__10X_17_grch38:TGCACCTTCATGTCCCx,normal,Ctrl,CO28
CO28__10X_17_grch38:TGCCCTAAGCCACGCTx,normal,Ctrl,CO28
CO28__10X_17_grch38:TGCGCAGGTAGGCTGAx,normal,Ctrl,CO28
CO28__10X_17_grch38:TGCGCAGTCAACGGCCx,normal,Ctrl,CO28
CO28__10X_17_grch38:TGCGGGTTCCATGAACx,normal,Ctrl,CO28
CO28__10X_17_grch38:TGCTGCTGTTCGTTGAx,normal,Ctrl,CO28
CO28__10X_17_grch38:TGGACGCTCTTACCGCx,normal,Ctrl,CO28
CO28__10X_17_grch38:TGGCCAGCACTGTGTAx,normal,Ctrl,CO28
CO28__10X_17_grch38:TGGCCAGCAGACAGGTx,normal,Ctrl,CO28
CO28__10X_17_grch38:TGGCCAGCATGAACCTx,normal,Ctrl,CO28
CO28__10X_17_grch38:TGGCGCAGTTAAAGACx,normal,Ctrl,CO28
CO28__10X_17_grch38:TGGCTGGTCTTGTACTx,normal,Ctrl,CO28
CO28__10X_17_grch38:TGGGAAGGTAAATGACx,normal,Ctrl,CO28
CO28__10X_17_grch38:TGGTTAGGTACTCAACx,normal,Ctrl,CO28
CO28__10X_17_grch38:TGTATTCCAAGGGTCAx,normal,Ctrl,CO28
CO28__10X_17_grch38:TGTGTTTCAATGAATGx,normal,Ctrl,CO28
CO28__10X_17_grch38:TGTGTTTCATTGAGCTx,normal,Ctrl,CO28
CO28__10X_17_grch38:TGTGTTTTCAGTTCGAx,normal,Ctrl,CO28
CO28__10X_17_grch38:TGTTCCGAGGGTGTGTx,normal,Ctrl,CO28
CO28__10X_17_grch38:TTAGGCATCTGTTGAGx,normal,Ctrl,CO28
CO28__10X_17_grch38:TTAGGCATCTTAACCTx,normal,Ctrl,CO28
CO28__10X_17_grch38:TTAGTTCCACCAGTTAx,normal,Ctrl,CO28
CO28__10X_17_grch38:TTCCCAGTCTGTCCGTx,normal,Ctrl,CO28
CO28__10X_17_grch38:TTCGGTCCAATCAGAAx,normal,Ctrl,CO28
CO28__10X_17_grch38:TTCTACATCCTTTACAx,normal,Ctrl,CO28
CO28__10X_17_grch38:TTCTACATCTTCATGTx,normal,Ctrl,CO28
CO28__10X_17_grch38:TTCTACATCTTTACGTx,normal,Ctrl,CO28
CO28__10X_17_grch38:TTCTCAAAGCGCCTTGx,normal,Ctrl,CO28
CO28__10X_17_grch38:TTCTTAGAGATATGGTx,normal,Ctrl,CO28
CO28__10X_17_grch38:TTGACTTCAAGGACACx,normal,Ctrl,CO28
CO28__10X_17_grch38:TTGCGTCAGATGTAACx,normal,Ctrl,CO28
CO28__10X_17_grch38:TTGGAACAGTACGATAx,normal,Ctrl,CO28
CO28__10X_17_grch38:TTGGCAAGTTAGAACAx,normal,Ctrl,CO28
CO28__10X_17_grch38:TTGTAGGCAGCGATCCx,normal,Ctrl,CO28
CO28__10X_17_grch38:TTTGTCATCTTACCTAx,normal,Ctrl,CO28
CO25__10X_17_grch38:AAAGATGCAGTGGGATx,normal,Ctrl,CO25
CO25__10X_17_grch38:AATCCAGAGACACGACx,normal,Ctrl,CO25
CO25__10X_17_grch38:ACACCCTGTAGGACACx,normal,Ctrl,CO25
CO25__10X_17_grch38:ACATACGCACAGGAGTx,normal,Ctrl,CO25
CO25__10X_17_grch38:ACGAGCCTCTTGTATCx,normal,Ctrl,CO25
CO25__10X_17_grch38:ACGATACAGCCACGTCx,normal,Ctrl,CO25
CO25__10X_17_grch38:ACGCAGCGTAGTAGTAx,normal,Ctrl,CO25
CO25__10X_17_grch38:ACGGCCAAGAGGTTGCx,normal,Ctrl,CO25
CO25__10X_17_grch38:ACTTGTTCACTAGTACx,normal,Ctrl,CO25
CO25__10X_17_grch38:ACTTTCACAAGGCTCCx,normal,Ctrl,CO25
CO25__10X_17_grch38:AGCGTATCATGGTAGGx,normal,Ctrl,CO25
CO25__10X_17_grch38:AGCGTCGTCGAGCCCAx,normal,Ctrl,CO25
CO25__10X_17_grch38:AGGTCATAGCTGAAATx,normal,Ctrl,CO25
CO25__10X_17_grch38:ATCACGATCTGCCCTAx,normal,Ctrl,CO25
CO25__10X_17_grch38:ATCCGAACAAACCCATx,normal,Ctrl,CO25
CO25__10X_17_grch38:ATCTACTGTTTGACTGx,normal,Ctrl,CO25
CO25__10X_17_grch38:ATTATCCCACCAGGCTx,normal,Ctrl,CO25
CO25__10X_17_grch38:CAAGGCCAGGACGAAAx,normal,Ctrl,CO25
CO25__10X_17_grch38:CAGAGAGGTCGGGTCTx,normal,Ctrl,CO25
CO25__10X_17_grch38:CAGATCAAGTGGGTTGx,normal,Ctrl,CO25
CO25__10X_17_grch38:CAGCTAAGTAGCTTGTx,normal,Ctrl,CO25
CO25__10X_17_grch38:CATATGGTCAAACGGGx,normal,Ctrl,CO25
CO25__10X_17_grch38:CATGACACAGGACGTAx,normal,Ctrl,CO25
CO25__10X_17_grch38:CCAATCCGTTGAACTCx,normal,Ctrl,CO25
CO25__10X_17_grch38:CCACCTAAGTGAATTGx,normal,Ctrl,CO25
CO25__10X_17_grch38:CCATTCGAGCCGTCGTx,normal,Ctrl,CO25
CO25__10X_17_grch38:CCCTCCTGTCAGAAGCx,normal,Ctrl,CO25
CO25__10X_17_grch38:CCTACACTCGTGGGAAx,normal,Ctrl,CO25
CO25__10X_17_grch38:CCTACACTCTAACTTCx,normal,Ctrl,CO25
CO25__10X_17_grch38:CCTACCATCTGACCTCx,normal,Ctrl,CO25
CO25__10X_17_grch38:CGAACATAGTAGTGCGx,normal,Ctrl,CO25
CO25__10X_17_grch38:CGACTTCGTTACGTCAx,normal,Ctrl,CO25
CO25__10X_17_grch38:CGATCGGCATGACATCx,normal,Ctrl,CO25
CO25__10X_17_grch38:CGGAGTCAGTAATCCCx,normal,Ctrl,CO25
CO25__10X_17_grch38:CGTCACTAGTACCGGAx,normal,Ctrl,CO25
CO25__10X_17_grch38:CGTCACTCACAGTCGCx,normal,Ctrl,CO25
CO25__10X_17_grch38:CGTGTCTAGAGACTATx,normal,Ctrl,CO25
CO25__10X_17_grch38:CGTTAGAAGATGCGACx,normal,Ctrl,CO25
CO25__10X_17_grch38:CTAACTTTCCTTCAATx,normal,Ctrl,CO25
CO25__10X_17_grch38:CTACCCAAGGGATACCx,normal,Ctrl,CO25
CO25__10X_17_grch38:CTACGTCTCGTTGACAx,normal,Ctrl,CO25
CO25__10X_17_grch38:CTACGTCTCTTCGAGAx,normal,Ctrl,CO25
CO25__10X_17_grch38:CTCAGAAGTCCGAGTCx,normal,Ctrl,CO25
CO25__10X_17_grch38:CTCCTAGAGAGTCTGGx,normal,Ctrl,CO25
CO25__10X_17_grch38:CTCGAAAAGAACTGTAx,normal,Ctrl,CO25
CO25__10X_17_grch38:CTCGTCACATCGTCGGx,normal,Ctrl,CO25
CO25__10X_17_grch38:CTCTACGTCAGTCCCTx,normal,Ctrl,CO25
CO25__10X_17_grch38:CTCTGGTCACAAGCCCx,normal,Ctrl,CO25
CO25__10X_17_grch38:GAAATGAGTAGCACGAx,normal,Ctrl,CO25
CO25__10X_17_grch38:GAAGCAGGTCAGCTATx,normal,Ctrl,CO25
CO25__10X_17_grch38:GAATAAGCAAAGCAATx,normal,Ctrl,CO25
CO25__10X_17_grch38:GACGGCTTCAGCCTAAx,normal,Ctrl,CO25
CO25__10X_17_grch38:GACTACAAGAGTACCGx,normal,Ctrl,CO25
CO25__10X_17_grch38:GATCAGTAGGGTATCGx,normal,Ctrl,CO25
CO25__10X_17_grch38:GATCAGTGTCATATGCx,normal,Ctrl,CO25
CO25__10X_17_grch38:GATGAGGCAGGCAGTAx,normal,Ctrl,CO25
CO25__10X_17_grch38:GATTCAGGTACCCAATx,normal,Ctrl,CO25
CO25__10X_17_grch38:GCACATATCGTACGGCx,normal,Ctrl,CO25
CO25__10X_17_grch38:GCATGCGGTCGACTGCx,normal,Ctrl,CO25
CO25__10X_17_grch38:GCATGTACACACTGCGx,normal,Ctrl,CO25
CO25__10X_17_grch38:GCGCAGTTCTGATTCTx,normal,Ctrl,CO25
CO25__10X_17_grch38:GCTCCTAAGGACAGAAx,normal,Ctrl,CO25
CO25__10X_17_grch38:GGACATTCAAAGTCAAx,normal,Ctrl,CO25
CO25__10X_17_grch38:GGCAATTTCTCGCTTGx,normal,Ctrl,CO25
CO25__10X_17_grch38:GGGAGATAGGATGCGTx,normal,Ctrl,CO25
CO25__10X_17_grch38:GGTGTTAAGGTGTGGTx,normal,Ctrl,CO25
CO25__10X_17_grch38:GTAGGCCTCAGCTTAGx,normal,Ctrl,CO25
CO25__10X_17_grch38:GTATTCTTCATGTAGCx,normal,Ctrl,CO25
CO25__10X_17_grch38:GTCACAAAGTAGTGCGx,normal,Ctrl,CO25
CO25__10X_17_grch38:GTGCAGCGTTGTGGCCx,normal,Ctrl,CO25
CO25__10X_17_grch38:GTGTGCGTCTCGAGTAx,normal,Ctrl,CO25
CO25__10X_17_grch38:GTTCGGGAGATCGATAx,normal,Ctrl,CO25
CO25__10X_17_grch38:TACACGAAGACTACAAx,normal,Ctrl,CO25
CO25__10X_17_grch38:TACACGACACTAGTACx,normal,Ctrl,CO25
CO25__10X_17_grch38:TACACGAGTGCCTGTGx,normal,Ctrl,CO25
CO25__10X_17_grch38:TCACGAAAGATGTTAGx,normal,Ctrl,CO25
CO25__10X_17_grch38:TCAGCTCAGATGTCGGx,normal,Ctrl,CO25
CO25__10X_17_grch38:TCGCGAGTCGGTCTAAx,normal,Ctrl,CO25
CO25__10X_17_grch38:TCTCATATCGCCATAAx,normal,Ctrl,CO25
CO25__10X_17_grch38:TCTTCGGAGGGTTCCCx,normal,Ctrl,CO25
CO25__10X_17_grch38:TCTTCGGTCTAACCGAx,normal,Ctrl,CO25
CO25__10X_17_grch38:TGACTAGTCTTTAGGGx,normal,Ctrl,CO25
CO25__10X_17_grch38:TGCCCTAGTCGATTGTx,normal,Ctrl,CO25
CO25__10X_17_grch38:TGCCCTATCCGATATGx,normal,Ctrl,CO25
CO25__10X_17_grch38:TGGCCAGTCCTATGTTx,normal,Ctrl,CO25
CO25__10X_17_grch38:TGGGCGTAGTTACCCAx,normal,Ctrl,CO25
CO25__10X_17_grch38:TTAGGACCAATTGCTGx,normal,Ctrl,CO25
CO25__10X_17_grch38:TTCTACATCACAAACCx,normal,Ctrl,CO25
CO25__10X_17_grch38:TTCTCAAAGGTGATATx,normal,Ctrl,CO25
CO25__10X_17_grch38:TTCTTAGAGTCCATACx,normal,Ctrl,CO25
CO25__10X_17_grch38:TTTATGCAGCTGCAAGx,normal,Ctrl,CO25
CO25__10X_17_grch38:TTTCCTCAGGTAGCCAx,normal,Ctrl,CO25
CO25__10X_17_grch38:TTTGTCACAGTCAGCCx,normal,Ctrl,CO25
MS176_NAWM__10X_17_grch38:CAGCTAACATCACGTAx,MS,NAWM,MS176
MS176_NAWM__10X_17_grch38:CCAATCCCATTGGTACx,MS,NAWM,MS176
MS176_NAWM__10X_17_grch38:GATCAGTGTCATGCCGx,MS,NAWM,MS176
MS176_RM__10X_17_grch38:GCTGCTTGTTGACGTTx,MS,RM,MS176
MS176_CI__10X_17_056_roche_grch38_4:CGCTATCAGGGAAACAx,MS,CI,MS176
MS176_CI__10X_17_056_roche_grch38_4:GAAATGATCAGGCCCAx,MS,CI,MS176
MS176_CI__10X_17_056_roche_grch38_4:GACCTGGCAGCGAACAx,MS,CI,MS176
MS176_CI__10X_17_056_roche_grch38_4:GTTCATTGTAGTACCTx,MS,CI,MS176
CO39__10X_17_grch38:AAGCCGCTCTGAAAGAx,normal,Ctrl,CO39
CO39__10X_17_grch38:ACGTCAAAGCCATCGCx,normal,Ctrl,CO39
CO39__10X_17_grch38:ACTATCTTCAGCGACCx,normal,Ctrl,CO39
CO39__10X_17_grch38:AGGTCCGGTGTCTGATx,normal,Ctrl,CO39
CO39__10X_17_grch38:ATCACGAAGGTTCCTAx,normal,Ctrl,CO39
CO39__10X_17_grch38:ATGTGTGCACGAAAGCx,normal,Ctrl,CO39
CO39__10X_17_grch38:CACACTCTCTTGCCGTx,normal,Ctrl,CO39
CO39__10X_17_grch38:CACATAGTCCAGAGGAx,normal,Ctrl,CO39
CO39__10X_17_grch38:CATATTCTCGGACAAGx,normal,Ctrl,CO39
CO39__10X_17_grch38:CCAATCCCAAAGGTGCx,normal,Ctrl,CO39
CO39__10X_17_grch38:CCACCTAGTACTCGCGx,normal,Ctrl,CO39
CO39__10X_17_grch38:CCCAATCCACCTCGGAx,normal,Ctrl,CO39
CO39__10X_17_grch38:CCTAAAGCACAGCCCAx,normal,Ctrl,CO39
CO39__10X_17_grch38:CCTACCACAGCTCGCAx,normal,Ctrl,CO39
CO39__10X_17_grch38:CCTTCCCAGAGATGAGx,normal,Ctrl,CO39
CO39__10X_17_grch38:CTCGAGGAGTGACTCTx,normal,Ctrl,CO39
CO39__10X_17_grch38:CTGCGGAGTTCAACCAx,normal,Ctrl,CO39
CO39__10X_17_grch38:GGAAAGCAGGACCACAx,normal,Ctrl,CO39
CO39__10X_17_grch38:GGGAATGTCTATCCTAx,normal,Ctrl,CO39
CO39__10X_17_grch38:GTGCATAGTTTGCATGx,normal,Ctrl,CO39
CO39__10X_17_grch38:TACTTACAGCAACGGTx,normal,Ctrl,CO39
CO39__10X_17_grch38:TCAACGATCGGTGTTAx,normal,Ctrl,CO39
CO39__10X_17_grch38:TCAGATGGTGAGCGATx,normal,Ctrl,CO39
CO39__10X_17_grch38:TCTATTGGTGAACCTTx,normal,Ctrl,CO39
CO39__10X_17_grch38:TGCGTGGTCAGCTGGCx,normal,Ctrl,CO39
CO14__10X_17_grch38:CTAAGACTCGCGGATCx,normal,Ctrl,CO14
CO14__10X_17_grch38:GTGGGTCAGCGTGAGTx,normal,Ctrl,CO14
CO14__10X_17_grch38:TCTATTGTCCGCATAAx,normal,Ctrl,CO14
SD48/16__10X_17_grch38:CCTTACGAGTTGCAGGx,normal,Ctrl,SD48/16
SD48/16__10X_17_grch38:CGCTGGACACTGCCAGx,normal,Ctrl,SD48/16
MS122_NAWM__10X_17_grch38:AATCGGTAGCTAGTTCx,MS,NAWM,MS122
MS122_NAWM__10X_17_grch38:ACACCCTGTTGCGCACx,MS,NAWM,MS122
MS122_NAWM__10X_17_grch38:ACACCGGAGACTGTAAx,MS,NAWM,MS122
MS122_NAWM__10X_17_grch38:ACACTGACATGTCCTCx,MS,NAWM,MS122
MS122_NAWM__10X_17_grch38:ACATCAGCAAGAAAGGx,MS,NAWM,MS122
MS122_NAWM__10X_17_grch38:ACGGCCAGTAGAGTGCx,MS,NAWM,MS122
MS122_NAWM__10X_17_grch38:ACGGGTCAGTCTCGGCx,MS,NAWM,MS122
MS122_NAWM__10X_17_grch38:ACTTGTTCAGCAGTTTx,MS,NAWM,MS122
MS122_NAWM__10X_17_grch38:ACTTTCAAGATCCCATx,MS,NAWM,MS122
MS122_NAWM__10X_17_grch38:AGACGTTGTGGGTCAAx,MS,NAWM,MS122
MS122_NAWM__10X_17_grch38:AGATCTGTCCTCATTAx,MS,NAWM,MS122
MS122_NAWM__10X_17_grch38:AGCGTATTCCTTGCCAx,MS,NAWM,MS122
MS122_NAWM__10X_17_grch38:AGGGATGAGAAACCTAx,MS,NAWM,MS122
MS122_NAWM__10X_17_grch38:AGGGATGTCACCGGGTx,MS,NAWM,MS122
MS122_NAWM__10X_17_grch38:ATCATGGCAGCTTCGGx,MS,NAWM,MS122
MS122_NAWM__10X_17_grch38:ATCCACCCAGCCTATAx,MS,NAWM,MS122
MS122_NAWM__10X_17_grch38:ATGCGATAGCCCGAAAx,MS,NAWM,MS122
MS122_NAWM__10X_17_grch38:ATGGGAGGTAGCTTGTx,MS,NAWM,MS122
MS122_NAWM__10X_17_grch38:CAAGAAAGTCCGTCAGx,MS,NAWM,MS122
MS122_NAWM__10X_17_grch38:CACACAACACTTAAGCx,MS,NAWM,MS122
MS122_NAWM__10X_17_grch38:CACTCCAGTGTGGTTTx,MS,NAWM,MS122
MS122_NAWM__10X_17_grch38:CAGTAACAGTACCGGAx,MS,NAWM,MS122
MS122_NAWM__10X_17_grch38:CATCGAACAAAGCAATx,MS,NAWM,MS122
MS122_NAWM__10X_17_grch38:CATTCGCTCTAACCGAx,MS,NAWM,MS122
MS122_NAWM__10X_17_grch38:CCACGGATCATCATTCx,MS,NAWM,MS122
MS122_NAWM__10X_17_grch38:CCACTACGTTGAACTCx,MS,NAWM,MS122
MS122_NAWM__10X_17_grch38:CCAGCGAAGTGGACGTx,MS,NAWM,MS122
MS122_NAWM__10X_17_grch38:CCTATTAGTTATGCGTx,MS,NAWM,MS122
MS122_NAWM__10X_17_grch38:CCTATTATCATGTGGTx,MS,NAWM,MS122
MS122_NAWM__10X_17_grch38:CGAACATGTGTCTGATx,MS,NAWM,MS122
MS122_NAWM__10X_17_grch38:CGATTGACACATGTGTx,MS,NAWM,MS122
MS122_NAWM__10X_17_grch38:CGGACTGCAGGAATCGx,MS,NAWM,MS122
MS122_NAWM__10X_17_grch38:CGGAGTCCAACACGCCx,MS,NAWM,MS122
MS122_NAWM__10X_17_grch38:CGTAGCGCAGACGCTCx,MS,NAWM,MS122
MS122_NAWM__10X_17_grch38:CGTCACTTCTGAGTGTx,MS,NAWM,MS122
MS122_NAWM__10X_17_grch38:CTAAGACTCCGTTGCTx,MS,NAWM,MS122
MS122_NAWM__10X_17_grch38:CTAATGGTCAGCGACCx,MS,NAWM,MS122
MS122_NAWM__10X_17_grch38:CTACGTCAGGCATGGTx,MS,NAWM,MS122
MS122_NAWM__10X_17_grch38:CTCCTAGGTTCCTCCAx,MS,NAWM,MS122
MS122_NAWM__10X_17_grch38:CTCTACGCAGGTGGATx,MS,NAWM,MS122
MS122_NAWM__10X_17_grch38:CTCTGGTGTACCATCAx,MS,NAWM,MS122
MS122_NAWM__10X_17_grch38:CTGAAGTTCTCAACTTx,MS,NAWM,MS122
MS122_NAWM__10X_17_grch38:CTTAGGATCCATGCTCx,MS,NAWM,MS122
MS122_NAWM__10X_17_grch38:GAATGAATCCAAACACx,MS,NAWM,MS122
MS122_NAWM__10X_17_grch38:GACTAACAGAAGGACAx,MS,NAWM,MS122
MS122_NAWM__10X_17_grch38:GATCAGTAGTAACCCTx,MS,NAWM,MS122
MS122_NAWM__10X_17_grch38:GATCGCGGTAGAAGGAx,MS,NAWM,MS122
MS122_NAWM__10X_17_grch38:GATCTAGAGAGTCTGGx,MS,NAWM,MS122
MS122_NAWM__10X_17_grch38:GATCTAGCATCACGATx,MS,NAWM,MS122
MS122_NAWM__10X_17_grch38:GATCTAGTCTTGCATTx,MS,NAWM,MS122
MS122_NAWM__10X_17_grch38:GATGAGGGTACATCCAx,MS,NAWM,MS122
MS122_NAWM__10X_17_grch38:GCAAACTGTGATGATAx,MS,NAWM,MS122
MS122_NAWM__10X_17_grch38:GCATACAGTTCACCTCx,MS,NAWM,MS122
MS122_NAWM__10X_17_grch38:GCGAGAACAGACAGGTx,MS,NAWM,MS122
MS122_NAWM__10X_17_grch38:GCGCCAACAGCTGTGCx,MS,NAWM,MS122
MS122_NAWM__10X_17_grch38:GCTGCGAAGGTGTGGTx,MS,NAWM,MS122
MS122_NAWM__10X_17_grch38:GCTTGAAGTCCAGTGCx,MS,NAWM,MS122
MS122_NAWM__10X_17_grch38:GGAAAGCCAAGCGCTCx,MS,NAWM,MS122
MS122_NAWM__10X_17_grch38:GGAACTTTCTCTTGATx,MS,NAWM,MS122
MS122_NAWM__10X_17_grch38:GGCTCGACAGCATACTx,MS,NAWM,MS122
MS122_NAWM__10X_17_grch38:GGTATTGCAATAACGAx,MS,NAWM,MS122
MS122_NAWM__10X_17_grch38:GGTGAAGCATACTCTTx,MS,NAWM,MS122
MS122_NAWM__10X_17_grch38:GTTAAGCCATCACGATx,MS,NAWM,MS122
MS122_NAWM__10X_17_grch38:GTTCATTTCCACGAATx,MS,NAWM,MS122
MS122_NAWM__10X_17_grch38:TAAGTGCGTATGAATGx,MS,NAWM,MS122
MS122_NAWM__10X_17_grch38:TACACGAGTACACCGCx,MS,NAWM,MS122
MS122_NAWM__10X_17_grch38:TACAGTGAGCTACCTAx,MS,NAWM,MS122
MS122_NAWM__10X_17_grch38:TACCTATTCCACTGGGx,MS,NAWM,MS122
MS122_NAWM__10X_17_grch38:TAGCCGGTCGCCAAATx,MS,NAWM,MS122
MS122_NAWM__10X_17_grch38:TCAGCAACAACGATGGx,MS,NAWM,MS122
MS122_NAWM__10X_17_grch38:TCCCGATAGGTGATATx,MS,NAWM,MS122
MS122_NAWM__10X_17_grch38:TCGCGTTGTTAAGATGx,MS,NAWM,MS122
MS122_NAWM__10X_17_grch38:TGAAAGAGTAAGGATTx,MS,NAWM,MS122
MS122_NAWM__10X_17_grch38:TGACTAGGTCTGATCAx,MS,NAWM,MS122
MS122_NAWM__10X_17_grch38:TGCTGCTGTTCGAATCx,MS,NAWM,MS122
MS122_NAWM__10X_17_grch38:TGGACGCGTGCAACTTx,MS,NAWM,MS122
MS122_NAWM__10X_17_grch38:TGTATTCCATGCTAGTx,MS,NAWM,MS122
MS122_NAWM__10X_17_grch38:TTTGGTTGTAATCACCx,MS,NAWM,MS122
MS122_CI__10X_17_grch38:ACGAGGAGTCGCTTCTx,MS,CI,MS122
MS122_CI__10X_17_grch38:AGCAGCCCATAGAAACx,MS,CI,MS122
MS122_CI__10X_17_grch38:GGACAAGTCCGTCATCx,MS,CI,MS122
MS122_CI__10X_17_grch38:TAAGTGCGTTCTCATTx,MS,CI,MS122
MS122_A__10X_17_grch38:AATCCAGCATGTTGACx,MS,A,MS122
MS122_A__10X_17_grch38:ACGATGTGTATGCTTGx,MS,A,MS122
MS122_A__10X_17_grch38:CACATAGTCGCATGATx,MS,A,MS122
MS122_A__10X_17_grch38:CATTATCTCTGCGACGx,MS,A,MS122
MS122_A__10X_17_grch38:CCTACACCAGTATCTGx,MS,A,MS122
MS122_A__10X_17_grch38:GCTCTGTCATGTCGATx,MS,A,MS122
MS122_A__10X_17_grch38:TAGACCAGTCGTTGTAx,MS,A,MS122
MS122_A__10X_17_grch38:TCCACACCAGGGAGAGx,MS,A,MS122
MS122_A__10X_17_grch38:TTAGGCAAGAAACCTAx,MS,A,MS122
MS121_A2__10X_17_grch38:TCTATTGTCAGTCAGTx,MS,A,MS121
MS121_CA__10X_17_grch38:TCTTTCCGTGTAACGGx,MS,CA,MS121
CO28__10X_17_grch38:AAATGCCGTGTTCGATx,normal,Ctrl,CO28
CO28__10X_17_grch38:ACCAGTACATGGTTGTx,normal,Ctrl,CO28
CO28__10X_17_grch38:CGAACATAGACGCTTTx,normal,Ctrl,CO28
CO28__10X_17_grch38:TGCCCTACACAAGTAAx,normal,Ctrl,CO28
CO25__10X_17_grch38:CATCAAGCAGATGGCAx,normal,Ctrl,CO25
CO25__10X_17_grch38:CCCTCCTCAGTGACAGx,normal,Ctrl,CO25
CO25__10X_17_grch38:GTAACGTCAATAACGAx,normal,Ctrl,CO25
CO25__10X_17_grch38:GTGCATACACCAGGCTx,normal,Ctrl,CO25
CO25__10X_17_grch38:TCAGATGCAAGGACTGx,normal,Ctrl,CO25
CO25__10X_17_grch38:TTTGTCAGTTTCGCTCx,normal,Ctrl,CO25
MS176_NAWM__10X_17_grch38:GGATTACCATAGACTCx,MS,NAWM,MS176
CO39__10X_17_grch38:CGATGGCTCGCAAGCCx,normal,Ctrl,CO39
MS122_NAWM__10X_17_grch38:ACCAGTATCAGCCTAAx,MS,NAWM,MS122
MS122_NAWM__10X_17_grch38:CACAAACGTACTTCTTx,MS,NAWM,MS122
MS122_NAWM__10X_17_grch38:GTAACTGGTGTCTGATx,MS,NAWM,MS122
MS122_CI__10X_17_grch38:GGGCACTCAGCTGTTAx,MS,CI,MS122
CO39__10X_17_grch38:TGCCCATAGTCAAGCGx,normal,Ctrl,CO39
MS176_RM__10X_17_grch38:TTAGGCAAGTTAGGTAx,MS,RM,MS176
CO14__10X_17_grch38:TGCTGCTGTTCCGTCTx,normal,Ctrl,CO14
CO39__10X_17_grch38:CTGTTTATCAAACAAGx,normal,Ctrl,CO39
CO39__10X_17_grch38:TCAGCAATCATAACCGx,normal,Ctrl,CO39
MS242_CA2__10X_17_grch38:AGGGAGTGTACTCTCCx,MS,CA,MS242
CO25__10X_17_grch38:TCATTTGGTGTCTGATx,normal,Ctrl,CO25
MS176_NAWM__10X_17_grch38:ACACCCTAGAAGCCCAx,MS,NAWM,MS176
MS176_NAWM__10X_17_grch38:AGCGTCGTCAGTTAGCx,MS,NAWM,MS176
MS176_NAWM__10X_17_grch38:ATAACGCCAATGACCTx,MS,NAWM,MS176
MS176_NAWM__10X_17_grch38:ATAAGAGCATCCAACAx,MS,NAWM,MS176
MS176_NAWM__10X_17_grch38:ATTGGACTCCACGTTCx,MS,NAWM,MS176
MS176_NAWM__10X_17_grch38:CACAAACGTCTGATTGx,MS,NAWM,MS176
MS176_NAWM__10X_17_grch38:CACCAGGCAGACAGGTx,MS,NAWM,MS176
MS176_NAWM__10X_17_grch38:CAGCATAAGTTGAGATx,MS,NAWM,MS176
MS176_NAWM__10X_17_grch38:CAGCCGATCGCAAACTx,MS,NAWM,MS176
MS176_NAWM__10X_17_grch38:CAGTCCTGTCTCCCTAx,MS,NAWM,MS176
MS176_NAWM__10X_17_grch38:CATATTCAGAAGGTTTx,MS,NAWM,MS176
MS176_NAWM__10X_17_grch38:CATCGGGTCGCTTGTCx,MS,NAWM,MS176
MS176_NAWM__10X_17_grch38:CCAATCCAGTAGTGCGx,MS,NAWM,MS176
MS176_NAWM__10X_17_grch38:CCATTCGCATTACCTTx,MS,NAWM,MS176
MS176_NAWM__10X_17_grch38:CCTTCCCCATGAACCTx,MS,NAWM,MS176
MS176_NAWM__10X_17_grch38:CGAGCACCAAGTTGTCx,MS,NAWM,MS176
MS176_NAWM__10X_17_grch38:CGAGCACCAGCCAGAAx,MS,NAWM,MS176
MS176_NAWM__10X_17_grch38:CGCGGTAAGGAATCGCx,MS,NAWM,MS176
MS176_NAWM__10X_17_grch38:CGCTTCAAGGGATCTGx,MS,NAWM,MS176
MS176_NAWM__10X_17_grch38:CGGACTGAGACAGAGAx,MS,NAWM,MS176
MS176_NAWM__10X_17_grch38:CGTCCATTCTAACTGGx,MS,NAWM,MS176
MS176_NAWM__10X_17_grch38:CTCAGAACATGCAATCx,MS,NAWM,MS176
MS176_NAWM__10X_17_grch38:CTCCTAGGTATTACCGx,MS,NAWM,MS176
MS176_NAWM__10X_17_grch38:CTGAAGTTCATCGGATx,MS,NAWM,MS176
MS176_NAWM__10X_17_grch38:CTGCGGAAGCCCAGCTx,MS,NAWM,MS176
MS176_NAWM__10X_17_grch38:GAGTCCGGTTACGACTx,MS,NAWM,MS176
MS176_NAWM__10X_17_grch38:GGCCGATAGCTCCTCTx,MS,NAWM,MS176
MS176_NAWM__10X_17_grch38:GGCTGGTAGGATCGCAx,MS,NAWM,MS176
MS176_NAWM__10X_17_grch38:GGTATTGCAAGGTGTGx,MS,NAWM,MS176
MS176_NAWM__10X_17_grch38:GTCGTAAGTGATAAACx,MS,NAWM,MS176
MS176_NAWM__10X_17_grch38:GTCTTCGTCACCTCGTx,MS,NAWM,MS176
MS176_NAWM__10X_17_grch38:TAAGTGCCATGGTCATx,MS,NAWM,MS176
MS176_NAWM__10X_17_grch38:TACACGAAGCGTGTCCx,MS,NAWM,MS176
MS176_NAWM__10X_17_grch38:TACCTATCAGACAGGTx,MS,NAWM,MS176
MS176_NAWM__10X_17_grch38:TACTTGTAGTGCGTGAx,MS,NAWM,MS176
MS176_NAWM__10X_17_grch38:TAGTGGTCAGTGACAGx,MS,NAWM,MS176
MS176_NAWM__10X_17_grch38:TCGGTAAAGTCACGCCx,MS,NAWM,MS176
MS176_NAWM__10X_17_grch38:TGAAAGAAGTGTCCCGx,MS,NAWM,MS176
MS176_NAWM__10X_17_grch38:TGACTTTTCTTGGGTAx,MS,NAWM,MS176
MS176_NAWM__10X_17_grch38:TGAGAGGAGATCCTGTx,MS,NAWM,MS176
MS176_NAWM__10X_17_grch38:TGAGAGGGTCTAGAGGx,MS,NAWM,MS176
MS176_NAWM__10X_17_grch38:TGATTTCCAGTCAGCCx,MS,NAWM,MS176
MS176_NAWM__10X_17_grch38:TGTATTCAGTTTCCTTx,MS,NAWM,MS176
MS176_NAWM__10X_17_grch38:TGTTCCGGTCTGGAGAx,MS,NAWM,MS176
MS176_NAWM__10X_17_grch38:TTCGGTCGTCGTCTTCx,MS,NAWM,MS176
MS176_NAWM__10X_17_grch38:TTTACTGGTCAACATCx,MS,NAWM,MS176
MS176_RM__10X_17_grch38:AACTCAGTCCTTGCCAx,MS,RM,MS176
MS176_RM__10X_17_grch38:AACTCCCAGTTGCAGGx,MS,RM,MS176
MS176_RM__10X_17_grch38:AACTGGTGTTCTGAACx,MS,RM,MS176
MS176_RM__10X_17_grch38:AAGTCTGCACCTCGGAx,MS,RM,MS176
MS176_RM__10X_17_grch38:AATCCAGCACGCCAGTx,MS,RM,MS176
MS176_RM__10X_17_grch38:ACAGCCGAGACACGACx,MS,RM,MS176
MS176_RM__10X_17_grch38:ACAGCTATCCCATTTAx,MS,RM,MS176
MS176_RM__10X_17_grch38:ACATGGTCACATGGGAx,MS,RM,MS176
MS176_RM__10X_17_grch38:ACTGCTCGTACATCCAx,MS,RM,MS176
MS176_RM__10X_17_grch38:AGACGTTGTATAATGGx,MS,RM,MS176
MS176_RM__10X_17_grch38:AGCGGTCTCTAACTCTx,MS,RM,MS176
MS176_RM__10X_17_grch38:AGCTCCTAGCAGGCTAx,MS,RM,MS176
MS176_RM__10X_17_grch38:AGGCCGTGTGCAACGAx,MS,RM,MS176
MS176_RM__10X_17_grch38:AGGGAGTCAAAGTCAAx,MS,RM,MS176
MS176_RM__10X_17_grch38:AGGGTGATCGTGGTCGx,MS,RM,MS176
MS176_RM__10X_17_grch38:AGTTGGTAGCTTTGGTx,MS,RM,MS176
MS176_RM__10X_17_grch38:ATAACGCTCCCGGATGx,MS,RM,MS176
MS176_RM__10X_17_grch38:ATTTCTGAGGAGTACCx,MS,RM,MS176
MS176_RM__10X_17_grch38:CACAGTACATCTACGAx,MS,RM,MS176
MS176_RM__10X_17_grch38:CACATAGTCCCTCAGTx,MS,RM,MS176
MS176_RM__10X_17_grch38:CACATTTGTCTAGTGTx,MS,RM,MS176
MS176_RM__10X_17_grch38:CAGCGACTCACCGGGTx,MS,RM,MS176
MS176_RM__10X_17_grch38:CAGTAACGTCAATACCx,MS,RM,MS176
MS176_RM__10X_17_grch38:CATTATCGTGTTTGGTx,MS,RM,MS176
MS176_RM__10X_17_grch38:CATTCGCGTTCAGTACx,MS,RM,MS176
MS176_RM__10X_17_grch38:CCACGGAAGGACACCAx,MS,RM,MS176
MS176_RM__10X_17_grch38:CCCTCCTAGAATTCCCx,MS,RM,MS176
MS176_RM__10X_17_grch38:CCGGGATAGAAGGTTTx,MS,RM,MS176
MS176_RM__10X_17_grch38:CCGGGATAGGCAATTAx,MS,RM,MS176
MS176_RM__10X_17_grch38:CCTTCGAAGTCCAGGAx,MS,RM,MS176
MS176_RM__10X_17_grch38:CGAGAAGTCATGTAGCx,MS,RM,MS176
MS176_RM__10X_17_grch38:CGAGCCAAGTCCATACx,MS,RM,MS176
MS176_RM__10X_17_grch38:CGTCACTGTCGTCTTCx,MS,RM,MS176
MS176_RM__10X_17_grch38:CGTGAGCCAATAGCGGx,MS,RM,MS176
MS176_RM__10X_17_grch38:CGTTGGGTCGCCTGTTx,MS,RM,MS176
MS176_RM__10X_17_grch38:CTCAGAACATCGGTTAx,MS,RM,MS176
MS176_RM__10X_17_grch38:CTCATTACACTTCTGCx,MS,RM,MS176
MS176_RM__10X_17_grch38:CTCTGGTAGCGATAGCx,MS,RM,MS176
MS176_RM__10X_17_grch38:CTGGTCTAGGCTAGGTx,MS,RM,MS176
MS176_RM__10X_17_grch38:GAACATCGTACCGAGAx,MS,RM,MS176
MS176_RM__10X_17_grch38:GAACCTATCCTTGCCAx,MS,RM,MS176
MS176_RM__10X_17_grch38:GACGTGCTCGCCTGTTx,MS,RM,MS176
MS176_RM__10X_17_grch38:GATGAAACAGACGCTCx,MS,RM,MS176
MS176_RM__10X_17_grch38:GCATGATAGAGGACGGx,MS,RM,MS176
MS176_RM__10X_17_grch38:GCGCAACAGAGTCTGGx,MS,RM,MS176
MS176_RM__10X_17_grch38:GCGCAACTCTCTGTCGx,MS,RM,MS176
MS176_RM__10X_17_grch38:GCGCAGTAGACTAGATx,MS,RM,MS176
MS176_RM__10X_17_grch38:GGATTACAGTGGTAGCx,MS,RM,MS176
MS176_RM__10X_17_grch38:GTGAAGGAGGATATACx,MS,RM,MS176
MS176_RM__10X_17_grch38:GTGAAGGGTCAGATAAx,MS,RM,MS176
MS176_RM__10X_17_grch38:GTGTTAGGTTCCACGGx,MS,RM,MS176
MS176_RM__10X_17_grch38:GTGTTAGTCCACGTGGx,MS,RM,MS176
MS176_RM__10X_17_grch38:GTTACAGAGAGTTGGCx,MS,RM,MS176
MS176_RM__10X_17_grch38:GTTCGGGGTATATCCGx,MS,RM,MS176
MS176_RM__10X_17_grch38:TACCTATCAAGCCATTx,MS,RM,MS176
MS176_RM__10X_17_grch38:TAGCCGGTCGCATGATx,MS,RM,MS176
MS176_RM__10X_17_grch38:TAGTTGGGTGCGAAACx,MS,RM,MS176
MS176_RM__10X_17_grch38:TCAGATGCATTCCTCGx,MS,RM,MS176
MS176_RM__10X_17_grch38:TCAGCAAAGCCACGTCx,MS,RM,MS176
MS176_RM__10X_17_grch38:TCTATTGCAGTATGCTx,MS,RM,MS176
MS176_RM__10X_17_grch38:TCTTCGGGTCTAGTCAx,MS,RM,MS176
MS176_RM__10X_17_grch38:TGAGAGGGTGAGCGATx,MS,RM,MS176
MS176_RM__10X_17_grch38:TGGACGCGTGCCTGTGx,MS,RM,MS176
MS176_RM__10X_17_grch38:TTAACTCGTATTAGCCx,MS,RM,MS176
MS176_RM__10X_17_grch38:TTAGGCATCGCCCTTAx,MS,RM,MS176
MS176_RM__10X_17_grch38:TTCTCAATCGCGTTTCx,MS,RM,MS176
MS176_RM__10X_17_grch38:TTCTTAGTCATTGCCCx,MS,RM,MS176
MS176_RM__10X_17_grch38:TTGACTTGTGTTCGATx,MS,RM,MS176
MS176_RM__10X_17_grch38:TTTATGCTCAACACACx,MS,RM,MS176
MS176_CI__10X_17_056_roche_grch38_4:AAACCTGGTACTCTCCx,MS,CI,MS176
MS176_CI__10X_17_056_roche_grch38_4:AACCGCGCAACTTGACx,MS,CI,MS176
MS176_CI__10X_17_056_roche_grch38_4:ACGAGGACATTATCTCx,MS,CI,MS176
MS176_CI__10X_17_056_roche_grch38_4:ACGGCCAGTAAACGCGx,MS,CI,MS176
MS176_CI__10X_17_056_roche_grch38_4:ACTGCTCAGTCGCCGTx,MS,CI,MS176
MS176_CI__10X_17_056_roche_grch38_4:AGACGTTCAAACTGTCx,MS,CI,MS176
MS176_CI__10X_17_056_roche_grch38_4:CAAGAAACACCACGTGx,MS,CI,MS176
MS176_CI__10X_17_056_roche_grch38_4:CTACGTCCATCACGTAx,MS,CI,MS176
MS176_CI__10X_17_056_roche_grch38_4:GACCAATGTCCCTTGTx,MS,CI,MS176
MS176_CI__10X_17_056_roche_grch38_4:GCGCGATGTTCGCGACx,MS,CI,MS176
MS176_CI__10X_17_056_roche_grch38_4:TCAGATGTCATCACCCx,MS,CI,MS176
MS176_CA__10X_17_grch38:ACAGCCGAGGGCTTGAx,MS,CA,MS176
MS176_CA__10X_17_grch38:ACAGCCGTCGAGAACGx,MS,CA,MS176
MS176_CA__10X_17_grch38:AGCTTGAAGTCAAGCGx,MS,CA,MS176
MS176_CA__10X_17_grch38:ATCACGACACCGTTGGx,MS,CA,MS176
MS176_CA__10X_17_grch38:CATCAAGAGGACAGCTx,MS,CA,MS176
MS176_CA__10X_17_grch38:CCCTCCTGTAAGGGCTx,MS,CA,MS176
MS176_CA__10X_17_grch38:CCTCAGTTCGCTAGCGx,MS,CA,MS176
MS176_CA__10X_17_grch38:CGCGTTTAGGAGTTGCx,MS,CA,MS176
MS176_CA__10X_17_grch38:CTCAGAAGTCTTGATGx,MS,CA,MS176
MS176_CA__10X_17_grch38:GAAGCAGGTCCGTCAGx,MS,CA,MS176
MS176_CA__10X_17_grch38:GAATAAGAGGCGTACAx,MS,CA,MS176
MS176_CA__10X_17_grch38:GGGCACTCATACTACGx,MS,CA,MS176
MS176_CA__10X_17_grch38:TGTTCCGTCTGTCCGTx,MS,CA,MS176
CO39__10X_17_grch38:AAGACCTGTCTCTTTAx,normal,Ctrl,CO39
CO39__10X_17_grch38:ACACCGGTCAATCTCTx,normal,Ctrl,CO39
CO39__10X_17_grch38:AGGGTGAGTCAACTGTx,normal,Ctrl,CO39
CO39__10X_17_grch38:CAAGATCGTGTGAAATx,normal,Ctrl,CO39
CO39__10X_17_grch38:CAAGGCCGTTTGACACx,normal,Ctrl,CO39
CO39__10X_17_grch38:CACATAGAGGCCCGTTx,normal,Ctrl,CO39
CO39__10X_17_grch38:CAGATCAGTCAGAAGCx,normal,Ctrl,CO39
CO39__10X_17_grch38:CAGCAGCGTCTAACGTx,normal,Ctrl,CO39
CO39__10X_17_grch38:CATATTCAGCGACGTAx,normal,Ctrl,CO39
CO39__10X_17_grch38:CCCATACCAAGCGAGTx,normal,Ctrl,CO39
CO39__10X_17_grch38:CGATGTAGTAAGTGGCx,normal,Ctrl,CO39
CO39__10X_17_grch38:CTAACTTGTACAGTGGx,normal,Ctrl,CO39
CO39__10X_17_grch38:CTACACCCAGGTGGATx,normal,Ctrl,CO39
CO39__10X_17_grch38:CTACACCTCAAACGGGx,normal,Ctrl,CO39
CO39__10X_17_grch38:GACGTGCCACTCGACGx,normal,Ctrl,CO39
CO39__10X_17_grch38:GATGAAATCGGTGTTAx,normal,Ctrl,CO39
CO39__10X_17_grch38:GGAACTTTCAGTTAGCx,normal,Ctrl,CO39
CO39__10X_17_grch38:GTCGGGTCATTGAGCTx,normal,Ctrl,CO39
CO39__10X_17_grch38:GTGCATATCACAACGTx,normal,Ctrl,CO39
CO39__10X_17_grch38:GTTCATTCACATGTGTx,normal,Ctrl,CO39
CO39__10X_17_grch38:TACTCGCAGCCCTAATx,normal,Ctrl,CO39
CO39__10X_17_grch38:TATGCCCTCCCTAATTx,normal,Ctrl,CO39
CO39__10X_17_grch38:TCATTTGAGTGGGATCx,normal,Ctrl,CO39
CO39__10X_17_grch38:TGAAAGACACTAGTACx,normal,Ctrl,CO39
CO39__10X_17_grch38:TGCGGGTCACATGGGAx,normal,Ctrl,CO39
CO39__10X_17_grch38:TGTGTTTTCACCATAGx,normal,Ctrl,CO39
CO39__10X_17_grch38:TTCTCAAAGTAACCCTx,normal,Ctrl,CO39
CO14__10X_17_grch38:ACACTGACAGGGATTGx,normal,Ctrl,CO14
CO14__10X_17_grch38:ACGAGCCCAGGGAGAGx,normal,Ctrl,CO14
CO14__10X_17_grch38:ACGCAGCCACGAAATAx,normal,Ctrl,CO14
CO14__10X_17_grch38:AGCTTGATCGGCATCGx,normal,Ctrl,CO14
CO14__10X_17_grch38:CCATTCGGTGAGTATAx,normal,Ctrl,CO14
CO14__10X_17_grch38:CCTAGCTTCAGCCTAAx,normal,Ctrl,CO14
CO14__10X_17_grch38:CGTGAGCCATCACAACx,normal,Ctrl,CO14
CO14__10X_17_grch38:CTGATAGAGAAACCTAx,normal,Ctrl,CO14
CO14__10X_17_grch38:CTGCGGAGTTAAGTAGx,normal,Ctrl,CO14
CO14__10X_17_grch38:GACTGCGAGCCCGAAAx,normal,Ctrl,CO14
CO14__10X_17_grch38:GCGACCAAGCTTTGGTx,normal,Ctrl,CO14
CO14__10X_17_grch38:GCTGCGAAGTGAAGAGx,normal,Ctrl,CO14
CO14__10X_17_grch38:GCTGCGAGTCCCTACTx,normal,Ctrl,CO14
CO14__10X_17_grch38:GGACGTCCACAACTGTx,normal,Ctrl,CO14
CO14__10X_17_grch38:GTCCTCAGTCAACTGTx,normal,Ctrl,CO14
CO14__10X_17_grch38:TAAGCGTTCAGTTTGGx,normal,Ctrl,CO14
CO14__10X_17_grch38:TTCGGTCCAAATTGCCx,normal,Ctrl,CO14
MS242_CA5__10X_17_grch38:GGAACTTTCAGTGTTGx,MS,CA,MS242
MS242_CA2__10X_17_grch38:GATCGCGTCAGAAATGx,MS,CA,MS242
SD48/16__10X_17_grch38:AGGTCCGGTTATCGGTx,normal,Ctrl,SD48/16
SD48/16__10X_17_grch38:CACTCCATCGATCCCTx,normal,Ctrl,SD48/16
SD48/16__10X_17_grch38:CTGCCTAAGGTTACCTx,normal,Ctrl,SD48/16
SD48/16__10X_17_grch38:CTTCTCTCAGCATACTx,normal,Ctrl,SD48/16
SD48/16__10X_17_grch38:GTAACGTGTCAATACCx,normal,Ctrl,SD48/16
SD48/16__10X_17_grch38:TCAGCTCAGACAGACCx,normal,Ctrl,SD48/16
SD48/16__10X_17_grch38:TCCACACCACATCCGGx,normal,Ctrl,SD48/16
SD48/16__10X_17_grch38:TCGTACCCAATTGCTGx,normal,Ctrl,SD48/16
SD48/16__10X_17_grch38:TGACTAGAGACTTTCGx,normal,Ctrl,SD48/16
SD48/16__10X_17_grch38:TGCGCAGGTCATCCCTx,normal,Ctrl,SD48/16
MS122_NAWM__10X_17_grch38:ACGCCAGGTCAGTGGAx,MS,NAWM,MS122
MS122_NAWM__10X_17_grch38:ACTGAACGTTCTCATTx,MS,NAWM,MS122
MS122_NAWM__10X_17_grch38:CAGAGAGGTAAATGACx,MS,NAWM,MS122
MS122_NAWM__10X_17_grch38:CGCTGGAAGCCGGTAAx,MS,NAWM,MS122
MS122_NAWM__10X_17_grch38:GGCTCGACAAGTTAAGx,MS,NAWM,MS122
MS122_NAWM__10X_17_grch38:TACCTATTCCAAAGTCx,MS,NAWM,MS122
MS122_NAWM__10X_17_grch38:TATGCCCAGACACTAAx,MS,NAWM,MS122
MS122_CI__10X_17_grch38:AAATGCCAGGACAGAAx,MS,CI,MS122
MS122_CI__10X_17_grch38:AACCGCGAGGACGAAAx,MS,CI,MS122
MS122_CI__10X_17_grch38:AACTCTTCATGGTCTAx,MS,CI,MS122
MS122_CI__10X_17_grch38:ACACCGGAGGATGGTCx,MS,CI,MS122
MS122_CI__10X_17_grch38:ACATGGTCAAGACGTGx,MS,CI,MS122
MS122_CI__10X_17_grch38:ACGATACGTCTAGAGGx,MS,CI,MS122
MS122_CI__10X_17_grch38:ACGGAGACATATGAGAx,MS,CI,MS122
MS122_CI__10X_17_grch38:ACGGGCTCACCAGTTAx,MS,CI,MS122
MS122_CI__10X_17_grch38:ACGGGCTCAGATAATGx,MS,CI,MS122
MS122_CI__10X_17_grch38:ACTGTCCAGCTCCTTCx,MS,CI,MS122
MS122_CI__10X_17_grch38:AGATCTGCAGTTAACCx,MS,CI,MS122
MS122_CI__10X_17_grch38:AGCCTAAGTGTTGGGAx,MS,CI,MS122
MS122_CI__10X_17_grch38:AGCGTCGTCCAATGGTx,MS,CI,MS122
MS122_CI__10X_17_grch38:ATCCGAAAGCACGCCTx,MS,CI,MS122
MS122_CI__10X_17_grch38:ATGAGGGTCTGGTATGx,MS,CI,MS122
MS122_CI__10X_17_grch38:ATGTGTGGTCACAAGGx,MS,CI,MS122
MS122_CI__10X_17_grch38:ATTGGTGAGTCTCGGCx,MS,CI,MS122
MS122_CI__10X_17_grch38:CAAGGCCTCTTCTGGCx,MS,CI,MS122
MS122_CI__10X_17_grch38:CACAGGCGTAAGAGAGx,MS,CI,MS122
MS122_CI__10X_17_grch38:CAGTCCTAGTAAGTACx,MS,CI,MS122
MS122_CI__10X_17_grch38:CCTTCCCTCAAGGTAAx,MS,CI,MS122
MS122_CI__10X_17_grch38:CCTTCCCTCGGCGCATx,MS,CI,MS122
MS122_CI__10X_17_grch38:CCTTCGATCTTTAGGGx,MS,CI,MS122
MS122_CI__10X_17_grch38:CCTTTCTGTTGGTGGAx,MS,CI,MS122
MS122_CI__10X_17_grch38:CCTTTCTTCGGACAAGx,MS,CI,MS122
MS122_CI__10X_17_grch38:CGAATGTGTCTCTTATx,MS,CI,MS122
MS122_CI__10X_17_grch38:CGCTTCAAGTACGTAAx,MS,CI,MS122
MS122_CI__10X_17_grch38:CGGACTGAGTGACATAx,MS,CI,MS122
MS122_CI__10X_17_grch38:CGGGTCAGTCTTTCATx,MS,CI,MS122
MS122_CI__10X_17_grch38:CGTCTACCATGGTCATx,MS,CI,MS122
MS122_CI__10X_17_grch38:CGTGTCTAGTTGAGTAx,MS,CI,MS122
MS122_CI__10X_17_grch38:CGTTGGGTCTGTCTCGx,MS,CI,MS122
MS122_CI__10X_17_grch38:CTAAGACCATTTCACTx,MS,CI,MS122
MS122_CI__10X_17_grch38:CTAGAGTTCAGGATCTx,MS,CI,MS122
MS122_CI__10X_17_grch38:CTCACACGTATAGTAGx,MS,CI,MS122
MS122_CI__10X_17_grch38:CTCCTAGTCGGCTACGx,MS,CI,MS122
MS122_CI__10X_17_grch38:CTGTTTAGTTCGTGATx,MS,CI,MS122
MS122_CI__10X_17_grch38:CTTAGGAAGAACAATCx,MS,CI,MS122
MS122_CI__10X_17_grch38:GACGTGCAGGCGTACAx,MS,CI,MS122
MS122_CI__10X_17_grch38:GACGTGCTCTGCTGTCx,MS,CI,MS122
MS122_CI__10X_17_grch38:GATGAAAGTGGTCTCGx,MS,CI,MS122
MS122_CI__10X_17_grch38:GCGACCATCAGAGGTGx,MS,CI,MS122
MS122_CI__10X_17_grch38:GGACAAGCATCCCATCx,MS,CI,MS122
MS122_CI__10X_17_grch38:GGCTCGAAGTCCAGGAx,MS,CI,MS122
MS122_CI__10X_17_grch38:GGGAGATGTCCTCTTGx,MS,CI,MS122
MS122_CI__10X_17_grch38:GGTATTGGTTCAGACTx,MS,CI,MS122
MS122_CI__10X_17_grch38:GTACTTTCATGGTTGTx,MS,CI,MS122
MS122_CI__10X_17_grch38:GTATCTTTCAGTACGTx,MS,CI,MS122
MS122_CI__10X_17_grch38:GTATTCTGTTCAGTACx,MS,CI,MS122
MS122_CI__10X_17_grch38:GTCAAGTGTACGAAATx,MS,CI,MS122
MS122_CI__10X_17_grch38:GTGCTTCCAATGGTCTx,MS,CI,MS122
MS122_CI__10X_17_grch38:TAAACCGTCTCCAGGGx,MS,CI,MS122
MS122_CI__10X_17_grch38:TACACGACAAGTTGTCx,MS,CI,MS122
MS122_CI__10X_17_grch38:TACGGGCAGGATTCGGx,MS,CI,MS122
MS122_CI__10X_17_grch38:TATGCCCCATTCTTACx,MS,CI,MS122
MS122_CI__10X_17_grch38:TCATTTGTCTGGTGTAx,MS,CI,MS122
MS122_CI__10X_17_grch38:TCTATTGTCCCACTTGx,MS,CI,MS122
MS122_CI__10X_17_grch38:TGACAACCAGACAGGTx,MS,CI,MS122
MS122_CI__10X_17_grch38:TGCCCTAGTGTGACCCx,MS,CI,MS122
MS122_CI__10X_17_grch38:TGCGTGGGTCTAAACCx,MS,CI,MS122
MS122_CI__10X_17_grch38:TGTCCCATCGGCATCGx,MS,CI,MS122
MS122_CI__10X_17_grch38:TGTGGTATCTCTGCTGx,MS,CI,MS122
MS122_CI__10X_17_grch38:TTAGTTCGTGTGCCTGx,MS,CI,MS122
MS122_CI__10X_17_grch38:TTCGGTCAGTCTCAACx,MS,CI,MS122
MS122_CI__10X_17_grch38:TTTCCTCAGCTAACAAx,MS,CI,MS122
MS122_CI__10X_17_grch38:TTTGCGCAGGATGTATx,MS,CI,MS122
MS122_A__10X_17_grch38:ACATCAGAGGTGGGTTx,MS,A,MS122
MS122_A__10X_17_grch38:ACTGATGAGGGTGTGTx,MS,A,MS122
MS122_A__10X_17_grch38:AGCTCTCCAGTTAACCx,MS,A,MS122
MS122_A__10X_17_grch38:ATCATCTAGGCTCAGAx,MS,A,MS122
MS122_A__10X_17_grch38:ATTTCTGTCATGTAGCx,MS,A,MS122
MS122_A__10X_17_grch38:CAACCAATCAACACCAx,MS,A,MS122
MS122_A__10X_17_grch38:CAGTAACTCTGGCGTGx,MS,A,MS122
MS122_A__10X_17_grch38:CATCCACAGCAGCGTAx,MS,A,MS122
MS122_A__10X_17_grch38:CATCCACCAGTCGATTx,MS,A,MS122
MS122_A__10X_17_grch38:CATTATCAGAGTGAGAx,MS,A,MS122
MS122_A__10X_17_grch38:CCTTCCCCAATCTGCAx,MS,A,MS122
MS122_A__10X_17_grch38:CGTGTCTAGGGTTCCCx,MS,A,MS122
MS122_A__10X_17_grch38:CTACATTAGCTGTCTAx,MS,A,MS122
MS122_A__10X_17_grch38:CTCACACGTGAACCTTx,MS,A,MS122
MS122_A__10X_17_grch38:CTCGTACTCACCCGAGx,MS,A,MS122
MS122_A__10X_17_grch38:CTCGTACTCTCACATTx,MS,A,MS122
MS122_A__10X_17_grch38:GAAACTCGTATAATGGx,MS,A,MS122
MS122_A__10X_17_grch38:GAACCTACACCGATATx,MS,A,MS122
MS122_A__10X_17_grch38:GAATGAACACCCATTCx,MS,A,MS122
MS122_A__10X_17_grch38:GACTAACCATAGACTCx,MS,A,MS122
MS122_A__10X_17_grch38:GCATACATCTTCTGGCx,MS,A,MS122
MS122_A__10X_17_grch38:GCTGCTTTCGCTGATAx,MS,A,MS122
MS122_A__10X_17_grch38:GCTGGGTAGATCCCGCx,MS,A,MS122
MS122_A__10X_17_grch38:GGCGTGTGTAACGACGx,MS,A,MS122
MS122_A__10X_17_grch38:GGGATGATCAGAGCTTx,MS,A,MS122
MS122_A__10X_17_grch38:GGTGAAGAGTTTGCGTx,MS,A,MS122
MS122_A__10X_17_grch38:GGTGTTAGTCATCCCTx,MS,A,MS122
MS122_A__10X_17_grch38:GTCTTCGCATGCTGGCx,MS,A,MS122
MS122_A__10X_17_grch38:GTTTCTACAAAGAATCx,MS,A,MS122
MS122_A__10X_17_grch38:TAAACCGCACGACTCGx,MS,A,MS122
MS122_A__10X_17_grch38:TAAGCGTCACGCGAAAx,MS,A,MS122
MS122_A__10X_17_grch38:TCACGAAGTCCAACTAx,MS,A,MS122
MS122_A__10X_17_grch38:TCAGGATGTTTGACTGx,MS,A,MS122
MS121_NAWM__10X_17_grch38:AGAGCGAAGGCATGGTx,MS,NAWM,MS121
MS121_A3__10X_17_grch38:ACCTTTAGTCTCGTTCx,MS,A,MS121
MS121_A3__10X_17_grch38:CAGCGACCAGCTGCACx,MS,A,MS121
MS121_A3__10X_17_grch38:CGCTGGAAGGCGCTCTx,MS,A,MS121
MS121_A3__10X_17_grch38:TCACGAATCCGCAGTGx,MS,A,MS121
MS121_A2__10X_17_grch38:CCACGGATCTCCAGGGx,MS,A,MS121
MS121_A2__10X_17_grch38:GAAATGAAGCAGGTCAx,MS,A,MS121
MS121_A2__10X_17_grch38:GACTGCGGTTTAAGCCx,MS,A,MS121
MS121_A2__10X_17_grch38:GCTGCGAGTAATCACCx,MS,A,MS121
MS121_A2__10X_17_grch38:TCAGCAATCCTTGCCAx,MS,A,MS121
MS121_CA__10X_17_grch38:AGCGTCGTCTGTCTATx,MS,CA,MS121
MS121_CA__10X_17_grch38:CAGAGAGAGCCCAGCTx,MS,CA,MS121
MS121_CA__10X_17_grch38:GACTGCGGTATAGGGCx,MS,CA,MS121
MS121_CA__10X_17_grch38:GCGCAACCATCCCACTx,MS,CA,MS121
MS121_CA__10X_17_grch38:GTTCATTCATGCAATCx,MS,CA,MS121
MS121_CA__10X_17_grch38:TACGGTAGTGGTCTCGx,MS,CA,MS121
MS121_CA__10X_17_grch38:TGGTTCCTCAGCTCTCx,MS,CA,MS121
MS176_NAWM__10X_17_grch38:CGTAGGCTCGCCGTGAx,MS,NAWM,MS176
MS176_RM__10X_17_grch38:GGGACCTTCAGTACGTx,MS,RM,MS176
SD48/16__10X_17_grch38:GAACATCGTTCAGTACx,normal,Ctrl,SD48/16
MS122_NAWM__10X_17_grch38:CTGGTCTAGATCCGAGx,MS,NAWM,MS122
CO39__10X_17_grch38:GGAGCAAGTCTGGAGAx,normal,Ctrl,CO39
MS176_NAWM__10X_17_grch38:ACCAGTATCTGGGCCAx,MS,NAWM,MS176
MS176_NAWM__10X_17_grch38:CGTGTAAAGGAGTTTAx,MS,NAWM,MS176
MS176_NAWM__10X_17_grch38:GATCGTAAGCGTGTCCx,MS,NAWM,MS176
MS176_NAWM__10X_17_grch38:GCGAGAAGTACCGGCTx,MS,NAWM,MS176
MS176_NAWM__10X_17_grch38:TACAGTGTCGCCATAAx,MS,NAWM,MS176
MS176_NAWM__10X_17_grch38:TGGCTGGAGTGGTCCCx,MS,NAWM,MS176
MS176_NAWM__10X_17_grch38:TTCGGTCCAAGTTGTCx,MS,NAWM,MS176
MS176_RM__10X_17_grch38:CACTCCAGTGACAAATx,MS,RM,MS176
MS176_RM__10X_17_grch38:CTAGAGTCATCGGACCx,MS,RM,MS176
MS176_CI__10X_17_056_roche_grch38_4:TGACTTTGTAGCAAATx,MS,CI,MS176
CO39__10X_17_grch38:ACCTTTAGTCCAGTTAx,normal,Ctrl,CO39
CO39__10X_17_grch38:CTACCCAAGCCAGTAGx,normal,Ctrl,CO39
CO39__10X_17_grch38:TACCTTATCTAGAGTCx,normal,Ctrl,CO39
CO39__10X_17_grch38:TATCTCACATGTTCCCx,normal,Ctrl,CO39
CO39__10X_17_grch38:TGCACCTGTGTGAATAx,normal,Ctrl,CO39
CO14__10X_17_grch38:CGATGTAGTTAGGGTGx,normal,Ctrl,CO14
SD48/16__10X_17_grch38:AACCGCGAGAATGTGTx,normal,Ctrl,SD48/16
MS122_NAWM__10X_17_grch38:CGCTATCGTCGAGATGx,MS,NAWM,MS122
MS122_CI__10X_17_grch38:CACATTTTCGTGGTCGx,MS,CI,MS122
MS122_CI__10X_17_grch38:TGAGGGATCTGTCTATx,MS,CI,MS122
MS122_A__10X_17_grch38:AAACCTGTCCAGATCAx,MS,A,MS122
MS122_A__10X_17_grch38:ATTATCCTCGATAGAAx,MS,A,MS122
MS122_A__10X_17_grch38:CGTCAGGCAAGCCCACx,MS,A,MS122
MS176_NAWM__10X_17_grch38:ACACCCTTCGAGAACGx,MS,NAWM,MS176
MS176_NAWM__10X_17_grch38:CAACTAGAGGGTGTGTx,MS,NAWM,MS176
MS176_NAWM__10X_17_grch38:CAGTCCTAGGGCATGTx,MS,NAWM,MS176
MS176_NAWM__10X_17_grch38:TTGAACGCACAGGTTTx,MS,NAWM,MS176
MS176_RM__10X_17_grch38:CGAGCCAGTAGTAGTAx,MS,RM,MS176
MS176_RM__10X_17_grch38:CGGGTCACAGCTTCGGx,MS,RM,MS176
CO39__10X_17_grch38:AAATGCCGTCTGATTGx,normal,Ctrl,CO39
CO39__10X_17_grch38:TTAGGCACATCTCGCTx,normal,Ctrl,CO39
CO14__10X_17_grch38:AGTGTCATCACTCCTGx,normal,Ctrl,CO14
MS122_CI__10X_17_grch38:CATGCCTAGATGTGGCx,MS,CI,MS122
MS122_CI__10X_17_grch38:CCACCTATCCCATTATx,MS,CI,MS122
MS122_A__10X_17_grch38:TACACGATCTTCGAGAx,MS,A,MS122
MS122_A__10X_17_grch38:TATCTCAGTGCCTTGGx,MS,A,MS122
MS122_A__10X_17_grch38:TGGCTGGCAAGGTTTCx,MS,A,MS122
MS121_CA__10X_17_grch38:CACACTCCATCATCCCx,MS,CA,MS121
CO28__10X_17_grch38:GATTCAGCAAGCCCACx,normal,Ctrl,CO28
CO25__10X_17_grch38:AACTCAGGTCTCTTATx,normal,Ctrl,CO25
CO25__10X_17_grch38:ATTCTACCAGTCAGAGx,normal,Ctrl,CO25
CO25__10X_17_grch38:CACTCCATCGTTGACAx,normal,Ctrl,CO25
CO25__10X_17_grch38:CGAGCACGTTTGGGCCx,normal,Ctrl,CO25
CO25__10X_17_grch38:GGAGCAAAGAATAGGGx,normal,Ctrl,CO25
CO25__10X_17_grch38:GTGTGCGTCGTATCAGx,normal,Ctrl,CO25
CO25__10X_17_grch38:TCACAAGAGAGTACATx,normal,Ctrl,CO25
MS176_NAWM__10X_17_grch38:AAAGATGCATACCATGx,MS,NAWM,MS176
MS176_NAWM__10X_17_grch38:AAAGATGGTGTTCGATx,MS,NAWM,MS176
MS176_NAWM__10X_17_grch38:AAAGATGTCGCCAGCAx,MS,NAWM,MS176
MS176_NAWM__10X_17_grch38:AAAGCAAAGGTGTGGTx,MS,NAWM,MS176
MS176_NAWM__10X_17_grch38:AAAGCAAAGTACCGGAx,MS,NAWM,MS176
MS176_NAWM__10X_17_grch38:AAAGTAGTCCCTGACTx,MS,NAWM,MS176
MS176_NAWM__10X_17_grch38:AACACGTCATTTGCCCx,MS,NAWM,MS176
MS176_NAWM__10X_17_grch38:AACCATGGTTACGGAGx,MS,NAWM,MS176
MS176_NAWM__10X_17_grch38:AACCGCGCATCCGGGTx,MS,NAWM,MS176
MS176_NAWM__10X_17_grch38:AACCGCGGTTTAAGCCx,MS,NAWM,MS176
MS176_NAWM__10X_17_grch38:AACCGCGTCGAGCCCAx,MS,NAWM,MS176
MS176_NAWM__10X_17_grch38:AACTCAGCACAGGCCTx,MS,NAWM,MS176
MS176_NAWM__10X_17_grch38:AACTCTTGTTGTACACx,MS,NAWM,MS176
MS176_NAWM__10X_17_grch38:AACTGGTAGCGCCTCAx,MS,NAWM,MS176
MS176_NAWM__10X_17_grch38:AACTTTCTCTACCTGCx,MS,NAWM,MS176
MS176_NAWM__10X_17_grch38:AAGACCTGTTTACTCTx,MS,NAWM,MS176
MS176_NAWM__10X_17_grch38:AAGCCGCAGTTGAGATx,MS,NAWM,MS176
MS176_NAWM__10X_17_grch38:AAGCCGCTCTTTACACx,MS,NAWM,MS176
MS176_NAWM__10X_17_grch38:AAGGAGCAGACTAAGTx,MS,NAWM,MS176
MS176_NAWM__10X_17_grch38:AAGGAGCTCATTGCCCx,MS,NAWM,MS176
MS176_NAWM__10X_17_grch38:AAGGCAGCAATCCGATx,MS,NAWM,MS176
MS176_NAWM__10X_17_grch38:AAGGCAGTCATGTAGCx,MS,NAWM,MS176
MS176_NAWM__10X_17_grch38:AAGGTTCCACTTAACGx,MS,NAWM,MS176
MS176_NAWM__10X_17_grch38:AAGTCTGGTTTGACTGx,MS,NAWM,MS176
MS176_NAWM__10X_17_grch38:ACACCAATCAGCTCTCx,MS,NAWM,MS176
MS176_NAWM__10X_17_grch38:ACACCAATCCAGATCAx,MS,NAWM,MS176
MS176_NAWM__10X_17_grch38:ACACCCTTCGCGTTTCx,MS,NAWM,MS176
MS176_NAWM__10X_17_grch38:ACACTGAAGCGTAATAx,MS,NAWM,MS176
MS176_NAWM__10X_17_grch38:ACACTGAAGTACTTGCx,MS,NAWM,MS176
MS176_NAWM__10X_17_grch38:ACAGCTAAGGGTGTGTx,MS,NAWM,MS176
MS176_NAWM__10X_17_grch38:ACAGCTACAACTGGCCx,MS,NAWM,MS176
MS176_NAWM__10X_17_grch38:ACATCAGGTCTAGTGTx,MS,NAWM,MS176
MS176_NAWM__10X_17_grch38:ACATCAGTCCAGAGGAx,MS,NAWM,MS176
MS176_NAWM__10X_17_grch38:ACATGGTCAGACACTTx,MS,NAWM,MS176
MS176_NAWM__10X_17_grch38:ACATGGTTCCGCGTTTx,MS,NAWM,MS176
MS176_NAWM__10X_17_grch38:ACCAGTAAGTGCCATTx,MS,NAWM,MS176
MS176_NAWM__10X_17_grch38:ACCAGTAGTGACTACTx,MS,NAWM,MS176
MS176_NAWM__10X_17_grch38:ACCCACTTCAAGGTAAx,MS,NAWM,MS176
MS176_NAWM__10X_17_grch38:ACCGTAACACCCATGGx,MS,NAWM,MS176
MS176_NAWM__10X_17_grch38:ACCGTAATCATCTGTTx,MS,NAWM,MS176
MS176_NAWM__10X_17_grch38:ACCTTTACATGTTGACx,MS,NAWM,MS176
MS176_NAWM__10X_17_grch38:ACCTTTAGTATAGGGCx,MS,NAWM,MS176
MS176_NAWM__10X_17_grch38:ACGAGGACACTAAGTCx,MS,NAWM,MS176
MS176_NAWM__10X_17_grch38:ACGAGGAGTGTAAGTAx,MS,NAWM,MS176
MS176_NAWM__10X_17_grch38:ACGATACGTTCAGGCCx,MS,NAWM,MS176
MS176_NAWM__10X_17_grch38:ACGATGTCAAGTAATGx,MS,NAWM,MS176
MS176_NAWM__10X_17_grch38:ACGCAGCAGAGTACATx,MS,NAWM,MS176
MS176_NAWM__10X_17_grch38:ACGCAGCCACGGCTACx,MS,NAWM,MS176
MS176_NAWM__10X_17_grch38:ACGCCAGAGCACAGGTx,MS,NAWM,MS176
MS176_NAWM__10X_17_grch38:ACGGCCAAGCCATCGCx,MS,NAWM,MS176
MS176_NAWM__10X_17_grch38:ACGGGCTGTACAGTTCx,MS,NAWM,MS176
MS176_NAWM__10X_17_grch38:ACGTCAATCGGAGGTAx,MS,NAWM,MS176
MS176_NAWM__10X_17_grch38:ACTGAGTTCGGCTTGGx,MS,NAWM,MS176
MS176_NAWM__10X_17_grch38:ACTGATGAGTACGATAx,MS,NAWM,MS176
MS176_NAWM__10X_17_grch38:ACTGCTCAGATGTTAGx,MS,NAWM,MS176
MS176_NAWM__10X_17_grch38:ACTGCTCGTTCTCATTx,MS,NAWM,MS176
MS176_NAWM__10X_17_grch38:ACTGCTCTCACGCGGTx,MS,NAWM,MS176
MS176_NAWM__10X_17_grch38:ACTTACTCATTTGCCCx,MS,NAWM,MS176
MS176_NAWM__10X_17_grch38:ACTTACTGTGCATCTAx,MS,NAWM,MS176
MS176_NAWM__10X_17_grch38:ACTTACTGTTACGCGCx,MS,NAWM,MS176
MS176_NAWM__10X_17_grch38:ACTTGTTCATGCAACTx,MS,NAWM,MS176
MS176_NAWM__10X_17_grch38:ACTTTCACATGGAATAx,MS,NAWM,MS176
MS176_NAWM__10X_17_grch38:ACTTTCATCCTGTACCx,MS,NAWM,MS176
MS176_NAWM__10X_17_grch38:AGAATAGAGCAATATGx,MS,NAWM,MS176
MS176_NAWM__10X_17_grch38:AGAATAGAGTCGCCGTx,MS,NAWM,MS176
MS176_NAWM__10X_17_grch38:AGAATAGCAAAGTGCGx,MS,NAWM,MS176
MS176_NAWM__10X_17_grch38:AGACGTTAGTTGTAGAx,MS,NAWM,MS176
MS176_NAWM__10X_17_grch38:AGATCTGGTGGGTCAAx,MS,NAWM,MS176
MS176_NAWM__10X_17_grch38:AGCAGCCTCCTCTAGCx,MS,NAWM,MS176
MS176_NAWM__10X_17_grch38:AGCCTAACAAACGTGGx,MS,NAWM,MS176
MS176_NAWM__10X_17_grch38:AGCCTAAGTTACGTCAx,MS,NAWM,MS176
MS176_NAWM__10X_17_grch38:AGCCTAAGTTTGACTGx,MS,NAWM,MS176
MS176_NAWM__10X_17_grch38:AGCGGTCAGGATATACx,MS,NAWM,MS176
MS176_NAWM__10X_17_grch38:AGCGTATTCACCTTATx,MS,NAWM,MS176
MS176_NAWM__10X_17_grch38:AGCGTCGAGTCCGTATx,MS,NAWM,MS176
MS176_NAWM__10X_17_grch38:AGCTCTCTCACCTTATx,MS,NAWM,MS176
MS176_NAWM__10X_17_grch38:AGCTTGACAAGTACCTx,MS,NAWM,MS176
MS176_NAWM__10X_17_grch38:AGGCCACGTCTAGCGCx,MS,NAWM,MS176
MS176_NAWM__10X_17_grch38:AGGCCGTCACCCAGTGx,MS,NAWM,MS176
MS176_NAWM__10X_17_grch38:AGGGATGGTCTCGTTCx,MS,NAWM,MS176
MS176_NAWM__10X_17_grch38:AGGGATGTCCGCGTTTx,MS,NAWM,MS176
MS176_NAWM__10X_17_grch38:AGGTCCGTCTCCGGTTx,MS,NAWM,MS176
MS176_NAWM__10X_17_grch38:ATAACGCAGAGACTTAx,MS,NAWM,MS176
MS176_NAWM__10X_17_grch38:ATCACGAAGTCGTTTGx,MS,NAWM,MS176
MS176_NAWM__10X_17_grch38:ATCACGAGTATCACCAx,MS,NAWM,MS176
MS176_NAWM__10X_17_grch38:ATCATCTTCTGGCGTGx,MS,NAWM,MS176
MS176_NAWM__10X_17_grch38:ATCCACCGTGGCCCTAx,MS,NAWM,MS176
MS176_NAWM__10X_17_grch38:ATCCACCGTGGTTTCAx,MS,NAWM,MS176
MS176_NAWM__10X_17_grch38:ATCCGAACACCTCGTTx,MS,NAWM,MS176
MS176_NAWM__10X_17_grch38:ATCGAGTGTCCGAGTCx,MS,NAWM,MS176
MS176_NAWM__10X_17_grch38:ATCGAGTTCACAGTACx,MS,NAWM,MS176
MS176_NAWM__10X_17_grch38:ATTATCCAGCACCGCTx,MS,NAWM,MS176
MS176_NAWM__10X_17_grch38:ATTATCCTCAACACACx,MS,NAWM,MS176
MS176_NAWM__10X_17_grch38:CAAGAAACAGGGATTGx,MS,NAWM,MS176
MS176_NAWM__10X_17_grch38:CAAGGCCAGAGACGAAx,MS,NAWM,MS176
MS176_NAWM__10X_17_grch38:CAAGGCCTCTACGAGTx,MS,NAWM,MS176
MS176_NAWM__10X_17_grch38:CAAGTTGAGACAGAGAx,MS,NAWM,MS176
MS176_NAWM__10X_17_grch38:CACAAACAGACATAACx,MS,NAWM,MS176
MS176_NAWM__10X_17_grch38:CACACCTCACTACAGTx,MS,NAWM,MS176
MS176_NAWM__10X_17_grch38:CACATAGGTTTGTGTGx,MS,NAWM,MS176
MS176_NAWM__10X_17_grch38:CACCAGGCAAGCTGAGx,MS,NAWM,MS176
MS176_NAWM__10X_17_grch38:CACCAGGCAAGGACTGx,MS,NAWM,MS176
MS176_NAWM__10X_17_grch38:CAGAATCAGACTTGAAx,MS,NAWM,MS176
MS176_NAWM__10X_17_grch38:CAGAATCCATATACCGx,MS,NAWM,MS176
MS176_NAWM__10X_17_grch38:CAGAGAGAGATGTGTAx,MS,NAWM,MS176
MS176_NAWM__10X_17_grch38:CAGAGAGTCTGCCCTAx,MS,NAWM,MS176
MS176_NAWM__10X_17_grch38:CAGATCAGTCTTCAAGx,MS,NAWM,MS176
MS176_NAWM__10X_17_grch38:CAGCAGCAGCTGATAAx,MS,NAWM,MS176
MS176_NAWM__10X_17_grch38:CAGCATACAGCTGCACx,MS,NAWM,MS176
MS176_NAWM__10X_17_grch38:CAGCCGAAGGTGATTAx,MS,NAWM,MS176
MS176_NAWM__10X_17_grch38:CAGCGACTCGGCCGATx,MS,NAWM,MS176
MS176_NAWM__10X_17_grch38:CAGCTAACACGAAATAx,MS,NAWM,MS176
MS176_NAWM__10X_17_grch38:CAGCTAATCGGTGTCGx,MS,NAWM,MS176
MS176_NAWM__10X_17_grch38:CAGCTGGGTCAGATAAx,MS,NAWM,MS176
MS176_NAWM__10X_17_grch38:CAGCTGGGTCTGATCAx,MS,NAWM,MS176
MS176_NAWM__10X_17_grch38:CAGTAACGTACTCAACx,MS,NAWM,MS176
MS176_NAWM__10X_17_grch38:CATATGGTCAGCCTAAx,MS,NAWM,MS176
MS176_NAWM__10X_17_grch38:CATATTCAGTGGGCTAx,MS,NAWM,MS176
MS176_NAWM__10X_17_grch38:CATATTCCATCTGGTAx,MS,NAWM,MS176
MS176_NAWM__10X_17_grch38:CATCAAGGTTGCGCACx,MS,NAWM,MS176
MS176_NAWM__10X_17_grch38:CATCAGAGTGACGCCTx,MS,NAWM,MS176
MS176_NAWM__10X_17_grch38:CATCAGATCATCGCTCx,MS,NAWM,MS176
MS176_NAWM__10X_17_grch38:CATCCACAGACGCAACx,MS,NAWM,MS176
MS176_NAWM__10X_17_grch38:CATCGAACATCCGGGTx,MS,NAWM,MS176
MS176_NAWM__10X_17_grch38:CATCGGGCATCGGAAGx,MS,NAWM,MS176
MS176_NAWM__10X_17_grch38:CATGCCTGTCAGAATAx,MS,NAWM,MS176
MS176_NAWM__10X_17_grch38:CATGCCTTCATGTAGCx,MS,NAWM,MS176
MS176_NAWM__10X_17_grch38:CATTATCCATTATCTCx,MS,NAWM,MS176
MS176_NAWM__10X_17_grch38:CATTCGCCAGATAATGx,MS,NAWM,MS176
MS176_NAWM__10X_17_grch38:CCAATCCAGACTAGATx,MS,NAWM,MS176
MS176_NAWM__10X_17_grch38:CCACCTAGTCACACGCx,MS,NAWM,MS176
MS176_NAWM__10X_17_grch38:CCACTACCAGTCGTGCx,MS,NAWM,MS176
MS176_NAWM__10X_17_grch38:CCACTACCATCCCACTx,MS,NAWM,MS176
MS176_NAWM__10X_17_grch38:CCAGCGAAGCTTCGCGx,MS,NAWM,MS176
MS176_NAWM__10X_17_grch38:CCAGCGACACTAGTACx,MS,NAWM,MS176
MS176_NAWM__10X_17_grch38:CCATGTCCATCGATTGx,MS,NAWM,MS176
MS176_NAWM__10X_17_grch38:CCCAATCAGGCGACATx,MS,NAWM,MS176
MS176_NAWM__10X_17_grch38:CCCATACAGTGTTGAAx,MS,NAWM,MS176
MS176_NAWM__10X_17_grch38:CCGTTCAGTACCCAATx,MS,NAWM,MS176
MS176_NAWM__10X_17_grch38:CCTACCACAGCCACCAx,MS,NAWM,MS176
MS176_NAWM__10X_17_grch38:CCTACCATCAACGGGAx,MS,NAWM,MS176
MS176_NAWM__10X_17_grch38:CCTAGCTCAATCCAACx,MS,NAWM,MS176
MS176_NAWM__10X_17_grch38:CCTCAGTCACACAGAGx,MS,NAWM,MS176
MS176_NAWM__10X_17_grch38:CCTCTGAGTTGAACTCx,MS,NAWM,MS176
MS176_NAWM__10X_17_grch38:CCTTACGAGTGTGGCAx,MS,NAWM,MS176
MS176_NAWM__10X_17_grch38:CCTTCCCCAATGGTCTx,MS,NAWM,MS176
MS176_NAWM__10X_17_grch38:CCTTCCCTCCATGCTCx,MS,NAWM,MS176
MS176_NAWM__10X_17_grch38:CCTTCGACACGAAACGx,MS,NAWM,MS176
MS176_NAWM__10X_17_grch38:CCTTTCTAGGAGTCTGx,MS,NAWM,MS176
MS176_NAWM__10X_17_grch38:CGACCTTCAGAGCCAAx,MS,NAWM,MS176
MS176_NAWM__10X_17_grch38:CGACCTTGTGACTCATx,MS,NAWM,MS176
MS176_NAWM__10X_17_grch38:CGAGCACAGTCACGCCx,MS,NAWM,MS176
MS176_NAWM__10X_17_grch38:CGAGCCACAGTATCTGx,MS,NAWM,MS176
MS176_NAWM__10X_17_grch38:CGAGCCATCGTAGGAGx,MS,NAWM,MS176
MS176_NAWM__10X_17_grch38:CGATGTAGTGCATCTAx,MS,NAWM,MS176
MS176_NAWM__10X_17_grch38:CGATGTATCAGTACGTx,MS,NAWM,MS176
MS176_NAWM__10X_17_grch38:CGCCAAGGTAGTACCTx,MS,NAWM,MS176
MS176_NAWM__10X_17_grch38:CGCTTCAAGCAATATGx,MS,NAWM,MS176
MS176_NAWM__10X_17_grch38:CGCTTCATCGTTGACAx,MS,NAWM,MS176
MS176_NAWM__10X_17_grch38:CGGACGTCAGGACCCTx,MS,NAWM,MS176
MS176_NAWM__10X_17_grch38:CGGACGTGTGTTAAGAx,MS,NAWM,MS176
MS176_NAWM__10X_17_grch38:CGGACGTTCACGGTTAx,MS,NAWM,MS176
MS176_NAWM__10X_17_grch38:CGGACGTTCGAGAGCAx,MS,NAWM,MS176
MS176_NAWM__10X_17_grch38:CGGAGTCAGTAGCCGAx,MS,NAWM,MS176
MS176_NAWM__10X_17_grch38:CGGAGTCCAGATCTGTx,MS,NAWM,MS176
MS176_NAWM__10X_17_grch38:CGGAGTCCATATGGTCx,MS,NAWM,MS176
MS176_NAWM__10X_17_grch38:CGGAGTCGTCGCGTGTx,MS,NAWM,MS176
MS176_NAWM__10X_17_grch38:CGGGTCACATCGGACCx,MS,NAWM,MS176
MS176_NAWM__10X_17_grch38:CGTGTAAGTGAGCGATx,MS,NAWM,MS176
MS176_NAWM__10X_17_grch38:CGTTAGAAGCTAAGATx,MS,NAWM,MS176
MS176_NAWM__10X_17_grch38:CGTTAGAAGTGCGATGx,MS,NAWM,MS176
MS176_NAWM__10X_17_grch38:CGTTCTGAGACCTTTGx,MS,NAWM,MS176
MS176_NAWM__10X_17_grch38:CTAACTTTCAGCATGTx,MS,NAWM,MS176
MS176_NAWM__10X_17_grch38:CTAACTTTCGCGATCGx,MS,NAWM,MS176
MS176_NAWM__10X_17_grch38:CTACACCTCAGGTTCAx,MS,NAWM,MS176
MS176_NAWM__10X_17_grch38:CTACATTCATGTCTCCx,MS,NAWM,MS176
MS176_NAWM__10X_17_grch38:CTACATTGTGTTTGTGx,MS,NAWM,MS176
MS176_NAWM__10X_17_grch38:CTACCCAAGAGCAATTx,MS,NAWM,MS176
MS176_NAWM__10X_17_grch38:CTACGTCGTGCAGTAGx,MS,NAWM,MS176
MS176_NAWM__10X_17_grch38:CTAGAGTTCAGGCAAGx,MS,NAWM,MS176
MS176_NAWM__10X_17_grch38:CTAGCCTCATGCCCGAx,MS,NAWM,MS176
MS176_NAWM__10X_17_grch38:CTCACACAGCTCAACTx,MS,NAWM,MS176
MS176_NAWM__10X_17_grch38:CTCAGAAAGAAGGTGAx,MS,NAWM,MS176
MS176_NAWM__10X_17_grch38:CTCAGAAAGCGCCTCAx,MS,NAWM,MS176
MS176_NAWM__10X_17_grch38:CTCATTACAGACAGGTx,MS,NAWM,MS176
MS176_NAWM__10X_17_grch38:CTCCTAGCACGCTTTCx,MS,NAWM,MS176
MS176_NAWM__10X_17_grch38:CTCGAAAAGAGTACCGx,MS,NAWM,MS176
MS176_NAWM__10X_17_grch38:CTCGAAACATTTCACTx,MS,NAWM,MS176
MS176_NAWM__10X_17_grch38:CTCGTACTCACCAGGCx,MS,NAWM,MS176
MS176_NAWM__10X_17_grch38:CTCGTACTCCCTCTTTx,MS,NAWM,MS176
MS176_NAWM__10X_17_grch38:CTCGTCAAGATCCCGCx,MS,NAWM,MS176
MS176_NAWM__10X_17_grch38:CTCTGGTCAGGCAGTAx,MS,NAWM,MS176
MS176_NAWM__10X_17_grch38:CTGAAACAGAGGTTGCx,MS,NAWM,MS176
MS176_NAWM__10X_17_grch38:CTGAAACTCAGTTTGGx,MS,NAWM,MS176
MS176_NAWM__10X_17_grch38:CTGAAGTCATCAGTACx,MS,NAWM,MS176
MS176_NAWM__10X_17_grch38:CTGATAGCAGGTGCCTx,MS,NAWM,MS176
MS176_NAWM__10X_17_grch38:CTGATCCTCGGACAAGx,MS,NAWM,MS176
MS176_NAWM__10X_17_grch38:CTGCCTAAGATCACGGx,MS,NAWM,MS176
MS176_NAWM__10X_17_grch38:CTGCTGTAGTGGAGTCx,MS,NAWM,MS176
MS176_NAWM__10X_17_grch38:CTTAACTTCTAACTGGx,MS,NAWM,MS176
MS176_NAWM__10X_17_grch38:CTTACCGGTTATTCTCx,MS,NAWM,MS176
MS176_NAWM__10X_17_grch38:CTTACCGTCAACACACx,MS,NAWM,MS176
MS176_NAWM__10X_17_grch38:CTTACCGTCAACGAAAx,MS,NAWM,MS176
MS176_NAWM__10X_17_grch38:CTTAGGAGTCCTAGCGx,MS,NAWM,MS176
MS176_NAWM__10X_17_grch38:CTTCTCTAGATAGCATx,MS,NAWM,MS176
MS176_NAWM__10X_17_grch38:GAAACTCCACAACGTTx,MS,NAWM,MS176
MS176_NAWM__10X_17_grch38:GAACATCGTTCAGTACx,MS,NAWM,MS176
MS176_NAWM__10X_17_grch38:GAAGCAGTCCACGTGGx,MS,NAWM,MS176
MS176_NAWM__10X_17_grch38:GAATGAAGTATATGGAx,MS,NAWM,MS176
MS176_NAWM__10X_17_grch38:GACACGCGTAAATGTGx,MS,NAWM,MS176
MS176_NAWM__10X_17_grch38:GACAGAGGTACATGTCx,MS,NAWM,MS176
MS176_NAWM__10X_17_grch38:GACAGAGGTTCCATGAx,MS,NAWM,MS176
MS176_NAWM__10X_17_grch38:GACCAATGTCATGCATx,MS,NAWM,MS176
MS176_NAWM__10X_17_grch38:GACCAATTCTTTAGGGx,MS,NAWM,MS176
MS176_NAWM__10X_17_grch38:GACCTGGCACGGACAAx,MS,NAWM,MS176
MS176_NAWM__10X_17_grch38:GACCTGGCAGTAAGATx,MS,NAWM,MS176
MS176_NAWM__10X_17_grch38:GACCTGGGTGAGTGACx,MS,NAWM,MS176
MS176_NAWM__10X_17_grch38:GACGGCTCAGCATGAGx,MS,NAWM,MS176
MS176_NAWM__10X_17_grch38:GACGGCTGTGAAGGCTx,MS,NAWM,MS176
MS176_NAWM__10X_17_grch38:GACGTGCCAGGATTGGx,MS,NAWM,MS176
MS176_NAWM__10X_17_grch38:GACGTGCCATCACGTAx,MS,NAWM,MS176
MS176_NAWM__10X_17_grch38:GACGTGCTCGAACGGAx,MS,NAWM,MS176
MS176_NAWM__10X_17_grch38:GACGTTAAGAGTCTGGx,MS,NAWM,MS176
MS176_NAWM__10X_17_grch38:GACTACAGTTACAGAAx,MS,NAWM,MS176
MS176_NAWM__10X_17_grch38:GACTGCGAGTCGAGTGx,MS,NAWM,MS176
MS176_NAWM__10X_17_grch38:GATCAGTTCCACGTGGx,MS,NAWM,MS176
MS176_NAWM__10X_17_grch38:GATCGTAAGTGTACTCx,MS,NAWM,MS176
MS176_NAWM__10X_17_grch38:GATCTAGGTTACGGAGx,MS,NAWM,MS176
MS176_NAWM__10X_17_grch38:GATGCTAGTAAATACGx,MS,NAWM,MS176
MS176_NAWM__10X_17_grch38:GCAAACTTCCACGACGx,MS,NAWM,MS176
MS176_NAWM__10X_17_grch38:GCAATCAGTCACTTCCx,MS,NAWM,MS176
MS176_NAWM__10X_17_grch38:GCAATCATCAGGCGAAx,MS,NAWM,MS176
MS176_NAWM__10X_17_grch38:GCACTCTCACACATGTx,MS,NAWM,MS176
MS176_NAWM__10X_17_grch38:GCAGCCACATCACGTAx,MS,NAWM,MS176
MS176_NAWM__10X_17_grch38:GCAGTTAAGTGGAGTCx,MS,NAWM,MS176
MS176_NAWM__10X_17_grch38:GCATACATCTCTAAGGx,MS,NAWM,MS176
MS176_NAWM__10X_17_grch38:GCATGTAAGGCTAGCAx,MS,NAWM,MS176
MS176_NAWM__10X_17_grch38:GCCTCTATCCAATGGTx,MS,NAWM,MS176
MS176_NAWM__10X_17_grch38:GCGCAACTCCACTCCAx,MS,NAWM,MS176
MS176_NAWM__10X_17_grch38:GCGCAGTCATGCTAGTx,MS,NAWM,MS176
MS176_NAWM__10X_17_grch38:GCGCGATCAGGTCTCGx,MS,NAWM,MS176
MS176_NAWM__10X_17_grch38:GCGGGTTTCAACTCTTx,MS,NAWM,MS176
MS176_NAWM__10X_17_grch38:GCGGGTTTCCATGCTCx,MS,NAWM,MS176
MS176_NAWM__10X_17_grch38:GCTCTGTCACTACAGTx,MS,NAWM,MS176
MS176_NAWM__10X_17_grch38:GCTCTGTTCGTATCAGx,MS,NAWM,MS176
MS176_NAWM__10X_17_grch38:GCTCTGTTCTTGTTTGx,MS,NAWM,MS176
MS176_NAWM__10X_17_grch38:GCTTCCACATGTCGATx,MS,NAWM,MS176
MS176_NAWM__10X_17_grch38:GGAAAGCTCATCACCCx,MS,NAWM,MS176
MS176_NAWM__10X_17_grch38:GGAACTTAGTGGCACAx,MS,NAWM,MS176
MS176_NAWM__10X_17_grch38:GGAATAACAGCATACTx,MS,NAWM,MS176
MS176_NAWM__10X_17_grch38:GGACAAGTCCCAACGGx,MS,NAWM,MS176
MS176_NAWM__10X_17_grch38:GGACGTCGTACTTCTTx,MS,NAWM,MS176
MS176_NAWM__10X_17_grch38:GGATGTTAGGCTCATTx,MS,NAWM,MS176
MS176_NAWM__10X_17_grch38:GGCCGATCAGGTCGTCx,MS,NAWM,MS176
MS176_NAWM__10X_17_grch38:GGCTCGACACAAGCCCx,MS,NAWM,MS176
MS176_NAWM__10X_17_grch38:GGGACCTTCACTCCTGx,MS,NAWM,MS176
MS176_NAWM__10X_17_grch38:GGGATGAAGCTTCGCGx,MS,NAWM,MS176
MS176_NAWM__10X_17_grch38:GGGATGAAGTTCGCATx,MS,NAWM,MS176
MS176_NAWM__10X_17_grch38:GGGCACTTCCTTTCTCx,MS,NAWM,MS176
MS176_NAWM__10X_17_grch38:GGGTCTGCAATGTTGCx,MS,NAWM,MS176
MS176_NAWM__10X_17_grch38:GGGTTGCGTCGCGAAAx,MS,NAWM,MS176
MS176_NAWM__10X_17_grch38:GGGTTGCGTGCGATAGx,MS,NAWM,MS176
MS176_NAWM__10X_17_grch38:GGTATTGGTGTATGGGx,MS,NAWM,MS176
MS176_NAWM__10X_17_grch38:GGTATTGTCGGATGGAx,MS,NAWM,MS176
MS176_NAWM__10X_17_grch38:GGTGAAGAGTACGACGx,MS,NAWM,MS176
MS176_NAWM__10X_17_grch38:GGTGAAGTCATCTGCCx,MS,NAWM,MS176
MS176_NAWM__10X_17_grch38:GGTGCGTGTCGGATCCx,MS,NAWM,MS176
MS176_NAWM__10X_17_grch38:GTACGTACATGGGAACx,MS,NAWM,MS176
MS176_NAWM__10X_17_grch38:GTAGGCCAGCAATATGx,MS,NAWM,MS176
MS176_NAWM__10X_17_grch38:GTAGGCCCAAGCCGCTx,MS,NAWM,MS176
MS176_NAWM__10X_17_grch38:GTATCTTTCGCAGGCTx,MS,NAWM,MS176
MS176_NAWM__10X_17_grch38:GTATTCTGTCGCCATGx,MS,NAWM,MS176
MS176_NAWM__10X_17_grch38:GTCACAAAGACTAAGTx,MS,NAWM,MS176
MS176_NAWM__10X_17_grch38:GTCATTTCACGAAAGCx,MS,NAWM,MS176
MS176_NAWM__10X_17_grch38:GTCATTTGTAGCAAATx,MS,NAWM,MS176
MS176_NAWM__10X_17_grch38:GTCGTAAAGCTATGCTx,MS,NAWM,MS176
MS176_NAWM__10X_17_grch38:GTGAAGGGTTCCACGGx,MS,NAWM,MS176
MS176_NAWM__10X_17_grch38:GTGCATAGTACCGCTGx,MS,NAWM,MS176
MS176_NAWM__10X_17_grch38:GTGCGGTGTGTGAATAx,MS,NAWM,MS176
MS176_NAWM__10X_17_grch38:GTGCGGTGTTAGAACAx,MS,NAWM,MS176
MS176_NAWM__10X_17_grch38:GTGGGTCCATGAACCTx,MS,NAWM,MS176
MS176_NAWM__10X_17_grch38:GTGGGTCTCAACACACx,MS,NAWM,MS176
MS176_NAWM__10X_17_grch38:GTGGGTCTCCTCCTAGx,MS,NAWM,MS176
MS176_NAWM__10X_17_grch38:GTGTGCGGTGCTGTATx,MS,NAWM,MS176
MS176_NAWM__10X_17_grch38:GTGTTAGCAAATCCGTx,MS,NAWM,MS176
MS176_NAWM__10X_17_grch38:GTGTTAGCACTCTGTCx,MS,NAWM,MS176
MS176_NAWM__10X_17_grch38:GTTACAGTCCTCGCATx,MS,NAWM,MS176
MS176_NAWM__10X_17_grch38:GTTTCTAAGTGAATTGx,MS,NAWM,MS176
MS176_NAWM__10X_17_grch38:TACGGGCCATATGCTGx,MS,NAWM,MS176
MS176_NAWM__10X_17_grch38:TACTCATCACGAAAGCx,MS,NAWM,MS176
MS176_NAWM__10X_17_grch38:TACTCATTCGGATGTTx,MS,NAWM,MS176
MS176_NAWM__10X_17_grch38:TACTCGCGTTGGGACAx,MS,NAWM,MS176
MS176_NAWM__10X_17_grch38:TACTCGCTCCGAACGCx,MS,NAWM,MS176
MS176_NAWM__10X_17_grch38:TACTTGTGTACCAGTTx,MS,NAWM,MS176
MS176_NAWM__10X_17_grch38:TACTTGTGTCAGATAAx,MS,NAWM,MS176
MS176_NAWM__10X_17_grch38:TAGAGCTAGGCATGTGx,MS,NAWM,MS176
MS176_NAWM__10X_17_grch38:TAGCCGGCAGATCCATx,MS,NAWM,MS176
MS176_NAWM__10X_17_grch38:TAGCCGGGTTCTGGTAx,MS,NAWM,MS176
MS176_NAWM__10X_17_grch38:TAGTGGTTCCCTCAGTx,MS,NAWM,MS176
MS176_NAWM__10X_17_grch38:TAGTTGGAGAACAATCx,MS,NAWM,MS176
MS176_NAWM__10X_17_grch38:TAGTTGGCACTTCGAAx,MS,NAWM,MS176
MS176_NAWM__10X_17_grch38:TATCAGGAGAGACTATx,MS,NAWM,MS176
MS176_NAWM__10X_17_grch38:TATTACCGTCAATGTCx,MS,NAWM,MS176
MS176_NAWM__10X_17_grch38:TCAGCTCAGCGTCAAGx,MS,NAWM,MS176
MS176_NAWM__10X_17_grch38:TCAGCTCTCCGTAGGCx,MS,NAWM,MS176
MS176_NAWM__10X_17_grch38:TCAGCTCTCTTTCCTCx,MS,NAWM,MS176
MS176_NAWM__10X_17_grch38:TCAGGATAGTCGCCGTx,MS,NAWM,MS176
MS176_NAWM__10X_17_grch38:TCAGGATGTGTTCTTTx,MS,NAWM,MS176
MS176_NAWM__10X_17_grch38:TCAGGTAGTTGAACTCx,MS,NAWM,MS176
MS176_NAWM__10X_17_grch38:TCATTACCAGTCCTTCx,MS,NAWM,MS176
MS176_NAWM__10X_17_grch38:TCCACACCAATTGCTGx,MS,NAWM,MS176
MS176_NAWM__10X_17_grch38:TCCACACGTGTTGGGAx,MS,NAWM,MS176
MS176_NAWM__10X_17_grch38:TCCCGATGTTCAGACTx,MS,NAWM,MS176
MS176_NAWM__10X_17_grch38:TCGAGGCGTCCGAGTCx,MS,NAWM,MS176
MS176_NAWM__10X_17_grch38:TCGCGAGAGGTGCAACx,MS,NAWM,MS176
MS176_NAWM__10X_17_grch38:TCGCGAGCAATCTACGx,MS,NAWM,MS176
MS176_NAWM__10X_17_grch38:TCGCGTTAGACGCTTTx,MS,NAWM,MS176
MS176_NAWM__10X_17_grch38:TCGGGACCAAGCGTAGx,MS,NAWM,MS176
MS176_NAWM__10X_17_grch38:TCGGTAACAGCTGTATx,MS,NAWM,MS176
MS176_NAWM__10X_17_grch38:TCGGTAACATACGCTAx,MS,NAWM,MS176
MS176_NAWM__10X_17_grch38:TCGTAGATCACCTTATx,MS,NAWM,MS176
MS176_NAWM__10X_17_grch38:TCGTAGATCACTTATCx,MS,NAWM,MS176
MS176_NAWM__10X_17_grch38:TCTATTGAGAGTGAGAx,MS,NAWM,MS176
MS176_NAWM__10X_17_grch38:TCTATTGAGTCAATAGx,MS,NAWM,MS176
MS176_NAWM__10X_17_grch38:TCTGGAATCAGAGGTGx,MS,NAWM,MS176
MS176_NAWM__10X_17_grch38:TCTTCGGTCGTTTGCCx,MS,NAWM,MS176
MS176_NAWM__10X_17_grch38:TGACAACAGGAGCGAGx,MS,NAWM,MS176
MS176_NAWM__10X_17_grch38:TGACGGCTCAGAGACGx,MS,NAWM,MS176
MS176_NAWM__10X_17_grch38:TGACTAGGTCCGAACCx,MS,NAWM,MS176
MS176_NAWM__10X_17_grch38:TGACTTTCATTATCTCx,MS,NAWM,MS176
MS176_NAWM__10X_17_grch38:TGAGAGGGTCCAACTAx,MS,NAWM,MS176
MS176_NAWM__10X_17_grch38:TGAGCATTCAACTCTTx,MS,NAWM,MS176
MS176_NAWM__10X_17_grch38:TGAGCATTCACTCTTAx,MS,NAWM,MS176
MS176_NAWM__10X_17_grch38:TGAGGGACAAGGCTCCx,MS,NAWM,MS176
MS176_NAWM__10X_17_grch38:TGAGGGATCAGAGCTTx,MS,NAWM,MS176
MS176_NAWM__10X_17_grch38:TGATTTCGTCGGCATCx,MS,NAWM,MS176
MS176_NAWM__10X_17_grch38:TGCCCTATCCCTAACCx,MS,NAWM,MS176
MS176_NAWM__10X_17_grch38:TGCGGGTCAGATCGGAx,MS,NAWM,MS176
MS176_NAWM__10X_17_grch38:TGCGTGGTCGGCGCTAx,MS,NAWM,MS176
MS176_NAWM__10X_17_grch38:TGCTGCTGTTGGTTTGx,MS,NAWM,MS176
MS176_NAWM__10X_17_grch38:TGGCCAGCACCAGTTAx,MS,NAWM,MS176
MS176_NAWM__10X_17_grch38:TGGCCAGCAGGGTATGx,MS,NAWM,MS176
MS176_NAWM__10X_17_grch38:TGGCCAGCAGGTCCACx,MS,NAWM,MS176
MS176_NAWM__10X_17_grch38:TGGCCAGGTCATACTGx,MS,NAWM,MS176
MS176_NAWM__10X_17_grch38:TGGCGCAGTACCCAATx,MS,NAWM,MS176
MS176_NAWM__10X_17_grch38:TGGCGCATCTCTAGGAx,MS,NAWM,MS176
MS176_NAWM__10X_17_grch38:TGGCTGGGTATTAGCCx,MS,NAWM,MS176
MS176_NAWM__10X_17_grch38:TGGCTGGTCCTTTACAx,MS,NAWM,MS176
MS176_NAWM__10X_17_grch38:TGGGAAGGTCCGAATTx,MS,NAWM,MS176
MS176_NAWM__10X_17_grch38:TGGGCGTAGCGATTCTx,MS,NAWM,MS176
MS176_NAWM__10X_17_grch38:TGTATTCGTTAAGACAx,MS,NAWM,MS176
MS176_NAWM__10X_17_grch38:TGTCCCACAAACCTACx,MS,NAWM,MS176
MS176_NAWM__10X_17_grch38:TGTCCCACAGCCAATTx,MS,NAWM,MS176
MS176_NAWM__10X_17_grch38:TGTCCCATCAGGTTCAx,MS,NAWM,MS176
MS176_NAWM__10X_17_grch38:TGTGGTATCAGGATCTx,MS,NAWM,MS176
MS176_NAWM__10X_17_grch38:TGTTCCGTCTCTGTCGx,MS,NAWM,MS176
MS176_NAWM__10X_17_grch38:TTAGGCAAGTGAACATx,MS,NAWM,MS176
MS176_NAWM__10X_17_grch38:TTAGGCAGTGATAAGTx,MS,NAWM,MS176
MS176_NAWM__10X_17_grch38:TTAGTTCAGCTGCGAAx,MS,NAWM,MS176
MS176_NAWM__10X_17_grch38:TTCTACAAGGTGATTAx,MS,NAWM,MS176
MS176_NAWM__10X_17_grch38:TTCTACACACGAGGTAx,MS,NAWM,MS176
MS176_NAWM__10X_17_grch38:TTCTTAGCATACGCCGx,MS,NAWM,MS176
MS176_NAWM__10X_17_grch38:TTGACTTAGTTCCACAx,MS,NAWM,MS176
MS176_NAWM__10X_17_grch38:TTGCCGTAGTAATCCCx,MS,NAWM,MS176
MS176_NAWM__10X_17_grch38:TTGCGTCCATCCCATCx,MS,NAWM,MS176
MS176_NAWM__10X_17_grch38:TTGGAACTCATGTAGCx,MS,NAWM,MS176
MS176_NAWM__10X_17_grch38:TTGGCAACAGCCAGAAx,MS,NAWM,MS176
MS176_NAWM__10X_17_grch38:TTGTAGGCAATCAGAAx,MS,NAWM,MS176
MS176_NAWM__10X_17_grch38:TTGTAGGGTTCAACCAx,MS,NAWM,MS176
MS176_NAWM__10X_17_grch38:TTTACTGAGACTAAGTx,MS,NAWM,MS176
MS176_NAWM__10X_17_grch38:TTTATGCAGTAATCCCx,MS,NAWM,MS176
MS176_NAWM__10X_17_grch38:TTTGGTTCAAGCTGTTx,MS,NAWM,MS176
MS176_NAWM__10X_17_grch38:TTTGTCACACGCGAAAx,MS,NAWM,MS176
MS176_NAWM__10X_17_grch38:TTTGTCACACTGAAGGx,MS,NAWM,MS176
MS176_NAWM__10X_17_grch38:TTTGTCACAGAAGCACx,MS,NAWM,MS176
MS176_NAWM__10X_17_grch38:TTTGTCACATGTAGTCx,MS,NAWM,MS176
MS176_RM__10X_17_grch38:AAACCTGGTCGTCTTCx,MS,RM,MS176
MS176_RM__10X_17_grch38:AAAGATGTCGTCCGTTx,MS,RM,MS176
MS176_RM__10X_17_grch38:AACTCAGAGAAGGACAx,MS,RM,MS176
MS176_RM__10X_17_grch38:AACTCAGAGTGTGAATx,MS,RM,MS176
MS176_RM__10X_17_grch38:AACTCTTCACTCGACGx,MS,RM,MS176
MS176_RM__10X_17_grch38:AACTCTTGTAGAGTGCx,MS,RM,MS176
MS176_RM__10X_17_grch38:AAGGAGCGTTCCACAAx,MS,RM,MS176
MS176_RM__10X_17_grch38:AAGGTTCAGAAACGAGx,MS,RM,MS176
MS176_RM__10X_17_grch38:AAGTCTGCATTCCTCGx,MS,RM,MS176
MS176_RM__10X_17_grch38:ACACCAAAGTCGAGTGx,MS,RM,MS176
MS176_RM__10X_17_grch38:ACACCAACAAGCCGTCx,MS,RM,MS176
MS176_RM__10X_17_grch38:ACACCCTCACAACGTTx,MS,RM,MS176
MS176_RM__10X_17_grch38:ACAGCCGAGCTTCGCGx,MS,RM,MS176
MS176_RM__10X_17_grch38:ACAGCTATCCGAACGCx,MS,RM,MS176
MS176_RM__10X_17_grch38:ACATCAGAGGAATGGAx,MS,RM,MS176
MS176_RM__10X_17_grch38:ACGATACCAGCGTCCAx,MS,RM,MS176
MS176_RM__10X_17_grch38:ACGGGCTTCAAAGACAx,MS,RM,MS176
MS176_RM__10X_17_grch38:ACGGGCTTCCCAACGGx,MS,RM,MS176
MS176_RM__10X_17_grch38:ACTGAACGTTCGGGCTx,MS,RM,MS176
MS176_RM__10X_17_grch38:ACTTACTCAACACCCGx,MS,RM,MS176
MS176_RM__10X_17_grch38:AGCCTAAAGACTAAGTx,MS,RM,MS176
MS176_RM__10X_17_grch38:AGCGTATGTCAATGTCx,MS,RM,MS176
MS176_RM__10X_17_grch38:AGCTCCTAGACAAAGGx,MS,RM,MS176
MS176_RM__10X_17_grch38:AGCTCTCAGCGATCCCx,MS,RM,MS176
MS176_RM__10X_17_grch38:AGGGTGAAGTACGTTCx,MS,RM,MS176
MS176_RM__10X_17_grch38:AGTAGTCGTGGCCCTAx,MS,RM,MS176
MS176_RM__10X_17_grch38:AGTGGGAAGCACCGTCx,MS,RM,MS176
MS176_RM__10X_17_grch38:AGTTGGTAGAGCTTCTx,MS,RM,MS176
MS176_RM__10X_17_grch38:AGTTGGTGTAAGCACGx,MS,RM,MS176
MS176_RM__10X_17_grch38:ATAACGCCACATTAGCx,MS,RM,MS176
MS176_RM__10X_17_grch38:CAACTAGCAGATCCATx,MS,RM,MS176
MS176_RM__10X_17_grch38:CAAGGCCCAAGCCGTCx,MS,RM,MS176
MS176_RM__10X_17_grch38:CACACCTGTCTCCCTAx,MS,RM,MS176
MS176_RM__10X_17_grch38:CACACTCAGCTGTTCAx,MS,RM,MS176
MS176_RM__10X_17_grch38:CACATTTTCTTCCTTCx,MS,RM,MS176
MS176_RM__10X_17_grch38:CACCACTTCATTATCCx,MS,RM,MS176
MS176_RM__10X_17_grch38:CAGCGACAGACCCACCx,MS,RM,MS176
MS176_RM__10X_17_grch38:CAGGTGCAGTCGTTTGx,MS,RM,MS176
MS176_RM__10X_17_grch38:CAGTCCTAGCAGACTGx,MS,RM,MS176
MS176_RM__10X_17_grch38:CATGCCTGTATCACCAx,MS,RM,MS176
MS176_RM__10X_17_grch38:CATTATCGTGAGGCTAx,MS,RM,MS176
MS176_RM__10X_17_grch38:CCACCTACACGCATCGx,MS,RM,MS176
MS176_RM__10X_17_grch38:CCATTCGTCTCTTATGx,MS,RM,MS176
MS176_RM__10X_17_grch38:CCGGGATTCAGGTTCAx,MS,RM,MS176
MS176_RM__10X_17_grch38:CCTAAAGAGTCATGCTx,MS,RM,MS176
MS176_RM__10X_17_grch38:CGAACATCAAGTAATGx,MS,RM,MS176
MS176_RM__10X_17_grch38:CGCTATCCAAACCCATx,MS,RM,MS176
MS176_RM__10X_17_grch38:CGTAGGCCATTATCTCx,MS,RM,MS176
MS176_RM__10X_17_grch38:CGTCACTGTCGAACAGx,MS,RM,MS176
MS176_RM__10X_17_grch38:CGTCCATCAGGGTTAGx,MS,RM,MS176
MS176_RM__10X_17_grch38:CTAAGACGTTAGTGGGx,MS,RM,MS176
MS176_RM__10X_17_grch38:CTACACCAGTCAAGCGx,MS,RM,MS176
MS176_RM__10X_17_grch38:CTCATTAGTCGCTTTCx,MS,RM,MS176
MS176_RM__10X_17_grch38:CTCGAGGAGTGCCAGAx,MS,RM,MS176
MS176_RM__10X_17_grch38:CTCGAGGCAAGACACGx,MS,RM,MS176
MS176_RM__10X_17_grch38:CTGAAGTCAGTGGAGTx,MS,RM,MS176
MS176_RM__10X_17_grch38:CTTAACTTCTGGCGACx,MS,RM,MS176
MS176_RM__10X_17_grch38:GACAGAGCATACCATGx,MS,RM,MS176
MS176_RM__10X_17_grch38:GATCTAGCATCTCCCAx,MS,RM,MS176
MS176_RM__10X_17_grch38:GATCTAGTCACCTCGTx,MS,RM,MS176
MS176_RM__10X_17_grch38:GATGCTAAGAAACGAGx,MS,RM,MS176
MS176_RM__10X_17_grch38:GCAAACTGTAAACGCGx,MS,RM,MS176
MS176_RM__10X_17_grch38:GCAGCCATCACGCGGTx,MS,RM,MS176
MS176_RM__10X_17_grch38:GCATGATGTAAGAGAGx,MS,RM,MS176
MS176_RM__10X_17_grch38:GCCAAATGTGGTAACGx,MS,RM,MS176
MS176_RM__10X_17_grch38:GCCTCTAGTTGGTAAAx,MS,RM,MS176
MS176_RM__10X_17_grch38:GCGAGAAAGGGATCTGx,MS,RM,MS176
MS176_RM__10X_17_grch38:GCGAGAAGTCAGAAGCx,MS,RM,MS176
MS176_RM__10X_17_grch38:GCGGGTTAGGCAAAGAx,MS,RM,MS176
MS176_RM__10X_17_grch38:GCGGGTTGTTCCACGGx,MS,RM,MS176
MS176_RM__10X_17_grch38:GCTCCTATCGTGGGAAx,MS,RM,MS176
MS176_RM__10X_17_grch38:GGAAAGCTCCCGGATGx,MS,RM,MS176
MS176_RM__10X_17_grch38:GGCAATTTCCGCGCAAx,MS,RM,MS176
MS176_RM__10X_17_grch38:GGCCGATCATCGATGTx,MS,RM,MS176
MS176_RM__10X_17_grch38:GGGACCTAGGTGTGGTx,MS,RM,MS176
MS176_RM__10X_17_grch38:GGTATTGGTACGACCCx,MS,RM,MS176
MS176_RM__10X_17_grch38:GGTGCGTTCCACTGGGx,MS,RM,MS176
MS176_RM__10X_17_grch38:GTCCTCAGTGTTGGGAx,MS,RM,MS176
MS176_RM__10X_17_grch38:GTGTTAGAGGCGACATx,MS,RM,MS176
MS176_RM__10X_17_grch38:GTTAAGCGTCTCCACTx,MS,RM,MS176
MS176_RM__10X_17_grch38:TAAGTGCGTACCATCAx,MS,RM,MS176
MS176_RM__10X_17_grch38:TACCTTATCGTACGGCx,MS,RM,MS176
MS176_RM__10X_17_grch38:TACTCATGTTCCACGGx,MS,RM,MS176
MS176_RM__10X_17_grch38:TACTCGCTCGGCTACGx,MS,RM,MS176
MS176_RM__10X_17_grch38:TACTTACCATGCAACTx,MS,RM,MS176
MS176_RM__10X_17_grch38:TACTTGTAGCTAGTTCx,MS,RM,MS176
MS176_RM__10X_17_grch38:TAGCCGGTCGTGGACCx,MS,RM,MS176
MS176_RM__10X_17_grch38:TAGTTGGTCCCTCTTTx,MS,RM,MS176
MS176_RM__10X_17_grch38:TCACAAGTCGCAAACTx,MS,RM,MS176
MS176_RM__10X_17_grch38:TCACGAAAGACTTGAAx,MS,RM,MS176
MS176_RM__10X_17_grch38:TCAGCTCTCTTCATGTx,MS,RM,MS176
MS176_RM__10X_17_grch38:TCCCGATGTTAGTGGGx,MS,RM,MS176
MS176_RM__10X_17_grch38:TCGGGACGTTTGCATGx,MS,RM,MS176
MS176_RM__10X_17_grch38:TCTCTAATCGTACGGCx,MS,RM,MS176
MS176_RM__10X_17_grch38:TCTGAGAGTCATCCCTx,MS,RM,MS176
MS176_RM__10X_17_grch38:TCTGGAAGTCAAAGCGx,MS,RM,MS176
MS176_RM__10X_17_grch38:TCTTTCCAGATGGCGTx,MS,RM,MS176
MS176_RM__10X_17_grch38:TGAAAGAGTGTTCTTTx,MS,RM,MS176
MS176_RM__10X_17_grch38:TGACGGCGTGCACTTAx,MS,RM,MS176
MS176_RM__10X_17_grch38:TGAGCCGAGTGGCACAx,MS,RM,MS176
MS176_RM__10X_17_grch38:TGATTTCGTTGAGGTGx,MS,RM,MS176
MS176_RM__10X_17_grch38:TGGCCAGAGACTTTCGx,MS,RM,MS176
MS176_RM__10X_17_grch38:TGGCCAGGTCAGGACAx,MS,RM,MS176
MS176_RM__10X_17_grch38:TGGCTGGCAGACGCTCx,MS,RM,MS176
MS176_RM__10X_17_grch38:TGGGAAGTCCCTGACTx,MS,RM,MS176
MS176_RM__10X_17_grch38:TGGGCGTCAAAGCGGTx,MS,RM,MS176
MS176_RM__10X_17_grch38:TGTATTCTCGTTACAGx,MS,RM,MS176
MS176_RM__10X_17_grch38:TTAACTCGTTCACCTCx,MS,RM,MS176
MS176_RM__10X_17_grch38:TTCTCCTGTTTGGGCCx,MS,RM,MS176
MS176_RM__10X_17_grch38:TTCTCCTTCCGAATGTx,MS,RM,MS176
MS176_RM__10X_17_grch38:TTCTCCTTCTTGGGTAx,MS,RM,MS176
MS176_RM__10X_17_grch38:TTCTTAGGTCCTGCTTx,MS,RM,MS176
MS176_RM__10X_17_grch38:TTGCGTCAGATCCTGTx,MS,RM,MS176
MS176_RM__10X_17_grch38:TTGCGTCTCCTGTAGAx,MS,RM,MS176
MS176_RM__10X_17_grch38:TTGCGTCTCGCCAAATx,MS,RM,MS176
MS176_RM__10X_17_grch38:TTTACTGCATTTGCCCx,MS,RM,MS176
MS176_RM__10X_17_grch38:TTTATGCAGGCTCTTAx,MS,RM,MS176
MS176_CI__10X_17_056_roche_grch38_4:CATCGGGTCCTGTACCx,MS,CI,MS176
MS176_CI__10X_17_056_roche_grch38_4:GACTGCGCAGCCTTGGx,MS,CI,MS176
MS176_CI__10X_17_056_roche_grch38_4:GCGCCAATCTCTAAGGx,MS,CI,MS176
MS176_CI__10X_17_056_roche_grch38_4:TATCAGGGTTGAACTCx,MS,CI,MS176
MS176_CI__10X_17_056_roche_grch38_4:TCCCGATCATCCGGGTx,MS,CI,MS176
MS176_CA__10X_17_grch38:ACACCCTAGCACACAGx,MS,CA,MS176
MS176_CA__10X_17_grch38:ACCCACTCACATGACTx,MS,CA,MS176
MS176_CA__10X_17_grch38:AGACGTTCACTCTGTCx,MS,CA,MS176
MS176_CA__10X_17_grch38:AGAGTGGTCGGATGTTx,MS,CA,MS176
MS176_CA__10X_17_grch38:AGGGATGTCGCGATCGx,MS,CA,MS176
MS176_CA__10X_17_grch38:ATCACGAGTACCATCAx,MS,CA,MS176
MS176_CA__10X_17_grch38:CATATGGCACGTGAGAx,MS,CA,MS176
MS176_CA__10X_17_grch38:CATGACAGTTCCTCCAx,MS,CA,MS176
MS176_CA__10X_17_grch38:CATGGCGCAAACTGCTx,MS,CA,MS176
MS176_CA__10X_17_grch38:CTCGTACCAGGGCATAx,MS,CA,MS176
MS176_CA__10X_17_grch38:CTGCCTAAGCTACCTAx,MS,CA,MS176
MS176_CA__10X_17_grch38:GACACGCGTCGCATATx,MS,CA,MS176
MS176_CA__10X_17_grch38:GCTTGAACAATGGTCTx,MS,CA,MS176
MS176_CA__10X_17_grch38:GGACGTCAGACACTAAx,MS,CA,MS176
MS176_CA__10X_17_grch38:GGATGTTCATGTTCCCx,MS,CA,MS176
MS176_CA__10X_17_grch38:GGGACCTGTATTCTCTx,MS,CA,MS176
MS176_CA__10X_17_grch38:GGGTTGCGTTTGACACx,MS,CA,MS176
MS176_CA__10X_17_grch38:GTACTTTGTGCGGTAAx,MS,CA,MS176
MS176_CA__10X_17_grch38:GTGGGTCGTTGCCTCTx,MS,CA,MS176
MS176_CA__10X_17_grch38:TACTTACTCCCTTGCAx,MS,CA,MS176
MS176_CA__10X_17_grch38:TAGTTGGAGATGAGAGx,MS,CA,MS176
MS176_CA__10X_17_grch38:TATCTCATCAATCACGx,MS,CA,MS176
MS176_CA__10X_17_grch38:TCTGAGACACTTCGAAx,MS,CA,MS176
MS176_CA__10X_17_grch38:TGCCCATCAAAGTCAAx,MS,CA,MS176
MS176_CA__10X_17_grch38:TGGCGCAAGAGGTACCx,MS,CA,MS176
MS176_CA__10X_17_grch38:TGGGAAGGTAGGCATGx,MS,CA,MS176
MS176_CA__10X_17_grch38:TTGTAGGTCGCATGATx,MS,CA,MS176
CO39__10X_17_grch38:AACCGCGAGATCCCATx,normal,Ctrl,CO39
CO39__10X_17_grch38:AACGTTGTCTCTGCTGx,normal,Ctrl,CO39
CO39__10X_17_grch38:AAGACCTCATTTCACTx,normal,Ctrl,CO39
CO39__10X_17_grch38:AAGGAGCCACGGCCATx,normal,Ctrl,CO39
CO39__10X_17_grch38:AAGGCAGAGATCACGGx,normal,Ctrl,CO39
CO39__10X_17_grch38:AAGGCAGCATGTAAGAx,normal,Ctrl,CO39
CO39__10X_17_grch38:AAGGTTCTCGTTGACAx,normal,Ctrl,CO39
CO39__10X_17_grch38:ACACCCTAGTGGGTTGx,normal,Ctrl,CO39
CO39__10X_17_grch38:ACAGCTACATGTAGTCx,normal,Ctrl,CO39
CO39__10X_17_grch38:ACATCAGGTCTAGCCGx,normal,Ctrl,CO39
CO39__10X_17_grch38:ACGATACGTCGCGAAAx,normal,Ctrl,CO39
CO39__10X_17_grch38:ACGCAGCGTCTTCAAGx,normal,Ctrl,CO39
CO39__10X_17_grch38:ACGGGCTGTTTAGCTGx,normal,Ctrl,CO39
CO39__10X_17_grch38:ACGGGTCTCCGATATGx,normal,Ctrl,CO39
CO39__10X_17_grch38:ACGTCAATCAACACTGx,normal,Ctrl,CO39
CO39__10X_17_grch38:ACTGAACAGACACTAAx,normal,Ctrl,CO39
CO39__10X_17_grch38:ACTTTCAGTGTGGCTCx,normal,Ctrl,CO39
CO39__10X_17_grch38:AGACGTTAGGAGTAGAx,normal,Ctrl,CO39
CO39__10X_17_grch38:AGAGCGAAGTGTACTCx,normal,Ctrl,CO39
CO39__10X_17_grch38:AGAGCGACAGGGATTGx,normal,Ctrl,CO39
CO39__10X_17_grch38:AGCAGCCAGCCCTAATx,normal,Ctrl,CO39
CO39__10X_17_grch38:AGCGTCGAGCCCAGCTx,normal,Ctrl,CO39
CO39__10X_17_grch38:AGCTCTCTCCATGAACx,normal,Ctrl,CO39
CO39__10X_17_grch38:AGGGAGTGTGTCTGATx,normal,Ctrl,CO39
CO39__10X_17_grch38:AGGGTGAAGGAGTACCx,normal,Ctrl,CO39
CO39__10X_17_grch38:AGTCTTTAGGTAGCTGx,normal,Ctrl,CO39
CO39__10X_17_grch38:AGTGGGATCCGAGCCAx,normal,Ctrl,CO39
CO39__10X_17_grch38:AGTTGGTTCGGTCTAAx,normal,Ctrl,CO39
CO39__10X_17_grch38:ATCTACTAGCCAGTTTx,normal,Ctrl,CO39
CO39__10X_17_grch38:ATCTACTCATCCGCGAx,normal,Ctrl,CO39
CO39__10X_17_grch38:ATCTACTGTCCGAGTCx,normal,Ctrl,CO39
CO39__10X_17_grch38:ATCTGCCGTGACTACTx,normal,Ctrl,CO39
CO39__10X_17_grch38:ATGGGAGTCCAAGCCGx,normal,Ctrl,CO39
CO39__10X_17_grch38:ATTGGACGTGTCAATCx,normal,Ctrl,CO39
CO39__10X_17_grch38:ATTTCTGTCGGCGGTTx,normal,Ctrl,CO39
CO39__10X_17_grch38:CAACCAAAGGGTGTGTx,normal,Ctrl,CO39
CO39__10X_17_grch38:CAACCAATCCTGCAGGx,normal,Ctrl,CO39
CO39__10X_17_grch38:CAACTAGCATGGGAACx,normal,Ctrl,CO39
CO39__10X_17_grch38:CAAGGCCTCTCGATGAx,normal,Ctrl,CO39
CO39__10X_17_grch38:CACACCTAGCAAATCAx,normal,Ctrl,CO39
CO39__10X_17_grch38:CACAGGCCAGTCCTTCx,normal,Ctrl,CO39
CO39__10X_17_grch38:CACATAGTCCCTGACTx,normal,Ctrl,CO39
CO39__10X_17_grch38:CACCACTCAAGGTGTGx,normal,Ctrl,CO39
CO39__10X_17_grch38:CAGCAGCAGTCAATAGx,normal,Ctrl,CO39
CO39__10X_17_grch38:CAGCCGACATGGGACAx,normal,Ctrl,CO39
CO39__10X_17_grch38:CAGCCGAGTTCCTCCAx,normal,Ctrl,CO39
CO39__10X_17_grch38:CAGCTAAGTTTAGCTGx,normal,Ctrl,CO39
CO39__10X_17_grch38:CAGTAACTCCAGAGGAx,normal,Ctrl,CO39
CO39__10X_17_grch38:CATATTCAGATGTGGCx,normal,Ctrl,CO39
CO39__10X_17_grch38:CATCGAACAGCTGCACx,normal,Ctrl,CO39
CO39__10X_17_grch38:CATTATCCAATACGCTx,normal,Ctrl,CO39
CO39__10X_17_grch38:CATTATCCACTTAACGx,normal,Ctrl,CO39
CO39__10X_17_grch38:CATTCGCAGAAGGCCTx,normal,Ctrl,CO39
CO39__10X_17_grch38:CCGGGATAGCCAGAACx,normal,Ctrl,CO39
CO39__10X_17_grch38:CCTAGCTGTGTGTGCCx,normal,Ctrl,CO39
CO39__10X_17_grch38:CCTCTGAAGGCTATCTx,normal,Ctrl,CO39
CO39__10X_17_grch38:CCTCTGACATCTCCCAx,normal,Ctrl,CO39
CO39__10X_17_grch38:CCTTCGATCAGCTCTCx,normal,Ctrl,CO39
CO39__10X_17_grch38:CGAATGTTCGCCAGCAx,normal,Ctrl,CO39
CO39__10X_17_grch38:CGACTTCCATCTGGTAx,normal,Ctrl,CO39
CO39__10X_17_grch38:CGATGGCCACTCTGTCx,normal,Ctrl,CO39
CO39__10X_17_grch38:CGATGGCGTAGAGCTGx,normal,Ctrl,CO39
CO39__10X_17_grch38:CGATTGAGTATATGAGx,normal,Ctrl,CO39
CO39__10X_17_grch38:CGCCAAGAGCGATAGCx,normal,Ctrl,CO39
CO39__10X_17_grch38:CGCCAAGCAAGGTTCTx,normal,Ctrl,CO39
CO39__10X_17_grch38:CGCGTTTTCTGATACGx,normal,Ctrl,CO39
CO39__10X_17_grch38:CGCTATCTCCGTAGTAx,normal,Ctrl,CO39
CO39__10X_17_grch38:CGCTGGAAGCTAAGATx,normal,Ctrl,CO39
CO39__10X_17_grch38:CGGAGCTCAAAGTCAAx,normal,Ctrl,CO39
CO39__10X_17_grch38:CGGAGTCAGGACAGCTx,normal,Ctrl,CO39
CO39__10X_17_grch38:CGGAGTCCAAACGCGAx,normal,Ctrl,CO39
CO39__10X_17_grch38:CGGCTAGAGCAATCTCx,normal,Ctrl,CO39
CO39__10X_17_grch38:CGGCTAGTCAGAAATGx,normal,Ctrl,CO39
CO39__10X_17_grch38:CGGGTCATCGAACGGAx,normal,Ctrl,CO39
CO39__10X_17_grch38:CGTGTCTAGGCCCTTGx,normal,Ctrl,CO39
CO39__10X_17_grch38:CGTTGGGGTCTTGTCCx,normal,Ctrl,CO39
CO39__10X_17_grch38:CGTTGGGTCCCTTGCAx,normal,Ctrl,CO39
CO39__10X_17_grch38:CTACACCCAAAGGAAGx,normal,Ctrl,CO39
CO39__10X_17_grch38:CTCACACAGCGTTTACx,normal,Ctrl,CO39
CO39__10X_17_grch38:CTCAGAACACCATCCTx,normal,Ctrl,CO39
CO39__10X_17_grch38:CTCGGAGGTCTTCTCGx,normal,Ctrl,CO39
CO39__10X_17_grch38:CTCGGGAAGCCCAATTx,normal,Ctrl,CO39
CO39__10X_17_grch38:CTCGTACGTGCGCTTGx,normal,Ctrl,CO39
CO39__10X_17_grch38:CTCGTCAAGCCCGAAAx,normal,Ctrl,CO39
CO39__10X_17_grch38:CTCTAATTCTGATACGx,normal,Ctrl,CO39
CO39__10X_17_grch38:CTCTGGTCATGCTAGTx,normal,Ctrl,CO39
CO39__10X_17_grch38:CTGAAACGTGGTGTAGx,normal,Ctrl,CO39
CO39__10X_17_grch38:CTGATAGAGCTATGCTx,normal,Ctrl,CO39
CO39__10X_17_grch38:CTGATAGCACATCCAAx,normal,Ctrl,CO39
CO39__10X_17_grch38:CTGCTGTAGGTAAACTx,normal,Ctrl,CO39
CO39__10X_17_grch38:CTGGTCTCAAGAAAGGx,normal,Ctrl,CO39
CO39__10X_17_grch38:CTGTGCTTCGCTAGCGx,normal,Ctrl,CO39
CO39__10X_17_grch38:GAACATCGTTCGCGACx,normal,Ctrl,CO39
CO39__10X_17_grch38:GAATAAGTCTACTTACx,normal,Ctrl,CO39
CO39__10X_17_grch38:GAATGAAGTAGTAGTAx,normal,Ctrl,CO39
CO39__10X_17_grch38:GACAGAGCAGGCAGTAx,normal,Ctrl,CO39
CO39__10X_17_grch38:GACCAATGTAGCTTGTx,normal,Ctrl,CO39
CO39__10X_17_grch38:GACCTGGCAGGGCATAx,normal,Ctrl,CO39
CO39__10X_17_grch38:GACGGCTAGTCAAGGCx,normal,Ctrl,CO39
CO39__10X_17_grch38:GACGTTAAGGGTGTGTx,normal,Ctrl,CO39
CO39__10X_17_grch38:GACTGCGTCTATCGCCx,normal,Ctrl,CO39
CO39__10X_17_grch38:GAGGTGAGTCAATACCx,normal,Ctrl,CO39
CO39__10X_17_grch38:GATCGCGAGAACAACTx,normal,Ctrl,CO39
CO39__10X_17_grch38:GCAAACTAGAGCCTAGx,normal,Ctrl,CO39
CO39__10X_17_grch38:GCACTCTCAGGGTTAGx,normal,Ctrl,CO39
CO39__10X_17_grch38:GCGACCATCCCTGACTx,normal,Ctrl,CO39
CO39__10X_17_grch38:GCGCGATCACCTTGTCx,normal,Ctrl,CO39
CO39__10X_17_grch38:GCGCGATGTGTGAATAx,normal,Ctrl,CO39
CO39__10X_17_grch38:GCTCCTACACCCATGGx,normal,Ctrl,CO39
CO39__10X_17_grch38:GGAACTTAGCGATAGCx,normal,Ctrl,CO39
CO39__10X_17_grch38:GGAATAATCTGCCAGGx,normal,Ctrl,CO39
CO39__10X_17_grch38:GGAGCAATCCGTACAAx,normal,Ctrl,CO39
CO39__10X_17_grch38:GGGAATGTCTAACTGGx,normal,Ctrl,CO39
CO39__10X_17_grch38:GGGACCTAGTTGAGTAx,normal,Ctrl,CO39
CO39__10X_17_grch38:GGGACCTCAGCTGTATx,normal,Ctrl,CO39
CO39__10X_17_grch38:GGGCATCTCTTTCCTCx,normal,Ctrl,CO39
CO39__10X_17_grch38:GGGTTGCAGGAACTGCx,normal,Ctrl,CO39
CO39__10X_17_grch38:GGGTTGCAGTACGATAx,normal,Ctrl,CO39
CO39__10X_17_grch38:GGTGTTAGTTGGTGGAx,normal,Ctrl,CO39
CO39__10X_17_grch38:GTAACGTCAAAGCAATx,normal,Ctrl,CO39
CO39__10X_17_grch38:GTAACGTCATTTGCCCx,normal,Ctrl,CO39
CO39__10X_17_grch38:GTACGTAGTCGTGGCTx,normal,Ctrl,CO39
CO39__10X_17_grch38:GTAGGCCAGGCCCTTGx,normal,Ctrl,CO39
CO39__10X_17_grch38:GTAGTCAGTAAAGGAGx,normal,Ctrl,CO39
CO39__10X_17_grch38:GTCAAGTGTCTCTCGTx,normal,Ctrl,CO39
CO39__10X_17_grch38:GTCACAAGTTATCACGx,normal,Ctrl,CO39
CO39__10X_17_grch38:GTCATTTAGTGCCAGAx,normal,Ctrl,CO39
CO39__10X_17_grch38:GTCGGGTAGGCTAGGTx,normal,Ctrl,CO39
CO39__10X_17_grch38:GTCGGGTTCAATCTCTx,normal,Ctrl,CO39
CO39__10X_17_grch38:GTGCGGTCAATGAATGx,normal,Ctrl,CO39
CO39__10X_17_grch38:GTGGGTCCATCTATGGx,normal,Ctrl,CO39
CO39__10X_17_grch38:GTGTGCGTCCGTACAAx,normal,Ctrl,CO39
CO39__10X_17_grch38:GTGTTAGGTAACGACGx,normal,Ctrl,CO39
CO39__10X_17_grch38:GTTCTCGCATAAAGGTx,normal,Ctrl,CO39
CO39__10X_17_grch38:TAAGCGTCAACTGCTAx,normal,Ctrl,CO39
CO39__10X_17_grch38:TACACGAAGACCACGAx,normal,Ctrl,CO39
CO39__10X_17_grch38:TACAGTGAGAGCCTAGx,normal,Ctrl,CO39
CO39__10X_17_grch38:TACCTTACAGCTATTGx,normal,Ctrl,CO39
CO39__10X_17_grch38:TACTTGTAGATTACCCx,normal,Ctrl,CO39
CO39__10X_17_grch38:TAGCCGGGTAGCGCTCx,normal,Ctrl,CO39
CO39__10X_17_grch38:TAGGCATAGCGCTTATx,normal,Ctrl,CO39
CO39__10X_17_grch38:TAGTGGTTCTGTCAAGx,normal,Ctrl,CO39
CO39__10X_17_grch38:TATGCCCTCGGTTAACx,normal,Ctrl,CO39
CO39__10X_17_grch38:TCATTACCATGGTCATx,normal,Ctrl,CO39
CO39__10X_17_grch38:TCCACACGTCATATGCx,normal,Ctrl,CO39
CO39__10X_17_grch38:TCGAGGCCATCACGATx,normal,Ctrl,CO39
CO39__10X_17_grch38:TCGCGAGGTTACTGACx,normal,Ctrl,CO39
CO39__10X_17_grch38:TCGCGTTTCCTTTACAx,normal,Ctrl,CO39
CO39__10X_17_grch38:TGACGGCAGGTAGCCAx,normal,Ctrl,CO39
CO39__10X_17_grch38:TGACGGCCACACCGCAx,normal,Ctrl,CO39
CO39__10X_17_grch38:TGACTAGGTGTGTGCCx,normal,Ctrl,CO39
CO39__10X_17_grch38:TGAGCATCACCGTTGGx,normal,Ctrl,CO39
CO39__10X_17_grch38:TGCGCAGAGGCTAGCAx,normal,Ctrl,CO39
CO39__10X_17_grch38:TGGGCGTAGTTTAGGAx,normal,Ctrl,CO39
CO39__10X_17_grch38:TGTATTCGTGTCAATCx,normal,Ctrl,CO39
CO39__10X_17_grch38:TGTGTTTTCAGGCGAAx,normal,Ctrl,CO39
CO39__10X_17_grch38:TTAACTCAGGCTCAGAx,normal,Ctrl,CO39
CO39__10X_17_grch38:TTAGGACAGGGTTTCTx,normal,Ctrl,CO39
CO39__10X_17_grch38:TTAGGACCAATCGAAAx,normal,Ctrl,CO39
CO39__10X_17_grch38:TTAGTTCAGCTAACAAx,normal,Ctrl,CO39
CO39__10X_17_grch38:TTGGCAAAGGCTACGAx,normal,Ctrl,CO39
CO39__10X_17_grch38:TTGTAGGTCTTGTTTGx,normal,Ctrl,CO39
CO39__10X_17_grch38:TTTACTGGTCGTGGCTx,normal,Ctrl,CO39
CO39__10X_17_grch38:TTTCCTCAGAGTCGGTx,normal,Ctrl,CO39
CO14__10X_17_grch38:AAACCTGAGGTGGGTTx,normal,Ctrl,CO14
CO14__10X_17_grch38:AACTCCCGTGTTAAGAx,normal,Ctrl,CO14
CO14__10X_17_grch38:AAGACCTAGGACAGCTx,normal,Ctrl,CO14
CO14__10X_17_grch38:AAGCCGCAGCTAACTCx,normal,Ctrl,CO14
CO14__10X_17_grch38:AAGGCAGCAAGTCTACx,normal,Ctrl,CO14
CO14__10X_17_grch38:AAGTCTGTCCTTTCTCx,normal,Ctrl,CO14
CO14__10X_17_grch38:ACATGGTAGAAACCATx,normal,Ctrl,CO14
CO14__10X_17_grch38:ACCAGTACACCTTGTCx,normal,Ctrl,CO14
CO14__10X_17_grch38:ACCCACTGTATATGAGx,normal,Ctrl,CO14
CO14__10X_17_grch38:ACGCAGCTCGGCTTGGx,normal,Ctrl,CO14
CO14__10X_17_grch38:ACGCCAGAGATATACGx,normal,Ctrl,CO14
CO14__10X_17_grch38:ACGCCGAGTTCAGACTx,normal,Ctrl,CO14
CO14__10X_17_grch38:ACGGAGATCCAAAGTCx,normal,Ctrl,CO14
CO14__10X_17_grch38:ACGGGTCGTTCGCGACx,normal,Ctrl,CO14
CO14__10X_17_grch38:ACTGATGAGCTGATAAx,normal,Ctrl,CO14
CO14__10X_17_grch38:ACTGTCCCAATCCGATx,normal,Ctrl,CO14
CO14__10X_17_grch38:ACTGTCCTCCATGAGTx,normal,Ctrl,CO14
CO14__10X_17_grch38:AGGGAGTGTGCTCTTCx,normal,Ctrl,CO14
CO14__10X_17_grch38:AGTCTTTGTGACTCATx,normal,Ctrl,CO14
CO14__10X_17_grch38:AGTGAGGAGATGTTAGx,normal,Ctrl,CO14
CO14__10X_17_grch38:AGTTGGTCATGGTAGGx,normal,Ctrl,CO14
CO14__10X_17_grch38:ATCATCTAGATAGTCAx,normal,Ctrl,CO14
CO14__10X_17_grch38:ATCATCTGTAGAGGAAx,normal,Ctrl,CO14
CO14__10X_17_grch38:ATGAGGGTCCGCAGTGx,normal,Ctrl,CO14
CO14__10X_17_grch38:ATTACTCAGATCCGAGx,normal,Ctrl,CO14
CO14__10X_17_grch38:ATTATCCCAAGCGAGTx,normal,Ctrl,CO14
CO14__10X_17_grch38:CAAGTTGGTCAAGCGAx,normal,Ctrl,CO14
CO14__10X_17_grch38:CACACCTGTGCGATAGx,normal,Ctrl,CO14
CO14__10X_17_grch38:CACACTCTCCACTGGGx,normal,Ctrl,CO14
CO14__10X_17_grch38:CACCACTAGATGCCAGx,normal,Ctrl,CO14
CO14__10X_17_grch38:CAGAATCCAGTACACTx,normal,Ctrl,CO14
CO14__10X_17_grch38:CAGCGACAGGAGTTGCx,normal,Ctrl,CO14
CO14__10X_17_grch38:CAGCGACCATGCCTTCx,normal,Ctrl,CO14
CO14__10X_17_grch38:CAGGTGCGTCCATCCTx,normal,Ctrl,CO14
CO14__10X_17_grch38:CATATTCGTTAAGTAGx,normal,Ctrl,CO14
CO14__10X_17_grch38:CATCGGGGTAAAGGAGx,normal,Ctrl,CO14
CO14__10X_17_grch38:CATGACACACGGTAGAx,normal,Ctrl,CO14
CO14__10X_17_grch38:CCACGGAAGGACAGAAx,normal,Ctrl,CO14
CO14__10X_17_grch38:CCCATACGTGTGCGTCx,normal,Ctrl,CO14
CO14__10X_17_grch38:CCTACCATCAAACCGTx,normal,Ctrl,CO14
CO14__10X_17_grch38:CCTTTCTAGAATTGTGx,normal,Ctrl,CO14
CO14__10X_17_grch38:CGATGGCAGAATAGGGx,normal,Ctrl,CO14
CO14__10X_17_grch38:CGCTGGATCCCTTGCAx,normal,Ctrl,CO14
CO14__10X_17_grch38:CGGACTGAGGACACCAx,normal,Ctrl,CO14
CO14__10X_17_grch38:CGTCAGGTCCCGACTTx,normal,Ctrl,CO14
CO14__10X_17_grch38:CTAAGACCAGTATGCTx,normal,Ctrl,CO14
CO14__10X_17_grch38:CTAATGGGTGGCTCCAx,normal,Ctrl,CO14
CO14__10X_17_grch38:CTCAGAATCCACTGGGx,normal,Ctrl,CO14
CO14__10X_17_grch38:CTCGAAACAAGGACTGx,normal,Ctrl,CO14
CO14__10X_17_grch38:CTCGGAGTCTGATACGx,normal,Ctrl,CO14
CO14__10X_17_grch38:CTCTGGTCACATCTTTx,normal,Ctrl,CO14
CO14__10X_17_grch38:CTGTTTACAGACAAGCx,normal,Ctrl,CO14
CO14__10X_17_grch38:CTTAACTCAGACAGGTx,normal,Ctrl,CO14
CO14__10X_17_grch38:CTTACCGCATCACGATx,normal,Ctrl,CO14
CO14__10X_17_grch38:CTTGGCTCACAGACTTx,normal,Ctrl,CO14
CO14__10X_17_grch38:CTTTGCGCAATCTACGx,normal,Ctrl,CO14
CO14__10X_17_grch38:GAACCTACAACACGCCx,normal,Ctrl,CO14
CO14__10X_17_grch38:GAACCTATCGTTACAGx,normal,Ctrl,CO14
CO14__10X_17_grch38:GAAGCAGAGGCCCGTTx,normal,Ctrl,CO14
CO14__10X_17_grch38:GATCGATCAATGGACGx,normal,Ctrl,CO14
CO14__10X_17_grch38:GCGAGAATCCTAAGTGx,normal,Ctrl,CO14
CO14__10X_17_grch38:GCTCTGTCAGGTGGATx,normal,Ctrl,CO14
CO14__10X_17_grch38:GCTGCTTAGGGAACGGx,normal,Ctrl,CO14
CO14__10X_17_grch38:GCTGCTTGTTCCACAAx,normal,Ctrl,CO14
CO14__10X_17_grch38:GGATGTTAGGCTATCTx,normal,Ctrl,CO14
CO14__10X_17_grch38:GGATTACTCGTGGGAAx,normal,Ctrl,CO14
CO14__10X_17_grch38:GGCTGGTCAGGGTACAx,normal,Ctrl,CO14
CO14__10X_17_grch38:GGGCATCAGTCAAGCGx,normal,Ctrl,CO14
CO14__10X_17_grch38:GGGTCTGTCGTAGATCx,normal,Ctrl,CO14
CO14__10X_17_grch38:GGTGTTAAGATGGGTCx,normal,Ctrl,CO14
CO14__10X_17_grch38:GTCACAAAGATAGCATx,normal,Ctrl,CO14
CO14__10X_17_grch38:GTGCAGCCAGCCACCAx,normal,Ctrl,CO14
CO14__10X_17_grch38:GTTCTCGGTCTTCTCGx,normal,Ctrl,CO14
CO14__10X_17_grch38:TAAACCGTCGGAATCTx,normal,Ctrl,CO14
CO14__10X_17_grch38:TACACGAAGATTACCCx,normal,Ctrl,CO14
CO14__10X_17_grch38:TACACGATCAACCAACx,normal,Ctrl,CO14
CO14__10X_17_grch38:TACCTTACAGGGTACAx,normal,Ctrl,CO14
CO14__10X_17_grch38:TACGGTAAGGACCACAx,normal,Ctrl,CO14
CO14__10X_17_grch38:TAGTGGTTCTGCGGCAx,normal,Ctrl,CO14
CO14__10X_17_grch38:TATCTCATCTATCCCGx,normal,Ctrl,CO14
CO14__10X_17_grch38:TCACGAACAGCCTATAx,normal,Ctrl,CO14
CO14__10X_17_grch38:TCAGCTCAGGCTCAGAx,normal,Ctrl,CO14
CO14__10X_17_grch38:TCAGCTCGTTCTCATTx,normal,Ctrl,CO14
CO14__10X_17_grch38:TCTCTAAAGTACGTAAx,normal,Ctrl,CO14
CO14__10X_17_grch38:TGCGCAGAGCTCCCAGx,normal,Ctrl,CO14
CO14__10X_17_grch38:TGGGCGTTCCGAATGTx,normal,Ctrl,CO14
CO14__10X_17_grch38:TTCTCAAAGCTTATCGx,normal,Ctrl,CO14
MS242_CA5__10X_17_grch38:ACCAGTATCAGTGTTGx,MS,CA,MS242
MS242_CA2__10X_17_grch38:ACTGAGTCATCACGATx,MS,CA,MS242
MS242_CA2__10X_17_grch38:AGTCTTTTCTGTTTGTx,MS,CA,MS242
MS242_CA2__10X_17_grch38:GAACATCTCTAGAGTCx,MS,CA,MS242
MS242_CA2__10X_17_grch38:GGACATTTCACGACTAx,MS,CA,MS242
MS242_CA2__10X_17_grch38:GTATCTTTCTCGCATCx,MS,CA,MS242
MS242_CA2__10X_17_grch38:GTCCTCAAGTGTCCCGx,MS,CA,MS242
MS242_CA2__10X_17_grch38:TACAGTGTCAACGCTAx,MS,CA,MS242
MS242_CA2__10X_17_grch38:TGTGTTTGTCATATGCx,MS,CA,MS242
MS242_CA2__10X_17_grch38:TTCCCAGTCGCGCCAAx,MS,CA,MS242
MS242_CA2__10X_17_grch38:TTGGCAAGTTACGTCAx,MS,CA,MS242
SD48/16__10X_17_grch38:CAGCAGCCAATTGCTGx,normal,Ctrl,SD48/16
SD48/16__10X_17_grch38:GCACATAAGGCCGAATx,normal,Ctrl,SD48/16
SD48/16__10X_17_grch38:GTTACAGAGCCAGTTTx,normal,Ctrl,SD48/16
SD48/16__10X_17_grch38:TCACAAGGTCTAAAGAx,normal,Ctrl,SD48/16
MS122_NAWM__10X_17_grch38:CGAGCCAAGCGGATCAx,MS,NAWM,MS122
MS122_NAWM__10X_17_grch38:CGGACACAGCTAACAAx,MS,NAWM,MS122
MS122_NAWM__10X_17_grch38:GCATGATAGTAACCCTx,MS,NAWM,MS122
MS122_NAWM__10X_17_grch38:GGCCGATAGTGCGTGAx,MS,NAWM,MS122
MS122_NAWM__10X_17_grch38:GTACTTTCACCCAGTGx,MS,NAWM,MS122
MS122_NAWM__10X_17_grch38:TAAGCGTGTAGGACACx,MS,NAWM,MS122
MS122_NAWM__10X_17_grch38:TACTCATTCGCCCTTAx,MS,NAWM,MS122
MS122_NAWM__10X_17_grch38:TCGCGAGTCTGTCTATx,MS,NAWM,MS122
MS122_NAWM__10X_17_grch38:TGAGAGGCACTGTCGGx,MS,NAWM,MS122
MS122_CI__10X_17_grch38:AACTCAGTCGGATGTTx,MS,CI,MS122
MS122_CI__10X_17_grch38:AACTCCCTCAACTCTTx,MS,CI,MS122
MS122_CI__10X_17_grch38:AACTCCCTCCGTCAAAx,MS,CI,MS122
MS122_CI__10X_17_grch38:AAGGCAGAGTAGGTGCx,MS,CI,MS122
MS122_CI__10X_17_grch38:AAGTCTGCAATCGAAAx,MS,CI,MS122
MS122_CI__10X_17_grch38:ACACTGAGTACACCGCx,MS,CI,MS122
MS122_CI__10X_17_grch38:ACAGCTAAGGCACATGx,MS,CI,MS122
MS122_CI__10X_17_grch38:ACATGGTTCTGATACGx,MS,CI,MS122
MS122_CI__10X_17_grch38:ACCCACTAGGTTCCTAx,MS,CI,MS122
MS122_CI__10X_17_grch38:ACGTCAATCCCAAGTAx,MS,CI,MS122
MS122_CI__10X_17_grch38:ACTATCTTCTTCAACTx,MS,CI,MS122
MS122_CI__10X_17_grch38:AGCAGCCTCATAACCGx,MS,CI,MS122
MS122_CI__10X_17_grch38:AGCATACTCTGTTTGTx,MS,CI,MS122
MS122_CI__10X_17_grch38:AGGGTGATCACCGTAAx,MS,CI,MS122
MS122_CI__10X_17_grch38:AGTAGTCTCTAACCGAx,MS,CI,MS122
MS122_CI__10X_17_grch38:AGTGGGAAGGTGTTAAx,MS,CI,MS122
MS122_CI__10X_17_grch38:AGTTGGTGTCAAAGCGx,MS,CI,MS122
MS122_CI__10X_17_grch38:ATCATGGCAACACCCGx,MS,CI,MS122
MS122_CI__10X_17_grch38:ATCGAGTCAATAAGCAx,MS,CI,MS122
MS122_CI__10X_17_grch38:ATGCGATAGCGGCTTCx,MS,CI,MS122
MS122_CI__10X_17_grch38:ATTATCCTCGGTCTAAx,MS,CI,MS122
MS122_CI__10X_17_grch38:CAGCTGGTCTACTTACx,MS,CI,MS122
MS122_CI__10X_17_grch38:CAGGTGCCATCGATTGx,MS,CI,MS122
MS122_CI__10X_17_grch38:CATGACATCGGCGCTAx,MS,CI,MS122
MS122_CI__10X_17_grch38:CCAGCGACAAGGTGTGx,MS,CI,MS122
MS122_CI__10X_17_grch38:CCAGCGAGTTCCATGAx,MS,CI,MS122
MS122_CI__10X_17_grch38:CCTACCAGTATCACCAx,MS,CI,MS122
MS122_CI__10X_17_grch38:CGATTGAAGGCTCAGAx,MS,CI,MS122
MS122_CI__10X_17_grch38:CGCTATCAGTGGGTTGx,MS,CI,MS122
MS122_CI__10X_17_grch38:CGGACGTAGCTCTCGGx,MS,CI,MS122
MS122_CI__10X_17_grch38:CGGACGTGTACATCCAx,MS,CI,MS122
MS122_CI__10X_17_grch38:CGGAGTCTCGAATGCTx,MS,CI,MS122
MS122_CI__10X_17_grch38:CGTCAGGCAGTTCCCTx,MS,CI,MS122
MS122_CI__10X_17_grch38:CGTTAGAGTATCAGTCx,MS,CI,MS122
MS122_CI__10X_17_grch38:CGTTGGGAGCCCAATTx,MS,CI,MS122
MS122_CI__10X_17_grch38:CTAATGGTCAGTCCCTx,MS,CI,MS122
MS122_CI__10X_17_grch38:CTCATTATCGGTTAACx,MS,CI,MS122
MS122_CI__10X_17_grch38:CTCCTAGGTCCAACTAx,MS,CI,MS122
MS122_CI__10X_17_grch38:CTCGTCATCTAACTCTx,MS,CI,MS122
MS122_CI__10X_17_grch38:CTGCGGAAGCTGCAAGx,MS,CI,MS122
MS122_CI__10X_17_grch38:CTTGGCTGTCCTCCATx,MS,CI,MS122
MS122_CI__10X_17_grch38:GAACATCAGTGGTCCCx,MS,CI,MS122
MS122_CI__10X_17_grch38:GAACATCTCGTAGGAGx,MS,CI,MS122
MS122_CI__10X_17_grch38:GAAGCAGTCTATGTGGx,MS,CI,MS122
MS122_CI__10X_17_grch38:GACCAATCAAGCCGTCx,MS,CI,MS122
MS122_CI__10X_17_grch38:GACGCGTAGCCTCGTGx,MS,CI,MS122
MS122_CI__10X_17_grch38:GACGCGTTCGTTTATCx,MS,CI,MS122
MS122_CI__10X_17_grch38:GATCTAGTCTTGGGTAx,MS,CI,MS122
MS122_CI__10X_17_grch38:GATGAGGCAGCGATCCx,MS,CI,MS122
MS122_CI__10X_17_grch38:GCATACACATGTCTCCx,MS,CI,MS122
MS122_CI__10X_17_grch38:GCCTCTAAGATATGGTx,MS,CI,MS122
MS122_CI__10X_17_grch38:GCTGCTTAGTCTTGCAx,MS,CI,MS122
MS122_CI__10X_17_grch38:GGAAAGCTCCTGCTTGx,MS,CI,MS122
MS122_CI__10X_17_grch38:GGAATAATCCGCAGTGx,MS,CI,MS122
MS122_CI__10X_17_grch38:GGACGTCCAGCTGTATx,MS,CI,MS122
MS122_CI__10X_17_grch38:GGCGACTAGCAGACTGx,MS,CI,MS122
MS122_CI__10X_17_grch38:GGCTGGTCACTACAGTx,MS,CI,MS122
MS122_CI__10X_17_grch38:GGGATGAGTCGACTATx,MS,CI,MS122
MS122_CI__10X_17_grch38:GGTATTGAGCATCATCx,MS,CI,MS122
MS122_CI__10X_17_grch38:GTACTCCTCAACGGGAx,MS,CI,MS122
MS122_CI__10X_17_grch38:GTAGTCAAGTTATCGCx,MS,CI,MS122
MS122_CI__10X_17_grch38:GTCAAGTGTAAATGACx,MS,CI,MS122
MS122_CI__10X_17_grch38:GTCACGGCAATAGCAAx,MS,CI,MS122
MS122_CI__10X_17_grch38:GTCATTTAGACCTAGGx,MS,CI,MS122
MS122_CI__10X_17_grch38:GTCTCGTCATGATCCAx,MS,CI,MS122
MS122_CI__10X_17_grch38:GTCTTCGGTTCGAATCx,MS,CI,MS122
MS122_CI__10X_17_grch38:GTGCTTCCAGCTGTGCx,MS,CI,MS122
MS122_CI__10X_17_grch38:TAAACCGAGCGCTCCAx,MS,CI,MS122
MS122_CI__10X_17_grch38:TACACGACAGATTGCTx,MS,CI,MS122
MS122_CI__10X_17_grch38:TACGGATCAGCTGTTAx,MS,CI,MS122
MS122_CI__10X_17_grch38:TAGCCGGTCTTGACGAx,MS,CI,MS122
MS122_CI__10X_17_grch38:TCGAGGCCAAACCCATx,MS,CI,MS122
MS122_CI__10X_17_grch38:TGACTAGCACGTCAGCx,MS,CI,MS122
MS122_CI__10X_17_grch38:TGCCCATTCGGAGGTAx,MS,CI,MS122
MS122_CI__10X_17_grch38:TGCTGCTGTTTGTTTCx,MS,CI,MS122
MS122_CI__10X_17_grch38:TGGACGCCACAGCCCAx,MS,CI,MS122
MS122_CI__10X_17_grch38:TGGCGCAAGCAACGGTx,MS,CI,MS122
MS122_CI__10X_17_grch38:TGGGCGTTCATCGATGx,MS,CI,MS122
MS122_CI__10X_17_grch38:TGGTTAGGTTCATGGTx,MS,CI,MS122
MS122_CI__10X_17_grch38:TGTGTTTGTTAGTGGGx,MS,CI,MS122
MS122_CI__10X_17_grch38:TGTTCCGGTCACTTCCx,MS,CI,MS122
MS122_CI__10X_17_grch38:TTTGCGCCAGCTGCACx,MS,CI,MS122
MS122_A__10X_17_grch38:AAAGTAGGTGCCTGGTx,MS,A,MS122
MS122_A__10X_17_grch38:AACGTTGGTGAGTGACx,MS,A,MS122
MS122_A__10X_17_grch38:AACTTTCTCTATCCTAx,MS,A,MS122
MS122_A__10X_17_grch38:ACACCGGGTCGCTTTCx,MS,A,MS122
MS122_A__10X_17_grch38:ACCGTAAAGAGACTTAx,MS,A,MS122
MS122_A__10X_17_grch38:ACTGCTCCATTTGCTTx,MS,A,MS122
MS122_A__10X_17_grch38:ACTTACTAGACATAACx,MS,A,MS122
MS122_A__10X_17_grch38:ATGCGATGTAAGGGAAx,MS,A,MS122
MS122_A__10X_17_grch38:CAACCTCTCCCAAGATx,MS,A,MS122
MS122_A__10X_17_grch38:CAAGAAAAGCAATATGx,MS,A,MS122
MS122_A__10X_17_grch38:CACCTTGCACGTCTCTx,MS,A,MS122
MS122_A__10X_17_grch38:CACTCCACAGTCACTAx,MS,A,MS122
MS122_A__10X_17_grch38:CAGATCAGTCAGAGGTx,MS,A,MS122
MS122_A__10X_17_grch38:CAGCAGCCATTTGCTTx,MS,A,MS122
MS122_A__10X_17_grch38:CAGGTGCAGTCAAGGCx,MS,A,MS122
MS122_A__10X_17_grch38:CCGTGGATCCGAGCCAx,MS,A,MS122
MS122_A__10X_17_grch38:CGAATGTAGCGCCTCAx,MS,A,MS122
MS122_A__10X_17_grch38:CGATGGCGTAAGTAGTx,MS,A,MS122
MS122_A__10X_17_grch38:CTCACACAGTACCGGAx,MS,A,MS122
MS122_A__10X_17_grch38:CTCGAGGTCTAGCACAx,MS,A,MS122
MS122_A__10X_17_grch38:CTGGTCTCAGTCAGCCx,MS,A,MS122
MS122_A__10X_17_grch38:GAATGAACACAGGCCTx,MS,A,MS122
MS122_A__10X_17_grch38:GACGTTATCATCGCTCx,MS,A,MS122
MS122_A__10X_17_grch38:GACTACATCTGGTGTAx,MS,A,MS122
MS122_A__10X_17_grch38:GAGCAGACAAGAAGAGx,MS,A,MS122
MS122_A__10X_17_grch38:GAGGTGATCTCAACTTx,MS,A,MS122
MS122_A__10X_17_grch38:GATCTAGCACACGCTGx,MS,A,MS122
MS122_A__10X_17_grch38:GCGGGTTCAAGACGTGx,MS,A,MS122
MS122_A__10X_17_grch38:GCTGCAGAGCATCATCx,MS,A,MS122
MS122_A__10X_17_grch38:GCTGCTTGTGCAACGAx,MS,A,MS122
MS122_A__10X_17_grch38:GGCGACTCATCAGTACx,MS,A,MS122
MS122_A__10X_17_grch38:GGCGACTGTAGCAAATx,MS,A,MS122
MS122_A__10X_17_grch38:GTAACTGCAGGGTACAx,MS,A,MS122
MS122_A__10X_17_grch38:GTACTCCAGCTACCGCx,MS,A,MS122
MS122_A__10X_17_grch38:GTCACGGAGCGTAATAx,MS,A,MS122
MS122_A__10X_17_grch38:GTCTTCGAGACTAAGTx,MS,A,MS122
MS122_A__10X_17_grch38:GTCTTCGTCAAGGCTTx,MS,A,MS122
MS122_A__10X_17_grch38:GTGCAGCCAAAGCAATx,MS,A,MS122
MS122_A__10X_17_grch38:TAAGAGAGTCGTCTTCx,MS,A,MS122
MS122_A__10X_17_grch38:TCTTTCCAGACAAGCCx,MS,A,MS122
MS122_A__10X_17_grch38:TTCGAAGCAATGTAAGx,MS,A,MS122
MS121_NAWM__10X_17_grch38:AGGGAGTCATGCTGGCx,MS,NAWM,MS121
MS121_NAWM__10X_17_grch38:CGTTGGGTCAGCATGTx,MS,NAWM,MS121
MS121_NAWM__10X_17_grch38:TACAGTGAGTTGTAGAx,MS,NAWM,MS121
MS121_A3__10X_17_grch38:AGCATACTCTCGCTTGx,MS,A,MS121
MS121_A3__10X_17_grch38:CATGCCTCATCACGATx,MS,A,MS121
MS121_A3__10X_17_grch38:CCACTACTCACCGTAAx,MS,A,MS121
MS121_A3__10X_17_grch38:GACTAACAGATGGGTCx,MS,A,MS121
MS121_A3__10X_17_grch38:GTCGGGTCACGGTAGAx,MS,A,MS121
MS121_A3__10X_17_grch38:TACTTACGTATAGGGCx,MS,A,MS121
MS121_A3__10X_17_grch38:TGCCCATCATGGGAACx,MS,A,MS121
MS121_A3__10X_17_grch38:TGCTACCGTAGCGTGAx,MS,A,MS121
MS121_CA__10X_17_grch38:AACACGTGTAGAAGGAx,MS,CA,MS121
MS121_CA__10X_17_grch38:ACGCAGCGTATAAACGx,MS,CA,MS121
MS121_CA__10X_17_grch38:ACTTACTCATGCCTAAx,MS,CA,MS121
MS121_CA__10X_17_grch38:AGATTGCAGACGCACAx,MS,CA,MS121
MS121_CA__10X_17_grch38:ATTCTACCAGGCGATAx,MS,CA,MS121
MS121_CA__10X_17_grch38:ATTGGTGAGGCTAGGTx,MS,CA,MS121
MS121_CA__10X_17_grch38:CACACTCCACGCTTTCx,MS,CA,MS121
MS121_CA__10X_17_grch38:CCACTACTCTTTAGGGx,MS,CA,MS121
MS121_CA__10X_17_grch38:CGCTTCACATTACCTTx,MS,CA,MS121
MS121_CA__10X_17_grch38:CGTAGCGGTTAAAGACx,MS,CA,MS121
MS121_CA__10X_17_grch38:CGTCAGGCAATAAGCAx,MS,CA,MS121
MS121_CA__10X_17_grch38:CGTTGGGCATCACGATx,MS,CA,MS121
MS121_CA__10X_17_grch38:CTCGAAATCGTTACGAx,MS,CA,MS121
MS121_CA__10X_17_grch38:CTCGGAGTCGCACTCTx,MS,CA,MS121
MS121_CA__10X_17_grch38:CTTTGCGCATAGACTCx,MS,CA,MS121
MS121_CA__10X_17_grch38:GTGAAGGTCTCATTCAx,MS,CA,MS121
MS121_CA__10X_17_grch38:GTGTGCGGTTCCATGAx,MS,CA,MS121
MS121_CA__10X_17_grch38:GTTAAGCTCCTCAATTx,MS,CA,MS121
MS121_CA__10X_17_grch38:TGAAAGAGTAAGAGGAx,MS,CA,MS121
MS121_CA__10X_17_grch38:TGCCCATAGCAGACTGx,MS,CA,MS121
MS121_CA__10X_17_grch38:TGCGGGTTCCGTCAAAx,MS,CA,MS121
MS121_CA__10X_17_grch38:TGGCTGGCATCCTTGCx,MS,CA,MS121
MS121_CA__10X_17_grch38:TTAACTCTCCTCGCATx,MS,CA,MS121
MS121_CA__10X_17_grch38:TTCGGTCGTTATGCGTx,MS,CA,MS121
MS121_CA__10X_17_grch38:TTGCCGTAGTCCGGTCx,MS,CA,MS121
MS242_CA2__10X_17_grch38:AGATTGCAGGCTAGCAx,MS,CA,MS242
CO25__10X_17_grch38:TGCCCATTCTCACATTx,normal,Ctrl,CO25
MS176_NAWM__10X_17_grch38:ACACCCTGTGTGACGAx,MS,NAWM,MS176
MS176_NAWM__10X_17_grch38:AGGGTGACAATAGCAAx,MS,NAWM,MS176
MS176_NAWM__10X_17_grch38:ATGTGTGAGTGAACATx,MS,NAWM,MS176
MS176_NAWM__10X_17_grch38:CAAGAAAGTCAGATAAx,MS,NAWM,MS176
MS176_NAWM__10X_17_grch38:CAGTCCTGTTAAAGACx,MS,NAWM,MS176
MS176_NAWM__10X_17_grch38:CATTCGCTCAGCTTAGx,MS,NAWM,MS176
MS176_NAWM__10X_17_grch38:CCACTACAGGATATACx,MS,NAWM,MS176
MS176_NAWM__10X_17_grch38:GACACGCCATGGTCTAx,MS,NAWM,MS176
MS176_NAWM__10X_17_grch38:GACCTGGAGTCAAGCGx,MS,NAWM,MS176
MS176_NAWM__10X_17_grch38:GACTAACGTAGCACGAx,MS,NAWM,MS176
MS176_NAWM__10X_17_grch38:GGCTGGTTCCTTTACAx,MS,NAWM,MS176
MS176_NAWM__10X_17_grch38:TCGTAGACACTAAGTCx,MS,NAWM,MS176
MS176_NAWM__10X_17_grch38:TGCCCATGTATTCTCTx,MS,NAWM,MS176
MS176_NAWM__10X_17_grch38:TTTGGTTGTTTCCACCx,MS,NAWM,MS176
MS176_RM__10X_17_grch38:AACTTTCCAACACGCCx,MS,RM,MS176
MS176_RM__10X_17_grch38:CAGAATCGTCAACTGTx,MS,RM,MS176
MS176_RM__10X_17_grch38:CGTCAGGCAGCGATCCx,MS,RM,MS176
MS176_RM__10X_17_grch38:CTAATGGTCTTGCATTx,MS,RM,MS176
MS176_RM__10X_17_grch38:CTAGTGACAAGGCTCCx,MS,RM,MS176
MS176_RM__10X_17_grch38:GAAGCAGTCACTCCTGx,MS,RM,MS176
MS176_RM__10X_17_grch38:GCAATCAGTCTCCCTAx,MS,RM,MS176
MS176_RM__10X_17_grch38:GGCAATTGTAAGGATTx,MS,RM,MS176
MS176_RM__10X_17_grch38:GGTGAAGGTGTGGTTTx,MS,RM,MS176
MS176_RM__10X_17_grch38:GTCGTAAAGAATAGGGx,MS,RM,MS176
MS176_CA__10X_17_grch38:AAATGCCAGAACTGTAx,MS,CA,MS176
MS176_CA__10X_17_grch38:ATAACGCGTCCGTTAAx,MS,CA,MS176
MS176_CA__10X_17_grch38:CCTACCAGTCTCATCCx,MS,CA,MS176
MS176_CA__10X_17_grch38:CGATGGCGTTAAGGGCx,MS,CA,MS176
MS176_CA__10X_17_grch38:GATCGCGTCCAGAGGAx,MS,CA,MS176
MS176_CA__10X_17_grch38:GATGCTATCTGGCGTGx,MS,CA,MS176
MS176_CA__10X_17_grch38:GATTCAGGTCCAACTAx,MS,CA,MS176
MS176_CA__10X_17_grch38:GTGAAGGGTACATGTCx,MS,CA,MS176
CO39__10X_17_grch38:ACCGTAACAACTGCGCx,normal,Ctrl,CO39
CO39__10X_17_grch38:CATCAGAAGTGTTTGCx,normal,Ctrl,CO39
CO39__10X_17_grch38:CGCTATCGTGCCTTGGx,normal,Ctrl,CO39
CO39__10X_17_grch38:CTGAAACTCTTGACGAx,normal,Ctrl,CO39
CO39__10X_17_grch38:GTGCAGCGTATTACCGx,normal,Ctrl,CO39
CO39__10X_17_grch38:TAAGAGACAATGCCATx,normal,Ctrl,CO39
CO14__10X_17_grch38:AAAGTAGTCAAGGCTTx,normal,Ctrl,CO14
CO14__10X_17_grch38:AACGTTGAGAATAGGGx,normal,Ctrl,CO14
CO14__10X_17_grch38:CACAAACAGAGAGCTCx,normal,Ctrl,CO14
CO14__10X_17_grch38:CCGTACTTCGGCGGTTx,normal,Ctrl,CO14
CO14__10X_17_grch38:CGCCAAGTCGGTTAACx,normal,Ctrl,CO14
CO14__10X_17_grch38:CGTTAGAAGGCTAGCAx,normal,Ctrl,CO14
CO14__10X_17_grch38:CTGAAACGTCTAGTCAx,normal,Ctrl,CO14
CO14__10X_17_grch38:CTTCTCTCAAAGTGCGx,normal,Ctrl,CO14
CO14__10X_17_grch38:GACGCGTTCCCACTTGx,normal,Ctrl,CO14
CO14__10X_17_grch38:GGCCGATGTGTTTGTGx,normal,Ctrl,CO14
CO14__10X_17_grch38:GTCCTCAAGAGGTTGCx,normal,Ctrl,CO14
CO14__10X_17_grch38:TCATTTGTCCAGGGCTx,normal,Ctrl,CO14
CO14__10X_17_grch38:TGATTTCCACAACGCCx,normal,Ctrl,CO14
CO14__10X_17_grch38:TTTACTGGTTTGTTTCx,normal,Ctrl,CO14
SD48/16__10X_17_grch38:GATCGATAGCGTAATAx,normal,Ctrl,SD48/16
MS122_NAWM__10X_17_grch38:AGCCTAATCGTCGTTCx,MS,NAWM,MS122
MS122_NAWM__10X_17_grch38:CATCGAAGTCGCCATGx,MS,NAWM,MS122
MS122_NAWM__10X_17_grch38:CGCCAAGAGGAATCGCx,MS,NAWM,MS122
MS122_NAWM__10X_17_grch38:CGTGAGCGTTGAACTCx,MS,NAWM,MS122
MS122_NAWM__10X_17_grch38:CGTGTAATCTGATACGx,MS,NAWM,MS122
MS122_CI__10X_17_grch38:AAGACCTGTAGCTCCGx,MS,CI,MS122
MS122_CI__10X_17_grch38:CAACTAGTCAGTACGTx,MS,CI,MS122
MS122_CI__10X_17_grch38:CACACAACACGGTGTCx,MS,CI,MS122
MS122_CI__10X_17_grch38:CACATAGGTCGGATCCx,MS,CI,MS122
MS122_CI__10X_17_grch38:CCACGGATCAGCGATTx,MS,CI,MS122
MS122_CI__10X_17_grch38:CGGACACAGAAACCATx,MS,CI,MS122
MS122_CI__10X_17_grch38:GACACGCTCATGGTCAx,MS,CI,MS122
MS122_CI__10X_17_grch38:GACTACATCGGACAAGx,MS,CI,MS122
MS122_CI__10X_17_grch38:GGGCACTCATGGAATAx,MS,CI,MS122
MS122_CI__10X_17_grch38:GTACTTTTCGGCTTGGx,MS,CI,MS122
MS122_CI__10X_17_grch38:GTGTGCGAGGTGATTAx,MS,CI,MS122
MS122_CI__10X_17_grch38:TCAGGATTCCGCTGTTx,MS,CI,MS122
MS122_CI__10X_17_grch38:TGCGCAGAGAAACCGCx,MS,CI,MS122
MS122_A__10X_17_grch38:AACCGCGTCTGCGTAAx,MS,A,MS122
MS122_A__10X_17_grch38:ATCTACTCATGCAATCx,MS,A,MS122
MS122_A__10X_17_grch38:CATCAGAGTCCTCCATx,MS,A,MS122
MS122_A__10X_17_grch38:CATCCACCAGATAATGx,MS,A,MS122
MS122_A__10X_17_grch38:CCATTCGTCTGAGGGAx,MS,A,MS122
MS122_A__10X_17_grch38:CCGGGATGTAAAGGAGx,MS,A,MS122
MS122_A__10X_17_grch38:CGTCTACGTACCTACAx,MS,A,MS122
MS122_A__10X_17_grch38:CGTTGGGAGGCAGTCAx,MS,A,MS122
MS122_A__10X_17_grch38:CTTAACTTCTGCAGTAx,MS,A,MS122
MS122_A__10X_17_grch38:GACGCGTTCCACGTGGx,MS,A,MS122
MS122_A__10X_17_grch38:GGTGAAGTCTCAAACGx,MS,A,MS122
MS122_A__10X_17_grch38:GGTGCGTGTTCCCGAGx,MS,A,MS122
MS122_A__10X_17_grch38:GTGTTAGCAATAGAGTx,MS,A,MS122
MS121_NAWM__10X_17_grch38:ATCTGCCAGGGATGGGx,MS,NAWM,MS121
MS121_A3__10X_17_grch38:ACTGAACCAATGGAATx,MS,A,MS121
MS121_A2__10X_17_grch38:CCACTACAGCTAGGCAx,MS,A,MS121
MS121_CA__10X_17_grch38:ACAGCTACACACATGTx,MS,CA,MS121
MS176_NAWM__10X_17_grch38:AAAGATGCATTTGCCCx,MS,NAWM,MS176
MS176_NAWM__10X_17_grch38:AACGTTGTCACGCGGTx,MS,NAWM,MS176
MS176_NAWM__10X_17_grch38:AACTCCCTCGAACGGAx,MS,NAWM,MS176
MS176_NAWM__10X_17_grch38:AAGCCGCAGAAACCTAx,MS,NAWM,MS176
MS176_NAWM__10X_17_grch38:ACACCAAAGTGTGAATx,MS,NAWM,MS176
MS176_NAWM__10X_17_grch38:ACACCGGGTGAGTGACx,MS,NAWM,MS176
MS176_NAWM__10X_17_grch38:ACAGCCGAGCCCTAATx,MS,NAWM,MS176
MS176_NAWM__10X_17_grch38:ACCGTAAGTCGCGAAAx,MS,NAWM,MS176
MS176_NAWM__10X_17_grch38:ACGAGGACATACGCCGx,MS,NAWM,MS176
MS176_NAWM__10X_17_grch38:ACGAGGATCTTACCTAx,MS,NAWM,MS176
MS176_NAWM__10X_17_grch38:ACGCAGCTCCAGGGCTx,MS,NAWM,MS176
MS176_NAWM__10X_17_grch38:ACGCCGATCTGATACGx,MS,NAWM,MS176
MS176_NAWM__10X_17_grch38:ACGGGCTCAAAGTGCGx,MS,NAWM,MS176
MS176_NAWM__10X_17_grch38:ACGGGTCGTACTCTCCx,MS,NAWM,MS176
MS176_NAWM__10X_17_grch38:ACGTCAATCACCCTCAx,MS,NAWM,MS176
MS176_NAWM__10X_17_grch38:ACTGATGTCACCTCGTx,MS,NAWM,MS176
MS176_NAWM__10X_17_grch38:ACTTACTAGCGCTTATx,MS,NAWM,MS176
MS176_NAWM__10X_17_grch38:AGAGCGAAGTATCGAAx,MS,NAWM,MS176
MS176_NAWM__10X_17_grch38:AGCCTAAAGACACGACx,MS,NAWM,MS176
MS176_NAWM__10X_17_grch38:AGCTCTCTCATTGCCCx,MS,NAWM,MS176
MS176_NAWM__10X_17_grch38:AGCTTGAGTAGAAGGAx,MS,NAWM,MS176
MS176_NAWM__10X_17_grch38:AGGCCACGTCTGGAGAx,MS,NAWM,MS176
MS176_NAWM__10X_17_grch38:AGGCCACGTGTATGGGx,MS,NAWM,MS176
MS176_NAWM__10X_17_grch38:AGGGAGTGTAACGTTCx,MS,NAWM,MS176
MS176_NAWM__10X_17_grch38:AGGTCATAGGACCACAx,MS,NAWM,MS176
MS176_NAWM__10X_17_grch38:ATAAGAGAGGGATACCx,MS,NAWM,MS176
MS176_NAWM__10X_17_grch38:ATAGACCGTCGAATCTx,MS,NAWM,MS176
MS176_NAWM__10X_17_grch38:ATAGACCTCCGCGCAAx,MS,NAWM,MS176
MS176_NAWM__10X_17_grch38:ATCACGAGTACACCGCx,MS,NAWM,MS176
MS176_NAWM__10X_17_grch38:ATCACGAGTCCAGTATx,MS,NAWM,MS176
MS176_NAWM__10X_17_grch38:ATGTGTGCAACGATCTx,MS,NAWM,MS176
MS176_NAWM__10X_17_grch38:CAACCAATCACCACCTx,MS,NAWM,MS176
MS176_NAWM__10X_17_grch38:CAACCAATCCTGCCATx,MS,NAWM,MS176
MS176_NAWM__10X_17_grch38:CAGAATCTCGTCACGGx,MS,NAWM,MS176
MS176_NAWM__10X_17_grch38:CAGCAGCAGTACGACGx,MS,NAWM,MS176
MS176_NAWM__10X_17_grch38:CATGACAGTGTGTGCCx,MS,NAWM,MS176
MS176_NAWM__10X_17_grch38:CCACGGACATACGCCGx,MS,NAWM,MS176
MS176_NAWM__10X_17_grch38:CCCAGTTTCGAGAGCAx,MS,NAWM,MS176
MS176_NAWM__10X_17_grch38:CCCTCCTAGGTAGCTGx,MS,NAWM,MS176
MS176_NAWM__10X_17_grch38:CCGGGATAGTGTACTCx,MS,NAWM,MS176
MS176_NAWM__10X_17_grch38:CCGGGATGTTTACTCTx,MS,NAWM,MS176
MS176_NAWM__10X_17_grch38:CCGTACTCACCACCAGx,MS,NAWM,MS176
MS176_NAWM__10X_17_grch38:CCGTGGACATAAGACAx,MS,NAWM,MS176
MS176_NAWM__10X_17_grch38:CCGTTCAGTGACCAAGx,MS,NAWM,MS176
MS176_NAWM__10X_17_grch38:CCTACACGTCTCCACTx,MS,NAWM,MS176
MS176_NAWM__10X_17_grch38:CCTCTGAAGAGGTTATx,MS,NAWM,MS176
MS176_NAWM__10X_17_grch38:CGAGAAGCAGCTGTGCx,MS,NAWM,MS176
MS176_NAWM__10X_17_grch38:CGAGCCAAGCCACCTGx,MS,NAWM,MS176
MS176_NAWM__10X_17_grch38:CGAGCCATCTTGCAAGx,MS,NAWM,MS176
MS176_NAWM__10X_17_grch38:CGATGTAGTGTCAATCx,MS,NAWM,MS176
MS176_NAWM__10X_17_grch38:CGCTATCGTACGCTGCx,MS,NAWM,MS176
MS176_NAWM__10X_17_grch38:CGCTGGACACAGGTTTx,MS,NAWM,MS176
MS176_NAWM__10X_17_grch38:CGGACGTCACTTCTGCx,MS,NAWM,MS176
MS176_NAWM__10X_17_grch38:CGGCTAGGTTACAGAAx,MS,NAWM,MS176
MS176_NAWM__10X_17_grch38:CGGTTAACATGTAGTCx,MS,NAWM,MS176
MS176_NAWM__10X_17_grch38:CGTAGGCGTCTCGTTCx,MS,NAWM,MS176
MS176_NAWM__10X_17_grch38:CGTTCTGAGTGGGCTAx,MS,NAWM,MS176
MS176_NAWM__10X_17_grch38:CTAATGGTCTGACCTCx,MS,NAWM,MS176
MS176_NAWM__10X_17_grch38:CTACGTCCACGAGAGTx,MS,NAWM,MS176
MS176_NAWM__10X_17_grch38:CTAGCCTAGTAGCCGAx,MS,NAWM,MS176
MS176_NAWM__10X_17_grch38:CTCCTAGCAAATTGCCx,MS,NAWM,MS176
MS176_NAWM__10X_17_grch38:CTCGAGGTCAAGGTAAx,MS,NAWM,MS176
MS176_NAWM__10X_17_grch38:CTCGTACGTAGTGAATx,MS,NAWM,MS176
MS176_NAWM__10X_17_grch38:CTGATCCAGATCCCGCx,MS,NAWM,MS176
MS176_NAWM__10X_17_grch38:CTGATCCCAAAGCAATx,MS,NAWM,MS176
MS176_NAWM__10X_17_grch38:CTGCCTAGTCATATCGx,MS,NAWM,MS176
MS176_NAWM__10X_17_grch38:CTGCGGATCTCGTTTAx,MS,NAWM,MS176
MS176_NAWM__10X_17_grch38:CTGGTCTCAAGTACCTx,MS,NAWM,MS176
MS176_NAWM__10X_17_grch38:CTGGTCTCAGAGTGTGx,MS,NAWM,MS176
MS176_NAWM__10X_17_grch38:CTGTGCTGTAATAGCAx,MS,NAWM,MS176
MS176_NAWM__10X_17_grch38:CTGTGCTGTTACGACTx,MS,NAWM,MS176
MS176_NAWM__10X_17_grch38:CTTAGGAAGAATCTCCx,MS,NAWM,MS176
MS176_NAWM__10X_17_grch38:CTTCTCTAGCCCTAATx,MS,NAWM,MS176
MS176_NAWM__10X_17_grch38:GAAATGAGTTCTGAACx,MS,NAWM,MS176
MS176_NAWM__10X_17_grch38:GAAATGATCTGTTGAGx,MS,NAWM,MS176
MS176_NAWM__10X_17_grch38:GACCTGGGTTGTGGAGx,MS,NAWM,MS176
MS176_NAWM__10X_17_grch38:GACGCGTAGCAGCCTCx,MS,NAWM,MS176
MS176_NAWM__10X_17_grch38:GACGGCTAGAATGTGTx,MS,NAWM,MS176
MS176_NAWM__10X_17_grch38:GACGTTAAGCTGCCCAx,MS,NAWM,MS176
MS176_NAWM__10X_17_grch38:GAGTCCGTCAACCAACx,MS,NAWM,MS176
MS176_NAWM__10X_17_grch38:GAGTCCGTCTGCTGCTx,MS,NAWM,MS176
MS176_NAWM__10X_17_grch38:GATCAGTCACCATGTAx,MS,NAWM,MS176
MS176_NAWM__10X_17_grch38:GATCGTAAGCCTATGTx,MS,NAWM,MS176
MS176_NAWM__10X_17_grch38:GATCGTACAAGGGTCAx,MS,NAWM,MS176
MS176_NAWM__10X_17_grch38:GATCGTAGTCAGTGGAx,MS,NAWM,MS176
MS176_NAWM__10X_17_grch38:GATCTAGCAAGACGTGx,MS,NAWM,MS176
MS176_NAWM__10X_17_grch38:GATGAAATCACCGTAAx,MS,NAWM,MS176
MS176_NAWM__10X_17_grch38:GCACATATCCAGAAGGx,MS,NAWM,MS176
MS176_NAWM__10X_17_grch38:GCATGCGTCACATGCAx,MS,NAWM,MS176
MS176_NAWM__10X_17_grch38:GCATGTACAGGGATTGx,MS,NAWM,MS176
MS176_NAWM__10X_17_grch38:GCGACCACATCGATGTx,MS,NAWM,MS176
MS176_NAWM__10X_17_grch38:GCGAGAACACGGTAGAx,MS,NAWM,MS176
MS176_NAWM__10X_17_grch38:GGACAAGGTGCAGGTAx,MS,NAWM,MS176
MS176_NAWM__10X_17_grch38:GGACAGATCATCGATGx,MS,NAWM,MS176
MS176_NAWM__10X_17_grch38:GTACTCCCACCAGGCTx,MS,NAWM,MS176
MS176_NAWM__10X_17_grch38:GTCATTTAGCCCAGCTx,MS,NAWM,MS176
MS176_NAWM__10X_17_grch38:GTCATTTCATGATCCAx,MS,NAWM,MS176
MS176_NAWM__10X_17_grch38:GTCGGGTAGTGTCTCAx,MS,NAWM,MS176
MS176_NAWM__10X_17_grch38:GTCGTAACAACACCCGx,MS,NAWM,MS176
MS176_NAWM__10X_17_grch38:GTCTCGTAGTTGTCGTx,MS,NAWM,MS176
MS176_NAWM__10X_17_grch38:GTTCTCGCATACTACGx,MS,NAWM,MS176
MS176_NAWM__10X_17_grch38:TACTCATCACCAGATTx,MS,NAWM,MS176
MS176_NAWM__10X_17_grch38:TATCAGGAGGTCATCTx,MS,NAWM,MS176
MS176_NAWM__10X_17_grch38:TATCAGGCAAGCCCACx,MS,NAWM,MS176
MS176_NAWM__10X_17_grch38:TCAATCTAGTGGAGAAx,MS,NAWM,MS176
MS176_NAWM__10X_17_grch38:TCAGATGAGTACGATAx,MS,NAWM,MS176
MS176_NAWM__10X_17_grch38:TCAGCAACAGAAGCACx,MS,NAWM,MS176
MS176_NAWM__10X_17_grch38:TCAGCAATCGAGAACGx,MS,NAWM,MS176
MS176_NAWM__10X_17_grch38:TCATTTGTCCCTAATTx,MS,NAWM,MS176
MS176_NAWM__10X_17_grch38:TCGAGGCAGGATATACx,MS,NAWM,MS176
MS176_NAWM__10X_17_grch38:TCGAGGCCATCACGTAx,MS,NAWM,MS176
MS176_NAWM__10X_17_grch38:TCGAGGCTCTATCCCGx,MS,NAWM,MS176
MS176_NAWM__10X_17_grch38:TCGTACCGTCATGCCGx,MS,NAWM,MS176
MS176_NAWM__10X_17_grch38:TCGTAGACAAGTTGTCx,MS,NAWM,MS176
MS176_NAWM__10X_17_grch38:TGACAACGTGTAATGAx,MS,NAWM,MS176
MS176_NAWM__10X_17_grch38:TGAGAGGAGCCTATGTx,MS,NAWM,MS176
MS176_NAWM__10X_17_grch38:TGCCAAACAAGTTAAGx,MS,NAWM,MS176
MS176_NAWM__10X_17_grch38:TGCCCTAAGAATTGTGx,MS,NAWM,MS176
MS176_NAWM__10X_17_grch38:TGGACGCCAAAGAATCx,MS,NAWM,MS176
MS176_NAWM__10X_17_grch38:TGGCGCAAGATCCGAGx,MS,NAWM,MS176
MS176_NAWM__10X_17_grch38:TGGCTGGCACGAAAGCx,MS,NAWM,MS176
MS176_NAWM__10X_17_grch38:TGGGCGTTCGGATGGAx,MS,NAWM,MS176
MS176_NAWM__10X_17_grch38:TTAGTTCTCAGGCGAAx,MS,NAWM,MS176
MS176_NAWM__10X_17_grch38:TTCGGTCGTCGCTTCTx,MS,NAWM,MS176
MS176_NAWM__10X_17_grch38:TTCTCCTGTTCCGGCAx,MS,NAWM,MS176
MS176_NAWM__10X_17_grch38:TTTATGCCAACACCCGx,MS,NAWM,MS176
MS176_NAWM__10X_17_grch38:TTTGTCAGTTGGAGGTx,MS,NAWM,MS176
MS176_NAWM__10X_17_grch38:TTTGTCATCATTATCCx,MS,NAWM,MS176
MS176_RM__10X_17_grch38:AACTGGTCATTACCTTx,MS,RM,MS176
MS176_RM__10X_17_grch38:ACATCAGAGCCCAATTx,MS,RM,MS176
MS176_RM__10X_17_grch38:ACCAGTATCCGCAAGCx,MS,RM,MS176
MS176_RM__10X_17_grch38:ACCCACTAGCCAGTTTx,MS,RM,MS176
MS176_RM__10X_17_grch38:ACGAGCCAGGGATGGGx,MS,RM,MS176
MS176_RM__10X_17_grch38:ACGATACCAGCTTAACx,MS,RM,MS176
MS176_RM__10X_17_grch38:ACGCCGAAGCGTCAAGx,MS,RM,MS176
MS176_RM__10X_17_grch38:ACGGGTCAGACGCACAx,MS,RM,MS176
MS176_RM__10X_17_grch38:ACTATCTAGGAGCGAGx,MS,RM,MS176
MS176_RM__10X_17_grch38:AGAGCGAAGAGTGACCx,MS,RM,MS176
MS176_RM__10X_17_grch38:AGAGCTTTCCGCAAGCx,MS,RM,MS176
MS176_RM__10X_17_grch38:AGCATACAGCCCAATTx,MS,RM,MS176
MS176_RM__10X_17_grch38:AGGTCATAGTACGCCCx,MS,RM,MS176
MS176_RM__10X_17_grch38:ATCCGAACAGCCAGAAx,MS,RM,MS176
MS176_RM__10X_17_grch38:ATTACTCAGTTAAGTGx,MS,RM,MS176
MS176_RM__10X_17_grch38:ATTGGACAGCGTTCCGx,MS,RM,MS176
MS176_RM__10X_17_grch38:ATTTCTGGTGAGCGATx,MS,RM,MS176
MS176_RM__10X_17_grch38:CAAGATCCAAATACAGx,MS,RM,MS176
MS176_RM__10X_17_grch38:CACACTCTCAGCGACCx,MS,RM,MS176
MS176_RM__10X_17_grch38:CACATAGCAGGTCCACx,MS,RM,MS176
MS176_RM__10X_17_grch38:CAGCCGACACTGTGTAx,MS,RM,MS176
MS176_RM__10X_17_grch38:CATCCACGTGAACCTTx,MS,RM,MS176
MS176_RM__10X_17_grch38:CCCAGTTCACCAGGTCx,MS,RM,MS176
MS176_RM__10X_17_grch38:CCGGGATTCTTGTTTGx,MS,RM,MS176
MS176_RM__10X_17_grch38:CCTTCCCCACCGAATTx,MS,RM,MS176
MS176_RM__10X_17_grch38:CGATGTAAGTAGTGCGx,MS,RM,MS176
MS176_RM__10X_17_grch38:CGCTATCCAACGATGGx,MS,RM,MS176
MS176_RM__10X_17_grch38:CGGAGTCAGTTAGCGGx,MS,RM,MS176
MS176_RM__10X_17_grch38:CGTAGCGTCCGCAAGCx,MS,RM,MS176
MS176_RM__10X_17_grch38:CGTGTAAGTCTAAACCx,MS,RM,MS176
MS176_RM__10X_17_grch38:CGTGTCTGTTATGCGTx,MS,RM,MS176
MS176_RM__10X_17_grch38:CTACACCTCGGATGTTx,MS,RM,MS176
MS176_RM__10X_17_grch38:CTACGTCGTCTCACCTx,MS,RM,MS176
MS176_RM__10X_17_grch38:CTCGAGGCACGTCTCTx,MS,RM,MS176
MS176_RM__10X_17_grch38:CTCGTACCATGTTGACx,MS,RM,MS176
MS176_RM__10X_17_grch38:CTCGTACTCATGTCTTx,MS,RM,MS176
MS176_RM__10X_17_grch38:CTGCGGAAGAACTCGGx,MS,RM,MS176
MS176_RM__10X_17_grch38:CTGTGCTCAGTCACTAx,MS,RM,MS176
MS176_RM__10X_17_grch38:CTGTGCTGTCAGATAAx,MS,RM,MS176
MS176_RM__10X_17_grch38:CTGTGCTTCTCATTCAx,MS,RM,MS176
MS176_RM__10X_17_grch38:CTTCTCTTCGGCGCATx,MS,RM,MS176
MS176_RM__10X_17_grch38:GAACCTACATGCTGGCx,MS,RM,MS176
MS176_RM__10X_17_grch38:GAAGCAGTCAGAGGTGx,MS,RM,MS176
MS176_RM__10X_17_grch38:GACTAACCACGTCTCTx,MS,RM,MS176
MS176_RM__10X_17_grch38:GAGCAGAGTTCTCATTx,MS,RM,MS176
MS176_RM__10X_17_grch38:GCGAGAATCGCCGTGAx,MS,RM,MS176
MS176_RM__10X_17_grch38:GCTGCAGGTCTTTCATx,MS,RM,MS176
MS176_RM__10X_17_grch38:GGAGCAATCTTTACGTx,MS,RM,MS176
MS176_RM__10X_17_grch38:GGGTTGCCAAGGACTGx,MS,RM,MS176
MS176_RM__10X_17_grch38:GGTGTTATCGCTGATAx,MS,RM,MS176
MS176_RM__10X_17_grch38:GTACGTATCCCTAACCx,MS,RM,MS176
MS176_RM__10X_17_grch38:GTACTCCCACCAACCGx,MS,RM,MS176
MS176_RM__10X_17_grch38:GTAGTCAGTGTTGAGGx,MS,RM,MS176
MS176_RM__10X_17_grch38:GTATCTTCACCTCGTTx,MS,RM,MS176
MS176_RM__10X_17_grch38:GTCATTTCACGAAATAx,MS,RM,MS176
MS176_RM__10X_17_grch38:GTCATTTTCGATAGAAx,MS,RM,MS176
MS176_RM__10X_17_grch38:GTGAAGGAGCACAGGTx,MS,RM,MS176
MS176_RM__10X_17_grch38:GTGTGCGAGAATTGTGx,MS,RM,MS176
MS176_RM__10X_17_grch38:GTTCATTAGGACGAAAx,MS,RM,MS176
MS176_RM__10X_17_grch38:GTTCGGGTCGGCTACGx,MS,RM,MS176
MS176_RM__10X_17_grch38:TACAGTGGTCTGCAATx,MS,RM,MS176
MS176_RM__10X_17_grch38:TACTTGTCATCGGACCx,MS,RM,MS176
MS176_RM__10X_17_grch38:TCACAAGGTGCTGTATx,MS,RM,MS176
MS176_RM__10X_17_grch38:TCAGCAATCACCCGAGx,MS,RM,MS176
MS176_RM__10X_17_grch38:TCCCGATGTGTGAAATx,MS,RM,MS176
MS176_RM__10X_17_grch38:TCGCGAGTCGCAAGCCx,MS,RM,MS176
MS176_RM__10X_17_grch38:TCGCGTTGTGGTCTCGx,MS,RM,MS176
MS176_RM__10X_17_grch38:TCGGGACGTATAAACGx,MS,RM,MS176
MS176_RM__10X_17_grch38:TGACAACTCTGTCTATx,MS,RM,MS176
MS176_RM__10X_17_grch38:TGAGCATTCTTGACGAx,MS,RM,MS176
MS176_RM__10X_17_grch38:TGAGCCGCAAGTTCTGx,MS,RM,MS176
MS176_RM__10X_17_grch38:TGGCGCAGTAAGGATTx,MS,RM,MS176
MS176_RM__10X_17_grch38:TGGTTCCCACACTGCGx,MS,RM,MS176
MS176_RM__10X_17_grch38:TTAACTCAGTCCGGTCx,MS,RM,MS176
MS176_RM__10X_17_grch38:TTAGTTCCACTGAAGGx,MS,RM,MS176
MS176_RM__10X_17_grch38:TTGCCGTAGACAGACCx,MS,RM,MS176
MS176_RM__10X_17_grch38:TTGCCGTCATAGGATAx,MS,RM,MS176
MS176_CI__10X_17_056_roche_grch38_4:AAATGCCGTTTAGGAAx,MS,CI,MS176
MS176_CI__10X_17_056_roche_grch38_4:AACTCAGGTGTAATGAx,MS,CI,MS176
MS176_CI__10X_17_056_roche_grch38_4:ACGGAGAAGTCGTACTx,MS,CI,MS176
MS176_CI__10X_17_056_roche_grch38_4:CACTCCACAATAGAGTx,MS,CI,MS176
MS176_CI__10X_17_056_roche_grch38_4:CGGTTAACAGTCTTCCx,MS,CI,MS176
MS176_CI__10X_17_056_roche_grch38_4:CGTTAGAAGTAACCCTx,MS,CI,MS176
MS176_CI__10X_17_056_roche_grch38_4:CTAGTGAAGAGACTATx,MS,CI,MS176
MS176_CI__10X_17_056_roche_grch38_4:GGGACCTTCCATTCTAx,MS,CI,MS176
MS176_CA__10X_17_grch38:AACTCTTCAGATTGCTx,MS,CA,MS176
MS176_CA__10X_17_grch38:AAGGCAGCAAGTTCTGx,MS,CA,MS176
MS176_CA__10X_17_grch38:ACGGAGACATGCCTTCx,MS,CA,MS176
MS176_CA__10X_17_grch38:AGACGTTGTGGTCCGTx,MS,CA,MS176
MS176_CA__10X_17_grch38:AGATTGCCAGATCGGAx,MS,CA,MS176
MS176_CA__10X_17_grch38:AGGGTGAGTGTGGCTCx,MS,CA,MS176
MS176_CA__10X_17_grch38:AGGGTGAGTTGTACACx,MS,CA,MS176
MS176_CA__10X_17_grch38:AGTTGGTTCTGCGGCAx,MS,CA,MS176
MS176_CA__10X_17_grch38:ATGAGGGCATGCCTAAx,MS,CA,MS176
MS176_CA__10X_17_grch38:CGATTGACAATGACCTx,MS,CA,MS176
MS176_CA__10X_17_grch38:CGTCTACCATTTGCTTx,MS,CA,MS176
MS176_CA__10X_17_grch38:CGTTAGATCTTGTTTGx,MS,CA,MS176
MS176_CA__10X_17_grch38:CTACCCACATACCATGx,MS,CA,MS176
MS176_CA__10X_17_grch38:CTCTAATAGAGTACATx,MS,CA,MS176
MS176_CA__10X_17_grch38:CTTTGCGTCCCAAGTAx,MS,CA,MS176
MS176_CA__10X_17_grch38:GAAATGATCCACTGGGx,MS,CA,MS176
MS176_CA__10X_17_grch38:GAACGGAAGTTCGCGCx,MS,CA,MS176
MS176_CA__10X_17_grch38:GACTAACAGCAGACTGx,MS,CA,MS176
MS176_CA__10X_17_grch38:GATCTAGAGTTCCACAx,MS,CA,MS176
MS176_CA__10X_17_grch38:GCAATCACAGTATGCTx,MS,CA,MS176
MS176_CA__10X_17_grch38:GCTGGGTGTTACGACTx,MS,CA,MS176
MS176_CA__10X_17_grch38:GGGAGATAGTGGAGTCx,MS,CA,MS176
MS176_CA__10X_17_grch38:GGGCACTTCGCCCTTAx,MS,CA,MS176
MS176_CA__10X_17_grch38:GTCACGGTCGCGTAGCx,MS,CA,MS176
MS176_CA__10X_17_grch38:GTTAAGCGTTCCACGGx,MS,CA,MS176
MS176_CA__10X_17_grch38:TCTCTAATCGTGACATx,MS,CA,MS176
MS176_CA__10X_17_grch38:TGCTACCTCATATCGGx,MS,CA,MS176
MS176_CA__10X_17_grch38:TGGACGCCATCGTCGGx,MS,CA,MS176
MS176_CA__10X_17_grch38:TTCGGTCGTGTCCTCTx,MS,CA,MS176
CO39__10X_17_grch38:ACTATCTTCAGGTAAAx,normal,Ctrl,CO39
CO39__10X_17_grch38:ACTTACTAGCTACCGCx,normal,Ctrl,CO39
CO39__10X_17_grch38:AGCGGTCGTTCATGGTx,normal,Ctrl,CO39
CO39__10X_17_grch38:ATCCGAATCTTGAGACx,normal,Ctrl,CO39
CO39__10X_17_grch38:ATTGGTGAGGCTATCTx,normal,Ctrl,CO39
CO39__10X_17_grch38:CATTATCAGAGCCTAGx,normal,Ctrl,CO39
CO39__10X_17_grch38:CCTACACAGGAGTTTAx,normal,Ctrl,CO39
CO39__10X_17_grch38:CGACTTCTCAAGATCCx,normal,Ctrl,CO39
CO39__10X_17_grch38:CGCCAAGGTACTTGACx,normal,Ctrl,CO39
CO39__10X_17_grch38:CGCGTTTGTTAAGATGx,normal,Ctrl,CO39
CO39__10X_17_grch38:GAAATGAAGGATATACx,normal,Ctrl,CO39
CO39__10X_17_grch38:GTTCATTAGTGATCGGx,normal,Ctrl,CO39
CO39__10X_17_grch38:TACTTGTTCAGGCGAAx,normal,Ctrl,CO39
CO39__10X_17_grch38:TGGCTGGGTTTAGGAAx,normal,Ctrl,CO39
CO14__10X_17_grch38:AAGGCAGAGAGTCGGTx,normal,Ctrl,CO14
CO14__10X_17_grch38:AAGGTTCAGTCGATAAx,normal,Ctrl,CO14
CO14__10X_17_grch38:ACGCAGCCAGCTGCTGx,normal,Ctrl,CO14
CO14__10X_17_grch38:ACGGGTCCATTTGCTTx,normal,Ctrl,CO14
CO14__10X_17_grch38:ATAAGAGTCAGTTCGAx,normal,Ctrl,CO14
CO14__10X_17_grch38:ATTACTCTCGCAAACTx,normal,Ctrl,CO14
CO14__10X_17_grch38:CAGAGAGCATGGTCTAx,normal,Ctrl,CO14
CO14__10X_17_grch38:CAGTCCTTCGATGAGGx,normal,Ctrl,CO14
CO14__10X_17_grch38:CATATTCCATACTCTTx,normal,Ctrl,CO14
CO14__10X_17_grch38:CCGGGATCAGCTGTTAx,normal,Ctrl,CO14
CO14__10X_17_grch38:CGATCGGAGCCAACAGx,normal,Ctrl,CO14
CO14__10X_17_grch38:CGTTAGACAGTACACTx,normal,Ctrl,CO14
CO14__10X_17_grch38:CTGAAGTTCGGAGGTAx,normal,Ctrl,CO14
CO14__10X_17_grch38:GACAGAGCATACAGCTx,normal,Ctrl,CO14
CO14__10X_17_grch38:GACGTGCCATCTGGTAx,normal,Ctrl,CO14
CO14__10X_17_grch38:GAGCAGACAAAGGAAGx,normal,Ctrl,CO14
CO14__10X_17_grch38:GGCGTGTGTGGTAACGx,normal,Ctrl,CO14
CO14__10X_17_grch38:GTCACAAAGTGTTTGCx,normal,Ctrl,CO14
CO14__10X_17_grch38:TTAGTTCTCAGCCTAAx,normal,Ctrl,CO14
MS242_CA2__10X_17_grch38:GGATGTTCAGGTGGATx,MS,CA,MS242
MS242_CA2__10X_17_grch38:TGCCCATGTATCAGTCx,MS,CA,MS242
MS242_CA2__10X_17_grch38:TTCTCCTGTATTCGTGx,MS,CA,MS242
MS242_RM__10X_17_grch38:CGTTGGGGTTAAGACAx,MS,RM,MS242
MS122_NAWM__10X_17_grch38:CACCACTCACTTAACGx,MS,NAWM,MS122
MS122_NAWM__10X_17_grch38:CGATCGGGTGGTCCGTx,MS,NAWM,MS122
MS122_NAWM__10X_17_grch38:CGTCCATAGAAACCATx,MS,NAWM,MS122
MS122_NAWM__10X_17_grch38:GACCAATAGCACACAGx,MS,NAWM,MS122
MS122_NAWM__10X_17_grch38:GCAGTTAAGACTCGGAx,MS,NAWM,MS122
MS122_NAWM__10X_17_grch38:TCTCTAATCTCAAACGx,MS,NAWM,MS122
MS122_CI__10X_17_grch38:AAAGATGAGTACGTAAx,MS,CI,MS122
MS122_CI__10X_17_grch38:AACCGCGAGAGATGAGx,MS,CI,MS122
MS122_CI__10X_17_grch38:AAGCCGCTCAGTTGACx,MS,CI,MS122
MS122_CI__10X_17_grch38:AAGGTTCCACTGTCGGx,MS,CI,MS122
MS122_CI__10X_17_grch38:ACACCCTGTCAGAAGCx,MS,CI,MS122
MS122_CI__10X_17_grch38:ACCAGTATCTAGCACAx,MS,CI,MS122
MS122_CI__10X_17_grch38:ACTGAACGTAAGCACGx,MS,CI,MS122
MS122_CI__10X_17_grch38:ACTGCTCGTCTCCACTx,MS,CI,MS122
MS122_CI__10X_17_grch38:AGATCTGTCCTTAATCx,MS,CI,MS122
MS122_CI__10X_17_grch38:AGCAGCCTCTCCTATAx,MS,CI,MS122
MS122_CI__10X_17_grch38:AGGGATGCAATGGAGCx,MS,CI,MS122
MS122_CI__10X_17_grch38:ATCGAGTGTGCTCTTCx,MS,CI,MS122
MS122_CI__10X_17_grch38:ATTGGTGCAATACGCTx,MS,CI,MS122
MS122_CI__10X_17_grch38:CAAGAAAAGTGTTTGCx,MS,CI,MS122
MS122_CI__10X_17_grch38:CACATTTCAATAACGAx,MS,CI,MS122
MS122_CI__10X_17_grch38:CACCAGGCAATCGGTTx,MS,CI,MS122
MS122_CI__10X_17_grch38:CACCAGGTCTACTATCx,MS,CI,MS122
MS122_CI__10X_17_grch38:CAGAGAGAGCACACAGx,MS,CI,MS122
MS122_CI__10X_17_grch38:CAGCGACAGGGCATGTx,MS,CI,MS122
MS122_CI__10X_17_grch38:CATCGGGCAGACAGGTx,MS,CI,MS122
MS122_CI__10X_17_grch38:CCGGGATGTATGCTTGx,MS,CI,MS122
MS122_CI__10X_17_grch38:CGAGCCAGTTCTGGTAx,MS,CI,MS122
MS122_CI__10X_17_grch38:CGGTTAATCACCGGGTx,MS,CI,MS122
MS122_CI__10X_17_grch38:CTACCCAGTCTAGAGGx,MS,CI,MS122
MS122_CI__10X_17_grch38:CTCAGAAGTTTACTCTx,MS,CI,MS122
MS122_CI__10X_17_grch38:CTCTACGGTAAACCTCx,MS,CI,MS122
MS122_CI__10X_17_grch38:CTGAAGTCAAGCCGTCx,MS,CI,MS122
MS122_CI__10X_17_grch38:CTGCGGAGTCGAAAGCx,MS,CI,MS122
MS122_CI__10X_17_grch38:GACAGAGGTGCCTGGTx,MS,CI,MS122
MS122_CI__10X_17_grch38:GACCTGGCATGATCCAx,MS,CI,MS122
MS122_CI__10X_17_grch38:GATCGTAGTAAACACAx,MS,CI,MS122
MS122_CI__10X_17_grch38:GATCTAGAGAATAGGGx,MS,CI,MS122
MS122_CI__10X_17_grch38:GATCTAGCAATGGTCTx,MS,CI,MS122
MS122_CI__10X_17_grch38:GCATACAGTGCAACTTx,MS,CI,MS122
MS122_CI__10X_17_grch38:GCCAAATGTCCTCCATx,MS,CI,MS122
MS122_CI__10X_17_grch38:GCTCTGTGTCTCATCCx,MS,CI,MS122
MS122_CI__10X_17_grch38:GGATGTTTCTGCCAGGx,MS,CI,MS122
MS122_CI__10X_17_grch38:GGATTACCATCGGTTAx,MS,CI,MS122
MS122_CI__10X_17_grch38:GGCCGATTCATTGCCCx,MS,CI,MS122
MS122_CI__10X_17_grch38:GGGATGAGTAAGTGGCx,MS,CI,MS122
MS122_CI__10X_17_grch38:GGGATGAGTATCTGCAx,MS,CI,MS122
MS122_CI__10X_17_grch38:GTAACTGAGATTACCCx,MS,CI,MS122
MS122_CI__10X_17_grch38:GTCGGGTGTAATTGGAx,MS,CI,MS122
MS122_CI__10X_17_grch38:GTGCATACACAACGCCx,MS,CI,MS122
MS122_CI__10X_17_grch38:GTGGGTCAGGACATTAx,MS,CI,MS122
MS122_CI__10X_17_grch38:GTTCTCGCACCCATGGx,MS,CI,MS122
MS122_CI__10X_17_grch38:GTTCTCGTCAGTGTTGx,MS,CI,MS122
MS122_CI__10X_17_grch38:TAGACCAAGGAGTTGCx,MS,CI,MS122
MS122_CI__10X_17_grch38:TAGTGGTAGGCCATAGx,MS,CI,MS122
MS122_CI__10X_17_grch38:TCATTACAGTGGGCTAx,MS,CI,MS122
MS122_CI__10X_17_grch38:TCATTACGTTCCCTTGx,MS,CI,MS122
MS122_CI__10X_17_grch38:TCGTAGATCACTTATCx,MS,CI,MS122
MS122_CI__10X_17_grch38:TCTATTGGTCTTGATGx,MS,CI,MS122
MS122_CI__10X_17_grch38:TGAGCATCACATGACTx,MS,CI,MS122
MS122_CI__10X_17_grch38:TTGAACGTCGTCGTTCx,MS,CI,MS122
MS122_A__10X_17_grch38:ACGATACCAGCGAACAx,MS,A,MS122
MS122_A__10X_17_grch38:ACTGTCCAGATGGGTCx,MS,A,MS122
MS122_A__10X_17_grch38:AGAGCTTAGTTGAGATx,MS,A,MS122
MS122_A__10X_17_grch38:CAGAGAGAGTGATCGGx,MS,A,MS122
MS122_A__10X_17_grch38:CAGTCCTGTCGCTTCTx,MS,A,MS122
MS122_A__10X_17_grch38:CATCCACGTATGAATGx,MS,A,MS122
MS122_A__10X_17_grch38:CATGACATCCGCATCTx,MS,A,MS122
MS122_A__10X_17_grch38:CATGCCTTCCTAGTGAx,MS,A,MS122
MS122_A__10X_17_grch38:CGGAGTCCATGAGCGAx,MS,A,MS122
MS122_A__10X_17_grch38:CTCGTCATCAGAGCTTx,MS,A,MS122
MS122_A__10X_17_grch38:CTGAAGTGTACCAGTTx,MS,A,MS122
MS122_A__10X_17_grch38:CTTACCGAGGCTCATTx,MS,A,MS122
MS122_A__10X_17_grch38:GAGCAGACAAGAGGCTx,MS,A,MS122
MS122_A__10X_17_grch38:GCCTCTAGTTTCCACCx,MS,A,MS122
MS122_A__10X_17_grch38:GGATTACGTTCCACGGx,MS,A,MS122
MS122_A__10X_17_grch38:GGCGACTTCTACTCATx,MS,A,MS122
MS122_A__10X_17_grch38:GGGTCTGAGGTGCTTTx,MS,A,MS122
MS122_A__10X_17_grch38:GTAGTCAAGTTCGCGCx,MS,A,MS122
MS122_A__10X_17_grch38:TAAGTGCCAATGACCTx,MS,A,MS122
MS122_A__10X_17_grch38:TACCTTAGTGGTAACGx,MS,A,MS122
MS122_A__10X_17_grch38:TCAGGATAGACATAACx,MS,A,MS122
MS122_A__10X_17_grch38:TGGCGCACATGTCCTCx,MS,A,MS122
MS122_A__10X_17_grch38:TTCGAAGGTCTACCTCx,MS,A,MS122
MS122_A__10X_17_grch38:TTCTACATCATCTGCCx,MS,A,MS122
MS121_NAWM__10X_17_grch38:ACTGTCCGTACGAAATx,MS,NAWM,MS121
MS121_NAWM__10X_17_grch38:AGCATACGTTAAGAACx,MS,NAWM,MS121
MS121_NAWM__10X_17_grch38:CCTTTCTCATAGAAACx,MS,NAWM,MS121
MS121_NAWM__10X_17_grch38:CGAGAAGTCACGCGGTx,MS,NAWM,MS121
MS121_NAWM__10X_17_grch38:CTCGAAAAGGGATCTGx,MS,NAWM,MS121
MS121_NAWM__10X_17_grch38:GTGAAGGTCAGGTTCAx,MS,NAWM,MS121
MS121_NAWM__10X_17_grch38:GTGGGTCAGCATCATCx,MS,NAWM,MS121
MS121_NAWM__10X_17_grch38:TTGTAGGCATGTAAGAx,MS,NAWM,MS121
MS121_A3__10X_17_grch38:AAGGCAGAGGTGGGTTx,MS,A,MS121
MS121_A3__10X_17_grch38:ACATCAGGTAGAAGGAx,MS,A,MS121
MS121_A3__10X_17_grch38:ACTATCTGTGGTAACGx,MS,A,MS121
MS121_A3__10X_17_grch38:ATTTCTGCAAACAACAx,MS,A,MS121
MS121_A3__10X_17_grch38:CACCACTCATCGGGTCx,MS,A,MS121
MS121_A3__10X_17_grch38:CCTAGCTCAATGGTCTx,MS,A,MS121
MS121_A3__10X_17_grch38:CCTCAGTGTGGCAAACx,MS,A,MS121
MS121_A3__10X_17_grch38:CCTCTGATCGTAGGAGx,MS,A,MS121
MS121_A3__10X_17_grch38:CGATCGGTCACCGGGTx,MS,A,MS121
MS121_A3__10X_17_grch38:CTTTGCGGTGTAATGAx,MS,A,MS121
MS121_A3__10X_17_grch38:GACACGCTCTGGGCCAx,MS,A,MS121
MS121_A3__10X_17_grch38:GCGGGTTTCACTGGGCx,MS,A,MS121
MS121_A3__10X_17_grch38:GCTCCTACATCCCACTx,MS,A,MS121
MS121_A3__10X_17_grch38:GGCGTGTGTTCGCTAAx,MS,A,MS121
MS121_A3__10X_17_grch38:GTACGTAGTTCACCTCx,MS,A,MS121
MS121_A3__10X_17_grch38:TAAGTGCAGCAAATCAx,MS,A,MS121
MS121_A3__10X_17_grch38:TACACGAAGATGAGAGx,MS,A,MS121
MS121_A2__10X_17_grch38:AACTTTCCAAACTGCTx,MS,A,MS121
MS121_A2__10X_17_grch38:ACACCAACAAGAAAGGx,MS,A,MS121
MS121_A2__10X_17_grch38:ACGATGTGTCGTCTTCx,MS,A,MS121
MS121_A2__10X_17_grch38:AGACGTTTCAAGCCTAx,MS,A,MS121
MS121_A2__10X_17_grch38:AGGCCACCATTATCTCx,MS,A,MS121
MS121_A2__10X_17_grch38:ATTATCCGTCTTGATGx,MS,A,MS121
MS121_A2__10X_17_grch38:CATCCACCACGACTCGx,MS,A,MS121
MS121_A2__10X_17_grch38:CCCAATCCAGCCACCAx,MS,A,MS121
MS121_A2__10X_17_grch38:CCTTCCCGTGCGCTTGx,MS,A,MS121
MS121_A2__10X_17_grch38:CGTTAGAGTACTCAACx,MS,A,MS121
MS121_A2__10X_17_grch38:CTCACACAGTTAAGTGx,MS,A,MS121
MS121_A2__10X_17_grch38:CTCTAATGTTTGTGTGx,MS,A,MS121
MS121_A2__10X_17_grch38:GAGTCCGGTGGTACAGx,MS,A,MS121
MS121_A2__10X_17_grch38:GCGCAGTTCACCTCGTx,MS,A,MS121
MS121_A2__10X_17_grch38:TAGTGGTAGTTAACGAx,MS,A,MS121
MS121_A2__10X_17_grch38:TATGCCCTCCCAGGTGx,MS,A,MS121
MS121_A2__10X_17_grch38:TCGAGGCTCCGCATAAx,MS,A,MS121
MS121_A2__10X_17_grch38:TGGCCAGTCGTGGACCx,MS,A,MS121
MS121_A2__10X_17_grch38:TGGCTGGGTTCAGCGCx,MS,A,MS121
MS121_CA__10X_17_grch38:AAGGAGCCATGAACCTx,MS,CA,MS121
MS121_CA__10X_17_grch38:ACGCCAGAGGAGTTGCx,MS,CA,MS121
MS121_CA__10X_17_grch38:CAAGTTGGTCCTCTTGx,MS,CA,MS121
MS121_CA__10X_17_grch38:CAGCATATCATGTCCCx,MS,CA,MS121
MS121_CA__10X_17_grch38:TAAACCGGTTCCACAAx,MS,CA,MS121
MS121_CA__10X_17_grch38:TGTCCCATCTGCTGTCx,MS,CA,MS121
MS121_NAWM__10X_17_grch38:GTACTCCCAAACCTACx,MS,NAWM,MS121
CO28__10X_17_grch38:TTCTACACATATGCTGx,normal,Ctrl,CO28
CO28__10X_17_grch38:AACCATGTCACCACCTx,normal,Ctrl,CO28
CO28__10X_17_grch38:AACCGCGGTATTACCGx,normal,Ctrl,CO28
CO28__10X_17_grch38:AACTCTTGTAATTGGAx,normal,Ctrl,CO28
CO28__10X_17_grch38:AACTTTCTCCGCTGTTx,normal,Ctrl,CO28
CO28__10X_17_grch38:AGACGTTCACGAAATAx,normal,Ctrl,CO28
CO28__10X_17_grch38:CCTAGCTGTGGTCTCGx,normal,Ctrl,CO28
CO28__10X_17_grch38:CGATCGGCATTTCACTx,normal,Ctrl,CO28
CO28__10X_17_grch38:CGCTATCCAGGCTGAAx,normal,Ctrl,CO28
CO28__10X_17_grch38:CGTCAGGTCAGCTTAGx,normal,Ctrl,CO28
CO28__10X_17_grch38:GATCAGTCACGAAAGCx,normal,Ctrl,CO28
CO28__10X_17_grch38:GCATGTATCGCCATAAx,normal,Ctrl,CO28
CO28__10X_17_grch38:GCGCCAAAGAGACGAAx,normal,Ctrl,CO28
CO28__10X_17_grch38:GTGTGCGAGTTTAGGAx,normal,Ctrl,CO28
CO28__10X_17_grch38:TAGGCATAGTAAGTACx,normal,Ctrl,CO28
CO28__10X_17_grch38:TCAGGATTCAGGTTCAx,normal,Ctrl,CO28
CO28__10X_17_grch38:TCGTACCCATCTATGGx,normal,Ctrl,CO28
CO28__10X_17_grch38:TGAGAGGAGTCATGCTx,normal,Ctrl,CO28
CO25__10X_17_grch38:AAACCTGCACGTTGGCx,normal,Ctrl,CO25
CO25__10X_17_grch38:AAAGATGGTTCCGTCTx,normal,Ctrl,CO25
CO25__10X_17_grch38:AAAGCAACAAGACGTGx,normal,Ctrl,CO25
CO25__10X_17_grch38:AACGTTGCACGAAAGCx,normal,Ctrl,CO25
CO25__10X_17_grch38:AACTCCCCATATGAGAx,normal,Ctrl,CO25
CO25__10X_17_grch38:AACTCTTGTCCCTACTx,normal,Ctrl,CO25
CO25__10X_17_grch38:ACGCCAGTCACAAACCx,normal,Ctrl,CO25
CO25__10X_17_grch38:ACGGCCATCTGCTTGCx,normal,Ctrl,CO25
CO25__10X_17_grch38:ACTGATGGTTGTGGCCx,normal,Ctrl,CO25
CO25__10X_17_grch38:ACTGCTCGTCGAATCTx,normal,Ctrl,CO25
CO25__10X_17_grch38:AGGCCGTAGTTGTAGAx,normal,Ctrl,CO25
CO25__10X_17_grch38:ATCATCTAGACCGGATx,normal,Ctrl,CO25
CO25__10X_17_grch38:ATTATCCTCACTGGGCx,normal,Ctrl,CO25
CO25__10X_17_grch38:CACAGTAAGCAATCTCx,normal,Ctrl,CO25
CO25__10X_17_grch38:CAGCCGATCTTCTGGCx,normal,Ctrl,CO25
CO25__10X_17_grch38:CCTCTGAGTTGGTTTGx,normal,Ctrl,CO25
CO25__10X_17_grch38:CGACTTCCAAGCCATTx,normal,Ctrl,CO25
CO25__10X_17_grch38:CGGACACGTAAACGCGx,normal,Ctrl,CO25
CO25__10X_17_grch38:CGGAGTCTCTCAACTTx,normal,Ctrl,CO25
CO25__10X_17_grch38:CGGGTCATCCGTTGCTx,normal,Ctrl,CO25
CO25__10X_17_grch38:CGTCACTGTATGCTTGx,normal,Ctrl,CO25
CO25__10X_17_grch38:CGTCACTGTCTTGCGGx,normal,Ctrl,CO25
CO25__10X_17_grch38:CTACACCAGTACATGAx,normal,Ctrl,CO25
CO25__10X_17_grch38:CTGCTGTCATAACCTGx,normal,Ctrl,CO25
CO25__10X_17_grch38:CTGGTCTGTCCGACGTx,normal,Ctrl,CO25
CO25__10X_17_grch38:CTTAGGACAAGGACTGx,normal,Ctrl,CO25
CO25__10X_17_grch38:GAGCAGAAGAGGACGGx,normal,Ctrl,CO25
CO25__10X_17_grch38:GCAATCATCAGAGGTGx,normal,Ctrl,CO25
CO25__10X_17_grch38:GCACTCTTCAATACCGx,normal,Ctrl,CO25
CO25__10X_17_grch38:GCATGATGTCATATGCx,normal,Ctrl,CO25
CO25__10X_17_grch38:GGTGTTATCAGGCGAAx,normal,Ctrl,CO25
CO25__10X_17_grch38:GTCAAGTAGGCGTACAx,normal,Ctrl,CO25
CO25__10X_17_grch38:TCAGATGAGCGTGAGTx,normal,Ctrl,CO25
CO25__10X_17_grch38:TCGTACCTCACGCATAx,normal,Ctrl,CO25
CO25__10X_17_grch38:TCTCTAATCACTTATCx,normal,Ctrl,CO25
CO25__10X_17_grch38:TGACTAGTCATCTGTTx,normal,Ctrl,CO25
CO25__10X_17_grch38:TGACTTTTCAACGCTAx,normal,Ctrl,CO25
CO25__10X_17_grch38:TGGGAAGAGCAGGTCAx,normal,Ctrl,CO25
CO25__10X_17_grch38:TGTGTTTTCGCGTAGCx,normal,Ctrl,CO25
CO25__10X_17_grch38:TTTATGCTCTCGCATCx,normal,Ctrl,CO25
MS176_NAWM__10X_17_grch38:AAGACCTAGAACAACTx,MS,NAWM,MS176
MS176_NAWM__10X_17_grch38:ACAGCTATCTGGTGTAx,MS,NAWM,MS176
MS176_NAWM__10X_17_grch38:CACATTTGTGATGTGGx,MS,NAWM,MS176
MS176_NAWM__10X_17_grch38:CATGGCGGTACTCGCGx,MS,NAWM,MS176
MS176_NAWM__10X_17_grch38:CCAATCCCATTATCTCx,MS,NAWM,MS176
MS176_NAWM__10X_17_grch38:CCATGTCGTGAGGCTAx,MS,NAWM,MS176
MS176_NAWM__10X_17_grch38:CCCAATCAGAAAGTGGx,MS,NAWM,MS176
MS176_NAWM__10X_17_grch38:GAAGCAGCACTCAGGCx,MS,NAWM,MS176
MS176_NAWM__10X_17_grch38:GACTACAAGCGTTCCGx,MS,NAWM,MS176
MS176_NAWM__10X_17_grch38:GATTCAGTCCTTGGTCx,MS,NAWM,MS176
MS176_NAWM__10X_17_grch38:GCGCCAATCACGCATAx,MS,NAWM,MS176
MS176_NAWM__10X_17_grch38:TCGAGGCAGCTCCCAGx,MS,NAWM,MS176
MS176_NAWM__10X_17_grch38:TCGTAGAGTTAGAACAx,MS,NAWM,MS176
MS176_NAWM__10X_17_grch38:TGGCGCAGTGAGCGATx,MS,NAWM,MS176
MS176_NAWM__10X_17_grch38:TTGTAGGGTAGAGCTGx,MS,NAWM,MS176
MS176_RM__10X_17_grch38:CGGACGTGTTAAGACAx,MS,RM,MS176
MS176_RM__10X_17_grch38:TGCGTGGGTCTCCCTAx,MS,RM,MS176
MS176_CI__10X_17_056_roche_grch38_4:CTGATCCGTACTCAACx,MS,CI,MS176
MS176_CI__10X_17_056_roche_grch38_4:TTGCGTCTCTTCATGTx,MS,CI,MS176
MS176_CA__10X_17_grch38:AACCATGTCATAGCACx,MS,CA,MS176
MS176_CA__10X_17_grch38:ACACCAATCCTTGCCAx,MS,CA,MS176
MS176_CA__10X_17_grch38:ACATACGCACAAGTAAx,MS,CA,MS176
MS176_CA__10X_17_grch38:ACCAGTAGTAGCGTCCx,MS,CA,MS176
MS176_CA__10X_17_grch38:ACGATGTAGAATTGTGx,MS,CA,MS176
MS176_CA__10X_17_grch38:ACTGAACTCTGAGTGTx,MS,CA,MS176
MS176_CA__10X_17_grch38:AGACGTTCACCGAAAGx,MS,CA,MS176
MS176_CA__10X_17_grch38:AGCGGTCTCAGTGTTGx,MS,CA,MS176
MS176_CA__10X_17_grch38:AGCTTGAGTGACGCCTx,MS,CA,MS176
MS176_CA__10X_17_grch38:ATCACGATCAGCGATTx,MS,CA,MS176
MS176_CA__10X_17_grch38:ATCCACCTCCGGCACAx,MS,CA,MS176
MS176_CA__10X_17_grch38:CAGAATCCACTTAAGCx,MS,CA,MS176
MS176_CA__10X_17_grch38:CAGCATAAGTCTCCTCx,MS,CA,MS176
MS176_CA__10X_17_grch38:CAGGTGCTCACGCGGTx,MS,CA,MS176
MS176_CA__10X_17_grch38:CCATTCGCATGCAACTx,MS,CA,MS176
MS176_CA__10X_17_grch38:CGGACACCAATCGAAAx,MS,CA,MS176
MS176_CA__10X_17_grch38:CGTTAGACACGACTCGx,MS,CA,MS176
MS176_CA__10X_17_grch38:CTCAGAATCTAACGGTx,MS,CA,MS176
MS176_CA__10X_17_grch38:GACCAATAGAGACTTAx,MS,CA,MS176
MS176_CA__10X_17_grch38:GACTAACTCATACGGTx,MS,CA,MS176
MS176_CA__10X_17_grch38:GCAAACTTCATTGCCCx,MS,CA,MS176
MS176_CA__10X_17_grch38:GCATGCGAGGGATACCx,MS,CA,MS176
MS176_CA__10X_17_grch38:GCTGCAGAGCACCGCTx,MS,CA,MS176
MS176_CA__10X_17_grch38:GGAACTTAGGACTGGTx,MS,CA,MS176
MS176_CA__10X_17_grch38:GGGCACTGTCCTAGCGx,MS,CA,MS176
MS176_CA__10X_17_grch38:GTAGGCCAGGACGAAAx,MS,CA,MS176
MS176_CA__10X_17_grch38:GTTACAGAGAGATGAGx,MS,CA,MS176
MS176_CA__10X_17_grch38:TACCTATCAAACCCATx,MS,CA,MS176
MS176_CA__10X_17_grch38:TACTCATCATACTCTTx,MS,CA,MS176
MS176_CA__10X_17_grch38:TACTTGTAGAGCCCAAx,MS,CA,MS176
MS176_CA__10X_17_grch38:TAGTGGTAGGAACTGCx,MS,CA,MS176
MS176_CA__10X_17_grch38:TATGCCCAGCCACGCTx,MS,CA,MS176
MS176_CA__10X_17_grch38:TATTACCCAAATACAGx,MS,CA,MS176
MS176_CA__10X_17_grch38:TCAGATGTCTCTGCTGx,MS,CA,MS176
MS176_CA__10X_17_grch38:TCGAGGCTCTGCCAGGx,MS,CA,MS176
MS176_CA__10X_17_grch38:TCGTAGAGTAGCGTCCx,MS,CA,MS176
MS176_CA__10X_17_grch38:TCTATTGAGCTAACAAx,MS,CA,MS176
MS176_CA__10X_17_grch38:TCTCTAACAACGCACCx,MS,CA,MS176
MS176_CA__10X_17_grch38:TGACAACTCCAAACTGx,MS,CA,MS176
CO39__10X_17_grch38:AAAGATGAGTAGGCCAx,normal,Ctrl,CO39
CO39__10X_17_grch38:AACTCCCCATTGTGCAx,normal,Ctrl,CO39
CO39__10X_17_grch38:AACTTTCGTGGAAAGAx,normal,Ctrl,CO39
CO39__10X_17_grch38:AATCGGTCAGGATTGGx,normal,Ctrl,CO39
CO39__10X_17_grch38:ACACCAATCAGAGCTTx,normal,Ctrl,CO39
CO39__10X_17_grch38:ACGGGCTTCCTGCAGGx,normal,Ctrl,CO39
CO39__10X_17_grch38:ACGGGTCAGTGCCATTx,normal,Ctrl,CO39
CO39__10X_17_grch38:ACTGCTCAGGGAGTAAx,normal,Ctrl,CO39
CO39__10X_17_grch38:ACTGTCCCACCTATCCx,normal,Ctrl,CO39
CO39__10X_17_grch38:ACTTTCATCGCGTAGCx,normal,Ctrl,CO39
CO39__10X_17_grch38:AGAATAGCAGCCTGTGx,normal,Ctrl,CO39
CO39__10X_17_grch38:AGAATAGTCAGCTCTCx,normal,Ctrl,CO39
CO39__10X_17_grch38:AGAGCGAAGTCATGCTx,normal,Ctrl,CO39
CO39__10X_17_grch38:AGAGCTTTCAACGGCCx,normal,Ctrl,CO39
CO39__10X_17_grch38:AGCAGCCCAGAAGCACx,normal,Ctrl,CO39
CO39__10X_17_grch38:AGCCTAATCCCTAACCx,normal,Ctrl,CO39
CO39__10X_17_grch38:AGCTCTCCAAGCCTATx,normal,Ctrl,CO39
CO39__10X_17_grch38:AGGTCATAGTACCGGAx,normal,Ctrl,CO39
CO39__10X_17_grch38:AGTCTTTCATTTCACTx,normal,Ctrl,CO39
CO39__10X_17_grch38:AGTTGGTTCAGTTCGAx,normal,Ctrl,CO39
CO39__10X_17_grch38:ATAAGAGTCCCTGACTx,normal,Ctrl,CO39
CO39__10X_17_grch38:ATGTGTGGTCAGCTATx,normal,Ctrl,CO39
CO39__10X_17_grch38:ATTCTACTCAAACGGGx,normal,Ctrl,CO39
CO39__10X_17_grch38:ATTTCTGAGTTGCAGGx,normal,Ctrl,CO39
CO39__10X_17_grch38:CAACCAAAGCAGGCTAx,normal,Ctrl,CO39
CO39__10X_17_grch38:CACAAACAGTACTTGCx,normal,Ctrl,CO39
CO39__10X_17_grch38:CACACAAGTTGAACTCx,normal,Ctrl,CO39
CO39__10X_17_grch38:CACTCCAAGAAACCATx,normal,Ctrl,CO39
CO39__10X_17_grch38:CATCAAGCATGAACCTx,normal,Ctrl,CO39
CO39__10X_17_grch38:CATCCACTCATTTGGGx,normal,Ctrl,CO39
CO39__10X_17_grch38:CATGGCGCACAAGTAAx,normal,Ctrl,CO39
CO39__10X_17_grch38:CCAGCGACAGTCACTAx,normal,Ctrl,CO39
CO39__10X_17_grch38:CCCAGTTGTTGCGCACx,normal,Ctrl,CO39
CO39__10X_17_grch38:CCGTTCAAGGCTAGACx,normal,Ctrl,CO39
CO39__10X_17_grch38:CCGTTCACACTCAGGCx,normal,Ctrl,CO39
CO39__10X_17_grch38:CCTATTAAGTTCCACAx,normal,Ctrl,CO39
CO39__10X_17_grch38:CCTTCCCAGCTTCGCGx,normal,Ctrl,CO39
CO39__10X_17_grch38:CGAGCCAGTCTGGTCGx,normal,Ctrl,CO39
CO39__10X_17_grch38:CGATGGCTCGGTTAACx,normal,Ctrl,CO39
CO39__10X_17_grch38:CGCGGTATCTGCTGCTx,normal,Ctrl,CO39
CO39__10X_17_grch38:CGCTATCTCTCTGAGAx,normal,Ctrl,CO39
CO39__10X_17_grch38:CTAACTTTCGGACAAGx,normal,Ctrl,CO39
CO39__10X_17_grch38:CTCACACTCTGTTGAGx,normal,Ctrl,CO39
CO39__10X_17_grch38:CTCCTAGAGTCCTCCTx,normal,Ctrl,CO39
CO39__10X_17_grch38:CTCCTAGCATAGGATAx,normal,Ctrl,CO39
CO39__10X_17_grch38:CTCGGGACAGATAATGx,normal,Ctrl,CO39
CO39__10X_17_grch38:CTCTACGTCAGAAATGx,normal,Ctrl,CO39
CO39__10X_17_grch38:CTGATAGTCGTGGACCx,normal,Ctrl,CO39
CO39__10X_17_grch38:CTGCGGACAGCTTAACx,normal,Ctrl,CO39
CO39__10X_17_grch38:CTGTTTATCAAACCGTx,normal,Ctrl,CO39
CO39__10X_17_grch38:GAAACTCGTGCAGTAGx,normal,Ctrl,CO39
CO39__10X_17_grch38:GAAGCAGAGTGGGATCx,normal,Ctrl,CO39
CO39__10X_17_grch38:GACAGAGAGCCAGAACx,normal,Ctrl,CO39
CO39__10X_17_grch38:GACCTGGGTTTCCACCx,normal,Ctrl,CO39
CO39__10X_17_grch38:GACGCGTAGTTCGATCx,normal,Ctrl,CO39
CO39__10X_17_grch38:GACTACAAGGTACTCTx,normal,Ctrl,CO39
CO39__10X_17_grch38:GATCAGTCAAGGACACx,normal,Ctrl,CO39
CO39__10X_17_grch38:GATCTAGAGGCAATTAx,normal,Ctrl,CO39
CO39__10X_17_grch38:GATGCTAGTGTTTGGTx,normal,Ctrl,CO39
CO39__10X_17_grch38:GATGCTATCTGTCTATx,normal,Ctrl,CO39
CO39__10X_17_grch38:GCATACAAGTCCGGTCx,normal,Ctrl,CO39
CO39__10X_17_grch38:GCGACCAAGTCCGTATx,normal,Ctrl,CO39
CO39__10X_17_grch38:GCGCAGTCAAGCTGTTx,normal,Ctrl,CO39
CO39__10X_17_grch38:GCGCCAACACATCTTTx,normal,Ctrl,CO39
CO39__10X_17_grch38:GCTGGGTAGCGCCTTGx,normal,Ctrl,CO39
CO39__10X_17_grch38:GGACAAGTCTCCCTGAx,normal,Ctrl,CO39
CO39__10X_17_grch38:GGGCATCTCCTCAACCx,normal,Ctrl,CO39
CO39__10X_17_grch38:GGGTCTGTCGATAGAAx,normal,Ctrl,CO39
CO39__10X_17_grch38:GTAACGTAGATGGCGTx,normal,Ctrl,CO39
CO39__10X_17_grch38:GTACTCCGTGAGTGACx,normal,Ctrl,CO39
CO39__10X_17_grch38:GTCCTCACATTGGCGCx,normal,Ctrl,CO39
CO39__10X_17_grch38:GTTCTCGAGTACATGAx,normal,Ctrl,CO39
CO39__10X_17_grch38:GTTCTCGAGTCGAGTGx,normal,Ctrl,CO39
CO39__10X_17_grch38:TAAACCGGTGGTCCGTx,normal,Ctrl,CO39
CO39__10X_17_grch38:TAAGTGCAGTGTGAATx,normal,Ctrl,CO39
CO39__10X_17_grch38:TACCTTATCCTCATTAx,normal,Ctrl,CO39
CO39__10X_17_grch38:TACGGTAAGATGTGGCx,normal,Ctrl,CO39
CO39__10X_17_grch38:TACGGTAGTACGAAATx,normal,Ctrl,CO39
CO39__10X_17_grch38:TATCAGGAGGCAGTCAx,normal,Ctrl,CO39
CO39__10X_17_grch38:TATGCCCCACAGGTTTx,normal,Ctrl,CO39
CO39__10X_17_grch38:TCAGGTACATTGTGCAx,normal,Ctrl,CO39
CO39__10X_17_grch38:TCCCGATGTCTGCCAGx,normal,Ctrl,CO39
CO39__10X_17_grch38:TGACTAGGTTATCACGx,normal,Ctrl,CO39
CO39__10X_17_grch38:TGACTTTGTGTTGGGAx,normal,Ctrl,CO39
CO39__10X_17_grch38:TGCCAAAGTTGGTTTGx,normal,Ctrl,CO39
CO39__10X_17_grch38:TGCGGGTCATTACCTTx,normal,Ctrl,CO39
CO39__10X_17_grch38:TGGACGCTCACATAGCx,normal,Ctrl,CO39
CO39__10X_17_grch38:TGGCTGGCATTCCTGCx,normal,Ctrl,CO39
CO39__10X_17_grch38:TTAGGACCACAACGCCx,normal,Ctrl,CO39
CO39__10X_17_grch38:TTCCCAGGTAGAAAGGx,normal,Ctrl,CO39
CO39__10X_17_grch38:TTCCCAGGTATCACCAx,normal,Ctrl,CO39
CO39__10X_17_grch38:TTCTCCTTCAGGCGAAx,normal,Ctrl,CO39
CO39__10X_17_grch38:TTGAACGGTCAAGCGAx,normal,Ctrl,CO39
CO39__10X_17_grch38:TTGACTTAGTCCGGTCx,normal,Ctrl,CO39
CO39__10X_17_grch38:TTGCCGTAGCTAGTTCx,normal,Ctrl,CO39
CO39__10X_17_grch38:TTTACTGTCTCGCTTGx,normal,Ctrl,CO39
CO39__10X_17_grch38:TTTGTCATCCGTAGTAx,normal,Ctrl,CO39
CO14__10X_17_grch38:AAAGATGGTTTGACTGx,normal,Ctrl,CO14
CO14__10X_17_grch38:AAATGCCCAATCGGTTx,normal,Ctrl,CO14
CO14__10X_17_grch38:AAGGTTCCAGACAAGCx,normal,Ctrl,CO14
CO14__10X_17_grch38:ACATACGCAGACACTTx,normal,Ctrl,CO14
CO14__10X_17_grch38:ACCAGTAAGGCTCTTAx,normal,Ctrl,CO14
CO14__10X_17_grch38:ACCTTTACAAACTGTCx,normal,Ctrl,CO14
CO14__10X_17_grch38:ACCTTTATCATTTGGGx,normal,Ctrl,CO14
CO14__10X_17_grch38:ACGGCCACAAGTTAAGx,normal,Ctrl,CO14
CO14__10X_17_grch38:ACGGGCTAGTGTCCATx,normal,Ctrl,CO14
CO14__10X_17_grch38:AGCAGCCAGGTCGGATx,normal,Ctrl,CO14
CO14__10X_17_grch38:AGCGTATAGTCTCCTCx,normal,Ctrl,CO14
CO14__10X_17_grch38:AGGTCATCAGTCAGCCx,normal,Ctrl,CO14
CO14__10X_17_grch38:AGGTCATGTTGCTCCTx,normal,Ctrl,CO14
CO14__10X_17_grch38:AGTAGTCCAGGCTGAAx,normal,Ctrl,CO14
CO14__10X_17_grch38:AGTGGGATCCGCAAGCx,normal,Ctrl,CO14
CO14__10X_17_grch38:ATAGACCAGCGAGAAAx,normal,Ctrl,CO14
CO14__10X_17_grch38:ATGAGGGGTTCTGAACx,normal,Ctrl,CO14
CO14__10X_17_grch38:ATTATCCCAAGACACGx,normal,Ctrl,CO14
CO14__10X_17_grch38:CAACTAGGTACTCAACx,normal,Ctrl,CO14
CO14__10X_17_grch38:CAAGAAAAGATACACAx,normal,Ctrl,CO14
CO14__10X_17_grch38:CAAGTTGTCGTAGGAGx,normal,Ctrl,CO14
CO14__10X_17_grch38:CACAGTAAGGCTCTTAx,normal,Ctrl,CO14
CO14__10X_17_grch38:CAGAATCGTAAGTGGCx,normal,Ctrl,CO14
CO14__10X_17_grch38:CAGCATAGTGAAATCAx,normal,Ctrl,CO14
CO14__10X_17_grch38:CAGTCCTAGTTAGGTAx,normal,Ctrl,CO14
CO14__10X_17_grch38:CATATTCTCACCACCTx,normal,Ctrl,CO14
CO14__10X_17_grch38:CCAGCGACAGCGAACAx,normal,Ctrl,CO14
CO14__10X_17_grch38:CCCAGTTTCACTCCTGx,normal,Ctrl,CO14
CO14__10X_17_grch38:CCCATACAGTACGCCCx,normal,Ctrl,CO14
CO14__10X_17_grch38:CCGTACTTCAAACGGGx,normal,Ctrl,CO14
CO14__10X_17_grch38:CCTACCACACCTGGTGx,normal,Ctrl,CO14
CO14__10X_17_grch38:CCTTTCTAGCTCCCAGx,normal,Ctrl,CO14
CO14__10X_17_grch38:CGAACATTCAGCTCTCx,normal,Ctrl,CO14
CO14__10X_17_grch38:CGACCTTTCAGCCTAAx,normal,Ctrl,CO14
CO14__10X_17_grch38:CGATCGGCAAAGTCAAx,normal,Ctrl,CO14
CO14__10X_17_grch38:CGCGGTATCGGAATCTx,normal,Ctrl,CO14
CO14__10X_17_grch38:CGCTTCATCGACGGAAx,normal,Ctrl,CO14
CO14__10X_17_grch38:CGGAGTCGTGCAACTTx,normal,Ctrl,CO14
CO14__10X_17_grch38:CGTCCATAGGACATTAx,normal,Ctrl,CO14
CO14__10X_17_grch38:CTACGTCTCAGTGTTGx,normal,Ctrl,CO14
CO14__10X_17_grch38:CTCGTCAAGGGTCGATx,normal,Ctrl,CO14
CO14__10X_17_grch38:CTGCCTAAGTGTACCTx,normal,Ctrl,CO14
CO14__10X_17_grch38:CTTACCGGTGTTTGGTx,normal,Ctrl,CO14
CO14__10X_17_grch38:GAACGGACAAGGACTGx,normal,Ctrl,CO14
CO14__10X_17_grch38:GAATAAGAGCGTCTATx,normal,Ctrl,CO14
CO14__10X_17_grch38:GACTACACAAGTAGTAx,normal,Ctrl,CO14
CO14__10X_17_grch38:GATCTAGAGTAGATGTx,normal,Ctrl,CO14
CO14__10X_17_grch38:GATCTAGTCTCGTTTAx,normal,Ctrl,CO14
CO14__10X_17_grch38:GATGAAATCACAAACCx,normal,Ctrl,CO14
CO14__10X_17_grch38:GCACTCTAGGCTAGCAx,normal,Ctrl,CO14
CO14__10X_17_grch38:GCACTCTTCATTTGGGx,normal,Ctrl,CO14
CO14__10X_17_grch38:GCATGATCATCACAACx,normal,Ctrl,CO14
CO14__10X_17_grch38:GCATGCGCAGCGTAAGx,normal,Ctrl,CO14
CO14__10X_17_grch38:GCTGCTTTCCTGCAGGx,normal,Ctrl,CO14
CO14__10X_17_grch38:GCTGCTTTCCTGTACCx,normal,Ctrl,CO14
CO14__10X_17_grch38:GCTGGGTCACCGTTGGx,normal,Ctrl,CO14
CO14__10X_17_grch38:GCTTGAACAATAGCAAx,normal,Ctrl,CO14
CO14__10X_17_grch38:GGATTACCATTCCTCGx,normal,Ctrl,CO14
CO14__10X_17_grch38:GGATTACTCTTGAGACx,normal,Ctrl,CO14
CO14__10X_17_grch38:GGGAATGCAAACGTGGx,normal,Ctrl,CO14
CO14__10X_17_grch38:GGGTCTGCACATGACTx,normal,Ctrl,CO14
CO14__10X_17_grch38:GGGTTGCCACGGTAAGx,normal,Ctrl,CO14
CO14__10X_17_grch38:GGTGAAGAGAAGATTCx,normal,Ctrl,CO14
CO14__10X_17_grch38:GGTGAAGAGAGTACATx,normal,Ctrl,CO14
CO14__10X_17_grch38:GTAGTCATCGGAGCAAx,normal,Ctrl,CO14
CO14__10X_17_grch38:GTATCTTTCGAACTGTx,normal,Ctrl,CO14
CO14__10X_17_grch38:GTCTCGTTCTGTGCAAx,normal,Ctrl,CO14
CO14__10X_17_grch38:TACAGTGCAATGTTGCx,normal,Ctrl,CO14
CO14__10X_17_grch38:TACGGATAGCAATATGx,normal,Ctrl,CO14
CO14__10X_17_grch38:TAGCCGGCACAACTGTx,normal,Ctrl,CO14
CO14__10X_17_grch38:TATCTCAAGATGCCAGx,normal,Ctrl,CO14
CO14__10X_17_grch38:TATCTCACACGGATAGx,normal,Ctrl,CO14
CO14__10X_17_grch38:TATGCCCAGCTAGTCTx,normal,Ctrl,CO14
CO14__10X_17_grch38:TATGCCCCATTGGTACx,normal,Ctrl,CO14
CO14__10X_17_grch38:TATGCCCGTAGGACACx,normal,Ctrl,CO14
CO14__10X_17_grch38:TATTACCAGCAGGCTAx,normal,Ctrl,CO14
CO14__10X_17_grch38:TCACAAGCAAGAAAGGx,normal,Ctrl,CO14
CO14__10X_17_grch38:TCAGGATAGCGTTCCGx,normal,Ctrl,CO14
CO14__10X_17_grch38:TCATTTGCAGTTCCCTx,normal,Ctrl,CO14
CO14__10X_17_grch38:TCCCGATAGACCTAGGx,normal,Ctrl,CO14
CO14__10X_17_grch38:TCCCGATGTAGAGCTGx,normal,Ctrl,CO14
CO14__10X_17_grch38:TCTATTGAGGACTGGTx,normal,Ctrl,CO14
CO14__10X_17_grch38:TCTGGAAAGAAACCGCx,normal,Ctrl,CO14
CO14__10X_17_grch38:TCTTTCCCAAAGAATCx,normal,Ctrl,CO14
CO14__10X_17_grch38:TGAGAGGTCCGTTGTCx,normal,Ctrl,CO14
CO14__10X_17_grch38:TGTCCCAGTTATCGGTx,normal,Ctrl,CO14
CO14__10X_17_grch38:TGTGTTTCAATGGATAx,normal,Ctrl,CO14
CO14__10X_17_grch38:TGTTCCGGTGCTAGCCx,normal,Ctrl,CO14
CO14__10X_17_grch38:TTTGCGCTCTTTACACx,normal,Ctrl,CO14
MS242_CA5__10X_17_grch38:ACACCGGCAGCCTTTCx,MS,CA,MS242
MS242_CA5__10X_17_grch38:CGTCCATCAGCTATTGx,MS,CA,MS242
MS242_CA2__10X_17_grch38:AACCGCGAGAGGTACCx,MS,CA,MS242
MS242_CA2__10X_17_grch38:ACATACGTCCCAACGGx,MS,CA,MS242
MS242_CA2__10X_17_grch38:ACTGTCCTCCGTAGGCx,MS,CA,MS242
MS242_CA2__10X_17_grch38:ATCACGACACTAAGTCx,MS,CA,MS242
MS242_CA2__10X_17_grch38:ATTTCTGTCTCGCTTGx,MS,CA,MS242
MS242_CA2__10X_17_grch38:CAGCTAATCGCACTCTx,MS,CA,MS242
MS242_CA2__10X_17_grch38:CGTCAGGTCATAAAGGx,MS,CA,MS242
MS242_CA2__10X_17_grch38:GGCTGGTGTACTCAACx,MS,CA,MS242
MS242_CA2__10X_17_grch38:GTGTTAGGTTAAGTAGx,MS,CA,MS242
MS242_CA2__10X_17_grch38:TAAGAGAGTAGAGCTGx,MS,CA,MS242
MS242_CA2__10X_17_grch38:TATCAGGAGCGATAGCx,MS,CA,MS242
MS242_CA2__10X_17_grch38:TATGCCCAGGATTCGGx,MS,CA,MS242
MS242_CA2__10X_17_grch38:TCTCTAAAGTCATCCAx,MS,CA,MS242
SD48/16__10X_17_grch38:AACACGTTCAACACTGx,normal,Ctrl,SD48/16
SD48/16__10X_17_grch38:AACGTTGGTAACGACGx,normal,Ctrl,SD48/16
SD48/16__10X_17_grch38:AAGGCAGAGCCCTAATx,normal,Ctrl,SD48/16
SD48/16__10X_17_grch38:AAGTCTGAGCTAGCCCx,normal,Ctrl,SD48/16
SD48/16__10X_17_grch38:AATCCAGGTTCTGTTTx,normal,Ctrl,SD48/16
SD48/16__10X_17_grch38:ACACCCTCATCACAACx,normal,Ctrl,SD48/16
SD48/16__10X_17_grch38:ACATGGTTCTGATACGx,normal,Ctrl,SD48/16
SD48/16__10X_17_grch38:ACCTTTAAGCAGGTCAx,normal,Ctrl,SD48/16
SD48/16__10X_17_grch38:ACGCCGAAGTTTGCGTx,normal,Ctrl,SD48/16
SD48/16__10X_17_grch38:ACGGCCACACCTCGTTx,normal,Ctrl,SD48/16
SD48/16__10X_17_grch38:ACTTTCATCAGGCAAGx,normal,Ctrl,SD48/16
SD48/16__10X_17_grch38:AGATCTGCACCAGGCTx,normal,Ctrl,SD48/16
SD48/16__10X_17_grch38:AGGGTGAGTATGAATGx,normal,Ctrl,SD48/16
SD48/16__10X_17_grch38:AGGGTGAGTGCATCTAx,normal,Ctrl,SD48/16
SD48/16__10X_17_grch38:ATCATCTAGGTCGGATx,normal,Ctrl,SD48/16
SD48/16__10X_17_grch38:ATCGAGTGTTCACCTCx,normal,Ctrl,SD48/16
SD48/16__10X_17_grch38:ATGCGATAGTAGGTGCx,normal,Ctrl,SD48/16
SD48/16__10X_17_grch38:ATTGGTGTCTCTAGGAx,normal,Ctrl,SD48/16
SD48/16__10X_17_grch38:CAACCAATCAACTCTTx,normal,Ctrl,SD48/16
SD48/16__10X_17_grch38:CAAGGCCTCCCTAATTx,normal,Ctrl,SD48/16
SD48/16__10X_17_grch38:CACACAATCGGCTTGGx,normal,Ctrl,SD48/16
SD48/16__10X_17_grch38:CACCACTTCGCTGATAx,normal,Ctrl,SD48/16
SD48/16__10X_17_grch38:CAGAGAGTCCAAACACx,normal,Ctrl,SD48/16
SD48/16__10X_17_grch38:CATCCACGTTACTGACx,normal,Ctrl,SD48/16
SD48/16__10X_17_grch38:CCTATTAAGTACGTAAx,normal,Ctrl,SD48/16
SD48/16__10X_17_grch38:CGGTTAAAGAAGGCCTx,normal,Ctrl,SD48/16
SD48/16__10X_17_grch38:CGTTCTGAGCGGATCAx,normal,Ctrl,SD48/16
SD48/16__10X_17_grch38:CTCAGAATCGCCTGTTx,normal,Ctrl,SD48/16
SD48/16__10X_17_grch38:CTGAAACTCTTTAGTCx,normal,Ctrl,SD48/16
SD48/16__10X_17_grch38:CTGATCCGTCGAGTTTx,normal,Ctrl,SD48/16
SD48/16__10X_17_grch38:CTGTTTATCCATTCTAx,normal,Ctrl,SD48/16
SD48/16__10X_17_grch38:GATGCTACAATAGCGGx,normal,Ctrl,SD48/16
SD48/16__10X_17_grch38:GCAGCCATCCTTGACCx,normal,Ctrl,SD48/16
SD48/16__10X_17_grch38:GCATACACACGAAGCAx,normal,Ctrl,SD48/16
SD48/16__10X_17_grch38:GCTCCTAAGAAGATTCx,normal,Ctrl,SD48/16
SD48/16__10X_17_grch38:GCTGCGATCTATCGCCx,normal,Ctrl,SD48/16
SD48/16__10X_17_grch38:GGATGTTCACATGTGTx,normal,Ctrl,SD48/16
SD48/16__10X_17_grch38:GTACGTACACTGAAGGx,normal,Ctrl,SD48/16
SD48/16__10X_17_grch38:GTCGTAACAGCTCGACx,normal,Ctrl,SD48/16
SD48/16__10X_17_grch38:TAGTGGTTCGTCTGAAx,normal,Ctrl,SD48/16
SD48/16__10X_17_grch38:TCACGAATCACAATGCx,normal,Ctrl,SD48/16
SD48/16__10X_17_grch38:TCCACACCACATCTTTx,normal,Ctrl,SD48/16
SD48/16__10X_17_grch38:TCGAGGCAGTATCTCGx,normal,Ctrl,SD48/16
SD48/16__10X_17_grch38:TCGAGGCAGTTTGCGTx,normal,Ctrl,SD48/16
SD48/16__10X_17_grch38:TGAGAGGCAGGTGCCTx,normal,Ctrl,SD48/16
SD48/16__10X_17_grch38:TGGCCAGCAATGACCTx,normal,Ctrl,SD48/16
SD48/16__10X_17_grch38:TGGCCAGCACACTGCGx,normal,Ctrl,SD48/16
SD48/16__10X_17_grch38:TGGGCGTCACGAAAGCx,normal,Ctrl,SD48/16
SD48/16__10X_17_grch38:TTATGCTCATGTTCCCx,normal,Ctrl,SD48/16
MS122_NAWM__10X_17_grch38:AAATGCCAGGCTAGACx,MS,NAWM,MS122
MS122_NAWM__10X_17_grch38:AACACGTCATCCTAGAx,MS,NAWM,MS122
MS122_NAWM__10X_17_grch38:AAGGAGCAGAACTGTAx,MS,NAWM,MS122
MS122_NAWM__10X_17_grch38:AAGGTTCTCTTCGAGAx,MS,NAWM,MS122
MS122_NAWM__10X_17_grch38:ACACCAATCACCCGAGx,MS,NAWM,MS122
MS122_NAWM__10X_17_grch38:ACAGCCGAGTACCGGAx,MS,NAWM,MS122
MS122_NAWM__10X_17_grch38:ACAGCCGCATTGAGCTx,MS,NAWM,MS122
MS122_NAWM__10X_17_grch38:ACATCAGGTATATGGAx,MS,NAWM,MS122
MS122_NAWM__10X_17_grch38:ACCGTAAGTTACGTCAx,MS,NAWM,MS122
MS122_NAWM__10X_17_grch38:ACGATGTGTCACCCAGx,MS,NAWM,MS122
MS122_NAWM__10X_17_grch38:ACGGCCATCTTCAACTx,MS,NAWM,MS122
MS122_NAWM__10X_17_grch38:ACGTCAAAGCCAGTTTx,MS,NAWM,MS122
MS122_NAWM__10X_17_grch38:ACTGTCCTCATCGATGx,MS,NAWM,MS122
MS122_NAWM__10X_17_grch38:ACTTGTTAGTGAATTGx,MS,NAWM,MS122
MS122_NAWM__10X_17_grch38:ACTTTCACAGGTTTCAx,MS,NAWM,MS122
MS122_NAWM__10X_17_grch38:AGAATAGGTTGTGGAGx,MS,NAWM,MS122
MS122_NAWM__10X_17_grch38:AGAGCGATCCGAATGTx,MS,NAWM,MS122
MS122_NAWM__10X_17_grch38:AGATTGCTCTGGCGTGx,MS,NAWM,MS122
MS122_NAWM__10X_17_grch38:AGCAGCCCAGGTTTCAx,MS,NAWM,MS122
MS122_NAWM__10X_17_grch38:AGCGTCGCACTTCTGCx,MS,NAWM,MS122
MS122_NAWM__10X_17_grch38:AGCGTCGGTAATCGTCx,MS,NAWM,MS122
MS122_NAWM__10X_17_grch38:AGCTCCTTCGAATCCAx,MS,NAWM,MS122
MS122_NAWM__10X_17_grch38:AGGCCGTAGGTAGCTGx,MS,NAWM,MS122
MS122_NAWM__10X_17_grch38:AGGGTGACAGCTGCACx,MS,NAWM,MS122
MS122_NAWM__10X_17_grch38:ATAACGCAGGCATGTGx,MS,NAWM,MS122
MS122_NAWM__10X_17_grch38:ATGCGATCATAACCTGx,MS,NAWM,MS122
MS122_NAWM__10X_17_grch38:ATGGGAGCAGGTGGATx,MS,NAWM,MS122
MS122_NAWM__10X_17_grch38:ATTGGTGGTACCGTATx,MS,NAWM,MS122
MS122_NAWM__10X_17_grch38:CACCTTGCAATACGCTx,MS,NAWM,MS122
MS122_NAWM__10X_17_grch38:CACCTTGTCACGCATAx,MS,NAWM,MS122
MS122_NAWM__10X_17_grch38:CAGAGAGCATGCCTTCx,MS,NAWM,MS122
MS122_NAWM__10X_17_grch38:CAGCAGCCACTGTTAGx,MS,NAWM,MS122
MS122_NAWM__10X_17_grch38:CAGCTAATCACTTACTx,MS,NAWM,MS122
MS122_NAWM__10X_17_grch38:CATATGGTCTTTACACx,MS,NAWM,MS122
MS122_NAWM__10X_17_grch38:CATCCACCACATTTCTx,MS,NAWM,MS122
MS122_NAWM__10X_17_grch38:CATGCCTCAGGGTATGx,MS,NAWM,MS122
MS122_NAWM__10X_17_grch38:CATGGCGCACCGTTGGx,MS,NAWM,MS122
MS122_NAWM__10X_17_grch38:CCACCTAAGAGCAATTx,MS,NAWM,MS122
MS122_NAWM__10X_17_grch38:CCACGGATCCAACCAAx,MS,NAWM,MS122
MS122_NAWM__10X_17_grch38:CCATGTCAGTGGACGTx,MS,NAWM,MS122
MS122_NAWM__10X_17_grch38:CCATTCGCACTGTCGGx,MS,NAWM,MS122
MS122_NAWM__10X_17_grch38:CCCAATCAGTCGTTTGx,MS,NAWM,MS122
MS122_NAWM__10X_17_grch38:CCCTCCTCAGCTCGACx,MS,NAWM,MS122
MS122_NAWM__10X_17_grch38:CCGGTAGTCTGTCTATx,MS,NAWM,MS122
MS122_NAWM__10X_17_grch38:CCGTGGATCTATCCCGx,MS,NAWM,MS122
MS122_NAWM__10X_17_grch38:CCTAGCTGTCGTCTTCx,MS,NAWM,MS122
MS122_NAWM__10X_17_grch38:CCTCAGTCACACATGTx,MS,NAWM,MS122
MS122_NAWM__10X_17_grch38:CCTTCCCCAGACACTTx,MS,NAWM,MS122
MS122_NAWM__10X_17_grch38:CGACTTCTCCCTTGCAx,MS,NAWM,MS122
MS122_NAWM__10X_17_grch38:CGATTGAAGTGTACCTx,MS,NAWM,MS122
MS122_NAWM__10X_17_grch38:CGCCAAGTCGTAGGAGx,MS,NAWM,MS122
MS122_NAWM__10X_17_grch38:CGCGGTATCGCGGATCx,MS,NAWM,MS122
MS122_NAWM__10X_17_grch38:CGGACGTTCCCAAGTAx,MS,NAWM,MS122
MS122_NAWM__10X_17_grch38:CGGACTGAGGCTCATTx,MS,NAWM,MS122
MS122_NAWM__10X_17_grch38:CGGTTAAAGATCCGAGx,MS,NAWM,MS122
MS122_NAWM__10X_17_grch38:CGTAGCGCACGAAACGx,MS,NAWM,MS122
MS122_NAWM__10X_17_grch38:CGTTAGACAAGGTGTGx,MS,NAWM,MS122
MS122_NAWM__10X_17_grch38:CGTTCTGAGCTTTGGTx,MS,NAWM,MS122
MS122_NAWM__10X_17_grch38:CTAGAGTGTATATGAGx,MS,NAWM,MS122
MS122_NAWM__10X_17_grch38:CTCATTAGTTCCTCCAx,MS,NAWM,MS122
MS122_NAWM__10X_17_grch38:CTCTGGTTCTGCTTGCx,MS,NAWM,MS122
MS122_NAWM__10X_17_grch38:CTGAAACGTACCGTTAx,MS,NAWM,MS122
MS122_NAWM__10X_17_grch38:CTTCTCTTCTTGTTTGx,MS,NAWM,MS122
MS122_NAWM__10X_17_grch38:GAATAAGTCAGATAAGx,MS,NAWM,MS122
MS122_NAWM__10X_17_grch38:GAATGAATCCTGCAGGx,MS,NAWM,MS122
MS122_NAWM__10X_17_grch38:GACCTGGAGTGTCCCGx,MS,NAWM,MS122
MS122_NAWM__10X_17_grch38:GACGTGCGTCGTTGTAx,MS,NAWM,MS122
MS122_NAWM__10X_17_grch38:GACGTGCTCTATCGCCx,MS,NAWM,MS122
MS122_NAWM__10X_17_grch38:GACTACACATCACGTAx,MS,NAWM,MS122
MS122_NAWM__10X_17_grch38:GAGCAGACAAGCTGGAx,MS,NAWM,MS122
MS122_NAWM__10X_17_grch38:GAGCAGACACCTATCCx,MS,NAWM,MS122
MS122_NAWM__10X_17_grch38:GATCGATTCTGCTTGCx,MS,NAWM,MS122
MS122_NAWM__10X_17_grch38:GCACATATCAGTACGTx,MS,NAWM,MS122
MS122_NAWM__10X_17_grch38:GCATACACATCCCATCx,MS,NAWM,MS122
MS122_NAWM__10X_17_grch38:GCATACAGTCTCTTATx,MS,NAWM,MS122
MS122_NAWM__10X_17_grch38:GCATGATAGCTGAAATx,MS,NAWM,MS122
MS122_NAWM__10X_17_grch38:GCATGCGCATACAGCTx,MS,NAWM,MS122
MS122_NAWM__10X_17_grch38:GCTGCGATCAGTGCATx,MS,NAWM,MS122
MS122_NAWM__10X_17_grch38:GGAAAGCAGGTACTCTx,MS,NAWM,MS122
MS122_NAWM__10X_17_grch38:GGAACTTGTCATGCCGx,MS,NAWM,MS122
MS122_NAWM__10X_17_grch38:GGACAGACAGAAGCACx,MS,NAWM,MS122
MS122_NAWM__10X_17_grch38:GGACAGAGTCCATCCTx,MS,NAWM,MS122
MS122_NAWM__10X_17_grch38:GGATTACCATATGCTGx,MS,NAWM,MS122
MS122_NAWM__10X_17_grch38:GGCGACTCAGCGTCCAx,MS,NAWM,MS122
MS122_NAWM__10X_17_grch38:GGCTCGAAGACAATACx,MS,NAWM,MS122
MS122_NAWM__10X_17_grch38:GGGACCTGTCTCTCGTx,MS,NAWM,MS122
MS122_NAWM__10X_17_grch38:GGGCATCAGTATCGAAx,MS,NAWM,MS122
MS122_NAWM__10X_17_grch38:GGGCATCCAAGGACTGx,MS,NAWM,MS122
MS122_NAWM__10X_17_grch38:GGGCATCCAATGGAGCx,MS,NAWM,MS122
MS122_NAWM__10X_17_grch38:GGGTCTGGTCTAGTCAx,MS,NAWM,MS122
MS122_NAWM__10X_17_grch38:GTAACGTGTTAAAGTGx,MS,NAWM,MS122
MS122_NAWM__10X_17_grch38:GTAGTCATCACAGTACx,MS,NAWM,MS122
MS122_NAWM__10X_17_grch38:GTCGTAACAGTAAGCGx,MS,NAWM,MS122
MS122_NAWM__10X_17_grch38:GTGAAGGAGGCTATCTx,MS,NAWM,MS122
MS122_NAWM__10X_17_grch38:GTGTTAGCAGTAAGCGx,MS,NAWM,MS122
MS122_NAWM__10X_17_grch38:GTTAAGCCAGGTCCACx,MS,NAWM,MS122
MS122_NAWM__10X_17_grch38:GTTACAGTCTACCTGCx,MS,NAWM,MS122
MS122_NAWM__10X_17_grch38:GTTCTCGCATACGCTAx,MS,NAWM,MS122
MS122_NAWM__10X_17_grch38:GTTTCTAAGTCAAGCGx,MS,NAWM,MS122
MS122_NAWM__10X_17_grch38:TACTCATAGTGAACATx,MS,NAWM,MS122
MS122_NAWM__10X_17_grch38:TACTTGTTCTTTAGTCx,MS,NAWM,MS122
MS122_NAWM__10X_17_grch38:TCAGGTAAGGACAGCTx,MS,NAWM,MS122
MS122_NAWM__10X_17_grch38:TCAGGTACAATGGAGCx,MS,NAWM,MS122
MS122_NAWM__10X_17_grch38:TCCACACCAAGAAAGGx,MS,NAWM,MS122
MS122_NAWM__10X_17_grch38:TCGCGAGTCATGGTCAx,MS,NAWM,MS122
MS122_NAWM__10X_17_grch38:TCTTCGGGTTTCGCTCx,MS,NAWM,MS122
MS122_NAWM__10X_17_grch38:TGACAACGTCTGATCAx,MS,NAWM,MS122
MS122_NAWM__10X_17_grch38:TGCCCTACACGGCTACx,MS,NAWM,MS122
MS122_NAWM__10X_17_grch38:TGCGCAGTCATTGCCCx,MS,NAWM,MS122
MS122_NAWM__10X_17_grch38:TGCGTGGGTGGTAACGx,MS,NAWM,MS122
MS122_NAWM__10X_17_grch38:TGGCCAGTCTTCGGTCx,MS,NAWM,MS122
MS122_NAWM__10X_17_grch38:TGGCTGGCATTTGCCCx,MS,NAWM,MS122
MS122_NAWM__10X_17_grch38:TGGTTAGAGCCGCCTAx,MS,NAWM,MS122
MS122_NAWM__10X_17_grch38:TGTGGTAAGTACATGAx,MS,NAWM,MS122
MS122_NAWM__10X_17_grch38:TGTGGTAGTCTGCCAGx,MS,NAWM,MS122
MS122_NAWM__10X_17_grch38:TTCCCAGCAATCACACx,MS,NAWM,MS122
MS122_NAWM__10X_17_grch38:TTCTTAGAGGCAATTAx,MS,NAWM,MS122
MS122_NAWM__10X_17_grch38:TTGGCAACATCCTTGCx,MS,NAWM,MS122
MS122_NAWM__10X_17_grch38:TTGTAGGGTCAACATCx,MS,NAWM,MS122
MS122_NAWM__10X_17_grch38:TTTGTCATCTTGTTTGx,MS,NAWM,MS122
MS122_CI__10X_17_grch38:AAACCTGGTCGTCTTCx,MS,CI,MS122
MS122_CI__10X_17_grch38:AAACGGGCACGGCCATx,MS,CI,MS122
MS122_CI__10X_17_grch38:AACTCTTGTGTTAAGAx,MS,CI,MS122
MS122_CI__10X_17_grch38:AACTGGTCAGCTGTGCx,MS,CI,MS122
MS122_CI__10X_17_grch38:AAGGAGCGTCAACTGTx,MS,CI,MS122
MS122_CI__10X_17_grch38:AAGGCAGCAATTCCTTx,MS,CI,MS122
MS122_CI__10X_17_grch38:AATCCAGAGCCAGTTTx,MS,CI,MS122
MS122_CI__10X_17_grch38:ACACCGGAGGTGCTAGx,MS,CI,MS122
MS122_CI__10X_17_grch38:ACGATGTCATGGATGGx,MS,CI,MS122
MS122_CI__10X_17_grch38:ACGGAGAGTAGATTAGx,MS,CI,MS122
MS122_CI__10X_17_grch38:ACTGTCCGTTCGTTGAx,MS,CI,MS122
MS122_CI__10X_17_grch38:AGAGTGGGTAAATGACx,MS,CI,MS122
MS122_CI__10X_17_grch38:AGCAGCCGTGAACCTTx,MS,CI,MS122
MS122_CI__10X_17_grch38:AGCATACAGAGGTACCx,MS,CI,MS122
MS122_CI__10X_17_grch38:AGCATACGTCGTTGTAx,MS,CI,MS122
MS122_CI__10X_17_grch38:AGTCTTTTCTTTACACx,MS,CI,MS122
MS122_CI__10X_17_grch38:ATAAGAGCAGCTGTATx,MS,CI,MS122
MS122_CI__10X_17_grch38:ATCATGGCATCCCACTx,MS,CI,MS122
MS122_CI__10X_17_grch38:ATGAGGGCAGCCTTTCx,MS,CI,MS122
MS122_CI__10X_17_grch38:CAAGATCAGTTACCCAx,MS,CI,MS122
MS122_CI__10X_17_grch38:CAAGTTGTCAAACCACx,MS,CI,MS122
MS122_CI__10X_17_grch38:CACAAACGTTATCGGTx,MS,CI,MS122
MS122_CI__10X_17_grch38:CAGCCGATCCCAACGGx,MS,CI,MS122
MS122_CI__10X_17_grch38:CAGCCGATCCGTAGTAx,MS,CI,MS122
MS122_CI__10X_17_grch38:CAGCTGGTCTGCAGTAx,MS,CI,MS122
MS122_CI__10X_17_grch38:CATGCCTTCCGATATGx,MS,CI,MS122
MS122_CI__10X_17_grch38:CCACCTACACATTTCTx,MS,CI,MS122
MS122_CI__10X_17_grch38:CCACCTAGTAAGGATTx,MS,CI,MS122
MS122_CI__10X_17_grch38:CCGGGATAGAGACGAAx,MS,CI,MS122
MS122_CI__10X_17_grch38:CCGTGGACATGCCTTCx,MS,CI,MS122
MS122_CI__10X_17_grch38:CCTCTGAGTACCCAATx,MS,CI,MS122
MS122_CI__10X_17_grch38:CCTTCCCTCACTATTCx,MS,CI,MS122
MS122_CI__10X_17_grch38:CGAGCACGTTACGCGCx,MS,CI,MS122
MS122_CI__10X_17_grch38:CGAGCACGTTCTGTTTx,MS,CI,MS122
MS122_CI__10X_17_grch38:CGATGGCTCCTACAGAx,MS,CI,MS122
MS122_CI__10X_17_grch38:CGGACGTAGTTTGCGTx,MS,CI,MS122
MS122_CI__10X_17_grch38:CGGCTAGGTCAAAGCGx,MS,CI,MS122
MS122_CI__10X_17_grch38:CTAATGGCAGTTCCCTx,MS,CI,MS122
MS122_CI__10X_17_grch38:CTCACACCAGCGTCCAx,MS,CI,MS122
MS122_CI__10X_17_grch38:CTCATTATCGATGAGGx,MS,CI,MS122
MS122_CI__10X_17_grch38:CTCGAAAGTTCCACAAx,MS,CI,MS122
MS122_CI__10X_17_grch38:CTCTGGTCACCTGGTGx,MS,CI,MS122
MS122_CI__10X_17_grch38:CTGCGGAAGGTACTCTx,MS,CI,MS122
MS122_CI__10X_17_grch38:CTGCGGAAGTTGAGATx,MS,CI,MS122
MS122_CI__10X_17_grch38:CTTAGGATCAGAGCTTx,MS,CI,MS122
MS122_CI__10X_17_grch38:GAATGAACAAGCGTAGx,MS,CI,MS122
MS122_CI__10X_17_grch38:GACTACATCAAGAAGTx,MS,CI,MS122
MS122_CI__10X_17_grch38:GAGCAGACAGCCAATTx,MS,CI,MS122
MS122_CI__10X_17_grch38:GATCGCGTCCCGACTTx,MS,CI,MS122
MS122_CI__10X_17_grch38:GATGAAACATGCAATCx,MS,CI,MS122
MS122_CI__10X_17_grch38:GCATGATGTAAATGTGx,MS,CI,MS122
MS122_CI__10X_17_grch38:GCGCAACCATCGGTTAx,MS,CI,MS122
MS122_CI__10X_17_grch38:GCGGGTTTCGGCTACGx,MS,CI,MS122
MS122_CI__10X_17_grch38:GCTGCAGTCAAGGTAAx,MS,CI,MS122
MS122_CI__10X_17_grch38:GGACGTCAGAGGACGGx,MS,CI,MS122
MS122_CI__10X_17_grch38:GGCAATTCATCGGACCx,MS,CI,MS122
MS122_CI__10X_17_grch38:GGCCGATCAATCACACx,MS,CI,MS122
MS122_CI__10X_17_grch38:GGCCGATGTCCGTCAGx,MS,CI,MS122
MS122_CI__10X_17_grch38:GGGTCTGAGAGTGAGAx,MS,CI,MS122
MS122_CI__10X_17_grch38:GTGCGGTGTCATGCCGx,MS,CI,MS122
MS122_CI__10X_17_grch38:GTGGGTCGTGTAAGTAx,MS,CI,MS122
MS122_CI__10X_17_grch38:GTTTCTAGTGAGTGACx,MS,CI,MS122
MS122_CI__10X_17_grch38:TACTCATGTGGAAAGAx,MS,CI,MS122
MS122_CI__10X_17_grch38:TACTTACGTAGATTAGx,MS,CI,MS122
MS122_CI__10X_17_grch38:TACTTGTTCACAGTACx,MS,CI,MS122
MS122_CI__10X_17_grch38:TATTACCTCGTCTGAAx,MS,CI,MS122
MS122_CI__10X_17_grch38:TCACGAACAAACGTGGx,MS,CI,MS122
MS122_CI__10X_17_grch38:TCCCGATCACCGGAAAx,MS,CI,MS122
MS122_CI__10X_17_grch38:TCGCGTTCAAACAACAx,MS,CI,MS122
MS122_CI__10X_17_grch38:TGACTTTGTCTTGTCCx,MS,CI,MS122
MS122_CI__10X_17_grch38:TGGCGCACAGGCGATAx,MS,CI,MS122
MS122_CI__10X_17_grch38:TGGCGCATCTAACGGTx,MS,CI,MS122
MS122_CI__10X_17_grch38:TGGTTAGGTTCAACCAx,MS,CI,MS122
MS122_CI__10X_17_grch38:TGGTTCCAGAAGGTTTx,MS,CI,MS122
MS122_CI__10X_17_grch38:TTAGGCATCAGTGCATx,MS,CI,MS122
MS122_CI__10X_17_grch38:TTTATGCCAGCGTAAGx,MS,CI,MS122
MS122_A__10X_17_grch38:AACCATGCATGGTAGGx,MS,A,MS122
MS122_A__10X_17_grch38:AACTCAGGTAGTACCTx,MS,A,MS122
MS122_A__10X_17_grch38:AACTCAGTCTAACTCTx,MS,A,MS122
MS122_A__10X_17_grch38:AAGACCTAGTGGGCTAx,MS,A,MS122
MS122_A__10X_17_grch38:AAGCCGCCACCGCTAGx,MS,A,MS122
MS122_A__10X_17_grch38:ACGCAGCCAAGGCTCCx,MS,A,MS122
MS122_A__10X_17_grch38:ACGGGTCTCCACGAATx,MS,A,MS122
MS122_A__10X_17_grch38:ACTGTCCCATGCCCGAx,MS,A,MS122
MS122_A__10X_17_grch38:ACTTACTGTTGAACTCx,MS,A,MS122
MS122_A__10X_17_grch38:ACTTTCAAGTCGTACTx,MS,A,MS122
MS122_A__10X_17_grch38:AGATTGCCAAAGCAATx,MS,A,MS122
MS122_A__10X_17_grch38:AGATTGCCAACGATGGx,MS,A,MS122
MS122_A__10X_17_grch38:AGCTCTCAGCTAGCCCx,MS,A,MS122
MS122_A__10X_17_grch38:AGGGTGACATGCAATCx,MS,A,MS122
MS122_A__10X_17_grch38:ATGCGATCACGAAAGCx,MS,A,MS122
MS122_A__10X_17_grch38:CAACCAACAATCACACx,MS,A,MS122
MS122_A__10X_17_grch38:CAACTAGGTACTCGCGx,MS,A,MS122
MS122_A__10X_17_grch38:CAGAATCAGGAGCGTTx,MS,A,MS122
MS122_A__10X_17_grch38:CAGCTGGTCCTCTAGCx,MS,A,MS122
MS122_A__10X_17_grch38:CATTATCAGTGAATTGx,MS,A,MS122
MS122_A__10X_17_grch38:CCACGGAAGACAAGCCx,MS,A,MS122
MS122_A__10X_17_grch38:CCACGGAAGCTACCGCx,MS,A,MS122
MS122_A__10X_17_grch38:CCACTACGTAGCGTCCx,MS,A,MS122
MS122_A__10X_17_grch38:CCAGCGAGTAGAAGGAx,MS,A,MS122
MS122_A__10X_17_grch38:CCCATACTCTTGAGGTx,MS,A,MS122
MS122_A__10X_17_grch38:CCGGGATAGCTAGGCAx,MS,A,MS122
MS122_A__10X_17_grch38:CCTAAAGCACCATCCTx,MS,A,MS122
MS122_A__10X_17_grch38:CCTTCCCAGGCATTGGx,MS,A,MS122
MS122_A__10X_17_grch38:CGACCTTAGCGTGAGTx,MS,A,MS122
MS122_A__10X_17_grch38:CGTAGCGCACTAAGTCx,MS,A,MS122
MS122_A__10X_17_grch38:CGTCTACAGAAACCGCx,MS,A,MS122
MS122_A__10X_17_grch38:CGTGTAAGTACCTACAx,MS,A,MS122
MS122_A__10X_17_grch38:CTCACACCACTGTTAGx,MS,A,MS122
MS122_A__10X_17_grch38:CTGATCCAGCTCCCAGx,MS,A,MS122
MS122_A__10X_17_grch38:GAACGGAAGACACTAAx,MS,A,MS122
MS122_A__10X_17_grch38:GACGGCTTCTGGGCCAx,MS,A,MS122
MS122_A__10X_17_grch38:GATCGATCAGCGTTCGx,MS,A,MS122
MS122_A__10X_17_grch38:GATGAGGTCAACCATGx,MS,A,MS122
MS122_A__10X_17_grch38:GCAAACTTCATCGATGx,MS,A,MS122
MS122_A__10X_17_grch38:GCAGTTATCGGTGTTAx,MS,A,MS122
MS122_A__10X_17_grch38:GCGAGAACAGGACGTAx,MS,A,MS122
MS122_A__10X_17_grch38:GCGAGAACATTCCTGCx,MS,A,MS122
MS122_A__10X_17_grch38:GGCGTGTGTGTGGTTTx,MS,A,MS122
MS122_A__10X_17_grch38:GGGCATCGTCTTCAAGx,MS,A,MS122
MS122_A__10X_17_grch38:GGGTTGCTCACTCCTGx,MS,A,MS122
MS122_A__10X_17_grch38:GGTATTGGTTAGGGTGx,MS,A,MS122
MS122_A__10X_17_grch38:GTCAAGTCACGTAAGGx,MS,A,MS122
MS122_A__10X_17_grch38:GTCAAGTTCATTGCGAx,MS,A,MS122
MS122_A__10X_17_grch38:GTCACAAAGGGTGTGTx,MS,A,MS122
MS122_A__10X_17_grch38:TACGGTAAGGTCGGATx,MS,A,MS122
MS122_A__10X_17_grch38:TCACGAATCCACGTGGx,MS,A,MS122
MS122_A__10X_17_grch38:TCAGCAAGTAAATGTGx,MS,A,MS122
MS122_A__10X_17_grch38:TCAGGTATCCTTGACCx,MS,A,MS122
MS122_A__10X_17_grch38:TCGGTAAAGAGGTTATx,MS,A,MS122
MS122_A__10X_17_grch38:TCGTACCAGGGATCTGx,MS,A,MS122
MS122_A__10X_17_grch38:TGCTGCTTCTACTATCx,MS,A,MS122
MS122_A__10X_17_grch38:TGGCCAGAGACAGGCTx,MS,A,MS122
MS122_A__10X_17_grch38:TGTGTTTCAGGTTTCAx,MS,A,MS122
MS122_A__10X_17_grch38:TTAGGACAGACACGACx,MS,A,MS122
MS122_A__10X_17_grch38:TTCTCCTTCGGCCGATx,MS,A,MS122
MS121_NAWM__10X_17_grch38:AAACGGGTCACGCATAx,MS,NAWM,MS121
MS121_NAWM__10X_17_grch38:AAAGATGAGAGTCTGGx,MS,NAWM,MS121
MS121_NAWM__10X_17_grch38:AAAGCAAGTACAGTGGx,MS,NAWM,MS121
MS121_NAWM__10X_17_grch38:AAGACCTCACATAACCx,MS,NAWM,MS121
MS121_NAWM__10X_17_grch38:AATCGGTCACTATCTTx,MS,NAWM,MS121
MS121_NAWM__10X_17_grch38:ACATCAGGTAAGAGGAx,MS,NAWM,MS121
MS121_NAWM__10X_17_grch38:ACGGCCAGTATAGGTAx,MS,NAWM,MS121
MS121_NAWM__10X_17_grch38:AGCCTAAGTAAGTAGTx,MS,NAWM,MS121
MS121_NAWM__10X_17_grch38:AGGTCATTCATCATTCx,MS,NAWM,MS121
MS121_NAWM__10X_17_grch38:ATTACTCTCAGCGACCx,MS,NAWM,MS121
MS121_NAWM__10X_17_grch38:ATTCTACCAGGGATTGx,MS,NAWM,MS121
MS121_NAWM__10X_17_grch38:CAACTAGCACAAGTAAx,MS,NAWM,MS121
MS121_NAWM__10X_17_grch38:CACACAAAGATATGGTx,MS,NAWM,MS121
MS121_NAWM__10X_17_grch38:CACAGTAGTTCCTCCAx,MS,NAWM,MS121
MS121_NAWM__10X_17_grch38:CACCTTGGTACCATCAx,MS,NAWM,MS121
MS121_NAWM__10X_17_grch38:CAGATCAAGCCAGAACx,MS,NAWM,MS121
MS121_NAWM__10X_17_grch38:CATCCACAGTTAGGTAx,MS,NAWM,MS121
MS121_NAWM__10X_17_grch38:CATCGAATCAATAAGGx,MS,NAWM,MS121
MS121_NAWM__10X_17_grch38:CCATGTCGTCAACTGTx,MS,NAWM,MS121
MS121_NAWM__10X_17_grch38:CCCATACAGTAGCCGAx,MS,NAWM,MS121
MS121_NAWM__10X_17_grch38:CGGACACCATATACGCx,MS,NAWM,MS121
MS121_NAWM__10X_17_grch38:CGGAGCTAGACGCAACx,MS,NAWM,MS121
MS121_NAWM__10X_17_grch38:CGGTTAATCTTCCTTCx,MS,NAWM,MS121
MS121_NAWM__10X_17_grch38:CGTAGGCCATTAGGCTx,MS,NAWM,MS121
MS121_NAWM__10X_17_grch38:CTCGGAGGTTACGCGCx,MS,NAWM,MS121
MS121_NAWM__10X_17_grch38:CTCGGGATCCAATGGTx,MS,NAWM,MS121
MS121_NAWM__10X_17_grch38:CTCGTACCATCTACGAx,MS,NAWM,MS121
MS121_NAWM__10X_17_grch38:CTGAAGTTCACGATGTx,MS,NAWM,MS121
MS121_NAWM__10X_17_grch38:CTTAACTCAAGCTGTTx,MS,NAWM,MS121
MS121_NAWM__10X_17_grch38:CTTTGCGAGGCTAGGTx,MS,NAWM,MS121
MS121_NAWM__10X_17_grch38:GCATGTATCGCATGGCx,MS,NAWM,MS121
MS121_NAWM__10X_17_grch38:GCGACCAAGGGAGTAAx,MS,NAWM,MS121
MS121_NAWM__10X_17_grch38:GGCCGATGTGACTCATx,MS,NAWM,MS121
MS121_NAWM__10X_17_grch38:GGGCATCCACGTCTCTx,MS,NAWM,MS121
MS121_NAWM__10X_17_grch38:GGGTTGCTCACCCTCAx,MS,NAWM,MS121
MS121_NAWM__10X_17_grch38:GTACTCCGTCCCTTGTx,MS,NAWM,MS121
MS121_NAWM__10X_17_grch38:GTGCTTCAGATGTCGGx,MS,NAWM,MS121
MS121_NAWM__10X_17_grch38:GTGTGCGTCGGCTTGGx,MS,NAWM,MS121
MS121_NAWM__10X_17_grch38:GTTCATTCATTGGTACx,MS,NAWM,MS121
MS121_NAWM__10X_17_grch38:TAAGAGAAGTACGCGAx,MS,NAWM,MS121
MS121_NAWM__10X_17_grch38:TACCTATCAAGAGTCGx,MS,NAWM,MS121
MS121_NAWM__10X_17_grch38:TACTCATGTGTAATGAx,MS,NAWM,MS121
MS121_NAWM__10X_17_grch38:TACTTACGTGAAATCAx,MS,NAWM,MS121
MS121_NAWM__10X_17_grch38:TAGTGGTAGCTGAAATx,MS,NAWM,MS121
MS121_NAWM__10X_17_grch38:TAGTTGGCAAGCGTAGx,MS,NAWM,MS121
MS121_NAWM__10X_17_grch38:TCACAAGCAGCGTTCGx,MS,NAWM,MS121
MS121_NAWM__10X_17_grch38:TCAGGATCACCTCGTTx,MS,NAWM,MS121
MS121_NAWM__10X_17_grch38:TCATTACCACTTAAGCx,MS,NAWM,MS121
MS121_NAWM__10X_17_grch38:TCTTCGGGTGAGGGTTx,MS,NAWM,MS121
MS121_NAWM__10X_17_grch38:TGAGCCGAGAGGGATAx,MS,NAWM,MS121
MS121_NAWM__10X_17_grch38:TGCTACCGTGGCCCTAx,MS,NAWM,MS121
MS121_NAWM__10X_17_grch38:TTCGGTCAGTGTCCATx,MS,NAWM,MS121
MS121_A3__10X_17_grch38:AAAGCAACATTCACTTx,MS,A,MS121
MS121_A3__10X_17_grch38:AACACGTAGGCATGGTx,MS,A,MS121
MS121_A3__10X_17_grch38:AAGGAGCTCACGGTTAx,MS,A,MS121
MS121_A3__10X_17_grch38:AATCGGTTCGAATCCAx,MS,A,MS121
MS121_A3__10X_17_grch38:ACCTTTATCCCGGATGx,MS,A,MS121
MS121_A3__10X_17_grch38:ACGGCCATCCAGTAGTx,MS,A,MS121
MS121_A3__10X_17_grch38:AGATTGCTCTCATTCAx,MS,A,MS121
MS121_A3__10X_17_grch38:AGTGGGAGTGATGTCTx,MS,A,MS121
MS121_A3__10X_17_grch38:ATCATGGAGTTAGGTAx,MS,A,MS121
MS121_A3__10X_17_grch38:CAAGTTGTCTGGAGCCx,MS,A,MS121
MS121_A3__10X_17_grch38:CATCAAGAGCTGCCCAx,MS,A,MS121
MS121_A3__10X_17_grch38:CCGGTAGCATTCCTCGx,MS,A,MS121
MS121_A3__10X_17_grch38:CCTTTCTTCGTGTAGTx,MS,A,MS121
MS121_A3__10X_17_grch38:CTACGTCAGTAGCCGAx,MS,A,MS121
MS121_A3__10X_17_grch38:CTCGTACGTATATCCGx,MS,A,MS121
MS121_A3__10X_17_grch38:GAATGAACACGAAAGCx,MS,A,MS121
MS121_A3__10X_17_grch38:GACCTGGTCCCTCAGTx,MS,A,MS121
MS121_A3__10X_17_grch38:GCACATAAGTAGGCCAx,MS,A,MS121
MS121_A3__10X_17_grch38:GCGCAGTTCTTCGGTCx,MS,A,MS121
MS121_A3__10X_17_grch38:GGGCACTAGGACAGCTx,MS,A,MS121
MS121_A3__10X_17_grch38:GGTGCGTGTGCCTGCAx,MS,A,MS121
MS121_A3__10X_17_grch38:GTCATTTAGCCAGAACx,MS,A,MS121
MS121_A3__10X_17_grch38:GTCGTAATCGGTCCGAx,MS,A,MS121
MS121_A3__10X_17_grch38:TATGCCCCACGCGAAAx,MS,A,MS121
MS121_A3__10X_17_grch38:TATTACCCAGTCAGCCx,MS,A,MS121
MS121_A3__10X_17_grch38:TGGGAAGCACACCGCAx,MS,A,MS121
MS121_A3__10X_17_grch38:TGTGTTTTCGCATGATx,MS,A,MS121
MS121_A3__10X_17_grch38:TTAGTTCAGGCAGGTTx,MS,A,MS121
MS121_A3__10X_17_grch38:TTTACTGAGCTAGCCCx,MS,A,MS121
MS121_A3__10X_17_grch38:TTTCCTCCAATTGCTGx,MS,A,MS121
MS121_A2__10X_17_grch38:AAGTCTGAGGACCACAx,MS,A,MS121
MS121_A2__10X_17_grch38:ACGAGCCTCAACGGCCx,MS,A,MS121
MS121_A2__10X_17_grch38:ACGCCAGCAATCGAAAx,MS,A,MS121
MS121_A2__10X_17_grch38:ACTTGTTTCACTCCTGx,MS,A,MS121
MS121_A2__10X_17_grch38:AGAGCGAGTTAAGGGCx,MS,A,MS121
MS121_A2__10X_17_grch38:AGCATACCATCCGGGTx,MS,A,MS121
MS121_A2__10X_17_grch38:AGCGTATCACATCCGGx,MS,A,MS121
MS121_A2__10X_17_grch38:AGCTTGACATCCGCGAx,MS,A,MS121
MS121_A2__10X_17_grch38:AGTTGGTCAGGGTACAx,MS,A,MS121
MS121_A2__10X_17_grch38:CATTCGCCACATTTCTx,MS,A,MS121
MS121_A2__10X_17_grch38:CCAATCCTCCCACTTGx,MS,A,MS121
MS121_A2__10X_17_grch38:CCATTCGCAAGTCATCx,MS,A,MS121
MS121_A2__10X_17_grch38:CCGGTAGCATAGTAAGx,MS,A,MS121
MS121_A2__10X_17_grch38:CCTTCCCTCCAGTAGTx,MS,A,MS121
MS121_A2__10X_17_grch38:CGAATGTAGACGACGTx,MS,A,MS121
MS121_A2__10X_17_grch38:CGACCTTAGCCCGAAAx,MS,A,MS121
MS121_A2__10X_17_grch38:CGATGTAAGCCGTCGTx,MS,A,MS121
MS121_A2__10X_17_grch38:CGTAGGCTCCACGTGGx,MS,A,MS121
MS121_A2__10X_17_grch38:CTAGCCTGTGCACTTAx,MS,A,MS121
MS121_A2__10X_17_grch38:CTCGGAGTCCACGACGx,MS,A,MS121
MS121_A2__10X_17_grch38:CTCTACGCACCATCCTx,MS,A,MS121
MS121_A2__10X_17_grch38:CTGAAGTTCATCGATGx,MS,A,MS121
MS121_A2__10X_17_grch38:CTGTTTAAGTGTCCATx,MS,A,MS121
MS121_A2__10X_17_grch38:CTTAACTAGAGGTTGCx,MS,A,MS121
MS121_A2__10X_17_grch38:GAAGCAGCAGCATGAGx,MS,A,MS121
MS121_A2__10X_17_grch38:GACCTGGGTAATAGCAx,MS,A,MS121
MS121_A2__10X_17_grch38:GAGCAGAAGTTGTAGAx,MS,A,MS121
MS121_A2__10X_17_grch38:GCAAACTCAGAAGCACx,MS,A,MS121
MS121_A2__10X_17_grch38:GCATACATCTATCCTAx,MS,A,MS121
MS121_A2__10X_17_grch38:GCGACCAGTAGCAAATx,MS,A,MS121
MS121_A2__10X_17_grch38:GGAAAGCAGTACATGAx,MS,A,MS121
MS121_A2__10X_17_grch38:GGCAATTGTAGAAGGAx,MS,A,MS121
MS121_A2__10X_17_grch38:GGGCACTAGTCTTGCAx,MS,A,MS121
MS121_A2__10X_17_grch38:GTAGGCCCACATGACTx,MS,A,MS121
MS121_A2__10X_17_grch38:GTATTCTGTTGCTCCTx,MS,A,MS121
MS121_A2__10X_17_grch38:GTCACGGGTCGCTTCTx,MS,A,MS121
MS121_A2__10X_17_grch38:GTTAAGCTCACTTATCx,MS,A,MS121
MS121_A2__10X_17_grch38:TAAACCGCACCGGAAAx,MS,A,MS121
MS121_A2__10X_17_grch38:TAAGTGCGTGTGAAATx,MS,A,MS121
MS121_A2__10X_17_grch38:TACGGATAGCTAACAAx,MS,A,MS121
MS121_A2__10X_17_grch38:TACGGTAGTAAGAGGAx,MS,A,MS121
MS121_A2__10X_17_grch38:TCAATCTGTAAACCTCx,MS,A,MS121
MS121_A2__10X_17_grch38:TGCGCAGGTGCAGACAx,MS,A,MS121
MS121_CA__10X_17_grch38:ACCGTAATCTACCAGAx,MS,CA,MS121
MS121_CA__10X_17_grch38:ACGGGCTGTCAGAAGCx,MS,CA,MS121
MS121_CA__10X_17_grch38:AGAGCTTCAATCAGAAx,MS,CA,MS121
MS121_CA__10X_17_grch38:AGCCTAAAGTTGAGATx,MS,CA,MS121
MS121_CA__10X_17_grch38:ATCACGAAGCTAGTCTx,MS,CA,MS121
MS121_CA__10X_17_grch38:ATCTGCCCATCCCACTx,MS,CA,MS121
MS121_CA__10X_17_grch38:CACACAAAGTATTGGAx,MS,CA,MS121
MS121_CA__10X_17_grch38:CATCCACTCTGGAGCCx,MS,CA,MS121
MS121_CA__10X_17_grch38:CATCGAAAGTCGATAAx,MS,CA,MS121
MS121_CA__10X_17_grch38:CCATTCGCAATGTTGCx,MS,CA,MS121
MS121_CA__10X_17_grch38:CCTTCGAAGCTGAACGx,MS,CA,MS121
MS121_CA__10X_17_grch38:CGCTGGAGTCCCTTGTx,MS,CA,MS121
MS121_CA__10X_17_grch38:GATCTAGCATATACGCx,MS,CA,MS121
MS121_CA__10X_17_grch38:GCGCAACAGGCTCATTx,MS,CA,MS121
MS121_CA__10X_17_grch38:TAAGAGACACCAGGCTx,MS,CA,MS121
MS121_CA__10X_17_grch38:TACCTTACATTACGACx,MS,CA,MS121
MS122_CI__10X_17_grch38:CTGATAGTCACTTATCx,MS,CI,MS122
CO25__10X_17_grch38:CGAGAAGCATGTTCCCx,normal,Ctrl,CO25
MS176_RM__10X_17_grch38:GACCTGGGTAGGAGTCx,MS,RM,MS176
MS176_CI__10X_17_056_roche_grch38_4:ATTTCTGAGCTAGTTCx,MS,CI,MS176
MS176_CA__10X_17_grch38:AAAGTAGGTGAGGGAGx,MS,CA,MS176
MS176_CA__10X_17_grch38:AACGTTGAGGGTGTTGx,MS,CA,MS176
MS176_CA__10X_17_grch38:ACTGAACCAATGTTGCx,MS,CA,MS176
MS176_CA__10X_17_grch38:AGCTTGACATACGCTAx,MS,CA,MS176
MS176_CA__10X_17_grch38:AGCTTGAGTTGGTTTGx,MS,CA,MS176
MS176_CA__10X_17_grch38:ATAACGCTCATCACCCx,MS,CA,MS176
MS176_CA__10X_17_grch38:ATCTGCCGTGCACCACx,MS,CA,MS176
MS176_CA__10X_17_grch38:CACAGTAGTCCCGACAx,MS,CA,MS176
MS176_CA__10X_17_grch38:CACATAGCAGAGCCAAx,MS,CA,MS176
MS176_CA__10X_17_grch38:CCAGCGAAGAATGTTGx,MS,CA,MS176
MS176_CA__10X_17_grch38:CGACTTCTCGTGGTCGx,MS,CA,MS176
MS176_CA__10X_17_grch38:CGGACACCAAGCCTATx,MS,CA,MS176
MS176_CA__10X_17_grch38:CGTAGGCGTCCTAGCGx,MS,CA,MS176
MS176_CA__10X_17_grch38:CGTTAGAAGTACGTTCx,MS,CA,MS176
MS176_CA__10X_17_grch38:CGTTCTGCACTTGGATx,MS,CA,MS176
MS176_CA__10X_17_grch38:CTCACACCATCCCACTx,MS,CA,MS176
MS176_CA__10X_17_grch38:CTCGAAAAGCGTTTACx,MS,CA,MS176
MS176_CA__10X_17_grch38:CTGCGGAGTAGGGACTx,MS,CA,MS176
MS176_CA__10X_17_grch38:CTTGGCTGTTCCCTTGx,MS,CA,MS176
MS176_CA__10X_17_grch38:GACCAATCACAAGACGx,MS,CA,MS176
MS176_CA__10X_17_grch38:GATCGATCAAAGGTGCx,MS,CA,MS176
MS176_CA__10X_17_grch38:GGTGCGTGTCATACTGx,MS,CA,MS176
MS176_CA__10X_17_grch38:GTAGTCAAGCCTCGTGx,MS,CA,MS176
MS176_CA__10X_17_grch38:GTATTCTTCTCCGGTTx,MS,CA,MS176
MS176_CA__10X_17_grch38:GTCATTTCAAAGGAAGx,MS,CA,MS176
MS176_CA__10X_17_grch38:GTCTCGTAGGAACTGCx,MS,CA,MS176
MS176_CA__10X_17_grch38:GTGCGGTTCGTCACGGx,MS,CA,MS176
MS176_CA__10X_17_grch38:TACGGATTCGCTTAGAx,MS,CA,MS176
MS176_CA__10X_17_grch38:TCAACGAAGATGGGTCx,MS,CA,MS176
MS176_CA__10X_17_grch38:TGGCCAGGTACAAGTAx,MS,CA,MS176
CO39__10X_17_grch38:ACGATGTAGACAGAGAx,normal,Ctrl,CO39
CO39__10X_17_grch38:ACTGTCCGTTTGTGTGx,normal,Ctrl,CO39
CO39__10X_17_grch38:CACCACTGTCCGTGACx,normal,Ctrl,CO39
CO39__10X_17_grch38:CGGAGCTGTCAATGTCx,normal,Ctrl,CO39
CO39__10X_17_grch38:GATGAGGTCTGATTCTx,normal,Ctrl,CO39
CO39__10X_17_grch38:GCACATATCACGCGGTx,normal,Ctrl,CO39
CO39__10X_17_grch38:TGAGCCGGTCGGCATCx,normal,Ctrl,CO39
CO14__10X_17_grch38:ACCAGTATCACGAAGGx,normal,Ctrl,CO14
CO14__10X_17_grch38:ACGCCAGTCTTGTCATx,normal,Ctrl,CO14
CO14__10X_17_grch38:ACTATCTCATTGCGGCx,normal,Ctrl,CO14
CO14__10X_17_grch38:CACACTCTCACTTACTx,normal,Ctrl,CO14
CO14__10X_17_grch38:CAGGTGCGTGGGTCAAx,normal,Ctrl,CO14
CO14__10X_17_grch38:CAGTCCTTCAACCAACx,normal,Ctrl,CO14
CO14__10X_17_grch38:CATCAGAAGTCCGTATx,normal,Ctrl,CO14
CO14__10X_17_grch38:CTCAGAAGTTTGGCGCx,normal,Ctrl,CO14
CO14__10X_17_grch38:CTGCCTAGTCTGCGGTx,normal,Ctrl,CO14
CO14__10X_17_grch38:GACTAACTCTGCAAGTx,normal,Ctrl,CO14
CO14__10X_17_grch38:GTCGTAAGTGAGCGATx,normal,Ctrl,CO14
CO14__10X_17_grch38:TCAGGATCACATCTTTx,normal,Ctrl,CO14
CO14__10X_17_grch38:TGGACGCCACGGCTACx,normal,Ctrl,CO14
CO14__10X_17_grch38:TGGACGCTCCCTTGTGx,normal,Ctrl,CO14
MS242_CA5__10X_17_grch38:AATCGGTCAGTATGCTx,MS,CA,MS242
MS242_CA5__10X_17_grch38:ACGGCCATCGGCATCGx,MS,CA,MS242
MS242_CA5__10X_17_grch38:ACGTCAACATCGGACCx,MS,CA,MS242
MS242_CA5__10X_17_grch38:AGAGTGGAGACTAAGTx,MS,CA,MS242
MS242_CA5__10X_17_grch38:AGCTTGACAGCATACTx,MS,CA,MS242
MS242_CA5__10X_17_grch38:AGGGATGGTCACTTCCx,MS,CA,MS242
MS242_CA5__10X_17_grch38:ATCCACCAGACACTAAx,MS,CA,MS242
MS242_CA5__10X_17_grch38:ATCCACCAGTGGGTTGx,MS,CA,MS242
MS242_CA5__10X_17_grch38:ATCGAGTCACACTGCGx,MS,CA,MS242
MS242_CA5__10X_17_grch38:ATCTACTCAGGAATCGx,MS,CA,MS242
MS242_CA5__10X_17_grch38:CACACTCCACCAGGCTx,MS,CA,MS242
MS242_CA5__10X_17_grch38:CATCGGGGTATAGGGCx,MS,CA,MS242
MS242_CA5__10X_17_grch38:CCACGGAAGGTGTGGTx,MS,CA,MS242
MS242_CA5__10X_17_grch38:CCACTACCACGTCTCTx,MS,CA,MS242
MS242_CA5__10X_17_grch38:CCATTCGTCAAACAAGx,MS,CA,MS242
MS242_CA5__10X_17_grch38:CCCATACGTGCACTTAx,MS,CA,MS242
MS242_CA5__10X_17_grch38:CGTGAGCAGGTGTGGTx,MS,CA,MS242
MS242_CA5__10X_17_grch38:CTCATTACATTCTCATx,MS,CA,MS242
MS242_CA5__10X_17_grch38:GAACATCTCTTTAGTCx,MS,CA,MS242
MS242_CA5__10X_17_grch38:GAGTCCGAGTCCATACx,MS,CA,MS242
MS242_CA5__10X_17_grch38:GATCAGTGTAAGAGAGx,MS,CA,MS242
MS242_CA5__10X_17_grch38:GCATGTATCCGGCACAx,MS,CA,MS242
MS242_CA5__10X_17_grch38:GGAATAACATCCTTGCx,MS,CA,MS242
MS242_CA5__10X_17_grch38:GGCTGGTCAGATCTGTx,MS,CA,MS242
MS242_CA5__10X_17_grch38:GTTACAGTCGTCGTTCx,MS,CA,MS242
MS242_CA5__10X_17_grch38:TCCACACAGACTAGATx,MS,CA,MS242
MS242_CA5__10X_17_grch38:TCGTACCAGGGTGTTGx,MS,CA,MS242
MS242_CA5__10X_17_grch38:TTCGGTCAGGCATGGTx,MS,CA,MS242
MS242_CI__10X_17_grch38:AGAATAGGTCTAGCGCx,MS,CI,MS242
MS242_CI__10X_17_grch38:AGGTCCGTCGGTGTCGx,MS,CI,MS242
MS242_CI__10X_17_grch38:CCAATCCTCTGCAAGTx,MS,CI,MS242
MS242_CI__10X_17_grch38:CCAGCGAAGGTGCAACx,MS,CI,MS242
MS242_CI__10X_17_grch38:CTAGCCTGTCTCGTTCx,MS,CI,MS242
MS242_CI__10X_17_grch38:GATCGTAGTTGATTCGx,MS,CI,MS242
MS242_CI__10X_17_grch38:GGATTACTCTGGTTCCx,MS,CI,MS242
MS242_CI__10X_17_grch38:GGCCGATTCGAACTGTx,MS,CI,MS242
MS242_CI__10X_17_grch38:GTCTTCGGTCATACTGx,MS,CI,MS242
MS242_CI__10X_17_grch38:TAGGCATAGTTGTAGAx,MS,CI,MS242
MS242_CA2__10X_17_grch38:AAAGATGTCCCTCTTTx,MS,CA,MS242
MS242_CA2__10X_17_grch38:AAAGCAACAAACAACAx,MS,CA,MS242
MS242_CA2__10X_17_grch38:AACTCCCAGTCGTTTGx,MS,CA,MS242
MS242_CA2__10X_17_grch38:AAGGTTCTCAGTGTTGx,MS,CA,MS242
MS242_CA2__10X_17_grch38:ACACCCTTCCGCAAGCx,MS,CA,MS242
MS242_CA2__10X_17_grch38:ACACCGGGTCCTCCATx,MS,CA,MS242
MS242_CA2__10X_17_grch38:ACATACGCACGCCAGTx,MS,CA,MS242
MS242_CA2__10X_17_grch38:ACCAGTAGTCAAAGCGx,MS,CA,MS242
MS242_CA2__10X_17_grch38:ACCCACTCAGCTTCGGx,MS,CA,MS242
MS242_CA2__10X_17_grch38:ACGGCCACAGGTGCCTx,MS,CA,MS242
MS242_CA2__10X_17_grch38:ACTTACTAGTACGATAx,MS,CA,MS242
MS242_CA2__10X_17_grch38:ACTTACTGTGTATGGGx,MS,CA,MS242
MS242_CA2__10X_17_grch38:AGATCTGTCTGAGGGAx,MS,CA,MS242
MS242_CA2__10X_17_grch38:AGATTGCTCTTAGAGCx,MS,CA,MS242
MS242_CA2__10X_17_grch38:AGCAGCCCACTGAAGGx,MS,CA,MS242
MS242_CA2__10X_17_grch38:AGCCTAAAGCGTTGCCx,MS,CA,MS242
MS242_CA2__10X_17_grch38:AGCTCTCGTGCACGAAx,MS,CA,MS242
MS242_CA2__10X_17_grch38:AGGGATGGTGTATGGGx,MS,CA,MS242
MS242_CA2__10X_17_grch38:AGTTGGTTCCCGACTTx,MS,CA,MS242
MS242_CA2__10X_17_grch38:ATAAGAGGTCCAGTGCx,MS,CA,MS242
MS242_CA2__10X_17_grch38:ATCCACCCAACACCTAx,MS,CA,MS242
MS242_CA2__10X_17_grch38:ATCCACCTCGCGTAGCx,MS,CA,MS242
MS242_CA2__10X_17_grch38:ATTCTACGTCATCGGCx,MS,CA,MS242
MS242_CA2__10X_17_grch38:CAACCTCAGCACAGGTx,MS,CA,MS242
MS242_CA2__10X_17_grch38:CAACTAGCACCGAATTx,MS,CA,MS242
MS242_CA2__10X_17_grch38:CAAGATCGTAGCGTGAx,MS,CA,MS242
MS242_CA2__10X_17_grch38:CAAGTTGAGGCGCTCTx,MS,CA,MS242
MS242_CA2__10X_17_grch38:CACATAGCACTTACGAx,MS,CA,MS242
MS242_CA2__10X_17_grch38:CACCAGGGTGATGCCCx,MS,CA,MS242
MS242_CA2__10X_17_grch38:CACTCCACACCATCCTx,MS,CA,MS242
MS242_CA2__10X_17_grch38:CAGCTAAAGTTGTAGAx,MS,CA,MS242
MS242_CA2__10X_17_grch38:CATATGGTCAGGCGAAx,MS,CA,MS242
MS242_CA2__10X_17_grch38:CATCCACGTCTAAACCx,MS,CA,MS242
MS242_CA2__10X_17_grch38:CATCGAACACGCGAAAx,MS,CA,MS242
MS242_CA2__10X_17_grch38:CATCGGGAGTGAACGCx,MS,CA,MS242
MS242_CA2__10X_17_grch38:CATCGGGAGTGTACGGx,MS,CA,MS242
MS242_CA2__10X_17_grch38:CATGACAGTATAGGTAx,MS,CA,MS242
MS242_CA2__10X_17_grch38:CCCATACCATCCTAGAx,MS,CA,MS242
MS242_CA2__10X_17_grch38:CCTCAGTAGCACAGGTx,MS,CA,MS242
MS242_CA2__10X_17_grch38:CCTTTCTCAATTGCTGx,MS,CA,MS242
MS242_CA2__10X_17_grch38:CGAGCACCAACTGCTAx,MS,CA,MS242
MS242_CA2__10X_17_grch38:CGATGGCTCGGTGTTAx,MS,CA,MS242
MS242_CA2__10X_17_grch38:CGCTGGAGTCCGTCAGx,MS,CA,MS242
MS242_CA2__10X_17_grch38:CGGAGTCCATCCCACTx,MS,CA,MS242
MS242_CA2__10X_17_grch38:CGGGTCACAAACCTACx,MS,CA,MS242
MS242_CA2__10X_17_grch38:CGTAGCGAGCCCTAATx,MS,CA,MS242
MS242_CA2__10X_17_grch38:CTAACTTCATGCCCGAx,MS,CA,MS242
MS242_CA2__10X_17_grch38:CTAATGGAGCGTGAACx,MS,CA,MS242
MS242_CA2__10X_17_grch38:CTAGTGAGTCAACATCx,MS,CA,MS242
MS242_CA2__10X_17_grch38:CTAGTGATCGCTTAGAx,MS,CA,MS242
MS242_CA2__10X_17_grch38:CTCAGAATCTGGTTCCx,MS,CA,MS242
MS242_CA2__10X_17_grch38:CTCTAATGTCCAGTGCx,MS,CA,MS242
MS242_CA2__10X_17_grch38:CTGCCTACAGGTCTCGx,MS,CA,MS242
MS242_CA2__10X_17_grch38:CTGCTGTTCGTTTAGGx,MS,CA,MS242
MS242_CA2__10X_17_grch38:GAACATCTCATGCAACx,MS,CA,MS242
MS242_CA2__10X_17_grch38:GAAGCAGCATCATCCCx,MS,CA,MS242
MS242_CA2__10X_17_grch38:GAATGAAGTACTTGACx,MS,CA,MS242
MS242_CA2__10X_17_grch38:GACACGCCAGAGTGTGx,MS,CA,MS242
MS242_CA2__10X_17_grch38:GACGCGTGTTATGCGTx,MS,CA,MS242
MS242_CA2__10X_17_grch38:GACGTGCCAGGTTTCAx,MS,CA,MS242
MS242_CA2__10X_17_grch38:GACGTTATCGTCCAGGx,MS,CA,MS242
MS242_CA2__10X_17_grch38:GAGGTGACATGTAGTCx,MS,CA,MS242
MS242_CA2__10X_17_grch38:GAGGTGATCCAAGCCGx,MS,CA,MS242
MS242_CA2__10X_17_grch38:GATGCTAGTCGCCATGx,MS,CA,MS242
MS242_CA2__10X_17_grch38:GCGCAACCACGTCAGCx,MS,CA,MS242
MS242_CA2__10X_17_grch38:GCGCAACTCACCATAGx,MS,CA,MS242
MS242_CA2__10X_17_grch38:GGACAAGTCTGATTCTx,MS,CA,MS242
MS242_CA2__10X_17_grch38:GGAGCAACACCGAAAGx,MS,CA,MS242
MS242_CA2__10X_17_grch38:GGCTCGACAGCTGCACx,MS,CA,MS242
MS242_CA2__10X_17_grch38:GGTGTTAAGCTCAACTx,MS,CA,MS242
MS242_CA2__10X_17_grch38:GTATCTTAGCACCGTCx,MS,CA,MS242
MS242_CA2__10X_17_grch38:GTATTCTAGGCGATACx,MS,CA,MS242
MS242_CA2__10X_17_grch38:GTATTCTTCAGGCCCAx,MS,CA,MS242
MS242_CA2__10X_17_grch38:GTCGTAATCTGAGTGTx,MS,CA,MS242
MS242_CA2__10X_17_grch38:GTGAAGGCAAGCTGGAx,MS,CA,MS242
MS242_CA2__10X_17_grch38:GTGTGCGAGGACAGCTx,MS,CA,MS242
MS242_CA2__10X_17_grch38:TACCTATAGGTGACCAx,MS,CA,MS242
MS242_CA2__10X_17_grch38:TACCTTATCCCTCAGTx,MS,CA,MS242
MS242_CA2__10X_17_grch38:TACTCGCGTCCGACGTx,MS,CA,MS242
MS242_CA2__10X_17_grch38:TAGACCATCCCACTTGx,MS,CA,MS242
MS242_CA2__10X_17_grch38:TATCAGGGTTATCGGTx,MS,CA,MS242
MS242_CA2__10X_17_grch38:TATTACCAGGGAACGGx,MS,CA,MS242
MS242_CA2__10X_17_grch38:TCACGAATCAGAGCTTx,MS,CA,MS242
MS242_CA2__10X_17_grch38:TCCACACAGCTTTGGTx,MS,CA,MS242
MS242_CA2__10X_17_grch38:TCCCGATGTTCTGGTAx,MS,CA,MS242
MS242_CA2__10X_17_grch38:TCGAGGCTCGCGATCGx,MS,CA,MS242
MS242_CA2__10X_17_grch38:TCTGAGATCGCGGATCx,MS,CA,MS242
MS242_CA2__10X_17_grch38:TCTTCGGGTGGAAAGAx,MS,CA,MS242
MS242_CA2__10X_17_grch38:TCTTTCCAGGTTACCTx,MS,CA,MS242
MS242_CA2__10X_17_grch38:TGACTTTGTTGTCTTTx,MS,CA,MS242
MS242_CA2__10X_17_grch38:TGCCCTATCACGAAGGx,MS,CA,MS242
MS242_CA2__10X_17_grch38:TGGACGCGTCTTGCGGx,MS,CA,MS242
MS242_CA2__10X_17_grch38:TGGCTGGTCGGAAATAx,MS,CA,MS242
MS242_CA2__10X_17_grch38:TTAGGACTCTTGGGTAx,MS,CA,MS242
MS242_CA2__10X_17_grch38:TTCGGTCAGTAGGCCAx,MS,CA,MS242
MS242_CA2__10X_17_grch38:TTTATGCGTCCGTGACx,MS,CA,MS242
MS242_RM__10X_17_grch38:AATCCAGCATTAGCCAx,MS,RM,MS242
MS242_RM__10X_17_grch38:ACACCCTAGGATTCGGx,MS,RM,MS242
MS242_RM__10X_17_grch38:ATCACGACAAGCTGAGx,MS,RM,MS242
MS242_RM__10X_17_grch38:CAAGTTGTCGGTTCGGx,MS,RM,MS242
MS242_RM__10X_17_grch38:CCTATTATCAACGGCCx,MS,RM,MS242
MS242_RM__10X_17_grch38:CGCTATCTCCGCTGTTx,MS,RM,MS242
MS242_RM__10X_17_grch38:CGTGAGCAGTTGTCGTx,MS,RM,MS242
MS242_RM__10X_17_grch38:CTACATTCACAACGCCx,MS,RM,MS242
MS242_RM__10X_17_grch38:CTCACACAGTGTTTGCx,MS,RM,MS242
MS242_RM__10X_17_grch38:CTCATTACATTTCAGGx,MS,RM,MS242
MS242_RM__10X_17_grch38:CTCGTACCATGAAGTAx,MS,RM,MS242
MS242_RM__10X_17_grch38:CTCGTCAAGTGCAAGCx,MS,RM,MS242
MS242_RM__10X_17_grch38:CTTAGGATCAGAGACGx,MS,RM,MS242
MS242_RM__10X_17_grch38:GAACGGACATTTCAGGx,MS,RM,MS242
MS242_RM__10X_17_grch38:GACGTTAGTTTGTTTCx,MS,RM,MS242
MS242_RM__10X_17_grch38:GATTCAGTCCCAAGATx,MS,RM,MS242
MS242_RM__10X_17_grch38:GGAATAAGTAACGACGx,MS,RM,MS242
MS242_RM__10X_17_grch38:GGAGCAAGTCCGAAGAx,MS,RM,MS242
MS242_RM__10X_17_grch38:GTAGGCCAGTACGTTCx,MS,RM,MS242
MS242_RM__10X_17_grch38:GTGGGTCAGCCACGCTx,MS,RM,MS242
MS242_RM__10X_17_grch38:TAGTGGTTCGTGGACCx,MS,RM,MS242
MS242_RM__10X_17_grch38:TCTGAGACACCGTTGGx,MS,RM,MS242
MS242_RM__10X_17_grch38:TGACGGCTCCAAAGTCx,MS,RM,MS242
MS242_RM__10X_17_grch38:TGACGGCTCTCGTTTAx,MS,RM,MS242
MS242_RM__10X_17_grch38:TGAGGGAAGTACGCCCx,MS,RM,MS242
MS242_RM__10X_17_grch38:TGGTTCCAGAGATGAGx,MS,RM,MS242
MS242_RM__10X_17_grch38:TTTATGCCAATCAGAAx,MS,RM,MS242
MS242_RM__10X_17_grch38:TTTGCGCAGGTGCACAx,MS,RM,MS242
SD48/16__10X_17_grch38:AAGGCAGCACTCGACGx,normal,Ctrl,SD48/16
SD48/16__10X_17_grch38:AGACGTTTCAGGCGAAx,normal,Ctrl,SD48/16
SD48/16__10X_17_grch38:AGTAGTCCAAGCGATGx,normal,Ctrl,SD48/16
SD48/16__10X_17_grch38:AGTGGGAGTCCATGATx,normal,Ctrl,SD48/16
SD48/16__10X_17_grch38:CAGCATAAGCCACCTGx,normal,Ctrl,SD48/16
SD48/16__10X_17_grch38:CATCCACGTCTCTTATx,normal,Ctrl,SD48/16
SD48/16__10X_17_grch38:CCGTACTGTCATGCATx,normal,Ctrl,SD48/16
SD48/16__10X_17_grch38:CTACACCCACCGAATTx,normal,Ctrl,SD48/16
SD48/16__10X_17_grch38:CTCGAAACAGCGTAAGx,normal,Ctrl,SD48/16
SD48/16__10X_17_grch38:CTGATCCGTCACCTAAx,normal,Ctrl,SD48/16
SD48/16__10X_17_grch38:GACAGAGTCCTACAGAx,normal,Ctrl,SD48/16
SD48/16__10X_17_grch38:GCATGTATCTTACCGCx,normal,Ctrl,SD48/16
SD48/16__10X_17_grch38:GCGGGTTGTCATACTGx,normal,Ctrl,SD48/16
SD48/16__10X_17_grch38:GGGACCTGTCTGGTCGx,normal,Ctrl,SD48/16
SD48/16__10X_17_grch38:GGGAGATCACCATGTAx,normal,Ctrl,SD48/16
SD48/16__10X_17_grch38:GTCATTTTCAAGATCCx,normal,Ctrl,SD48/16
SD48/16__10X_17_grch38:TCGCGAGGTTCAGCGCx,normal,Ctrl,SD48/16
SD48/16__10X_17_grch38:TCGGTAATCGAATGGGx,normal,Ctrl,SD48/16
SD48/16__10X_17_grch38:TGCTACCAGCCTCGTGx,normal,Ctrl,SD48/16
SD48/16__10X_17_grch38:TGCTACCCAGCTGGCTx,normal,Ctrl,SD48/16
SD48/16__10X_17_grch38:TGTGGTAAGTGTGAATx,normal,Ctrl,SD48/16
SD48/16__10X_17_grch38:TTAGGCACAGACACTTx,normal,Ctrl,SD48/16
SD48/16__10X_17_grch38:TTCGAAGTCCAGTAGTx,normal,Ctrl,SD48/16
MS122_NAWM__10X_17_grch38:ATGCGATGTTACGCGCx,MS,NAWM,MS122
MS122_NAWM__10X_17_grch38:CACAGTAAGCCCAGCTx,MS,NAWM,MS122
MS122_NAWM__10X_17_grch38:CTAATGGGTCAACTGTx,MS,NAWM,MS122
MS122_NAWM__10X_17_grch38:GGATTACCACAACTGTx,MS,NAWM,MS122
MS122_NAWM__10X_17_grch38:GTGCGGTTCTGTCTCGx,MS,NAWM,MS122
MS122_CI__10X_17_grch38:TACTCGCCAATGTTGCx,MS,CI,MS122
MS122_A__10X_17_grch38:AAGACCTCATGCAATCx,MS,A,MS122
MS121_NAWM__10X_17_grch38:AATCCAGTCTGTGCAAx,MS,NAWM,MS121
MS121_NAWM__10X_17_grch38:ACGCAGCCACATTCGAx,MS,NAWM,MS121
MS121_NAWM__10X_17_grch38:AGACGTTTCACAATGCx,MS,NAWM,MS121
MS121_NAWM__10X_17_grch38:AGGCCGTCAGGGTACAx,MS,NAWM,MS121
MS121_NAWM__10X_17_grch38:CAAGGCCCATGTAGTCx,MS,NAWM,MS121
MS121_NAWM__10X_17_grch38:CACAAACGTAGGCATGx,MS,NAWM,MS121
MS121_NAWM__10X_17_grch38:CATGGCGAGTGGACGTx,MS,NAWM,MS121
MS121_NAWM__10X_17_grch38:CCCAATCAGGCTATCTx,MS,NAWM,MS121
MS121_NAWM__10X_17_grch38:CCCTCCTTCTCTGAGAx,MS,NAWM,MS121
MS121_NAWM__10X_17_grch38:CGCTTCACAAACTGCTx,MS,NAWM,MS121
MS121_NAWM__10X_17_grch38:CTAACTTTCTAACTTCx,MS,NAWM,MS121
MS121_NAWM__10X_17_grch38:CTCGAAAGTCAGTGGAx,MS,NAWM,MS121
MS121_NAWM__10X_17_grch38:CTCGTACAGGCAGTCAx,MS,NAWM,MS121
MS121_NAWM__10X_17_grch38:GCACATAAGCGTTTACx,MS,NAWM,MS121
MS121_NAWM__10X_17_grch38:GGCCGATAGTAAGTACx,MS,NAWM,MS121
MS121_NAWM__10X_17_grch38:TCGTACCTCGTCTGCTx,MS,NAWM,MS121
MS121_NAWM__10X_17_grch38:TGCTACCTCTGCTTGCx,MS,NAWM,MS121
MS121_A3__10X_17_grch38:AACTGGTGTCTAGGTTx,MS,A,MS121
MS121_A3__10X_17_grch38:ACACTGATCCAGGGCTx,MS,A,MS121
MS121_A3__10X_17_grch38:CATATGGTCACCATAGx,MS,A,MS121
MS121_A3__10X_17_grch38:CCTAGCTCAGCCTGTGx,MS,A,MS121
MS121_A3__10X_17_grch38:CGCTTCAAGGCTCATTx,MS,A,MS121
MS121_A3__10X_17_grch38:CGGCTAGAGATGCGACx,MS,A,MS121
MS121_A3__10X_17_grch38:CGTGTAAAGGGAAACAx,MS,A,MS121
MS121_A3__10X_17_grch38:CTAAGACGTCAACTGTx,MS,A,MS121
MS121_A3__10X_17_grch38:GTACTTTGTTACGGAGx,MS,A,MS121
MS121_A3__10X_17_grch38:TGCCCATGTGGCGAATx,MS,A,MS121
MS121_A2__10X_17_grch38:AGGTCATGTGTGCCTGx,MS,A,MS121
MS121_A2__10X_17_grch38:ATTTCTGTCTCCTATAx,MS,A,MS121
MS121_A2__10X_17_grch38:CTCACACTCTCTTATGx,MS,A,MS121
MS121_A2__10X_17_grch38:GAACCTAGTATAAACGx,MS,A,MS121
MS121_A2__10X_17_grch38:GCATGTAAGTGGACGTx,MS,A,MS121
MS121_A2__10X_17_grch38:GGGAATGCATGACATCx,MS,A,MS121
MS121_A2__10X_17_grch38:GTACTCCTCATGTCCCx,MS,A,MS121
MS121_CA__10X_17_grch38:ATCACGAGTGCACGAAx,MS,CA,MS121
MS122_A__10X_17_grch38:TCACGAAAGGTGATTAx,MS,A,MS122
CO28__10X_17_grch38:AAAGATGAGAATGTTGx,normal,Ctrl,CO28
CO28__10X_17_grch38:AAAGTAGAGATAGGAGx,normal,Ctrl,CO28
CO28__10X_17_grch38:AACCGCGCACTGTTAGx,normal,Ctrl,CO28
CO28__10X_17_grch38:AACTCTTCATTATCTCx,normal,Ctrl,CO28
CO28__10X_17_grch38:AACTGGTAGTGACATAx,normal,Ctrl,CO28
CO28__10X_17_grch38:AACTTTCGTGGAAAGAx,normal,Ctrl,CO28
CO28__10X_17_grch38:AAGGCAGTCGGAATCTx,normal,Ctrl,CO28
CO28__10X_17_grch38:AAGTCTGAGTGTACTCx,normal,Ctrl,CO28
CO28__10X_17_grch38:AAGTCTGCACTGCCAGx,normal,Ctrl,CO28
CO28__10X_17_grch38:AATCCAGTCAGCTCTCx,normal,Ctrl,CO28
CO28__10X_17_grch38:AATCCAGTCCAACCAAx,normal,Ctrl,CO28
CO28__10X_17_grch38:ACACCAACACGAAGCAx,normal,Ctrl,CO28
CO28__10X_17_grch38:ACACCCTCATCCCACTx,normal,Ctrl,CO28
CO28__10X_17_grch38:ACAGCCGTCAAACAAGx,normal,Ctrl,CO28
CO28__10X_17_grch38:ACATGGTCAACGCACCx,normal,Ctrl,CO28
CO28__10X_17_grch38:ACCAGTACACAGATTCx,normal,Ctrl,CO28
CO28__10X_17_grch38:ACGAGCCAGACTTGAAx,normal,Ctrl,CO28
CO28__10X_17_grch38:ACGAGGACACTAAGTCx,normal,Ctrl,CO28
CO28__10X_17_grch38:ACGCCGATCCGTACAAx,normal,Ctrl,CO28
CO28__10X_17_grch38:ACGGGCTCACCAGGCTx,normal,Ctrl,CO28
CO28__10X_17_grch38:ACGGGCTCATCCGGGTx,normal,Ctrl,CO28
CO28__10X_17_grch38:ACTATCTAGAAACCGCx,normal,Ctrl,CO28
CO28__10X_17_grch38:ACTGAGTCATTAGGCTx,normal,Ctrl,CO28
CO28__10X_17_grch38:ACTGCTCTCCACGTTCx,normal,Ctrl,CO28
CO28__10X_17_grch38:ACTTACTCAGTGGAGTx,normal,Ctrl,CO28
CO28__10X_17_grch38:AGAATAGAGATCCTGTx,normal,Ctrl,CO28
CO28__10X_17_grch38:AGAATAGCATAGTAAGx,normal,Ctrl,CO28
CO28__10X_17_grch38:AGATTGCTCAGGCCCAx,normal,Ctrl,CO28
CO28__10X_17_grch38:AGCAGCCTCGGCATCGx,normal,Ctrl,CO28
CO28__10X_17_grch38:AGCAGCCTCTCGCATCx,normal,Ctrl,CO28
CO28__10X_17_grch38:AGCGGTCGTATGAAACx,normal,Ctrl,CO28
CO28__10X_17_grch38:AGCGTCGTCAACACTGx,normal,Ctrl,CO28
CO28__10X_17_grch38:AGCTCCTAGACAGAGAx,normal,Ctrl,CO28
CO28__10X_17_grch38:AGCTCCTAGATATACGx,normal,Ctrl,CO28
CO28__10X_17_grch38:AGGCCGTTCCCGACTTx,normal,Ctrl,CO28
CO28__10X_17_grch38:AGGGATGCACTTACGAx,normal,Ctrl,CO28
CO28__10X_17_grch38:AGGTCATTCATGCAACx,normal,Ctrl,CO28
CO28__10X_17_grch38:AGGTCATTCATGTGGTx,normal,Ctrl,CO28
CO28__10X_17_grch38:AGTAGTCCATTGCGGCx,normal,Ctrl,CO28
CO28__10X_17_grch38:AGTGAGGGTCCAAGTTx,normal,Ctrl,CO28
CO28__10X_17_grch38:ATCACGACATGAAGTAx,normal,Ctrl,CO28
CO28__10X_17_grch38:ATCATGGAGAGGTTATx,normal,Ctrl,CO28
CO28__10X_17_grch38:ATCATGGCACGGTGTCx,normal,Ctrl,CO28
CO28__10X_17_grch38:ATCGAGTCACTGTGTAx,normal,Ctrl,CO28
CO28__10X_17_grch38:ATCTACTGTTATGCGTx,normal,Ctrl,CO28
CO28__10X_17_grch38:ATGCGATAGACCTTTGx,normal,Ctrl,CO28
CO28__10X_17_grch38:ATGGGAGTCCCACTTGx,normal,Ctrl,CO28
CO28__10X_17_grch38:ATGTGTGGTGTAAGTAx,normal,Ctrl,CO28
CO28__10X_17_grch38:ATTCTACAGCCACTATx,normal,Ctrl,CO28
CO28__10X_17_grch38:ATTCTACGTCAGCTATx,normal,Ctrl,CO28
CO28__10X_17_grch38:ATTGGACGTTTGTTTCx,normal,Ctrl,CO28
CO28__10X_17_grch38:ATTGGTGTCTGGTATGx,normal,Ctrl,CO28
CO28__10X_17_grch38:CAACCTCAGAGTAAGGx,normal,Ctrl,CO28
CO28__10X_17_grch38:CAACCTCAGGGTTCCCx,normal,Ctrl,CO28
CO28__10X_17_grch38:CAACCTCGTCTAGCGCx,normal,Ctrl,CO28
CO28__10X_17_grch38:CAAGATCTCAACCATGx,normal,Ctrl,CO28
CO28__10X_17_grch38:CAAGTTGGTATCAGTCx,normal,Ctrl,CO28
CO28__10X_17_grch38:CACACAAGTAAATGTGx,normal,Ctrl,CO28
CO28__10X_17_grch38:CACACTCGTAGGCATGx,normal,Ctrl,CO28
CO28__10X_17_grch38:CACATTTGTGATAAACx,normal,Ctrl,CO28
CO28__10X_17_grch38:CACCACTAGTACGTTCx,normal,Ctrl,CO28
CO28__10X_17_grch38:CACCACTTCCGGGTGTx,normal,Ctrl,CO28
CO28__10X_17_grch38:CAGAATCAGCACCGCTx,normal,Ctrl,CO28
CO28__10X_17_grch38:CAGAATCCACACAGAGx,normal,Ctrl,CO28
CO28__10X_17_grch38:CAGCCGAAGGGAAACAx,normal,Ctrl,CO28
CO28__10X_17_grch38:CAGCGACCAGCTGTTAx,normal,Ctrl,CO28
CO28__10X_17_grch38:CAGCTGGCACAGATTCx,normal,Ctrl,CO28
CO28__10X_17_grch38:CAGTCCTTCTGGCGTGx,normal,Ctrl,CO28
CO28__10X_17_grch38:CATATGGCACGACTCGx,normal,Ctrl,CO28
CO28__10X_17_grch38:CATATGGGTCTAGTCAx,normal,Ctrl,CO28
CO28__10X_17_grch38:CATATGGGTGGTAACGx,normal,Ctrl,CO28
CO28__10X_17_grch38:CATATTCCAATGCCATx,normal,Ctrl,CO28
CO28__10X_17_grch38:CATCAAGAGGATGGAAx,normal,Ctrl,CO28
CO28__10X_17_grch38:CATCAAGTCCGAACGCx,normal,Ctrl,CO28
CO28__10X_17_grch38:CATCCACCAAAGGAAGx,normal,Ctrl,CO28
CO28__10X_17_grch38:CATCCACTCCCTAATTx,normal,Ctrl,CO28
CO28__10X_17_grch38:CATCCACTCTCTGCTGx,normal,Ctrl,CO28
CO28__10X_17_grch38:CATCGGGAGACTAGATx,normal,Ctrl,CO28
CO28__10X_17_grch38:CATGACAAGAGTGACCx,normal,Ctrl,CO28
CO28__10X_17_grch38:CATTATCAGTAGCGGTx,normal,Ctrl,CO28
CO28__10X_17_grch38:CCAATCCTCTCAAGTGx,normal,Ctrl,CO28
CO28__10X_17_grch38:CCACCTACATAGAAACx,normal,Ctrl,CO28
CO28__10X_17_grch38:CCACCTATCACTTCATx,normal,Ctrl,CO28
CO28__10X_17_grch38:CCACGGAAGCAGCCTCx,normal,Ctrl,CO28
CO28__10X_17_grch38:CCAGCGACACCCATGGx,normal,Ctrl,CO28
CO28__10X_17_grch38:CCCTCCTAGGGCTTCCx,normal,Ctrl,CO28
CO28__10X_17_grch38:CCGGTAGTCCCAACGGx,normal,Ctrl,CO28
CO28__10X_17_grch38:CCGTACTCATCTCCCAx,normal,Ctrl,CO28
CO28__10X_17_grch38:CCTAAAGGTAGAGCTGx,normal,Ctrl,CO28
CO28__10X_17_grch38:CCTCTGACAATTCCTTx,normal,Ctrl,CO28
CO28__10X_17_grch38:CCTTCCCCAGGTGGATx,normal,Ctrl,CO28
CO28__10X_17_grch38:CCTTCGATCGAACTGTx,normal,Ctrl,CO28
CO28__10X_17_grch38:CGAATGTCATCTATGGx,normal,Ctrl,CO28
CO28__10X_17_grch38:CGACTTCTCTAACCGAx,normal,Ctrl,CO28
CO28__10X_17_grch38:CGAGCACCACAACGTTx,normal,Ctrl,CO28
CO28__10X_17_grch38:CGAGCCAGTATCTGCAx,normal,Ctrl,CO28
CO28__10X_17_grch38:CGATGTAAGATATGCAx,normal,Ctrl,CO28
CO28__10X_17_grch38:CGCGGTACATCAGTACx,normal,Ctrl,CO28
CO28__10X_17_grch38:CGCGGTATCATAGCACx,normal,Ctrl,CO28
CO28__10X_17_grch38:CGGAGCTGTCGAAAGCx,normal,Ctrl,CO28
CO28__10X_17_grch38:CGGTTAAAGGTGCACAx,normal,Ctrl,CO28
CO28__10X_17_grch38:CGTAGGCAGAAACCATx,normal,Ctrl,CO28
CO28__10X_17_grch38:CGTCAGGCAGACGCCTx,normal,Ctrl,CO28
CO28__10X_17_grch38:CGTCAGGCAGAGCCAAx,normal,Ctrl,CO28
CO28__10X_17_grch38:CGTCAGGCATGTCTCCx,normal,Ctrl,CO28
CO28__10X_17_grch38:CGTCTACAGAGGTTATx,normal,Ctrl,CO28
CO28__10X_17_grch38:CGTGAGCGTTATGTGCx,normal,Ctrl,CO28
CO28__10X_17_grch38:CGTGTCTCAGGAATGCx,normal,Ctrl,CO28
CO28__10X_17_grch38:CGTTGGGGTATGCTTGx,normal,Ctrl,CO28
CO28__10X_17_grch38:CTACACCGTAAATACGx,normal,Ctrl,CO28
CO28__10X_17_grch38:CTACATTGTGCACTTAx,normal,Ctrl,CO28
CO28__10X_17_grch38:CTAGAGTGTTACAGAAx,normal,Ctrl,CO28
CO28__10X_17_grch38:CTAGAGTTCCTGTACCx,normal,Ctrl,CO28
CO28__10X_17_grch38:CTCACACTCCGCAAGCx,normal,Ctrl,CO28
CO28__10X_17_grch38:CTCAGAAAGATGGCGTx,normal,Ctrl,CO28
CO28__10X_17_grch38:CTCAGAAAGTGTTGAAx,normal,Ctrl,CO28
CO28__10X_17_grch38:CTCGAAAAGGAGTTTAx,normal,Ctrl,CO28
CO28__10X_17_grch38:CTCGAAAAGTGGAGTCx,normal,Ctrl,CO28
CO28__10X_17_grch38:CTCGAGGTCTCAACTTx,normal,Ctrl,CO28
CO28__10X_17_grch38:CTCGTACCATGAGCGAx,normal,Ctrl,CO28
CO28__10X_17_grch38:CTCTAATAGGCAAAGAx,normal,Ctrl,CO28
CO28__10X_17_grch38:CTCTGGTTCGTTACAGx,normal,Ctrl,CO28
CO28__10X_17_grch38:CTGAAGTCACATTAGCx,normal,Ctrl,CO28
CO28__10X_17_grch38:CTGAAGTCAGACAGGTx,normal,Ctrl,CO28
CO28__10X_17_grch38:CTGAAGTGTCGGCACTx,normal,Ctrl,CO28
CO28__10X_17_grch38:CTGATAGAGGCTAGACx,normal,Ctrl,CO28
CO28__10X_17_grch38:CTGATCCTCAACACTGx,normal,Ctrl,CO28
CO28__10X_17_grch38:CTGCCTACAGCTTCGGx,normal,Ctrl,CO28
CO28__10X_17_grch38:CTGCCTAGTCTCACCTx,normal,Ctrl,CO28
CO28__10X_17_grch38:CTGCGGAAGCCGCCTAx,normal,Ctrl,CO28
CO28__10X_17_grch38:CTGGTCTTCCTAGAACx,normal,Ctrl,CO28
CO28__10X_17_grch38:CTGTGCTAGACTCGGAx,normal,Ctrl,CO28
CO28__10X_17_grch38:CTGTGCTGTAGCGATGx,normal,Ctrl,CO28
CO28__10X_17_grch38:CTGTGCTGTCTAGTGTx,normal,Ctrl,CO28
CO28__10X_17_grch38:CTGTGCTGTTCACGGCx,normal,Ctrl,CO28
CO28__10X_17_grch38:CTTAACTGTGCGAAACx,normal,Ctrl,CO28
CO28__10X_17_grch38:CTTAACTTCATTCACTx,normal,Ctrl,CO28
CO28__10X_17_grch38:CTTTGCGCACAGACTTx,normal,Ctrl,CO28
CO28__10X_17_grch38:GAAATGAAGTTATCGCx,normal,Ctrl,CO28
CO28__10X_17_grch38:GAACATCGTGATGCCCx,normal,Ctrl,CO28
CO28__10X_17_grch38:GAACGGATCGTTACGAx,normal,Ctrl,CO28
CO28__10X_17_grch38:GAATAAGCATGCCCGAx,normal,Ctrl,CO28
CO28__10X_17_grch38:GAATAAGTCACTATTCx,normal,Ctrl,CO28
CO28__10X_17_grch38:GAATGAAGTTCGCGACx,normal,Ctrl,CO28
CO28__10X_17_grch38:GACACGCTCTTACCTAx,normal,Ctrl,CO28
CO28__10X_17_grch38:GACCAATTCAATCTCTx,normal,Ctrl,CO28
CO28__10X_17_grch38:GACGCGTTCAGGTAAAx,normal,Ctrl,CO28
CO28__10X_17_grch38:GACTAACTCAAGCCTAx,normal,Ctrl,CO28
CO28__10X_17_grch38:GACTACAAGCGGCTTCx,normal,Ctrl,CO28
CO28__10X_17_grch38:GACTACAGTTCGGGCTx,normal,Ctrl,CO28
CO28__10X_17_grch38:GATCAGTAGAGGGATAx,normal,Ctrl,CO28
CO28__10X_17_grch38:GATCGCGCAAGTTAAGx,normal,Ctrl,CO28
CO28__10X_17_grch38:GATCTAGAGGAATCGCx,normal,Ctrl,CO28
CO28__10X_17_grch38:GATCTAGCAATAGAGTx,normal,Ctrl,CO28
CO28__10X_17_grch38:GATCTAGTCTGTCCGTx,normal,Ctrl,CO28
CO28__10X_17_grch38:GATGAAAGTGGTCTCGx,normal,Ctrl,CO28
CO28__10X_17_grch38:GATGAGGAGGATATACx,normal,Ctrl,CO28
CO28__10X_17_grch38:GATGCTAGTACTTCTTx,normal,Ctrl,CO28
CO28__10X_17_grch38:GATGCTATCTGCTGTCx,normal,Ctrl,CO28
CO28__10X_17_grch38:GCAGCCACATCCCACTx,normal,Ctrl,CO28
CO28__10X_17_grch38:GCATGATCAGCATGAGx,normal,Ctrl,CO28
CO28__10X_17_grch38:GCCTCTATCCATGCTCx,normal,Ctrl,CO28
CO28__10X_17_grch38:GCGACCACAGCGTCCAx,normal,Ctrl,CO28
CO28__10X_17_grch38:GCGCAACAGACGCACAx,normal,Ctrl,CO28
CO28__10X_17_grch38:GCGCAGTGTCCAGTTAx,normal,Ctrl,CO28
CO28__10X_17_grch38:GCTGCGAAGTGGTAATx,normal,Ctrl,CO28
CO28__10X_17_grch38:GCTGCGATCGGTGTCGx,normal,Ctrl,CO28
CO28__10X_17_grch38:GCTGCTTAGAGTCTGGx,normal,Ctrl,CO28
CO28__10X_17_grch38:GCTGCTTCACGGTAGAx,normal,Ctrl,CO28
CO28__10X_17_grch38:GCTGCTTTCTAACTGGx,normal,Ctrl,CO28
CO28__10X_17_grch38:GGAAAGCCAAAGGAAGx,normal,Ctrl,CO28
CO28__10X_17_grch38:GGAACTTCAATGGTCTx,normal,Ctrl,CO28
CO28__10X_17_grch38:GGATTACAGTGCCAGAx,normal,Ctrl,CO28
CO28__10X_17_grch38:GGCAATTAGCACACAGx,normal,Ctrl,CO28
CO28__10X_17_grch38:GGCGACTCAATAAGCAx,normal,Ctrl,CO28
CO28__10X_17_grch38:GGCGTGTGTGGTGTAGx,normal,Ctrl,CO28
CO28__10X_17_grch38:GGCTCGAGTGTGCCTGx,normal,Ctrl,CO28
CO28__10X_17_grch38:GGGAGATAGTTAGGTAx,normal,Ctrl,CO28
CO28__10X_17_grch38:GGGAGATGTCTGGTCGx,normal,Ctrl,CO28
CO28__10X_17_grch38:GGGAGATTCATATCGGx,normal,Ctrl,CO28
CO28__10X_17_grch38:GGGCATCAGAGTAAGGx,normal,Ctrl,CO28
CO28__10X_17_grch38:GGTGAAGTCTTGCAAGx,normal,Ctrl,CO28
CO28__10X_17_grch38:GTACGTACATGGGAACx,normal,Ctrl,CO28
CO28__10X_17_grch38:GTACTTTGTTCGGCACx,normal,Ctrl,CO28
CO28__10X_17_grch38:GTAGGCCTCTCTGCTGx,normal,Ctrl,CO28
CO28__10X_17_grch38:GTCATTTAGGTTCCTAx,normal,Ctrl,CO28
CO28__10X_17_grch38:GTCGTAAAGGCTATCTx,normal,Ctrl,CO28
CO28__10X_17_grch38:GTGAAGGCAGTGACAGx,normal,Ctrl,CO28
CO28__10X_17_grch38:GTGCAGCCAGATCTGTx,normal,Ctrl,CO28
CO28__10X_17_grch38:GTGCATAGTTCGTGATx,normal,Ctrl,CO28
CO28__10X_17_grch38:GTGGGTCGTTAAAGACx,normal,Ctrl,CO28
CO28__10X_17_grch38:GTGTGCGAGATCCCATx,normal,Ctrl,CO28
CO28__10X_17_grch38:GTGTGCGTCTCCAGGGx,normal,Ctrl,CO28
CO28__10X_17_grch38:GTTCTCGGTCAGGACAx,normal,Ctrl,CO28
CO28__10X_17_grch38:GTTCTCGTCTGAGGGAx,normal,Ctrl,CO28
CO28__10X_17_grch38:GTTTCTACATGGAATAx,normal,Ctrl,CO28
CO28__10X_17_grch38:TAAGAGAAGGATGGTCx,normal,Ctrl,CO28
CO28__10X_17_grch38:TAAGCGTGTTCCCTTGx,normal,Ctrl,CO28
CO28__10X_17_grch38:TACACGAAGCAGATCGx,normal,Ctrl,CO28
CO28__10X_17_grch38:TACGGATGTACCTACAx,normal,Ctrl,CO28
CO28__10X_17_grch38:TAGACCAAGCTCCTTCx,normal,Ctrl,CO28
CO28__10X_17_grch38:TAGACCACAGTACACTx,normal,Ctrl,CO28
CO28__10X_17_grch38:TAGACCAGTTGTGGCCx,normal,Ctrl,CO28
CO28__10X_17_grch38:TAGAGCTCACCGAAAGx,normal,Ctrl,CO28
CO28__10X_17_grch38:TAGGCATAGCGAGAAAx,normal,Ctrl,CO28
CO28__10X_17_grch38:TAGTTGGGTGTGACCCx,normal,Ctrl,CO28
CO28__10X_17_grch38:TATCTCAAGTGGTCCCx,normal,Ctrl,CO28
CO28__10X_17_grch38:TATGCCCTCCTAGAACx,normal,Ctrl,CO28
CO28__10X_17_grch38:TATTACCCAGTAAGATx,normal,Ctrl,CO28
CO28__10X_17_grch38:TCAATCTGTATTCTCTx,normal,Ctrl,CO28
CO28__10X_17_grch38:TCACAAGAGGAATTACx,normal,Ctrl,CO28
CO28__10X_17_grch38:TCACAAGTCCAGTATGx,normal,Ctrl,CO28
CO28__10X_17_grch38:TCACGAAGTCACTGGCx,normal,Ctrl,CO28
CO28__10X_17_grch38:TCAGGATCACAGGCCTx,normal,Ctrl,CO28
CO28__10X_17_grch38:TCATTTGAGTAGCGGTx,normal,Ctrl,CO28
CO28__10X_17_grch38:TCCACACTCGTCCAGGx,normal,Ctrl,CO28
CO28__10X_17_grch38:TCGCGAGCAGGTGCCTx,normal,Ctrl,CO28
CO28__10X_17_grch38:TCGCGAGTCGATAGAAx,normal,Ctrl,CO28
CO28__10X_17_grch38:TCGGTAAAGTGTCTCAx,normal,Ctrl,CO28
CO28__10X_17_grch38:TCGTACCCATTCTCATx,normal,Ctrl,CO28
CO28__10X_17_grch38:TCTATTGCACAGTCGCx,normal,Ctrl,CO28
CO28__10X_17_grch38:TCTATTGGTCTAACGTx,normal,Ctrl,CO28
CO28__10X_17_grch38:TCTATTGTCAAGCCTAx,normal,Ctrl,CO28
CO28__10X_17_grch38:TGACTTTTCAGTGCATx,normal,Ctrl,CO28
CO28__10X_17_grch38:TGAGAGGTCACTTACTx,normal,Ctrl,CO28
CO28__10X_17_grch38:TGATTTCAGAGTAAGGx,normal,Ctrl,CO28
CO28__10X_17_grch38:TGCACCTAGAAACCATx,normal,Ctrl,CO28
CO28__10X_17_grch38:TGCCCTACACCGCTAGx,normal,Ctrl,CO28
CO28__10X_17_grch38:TGCGGGTGTCAAAGCGx,normal,Ctrl,CO28
CO28__10X_17_grch38:TGCGGGTTCTGAGGGAx,normal,Ctrl,CO28
CO28__10X_17_grch38:TGCGTGGCAGACAAATx,normal,Ctrl,CO28
CO28__10X_17_grch38:TGCTACCCACGCCAGTx,normal,Ctrl,CO28
CO28__10X_17_grch38:TGGACGCAGAGAGCTCx,normal,Ctrl,CO28
CO28__10X_17_grch38:TGGACGCAGCAGATCGx,normal,Ctrl,CO28
CO28__10X_17_grch38:TGGGAAGAGATGCGACx,normal,Ctrl,CO28
CO28__10X_17_grch38:TGTATTCGTGGCCCTAx,normal,Ctrl,CO28
CO28__10X_17_grch38:TTAACTCTCGCTAGCGx,normal,Ctrl,CO28
CO28__10X_17_grch38:TTAGGCAGTGACAAATx,normal,Ctrl,CO28
CO28__10X_17_grch38:TTCCCAGAGCTAAGATx,normal,Ctrl,CO28
CO28__10X_17_grch38:TTCTACATCAACACTGx,normal,Ctrl,CO28
CO28__10X_17_grch38:TTGAACGTCACCAGGCx,normal,Ctrl,CO28
CO28__10X_17_grch38:TTGTAGGTCTACTTACx,normal,Ctrl,CO28
CO28__10X_17_grch38:TTTATGCCATTCCTGCx,normal,Ctrl,CO28
CO28__10X_17_grch38:TTTGCGCCACTAGTACx,normal,Ctrl,CO28
CO28__10X_17_grch38:TTTGCGCCATTGTGCAx,normal,Ctrl,CO28
CO28__10X_17_grch38:TTTGCGCTCAAACAAGx,normal,Ctrl,CO28
CO28__10X_17_grch38:TTTGTCACAGTATGCTx,normal,Ctrl,CO28
CO28__10X_17_grch38:TTTGTCAGTCTCATCCx,normal,Ctrl,CO28
CO28__10X_17_grch38:TTTGTCAGTGACTCATx,normal,Ctrl,CO28
CO25__10X_17_grch38:AAACGGGGTCTGCGGTx,normal,Ctrl,CO25
CO25__10X_17_grch38:AACCGCGGTAGCACGAx,normal,Ctrl,CO25
CO25__10X_17_grch38:AACGTTGAGAGCTGGTx,normal,Ctrl,CO25
CO25__10X_17_grch38:ACGATACGTAGCTTGTx,normal,Ctrl,CO25
CO25__10X_17_grch38:AGGTCCGTCTTTACGTx,normal,Ctrl,CO25
CO25__10X_17_grch38:AGTGGGAAGGTCGGATx,normal,Ctrl,CO25
CO25__10X_17_grch38:ATTATCCGTAGAGCTGx,normal,Ctrl,CO25
CO25__10X_17_grch38:CAACCTCTCGAGGTAGx,normal,Ctrl,CO25
CO25__10X_17_grch38:CACTCCAAGAGGGATAx,normal,Ctrl,CO25
CO25__10X_17_grch38:CACTCCAAGCCACCTGx,normal,Ctrl,CO25
CO25__10X_17_grch38:CCTACCAAGCCCTAATx,normal,Ctrl,CO25
CO25__10X_17_grch38:CCTCAGTCATTGTGCAx,normal,Ctrl,CO25
CO25__10X_17_grch38:CCTTTCTGTCTGATTGx,normal,Ctrl,CO25
CO25__10X_17_grch38:CGAACATGTGTGACGAx,normal,Ctrl,CO25
CO25__10X_17_grch38:CGACCTTAGCGAAGGGx,normal,Ctrl,CO25
CO25__10X_17_grch38:CGCTTCACATCAGTCAx,normal,Ctrl,CO25
CO25__10X_17_grch38:CGGACTGTCAGGCGAAx,normal,Ctrl,CO25
CO25__10X_17_grch38:CGTTGGGTCCAAAGTCx,normal,Ctrl,CO25
CO25__10X_17_grch38:CTGAAACCACGCTTTCx,normal,Ctrl,CO25
CO25__10X_17_grch38:GAATGAACATCGATTGx,normal,Ctrl,CO25
CO25__10X_17_grch38:GCAGTTACACCCATTCx,normal,Ctrl,CO25
CO25__10X_17_grch38:GCATGCGCATGTAGTCx,normal,Ctrl,CO25
CO25__10X_17_grch38:GCGCCAATCACGATGTx,normal,Ctrl,CO25
CO25__10X_17_grch38:GGATGTTGTTCCAACAx,normal,Ctrl,CO25
CO25__10X_17_grch38:GGCAATTCACACCGACx,normal,Ctrl,CO25
CO25__10X_17_grch38:GGCAATTGTCCGTTAAx,normal,Ctrl,CO25
CO25__10X_17_grch38:GGCCGATAGGCTACGAx,normal,Ctrl,CO25
CO25__10X_17_grch38:GGGATGAAGTTAACGAx,normal,Ctrl,CO25
CO25__10X_17_grch38:GTACTTTGTTCCGGCAx,normal,Ctrl,CO25
CO25__10X_17_grch38:GTCACAACACTTCTGCx,normal,Ctrl,CO25
CO25__10X_17_grch38:GTCCTCATCAAAGTAGx,normal,Ctrl,CO25
CO25__10X_17_grch38:TAAGCGTAGTCCGGTCx,normal,Ctrl,CO25
CO25__10X_17_grch38:TAAGCGTAGTCGAGTGx,normal,Ctrl,CO25
CO25__10X_17_grch38:TAGTGGTGTACTTCTTx,normal,Ctrl,CO25
CO25__10X_17_grch38:TATGCCCCAACGATCTx,normal,Ctrl,CO25
CO25__10X_17_grch38:TCTGGAAAGTATTGGAx,normal,Ctrl,CO25
CO25__10X_17_grch38:TGCGCAGAGGGAAACAx,normal,Ctrl,CO25
CO25__10X_17_grch38:TGCGCAGGTCCGTCAGx,normal,Ctrl,CO25
CO25__10X_17_grch38:TGGGCGTCAGTATGCTx,normal,Ctrl,CO25
CO25__10X_17_grch38:TGTCCCATCTTAACCTx,normal,Ctrl,CO25
CO25__10X_17_grch38:TTCTCCTGTTTACTCTx,normal,Ctrl,CO25
CO25__10X_17_grch38:TTGAACGAGAAACCGCx,normal,Ctrl,CO25
MS176_NAWM__10X_17_grch38:AAACGGGAGCTAACTCx,MS,NAWM,MS176
MS176_NAWM__10X_17_grch38:AAGGCAGAGAGTAATCx,MS,NAWM,MS176
MS176_NAWM__10X_17_grch38:ACATGGTAGCGTTCCGx,MS,NAWM,MS176
MS176_NAWM__10X_17_grch38:ACCGTAATCAGGCCCAx,MS,NAWM,MS176
MS176_NAWM__10X_17_grch38:ACTGTCCCATTGGTACx,MS,NAWM,MS176
MS176_NAWM__10X_17_grch38:ATCATGGTCCCTAACCx,MS,NAWM,MS176
MS176_NAWM__10X_17_grch38:CAGCTGGTCATACGGTx,MS,NAWM,MS176
MS176_NAWM__10X_17_grch38:CAGTCCTCATCGATGTx,MS,NAWM,MS176
MS176_NAWM__10X_17_grch38:CATGACAAGGCGATACx,MS,NAWM,MS176
MS176_NAWM__10X_17_grch38:CCATTCGTCGGTGTTAx,MS,NAWM,MS176
MS176_NAWM__10X_17_grch38:CCGTACTGTTGGTTTGx,MS,NAWM,MS176
MS176_NAWM__10X_17_grch38:CGATTGAAGAAGATTCx,MS,NAWM,MS176
MS176_NAWM__10X_17_grch38:CGCCAAGGTAAACCTCx,MS,NAWM,MS176
MS176_NAWM__10X_17_grch38:CGGACACCAGCTATTGx,MS,NAWM,MS176
MS176_NAWM__10X_17_grch38:CGGACTGTCCGCATCTx,MS,NAWM,MS176
MS176_NAWM__10X_17_grch38:CGTCAGGGTGTTCGATx,MS,NAWM,MS176
MS176_NAWM__10X_17_grch38:CTAGAGTTCACATACGx,MS,NAWM,MS176
MS176_NAWM__10X_17_grch38:CTCATTAGTTTCGCTCx,MS,NAWM,MS176
MS176_NAWM__10X_17_grch38:CTGGTCTCATGGTTGTx,MS,NAWM,MS176
MS176_NAWM__10X_17_grch38:CTGTTTATCACTGGGCx,MS,NAWM,MS176
MS176_NAWM__10X_17_grch38:CTGTTTATCTGCGTAAx,MS,NAWM,MS176
MS176_NAWM__10X_17_grch38:CTTACCGCATGGGAACx,MS,NAWM,MS176
MS176_NAWM__10X_17_grch38:GCGCCAATCACCGTAAx,MS,NAWM,MS176
MS176_NAWM__10X_17_grch38:GGAGCAAGTCTAGAGGx,MS,NAWM,MS176
MS176_NAWM__10X_17_grch38:GGCCGATGTTACCAGTx,MS,NAWM,MS176
MS176_NAWM__10X_17_grch38:GTCACGGGTGTTCTTTx,MS,NAWM,MS176
MS176_NAWM__10X_17_grch38:GTCGTAAGTCTCTTTAx,MS,NAWM,MS176
MS176_NAWM__10X_17_grch38:TAAGCGTTCCAATGGTx,MS,NAWM,MS176
MS176_NAWM__10X_17_grch38:TAAGTGCAGGGTTCCCx,MS,NAWM,MS176
MS176_NAWM__10X_17_grch38:TAAGTGCCACGACGAAx,MS,NAWM,MS176
MS176_NAWM__10X_17_grch38:TACGGATGTTGGACCCx,MS,NAWM,MS176
MS176_NAWM__10X_17_grch38:TCAATCTGTCAAAGCGx,MS,NAWM,MS176
MS176_NAWM__10X_17_grch38:TCCACACCAGGGAGAGx,MS,NAWM,MS176
MS176_NAWM__10X_17_grch38:TCTGAGACATTAACCGx,MS,NAWM,MS176
MS176_NAWM__10X_17_grch38:TGAGCCGTCAAACAAGx,MS,NAWM,MS176
MS176_NAWM__10X_17_grch38:TGTGGTACACATTTCTx,MS,NAWM,MS176
MS176_NAWM__10X_17_grch38:TTCTTAGAGCCACGCTx,MS,NAWM,MS176
MS176_NAWM__10X_17_grch38:TTGCCGTTCTGCAAGTx,MS,NAWM,MS176
MS176_NAWM__10X_17_grch38:TTTATGCTCCCACTTGx,MS,NAWM,MS176
MS176_RM__10X_17_grch38:CACCTTGCACATTTCTx,MS,RM,MS176
MS176_RM__10X_17_grch38:GGTGAAGCAGAGCCAAx,MS,RM,MS176
MS176_CA__10X_17_grch38:TTAGTTCAGTGCTGCCx,MS,CA,MS176
CO39__10X_17_grch38:AAACCTGTCGGCTTGGx,normal,Ctrl,CO39
CO39__10X_17_grch38:AAAGCAACACTCAGGCx,normal,Ctrl,CO39
CO39__10X_17_grch38:AACACGTGTACCCAATx,normal,Ctrl,CO39
CO39__10X_17_grch38:AACTCTTAGTTCGCGCx,normal,Ctrl,CO39
CO39__10X_17_grch38:AACTCTTGTAATCACCx,normal,Ctrl,CO39
CO39__10X_17_grch38:AACTTTCAGCCAACAGx,normal,Ctrl,CO39
CO39__10X_17_grch38:AAGGTTCGTGCCTTGGx,normal,Ctrl,CO39
CO39__10X_17_grch38:AAGTCTGGTTTAAGCCx,normal,Ctrl,CO39
CO39__10X_17_grch38:ACACCAAAGCAGATCGx,normal,Ctrl,CO39
CO39__10X_17_grch38:ACACCCTGTTCACGGCx,normal,Ctrl,CO39
CO39__10X_17_grch38:ACACCGGTCTGATACGx,normal,Ctrl,CO39
CO39__10X_17_grch38:ACACTGAAGCTCAACTx,normal,Ctrl,CO39
CO39__10X_17_grch38:ACAGCCGAGCTAGTTCx,normal,Ctrl,CO39
CO39__10X_17_grch38:ACAGCCGTCTGGCGACx,normal,Ctrl,CO39
CO39__10X_17_grch38:ACAGCTAAGATGTTAGx,normal,Ctrl,CO39
CO39__10X_17_grch38:ACCCACTTCTGCGACGx,normal,Ctrl,CO39
CO39__10X_17_grch38:ACCTTTAGTCTTCGTCx,normal,Ctrl,CO39
CO39__10X_17_grch38:ACCTTTATCTCTTGATx,normal,Ctrl,CO39
CO39__10X_17_grch38:ACGAGGACAGATCGGAx,normal,Ctrl,CO39
CO39__10X_17_grch38:ACGATACAGGTGCTTTx,normal,Ctrl,CO39
CO39__10X_17_grch38:ACGCCAGGTCACTTCCx,normal,Ctrl,CO39
CO39__10X_17_grch38:ACGCCGAAGACGCAACx,normal,Ctrl,CO39
CO39__10X_17_grch38:ACGGGTCCAATGGACGx,normal,Ctrl,CO39
CO39__10X_17_grch38:ACTATCTTCACAGGCCx,normal,Ctrl,CO39
CO39__10X_17_grch38:ACTGATGAGGTACTCTx,normal,Ctrl,CO39
CO39__10X_17_grch38:ACTGTCCGTCTAGTGTx,normal,Ctrl,CO39
CO39__10X_17_grch38:ACTTGTTCATACAGCTx,normal,Ctrl,CO39
CO39__10X_17_grch38:ACTTGTTGTCACCTAAx,normal,Ctrl,CO39
CO39__10X_17_grch38:AGACGTTTCTCAACTTx,normal,Ctrl,CO39
CO39__10X_17_grch38:AGAGCGAAGCATGGCAx,normal,Ctrl,CO39
CO39__10X_17_grch38:AGCAGCCCACGAAATAx,normal,Ctrl,CO39
CO39__10X_17_grch38:AGCATACGTGCCTGCAx,normal,Ctrl,CO39
CO39__10X_17_grch38:AGCGGTCCAACACGCCx,normal,Ctrl,CO39
CO39__10X_17_grch38:AGCGGTCTCTTGACGAx,normal,Ctrl,CO39
CO39__10X_17_grch38:AGCGTCGGTTGTACACx,normal,Ctrl,CO39
CO39__10X_17_grch38:AGCTCTCTCACATAGCx,normal,Ctrl,CO39
CO39__10X_17_grch38:AGCTTGAAGGTAGCTGx,normal,Ctrl,CO39
CO39__10X_17_grch38:AGGCCGTCAGCGTTCGx,normal,Ctrl,CO39
CO39__10X_17_grch38:AGGTCATAGTGATCGGx,normal,Ctrl,CO39
CO39__10X_17_grch38:AGGTCATGTTGCGCACx,normal,Ctrl,CO39
CO39__10X_17_grch38:AGTCTTTCATGCTGGCx,normal,Ctrl,CO39
CO39__10X_17_grch38:ATAGACCCATGACGGAx,normal,Ctrl,CO39
CO39__10X_17_grch38:ATCATCTAGCACCGCTx,normal,Ctrl,CO39
CO39__10X_17_grch38:ATCATCTCACATGACTx,normal,Ctrl,CO39
CO39__10X_17_grch38:ATCCACCAGGGCACTAx,normal,Ctrl,CO39
CO39__10X_17_grch38:ATCCACCTCAATCACGx,normal,Ctrl,CO39
CO39__10X_17_grch38:ATCCGAACAGATCCATx,normal,Ctrl,CO39
CO39__10X_17_grch38:ATCCGAATCACCATAGx,normal,Ctrl,CO39
CO39__10X_17_grch38:ATCGAGTCAAACGTGGx,normal,Ctrl,CO39
CO39__10X_17_grch38:ATCTACTAGTAGTGCGx,normal,Ctrl,CO39
CO39__10X_17_grch38:ATCTACTCACGCCAGTx,normal,Ctrl,CO39
CO39__10X_17_grch38:ATGAGGGAGCAGCCTCx,normal,Ctrl,CO39
CO39__10X_17_grch38:ATGGGAGAGAGTTGGCx,normal,Ctrl,CO39
CO39__10X_17_grch38:ATGGGAGGTTACTGACx,normal,Ctrl,CO39
CO39__10X_17_grch38:CAAGATCAGAAACCATx,normal,Ctrl,CO39
CO39__10X_17_grch38:CACACTCTCATCGGATx,normal,Ctrl,CO39
CO39__10X_17_grch38:CACATTTCACAGACAGx,normal,Ctrl,CO39
CO39__10X_17_grch38:CACATTTGTCTGATCAx,normal,Ctrl,CO39
CO39__10X_17_grch38:CACCACTAGAGTCTGGx,normal,Ctrl,CO39
CO39__10X_17_grch38:CACCTTGAGAGGTTGCx,normal,Ctrl,CO39
CO39__10X_17_grch38:CAGAATCCAATACGCTx,normal,Ctrl,CO39
CO39__10X_17_grch38:CAGAGAGCAACACGCCx,normal,Ctrl,CO39
CO39__10X_17_grch38:CAGCGACCAGACAAGCx,normal,Ctrl,CO39
CO39__10X_17_grch38:CAGTAACTCTGTACGAx,normal,Ctrl,CO39
CO39__10X_17_grch38:CATATTCGTCCATGATx,normal,Ctrl,CO39
CO39__10X_17_grch38:CATATTCTCACCGTAAx,normal,Ctrl,CO39
CO39__10X_17_grch38:CATCAGAGTACCGGCTx,normal,Ctrl,CO39
CO39__10X_17_grch38:CATCGAAAGTTGTCGTx,normal,Ctrl,CO39
CO39__10X_17_grch38:CATCGAATCCCTTGTGx,normal,Ctrl,CO39
CO39__10X_17_grch38:CATCGAATCGGTGTTAx,normal,Ctrl,CO39
CO39__10X_17_grch38:CATGACACACATAACCx,normal,Ctrl,CO39
CO39__10X_17_grch38:CCACCTAGTTATGTGCx,normal,Ctrl,CO39
CO39__10X_17_grch38:CCCAATCTCAGAGCTTx,normal,Ctrl,CO39
CO39__10X_17_grch38:CCCTCCTAGCAATCTCx,normal,Ctrl,CO39
CO39__10X_17_grch38:CCGTTCAAGTGACATAx,normal,Ctrl,CO39
CO39__10X_17_grch38:CCTACCAAGCTGATAAx,normal,Ctrl,CO39
CO39__10X_17_grch38:CCTACCACATGAACCTx,normal,Ctrl,CO39
CO39__10X_17_grch38:CCTACCATCTCTTGATx,normal,Ctrl,CO39
CO39__10X_17_grch38:CCTCAGTCAGCTGCTGx,normal,Ctrl,CO39
CO39__10X_17_grch38:CCTTCGATCTGTTGAGx,normal,Ctrl,CO39
CO39__10X_17_grch38:CCTTTCTCATTATCTCx,normal,Ctrl,CO39
CO39__10X_17_grch38:CGAGAAGGTACGCTGCx,normal,Ctrl,CO39
CO39__10X_17_grch38:CGAGCACCACCCTATCx,normal,Ctrl,CO39
CO39__10X_17_grch38:CGATTGACACCAGATTx,normal,Ctrl,CO39
CO39__10X_17_grch38:CGATTGATCTCTAGGAx,normal,Ctrl,CO39
CO39__10X_17_grch38:CGCCAAGAGCTCAACTx,normal,Ctrl,CO39
CO39__10X_17_grch38:CGCTGGATCCTCTAGCx,normal,Ctrl,CO39
CO39__10X_17_grch38:CGGACGTGTACCGTTAx,normal,Ctrl,CO39
CO39__10X_17_grch38:CGGACTGTCCGTAGTAx,normal,Ctrl,CO39
CO39__10X_17_grch38:CGGAGCTGTCCCTACTx,normal,Ctrl,CO39
CO39__10X_17_grch38:CGGTTAACATAGAAACx,normal,Ctrl,CO39
CO39__10X_17_grch38:CGGTTAAGTTGCGCACx,normal,Ctrl,CO39
CO39__10X_17_grch38:CGTGAGCAGAAGGTGAx,normal,Ctrl,CO39
CO39__10X_17_grch38:CGTTAGAAGAGCTGGTx,normal,Ctrl,CO39
CO39__10X_17_grch38:CGTTAGAGTACTCGCGx,normal,Ctrl,CO39
CO39__10X_17_grch38:CTAACTTGTGACTCATx,normal,Ctrl,CO39
CO39__10X_17_grch38:CTACATTTCTTTACGTx,normal,Ctrl,CO39
CO39__10X_17_grch38:CTACGTCGTGTCGCTGx,normal,Ctrl,CO39
CO39__10X_17_grch38:CTAGTGATCCGAAGAGx,normal,Ctrl,CO39
CO39__10X_17_grch38:CTCCTAGAGCAGGCTAx,normal,Ctrl,CO39
CO39__10X_17_grch38:CTCGGGAGTGCCTTGGx,normal,Ctrl,CO39
CO39__10X_17_grch38:CTCGTACAGGTTACCTx,normal,Ctrl,CO39
CO39__10X_17_grch38:CTCGTACGTTGGACCCx,normal,Ctrl,CO39
CO39__10X_17_grch38:CTCTACGGTTACCGATx,normal,Ctrl,CO39
CO39__10X_17_grch38:CTGAAACGTTCAGGCCx,normal,Ctrl,CO39
CO39__10X_17_grch38:CTGCGGACACGAGAGTx,normal,Ctrl,CO39
CO39__10X_17_grch38:CTGCGGAGTGGCCCTAx,normal,Ctrl,CO39
CO39__10X_17_grch38:CTTAGGAGTGGCCCTAx,normal,Ctrl,CO39
CO39__10X_17_grch38:GAATAAGTCGGCGGTTx,normal,Ctrl,CO39
CO39__10X_17_grch38:GACAGAGTCGGCCGATx,normal,Ctrl,CO39
CO39__10X_17_grch38:GACAGAGTCGTTTGCCx,normal,Ctrl,CO39
CO39__10X_17_grch38:GACCTGGCATGAAGTAx,normal,Ctrl,CO39
CO39__10X_17_grch38:GACTACAGTGAAAGAGx,normal,Ctrl,CO39
CO39__10X_17_grch38:GACTACATCAACACGTx,normal,Ctrl,CO39
CO39__10X_17_grch38:GACTGCGTCTAACCGAx,normal,Ctrl,CO39
CO39__10X_17_grch38:GATCAGTCATCACAACx,normal,Ctrl,CO39
CO39__10X_17_grch38:GATCGTATCACGGTTAx,normal,Ctrl,CO39
CO39__10X_17_grch38:GATCTAGGTCACCTAAx,normal,Ctrl,CO39
CO39__10X_17_grch38:GCAGCCACAATGTAAGx,normal,Ctrl,CO39
CO39__10X_17_grch38:GCAGCCAGTGCTTCTCx,normal,Ctrl,CO39
CO39__10X_17_grch38:GCCAAATAGGATATACx,normal,Ctrl,CO39
CO39__10X_17_grch38:GCGGGTTCACATGGGAx,normal,Ctrl,CO39
CO39__10X_17_grch38:GGAAAGCTCTCATTCAx,normal,Ctrl,CO39
CO39__10X_17_grch38:GGACAGAGTTACGCGCx,normal,Ctrl,CO39
CO39__10X_17_grch38:GGACATTGTGCGAAACx,normal,Ctrl,CO39
CO39__10X_17_grch38:GGACGTCTCTGCAAGTx,normal,Ctrl,CO39
CO39__10X_17_grch38:GGATGTTTCTGCTGCTx,normal,Ctrl,CO39
CO39__10X_17_grch38:GGCGACTAGCTTCGCGx,normal,Ctrl,CO39
CO39__10X_17_grch38:GGGAATGGTGCCTTGGx,normal,Ctrl,CO39
CO39__10X_17_grch38:GTACTCCAGTATCTCGx,normal,Ctrl,CO39
CO39__10X_17_grch38:GTCAAGTCACCATGTAx,normal,Ctrl,CO39
CO39__10X_17_grch38:GTCGGGTCACTTACGAx,normal,Ctrl,CO39
CO39__10X_17_grch38:GTCTTCGAGACTGGGTx,normal,Ctrl,CO39
CO39__10X_17_grch38:GTCTTCGCAGACAAGCx,normal,Ctrl,CO39
CO39__10X_17_grch38:GTGCGGTGTGTTAAGAx,normal,Ctrl,CO39
CO39__10X_17_grch38:GTGCTTCCACCAGATTx,normal,Ctrl,CO39
CO39__10X_17_grch38:GTGCTTCTCGCCAGCAx,normal,Ctrl,CO39
CO39__10X_17_grch38:GTGTGCGAGGGATACCx,normal,Ctrl,CO39
CO39__10X_17_grch38:GTTAAGCGTCTGCGGTx,normal,Ctrl,CO39
CO39__10X_17_grch38:GTTCGGGCATACCATGx,normal,Ctrl,CO39
CO39__10X_17_grch38:TAAACCGGTCCGCTGAx,normal,Ctrl,CO39
CO39__10X_17_grch38:TAAGAGAAGGCGACATx,normal,Ctrl,CO39
CO39__10X_17_grch38:TACGGATCAAACCTACx,normal,Ctrl,CO39
CO39__10X_17_grch38:TACTTACGTTCACGGCx,normal,Ctrl,CO39
CO39__10X_17_grch38:TACTTGTAGTATGACAx,normal,Ctrl,CO39
CO39__10X_17_grch38:TAGAGCTTCTCTTATGx,normal,Ctrl,CO39
CO39__10X_17_grch38:TAGTGGTCAAGGTTCTx,normal,Ctrl,CO39
CO39__10X_17_grch38:TAGTTGGCACCAGGCTx,normal,Ctrl,CO39
CO39__10X_17_grch38:TATTACCTCCTACAGAx,normal,Ctrl,CO39
CO39__10X_17_grch38:TCAATCTTCCTTAATCx,normal,Ctrl,CO39
CO39__10X_17_grch38:TCACAAGTCGACCAGCx,normal,Ctrl,CO39
CO39__10X_17_grch38:TCAGATGCAAGCCTATx,normal,Ctrl,CO39
CO39__10X_17_grch38:TCATTACAGCGATCCCx,normal,Ctrl,CO39
CO39__10X_17_grch38:TCATTACCACAGGCCTx,normal,Ctrl,CO39
CO39__10X_17_grch38:TCATTTGGTTATGCGTx,normal,Ctrl,CO39
CO39__10X_17_grch38:TCGAGGCGTGCCTGGTx,normal,Ctrl,CO39
CO39__10X_17_grch38:TCGCGAGCACATAACCx,normal,Ctrl,CO39
CO39__10X_17_grch38:TCGCGTTGTCCGAACCx,normal,Ctrl,CO39
CO39__10X_17_grch38:TCGGTAAAGGTGTGGTx,normal,Ctrl,CO39
CO39__10X_17_grch38:TCGTAGACATGGTCTAx,normal,Ctrl,CO39
CO39__10X_17_grch38:TCTCATATCAGCACATx,normal,Ctrl,CO39
CO39__10X_17_grch38:TCTCTAAAGGGTCTCCx,normal,Ctrl,CO39
CO39__10X_17_grch38:TGAAAGATCATCTGTTx,normal,Ctrl,CO39
CO39__10X_17_grch38:TGACTAGAGTGTTAGAx,normal,Ctrl,CO39
CO39__10X_17_grch38:TGAGGGAGTTACGTCAx,normal,Ctrl,CO39
CO39__10X_17_grch38:TGATTTCCACGTTGGCx,normal,Ctrl,CO39
CO39__10X_17_grch38:TGCACCTCAATAGCGGx,normal,Ctrl,CO39
CO39__10X_17_grch38:TGCGCAGTCATGGTCAx,normal,Ctrl,CO39
CO39__10X_17_grch38:TGCTGCTCAGACAAATx,normal,Ctrl,CO39
CO39__10X_17_grch38:TGCTGCTCATGCCTTCx,normal,Ctrl,CO39
CO39__10X_17_grch38:TGGACGCAGAGTGAGAx,normal,Ctrl,CO39
CO39__10X_17_grch38:TGGCCAGGTGCACCACx,normal,Ctrl,CO39
CO39__10X_17_grch38:TGGGAAGAGCCTATGTx,normal,Ctrl,CO39
CO39__10X_17_grch38:TGGGCGTCACGCCAGTx,normal,Ctrl,CO39
CO39__10X_17_grch38:TGGTTCCGTGCTCTTCx,normal,Ctrl,CO39
CO39__10X_17_grch38:TGTCCCAGTTGGTTTGx,normal,Ctrl,CO39
CO39__10X_17_grch38:TGTGGTAGTGATAAACx,normal,Ctrl,CO39
CO39__10X_17_grch38:TGTTCCGTCATGGTCAx,normal,Ctrl,CO39
CO39__10X_17_grch38:TTAACTCTCGTACGGCx,normal,Ctrl,CO39
CO39__10X_17_grch38:TTAGTTCCACGTGAGAx,normal,Ctrl,CO39
CO39__10X_17_grch38:TTAGTTCTCTCCAGGGx,normal,Ctrl,CO39
CO39__10X_17_grch38:TTCCCAGGTCGCTTCTx,normal,Ctrl,CO39
CO39__10X_17_grch38:TTCCCAGTCCTGTACCx,normal,Ctrl,CO39
CO39__10X_17_grch38:TTCGGTCGTTCCATGAx,normal,Ctrl,CO39
CO39__10X_17_grch38:TTCTACACATGTTGACx,normal,Ctrl,CO39
CO39__10X_17_grch38:TTGACTTTCGTACGGCx,normal,Ctrl,CO39
CO39__10X_17_grch38:TTGCCGTAGACGCAACx,normal,Ctrl,CO39
CO39__10X_17_grch38:TTGCGTCTCAACGGGAx,normal,Ctrl,CO39
CO39__10X_17_grch38:TTGGCAAGTGTTTGTGx,normal,Ctrl,CO39
CO14__10X_17_grch38:AAAGATGGTACTTAGCx,normal,Ctrl,CO14
CO14__10X_17_grch38:AAAGATGGTTGCGTTAx,normal,Ctrl,CO14
CO14__10X_17_grch38:AAAGATGTCCCATTATx,normal,Ctrl,CO14
CO14__10X_17_grch38:AAAGCAAGTTCCACTCx,normal,Ctrl,CO14
CO14__10X_17_grch38:AAAGCAATCTTAGCCCx,normal,Ctrl,CO14
CO14__10X_17_grch38:AACTGGTAGTCCGTATx,normal,Ctrl,CO14
CO14__10X_17_grch38:AAGACCTTCGTGGGAAx,normal,Ctrl,CO14
CO14__10X_17_grch38:AAGCCGCAGAGAGCTCx,normal,Ctrl,CO14
CO14__10X_17_grch38:AAGCCGCCAAGCGTAGx,normal,Ctrl,CO14
CO14__10X_17_grch38:AAGGCAGTCGTCGTTCx,normal,Ctrl,CO14
CO14__10X_17_grch38:AAGGTTCGTACAGTGGx,normal,Ctrl,CO14
CO14__10X_17_grch38:AATCCAGCAATCTACGx,normal,Ctrl,CO14
CO14__10X_17_grch38:ACACCAACATGTAAGAx,normal,Ctrl,CO14
CO14__10X_17_grch38:ACACCAAGTCTCTCGTx,normal,Ctrl,CO14
CO14__10X_17_grch38:ACACCAATCTCCAGGGx,normal,Ctrl,CO14
CO14__10X_17_grch38:ACACTGACATAAGACAx,normal,Ctrl,CO14
CO14__10X_17_grch38:ACATCAGTCTGTTGAGx,normal,Ctrl,CO14
CO14__10X_17_grch38:ACCCACTCATCCGGGTx,normal,Ctrl,CO14
CO14__10X_17_grch38:ACCGTAATCACCAGGCx,normal,Ctrl,CO14
CO14__10X_17_grch38:ACCTTTACAAACCCATx,normal,Ctrl,CO14
CO14__10X_17_grch38:ACGAGCCAGCGAGAAAx,normal,Ctrl,CO14
CO14__10X_17_grch38:ACGAGCCAGGCGTACAx,normal,Ctrl,CO14
CO14__10X_17_grch38:ACGAGCCTCTTTACACx,normal,Ctrl,CO14
CO14__10X_17_grch38:ACGAGGACATTCACTTx,normal,Ctrl,CO14
CO14__10X_17_grch38:ACGCCAGAGCCAGGATx,normal,Ctrl,CO14
CO14__10X_17_grch38:ACGCCGAAGATGCGACx,normal,Ctrl,CO14
CO14__10X_17_grch38:ACGGGCTGTCAGGACAx,normal,Ctrl,CO14
CO14__10X_17_grch38:ACTGAACAGCATCATCx,normal,Ctrl,CO14
CO14__10X_17_grch38:ACTGATGAGCCCGAAAx,normal,Ctrl,CO14
CO14__10X_17_grch38:ACTGATGCAAGCTGAGx,normal,Ctrl,CO14
CO14__10X_17_grch38:ACTGCTCCAGTCAGCCx,normal,Ctrl,CO14
CO14__10X_17_grch38:ACTTACTAGGTGTGGTx,normal,Ctrl,CO14
CO14__10X_17_grch38:ACTTGTTCAAGGTGTGx,normal,Ctrl,CO14
CO14__10X_17_grch38:ACTTTCACACATCTTTx,normal,Ctrl,CO14
CO14__10X_17_grch38:AGACGTTAGCACACAGx,normal,Ctrl,CO14
CO14__10X_17_grch38:AGACGTTCACAAGCCCx,normal,Ctrl,CO14
CO14__10X_17_grch38:AGAGCGATCTATCGCCx,normal,Ctrl,CO14
CO14__10X_17_grch38:AGAGTGGCAATCTGCAx,normal,Ctrl,CO14
CO14__10X_17_grch38:AGATCTGAGATGGCGTx,normal,Ctrl,CO14
CO14__10X_17_grch38:AGATCTGAGCTAGGCAx,normal,Ctrl,CO14
CO14__10X_17_grch38:AGATCTGTCCTACAGAx,normal,Ctrl,CO14
CO14__10X_17_grch38:AGATTGCCAACTGCTAx,normal,Ctrl,CO14
CO14__10X_17_grch38:AGCAGCCAGGCATGGTx,normal,Ctrl,CO14
CO14__10X_17_grch38:AGCGTATCACGAAACGx,normal,Ctrl,CO14
CO14__10X_17_grch38:AGCGTATGTACAGTTCx,normal,Ctrl,CO14
CO14__10X_17_grch38:AGCGTATGTCTCATCCx,normal,Ctrl,CO14
CO14__10X_17_grch38:AGCGTATTCGCCATAAx,normal,Ctrl,CO14
CO14__10X_17_grch38:AGCGTCGGTTAAGTAGx,normal,Ctrl,CO14
CO14__10X_17_grch38:AGCTCCTAGCCAGAACx,normal,Ctrl,CO14
CO14__10X_17_grch38:AGCTTGACAGATTGCTx,normal,Ctrl,CO14
CO14__10X_17_grch38:AGGGATGTCATACGGTx,normal,Ctrl,CO14
CO14__10X_17_grch38:AGGGATGTCCTCGCATx,normal,Ctrl,CO14
CO14__10X_17_grch38:AGGGTGACAGGACCCTx,normal,Ctrl,CO14
CO14__10X_17_grch38:AGGTCATCACACGCTGx,normal,Ctrl,CO14
CO14__10X_17_grch38:AGTAGTCAGGATTCGGx,normal,Ctrl,CO14
CO14__10X_17_grch38:AGTAGTCTCATTATCCx,normal,Ctrl,CO14
CO14__10X_17_grch38:AGTCTTTGTGCGCTTGx,normal,Ctrl,CO14
CO14__10X_17_grch38:AGTCTTTGTGTTCGATx,normal,Ctrl,CO14
CO14__10X_17_grch38:AGTCTTTTCGATCCCTx,normal,Ctrl,CO14
CO14__10X_17_grch38:AGTGGGAGTTCAGCGCx,normal,Ctrl,CO14
CO14__10X_17_grch38:AGTGGGATCACCATAGx,normal,Ctrl,CO14
CO14__10X_17_grch38:AGTGGGATCCGTTGCTx,normal,Ctrl,CO14
CO14__10X_17_grch38:AGTTGGTAGCCGCCTAx,normal,Ctrl,CO14
CO14__10X_17_grch38:AGTTGGTGTTCCGTCTx,normal,Ctrl,CO14
CO14__10X_17_grch38:ATAAGAGCAAGAAAGGx,normal,Ctrl,CO14
CO14__10X_17_grch38:ATAAGAGTCATCTGCCx,normal,Ctrl,CO14
CO14__10X_17_grch38:ATAGACCAGACTTGAAx,normal,Ctrl,CO14
CO14__10X_17_grch38:ATCACGAGTATGGTTCx,normal,Ctrl,CO14
CO14__10X_17_grch38:ATCATCTAGTCTCCTCx,normal,Ctrl,CO14
CO14__10X_17_grch38:ATCATGGGTTGAACTCx,normal,Ctrl,CO14
CO14__10X_17_grch38:ATCCGAACAAGCTGGAx,normal,Ctrl,CO14
CO14__10X_17_grch38:ATCCGAATCACCACCTx,normal,Ctrl,CO14
CO14__10X_17_grch38:ATCTACTGTGCGATAGx,normal,Ctrl,CO14
CO14__10X_17_grch38:ATGCGATTCCCAACGGx,normal,Ctrl,CO14
CO14__10X_17_grch38:ATGGGAGGTGAGTGACx,normal,Ctrl,CO14
CO14__10X_17_grch38:ATGTGTGCATGAAGTAx,normal,Ctrl,CO14
CO14__10X_17_grch38:ATTACTCCAGTAACGGx,normal,Ctrl,CO14
CO14__10X_17_grch38:ATTATCCAGTTAACGAx,normal,Ctrl,CO14
CO14__10X_17_grch38:ATTATCCGTAAGGGCTx,normal,Ctrl,CO14
CO14__10X_17_grch38:ATTATCCTCTTCCTTCx,normal,Ctrl,CO14
CO14__10X_17_grch38:ATTGGTGGTAGTAGTAx,normal,Ctrl,CO14
CO14__10X_17_grch38:CAACCAATCTTGGGTAx,normal,Ctrl,CO14
CO14__10X_17_grch38:CAACCTCTCAAGGCTTx,normal,Ctrl,CO14
CO14__10X_17_grch38:CAAGATCTCCAGGGCTx,normal,Ctrl,CO14
CO14__10X_17_grch38:CAAGGCCTCATGTGGTx,normal,Ctrl,CO14
CO14__10X_17_grch38:CAAGTTGAGCGTGAACx,normal,Ctrl,CO14
CO14__10X_17_grch38:CACAAACGTCTAAACCx,normal,Ctrl,CO14
CO14__10X_17_grch38:CACACCTGTGAGGCTAx,normal,Ctrl,CO14
CO14__10X_17_grch38:CACAGGCAGCTTCGCGx,normal,Ctrl,CO14
CO14__10X_17_grch38:CACAGGCCACCGAATTx,normal,Ctrl,CO14
CO14__10X_17_grch38:CACCACTCACGTTGGCx,normal,Ctrl,CO14
CO14__10X_17_grch38:CACCAGGCAAGGACACx,normal,Ctrl,CO14
CO14__10X_17_grch38:CACCTTGTCTACTTACx,normal,Ctrl,CO14
CO14__10X_17_grch38:CAGAATCTCATGCTCCx,normal,Ctrl,CO14
CO14__10X_17_grch38:CAGAGAGAGTAGGCCAx,normal,Ctrl,CO14
CO14__10X_17_grch38:CAGCATAAGAGCTATAx,normal,Ctrl,CO14
CO14__10X_17_grch38:CAGCCGACATGATCCAx,normal,Ctrl,CO14
CO14__10X_17_grch38:CAGGTGCAGATGTCGGx,normal,Ctrl,CO14
CO14__10X_17_grch38:CAGGTGCCATGGTCATx,normal,Ctrl,CO14
CO14__10X_17_grch38:CATATTCCAGTAAGCGx,normal,Ctrl,CO14
CO14__10X_17_grch38:CATCCACAGCCAGTTTx,normal,Ctrl,CO14
CO14__10X_17_grch38:CATGACAAGCTAGTGGx,normal,Ctrl,CO14
CO14__10X_17_grch38:CCAATCCCAAGCTGTTx,normal,Ctrl,CO14
CO14__10X_17_grch38:CCAATCCCACGCTTTCx,normal,Ctrl,CO14
CO14__10X_17_grch38:CCATGTCGTGACCAAGx,normal,Ctrl,CO14
CO14__10X_17_grch38:CCCAATCAGAGTACCGx,normal,Ctrl,CO14
CO14__10X_17_grch38:CCCAGTTAGGCCCTCAx,normal,Ctrl,CO14
CO14__10X_17_grch38:CCCATACCAAGTACCTx,normal,Ctrl,CO14
CO14__10X_17_grch38:CCCTCCTGTCCGAACCx,normal,Ctrl,CO14
CO14__10X_17_grch38:CCCTCCTGTTATCACGx,normal,Ctrl,CO14
CO14__10X_17_grch38:CCGGTAGGTTTGGGCCx,normal,Ctrl,CO14
CO14__10X_17_grch38:CCGTTCAGTTGTCGCGx,normal,Ctrl,CO14
CO14__10X_17_grch38:CCTAGCTTCTTGTCATx,normal,Ctrl,CO14
CO14__10X_17_grch38:CCTATTACAATACGCTx,normal,Ctrl,CO14
CO14__10X_17_grch38:CCTATTATCCAAGTACx,normal,Ctrl,CO14
CO14__10X_17_grch38:CCTATTATCGGATGGAx,normal,Ctrl,CO14
CO14__10X_17_grch38:CCTCAGTGTCCAGTATx,normal,Ctrl,CO14
CO14__10X_17_grch38:CCTTCCCCAAGCCATTx,normal,Ctrl,CO14
CO14__10X_17_grch38:CCTTCGACACATTCGAx,normal,Ctrl,CO14
CO14__10X_17_grch38:CCTTCGACACTAGTACx,normal,Ctrl,CO14
CO14__10X_17_grch38:CCTTTCTGTGGTACAGx,normal,Ctrl,CO14
CO14__10X_17_grch38:CGAATGTCAAGAGTCGx,normal,Ctrl,CO14
CO14__10X_17_grch38:CGACCTTGTTCGCGACx,normal,Ctrl,CO14
CO14__10X_17_grch38:CGACTTCTCTCCAGGGx,normal,Ctrl,CO14
CO14__10X_17_grch38:CGAGCACAGTATCGAAx,normal,Ctrl,CO14
CO14__10X_17_grch38:CGATCGGTCTCGAGTAx,normal,Ctrl,CO14
CO14__10X_17_grch38:CGATGTACACCTCGGAx,normal,Ctrl,CO14
CO14__10X_17_grch38:CGATTGACACAGACAGx,normal,Ctrl,CO14
CO14__10X_17_grch38:CGCCAAGAGACCCACCx,normal,Ctrl,CO14
CO14__10X_17_grch38:CGCCAAGGTGTCCTCTx,normal,Ctrl,CO14
CO14__10X_17_grch38:CGCGTTTAGCTACCGCx,normal,Ctrl,CO14
CO14__10X_17_grch38:CGCTGGAAGTCTTGCAx,normal,Ctrl,CO14
CO14__10X_17_grch38:CGCTTCAAGTGTACCTx,normal,Ctrl,CO14
CO14__10X_17_grch38:CGGACACAGTGAACGCx,normal,Ctrl,CO14
CO14__10X_17_grch38:CGGACACTCAGTCAGTx,normal,Ctrl,CO14
CO14__10X_17_grch38:CGGCTAGCACACATGTx,normal,Ctrl,CO14
CO14__10X_17_grch38:CGGGTCAAGTGGGTTGx,normal,Ctrl,CO14
CO14__10X_17_grch38:CGGGTCAGTCACCCAGx,normal,Ctrl,CO14
CO14__10X_17_grch38:CGTCACTTCTAGAGTCx,normal,Ctrl,CO14
CO14__10X_17_grch38:CGTCCATGTCCAGTTAx,normal,Ctrl,CO14
CO14__10X_17_grch38:CGTGAGCGTCACACGCx,normal,Ctrl,CO14
CO14__10X_17_grch38:CGTGAGCTCACCCTCAx,normal,Ctrl,CO14
CO14__10X_17_grch38:CGTGTAACAAGCGCTCx,normal,Ctrl,CO14
CO14__10X_17_grch38:CGTTAGAAGAGATGAGx,normal,Ctrl,CO14
CO14__10X_17_grch38:CGTTAGACAGGACGTAx,normal,Ctrl,CO14
CO14__10X_17_grch38:CGTTGGGGTAGCGTAGx,normal,Ctrl,CO14
CO14__10X_17_grch38:CTAAGACAGGAATGGAx,normal,Ctrl,CO14
CO14__10X_17_grch38:CTAATGGCAGTCCTTCx,normal,Ctrl,CO14
CO14__10X_17_grch38:CTACACCGTATGAATGx,normal,Ctrl,CO14
CO14__10X_17_grch38:CTACCCAGTCTCTTTAx,normal,Ctrl,CO14
CO14__10X_17_grch38:CTACGTCAGGTAGCCAx,normal,Ctrl,CO14
CO14__10X_17_grch38:CTAGCCTGTCCGAACCx,normal,Ctrl,CO14
CO14__10X_17_grch38:CTAGTGAGTTATCGGTx,normal,Ctrl,CO14
CO14__10X_17_grch38:CTCACACAGAGAACAGx,normal,Ctrl,CO14
CO14__10X_17_grch38:CTCACACGTAGCGTCCx,normal,Ctrl,CO14
CO14__10X_17_grch38:CTCAGAAAGCTCCCAGx,normal,Ctrl,CO14
CO14__10X_17_grch38:CTCAGAACATGCCTAAx,normal,Ctrl,CO14
CO14__10X_17_grch38:CTCCTAGCATCATCCCx,normal,Ctrl,CO14
CO14__10X_17_grch38:CTCGAAAGTAAGCACGx,normal,Ctrl,CO14
CO14__10X_17_grch38:CTCGAGGGTTCATGGTx,normal,Ctrl,CO14
CO14__10X_17_grch38:CTCGGGACACGAGAGTx,normal,Ctrl,CO14
CO14__10X_17_grch38:CTCTACGCATTTCAGGx,normal,Ctrl,CO14
CO14__10X_17_grch38:CTCTGGTAGCGTTGCCx,normal,Ctrl,CO14
CO14__10X_17_grch38:CTCTGGTAGGCTCTTAx,normal,Ctrl,CO14
CO14__10X_17_grch38:CTCTGGTAGGGTGTGTx,normal,Ctrl,CO14
CO14__10X_17_grch38:CTCTGGTGTTAAGTAGx,normal,Ctrl,CO14
CO14__10X_17_grch38:CTGAAGTAGTGTGGCAx,normal,Ctrl,CO14
CO14__10X_17_grch38:CTGCCTATCAAACCACx,normal,Ctrl,CO14
CO14__10X_17_grch38:CTGTGCTAGAGTAAGGx,normal,Ctrl,CO14
CO14__10X_17_grch38:CTGTGCTGTATGGTTCx,normal,Ctrl,CO14
CO14__10X_17_grch38:CTGTTTAAGCTATGCTx,normal,Ctrl,CO14
CO14__10X_17_grch38:CTTAACTAGTTGAGATx,normal,Ctrl,CO14
CO14__10X_17_grch38:CTTACCGTCCTCATTAx,normal,Ctrl,CO14
CO14__10X_17_grch38:CTTAGGACACAGACAGx,normal,Ctrl,CO14
CO14__10X_17_grch38:CTTGGCTCAGCTTCGGx,normal,Ctrl,CO14
CO14__10X_17_grch38:GAAATGATCCCTGACTx,normal,Ctrl,CO14
CO14__10X_17_grch38:GAATAAGTCGTGGGAAx,normal,Ctrl,CO14
CO14__10X_17_grch38:GAATGAACATGTCTCCx,normal,Ctrl,CO14
CO14__10X_17_grch38:GAATGAAGTCGGCATCx,normal,Ctrl,CO14
CO14__10X_17_grch38:GAATGAATCGTTTGCCx,normal,Ctrl,CO14
CO14__10X_17_grch38:GACAGAGCATCAGTCAx,normal,Ctrl,CO14
CO14__10X_17_grch38:GACCAATCATCGGAAGx,normal,Ctrl,CO14
CO14__10X_17_grch38:GACGGCTTCACGCATAx,normal,Ctrl,CO14
CO14__10X_17_grch38:GACGTGCCACCAGATTx,normal,Ctrl,CO14
CO14__10X_17_grch38:GACGTTAGTCAGCTATx,normal,Ctrl,CO14
CO14__10X_17_grch38:GACTAACTCAAAGACAx,normal,Ctrl,CO14
CO14__10X_17_grch38:GAGGTGATCAAACAAGx,normal,Ctrl,CO14
CO14__10X_17_grch38:GAGTCCGAGCTGCCCAx,normal,Ctrl,CO14
CO14__10X_17_grch38:GATCTAGTCTTCGAGAx,normal,Ctrl,CO14
CO14__10X_17_grch38:GATGAGGAGGTGTGGTx,normal,Ctrl,CO14
CO14__10X_17_grch38:GATGAGGTCAGGTTCAx,normal,Ctrl,CO14
CO14__10X_17_grch38:GATTCAGCACGGATAGx,normal,Ctrl,CO14
CO14__10X_17_grch38:GCAAACTCAGATAATGx,normal,Ctrl,CO14
CO14__10X_17_grch38:GCAAACTGTCAGAAGCx,normal,Ctrl,CO14
CO14__10X_17_grch38:GCAATCATCTTCCTTCx,normal,Ctrl,CO14
CO14__10X_17_grch38:GCAGCCACAGCGAACAx,normal,Ctrl,CO14
CO14__10X_17_grch38:GCAGTTACACTCAGGCx,normal,Ctrl,CO14
CO14__10X_17_grch38:GCAGTTACAGACTCGCx,normal,Ctrl,CO14
CO14__10X_17_grch38:GCAGTTAGTCTAGCCGx,normal,Ctrl,CO14
CO14__10X_17_grch38:GCATGATCACGCCAGTx,normal,Ctrl,CO14
CO14__10X_17_grch38:GCCAAATAGAATAGGGx,normal,Ctrl,CO14
CO14__10X_17_grch38:GCCAAATCACGACGAAx,normal,Ctrl,CO14
CO14__10X_17_grch38:GCCTCTAGTGTCTGATx,normal,Ctrl,CO14
CO14__10X_17_grch38:GCGCAACTCAGTCCCTx,normal,Ctrl,CO14
CO14__10X_17_grch38:GCGCGATTCAACACTGx,normal,Ctrl,CO14
CO14__10X_17_grch38:GCGGGTTAGACAATACx,normal,Ctrl,CO14
CO14__10X_17_grch38:GCGGGTTCACCACCAGx,normal,Ctrl,CO14
CO14__10X_17_grch38:GCGGGTTCAGCTGCTGx,normal,Ctrl,CO14
CO14__10X_17_grch38:GCTGCTTTCCAAGCCGx,normal,Ctrl,CO14
CO14__10X_17_grch38:GCTGGGTAGGCCCTTGx,normal,Ctrl,CO14
CO14__10X_17_grch38:GGAATAACAAGGTGTGx,normal,Ctrl,CO14
CO14__10X_17_grch38:GGACAAGTCAAACAAGx,normal,Ctrl,CO14
CO14__10X_17_grch38:GGACAGATCCATGCTCx,normal,Ctrl,CO14
CO14__10X_17_grch38:GGACATTTCCATTCTAx,normal,Ctrl,CO14
CO14__10X_17_grch38:GGAGCAAAGGAGCGTTx,normal,Ctrl,CO14
CO14__10X_17_grch38:GGATGTTGTTCCCTTGx,normal,Ctrl,CO14
CO14__10X_17_grch38:GGATTACCAACTTGACx,normal,Ctrl,CO14
CO14__10X_17_grch38:GGATTACCAGGGATTGx,normal,Ctrl,CO14
CO14__10X_17_grch38:GGCAATTGTAGAGTGCx,normal,Ctrl,CO14
CO14__10X_17_grch38:GGCGACTGTCCTCTTGx,normal,Ctrl,CO14
CO14__10X_17_grch38:GGCGTGTTCCTCTAGCx,normal,Ctrl,CO14
CO14__10X_17_grch38:GGCTCGAAGGTAGCTGx,normal,Ctrl,CO14
CO14__10X_17_grch38:GGGAATGTCGCATGATx,normal,Ctrl,CO14
CO14__10X_17_grch38:GGGACCTAGTGATCGGx,normal,Ctrl,CO14
CO14__10X_17_grch38:GGGACCTCATTCACTTx,normal,Ctrl,CO14
CO14__10X_17_grch38:GGGAGATTCAAAGTAGx,normal,Ctrl,CO14
CO14__10X_17_grch38:GGGAGATTCATTCACTx,normal,Ctrl,CO14
CO14__10X_17_grch38:GGGCATCCACGGATAGx,normal,Ctrl,CO14
CO14__10X_17_grch38:GGGTTGCCAAGACGTGx,normal,Ctrl,CO14
CO14__10X_17_grch38:GGTATTGTCCCAAGATx,normal,Ctrl,CO14
CO14__10X_17_grch38:GGTGTTATCTATGTGGx,normal,Ctrl,CO14
CO14__10X_17_grch38:GTACGTACAGATAATGx,normal,Ctrl,CO14
CO14__10X_17_grch38:GTACTCCCAAGACACGx,normal,Ctrl,CO14
CO14__10X_17_grch38:GTAGGCCTCAATCACGx,normal,Ctrl,CO14
CO14__10X_17_grch38:GTATCTTTCATATCGGx,normal,Ctrl,CO14
CO14__10X_17_grch38:GTCACAATCTTCATGTx,normal,Ctrl,CO14
CO14__10X_17_grch38:GTCACGGAGAATGTGTx,normal,Ctrl,CO14
CO14__10X_17_grch38:GTCACGGTCTTGCATTx,normal,Ctrl,CO14
CO14__10X_17_grch38:GTCATTTCAGGATCGAx,normal,Ctrl,CO14
CO14__10X_17_grch38:GTCCTCACAACTTGACx,normal,Ctrl,CO14
CO14__10X_17_grch38:GTCGGGTGTGGTCTCGx,normal,Ctrl,CO14
CO14__10X_17_grch38:GTCTTCGGTTGTTTGGx,normal,Ctrl,CO14
CO14__10X_17_grch38:GTGAAGGAGAGTAAGGx,normal,Ctrl,CO14
CO14__10X_17_grch38:GTGAAGGAGCCAGTTTx,normal,Ctrl,CO14
CO14__10X_17_grch38:GTGCAGCAGTACGTAAx,normal,Ctrl,CO14
CO14__10X_17_grch38:GTGCAGCGTCTCCACTx,normal,Ctrl,CO14
CO14__10X_17_grch38:GTGCATAAGCCAGTAGx,normal,Ctrl,CO14
CO14__10X_17_grch38:GTGGGTCAGGCCCTTGx,normal,Ctrl,CO14
CO14__10X_17_grch38:GTTACAGCAAAGGAAGx,normal,Ctrl,CO14
CO14__10X_17_grch38:GTTCATTAGCTTTGGTx,normal,Ctrl,CO14
CO14__10X_17_grch38:GTTTCTACAAAGTGCGx,normal,Ctrl,CO14
CO14__10X_17_grch38:TAAACCGCAAGGCTCCx,normal,Ctrl,CO14
CO14__10X_17_grch38:TAAGAGAGTTACCGATx,normal,Ctrl,CO14
CO14__10X_17_grch38:TAAGCGTGTGTTTGGTx,normal,Ctrl,CO14
CO14__10X_17_grch38:TACACGAGTCGGCATCx,normal,Ctrl,CO14
CO14__10X_17_grch38:TACCTATAGTGGACGTx,normal,Ctrl,CO14
CO14__10X_17_grch38:TACGGATGTACCGTATx,normal,Ctrl,CO14
CO14__10X_17_grch38:TACGGATGTCTAGCGCx,normal,Ctrl,CO14
CO14__10X_17_grch38:TACGGATTCATCATTCx,normal,Ctrl,CO14
CO14__10X_17_grch38:TACGGATTCCATGCTCx,normal,Ctrl,CO14
CO14__10X_17_grch38:TACGGATTCCTGCCATx,normal,Ctrl,CO14
CO14__10X_17_grch38:TACTCGCCAATGGTCTx,normal,Ctrl,CO14
CO14__10X_17_grch38:TACTCGCCAGCTCCGAx,normal,Ctrl,CO14
CO14__10X_17_grch38:TACTCGCGTGCACTTAx,normal,Ctrl,CO14
CO14__10X_17_grch38:TACTTACAGCGATGACx,normal,Ctrl,CO14
CO14__10X_17_grch38:TAGACCAGTTAAAGTGx,normal,Ctrl,CO14
CO14__10X_17_grch38:TAGACCAGTTGGTAAAx,normal,Ctrl,CO14
CO14__10X_17_grch38:TAGACCATCGCCAGCAx,normal,Ctrl,CO14
CO14__10X_17_grch38:TAGAGCTTCCTCGCATx,normal,Ctrl,CO14
CO14__10X_17_grch38:TAGCCGGCATTTGCCCx,normal,Ctrl,CO14
CO14__10X_17_grch38:TAGTGGTCACTAGTACx,normal,Ctrl,CO14
CO14__10X_17_grch38:TATCTCAAGAGCAATTx,normal,Ctrl,CO14
CO14__10X_17_grch38:TATTACCGTCCATCCTx,normal,Ctrl,CO14
CO14__10X_17_grch38:TCAATCTAGACTGTAAx,normal,Ctrl,CO14
CO14__10X_17_grch38:TCAGATGGTCCCTACTx,normal,Ctrl,CO14
CO14__10X_17_grch38:TCAGCAAAGGAACTGCx,normal,Ctrl,CO14
CO14__10X_17_grch38:TCAGCAACAGTCTTCCx,normal,Ctrl,CO14
CO14__10X_17_grch38:TCAGGATCACCTCGGAx,normal,Ctrl,CO14
CO14__10X_17_grch38:TCAGGATGTCACTTCCx,normal,Ctrl,CO14
CO14__10X_17_grch38:TCAGGATTCATCTGCCx,normal,Ctrl,CO14
CO14__10X_17_grch38:TCATTACAGGTGTGGTx,normal,Ctrl,CO14
CO14__10X_17_grch38:TCATTACCAAGTTCTGx,normal,Ctrl,CO14
CO14__10X_17_grch38:TCATTACGTGTAAGTAx,normal,Ctrl,CO14
CO14__10X_17_grch38:TCGAGGCCATGTCGATx,normal,Ctrl,CO14
CO14__10X_17_grch38:TCGCGTTAGAGCTGGTx,normal,Ctrl,CO14
CO14__10X_17_grch38:TCGGTAATCATGTGGTx,normal,Ctrl,CO14
CO14__10X_17_grch38:TCTATTGAGTACGACGx,normal,Ctrl,CO14
CO14__10X_17_grch38:TCTATTGTCCGCGGTAx,normal,Ctrl,CO14
CO14__10X_17_grch38:TCTTCGGAGAGCTATAx,normal,Ctrl,CO14
CO14__10X_17_grch38:TCTTCGGCAGCTCGACx,normal,Ctrl,CO14
CO14__10X_17_grch38:TCTTTCCGTCACTGGCx,normal,Ctrl,CO14
CO14__10X_17_grch38:TGACGGCTCACCGGGTx,normal,Ctrl,CO14
CO14__10X_17_grch38:TGACTAGAGTCTCAACx,normal,Ctrl,CO14
CO14__10X_17_grch38:TGAGAGGCAGCTGTTAx,normal,Ctrl,CO14
CO14__10X_17_grch38:TGAGCATTCACTCTTAx,normal,Ctrl,CO14
CO14__10X_17_grch38:TGAGGGATCTGTCCGTx,normal,Ctrl,CO14
CO14__10X_17_grch38:TGATTTCCAATCGGTTx,normal,Ctrl,CO14
CO14__10X_17_grch38:TGCACCTAGCACCGTCx,normal,Ctrl,CO14
CO14__10X_17_grch38:TGCCCATCACGCTTTCx,normal,Ctrl,CO14
CO14__10X_17_grch38:TGCCCATCAGCAGTTTx,normal,Ctrl,CO14
CO14__10X_17_grch38:TGCCCATTCAGCTTAGx,normal,Ctrl,CO14
CO14__10X_17_grch38:TGCCCATTCGGACAAGx,normal,Ctrl,CO14
CO14__10X_17_grch38:TGCGCAGGTATGCTTGx,normal,Ctrl,CO14
CO14__10X_17_grch38:TGCGCAGGTCACACGCx,normal,Ctrl,CO14
CO14__10X_17_grch38:TGCTACCTCTACTCATx,normal,Ctrl,CO14
CO14__10X_17_grch38:TGGACGCGTACTTAGCx,normal,Ctrl,CO14
CO14__10X_17_grch38:TGGTTCCAGCTGAAATx,normal,Ctrl,CO14
CO14__10X_17_grch38:TGTCCCAAGGTGCACAx,normal,Ctrl,CO14
CO14__10X_17_grch38:TGTGGTAGTGCAACTTx,normal,Ctrl,CO14
CO14__10X_17_grch38:TTATGCTCATTTGCCCx,normal,Ctrl,CO14
CO14__10X_17_grch38:TTCGGTCGTTCTCATTx,normal,Ctrl,CO14
CO14__10X_17_grch38:TTCTCCTAGTACGTTCx,normal,Ctrl,CO14
CO14__10X_17_grch38:TTCTCCTCATCAGTACx,normal,Ctrl,CO14
CO14__10X_17_grch38:TTCTCCTGTCCGAGTCx,normal,Ctrl,CO14
CO14__10X_17_grch38:TTCTTAGGTGGCTCCAx,normal,Ctrl,CO14
CO14__10X_17_grch38:TTGAACGTCCGATATGx,normal,Ctrl,CO14
CO14__10X_17_grch38:TTGCCGTGTCTAGTCAx,normal,Ctrl,CO14
CO14__10X_17_grch38:TTGGCAACAAAGCAATx,normal,Ctrl,CO14
CO14__10X_17_grch38:TTGTAGGGTTCCGGCAx,normal,Ctrl,CO14
MS242_CA2__10X_17_grch38:CTCGGGATCCGTCATCx,MS,CA,MS242
SD48/16__10X_17_grch38:AAATGCCCATACCATGx,normal,Ctrl,SD48/16
SD48/16__10X_17_grch38:AACACGTCAGATCTGTx,normal,Ctrl,SD48/16
SD48/16__10X_17_grch38:AACACGTTCTCTGAGAx,normal,Ctrl,SD48/16
SD48/16__10X_17_grch38:AAGCCGCCAATAGCGGx,normal,Ctrl,SD48/16
SD48/16__10X_17_grch38:ACTGAGTGTCAAAGATx,normal,Ctrl,SD48/16
SD48/16__10X_17_grch38:AGGGATGAGTAGTGCGx,normal,Ctrl,SD48/16
SD48/16__10X_17_grch38:CACACTCCATATACCGx,normal,Ctrl,SD48/16
SD48/16__10X_17_grch38:CAGCATAAGTACGTTCx,normal,Ctrl,SD48/16
SD48/16__10X_17_grch38:CTTAGGATCCGCAGTGx,normal,Ctrl,SD48/16
SD48/16__10X_17_grch38:GAATGAACATACCATGx,normal,Ctrl,SD48/16
SD48/16__10X_17_grch38:GAATGAAGTTATCACGx,normal,Ctrl,SD48/16
SD48/16__10X_17_grch38:GATGAAAGTACTTCTTx,normal,Ctrl,SD48/16
SD48/16__10X_17_grch38:GCTTCCAAGACAAGCCx,normal,Ctrl,SD48/16
SD48/16__10X_17_grch38:GTCCTCACATTCCTCGx,normal,Ctrl,SD48/16
SD48/16__10X_17_grch38:GTGCATACACTAAGTCx,normal,Ctrl,SD48/16
SD48/16__10X_17_grch38:TGACTTTCACGGACAAx,normal,Ctrl,SD48/16
SD48/16__10X_17_grch38:TGACTTTCATTACCTTx,normal,Ctrl,SD48/16
SD48/16__10X_17_grch38:TGCACCTAGGGTCTCCx,normal,Ctrl,SD48/16
SD48/16__10X_17_grch38:TGGCCAGCACAGCCCAx,normal,Ctrl,SD48/16
SD48/16__10X_17_grch38:TTCTCAATCATGTGGTx,normal,Ctrl,SD48/16
MS122_NAWM__10X_17_grch38:AAACCTGGTGCTTCTCx,MS,NAWM,MS122
MS122_NAWM__10X_17_grch38:AAACGGGGTCCGAGTCx,MS,NAWM,MS122
MS122_NAWM__10X_17_grch38:AAATGCCCATGCTAGTx,MS,NAWM,MS122
MS122_NAWM__10X_17_grch38:AACTGGTTCAGCACATx,MS,NAWM,MS122
MS122_NAWM__10X_17_grch38:AACTTTCGTAAACCTCx,MS,NAWM,MS122
MS122_NAWM__10X_17_grch38:AAGGAGCAGATCCTGTx,MS,NAWM,MS122
MS122_NAWM__10X_17_grch38:AAGTCTGTCTAACGGTx,MS,NAWM,MS122
MS122_NAWM__10X_17_grch38:AAGTCTGTCTCCAGGGx,MS,NAWM,MS122
MS122_NAWM__10X_17_grch38:ACACCGGCATAAAGGTx,MS,NAWM,MS122
MS122_NAWM__10X_17_grch38:ACCGTAAGTGAGTATAx,MS,NAWM,MS122
MS122_NAWM__10X_17_grch38:ACGATGTCACAGAGGTx,MS,NAWM,MS122
MS122_NAWM__10X_17_grch38:ACTTTCAAGTAGCGGTx,MS,NAWM,MS122
MS122_NAWM__10X_17_grch38:AGCTCCTAGGAGTTGCx,MS,NAWM,MS122
MS122_NAWM__10X_17_grch38:AGGGATGCATGTTCCCx,MS,NAWM,MS122
MS122_NAWM__10X_17_grch38:AGGTCCGGTTATTCTCx,MS,NAWM,MS122
MS122_NAWM__10X_17_grch38:AGTAGTCTCCATGAGTx,MS,NAWM,MS122
MS122_NAWM__10X_17_grch38:AGTCTTTCAAGGTGTGx,MS,NAWM,MS122
MS122_NAWM__10X_17_grch38:ATCGAGTAGTTCCACAx,MS,NAWM,MS122
MS122_NAWM__10X_17_grch38:ATTCTACTCGAGAGCAx,MS,NAWM,MS122
MS122_NAWM__10X_17_grch38:CAACCTCAGGACTGGTx,MS,NAWM,MS122
MS122_NAWM__10X_17_grch38:CAACCTCAGTAGGTGCx,MS,NAWM,MS122
MS122_NAWM__10X_17_grch38:CACACTCTCGCGGATCx,MS,NAWM,MS122
MS122_NAWM__10X_17_grch38:CACAGTATCACGATGTx,MS,NAWM,MS122
MS122_NAWM__10X_17_grch38:CACCAGGAGGTTCCTAx,MS,NAWM,MS122
MS122_NAWM__10X_17_grch38:CACTCCAAGTCCAGGAx,MS,NAWM,MS122
MS122_NAWM__10X_17_grch38:CATCAGAGTGCGCTTGx,MS,NAWM,MS122
MS122_NAWM__10X_17_grch38:CCACGGAGTCTCACCTx,MS,NAWM,MS122
MS122_NAWM__10X_17_grch38:CCATTCGGTTCCACGGx,MS,NAWM,MS122
MS122_NAWM__10X_17_grch38:CCTACACGTAGCGTCCx,MS,NAWM,MS122
MS122_NAWM__10X_17_grch38:CCTCAGTCACAACTGTx,MS,NAWM,MS122
MS122_NAWM__10X_17_grch38:CCTTACGTCTTTACACx,MS,NAWM,MS122
MS122_NAWM__10X_17_grch38:CCTTCCCTCTAACGGTx,MS,NAWM,MS122
MS122_NAWM__10X_17_grch38:CGGAGCTTCGCAAACTx,MS,NAWM,MS122
MS122_NAWM__10X_17_grch38:CGGAGTCAGGACAGCTx,MS,NAWM,MS122
MS122_NAWM__10X_17_grch38:CGGGTCAGTCAATGTCx,MS,NAWM,MS122
MS122_NAWM__10X_17_grch38:CGGGTCATCTCTAAGGx,MS,NAWM,MS122
MS122_NAWM__10X_17_grch38:CGTCACTCAGCCTATAx,MS,NAWM,MS122
MS122_NAWM__10X_17_grch38:CGTTCTGGTGTGAAATx,MS,NAWM,MS122
MS122_NAWM__10X_17_grch38:CTCATTAGTGAGTATAx,MS,NAWM,MS122
MS122_NAWM__10X_17_grch38:CTCATTATCCCTTGTGx,MS,NAWM,MS122
MS122_NAWM__10X_17_grch38:CTCGAGGCAGATCCATx,MS,NAWM,MS122
MS122_NAWM__10X_17_grch38:CTGAAGTTCTCTGCTGx,MS,NAWM,MS122
MS122_NAWM__10X_17_grch38:CTGTGCTCATGGGACAx,MS,NAWM,MS122
MS122_NAWM__10X_17_grch38:CTGTGCTGTGTTCTTTx,MS,NAWM,MS122
MS122_NAWM__10X_17_grch38:CTTAACTGTTATTCTCx,MS,NAWM,MS122
MS122_NAWM__10X_17_grch38:GAATGAACAGCGAACAx,MS,NAWM,MS122
MS122_NAWM__10X_17_grch38:GACGTGCCATCAGTACx,MS,NAWM,MS122
MS122_NAWM__10X_17_grch38:GACGTTACAGGGATTGx,MS,NAWM,MS122
MS122_NAWM__10X_17_grch38:GATCGCGAGGGTTTCTx,MS,NAWM,MS122
MS122_NAWM__10X_17_grch38:GATGAGGAGGGCATGTx,MS,NAWM,MS122
MS122_NAWM__10X_17_grch38:GATTCAGTCCAAGTACx,MS,NAWM,MS122
MS122_NAWM__10X_17_grch38:GCACATACATCTCCCAx,MS,NAWM,MS122
MS122_NAWM__10X_17_grch38:GCGAGAATCGCATGATx,MS,NAWM,MS122
MS122_NAWM__10X_17_grch38:GCGCGATTCCACGTTCx,MS,NAWM,MS122
MS122_NAWM__10X_17_grch38:GCGGGTTCACCAGTTAx,MS,NAWM,MS122
MS122_NAWM__10X_17_grch38:GGACAAGAGATGGGTCx,MS,NAWM,MS122
MS122_NAWM__10X_17_grch38:GGACATTAGTAGCGGTx,MS,NAWM,MS122
MS122_NAWM__10X_17_grch38:GGACATTTCGCCCTTAx,MS,NAWM,MS122
MS122_NAWM__10X_17_grch38:GGATTACCAGACGCAAx,MS,NAWM,MS122
MS122_NAWM__10X_17_grch38:GGCAATTAGTCAAGCGx,MS,NAWM,MS122
MS122_NAWM__10X_17_grch38:GGCGTGTTCAGCCTAAx,MS,NAWM,MS122
MS122_NAWM__10X_17_grch38:GGCTGGTAGAGGTAGAx,MS,NAWM,MS122
MS122_NAWM__10X_17_grch38:GGGATGATCACAGTACx,MS,NAWM,MS122
MS122_NAWM__10X_17_grch38:GGTGTTAAGCAGGCTAx,MS,NAWM,MS122
MS122_NAWM__10X_17_grch38:GGTGTTATCCCAACGGx,MS,NAWM,MS122
MS122_NAWM__10X_17_grch38:GTAGTCATCTGTCCGTx,MS,NAWM,MS122
MS122_NAWM__10X_17_grch38:GTATTCTAGACTAAGTx,MS,NAWM,MS122
MS122_NAWM__10X_17_grch38:GTTAAGCCACCCATGGx,MS,NAWM,MS122
MS122_NAWM__10X_17_grch38:TAAGTGCTCAGAGACGx,MS,NAWM,MS122
MS122_NAWM__10X_17_grch38:TACACGAAGCCCAGCTx,MS,NAWM,MS122
MS122_NAWM__10X_17_grch38:TACGGTACAAGGGTCAx,MS,NAWM,MS122
MS122_NAWM__10X_17_grch38:TACTCGCAGGTAAACTx,MS,NAWM,MS122
MS122_NAWM__10X_17_grch38:TACTTGTGTATGAAACx,MS,NAWM,MS122
MS122_NAWM__10X_17_grch38:TCGTAGAAGAAGGCCTx,MS,NAWM,MS122
MS122_NAWM__10X_17_grch38:TCTCATACAAACCTACx,MS,NAWM,MS122
MS122_NAWM__10X_17_grch38:TCTCTAATCCCGACTTx,MS,NAWM,MS122
MS122_NAWM__10X_17_grch38:TGACAACAGAGCTGCAx,MS,NAWM,MS122
MS122_NAWM__10X_17_grch38:TGACAACTCTCCAGGGx,MS,NAWM,MS122
MS122_NAWM__10X_17_grch38:TGAGAGGCACGGTAAGx,MS,NAWM,MS122
MS122_NAWM__10X_17_grch38:TGAGCATTCCACGCAGx,MS,NAWM,MS122
MS122_NAWM__10X_17_grch38:TGCGTGGTCTGGTTCCx,MS,NAWM,MS122
MS122_NAWM__10X_17_grch38:TGCTGCTCATCCGTGGx,MS,NAWM,MS122
MS122_NAWM__10X_17_grch38:TGGCGCAAGGAGTTGCx,MS,NAWM,MS122
MS122_NAWM__10X_17_grch38:TGGGAAGAGAAGCCCAx,MS,NAWM,MS122
MS122_NAWM__10X_17_grch38:TGGGCGTAGTGATCGGx,MS,NAWM,MS122
MS122_NAWM__10X_17_grch38:TGGGCGTCAGCGAACAx,MS,NAWM,MS122
MS122_NAWM__10X_17_grch38:TGGTTCCGTTCCTCCAx,MS,NAWM,MS122
MS122_NAWM__10X_17_grch38:TGTTCCGGTAATAGCAx,MS,NAWM,MS122
MS122_NAWM__10X_17_grch38:TTAGGACTCCTGTACCx,MS,NAWM,MS122
MS122_NAWM__10X_17_grch38:TTAGTTCTCGTAGGTTx,MS,NAWM,MS122
MS122_NAWM__10X_17_grch38:TTATGCTTCACGAAGGx,MS,NAWM,MS122
MS122_NAWM__10X_17_grch38:TTCGAAGAGTTAGCGGx,MS,NAWM,MS122
MS122_NAWM__10X_17_grch38:TTCTCCTTCACATAGCx,MS,NAWM,MS122
MS122_NAWM__10X_17_grch38:TTTCCTCAGCTGCAAGx,MS,NAWM,MS122
MS122_CI__10X_17_grch38:AAAGATGTCGACCAGCx,MS,CI,MS122
MS122_CI__10X_17_grch38:AAATGCCGTCACCTAAx,MS,CI,MS122
MS122_CI__10X_17_grch38:AACGTTGGTGATAAGTx,MS,CI,MS122
MS122_CI__10X_17_grch38:AAGACCTGTATATGGAx,MS,CI,MS122
MS122_CI__10X_17_grch38:AAGGTTCCATGACATCx,MS,CI,MS122
MS122_CI__10X_17_grch38:AATCCAGGTGTAACGGx,MS,CI,MS122
MS122_CI__10X_17_grch38:AATCGGTGTGTTTGTGx,MS,CI,MS122
MS122_CI__10X_17_grch38:ACACCCTAGCGGCTTCx,MS,CI,MS122
MS122_CI__10X_17_grch38:ACACCGGCACGAGGTAx,MS,CI,MS122
MS122_CI__10X_17_grch38:ACACCGGCAGCCACCAx,MS,CI,MS122
MS122_CI__10X_17_grch38:ACAGCCGTCCTATTCAx,MS,CI,MS122
MS122_CI__10X_17_grch38:ACATACGCATAGGATAx,MS,CI,MS122
MS122_CI__10X_17_grch38:ACATACGTCAGCTCGGx,MS,CI,MS122
MS122_CI__10X_17_grch38:ACATGGTAGACAGAGAx,MS,CI,MS122
MS122_CI__10X_17_grch38:ACGAGCCGTAAGGATTx,MS,CI,MS122
MS122_CI__10X_17_grch38:ACGCCAGAGTGGGATCx,MS,CI,MS122
MS122_CI__10X_17_grch38:ACGCCGAAGTGGTAGCx,MS,CI,MS122
MS122_CI__10X_17_grch38:AGACGTTAGTAAGTACx,MS,CI,MS122
MS122_CI__10X_17_grch38:AGCATACCAATCCGATx,MS,CI,MS122
MS122_CI__10X_17_grch38:AGTCTTTGTGTCAATCx,MS,CI,MS122
MS122_CI__10X_17_grch38:AGTGAGGAGTGAAGTTx,MS,CI,MS122
MS122_CI__10X_17_grch38:ATAAGAGCAGCTCGACx,MS,CI,MS122
MS122_CI__10X_17_grch38:ATCCGAACACCAGATTx,MS,CI,MS122
MS122_CI__10X_17_grch38:ATTATCCTCGTCTGAAx,MS,CI,MS122
MS122_CI__10X_17_grch38:ATTGGTGTCGGAGCAAx,MS,CI,MS122
MS122_CI__10X_17_grch38:CAACTAGGTTTGACACx,MS,CI,MS122
MS122_CI__10X_17_grch38:CAAGATCTCTAAGCCAx,MS,CI,MS122
MS122_CI__10X_17_grch38:CACACCTAGAGTGAGAx,MS,CI,MS122
MS122_CI__10X_17_grch38:CACACTCCACAGACAGx,MS,CI,MS122
MS122_CI__10X_17_grch38:CACAGGCAGTGGACGTx,MS,CI,MS122
MS122_CI__10X_17_grch38:CACAGTAAGCAGCCTCx,MS,CI,MS122
MS122_CI__10X_17_grch38:CACATAGCATATGAGAx,MS,CI,MS122
MS122_CI__10X_17_grch38:CACTCCAAGGATGGAAx,MS,CI,MS122
MS122_CI__10X_17_grch38:CAGCTAATCTCCGGTTx,MS,CI,MS122
MS122_CI__10X_17_grch38:CCACCTATCTCGTATTx,MS,CI,MS122
MS122_CI__10X_17_grch38:CCCTCCTGTAGAAGGAx,MS,CI,MS122
MS122_CI__10X_17_grch38:CCGGTAGGTTCCATGAx,MS,CI,MS122
MS122_CI__10X_17_grch38:CCTCTGAAGTCGTTTGx,MS,CI,MS122
MS122_CI__10X_17_grch38:CGAACATCACATAACCx,MS,CI,MS122
MS122_CI__10X_17_grch38:CGACTTCTCTAACGGTx,MS,CI,MS122
MS122_CI__10X_17_grch38:CGATCGGGTGCTCTTCx,MS,CI,MS122
MS122_CI__10X_17_grch38:CGATGTATCAGGTAAAx,MS,CI,MS122
MS122_CI__10X_17_grch38:CGCGGTACAGTGAGTGx,MS,CI,MS122
MS122_CI__10X_17_grch38:CGGACGTTCCTGTAGAx,MS,CI,MS122
MS122_CI__10X_17_grch38:CGTGAGCGTCCGCTGAx,MS,CI,MS122
MS122_CI__10X_17_grch38:CGTTAGAGTCCTGCTTx,MS,CI,MS122
MS122_CI__10X_17_grch38:CTACCCAGTCGACTGCx,MS,CI,MS122
MS122_CI__10X_17_grch38:CTAGAGTCACAACTGTx,MS,CI,MS122
MS122_CI__10X_17_grch38:CTAGTGATCGCACTCTx,MS,CI,MS122
MS122_CI__10X_17_grch38:CTCGTACGTTTGCATGx,MS,CI,MS122
MS122_CI__10X_17_grch38:CTGAAACAGTTACGGGx,MS,CI,MS122
MS122_CI__10X_17_grch38:CTTAACTGTCTAAACCx,MS,CI,MS122
MS122_CI__10X_17_grch38:CTTCTCTAGAATGTTGx,MS,CI,MS122
MS122_CI__10X_17_grch38:CTTCTCTAGCAGACTGx,MS,CI,MS122
MS122_CI__10X_17_grch38:GAAACTCCACCACGTGx,MS,CI,MS122
MS122_CI__10X_17_grch38:GAAATGAGTTCCCGAGx,MS,CI,MS122
MS122_CI__10X_17_grch38:GAATGAATCGTTGCCTx,MS,CI,MS122
MS122_CI__10X_17_grch38:GACAGAGCACCATCCTx,MS,CI,MS122
MS122_CI__10X_17_grch38:GACGTGCTCAGCTCGGx,MS,CI,MS122
MS122_CI__10X_17_grch38:GACTACACAAGCCCACx,MS,CI,MS122
MS122_CI__10X_17_grch38:GATCGATGTATAGTAGx,MS,CI,MS122
MS122_CI__10X_17_grch38:GATGCTAAGCTGTCTAx,MS,CI,MS122
MS122_CI__10X_17_grch38:GCAAACTAGGTGCTAGx,MS,CI,MS122
MS122_CI__10X_17_grch38:GCACATAGTGCTCTTCx,MS,CI,MS122
MS122_CI__10X_17_grch38:GCACTCTTCAACCATGx,MS,CI,MS122
MS122_CI__10X_17_grch38:GCATACACATCACGATx,MS,CI,MS122
MS122_CI__10X_17_grch38:GCGCCAATCACAAACCx,MS,CI,MS122
MS122_CI__10X_17_grch38:GCTGCAGTCCCATTTAx,MS,CI,MS122
MS122_CI__10X_17_grch38:GCTTCCAAGTGATCGGx,MS,CI,MS122
MS122_CI__10X_17_grch38:GGCGACTCACATGTGTx,MS,CI,MS122
MS122_CI__10X_17_grch38:GGCGACTTCCTAAGTGx,MS,CI,MS122
MS122_CI__10X_17_grch38:GGCTCGACAGCCTGTGx,MS,CI,MS122
MS122_CI__10X_17_grch38:GGCTGGTCAAGAAAGGx,MS,CI,MS122
MS122_CI__10X_17_grch38:GGGTCTGAGCTGCGAAx,MS,CI,MS122
MS122_CI__10X_17_grch38:GGTATTGCATACGCCGx,MS,CI,MS122
MS122_CI__10X_17_grch38:GTACTCCAGGGCTTGAx,MS,CI,MS122
MS122_CI__10X_17_grch38:GTACTTTAGGCAAAGAx,MS,CI,MS122
MS122_CI__10X_17_grch38:GTCGGGTCAGGACCCTx,MS,CI,MS122
MS122_CI__10X_17_grch38:GTCGTAAAGAGGGCTTx,MS,CI,MS122
MS122_CI__10X_17_grch38:GTCTTCGCAATCTGCAx,MS,CI,MS122
MS122_CI__10X_17_grch38:GTGCTTCAGTATTGGAx,MS,CI,MS122
MS122_CI__10X_17_grch38:GTGGGTCTCCTATTCAx,MS,CI,MS122
MS122_CI__10X_17_grch38:TAAGTGCAGCTCCTTCx,MS,CI,MS122
MS122_CI__10X_17_grch38:TACTCATCAGATCCATx,MS,CI,MS122
MS122_CI__10X_17_grch38:TAGCCGGCAGCTCGACx,MS,CI,MS122
MS122_CI__10X_17_grch38:TCAGCTCTCACAGGCCx,MS,CI,MS122
MS122_CI__10X_17_grch38:TCAGGATAGTGAATTGx,MS,CI,MS122
MS122_CI__10X_17_grch38:TCGAGGCCAGACTCGCx,MS,CI,MS122
MS122_CI__10X_17_grch38:TCGCGTTAGCTAAACAx,MS,CI,MS122
MS122_CI__10X_17_grch38:TCGGGACAGGCTCTTAx,MS,CI,MS122
MS122_CI__10X_17_grch38:TCTTTCCAGCTAACAAx,MS,CI,MS122
MS122_CI__10X_17_grch38:TGAGGGAGTCCGTTAAx,MS,CI,MS122
MS122_CI__10X_17_grch38:TGCCCTAAGACACTAAx,MS,CI,MS122
MS122_CI__10X_17_grch38:TGGTTAGAGAGCAATTx,MS,CI,MS122
MS122_CI__10X_17_grch38:TTATGCTAGGTAGCTGx,MS,CI,MS122
MS122_CI__10X_17_grch38:TTCTACATCAACGGCCx,MS,CI,MS122
MS122_CI__10X_17_grch38:TTCTTAGAGAAGGCCTx,MS,CI,MS122
MS122_CI__10X_17_grch38:TTTCCTCAGCTACCGCx,MS,CI,MS122
MS122_CI__10X_17_grch38:TTTCCTCCACTTGGATx,MS,CI,MS122
MS122_CI__10X_17_grch38:TTTGTCACATGACGGAx,MS,CI,MS122
MS122_CI__10X_17_grch38:TTTGTCAGTAGCAAATx,MS,CI,MS122
MS122_A__10X_17_grch38:AAAGATGCACTACAGTx,MS,A,MS122
MS122_A__10X_17_grch38:AAAGCAAAGGTAGCTGx,MS,A,MS122
MS122_A__10X_17_grch38:AAGGAGCAGGGTATCGx,MS,A,MS122
MS122_A__10X_17_grch38:AAGGCAGGTTGGTGGAx,MS,A,MS122
MS122_A__10X_17_grch38:ACAGCCGGTCAGGACAx,MS,A,MS122
MS122_A__10X_17_grch38:ACATACGTCTTGACGAx,MS,A,MS122
MS122_A__10X_17_grch38:ACGGCCAGTGATGTGGx,MS,A,MS122
MS122_A__10X_17_grch38:ACTGAGTGTTCGGGCTx,MS,A,MS122
MS122_A__10X_17_grch38:ACTGTCCGTGATGATAx,MS,A,MS122
MS122_A__10X_17_grch38:AGAGCTTAGCTGCAAGx,MS,A,MS122
MS122_A__10X_17_grch38:AGCTTGATCTAACTCTx,MS,A,MS122
MS122_A__10X_17_grch38:AGGTCCGCACGGCCATx,MS,A,MS122
MS122_A__10X_17_grch38:AGTAGTCCACCATGTAx,MS,A,MS122
MS122_A__10X_17_grch38:ATCTACTCACTAAGTCx,MS,A,MS122
MS122_A__10X_17_grch38:ATTGGTGCAAGCTGGAx,MS,A,MS122
MS122_A__10X_17_grch38:CAACCAAAGCTAACAAx,MS,A,MS122
MS122_A__10X_17_grch38:CACATTTTCTTCAACTx,MS,A,MS122
MS122_A__10X_17_grch38:CATGACATCACCCTCAx,MS,A,MS122
MS122_A__10X_17_grch38:CCATGTCCAGTGGGATx,MS,A,MS122
MS122_A__10X_17_grch38:CCTACACAGAGCCCAAx,MS,A,MS122
MS122_A__10X_17_grch38:CGAGCACAGACCCACCx,MS,A,MS122
MS122_A__10X_17_grch38:CGATTGAAGTGCGATGx,MS,A,MS122
MS122_A__10X_17_grch38:CGTAGGCTCAACACGTx,MS,A,MS122
MS122_A__10X_17_grch38:CGTCACTCAGGCGATAx,MS,A,MS122
MS122_A__10X_17_grch38:CTACCCACAAACAACAx,MS,A,MS122
MS122_A__10X_17_grch38:CTCGTACTCATACGGTx,MS,A,MS122
MS122_A__10X_17_grch38:CTCTAATAGACCGGATx,MS,A,MS122
MS122_A__10X_17_grch38:CTCTAATGTATATCCGx,MS,A,MS122
MS122_A__10X_17_grch38:CTGTTTAAGTGACTCTx,MS,A,MS122
MS122_A__10X_17_grch38:CTTTGCGAGTCATGCTx,MS,A,MS122
MS122_A__10X_17_grch38:GAATAAGGTCAAAGATx,MS,A,MS122
MS122_A__10X_17_grch38:GACTACAAGCGTTGCCx,MS,A,MS122
MS122_A__10X_17_grch38:GACTGCGTCGTATCAGx,MS,A,MS122
MS122_A__10X_17_grch38:GAGGTGATCTCCTATAx,MS,A,MS122
MS122_A__10X_17_grch38:GATCGATAGCCTCGTGx,MS,A,MS122
MS122_A__10X_17_grch38:GCATGCGTCTGCGGCAx,MS,A,MS122
MS122_A__10X_17_grch38:GGAACTTCAGGTGCCTx,MS,A,MS122
MS122_A__10X_17_grch38:GGATGTTCAAGGACACx,MS,A,MS122
MS122_A__10X_17_grch38:GGTGAAGCAATTGCTGx,MS,A,MS122
MS122_A__10X_17_grch38:GTCATTTGTACCAGTTx,MS,A,MS122
MS122_A__10X_17_grch38:GTGCTTCTCTGCGGCAx,MS,A,MS122
MS122_A__10X_17_grch38:TAAGAGAAGTGTCCCGx,MS,A,MS122
MS122_A__10X_17_grch38:TACCTTATCGCGTTTCx,MS,A,MS122
MS122_A__10X_17_grch38:TACGGTACATTCGACAx,MS,A,MS122
MS122_A__10X_17_grch38:TAGAGCTGTCAACATCx,MS,A,MS122
MS122_A__10X_17_grch38:TCAATCTAGCTATGCTx,MS,A,MS122
MS122_A__10X_17_grch38:TCAGATGGTAGGCTGAx,MS,A,MS122
MS122_A__10X_17_grch38:TCAGGATGTCGCTTCTx,MS,A,MS122
MS122_A__10X_17_grch38:TCTATTGCATACTCTTx,MS,A,MS122
MS122_A__10X_17_grch38:TCTCTAATCCAGATCAx,MS,A,MS122
MS122_A__10X_17_grch38:TGAGGGACAACCGCCAx,MS,A,MS122
MS122_A__10X_17_grch38:TGCCAAAGTTCACGGCx,MS,A,MS122
MS121_A3__10X_17_grch38:AAGGAGCTCATTTGGGx,MS,A,MS121
MS121_A3__10X_17_grch38:ACTTGTTAGGTGCTAGx,MS,A,MS121
MS121_A3__10X_17_grch38:CCACCTACACGCATCGx,MS,A,MS121
MS121_A3__10X_17_grch38:GACTGCGGTTGCCTCTx,MS,A,MS121
MS121_A3__10X_17_grch38:GCTCTGTAGTCACGCCx,MS,A,MS121
MS121_CA__10X_17_grch38:AAACCTGCACGCTTTCx,MS,CA,MS121
MS121_CA__10X_17_grch38:AAAGCAATCGTCTGCTx,MS,CA,MS121
MS121_CA__10X_17_grch38:AACTGGTCAATGAATGx,MS,CA,MS121
MS121_CA__10X_17_grch38:AAGACCTGTATAAACGx,MS,CA,MS121
MS121_CA__10X_17_grch38:ACTTTCAAGTAGGTGCx,MS,CA,MS121
MS121_CA__10X_17_grch38:AGATCTGTCTAACTTCx,MS,CA,MS121
MS121_CA__10X_17_grch38:ATAGACCAGTCCATACx,MS,CA,MS121
MS121_CA__10X_17_grch38:ATGAGGGGTACCTACAx,MS,CA,MS121
MS121_CA__10X_17_grch38:CACACAACATTATCTCx,MS,CA,MS121
MS121_CA__10X_17_grch38:CACACAAGTAAACCTCx,MS,CA,MS121
MS121_CA__10X_17_grch38:CACACCTCACCAGTTAx,MS,CA,MS121
MS121_CA__10X_17_grch38:CACACTCAGCGTTGCCx,MS,CA,MS121
MS121_CA__10X_17_grch38:CAGCTAATCACTTACTx,MS,CA,MS121
MS121_CA__10X_17_grch38:CATATTCTCTCGCATCx,MS,CA,MS121
MS121_CA__10X_17_grch38:CCACTACCACGTGAGAx,MS,CA,MS121
MS121_CA__10X_17_grch38:CCATTCGGTGTGTGCCx,MS,CA,MS121
MS121_CA__10X_17_grch38:CCTCTGAAGATGCCTTx,MS,CA,MS121
MS121_CA__10X_17_grch38:CCTCTGAGTCATATCGx,MS,CA,MS121
MS121_CA__10X_17_grch38:CGATGGCGTGTCCTCTx,MS,CA,MS121
MS121_CA__10X_17_grch38:CGCCAAGCAGCATGAGx,MS,CA,MS121
MS121_CA__10X_17_grch38:CGGGTCATCTTGTCATx,MS,CA,MS121
MS121_CA__10X_17_grch38:CGGTTAACATTGGCGCx,MS,CA,MS121
MS121_CA__10X_17_grch38:CGTGTAAGTGGCTCCAx,MS,CA,MS121
MS121_CA__10X_17_grch38:CGTTCTGGTATATCCGx,MS,CA,MS121
MS121_CA__10X_17_grch38:CTAGTGAAGCCAACAGx,MS,CA,MS121
MS121_CA__10X_17_grch38:CTAGTGAGTCTCCACTx,MS,CA,MS121
MS121_CA__10X_17_grch38:CTCTACGCAAGTCTGTx,MS,CA,MS121
MS121_CA__10X_17_grch38:CTGATAGTCACGAAGGx,MS,CA,MS121
MS121_CA__10X_17_grch38:GACCTGGCAAACTGCTx,MS,CA,MS121
MS121_CA__10X_17_grch38:GAGCAGATCCAGTAGTx,MS,CA,MS121
MS121_CA__10X_17_grch38:GCAGTTACAAACCCATx,MS,CA,MS121
MS121_CA__10X_17_grch38:GGGAATGTCTGGGCCAx,MS,CA,MS121
MS121_CA__10X_17_grch38:GTGCGGTGTCGGCATCx,MS,CA,MS121
MS121_CA__10X_17_grch38:GTGCTTCAGATATGCAx,MS,CA,MS121
MS121_CA__10X_17_grch38:GTGCTTCCATTACCTTx,MS,CA,MS121
MS121_CA__10X_17_grch38:GTTCGGGGTAAGGATTx,MS,CA,MS121
MS121_CA__10X_17_grch38:TACCTTACACGTCTCTx,MS,CA,MS121
MS121_CA__10X_17_grch38:TATCTCAGTCTAGTCAx,MS,CA,MS121
MS121_CA__10X_17_grch38:TCACGAACATGGTCTAx,MS,CA,MS121
MS121_CA__10X_17_grch38:TGACAACAGGTGTTAAx,MS,CA,MS121
MS121_CA__10X_17_grch38:TGACGGCTCGGCCGATx,MS,CA,MS121
MS121_CA__10X_17_grch38:TGAGCATTCTGATTCTx,MS,CA,MS121
MS121_CA__10X_17_grch38:TTAGGCACAATCCGATx,MS,CA,MS121
MS121_CA__10X_17_grch38:TTGCGTCCATGCTGGCx,MS,CA,MS121
MS121_CA__10X_17_grch38:TTGGCAACACATTTCTx,MS,CA,MS121
MS121_CA__10X_17_grch38:TTTATGCCAAGGTTCTx,MS,CA,MS121
MS121_CA__10X_17_grch38:TGGTTCCGTTACAGAAx,MS,CA,MS121
CO39__10X_17_grch38:CAGAATCGTCGATTGTx,normal,Ctrl,CO39
CO14__10X_17_grch38:TGCGGGTTCTCAAGTGx,normal,Ctrl,CO14
MS122_CI__10X_17_grch38:AATCGGTAGTTGTCGTx,MS,CI,MS122
MS122_A__10X_17_grch38:TCTGGAAAGCGTTCCGx,MS,A,MS122
CO28__10X_17_grch38:ACGAGCCCACATGACTx,normal,Ctrl,CO28
CO28__10X_17_grch38:CACAGTACAGGACCCTx,normal,Ctrl,CO28
CO28__10X_17_grch38:CGCTATCTCTGTTTGTx,normal,Ctrl,CO28
CO25__10X_17_grch38:CAAGTTGAGACAATACx,normal,Ctrl,CO25
CO25__10X_17_grch38:CAGAATCAGGGCTTCCx,normal,Ctrl,CO25
CO25__10X_17_grch38:CCCTCCTCATTAACCGx,normal,Ctrl,CO25
CO25__10X_17_grch38:CTCGTCAGTAGAGTGCx,normal,Ctrl,CO25
CO25__10X_17_grch38:TGTATTCAGCTGATAAx,normal,Ctrl,CO25
MS176_NAWM__10X_17_grch38:AAGGCAGTCAACCATGx,MS,NAWM,MS176
MS176_NAWM__10X_17_grch38:TTATGCTAGAAGATTCx,MS,NAWM,MS176
CO39__10X_17_grch38:AACCATGCAGCGATCCx,normal,Ctrl,CO39
CO39__10X_17_grch38:AAGTCTGTCGGAAACGx,normal,Ctrl,CO39
CO39__10X_17_grch38:AGGCCGTCATCTCGCTx,normal,Ctrl,CO39
CO39__10X_17_grch38:ATCCACCAGGCCCTCAx,normal,Ctrl,CO39
CO39__10X_17_grch38:ATTATCCAGGGATCTGx,normal,Ctrl,CO39
CO39__10X_17_grch38:CACCACTTCTTTCCTCx,normal,Ctrl,CO39
CO39__10X_17_grch38:CACTCCAGTCCGAACCx,normal,Ctrl,CO39
CO39__10X_17_grch38:CGCCAAGAGAATCTCCx,normal,Ctrl,CO39
CO39__10X_17_grch38:CTCAGAACATCTCGCTx,normal,Ctrl,CO39
CO39__10X_17_grch38:CTGCCTACATACGCTAx,normal,Ctrl,CO39
CO39__10X_17_grch38:CTGCGGATCGTTTAGGx,normal,Ctrl,CO39
CO39__10X_17_grch38:CTGCTGTGTCCAGTATx,normal,Ctrl,CO39
CO39__10X_17_grch38:GACGTTAGTGTAAGTAx,normal,Ctrl,CO39
CO39__10X_17_grch38:GCAGTTATCGTTACAGx,normal,Ctrl,CO39
CO39__10X_17_grch38:GGTGTTAGTACCGTATx,normal,Ctrl,CO39
CO39__10X_17_grch38:GTAACGTGTGTCTGATx,normal,Ctrl,CO39
CO39__10X_17_grch38:GTAGTCAGTCTAGCGCx,normal,Ctrl,CO39
CO39__10X_17_grch38:GTGTGCGCATATGCTGx,normal,Ctrl,CO39
CO39__10X_17_grch38:TACACGAGTTTGTTTCx,normal,Ctrl,CO39
CO39__10X_17_grch38:TTAGGACGTCCATGATx,normal,Ctrl,CO39
CO14__10X_17_grch38:AACTCAGCAATGGAGCx,normal,Ctrl,CO14
CO14__10X_17_grch38:ACGGGTCGTAGAGGAAx,normal,Ctrl,CO14
CO14__10X_17_grch38:AGTCTTTTCCAGTAGTx,normal,Ctrl,CO14
CO14__10X_17_grch38:ATAACGCCACCTGGTGx,normal,Ctrl,CO14
CO14__10X_17_grch38:GGGATGATCAGCTTAGx,normal,Ctrl,CO14
CO14__10X_17_grch38:GTCACGGCACATGACTx,normal,Ctrl,CO14
CO14__10X_17_grch38:TGGTTCCGTATAGTAGx,normal,Ctrl,CO14
SD48/16__10X_17_grch38:AGCCTAAGTTCACCTCx,normal,Ctrl,SD48/16
SD48/16__10X_17_grch38:CCGTACTCAGGACCCTx,normal,Ctrl,SD48/16
SD48/16__10X_17_grch38:CGATCGGCATCACGTAx,normal,Ctrl,SD48/16
SD48/16__10X_17_grch38:CGTCCATAGTCTCAACx,normal,Ctrl,SD48/16
SD48/16__10X_17_grch38:TAGCCGGTCTTGAGACx,normal,Ctrl,SD48/16
SD48/16__10X_17_grch38:TAGGCATAGAACAATCx,normal,Ctrl,SD48/16
SD48/16__10X_17_grch38:TATCAGGCAACGCACCx,normal,Ctrl,SD48/16
SD48/16__10X_17_grch38:TGAGGGAAGCGATTCTx,normal,Ctrl,SD48/16
SD48/16__10X_17_grch38:TTCGAAGCACTTAACGx,normal,Ctrl,SD48/16
MS122_NAWM__10X_17_grch38:AGCAGCCCATACCATGx,MS,NAWM,MS122
MS122_NAWM__10X_17_grch38:CGTGTAATCATGCTCCx,MS,NAWM,MS122
MS122_NAWM__10X_17_grch38:GCATGCGTCAGTTGACx,MS,NAWM,MS122
MS122_NAWM__10X_17_grch38:GTCACGGTCATAAAGGx,MS,NAWM,MS122
MS122_NAWM__10X_17_grch38:GTTCATTGTGAAATCAx,MS,NAWM,MS122
MS122_CI__10X_17_grch38:ACATCAGTCGCAAACTx,MS,CI,MS122
MS122_CI__10X_17_grch38:CACAGTACAGGGTTAGx,MS,CI,MS122
MS122_CI__10X_17_grch38:TCGGTAAGTCGTCTTCx,MS,CI,MS122
MS122_CI__10X_17_grch38:TGCTACCTCACGCGGTx,MS,CI,MS122
MS122_A__10X_17_grch38:GCGCAACGTCCATGATx,MS,A,MS122
MS122_A__10X_17_grch38:GGCGTGTGTGTGACGAx,MS,A,MS122
MS122_A__10X_17_grch38:GTACTTTCAATGAATGx,MS,A,MS122
MS121_A3__10X_17_grch38:CTAAGACTCACTGGGCx,MS,A,MS121
MS121_CA__10X_17_grch38:ACTGAGTTCCGAACGCx,MS,CA,MS121
MS121_CA__10X_17_grch38:GGGCACTAGACATAACx,MS,CA,MS121
MS121_CA__10X_17_grch38:TGTCCCATCCATGCTCx,MS,CA,MS121
CO39__10X_17_grch38:CTCGGAGCATCTGGTAx,normal,Ctrl,CO39
CO39__10X_17_grch38:GAAACTCGTTGAGGTGx,normal,Ctrl,CO39
CO39__10X_17_grch38:TTTGCGCCAAAGTCAAx,normal,Ctrl,CO39
SD48/16__10X_17_grch38:CGATGGCTCTTACCGCx,normal,Ctrl,SD48/16
SD48/16__10X_17_grch38:GCGAGAAAGGCTCATTx,normal,Ctrl,SD48/16
SD48/16__10X_17_grch38:TTCTCCTCACCAGGCTx,normal,Ctrl,SD48/16
MS176_NAWM__10X_17_grch38:GACTGCGTCAAACGGGx,MS,NAWM,MS176
CO14__10X_17_grch38:ATCATCTAGAGCTTCTx,normal,Ctrl,CO14
CO14__10X_17_grch38:CCTAAAGAGACTTGAAx,normal,Ctrl,CO14
CO14__10X_17_grch38:CGATGTACAGACGCCTx,normal,Ctrl,CO14
CO14__10X_17_grch38:CGTTAGAGTTGAGGTGx,normal,Ctrl,CO14
CO14__10X_17_grch38:TGCTACCGTTTAGGAAx,normal,Ctrl,CO14
CO14__10X_17_grch38:TTTACTGTCTTCGGTCx,normal,Ctrl,CO14
MS122_CI__10X_17_grch38:TCACAAGAGACTGGGTx,MS,CI,MS122
CO25__10X_17_grch38:TGACAACGTCGTTGTAx,normal,Ctrl,CO25
MS176_NAWM__10X_17_grch38:CAGTCCTTCCCAAGATx,MS,NAWM,MS176
MS176_NAWM__10X_17_grch38:GCGGGTTCATTGGCGCx,MS,NAWM,MS176
CO39__10X_17_grch38:CATCGAACACCAGATTx,normal,Ctrl,CO39
CO39__10X_17_grch38:CATTATCGTTGGTAAAx,normal,Ctrl,CO39
CO39__10X_17_grch38:CCTATTAAGCGAGAAAx,normal,Ctrl,CO39
CO39__10X_17_grch38:CGGAGTCGTGTGACGAx,normal,Ctrl,CO39
CO39__10X_17_grch38:GCACTCTTCCACTCCAx,normal,Ctrl,CO39
CO39__10X_17_grch38:GCATGCGCATTACCTTx,normal,Ctrl,CO39
CO39__10X_17_grch38:GGATGTTCAGCGATCCx,normal,Ctrl,CO39
CO39__10X_17_grch38:GGTGCGTTCCCACTTGx,normal,Ctrl,CO39
CO39__10X_17_grch38:GTACTTTTCTTCGGTCx,normal,Ctrl,CO39
CO39__10X_17_grch38:GTTCATTAGCTCCCAGx,normal,Ctrl,CO39
CO39__10X_17_grch38:GTTCGGGTCTCAACTTx,normal,Ctrl,CO39
CO39__10X_17_grch38:TTTGCGCCACATCCAAx,normal,Ctrl,CO39
CO14__10X_17_grch38:AACACGTCATGCTGGCx,normal,Ctrl,CO14
CO14__10X_17_grch38:AGCATACAGTCCATACx,normal,Ctrl,CO14
CO14__10X_17_grch38:CCTTCCCGTGGCGAATx,normal,Ctrl,CO14
CO14__10X_17_grch38:GACGTGCCAACGATCTx,normal,Ctrl,CO14
CO14__10X_17_grch38:GACTAACAGTACACCTx,normal,Ctrl,CO14
CO14__10X_17_grch38:GATCGATGTTCCTCCAx,normal,Ctrl,CO14
CO14__10X_17_grch38:GCATGCGCATCTCCCAx,normal,Ctrl,CO14
CO14__10X_17_grch38:TCACGAACACAAGTAAx,normal,Ctrl,CO14
CO14__10X_17_grch38:TCGCGAGCAATGGATAx,normal,Ctrl,CO14
MS122_NAWM__10X_17_grch38:AACCGCGAGAGCTGCAx,MS,NAWM,MS122
MS122_NAWM__10X_17_grch38:ACTGAGTGTCGAGATGx,MS,NAWM,MS122
MS122_NAWM__10X_17_grch38:ATTGGACGTTGCTCCTx,MS,NAWM,MS122
MS122_NAWM__10X_17_grch38:CAGGTGCGTTCCACAAx,MS,NAWM,MS122
MS122_NAWM__10X_17_grch38:CGACTTCAGTTGTAGAx,MS,NAWM,MS122
MS122_NAWM__10X_17_grch38:GCAAACTGTGCTTCTCx,MS,NAWM,MS122
MS122_CI__10X_17_grch38:AATCGGTAGATGTGTAx,MS,CI,MS122
MS122_CI__10X_17_grch38:AGATTGCCAAGCTGAGx,MS,CI,MS122
MS122_CI__10X_17_grch38:CATCAAGTCGCAAGCCx,MS,CI,MS122
MS122_CI__10X_17_grch38:CGTGTAATCGGAATCTx,MS,CI,MS122
MS122_CI__10X_17_grch38:CTGTGCTAGGCCCGTTx,MS,CI,MS122
MS122_CI__10X_17_grch38:GAACGGACAAGCGCTCx,MS,CI,MS122
MS122_A__10X_17_grch38:ATCATCTAGGGTCTCCx,MS,A,MS122
MS122_A__10X_17_grch38:GAAATGAGTCTAAACCx,MS,A,MS122
MS122_A__10X_17_grch38:TAAGAGAAGACAAAGGx,MS,A,MS122
CO25__10X_17_grch38:GCCAAATAGAGCCTAGx,normal,Ctrl,CO25
MS176_NAWM__10X_17_grch38:ATGCGATTCGTCCAGGx,MS,NAWM,MS176
MS176_RM__10X_17_grch38:CCCAGTTGTACAGACGx,MS,RM,MS176
CO39__10X_17_grch38:AACCGCGCAATCGGTTx,normal,Ctrl,CO39
CO39__10X_17_grch38:ATGAGGGCATACTCTTx,normal,Ctrl,CO39
CO39__10X_17_grch38:ATGCGATGTTTGTTTCx,normal,Ctrl,CO39
CO39__10X_17_grch38:CAACTAGGTCAGAAGCx,normal,Ctrl,CO39
CO39__10X_17_grch38:CACACAAAGGTGTTAAx,normal,Ctrl,CO39
CO39__10X_17_grch38:CATGCCTTCACGATGTx,normal,Ctrl,CO39
CO39__10X_17_grch38:CGACTTCGTTCACCTCx,normal,Ctrl,CO39
CO39__10X_17_grch38:CGATTGAAGATGGCGTx,normal,Ctrl,CO39
CO39__10X_17_grch38:CGTAGGCAGAGGGATAx,normal,Ctrl,CO39
CO39__10X_17_grch38:GAATGAAAGCTAACTCx,normal,Ctrl,CO39
CO39__10X_17_grch38:GATGAAACAAGGTGTGx,normal,Ctrl,CO39
CO39__10X_17_grch38:GCGGGTTGTATGGTTCx,normal,Ctrl,CO39
CO39__10X_17_grch38:GCTCTGTAGTGCAAGCx,normal,Ctrl,CO39
CO39__10X_17_grch38:GGACGTCCATGCCTAAx,normal,Ctrl,CO39
CO39__10X_17_grch38:TCAATCTAGTATGACAx,normal,Ctrl,CO39
CO39__10X_17_grch38:TCAATCTTCCCTGACTx,normal,Ctrl,CO39
CO39__10X_17_grch38:TCATTTGCATTACCTTx,normal,Ctrl,CO39
CO39__10X_17_grch38:TGAAAGATCTCATTCAx,normal,Ctrl,CO39
CO39__10X_17_grch38:TTGTAGGTCAGTGTTGx,normal,Ctrl,CO39
CO14__10X_17_grch38:ACGATGTTCGACCAGCx,normal,Ctrl,CO14
CO14__10X_17_grch38:ACTATCTAGCGTTTACx,normal,Ctrl,CO14
CO14__10X_17_grch38:AGGGATGGTCATCGGCx,normal,Ctrl,CO14
CO14__10X_17_grch38:AGGTCCGAGAATTCCCx,normal,Ctrl,CO14
CO14__10X_17_grch38:CGGACACGTGTTAAGAx,normal,Ctrl,CO14
CO14__10X_17_grch38:CTCCTAGCAGGAACGTx,normal,Ctrl,CO14
CO14__10X_17_grch38:TCTTTCCGTGCAGGTAx,normal,Ctrl,CO14
CO14__10X_17_grch38:TGAGCATCAGAGTGTGx,normal,Ctrl,CO14
CO14__10X_17_grch38:TGCCAAATCTAACTTCx,normal,Ctrl,CO14
SD48/16__10X_17_grch38:GGGCATCCAATAGCAAx,normal,Ctrl,SD48/16
SD48/16__10X_17_grch38:TGCGGGTTCAAACCGTx,normal,Ctrl,SD48/16
MS122_NAWM__10X_17_grch38:AAACCTGGTCACACGCx,MS,NAWM,MS122
MS122_NAWM__10X_17_grch38:CAAGGCCCACAGGCCTx,MS,NAWM,MS122
MS122_NAWM__10X_17_grch38:GAACGGACAACACGCCx,MS,NAWM,MS122
MS122_NAWM__10X_17_grch38:GACGTGCCAGACAAGCx,MS,NAWM,MS122
MS122_NAWM__10X_17_grch38:GGGCACTCAGCCTTTCx,MS,NAWM,MS122
MS122_NAWM__10X_17_grch38:GTAGGCCGTCAACTGTx,MS,NAWM,MS122
MS122_NAWM__10X_17_grch38:TAAGTGCAGATAGCATx,MS,NAWM,MS122
MS122_NAWM__10X_17_grch38:TGGACGCGTAAATGTGx,MS,NAWM,MS122
MS122_CI__10X_17_grch38:ACGCAGCAGCAGATCGx,MS,CI,MS122
MS122_CI__10X_17_grch38:CACAAACAGTGGGTTGx,MS,CI,MS122
MS122_CI__10X_17_grch38:CACATAGGTCATATCGx,MS,CI,MS122
MS122_CI__10X_17_grch38:CGCTTCACACTTCTGCx,MS,CI,MS122
MS122_CI__10X_17_grch38:CTGCGGACACGACTCGx,MS,CI,MS122
MS122_CI__10X_17_grch38:GATGAAAGTCTAGCGCx,MS,CI,MS122
MS122_CI__10X_17_grch38:GGGAATGGTGTCGCTGx,MS,CI,MS122
MS122_CI__10X_17_grch38:TGACTTTTCCTCAATTx,MS,CI,MS122
MS122_A__10X_17_grch38:CGACTTCGTCCGCTGAx,MS,A,MS122
MS122_A__10X_17_grch38:GCTCCTAAGTTGTAGAx,MS,A,MS122
MS121_CA__10X_17_grch38:CTACGTCAGAATGTTGx,MS,CA,MS121
MS121_CA__10X_17_grch38:CTCACACGTTCGTCTCx,MS,CA,MS121
CO25__10X_17_grch38:GATTCAGCATACTACGx,normal,Ctrl,CO25
MS176_NAWM__10X_17_grch38:AGCTCTCTCGTTGACAx,MS,NAWM,MS176
MS176_NAWM__10X_17_grch38:GTACGTACACGGCGTTx,MS,NAWM,MS176
MS176_NAWM__10X_17_grch38:TCACAAGTCAATACCGx,MS,NAWM,MS176
CO39__10X_17_grch38:AGAGCGAAGTAACCCTx,normal,Ctrl,CO39
CO39__10X_17_grch38:CCTAAAGTCACCTCGTx,normal,Ctrl,CO39
CO39__10X_17_grch38:CTTAGGAAGTACATGAx,normal,Ctrl,CO39
CO39__10X_17_grch38:GCAGCCAGTACCGGCTx,normal,Ctrl,CO39
CO39__10X_17_grch38:GGACATTGTCTTGCGGx,normal,Ctrl,CO39
CO39__10X_17_grch38:GTGAAGGAGACCGGATx,normal,Ctrl,CO39
CO39__10X_17_grch38:TCAATCTTCCACGAATx,normal,Ctrl,CO39
CO39__10X_17_grch38:TCGTAGAAGTTAGGTAx,normal,Ctrl,CO39
CO39__10X_17_grch38:TGACTTTGTCGTTGTAx,normal,Ctrl,CO39
CO14__10X_17_grch38:GCAATCAAGTTAGGTAx,normal,Ctrl,CO14
CO14__10X_17_grch38:TCAATCTTCGGAGCAAx,normal,Ctrl,CO14
CO14__10X_17_grch38:TTCTTAGCAGATTGCTx,normal,Ctrl,CO14
MS122_CI__10X_17_grch38:CGTAGCGGTCGAGTTTx,MS,CI,MS122
MS122_CI__10X_17_grch38:GTCGTAAAGACTCGGAx,MS,CI,MS122
MS122_CI__10X_17_grch38:GTTCTCGAGGCATGGTx,MS,CI,MS122
MS122_CI__10X_17_grch38:TTGCGTCTCCTATTCAx,MS,CI,MS122
MS122_A__10X_17_grch38:TAAACCGAGTGCCATTx,MS,A,MS122
CO25__10X_17_grch38:ACTGATGAGCGCCTCAx,normal,Ctrl,CO25
CO25__10X_17_grch38:CATATTCAGATAGCATx,normal,Ctrl,CO25
CO25__10X_17_grch38:CATGGCGTCCGTTGTCx,normal,Ctrl,CO25
CO25__10X_17_grch38:TCTCTAAAGCCCAATTx,normal,Ctrl,CO25
MS176_NAWM__10X_17_grch38:AGCTCTCTCACCCTCAx,MS,NAWM,MS176
MS176_NAWM__10X_17_grch38:GACAGAGCAGCCTGTGx,MS,NAWM,MS176
MS176_NAWM__10X_17_grch38:GGCGTGTAGCTTATCGx,MS,NAWM,MS176
MS176_NAWM__10X_17_grch38:TGGCGCATCGCGCCAAx,MS,NAWM,MS176
CO39__10X_17_grch38:AACTGGTAGCCACCTGx,normal,Ctrl,CO39
CO39__10X_17_grch38:ACTTGTTAGTTGAGTAx,normal,Ctrl,CO39
CO39__10X_17_grch38:ATCCGAACATACCATGx,normal,Ctrl,CO39
CO39__10X_17_grch38:ATGAGGGGTCTAAACCx,normal,Ctrl,CO39
CO39__10X_17_grch38:CACACAACATTTCACTx,normal,Ctrl,CO39
CO39__10X_17_grch38:CGCTGGATCGTTACGAx,normal,Ctrl,CO39
CO39__10X_17_grch38:GAACCTAGTACAGTTCx,normal,Ctrl,CO39
CO39__10X_17_grch38:GGCAATTCAATGTAAGx,normal,Ctrl,CO39
CO39__10X_17_grch38:TAAGCGTCAGCCACCAx,normal,Ctrl,CO39
CO39__10X_17_grch38:TCAGGATCATGCCACGx,normal,Ctrl,CO39
CO14__10X_17_grch38:ACACTGAAGATCCCATx,normal,Ctrl,CO14
CO14__10X_17_grch38:ACGCAGCAGAAACGCCx,normal,Ctrl,CO14
CO14__10X_17_grch38:AGGGATGTCTCTAGGAx,normal,Ctrl,CO14
CO14__10X_17_grch38:CCTAGCTTCTTAGCCCx,normal,Ctrl,CO14
CO14__10X_17_grch38:CTGCGGAGTGGTACAGx,normal,Ctrl,CO14
CO14__10X_17_grch38:GCGCAACGTCATGCCGx,normal,Ctrl,CO14
CO14__10X_17_grch38:GGAGCAAAGCCCAGCTx,normal,Ctrl,CO14
CO14__10X_17_grch38:GTATCTTCATGCCCGAx,normal,Ctrl,CO14
CO14__10X_17_grch38:TCAGGTAAGTCAATAGx,normal,Ctrl,CO14
CO14__10X_17_grch38:TGATTTCAGACAAGCCx,normal,Ctrl,CO14
MS122_NAWM__10X_17_grch38:AGATCTGTCGGAAACGx,MS,NAWM,MS122
MS122_NAWM__10X_17_grch38:ATTGGACTCCAAATGCx,MS,NAWM,MS122
MS122_NAWM__10X_17_grch38:CGCTTCAAGAATCTCCx,MS,NAWM,MS122
MS122_NAWM__10X_17_grch38:CTTAGGAAGGAGTAGAx,MS,NAWM,MS122
MS122_NAWM__10X_17_grch38:GGATGTTGTCTCATCCx,MS,NAWM,MS122
MS122_NAWM__10X_17_grch38:GGTATTGTCCATGAGTx,MS,NAWM,MS122
MS122_NAWM__10X_17_grch38:TCGTAGATCCGCGCAAx,MS,NAWM,MS122
MS122_NAWM__10X_17_grch38:TGGCCAGTCACCGGGTx,MS,NAWM,MS122
MS122_NAWM__10X_17_grch38:TGGGAAGAGGCTCATTx,MS,NAWM,MS122
MS122_CI__10X_17_grch38:AACGTTGGTATTCGTGx,MS,CI,MS122
MS122_CI__10X_17_grch38:AAGGTTCTCTTGAGGTx,MS,CI,MS122
MS122_CI__10X_17_grch38:CAAGGCCTCTCGTATTx,MS,CI,MS122
MS122_CI__10X_17_grch38:CACACTCGTTTGGGCCx,MS,CI,MS122
MS122_CI__10X_17_grch38:CATATTCCAGCATGAGx,MS,CI,MS122
MS122_CI__10X_17_grch38:CATCAGAAGTTCGCGCx,MS,CI,MS122
MS122_CI__10X_17_grch38:CATGCCTTCAACGCTAx,MS,CI,MS122
MS122_CI__10X_17_grch38:CCTCAGTTCGTTACGAx,MS,CI,MS122
MS122_CI__10X_17_grch38:CTCAGAAAGCCACGCTx,MS,CI,MS122
MS122_CI__10X_17_grch38:CTGTGCTAGCTATGCTx,MS,CI,MS122
MS122_CI__10X_17_grch38:GAACATCTCGCATGGCx,MS,CI,MS122
MS122_CI__10X_17_grch38:GGCAATTAGAGGACGGx,MS,CI,MS122
MS122_CI__10X_17_grch38:GGTGCGTGTGTGAAATx,MS,CI,MS122
MS122_CI__10X_17_grch38:GTAACGTAGGTGATATx,MS,CI,MS122
MS122_CI__10X_17_grch38:TCATTACCATGCATGTx,MS,CI,MS122
MS122_CI__10X_17_grch38:TCGCGAGTCTATCCTAx,MS,CI,MS122
MS122_CI__10X_17_grch38:TGCTGCTGTAAGAGAGx,MS,CI,MS122
MS122_CI__10X_17_grch38:TGGTTAGGTTGGGACAx,MS,CI,MS122
MS122_A__10X_17_grch38:AAACGGGGTCATCCCTx,MS,A,MS122
MS122_A__10X_17_grch38:ACGGAGAAGCCAGTAGx,MS,A,MS122
MS122_A__10X_17_grch38:AGATCTGTCCTTGACCx,MS,A,MS122
MS122_A__10X_17_grch38:AGGTCATGTGTTAAGAx,MS,A,MS122
MS122_A__10X_17_grch38:ATCATGGCACAGGTTTx,MS,A,MS122
MS122_A__10X_17_grch38:CAGTCCTCACCAGATTx,MS,A,MS122
MS122_A__10X_17_grch38:CTACCCACACGGCTACx,MS,A,MS122
MS122_A__10X_17_grch38:CTAGCCTGTTCAACCAx,MS,A,MS122
MS122_A__10X_17_grch38:CTCGGGACAGTCGTGCx,MS,A,MS122
MS122_A__10X_17_grch38:GACAGAGTCTGCAAGTx,MS,A,MS122
MS122_A__10X_17_grch38:GCAATCATCTTAGCCCx,MS,A,MS122
MS122_A__10X_17_grch38:GCACATAGTCATGCATx,MS,A,MS122
MS122_A__10X_17_grch38:GGCCGATTCGTTGCCTx,MS,A,MS122
MS122_A__10X_17_grch38:GTCAAGTAGGCCGAATx,MS,A,MS122
MS122_A__10X_17_grch38:GTGTGCGGTAGCTTGTx,MS,A,MS122
MS122_A__10X_17_grch38:TCATTACAGCTGAAATx,MS,A,MS122
MS122_A__10X_17_grch38:TCTTTCCAGGAGTTGCx,MS,A,MS122
MS121_NAWM__10X_17_grch38:CTCTAATGTCTCCATCx,MS,NAWM,MS121
MS121_A3__10X_17_grch38:CAGCAGCCATTGAGCTx,MS,A,MS121
MS176_NAWM__10X_17_grch38:AACCATGGTCTCTTTAx,MS,NAWM,MS176
MS176_NAWM__10X_17_grch38:AACCATGTCAGGTAAAx,MS,NAWM,MS176
MS176_NAWM__10X_17_grch38:AGATTGCGTATATGAGx,MS,NAWM,MS176
MS176_NAWM__10X_17_grch38:AGGCCGTCATGCAATCx,MS,NAWM,MS176
MS176_NAWM__10X_17_grch38:AGGTCCGAGGTAAACTx,MS,NAWM,MS176
MS176_NAWM__10X_17_grch38:CAGCAGCGTCTAGTCAx,MS,NAWM,MS176
MS176_NAWM__10X_17_grch38:CGTTAGATCTTGACGAx,MS,NAWM,MS176
MS176_NAWM__10X_17_grch38:CGTTCTGGTTCTGGTAx,MS,NAWM,MS176
MS176_NAWM__10X_17_grch38:CTTACCGTCATGCATGx,MS,NAWM,MS176
MS176_NAWM__10X_17_grch38:GGATTACGTAGCTCCGx,MS,NAWM,MS176
MS176_NAWM__10X_17_grch38:TCTGGAAGTAGTGAATx,MS,NAWM,MS176
MS176_NAWM__10X_17_grch38:TTAGGCAAGCTAACTCx,MS,NAWM,MS176
MS176_NAWM__10X_17_grch38:TTTCCTCCAGCCACCAx,MS,NAWM,MS176
MS176_RM__10X_17_grch38:ATGCGATCACCCATTCx,MS,RM,MS176
CO39__10X_17_grch38:CACCACTTCCGTCATCx,normal,Ctrl,CO39
CO39__10X_17_grch38:CAGGTGCAGCTGGAACx,normal,Ctrl,CO39
CO39__10X_17_grch38:CATCCACCACCCATGGx,normal,Ctrl,CO39
CO39__10X_17_grch38:CGTCAGGTCACTTATCx,normal,Ctrl,CO39
CO39__10X_17_grch38:CTGGTCTAGATCGGGTx,normal,Ctrl,CO39
CO39__10X_17_grch38:GACACGCCATGCTGGCx,normal,Ctrl,CO39
CO39__10X_17_grch38:GTCACAACAAGAAAGGx,normal,Ctrl,CO39
CO39__10X_17_grch38:TCAGATGGTTGGACCCx,normal,Ctrl,CO39
CO39__10X_17_grch38:TCAGGTATCGTATCAGx,normal,Ctrl,CO39
CO14__10X_17_grch38:AGCGGTCTCGGCGCTAx,normal,Ctrl,CO14
CO14__10X_17_grch38:ATCGAGTGTACGAAATx,normal,Ctrl,CO14
CO14__10X_17_grch38:ATCTACTCATCAGTCAx,normal,Ctrl,CO14
CO14__10X_17_grch38:CAGCTAAGTCGAGATGx,normal,Ctrl,CO14
CO14__10X_17_grch38:CGTGAGCCACGTCTCTx,normal,Ctrl,CO14
CO14__10X_17_grch38:CTCAGAACAGTTCATGx,normal,Ctrl,CO14
CO14__10X_17_grch38:CTGCGGACAGACAAGCx,normal,Ctrl,CO14
CO14__10X_17_grch38:GCTGCAGAGGATGCGTx,normal,Ctrl,CO14
CO14__10X_17_grch38:GGGACCTTCTTGTCATx,normal,Ctrl,CO14
CO14__10X_17_grch38:GTCTCGTCATATACGCx,normal,Ctrl,CO14
CO14__10X_17_grch38:GTGTGCGTCTGCCCTAx,normal,Ctrl,CO14
CO14__10X_17_grch38:TACAGTGGTTGGAGGTx,normal,Ctrl,CO14
CO14__10X_17_grch38:TCATTACAGGGAAACAx,normal,Ctrl,CO14
CO14__10X_17_grch38:TGGCTGGTCAATACCGx,normal,Ctrl,CO14
MS122_NAWM__10X_17_grch38:ATAGACCGTCCGAAGAx,MS,NAWM,MS122
MS122_NAWM__10X_17_grch38:CACATAGAGGTGTGGTx,MS,NAWM,MS122
MS122_NAWM__10X_17_grch38:CACATAGGTAGCCTATx,MS,NAWM,MS122
MS122_NAWM__10X_17_grch38:TCTATTGGTTCAGGCCx,MS,NAWM,MS122
MS122_NAWM__10X_17_grch38:TCTGAGATCCTGCTTGx,MS,NAWM,MS122
MS122_CI__10X_17_grch38:AACCGCGAGGAGTACCx,MS,CI,MS122
MS122_CI__10X_17_grch38:CAACCTCGTAACGTTCx,MS,CI,MS122
MS122_CI__10X_17_grch38:CCTACACTCAGCTCGGx,MS,CI,MS122
MS122_CI__10X_17_grch38:CCTTTCTTCCTACAGAx,MS,CI,MS122
MS122_CI__10X_17_grch38:CGGAGCTAGTCCGGTCx,MS,CI,MS122
MS122_CI__10X_17_grch38:GACCAATCAGACACTTx,MS,CI,MS122
MS122_CI__10X_17_grch38:GACTAACAGGAGTACCx,MS,CI,MS122
MS122_CI__10X_17_grch38:TTATGCTCAGGTCTCGx,MS,CI,MS122
MS122_A__10X_17_grch38:AACCATGAGAATCTCCx,MS,A,MS122
MS122_A__10X_17_grch38:GAATGAAAGATGTGGCx,MS,A,MS122
MS122_A__10X_17_grch38:GCCTCTACAGGATTGGx,MS,A,MS122
MS121_NAWM__10X_17_grch38:AACTTTCCACCGAATTx,MS,NAWM,MS121
MS121_CA__10X_17_grch38:CGCGGTAAGTGGGCTAx,MS,CA,MS121
CO14__10X_17_grch38:CATTCGCTCGGCGCATx,normal,Ctrl,CO14
CO14__10X_17_grch38:CTGCCTACAACACCTAx,normal,Ctrl,CO14
CO25__10X_17_grch38:TTTATGCTCAGGTTCAx,normal,Ctrl,CO25
MS176_NAWM__10X_17_grch38:CACTCCACAACACCCGx,MS,NAWM,MS176
MS176_CI__10X_17_056_roche_grch38_4:ATCTACTGTTCAGTACx,MS,CI,MS176
CO39__10X_17_grch38:AACCATGCAAGGTGTGx,normal,Ctrl,CO39
CO39__10X_17_grch38:AGGGATGCAGACAAATx,normal,Ctrl,CO39
CO39__10X_17_grch38:CATGCCTCACCGAAAGx,normal,Ctrl,CO39
CO39__10X_17_grch38:CGAGCCACAGGATTGGx,normal,Ctrl,CO39
CO39__10X_17_grch38:CTCTAATTCTCACATTx,normal,Ctrl,CO39
CO39__10X_17_grch38:CTCTGGTTCTGTCTATx,normal,Ctrl,CO39
CO39__10X_17_grch38:TAGACCAAGAACTCGGx,normal,Ctrl,CO39
CO39__10X_17_grch38:TCTGGAACACCATCCTx,normal,Ctrl,CO39
SD48/16__10X_17_grch38:CTCTGGTAGTTACGGGx,normal,Ctrl,SD48/16
SD48/16__10X_17_grch38:GGAACTTCACTTCTGCx,normal,Ctrl,SD48/16
SD48/16__10X_17_grch38:GGATGTTCAAAGAATCx,normal,Ctrl,SD48/16
SD48/16__10X_17_grch38:TACAGTGTCGCCATAAx,normal,Ctrl,SD48/16
SD48/16__10X_17_grch38:TGCTGCTTCAAGCCTAx,normal,Ctrl,SD48/16
MS122_NAWM__10X_17_grch38:AAGGTTCCACGGTTTAx,MS,NAWM,MS122
MS122_A__10X_17_grch38:CTGAAACTCGCCCTTAx,MS,A,MS122
MS122_A__10X_17_grch38:GAATAAGTCACTTATCx,MS,A,MS122
MS122_A__10X_17_grch38:GCAGTTAAGATATGCAx,MS,A,MS122
MS121_A3__10X_17_grch38:TGGCCAGAGGGCTTCCx,MS,A,MS121
MS121_CA__10X_17_grch38:TGGGAAGGTAAGCACGx,MS,CA,MS121
MS176_RM__10X_17_grch38:TACTTACAGAGTAAGGx,MS,RM,MS176
CO39__10X_17_grch38:GGGAGATAGTGTCCATx,normal,Ctrl,CO39
CO39__10X_17_grch38:TATGCCCTCAGAGACGx,normal,Ctrl,CO39
SD48/16__10X_17_grch38:CGTGTCTGTATATCCGx,normal,Ctrl,SD48/16
SD48/16__10X_17_grch38:GCTGCTTCAGATTGCTx,normal,Ctrl,SD48/16
MS122_NAWM__10X_17_grch38:CTAGAGTAGCTAACTCx,MS,NAWM,MS122
MS122_NAWM__10X_17_grch38:GGCCGATTCAGGATCTx,MS,NAWM,MS122
MS122_CI__10X_17_grch38:ACGGAGAAGACCGGATx,MS,CI,MS122
MS122_CI__10X_17_grch38:GAAATGAGTTCAGTACx,MS,CI,MS122
MS122_CI__10X_17_grch38:GCAGTTAAGCTACCTAx,MS,CI,MS122
MS122_A__10X_17_grch38:CCTCAGTAGAGTTGGCx,MS,A,MS122
CO28__10X_17_grch38:AGCGGTCTCTACCTGCx,normal,Ctrl,CO28
CO28__10X_17_grch38:GATCGCGAGAAGGTTTx,normal,Ctrl,CO28
CO28__10X_17_grch38:GTGCTTCGTCAAAGATx,normal,Ctrl,CO28
CO25__10X_17_grch38:AACGTTGAGGGTTTCTx,normal,Ctrl,CO25
CO25__10X_17_grch38:ACTGAACAGATGTGGCx,normal,Ctrl,CO25
CO25__10X_17_grch38:AGAATAGAGCTAGCCCx,normal,Ctrl,CO25
CO25__10X_17_grch38:AGAATAGCAGCTGCTGx,normal,Ctrl,CO25
CO25__10X_17_grch38:AGCCTAAGTCGCGTGTx,normal,Ctrl,CO25
CO25__10X_17_grch38:ATAACGCGTCCAGTTAx,normal,Ctrl,CO25
CO25__10X_17_grch38:ATAGACCCAGCTGCACx,normal,Ctrl,CO25
CO25__10X_17_grch38:CAAGTTGAGAGCCCAAx,normal,Ctrl,CO25
CO25__10X_17_grch38:CCATGTCAGCGGATCAx,normal,Ctrl,CO25
CO25__10X_17_grch38:CCGGTAGGTCCAGTTAx,normal,Ctrl,CO25
CO25__10X_17_grch38:CCTATTACAGAAGCACx,normal,Ctrl,CO25
CO25__10X_17_grch38:CGATGTAGTAAACGCGx,normal,Ctrl,CO25
CO25__10X_17_grch38:CGCCAAGCACTATCTTx,normal,Ctrl,CO25
CO25__10X_17_grch38:CGGAGCTGTGTTTGTGx,normal,Ctrl,CO25
CO25__10X_17_grch38:CTAGTGAAGGTGCAACx,normal,Ctrl,CO25
CO25__10X_17_grch38:CTCCTAGAGCGTGTCCx,normal,Ctrl,CO25
CO25__10X_17_grch38:GACGTGCTCAGCTGGCx,normal,Ctrl,CO25
CO25__10X_17_grch38:GAGCAGATCCAATGGTx,normal,Ctrl,CO25
CO25__10X_17_grch38:GAGGTGATCAATAAGGx,normal,Ctrl,CO25
CO25__10X_17_grch38:GAGGTGATCCGTTGTCx,normal,Ctrl,CO25
CO25__10X_17_grch38:GATCAGTTCATGCATGx,normal,Ctrl,CO25
CO25__10X_17_grch38:GCAAACTGTTGTGGAGx,normal,Ctrl,CO25
CO25__10X_17_grch38:GCACTCTTCAACACCAx,normal,Ctrl,CO25
CO25__10X_17_grch38:GCATGCGTCTGTTGAGx,normal,Ctrl,CO25
CO25__10X_17_grch38:GCGCAGTTCCATGAGTx,normal,Ctrl,CO25
CO25__10X_17_grch38:GCTTCCATCCAATGGTx,normal,Ctrl,CO25
CO25__10X_17_grch38:GTAACTGGTGGTTTCAx,normal,Ctrl,CO25
CO25__10X_17_grch38:GTACTCCGTCAGAAGCx,normal,Ctrl,CO25
CO25__10X_17_grch38:GTCTTCGTCAAGGCTTx,normal,Ctrl,CO25
CO25__10X_17_grch38:TACAGTGGTCTTCTCGx,normal,Ctrl,CO25
CO25__10X_17_grch38:TACGGATGTACAAGTAx,normal,Ctrl,CO25
CO25__10X_17_grch38:TCACGAAGTCAGAATAx,normal,Ctrl,CO25
CO25__10X_17_grch38:TCAGGTATCGGCTACGx,normal,Ctrl,CO25
CO25__10X_17_grch38:TCGCGTTAGCCCTAATx,normal,Ctrl,CO25
CO25__10X_17_grch38:TCGGTAACAGTGGAGTx,normal,Ctrl,CO25
CO25__10X_17_grch38:TGAGAGGAGCGTGAGTx,normal,Ctrl,CO25
CO25__10X_17_grch38:TGCGTGGTCGCGTTTCx,normal,Ctrl,CO25
CO25__10X_17_grch38:TGGCGCACAAGGACTGx,normal,Ctrl,CO25
CO25__10X_17_grch38:TGGTTAGCATGCGCACx,normal,Ctrl,CO25
CO25__10X_17_grch38:TTAGGCAGTACCGCTGx,normal,Ctrl,CO25
CO25__10X_17_grch38:TTCTACATCGAGAGCAx,normal,Ctrl,CO25
MS176_NAWM__10X_17_grch38:ACATGGTGTAGCGTCCx,MS,NAWM,MS176
MS176_NAWM__10X_17_grch38:CATATGGTCATGGTCAx,MS,NAWM,MS176
MS176_NAWM__10X_17_grch38:CATCAAGGTGCCTGGTx,MS,NAWM,MS176
MS176_NAWM__10X_17_grch38:GCTCCTATCTCATTCAx,MS,NAWM,MS176
MS176_NAWM__10X_17_grch38:GGGTCTGAGCCCAACCx,MS,NAWM,MS176
MS176_NAWM__10X_17_grch38:TCAATCTTCGGCGCTAx,MS,NAWM,MS176
MS176_CI__10X_17_056_roche_grch38_4:ACGCCAGGTTTGACTGx,MS,CI,MS176
CO39__10X_17_grch38:AAAGATGGTCACCCAGx,normal,Ctrl,CO39
CO39__10X_17_grch38:AAATGCCGTCTCAACAx,normal,Ctrl,CO39
CO39__10X_17_grch38:AACACGTTCTGATACGx,normal,Ctrl,CO39
CO39__10X_17_grch38:AACCATGCAATGAATGx,normal,Ctrl,CO39
CO39__10X_17_grch38:AACCATGGTTTGTTTCx,normal,Ctrl,CO39
CO39__10X_17_grch38:AACCGCGGTCTGATTGx,normal,Ctrl,CO39
CO39__10X_17_grch38:AACTCAGCAAGCTGAGx,normal,Ctrl,CO39
CO39__10X_17_grch38:AACTCAGCACACAGAGx,normal,Ctrl,CO39
CO39__10X_17_grch38:AACTCAGGTGTCTGATx,normal,Ctrl,CO39
CO39__10X_17_grch38:AACTGGTTCCTGCAGGx,normal,Ctrl,CO39
CO39__10X_17_grch38:AACTTTCGTCTTGATGx,normal,Ctrl,CO39
CO39__10X_17_grch38:AAGCCGCCATGAAGTAx,normal,Ctrl,CO39
CO39__10X_17_grch38:AAGGAGCCAGCGAACAx,normal,Ctrl,CO39
CO39__10X_17_grch38:AAGGAGCTCACAGTACx,normal,Ctrl,CO39
CO39__10X_17_grch38:AAGTCTGAGACAGACCx,normal,Ctrl,CO39
CO39__10X_17_grch38:ACACCAATCGTTACAGx,normal,Ctrl,CO39
CO39__10X_17_grch38:ACACCCTCATACAGCTx,normal,Ctrl,CO39
CO39__10X_17_grch38:ACACTGATCAAGGTAAx,normal,Ctrl,CO39
CO39__10X_17_grch38:ACATACGCAGTAAGATx,normal,Ctrl,CO39
CO39__10X_17_grch38:ACATACGCATGTCCTCx,normal,Ctrl,CO39
CO39__10X_17_grch38:ACATCAGGTCCGTGACx,normal,Ctrl,CO39
CO39__10X_17_grch38:ACGAGCCAGAATAGGGx,normal,Ctrl,CO39
CO39__10X_17_grch38:ACGAGCCCACGTAAGGx,normal,Ctrl,CO39
CO39__10X_17_grch38:ACGAGCCTCATGTCTTx,normal,Ctrl,CO39
CO39__10X_17_grch38:ACGAGGAAGTATGACAx,normal,Ctrl,CO39
CO39__10X_17_grch38:ACGCAGCAGTGTGAATx,normal,Ctrl,CO39
CO39__10X_17_grch38:ACGCCGAAGATTACCCx,normal,Ctrl,CO39
CO39__10X_17_grch38:ACGGCCAAGCTACCGCx,normal,Ctrl,CO39
CO39__10X_17_grch38:ACGGGCTAGAAACCATx,normal,Ctrl,CO39
CO39__10X_17_grch38:ACGGGCTGTCACTGGCx,normal,Ctrl,CO39
CO39__10X_17_grch38:ACGGGCTTCGGCGCTAx,normal,Ctrl,CO39
CO39__10X_17_grch38:ACGGGTCTCATGCATGx,normal,Ctrl,CO39
CO39__10X_17_grch38:ACTATCTAGTATTGGAx,normal,Ctrl,CO39
CO39__10X_17_grch38:ACTGCTCCATTTCACTx,normal,Ctrl,CO39
CO39__10X_17_grch38:ACTTACTAGCGAGAAAx,normal,Ctrl,CO39
CO39__10X_17_grch38:AGAATAGCAGACGCCTx,normal,Ctrl,CO39
CO39__10X_17_grch38:AGAATAGCATGTCGATx,normal,Ctrl,CO39
CO39__10X_17_grch38:AGACGTTTCGCCAAATx,normal,Ctrl,CO39
CO39__10X_17_grch38:AGAGTGGCATGGTAGGx,normal,Ctrl,CO39
CO39__10X_17_grch38:AGATCTGTCTACCAGAx,normal,Ctrl,CO39
CO39__10X_17_grch38:AGATTGCAGCCGATTTx,normal,Ctrl,CO39
CO39__10X_17_grch38:AGCAGCCAGAGAGCTCx,normal,Ctrl,CO39
CO39__10X_17_grch38:AGCCTAAGTCTTTCATx,normal,Ctrl,CO39
CO39__10X_17_grch38:AGCGGTCCAAAGGCGTx,normal,Ctrl,CO39
CO39__10X_17_grch38:AGCGTATTCAGCAACTx,normal,Ctrl,CO39
CO39__10X_17_grch38:AGCTCTCAGCAATCTCx,normal,Ctrl,CO39
CO39__10X_17_grch38:AGCTCTCGTCCTCTTGx,normal,Ctrl,CO39
CO39__10X_17_grch38:AGCTCTCGTTTGGCGCx,normal,Ctrl,CO39
CO39__10X_17_grch38:AGCTTGATCTTACCTAx,normal,Ctrl,CO39
CO39__10X_17_grch38:AGGCCACCAACTTGACx,normal,Ctrl,CO39
CO39__10X_17_grch38:AGGTCATAGTTCGCATx,normal,Ctrl,CO39
CO39__10X_17_grch38:AGTGGGAAGCCACGCTx,normal,Ctrl,CO39
CO39__10X_17_grch38:AGTGGGAGTCACTTCCx,normal,Ctrl,CO39
CO39__10X_17_grch38:ATAGACCAGTTGTAGAx,normal,Ctrl,CO39
CO39__10X_17_grch38:ATCACGATCGTTTATCx,normal,Ctrl,CO39
CO39__10X_17_grch38:ATCCACCTCAAGATCCx,normal,Ctrl,CO39
CO39__10X_17_grch38:ATCGAGTAGTACCGGAx,normal,Ctrl,CO39
CO39__10X_17_grch38:ATCTGCCTCAAACCGTx,normal,Ctrl,CO39
CO39__10X_17_grch38:ATGAGGGCAACACCTAx,normal,Ctrl,CO39
CO39__10X_17_grch38:ATGAGGGTCTATGTGGx,normal,Ctrl,CO39
CO39__10X_17_grch38:ATGTGTGCACACTGCGx,normal,Ctrl,CO39
CO39__10X_17_grch38:ATTATCCAGGTGCAACx,normal,Ctrl,CO39
CO39__10X_17_grch38:ATTCTACTCGCGTTTCx,normal,Ctrl,CO39
CO39__10X_17_grch38:CAACCAACACCCTATCx,normal,Ctrl,CO39
CO39__10X_17_grch38:CAACCTCCAGGATTGGx,normal,Ctrl,CO39
CO39__10X_17_grch38:CAACCTCGTGTGACGAx,normal,Ctrl,CO39
CO39__10X_17_grch38:CAACCTCTCGGCGCTAx,normal,Ctrl,CO39
CO39__10X_17_grch38:CAAGATCAGAGAGCTCx,normal,Ctrl,CO39
CO39__10X_17_grch38:CAAGATCAGTCCGGTCx,normal,Ctrl,CO39
CO39__10X_17_grch38:CAAGATCTCCCAGGTGx,normal,Ctrl,CO39
CO39__10X_17_grch38:CAAGTTGAGTTGAGTAx,normal,Ctrl,CO39
CO39__10X_17_grch38:CAAGTTGTCGGAATCTx,normal,Ctrl,CO39
CO39__10X_17_grch38:CACACAAGTGGTGTAGx,normal,Ctrl,CO39
CO39__10X_17_grch38:CACACCTAGTTGAGATx,normal,Ctrl,CO39
CO39__10X_17_grch38:CACACTCTCCGCATAAx,normal,Ctrl,CO39
CO39__10X_17_grch38:CACAGGCCATGAAGTAx,normal,Ctrl,CO39
CO39__10X_17_grch38:CACAGGCGTACAGACGx,normal,Ctrl,CO39
CO39__10X_17_grch38:CACATTTGTTGCGCACx,normal,Ctrl,CO39
CO39__10X_17_grch38:CACCACTCAAAGGAAGx,normal,Ctrl,CO39
CO39__10X_17_grch38:CACCACTCACTTGGATx,normal,Ctrl,CO39
CO39__10X_17_grch38:CACCAGGAGAATCTCCx,normal,Ctrl,CO39
CO39__10X_17_grch38:CAGAATCTCCTGTAGAx,normal,Ctrl,CO39
CO39__10X_17_grch38:CAGGTGCCAATGGAGCx,normal,Ctrl,CO39
CO39__10X_17_grch38:CATATTCGTTCAGGCCx,normal,Ctrl,CO39
CO39__10X_17_grch38:CATCAAGAGTCCAGGAx,normal,Ctrl,CO39
CO39__10X_17_grch38:CATCAAGCACGCGAAAx,normal,Ctrl,CO39
CO39__10X_17_grch38:CATCAGAAGCTACCTAx,normal,Ctrl,CO39
CO39__10X_17_grch38:CATGACAAGCACAGGTx,normal,Ctrl,CO39
CO39__10X_17_grch38:CATGCCTGTCCGACGTx,normal,Ctrl,CO39
CO39__10X_17_grch38:CATGGCGCATGTAGTCx,normal,Ctrl,CO39
CO39__10X_17_grch38:CCACCTAAGGCTATCTx,normal,Ctrl,CO39
CO39__10X_17_grch38:CCACTACCAAATCCGTx,normal,Ctrl,CO39
CO39__10X_17_grch38:CCATTCGCAAAGGAAGx,normal,Ctrl,CO39
CO39__10X_17_grch38:CCCAGTTAGTTTGCGTx,normal,Ctrl,CO39
CO39__10X_17_grch38:CCCTCCTAGTGTTAGAx,normal,Ctrl,CO39
CO39__10X_17_grch38:CCGGTAGTCAGATAAGx,normal,Ctrl,CO39
CO39__10X_17_grch38:CCGTACTGTCGCGGTTx,normal,Ctrl,CO39
CO39__10X_17_grch38:CCGTGGATCACTCCTGx,normal,Ctrl,CO39
CO39__10X_17_grch38:CCTAAAGAGACAGGCTx,normal,Ctrl,CO39
CO39__10X_17_grch38:CCTACACCAAGGGTCAx,normal,Ctrl,CO39
CO39__10X_17_grch38:CCTACACTCAAGGCTTx,normal,Ctrl,CO39
CO39__10X_17_grch38:CCTACCAAGAGCCTAGx,normal,Ctrl,CO39
CO39__10X_17_grch38:CCTCAGTCATAGTAAGx,normal,Ctrl,CO39
CO39__10X_17_grch38:CCTCTGAAGGAATCGCx,normal,Ctrl,CO39
CO39__10X_17_grch38:CCTTACGTCTGCTGTCx,normal,Ctrl,CO39
CO39__10X_17_grch38:CCTTTCTGTATTCGTGx,normal,Ctrl,CO39
CO39__10X_17_grch38:CGAACATGTGTGACCCx,normal,Ctrl,CO39
CO39__10X_17_grch38:CGACCTTAGTAGGTGCx,normal,Ctrl,CO39
CO39__10X_17_grch38:CGACTTCCATGCGCACx,normal,Ctrl,CO39
CO39__10X_17_grch38:CGAGCACCATCGATTGx,normal,Ctrl,CO39
CO39__10X_17_grch38:CGAGCACTCAGGCAAGx,normal,Ctrl,CO39
CO39__10X_17_grch38:CGAGCCATCACAGTACx,normal,Ctrl,CO39
CO39__10X_17_grch38:CGCGTTTCAAGCTGGAx,normal,Ctrl,CO39
CO39__10X_17_grch38:CGCTTCAAGGCTACGAx,normal,Ctrl,CO39
CO39__10X_17_grch38:CGGACGTGTACTTAGCx,normal,Ctrl,CO39
CO39__10X_17_grch38:CGGAGCTTCCCTTGTGx,normal,Ctrl,CO39
CO39__10X_17_grch38:CGGAGTCTCACTTACTx,normal,Ctrl,CO39
CO39__10X_17_grch38:CGGCTAGAGGCTAGACx,normal,Ctrl,CO39
CO39__10X_17_grch38:CGGGTCATCCTGCCATx,normal,Ctrl,CO39
CO39__10X_17_grch38:CGGGTCATCCTTTCTCx,normal,Ctrl,CO39
CO39__10X_17_grch38:CGGTTAAAGTTTAGGAx,normal,Ctrl,CO39
CO39__10X_17_grch38:CGGTTAAGTGTAAGTAx,normal,Ctrl,CO39
CO39__10X_17_grch38:CGTCAGGAGGCATTGGx,normal,Ctrl,CO39
CO39__10X_17_grch38:CGTCTACCAGAAGCACx,normal,Ctrl,CO39
CO39__10X_17_grch38:CGTGAGCCACTGTTAGx,normal,Ctrl,CO39
CO39__10X_17_grch38:CGTTGGGGTGACGGTAx,normal,Ctrl,CO39
CO39__10X_17_grch38:CTAACTTAGGTGGGTTx,normal,Ctrl,CO39
CO39__10X_17_grch38:CTAACTTTCGGCTACGx,normal,Ctrl,CO39
CO39__10X_17_grch38:CTAAGACCACTTGGATx,normal,Ctrl,CO39
CO39__10X_17_grch38:CTACATTAGCCGATTTx,normal,Ctrl,CO39
CO39__10X_17_grch38:CTACGTCCAAGTCTACx,normal,Ctrl,CO39
CO39__10X_17_grch38:CTAGAGTTCATAACCGx,normal,Ctrl,CO39
CO39__10X_17_grch38:CTAGTGAGTTCAACCAx,normal,Ctrl,CO39
CO39__10X_17_grch38:CTAGTGATCCTGCCATx,normal,Ctrl,CO39
CO39__10X_17_grch38:CTCACACTCGTACGGCx,normal,Ctrl,CO39
CO39__10X_17_grch38:CTCAGAACACAGACTTx,normal,Ctrl,CO39
CO39__10X_17_grch38:CTCATTACACCAGATTx,normal,Ctrl,CO39
CO39__10X_17_grch38:CTCGAAAAGCTAGTTCx,normal,Ctrl,CO39
CO39__10X_17_grch38:CTCGGAGTCTGCGGCAx,normal,Ctrl,CO39
CO39__10X_17_grch38:CTCGTACCAATAACGAx,normal,Ctrl,CO39
CO39__10X_17_grch38:CTCGTCAGTGCCTGTGx,normal,Ctrl,CO39
CO39__10X_17_grch38:CTCTGGTGTCAGGACAx,normal,Ctrl,CO39
CO39__10X_17_grch38:CTGAAGTAGCTGAAATx,normal,Ctrl,CO39
CO39__10X_17_grch38:CTGAAGTTCTAACCGAx,normal,Ctrl,CO39
CO39__10X_17_grch38:CTGATAGCAATACGCTx,normal,Ctrl,CO39
CO39__10X_17_grch38:CTGTGCTTCGCGGATCx,normal,Ctrl,CO39
CO39__10X_17_grch38:CTGTTTAGTGTATGGGx,normal,Ctrl,CO39
CO39__10X_17_grch38:CTTACCGCAAACGTGGx,normal,Ctrl,CO39
CO39__10X_17_grch38:CTTGGCTCAACACGCCx,normal,Ctrl,CO39
CO39__10X_17_grch38:CTTTGCGCAATGGATAx,normal,Ctrl,CO39
CO39__10X_17_grch38:GAAACTCTCTCAAGTGx,normal,Ctrl,CO39
CO39__10X_17_grch38:GAACCTAGTTACCGATx,normal,Ctrl,CO39
CO39__10X_17_grch38:GAACGGATCTACTCATx,normal,Ctrl,CO39
CO39__10X_17_grch38:GACCAATGTCATGCATx,normal,Ctrl,CO39
CO39__10X_17_grch38:GACCAATTCTCATTCAx,normal,Ctrl,CO39
CO39__10X_17_grch38:GACCTGGAGCTAACTCx,normal,Ctrl,CO39
CO39__10X_17_grch38:GACCTGGCACAGATTCx,normal,Ctrl,CO39
CO39__10X_17_grch38:GACGCGTAGATGTGGCx,normal,Ctrl,CO39
CO39__10X_17_grch38:GACGCGTTCCGCGCAAx,normal,Ctrl,CO39
CO39__10X_17_grch38:GACGTTAAGTGTGGCAx,normal,Ctrl,CO39
CO39__10X_17_grch38:GACGTTATCTGGCGACx,normal,Ctrl,CO39
CO39__10X_17_grch38:GACGTTATCTTGTATCx,normal,Ctrl,CO39
CO39__10X_17_grch38:GACTGCGGTAGCTGCCx,normal,Ctrl,CO39
CO39__10X_17_grch38:GAGCAGAGTCACCCAGx,normal,Ctrl,CO39
CO39__10X_17_grch38:GAGTCCGAGCAGATCGx,normal,Ctrl,CO39
CO39__10X_17_grch38:GAGTCCGGTACCATCAx,normal,Ctrl,CO39
CO39__10X_17_grch38:GATCAGTAGCCACGTCx,normal,Ctrl,CO39
CO39__10X_17_grch38:GATCAGTCAGATAATGx,normal,Ctrl,CO39
CO39__10X_17_grch38:GATCAGTTCTGTTGAGx,normal,Ctrl,CO39
CO39__10X_17_grch38:GATCGATGTATGAATGx,normal,Ctrl,CO39
CO39__10X_17_grch38:GATCGCGAGCACCGTCx,normal,Ctrl,CO39
CO39__10X_17_grch38:GATCGCGAGGCCGAATx,normal,Ctrl,CO39
CO39__10X_17_grch38:GATCGCGTCCCTCAGTx,normal,Ctrl,CO39
CO39__10X_17_grch38:GATCGTAAGGGATACCx,normal,Ctrl,CO39
CO39__10X_17_grch38:GATGCTACAGTACACTx,normal,Ctrl,CO39
CO39__10X_17_grch38:GATGCTAGTACTTGACx,normal,Ctrl,CO39
CO39__10X_17_grch38:GATGCTATCATACGGTx,normal,Ctrl,CO39
CO39__10X_17_grch38:GCACATACATCACCCTx,normal,Ctrl,CO39
CO39__10X_17_grch38:GCATACACAAGTTGTCx,normal,Ctrl,CO39
CO39__10X_17_grch38:GCATGTACAGTGAGTGx,normal,Ctrl,CO39
CO39__10X_17_grch38:GCATGTAGTCAATACCx,normal,Ctrl,CO39
CO39__10X_17_grch38:GCGACCAAGAGCTGCAx,normal,Ctrl,CO39
CO39__10X_17_grch38:GCGGGTTGTAACGTTCx,normal,Ctrl,CO39
CO39__10X_17_grch38:GCTCCTACATGCTGGCx,normal,Ctrl,CO39
CO39__10X_17_grch38:GCTCCTAGTGTGAATAx,normal,Ctrl,CO39
CO39__10X_17_grch38:GCTGCAGCAGGAATCGx,normal,Ctrl,CO39
CO39__10X_17_grch38:GCTTCCATCAACGGCCx,normal,Ctrl,CO39
CO39__10X_17_grch38:GGAACTTTCGCTTGTCx,normal,Ctrl,CO39
CO39__10X_17_grch38:GGAACTTTCTCTTATGx,normal,Ctrl,CO39
CO39__10X_17_grch38:GGAATAAAGACACGACx,normal,Ctrl,CO39
CO39__10X_17_grch38:GGACGTCGTTCACCTCx,normal,Ctrl,CO39
CO39__10X_17_grch38:GGATGTTGTACAGACGx,normal,Ctrl,CO39
CO39__10X_17_grch38:GGATGTTGTTTGTTGGx,normal,Ctrl,CO39
CO39__10X_17_grch38:GGCCGATAGTTACCCAx,normal,Ctrl,CO39
CO39__10X_17_grch38:GGCCGATTCAGTACGTx,normal,Ctrl,CO39
CO39__10X_17_grch38:GGCTCGAGTGTGAAATx,normal,Ctrl,CO39
CO39__10X_17_grch38:GGCTCGATCTCCTATAx,normal,Ctrl,CO39
CO39__10X_17_grch38:GGGAATGTCAACCAACx,normal,Ctrl,CO39
CO39__10X_17_grch38:GGGATGAGTTCGAATCx,normal,Ctrl,CO39
CO39__10X_17_grch38:GGGTCTGAGAGGGCTTx,normal,Ctrl,CO39
CO39__10X_17_grch38:GGGTCTGTCGCGCCAAx,normal,Ctrl,CO39
CO39__10X_17_grch38:GGGTCTGTCTTGGGTAx,normal,Ctrl,CO39
CO39__10X_17_grch38:GGGTTGCAGAGTTGGCx,normal,Ctrl,CO39
CO39__10X_17_grch38:GGGTTGCTCGAATGGGx,normal,Ctrl,CO39
CO39__10X_17_grch38:GGTGAAGGTTTAAGCCx,normal,Ctrl,CO39
CO39__10X_17_grch38:GGTGAAGTCACTCTTAx,normal,Ctrl,CO39
CO39__10X_17_grch38:GTAACGTGTCTCTTTAx,normal,Ctrl,CO39
CO39__10X_17_grch38:GTACGTAAGTGATCGGx,normal,Ctrl,CO39
CO39__10X_17_grch38:GTACGTAGTGGCGAATx,normal,Ctrl,CO39
CO39__10X_17_grch38:GTACTTTTCCATGAGTx,normal,Ctrl,CO39
CO39__10X_17_grch38:GTAGGCCGTGTAATGAx,normal,Ctrl,CO39
CO39__10X_17_grch38:GTCAAGTCATCGGTTAx,normal,Ctrl,CO39
CO39__10X_17_grch38:GTCACGGAGAGCCTAGx,normal,Ctrl,CO39
CO39__10X_17_grch38:GTCACGGGTCAGATAAx,normal,Ctrl,CO39
CO39__10X_17_grch38:GTCGTAACATTGTGCAx,normal,Ctrl,CO39
CO39__10X_17_grch38:GTGAAGGGTTCCTCCAx,normal,Ctrl,CO39
CO39__10X_17_grch38:GTGCGGTAGAAAGTGGx,normal,Ctrl,CO39
CO39__10X_17_grch38:GTGCGGTAGGCAGTCAx,normal,Ctrl,CO39
CO39__10X_17_grch38:GTTACAGCACTAGTACx,normal,Ctrl,CO39
CO39__10X_17_grch38:GTTCATTAGGTGTTAAx,normal,Ctrl,CO39
CO39__10X_17_grch38:GTTCGGGCACAGACAGx,normal,Ctrl,CO39
CO39__10X_17_grch38:GTTCGGGCATCTGGTAx,normal,Ctrl,CO39
CO39__10X_17_grch38:GTTCGGGGTCCCTACTx,normal,Ctrl,CO39
CO39__10X_17_grch38:GTTTCTACACACCGCAx,normal,Ctrl,CO39
CO39__10X_17_grch38:GTTTCTAGTGAGTGACx,normal,Ctrl,CO39
CO39__10X_17_grch38:TAAGAGACATTGCGGCx,normal,Ctrl,CO39
CO39__10X_17_grch38:TAAGAGATCAAACCACx,normal,Ctrl,CO39
CO39__10X_17_grch38:TAAGAGATCCCATTATx,normal,Ctrl,CO39
CO39__10X_17_grch38:TAAGCGTAGGATTCGGx,normal,Ctrl,CO39
CO39__10X_17_grch38:TAAGTGCTCGGTCCGAx,normal,Ctrl,CO39
CO39__10X_17_grch38:TACAGTGAGGGTGTGTx,normal,Ctrl,CO39
CO39__10X_17_grch38:TACCTTAAGTGGTAATx,normal,Ctrl,CO39
CO39__10X_17_grch38:TACCTTACATCTCGCTx,normal,Ctrl,CO39
CO39__10X_17_grch38:TACGGTACACGACGAAx,normal,Ctrl,CO39
CO39__10X_17_grch38:TACTTGTAGAATGTGTx,normal,Ctrl,CO39
CO39__10X_17_grch38:TAGACCATCTGAAAGAx,normal,Ctrl,CO39
CO39__10X_17_grch38:TAGAGCTGTATCTGCAx,normal,Ctrl,CO39
CO39__10X_17_grch38:TAGTGGTAGCCAACAGx,normal,Ctrl,CO39
CO39__10X_17_grch38:TAGTTGGCAAAGTGCGx,normal,Ctrl,CO39
CO39__10X_17_grch38:TCACAAGGTAGATTAGx,normal,Ctrl,CO39
CO39__10X_17_grch38:TCAGATGTCAGTTGACx,normal,Ctrl,CO39
CO39__10X_17_grch38:TCAGCAAAGACTGGGTx,normal,Ctrl,CO39
CO39__10X_17_grch38:TCAGGATAGCGTAGTGx,normal,Ctrl,CO39
CO39__10X_17_grch38:TCATTTGTCCAAATGCx,normal,Ctrl,CO39
CO39__10X_17_grch38:TCCCGATAGCTTTGGTx,normal,Ctrl,CO39
CO39__10X_17_grch38:TCGAGGCCACGGTAAGx,normal,Ctrl,CO39
CO39__10X_17_grch38:TCTCATAAGCGTTCCGx,normal,Ctrl,CO39
CO39__10X_17_grch38:TCTGAGACACGAGAGTx,normal,Ctrl,CO39
CO39__10X_17_grch38:TCTGAGACAGGGTTAGx,normal,Ctrl,CO39
CO39__10X_17_grch38:TCTGGAAAGATGGCGTx,normal,Ctrl,CO39
CO39__10X_17_grch38:TGAAAGAAGCGATATAx,normal,Ctrl,CO39
CO39__10X_17_grch38:TGACTTTAGATAGCATx,normal,Ctrl,CO39
CO39__10X_17_grch38:TGACTTTCAAGTACCTx,normal,Ctrl,CO39
CO39__10X_17_grch38:TGAGCCGAGTCGTTTGx,normal,Ctrl,CO39
CO39__10X_17_grch38:TGAGGGAGTCTCTCGTx,normal,Ctrl,CO39
CO39__10X_17_grch38:TGATTTCAGTTGTCGTx,normal,Ctrl,CO39
CO39__10X_17_grch38:TGATTTCGTCTCTTTAx,normal,Ctrl,CO39
CO39__10X_17_grch38:TGCGGGTGTACCGTTAx,normal,Ctrl,CO39
CO39__10X_17_grch38:TGCGTGGAGAATTCCCx,normal,Ctrl,CO39
CO39__10X_17_grch38:TGCTACCCAGATCCATx,normal,Ctrl,CO39
CO39__10X_17_grch38:TGCTGCTAGAAGCCCAx,normal,Ctrl,CO39
CO39__10X_17_grch38:TGCTGCTGTTCATGGTx,normal,Ctrl,CO39
CO39__10X_17_grch38:TGCTGCTTCACCACCTx,normal,Ctrl,CO39
CO39__10X_17_grch38:TGCTGCTTCGACCAGCx,normal,Ctrl,CO39
CO39__10X_17_grch38:TGGACGCTCCGTAGGCx,normal,Ctrl,CO39
CO39__10X_17_grch38:TGGCGCACAGATGAGCx,normal,Ctrl,CO39
CO39__10X_17_grch38:TGGCTGGAGTTACCCAx,normal,Ctrl,CO39
CO39__10X_17_grch38:TGGCTGGCAGTCGATTx,normal,Ctrl,CO39
CO39__10X_17_grch38:TGGCTGGTCCTTCAATx,normal,Ctrl,CO39
CO39__10X_17_grch38:TGGGCGTTCATGCATGx,normal,Ctrl,CO39
CO39__10X_17_grch38:TGTTCCGCATCATCCCx,normal,Ctrl,CO39
CO39__10X_17_grch38:TTAACTCTCCAAGTACx,normal,Ctrl,CO39
CO39__10X_17_grch38:TTATGCTGTTATCGGTx,normal,Ctrl,CO39
CO39__10X_17_grch38:TTATGCTTCCTCAATTx,normal,Ctrl,CO39
CO39__10X_17_grch38:TTCTACACAGACAAATx,normal,Ctrl,CO39
CO39__10X_17_grch38:TTCTACAGTGACGCCTx,normal,Ctrl,CO39
CO39__10X_17_grch38:TTCTCCTCACAACGCCx,normal,Ctrl,CO39
CO39__10X_17_grch38:TTCTTAGCATTATCTCx,normal,Ctrl,CO39
CO39__10X_17_grch38:TTCTTAGGTGCAGTAGx,normal,Ctrl,CO39
CO39__10X_17_grch38:TTGACTTAGAGCAATTx,normal,Ctrl,CO39
CO39__10X_17_grch38:TTGACTTTCACGCGGTx,normal,Ctrl,CO39
CO39__10X_17_grch38:TTGCCGTCAAGTCTACx,normal,Ctrl,CO39
CO39__10X_17_grch38:TTGCCGTCATCCGTGGx,normal,Ctrl,CO39
CO39__10X_17_grch38:TTGCGTCTCCTTTCTCx,normal,Ctrl,CO39
CO39__10X_17_grch38:TTGGCAAAGATCTGCTx,normal,Ctrl,CO39
CO39__10X_17_grch38:TTTCCTCCACAAGTAAx,normal,Ctrl,CO39
CO39__10X_17_grch38:TTTGGTTAGAAGGGTAx,normal,Ctrl,CO39
CO39__10X_17_grch38:TTTGTCATCCTGCCATx,normal,Ctrl,CO39
CO14__10X_17_grch38:ACACCAATCGGCGCATx,normal,Ctrl,CO14
CO14__10X_17_grch38:ACATACGAGATGTTAGx,normal,Ctrl,CO14
CO14__10X_17_grch38:ACCCACTAGATACACAx,normal,Ctrl,CO14
CO14__10X_17_grch38:ACTGATGTCGGGAGTAx,normal,Ctrl,CO14
CO14__10X_17_grch38:ATGAGGGAGCTAGTGGx,normal,Ctrl,CO14
CO14__10X_17_grch38:CACATAGGTGTTCTTTx,normal,Ctrl,CO14
CO14__10X_17_grch38:CACCTTGAGCACAGGTx,normal,Ctrl,CO14
CO14__10X_17_grch38:CAGAATCAGCCGTCGTx,normal,Ctrl,CO14
CO14__10X_17_grch38:CAGAGAGCAATGGATAx,normal,Ctrl,CO14
CO14__10X_17_grch38:CAGCTGGGTTCAGGCCx,normal,Ctrl,CO14
CO14__10X_17_grch38:CCACGGAGTGGAAAGAx,normal,Ctrl,CO14
CO14__10X_17_grch38:CCGTTCACAAACCCATx,normal,Ctrl,CO14
CO14__10X_17_grch38:CCTACACCACCGTTGGx,normal,Ctrl,CO14
CO14__10X_17_grch38:CCTATTAAGGCTCTTAx,normal,Ctrl,CO14
CO14__10X_17_grch38:CGGAGCTGTTGAGGTGx,normal,Ctrl,CO14
CO14__10X_17_grch38:CTAACTTGTACAGACGx,normal,Ctrl,CO14
CO14__10X_17_grch38:GAACATCTCAGCTCGGx,normal,Ctrl,CO14
CO14__10X_17_grch38:GATCGTACAAGCTGGAx,normal,Ctrl,CO14
CO14__10X_17_grch38:GCTCTGTTCCTGCCATx,normal,Ctrl,CO14
CO14__10X_17_grch38:GGATTACCACCTCGGAx,normal,Ctrl,CO14
CO14__10X_17_grch38:GGGTCTGAGTGTACCTx,normal,Ctrl,CO14
CO14__10X_17_grch38:GTTACAGTCAGCCTAAx,normal,Ctrl,CO14
CO14__10X_17_grch38:TCAGCTCGTACCGTTAx,normal,Ctrl,CO14
CO14__10X_17_grch38:TCCACACAGTGTGAATx,normal,Ctrl,CO14
CO14__10X_17_grch38:TCGGGACTCTATCGCCx,normal,Ctrl,CO14
CO14__10X_17_grch38:TTCTTAGCACAGACTTx,normal,Ctrl,CO14
SD48/16__10X_17_grch38:AAACCTGAGATAGCATx,normal,Ctrl,SD48/16
SD48/16__10X_17_grch38:AAAGATGGTAGAAAGGx,normal,Ctrl,SD48/16
SD48/16__10X_17_grch38:AAAGTAGCATCGGAAGx,normal,Ctrl,SD48/16
SD48/16__10X_17_grch38:AACACGTCAGTGAGTGx,normal,Ctrl,SD48/16
SD48/16__10X_17_grch38:AACACGTCATGCCACGx,normal,Ctrl,SD48/16
SD48/16__10X_17_grch38:AACCGCGGTACGAAATx,normal,Ctrl,SD48/16
SD48/16__10X_17_grch38:AACCGCGGTTGTTTGGx,normal,Ctrl,SD48/16
SD48/16__10X_17_grch38:AACGTTGTCATGCATGx,normal,Ctrl,SD48/16
SD48/16__10X_17_grch38:AACTCCCAGTGAACATx,normal,Ctrl,SD48/16
SD48/16__10X_17_grch38:AACTCCCTCCCTTGCAx,normal,Ctrl,SD48/16
SD48/16__10X_17_grch38:AACTCCCTCTGCTGTCx,normal,Ctrl,SD48/16
SD48/16__10X_17_grch38:AACTGGTCAATTGCTGx,normal,Ctrl,SD48/16
SD48/16__10X_17_grch38:AACTGGTTCTGTTGAGx,normal,Ctrl,SD48/16
SD48/16__10X_17_grch38:AACTTTCGTTTGTTGGx,normal,Ctrl,SD48/16
SD48/16__10X_17_grch38:AAGACCTTCAGCACATx,normal,Ctrl,SD48/16
SD48/16__10X_17_grch38:AAGACCTTCAGTCCCTx,normal,Ctrl,SD48/16
SD48/16__10X_17_grch38:AAGCCGCAGTAAGTACx,normal,Ctrl,SD48/16
SD48/16__10X_17_grch38:AAGGAGCCACGGTAAGx,normal,Ctrl,SD48/16
SD48/16__10X_17_grch38:AAGGCAGTCCTAGAACx,normal,Ctrl,SD48/16
SD48/16__10X_17_grch38:ACACTGAGTCCCTACTx,normal,Ctrl,SD48/16
SD48/16__10X_17_grch38:ACACTGATCATACGGTx,normal,Ctrl,SD48/16
SD48/16__10X_17_grch38:ACAGCCGGTGACGGTAx,normal,Ctrl,SD48/16
SD48/16__10X_17_grch38:ACAGCCGTCCCTTGTGx,normal,Ctrl,SD48/16
SD48/16__10X_17_grch38:ACAGCTAGTGGCCCTAx,normal,Ctrl,SD48/16
SD48/16__10X_17_grch38:ACAGCTAGTTATCGGTx,normal,Ctrl,SD48/16
SD48/16__10X_17_grch38:ACATCAGGTAAATACGx,normal,Ctrl,SD48/16
SD48/16__10X_17_grch38:ACCAGTAAGTAGGCCAx,normal,Ctrl,SD48/16
SD48/16__10X_17_grch38:ACCCACTAGCAATCTCx,normal,Ctrl,SD48/16
SD48/16__10X_17_grch38:ACCCACTTCTGTTTGTx,normal,Ctrl,SD48/16
SD48/16__10X_17_grch38:ACCGTAAAGAAGGTGAx,normal,Ctrl,SD48/16
SD48/16__10X_17_grch38:ACCGTAATCAATCTCTx,normal,Ctrl,SD48/16
SD48/16__10X_17_grch38:ACCTTTAAGAACAATCx,normal,Ctrl,SD48/16
SD48/16__10X_17_grch38:ACCTTTATCTAACCGAx,normal,Ctrl,SD48/16
SD48/16__10X_17_grch38:ACCTTTATCTATGTGGx,normal,Ctrl,SD48/16
SD48/16__10X_17_grch38:ACGAGCCTCAGTTCGAx,normal,Ctrl,SD48/16
SD48/16__10X_17_grch38:ACGATGTGTCCAAGTTx,normal,Ctrl,SD48/16
SD48/16__10X_17_grch38:ACGCCAGTCGCTTGTCx,normal,Ctrl,SD48/16
SD48/16__10X_17_grch38:ACGCCAGTCGTACCGGx,normal,Ctrl,SD48/16
SD48/16__10X_17_grch38:ACGGAGACAGGGTATGx,normal,Ctrl,SD48/16
SD48/16__10X_17_grch38:ACGGAGATCACAGGCCx,normal,Ctrl,SD48/16
SD48/16__10X_17_grch38:ACGGGCTGTTCATGGTx,normal,Ctrl,SD48/16
SD48/16__10X_17_grch38:ACGGGCTTCCATTCTAx,normal,Ctrl,SD48/16
SD48/16__10X_17_grch38:ACGTCAACAAGCTGAGx,normal,Ctrl,SD48/16
SD48/16__10X_17_grch38:ACGTCAAGTCATCCCTx,normal,Ctrl,SD48/16
SD48/16__10X_17_grch38:ACTATCTAGACTACAAx,normal,Ctrl,SD48/16
SD48/16__10X_17_grch38:ACTATCTCACGAGGTAx,normal,Ctrl,SD48/16
SD48/16__10X_17_grch38:ACTATCTCACTGTTAGx,normal,Ctrl,SD48/16
SD48/16__10X_17_grch38:ACTATCTGTAGCGATGx,normal,Ctrl,SD48/16
SD48/16__10X_17_grch38:ACTGAACAGTACGCGAx,normal,Ctrl,SD48/16
SD48/16__10X_17_grch38:ACTGAGTAGCTAACTCx,normal,Ctrl,SD48/16
SD48/16__10X_17_grch38:ACTGATGAGAGTACATx,normal,Ctrl,SD48/16
SD48/16__10X_17_grch38:ACTGATGTCCACGAATx,normal,Ctrl,SD48/16
SD48/16__10X_17_grch38:ACTGTCCCATGCCTAAx,normal,Ctrl,SD48/16
SD48/16__10X_17_grch38:ACTTACTGTAAGTAGTx,normal,Ctrl,SD48/16
SD48/16__10X_17_grch38:AGAATAGCATGCAATCx,normal,Ctrl,SD48/16
SD48/16__10X_17_grch38:AGACGTTCAGATGAGCx,normal,Ctrl,SD48/16
SD48/16__10X_17_grch38:AGAGCGATCAATCACGx,normal,Ctrl,SD48/16
SD48/16__10X_17_grch38:AGAGCTTGTAAGGGCTx,normal,Ctrl,SD48/16
SD48/16__10X_17_grch38:AGAGTGGCAAATACAGx,normal,Ctrl,SD48/16
SD48/16__10X_17_grch38:AGATCTGAGACAGACCx,normal,Ctrl,SD48/16
SD48/16__10X_17_grch38:AGATCTGGTGTTTGGTx,normal,Ctrl,SD48/16
SD48/16__10X_17_grch38:AGATTGCAGCTCAACTx,normal,Ctrl,SD48/16
SD48/16__10X_17_grch38:AGATTGCCATCTACGAx,normal,Ctrl,SD48/16
SD48/16__10X_17_grch38:AGCATACCAAGAAGAGx,normal,Ctrl,SD48/16
SD48/16__10X_17_grch38:AGCATACCACGGTTTAx,normal,Ctrl,SD48/16
SD48/16__10X_17_grch38:AGCATACCAGGTCTCGx,normal,Ctrl,SD48/16
SD48/16__10X_17_grch38:AGCATACTCTTGCCGTx,normal,Ctrl,SD48/16
SD48/16__10X_17_grch38:AGCCTAACATAGACTCx,normal,Ctrl,SD48/16
SD48/16__10X_17_grch38:AGCGGTCGTGGTCTCGx,normal,Ctrl,SD48/16
SD48/16__10X_17_grch38:AGCGTATTCCTATGTTx,normal,Ctrl,SD48/16
SD48/16__10X_17_grch38:AGCTCTCAGGGATGGGx,normal,Ctrl,SD48/16
SD48/16__10X_17_grch38:AGCTCTCAGGTGTTAAx,normal,Ctrl,SD48/16
SD48/16__10X_17_grch38:AGCTCTCCAAGCCGTCx,normal,Ctrl,SD48/16
SD48/16__10X_17_grch38:AGCTCTCGTCTAGCGCx,normal,Ctrl,SD48/16
SD48/16__10X_17_grch38:AGCTTGAAGGCCCTCAx,normal,Ctrl,SD48/16
SD48/16__10X_17_grch38:AGGCCACCAATCTGCAx,normal,Ctrl,SD48/16
SD48/16__10X_17_grch38:AGGCCGTAGGTGCAACx,normal,Ctrl,SD48/16
SD48/16__10X_17_grch38:AGGCCGTAGTCAATAGx,normal,Ctrl,SD48/16
SD48/16__10X_17_grch38:AGGGAGTTCATCATTCx,normal,Ctrl,SD48/16
SD48/16__10X_17_grch38:AGGGATGAGGTAAACTx,normal,Ctrl,SD48/16
SD48/16__10X_17_grch38:AGGGTGAAGGGCACTAx,normal,Ctrl,SD48/16
SD48/16__10X_17_grch38:AGGGTGACAGCTGTGCx,normal,Ctrl,SD48/16
SD48/16__10X_17_grch38:AGGGTGATCACATAGCx,normal,Ctrl,SD48/16
SD48/16__10X_17_grch38:AGGTCATCAAACCTACx,normal,Ctrl,SD48/16
SD48/16__10X_17_grch38:AGTAGTCAGCTAAACAx,normal,Ctrl,SD48/16
SD48/16__10X_17_grch38:AGTAGTCCAGCGATCCx,normal,Ctrl,SD48/16
SD48/16__10X_17_grch38:AGTCTTTCACCAGTTAx,normal,Ctrl,SD48/16
SD48/16__10X_17_grch38:AGTGAGGCAAGTCATCx,normal,Ctrl,SD48/16
SD48/16__10X_17_grch38:AGTGAGGCACGGACAAx,normal,Ctrl,SD48/16
SD48/16__10X_17_grch38:AGTGGGAAGATCTGCTx,normal,Ctrl,SD48/16
SD48/16__10X_17_grch38:AGTGGGACATATACGCx,normal,Ctrl,SD48/16
SD48/16__10X_17_grch38:AGTTGGTAGCGGCTTCx,normal,Ctrl,SD48/16
SD48/16__10X_17_grch38:AGTTGGTAGGGATACCx,normal,Ctrl,SD48/16
SD48/16__10X_17_grch38:AGTTGGTGTCGTGGCTx,normal,Ctrl,SD48/16
SD48/16__10X_17_grch38:ATAAGAGAGTGCTGCCx,normal,Ctrl,SD48/16
SD48/16__10X_17_grch38:ATAAGAGCAGCCAATTx,normal,Ctrl,SD48/16
SD48/16__10X_17_grch38:ATAGACCGTTCAGTACx,normal,Ctrl,SD48/16
SD48/16__10X_17_grch38:ATCACGACAAAGCGGTx,normal,Ctrl,SD48/16
SD48/16__10X_17_grch38:ATCATGGCAAGGCTCCx,normal,Ctrl,SD48/16
SD48/16__10X_17_grch38:ATCTACTGTCTGGAGAx,normal,Ctrl,SD48/16
SD48/16__10X_17_grch38:ATGAGGGAGCCGGTAAx,normal,Ctrl,SD48/16
SD48/16__10X_17_grch38:ATGAGGGGTGTCGCTGx,normal,Ctrl,SD48/16
SD48/16__10X_17_grch38:ATGCGATAGAAGGGTAx,normal,Ctrl,SD48/16
SD48/16__10X_17_grch38:ATGGGAGCACGAAGCAx,normal,Ctrl,SD48/16
SD48/16__10X_17_grch38:ATGGGAGGTGGTCCGTx,normal,Ctrl,SD48/16
SD48/16__10X_17_grch38:ATTATCCAGTCCAGGAx,normal,Ctrl,SD48/16
SD48/16__10X_17_grch38:ATTATCCGTTTGTGTGx,normal,Ctrl,SD48/16
SD48/16__10X_17_grch38:ATTCTACAGGATATACx,normal,Ctrl,SD48/16
SD48/16__10X_17_grch38:ATTGGACCACTATCTTx,normal,Ctrl,SD48/16
SD48/16__10X_17_grch38:ATTGGACTCTAACTGGx,normal,Ctrl,SD48/16
SD48/16__10X_17_grch38:ATTGGTGAGACCGGATx,normal,Ctrl,SD48/16
SD48/16__10X_17_grch38:CAACCAATCATTTGGGx,normal,Ctrl,SD48/16
SD48/16__10X_17_grch38:CAACCAATCCAGGGCTx,normal,Ctrl,SD48/16
SD48/16__10X_17_grch38:CAACTAGTCGTTTAGGx,normal,Ctrl,SD48/16
SD48/16__10X_17_grch38:CAACTAGTCTGAGTGTx,normal,Ctrl,SD48/16
SD48/16__10X_17_grch38:CAAGTTGCACGGACAAx,normal,Ctrl,SD48/16
SD48/16__10X_17_grch38:CAAGTTGTCTGGCGACx,normal,Ctrl,SD48/16
SD48/16__10X_17_grch38:CACAAACGTGACTACTx,normal,Ctrl,SD48/16
SD48/16__10X_17_grch38:CACAAACTCGGATGTTx,normal,Ctrl,SD48/16
SD48/16__10X_17_grch38:CACACAAAGCTAGCCCx,normal,Ctrl,SD48/16
SD48/16__10X_17_grch38:CACACAATCATCATTCx,normal,Ctrl,SD48/16
SD48/16__10X_17_grch38:CACACCTAGCTGAAATx,normal,Ctrl,SD48/16
SD48/16__10X_17_grch38:CACACCTGTGCGCTTGx,normal,Ctrl,SD48/16
SD48/16__10X_17_grch38:CACACCTTCTAACTCTx,normal,Ctrl,SD48/16
SD48/16__10X_17_grch38:CACAGGCGTAGGACACx,normal,Ctrl,SD48/16
SD48/16__10X_17_grch38:CACAGGCGTGGGTCAAx,normal,Ctrl,SD48/16
SD48/16__10X_17_grch38:CACAGGCGTTCAGCGCx,normal,Ctrl,SD48/16
SD48/16__10X_17_grch38:CACATTTGTTGATTCGx,normal,Ctrl,SD48/16
SD48/16__10X_17_grch38:CACCACTGTTATGTGCx,normal,Ctrl,SD48/16
SD48/16__10X_17_grch38:CACCAGGCACCGAATTx,normal,Ctrl,SD48/16
SD48/16__10X_17_grch38:CACCAGGTCCACGTGGx,normal,Ctrl,SD48/16
SD48/16__10X_17_grch38:CACCAGGTCTGAGGGAx,normal,Ctrl,SD48/16
SD48/16__10X_17_grch38:CACCTTGAGTACATGAx,normal,Ctrl,SD48/16
SD48/16__10X_17_grch38:CACTCCACAAGCTGAGx,normal,Ctrl,SD48/16
SD48/16__10X_17_grch38:CACTCCAGTACATCCAx,normal,Ctrl,SD48/16
SD48/16__10X_17_grch38:CACTCCAGTGGTTTCAx,normal,Ctrl,SD48/16
SD48/16__10X_17_grch38:CAGAATCCACCAGGTCx,normal,Ctrl,SD48/16
SD48/16__10X_17_grch38:CAGAATCGTTAAGTAGx,normal,Ctrl,SD48/16
SD48/16__10X_17_grch38:CAGAGAGAGCGTTGCCx,normal,Ctrl,SD48/16
SD48/16__10X_17_grch38:CAGAGAGAGGATTCGGx,normal,Ctrl,SD48/16
SD48/16__10X_17_grch38:CAGAGAGCAGTCGATTx,normal,Ctrl,SD48/16
SD48/16__10X_17_grch38:CAGAGAGCATTACGACx,normal,Ctrl,SD48/16
SD48/16__10X_17_grch38:CAGATCAGTAGCAAATx,normal,Ctrl,SD48/16
SD48/16__10X_17_grch38:CAGCAGCTCAAGATCCx,normal,Ctrl,SD48/16
SD48/16__10X_17_grch38:CAGCATATCTAACCGAx,normal,Ctrl,SD48/16
SD48/16__10X_17_grch38:CAGCCGACACATGGGAx,normal,Ctrl,SD48/16
SD48/16__10X_17_grch38:CAGCGACCAATAGAGTx,normal,Ctrl,SD48/16
SD48/16__10X_17_grch38:CAGCTAATCACAGTACx,normal,Ctrl,SD48/16
SD48/16__10X_17_grch38:CAGCTGGAGTGGGATCx,normal,Ctrl,SD48/16
SD48/16__10X_17_grch38:CAGCTGGCAACGATGGx,normal,Ctrl,SD48/16
SD48/16__10X_17_grch38:CAGGTGCGTACTCGCGx,normal,Ctrl,SD48/16
SD48/16__10X_17_grch38:CAGTCCTTCTCGTTTAx,normal,Ctrl,SD48/16
SD48/16__10X_17_grch38:CATATGGGTATCGCATx,normal,Ctrl,SD48/16
SD48/16__10X_17_grch38:CATATGGGTGTATGGGx,normal,Ctrl,SD48/16
SD48/16__10X_17_grch38:CATATGGTCATTATCCx,normal,Ctrl,SD48/16
SD48/16__10X_17_grch38:CATCAGAAGGAGTTTAx,normal,Ctrl,SD48/16
SD48/16__10X_17_grch38:CATCAGAAGTACTTGCx,normal,Ctrl,SD48/16
SD48/16__10X_17_grch38:CATCAGAGTCCAGTGCx,normal,Ctrl,SD48/16
SD48/16__10X_17_grch38:CATCGAACAAGAGTCGx,normal,Ctrl,SD48/16
SD48/16__10X_17_grch38:CATCGGGTCTCTAAGGx,normal,Ctrl,SD48/16
SD48/16__10X_17_grch38:CATGACAAGAATAGGGx,normal,Ctrl,SD48/16
SD48/16__10X_17_grch38:CATGACACATTGAGCTx,normal,Ctrl,SD48/16
SD48/16__10X_17_grch38:CATTATCGTTCTGAACx,normal,Ctrl,SD48/16
SD48/16__10X_17_grch38:CCACCTATCTTACCGCx,normal,Ctrl,SD48/16
SD48/16__10X_17_grch38:CCACGGAGTGCTAGCCx,normal,Ctrl,SD48/16
SD48/16__10X_17_grch38:CCACGGATCAACGAAAx,normal,Ctrl,SD48/16
SD48/16__10X_17_grch38:CCACTACGTGTGCCTGx,normal,Ctrl,SD48/16
SD48/16__10X_17_grch38:CCAGCGATCGGTGTTAx,normal,Ctrl,SD48/16
SD48/16__10X_17_grch38:CCATGTCCAGCCTGTGx,normal,Ctrl,SD48/16
SD48/16__10X_17_grch38:CCATGTCGTCAGAATAx,normal,Ctrl,SD48/16
SD48/16__10X_17_grch38:CCATTCGTCGGGAGTAx,normal,Ctrl,SD48/16
SD48/16__10X_17_grch38:CCCAATCGTACACCGCx,normal,Ctrl,SD48/16
SD48/16__10X_17_grch38:CCCAGTTTCGAACGGAx,normal,Ctrl,SD48/16
SD48/16__10X_17_grch38:CCCTCCTAGTTACGGGx,normal,Ctrl,SD48/16
SD48/16__10X_17_grch38:CCGGTAGAGAACAATCx,normal,Ctrl,SD48/16
SD48/16__10X_17_grch38:CCGTTCAGTAGCACGAx,normal,Ctrl,SD48/16
SD48/16__10X_17_grch38:CCTAAAGTCCCAAGTAx,normal,Ctrl,SD48/16
SD48/16__10X_17_grch38:CCTACACGTACCGCTGx,normal,Ctrl,SD48/16
SD48/16__10X_17_grch38:CCTACCACAACAACCTx,normal,Ctrl,SD48/16
SD48/16__10X_17_grch38:CCTAGCTCACCGAAAGx,normal,Ctrl,SD48/16
SD48/16__10X_17_grch38:CCTTACGTCTTGTTTGx,normal,Ctrl,SD48/16
SD48/16__10X_17_grch38:CCTTCGACAAATTGCCx,normal,Ctrl,SD48/16
SD48/16__10X_17_grch38:CCTTTCTGTATCACCAx,normal,Ctrl,SD48/16
SD48/16__10X_17_grch38:CGACCTTAGTAGCCGAx,normal,Ctrl,SD48/16
SD48/16__10X_17_grch38:CGACCTTGTCGAATCTx,normal,Ctrl,SD48/16
SD48/16__10X_17_grch38:CGACTTCTCCTTGACCx,normal,Ctrl,SD48/16
SD48/16__10X_17_grch38:CGAGCACCACACCGCAx,normal,Ctrl,SD48/16
SD48/16__10X_17_grch38:CGAGCACGTATTAGCCx,normal,Ctrl,SD48/16
SD48/16__10X_17_grch38:CGAGCACGTTGATTGCx,normal,Ctrl,SD48/16
SD48/16__10X_17_grch38:CGAGCACTCGGTTAACx,normal,Ctrl,SD48/16
SD48/16__10X_17_grch38:CGATGGCCAAGCCGCTx,normal,Ctrl,SD48/16
SD48/16__10X_17_grch38:CGATGTACAGTATAAGx,normal,Ctrl,SD48/16
SD48/16__10X_17_grch38:CGATGTATCTCGCTTGx,normal,Ctrl,SD48/16
SD48/16__10X_17_grch38:CGCCAAGCAGGTCCACx,normal,Ctrl,SD48/16
SD48/16__10X_17_grch38:CGCGTTTAGTACGCCCx,normal,Ctrl,SD48/16
SD48/16__10X_17_grch38:CGCGTTTTCGTCGTTCx,normal,Ctrl,SD48/16
SD48/16__10X_17_grch38:CGCTATCGTAAATGACx,normal,Ctrl,SD48/16
SD48/16__10X_17_grch38:CGCTTCAGTTCAACCAx,normal,Ctrl,SD48/16
SD48/16__10X_17_grch38:CGGACGTCACAGGCCTx,normal,Ctrl,SD48/16
SD48/16__10X_17_grch38:CGGACTGTCCTTGCCAx,normal,Ctrl,SD48/16
SD48/16__10X_17_grch38:CGGAGTCAGGACGAAAx,normal,Ctrl,SD48/16
SD48/16__10X_17_grch38:CGGAGTCCAGCTGTATx,normal,Ctrl,SD48/16
SD48/16__10X_17_grch38:CGGAGTCGTGTGCGTCx,normal,Ctrl,SD48/16
SD48/16__10X_17_grch38:CGGCTAGAGAGAACAGx,normal,Ctrl,SD48/16
SD48/16__10X_17_grch38:CGGCTAGGTCTCAACAx,normal,Ctrl,SD48/16
SD48/16__10X_17_grch38:CGTAGCGGTAGAAAGGx,normal,Ctrl,SD48/16
SD48/16__10X_17_grch38:CGTAGCGGTTGAGGTGx,normal,Ctrl,SD48/16
SD48/16__10X_17_grch38:CGTAGCGTCCAAACTGx,normal,Ctrl,SD48/16
SD48/16__10X_17_grch38:CGTCACTAGGATGGTCx,normal,Ctrl,SD48/16
SD48/16__10X_17_grch38:CGTCACTCAGCCTATAx,normal,Ctrl,SD48/16
SD48/16__10X_17_grch38:CGTCAGGCACCAGCACx,normal,Ctrl,SD48/16
SD48/16__10X_17_grch38:CGTCTACGTCCGAGTCx,normal,Ctrl,SD48/16
SD48/16__10X_17_grch38:CGTGAGCAGCCCTAATx,normal,Ctrl,SD48/16
SD48/16__10X_17_grch38:CGTGAGCTCCTCTAGCx,normal,Ctrl,SD48/16
SD48/16__10X_17_grch38:CGTGTAACATCGGACCx,normal,Ctrl,SD48/16
SD48/16__10X_17_grch38:CGTGTCTTCCGGGTGTx,normal,Ctrl,SD48/16
SD48/16__10X_17_grch38:CGTTCTGGTCTAACGTx,normal,Ctrl,SD48/16
SD48/16__10X_17_grch38:CGTTCTGGTCTAGTGTx,normal,Ctrl,SD48/16
SD48/16__10X_17_grch38:CGTTCTGGTCTTTCATx,normal,Ctrl,SD48/16
SD48/16__10X_17_grch38:CGTTCTGGTGAGTGACx,normal,Ctrl,SD48/16
SD48/16__10X_17_grch38:CTAACTTCACAAGACGx,normal,Ctrl,SD48/16
SD48/16__10X_17_grch38:CTAACTTTCCTCAACCx,normal,Ctrl,SD48/16
SD48/16__10X_17_grch38:CTAAGACCAAACTGCTx,normal,Ctrl,SD48/16
SD48/16__10X_17_grch38:CTAAGACCATTTCACTx,normal,Ctrl,SD48/16
SD48/16__10X_17_grch38:CTAATGGAGGCTAGCAx,normal,Ctrl,SD48/16
SD48/16__10X_17_grch38:CTACACCAGAGGTTATx,normal,Ctrl,SD48/16
SD48/16__10X_17_grch38:CTACATTTCTGCAGTAx,normal,Ctrl,SD48/16
SD48/16__10X_17_grch38:CTACCCAAGTAGTGCGx,normal,Ctrl,SD48/16
SD48/16__10X_17_grch38:CTACGTCAGACTTTCGx,normal,Ctrl,SD48/16
SD48/16__10X_17_grch38:CTAGCCTGTAGCGCTCx,normal,Ctrl,SD48/16
SD48/16__10X_17_grch38:CTAGTGAGTCTAGTCAx,normal,Ctrl,SD48/16
SD48/16__10X_17_grch38:CTAGTGAGTGTGGTTTx,normal,Ctrl,SD48/16
SD48/16__10X_17_grch38:CTCACACCAGTTTACGx,normal,Ctrl,SD48/16
SD48/16__10X_17_grch38:CTCACACTCTACTCATx,normal,Ctrl,SD48/16
SD48/16__10X_17_grch38:CTCAGAAAGTGTCCCGx,normal,Ctrl,SD48/16
SD48/16__10X_17_grch38:CTCATTACACGTCAGCx,normal,Ctrl,SD48/16
SD48/16__10X_17_grch38:CTCATTAGTGTTTGGTx,normal,Ctrl,SD48/16
SD48/16__10X_17_grch38:CTCCTAGAGCTACCTAx,normal,Ctrl,SD48/16
SD48/16__10X_17_grch38:CTCGAGGCAAACGCGAx,normal,Ctrl,SD48/16
SD48/16__10X_17_grch38:CTCGAGGGTCCGTCAGx,normal,Ctrl,SD48/16
SD48/16__10X_17_grch38:CTCGGAGGTAAACACAx,normal,Ctrl,SD48/16
SD48/16__10X_17_grch38:CTCTGGTGTCCCTACTx,normal,Ctrl,SD48/16
SD48/16__10X_17_grch38:CTGAAGTAGCGATATAx,normal,Ctrl,SD48/16
SD48/16__10X_17_grch38:CTGAAGTCAGACGCAAx,normal,Ctrl,SD48/16
SD48/16__10X_17_grch38:CTGATAGAGATCCCGCx,normal,Ctrl,SD48/16
SD48/16__10X_17_grch38:CTGATAGGTCCCTACTx,normal,Ctrl,SD48/16
SD48/16__10X_17_grch38:CTGCCTAAGTCCTCCTx,normal,Ctrl,SD48/16
SD48/16__10X_17_grch38:CTGCGGAAGCCTCGTGx,normal,Ctrl,SD48/16
SD48/16__10X_17_grch38:CTGCGGAAGGTGCTAGx,normal,Ctrl,SD48/16
SD48/16__10X_17_grch38:CTGCGGATCGCTAGCGx,normal,Ctrl,SD48/16
SD48/16__10X_17_grch38:CTGCTGTGTACTCTCCx,normal,Ctrl,SD48/16
SD48/16__10X_17_grch38:CTGTGCTTCCACTGGGx,normal,Ctrl,SD48/16
SD48/16__10X_17_grch38:CTGTGCTTCTTTACACx,normal,Ctrl,SD48/16
SD48/16__10X_17_grch38:CTGTTTAGTGGTGTAGx,normal,Ctrl,SD48/16
SD48/16__10X_17_grch38:CTTAACTGTAGGAGTCx,normal,Ctrl,SD48/16
SD48/16__10X_17_grch38:CTTACCGAGCCTATGTx,normal,Ctrl,SD48/16
SD48/16__10X_17_grch38:CTTACCGTCTAGCACAx,normal,Ctrl,SD48/16
SD48/16__10X_17_grch38:CTTAGGAAGTGGAGTCx,normal,Ctrl,SD48/16
SD48/16__10X_17_grch38:GAAACTCTCAATAAGGx,normal,Ctrl,SD48/16
SD48/16__10X_17_grch38:GAAATGATCCGAATGTx,normal,Ctrl,SD48/16
SD48/16__10X_17_grch38:GAACATCGTGCCTGGTx,normal,Ctrl,SD48/16
SD48/16__10X_17_grch38:GAACATCTCGATGAGGx,normal,Ctrl,SD48/16
SD48/16__10X_17_grch38:GAACGGAAGGTGCTTTx,normal,Ctrl,SD48/16
SD48/16__10X_17_grch38:GAATAAGGTGAAGGCTx,normal,Ctrl,SD48/16
SD48/16__10X_17_grch38:GAATAAGGTTATGTGCx,normal,Ctrl,SD48/16
SD48/16__10X_17_grch38:GAATGAAGTATAAACGx,normal,Ctrl,SD48/16
SD48/16__10X_17_grch38:GACCAATGTCAGAAGCx,normal,Ctrl,SD48/16
SD48/16__10X_17_grch38:GACCTGGAGACATAACx,normal,Ctrl,SD48/16
SD48/16__10X_17_grch38:GACCTGGAGTGGTAATx,normal,Ctrl,SD48/16
SD48/16__10X_17_grch38:GACGCGTCAACGATGGx,normal,Ctrl,SD48/16
SD48/16__10X_17_grch38:GACGTTAAGCGATAGCx,normal,Ctrl,SD48/16
SD48/16__10X_17_grch38:GACGTTACAAAGTGCGx,normal,Ctrl,SD48/16
SD48/16__10X_17_grch38:GACTACAGTACTTCTTx,normal,Ctrl,SD48/16
SD48/16__10X_17_grch38:GACTACAGTCGAGTTTx,normal,Ctrl,SD48/16
SD48/16__10X_17_grch38:GACTGCGTCCGTACAAx,normal,Ctrl,SD48/16
SD48/16__10X_17_grch38:GAGCAGACAATGAAACx,normal,Ctrl,SD48/16
SD48/16__10X_17_grch38:GAGCAGACACCCATGGx,normal,Ctrl,SD48/16
SD48/16__10X_17_grch38:GAGCAGATCGGAGGTAx,normal,Ctrl,SD48/16
SD48/16__10X_17_grch38:GAGGTGAAGTGGGATCx,normal,Ctrl,SD48/16
SD48/16__10X_17_grch38:GAGTCCGTCCAAGTACx,normal,Ctrl,SD48/16
SD48/16__10X_17_grch38:GATCAGTTCATTTGGGx,normal,Ctrl,SD48/16
SD48/16__10X_17_grch38:GATCAGTTCCGCGCAAx,normal,Ctrl,SD48/16
SD48/16__10X_17_grch38:GATCGATTCAACACGTx,normal,Ctrl,SD48/16
SD48/16__10X_17_grch38:GATCGTATCGCCGTGAx,normal,Ctrl,SD48/16
SD48/16__10X_17_grch38:GATGAAACACCCATGGx,normal,Ctrl,SD48/16
SD48/16__10X_17_grch38:GCAAACTCAAGGTGTGx,normal,Ctrl,SD48/16
SD48/16__10X_17_grch38:GCAAACTGTAGAAGGAx,normal,Ctrl,SD48/16
SD48/16__10X_17_grch38:GCAATCAGTTGCGCACx,normal,Ctrl,SD48/16
SD48/16__10X_17_grch38:GCAATCATCACGACTAx,normal,Ctrl,SD48/16
SD48/16__10X_17_grch38:GCACTCTCAATAACGAx,normal,Ctrl,SD48/16
SD48/16__10X_17_grch38:GCACTCTCATCGGAAGx,normal,Ctrl,SD48/16
SD48/16__10X_17_grch38:GCACTCTTCGCGTTTCx,normal,Ctrl,SD48/16
SD48/16__10X_17_grch38:GCAGCCAGTAGCGTGAx,normal,Ctrl,SD48/16
SD48/16__10X_17_grch38:GCAGCCATCAGGCGAAx,normal,Ctrl,SD48/16
SD48/16__10X_17_grch38:GCAGTTATCTTACCTAx,normal,Ctrl,SD48/16
SD48/16__10X_17_grch38:GCATGCGAGGCATTGGx,normal,Ctrl,SD48/16
SD48/16__10X_17_grch38:GCATGCGGTGTCAATCx,normal,Ctrl,SD48/16
SD48/16__10X_17_grch38:GCCAAATCACGGCCATx,normal,Ctrl,SD48/16
SD48/16__10X_17_grch38:GCCTCTAGTGTCCTCTx,normal,Ctrl,SD48/16
SD48/16__10X_17_grch38:GCGACCATCTCAACTTx,normal,Ctrl,SD48/16
SD48/16__10X_17_grch38:GCGCAGTAGCAGGCTAx,normal,Ctrl,SD48/16
SD48/16__10X_17_grch38:GCGCGATGTCTAGAGGx,normal,Ctrl,SD48/16
SD48/16__10X_17_grch38:GCGGGTTGTTGGTAAAx,normal,Ctrl,SD48/16
SD48/16__10X_17_grch38:GCGGGTTTCTCGTATTx,normal,Ctrl,SD48/16
SD48/16__10X_17_grch38:GCTCCTACACGTAAGGx,normal,Ctrl,SD48/16
SD48/16__10X_17_grch38:GCTCTGTAGGAGTCTGx,normal,Ctrl,SD48/16
SD48/16__10X_17_grch38:GCTCTGTTCAGCATGTx,normal,Ctrl,SD48/16
SD48/16__10X_17_grch38:GCTGCAGCAGATCCATx,normal,Ctrl,SD48/16
SD48/16__10X_17_grch38:GCTGCAGGTTCCAACAx,normal,Ctrl,SD48/16
SD48/16__10X_17_grch38:GCTGCAGTCCTTGACCx,normal,Ctrl,SD48/16
SD48/16__10X_17_grch38:GCTGCAGTCTCTTGATx,normal,Ctrl,SD48/16
SD48/16__10X_17_grch38:GCTGCGAAGGGCTTCCx,normal,Ctrl,SD48/16
SD48/16__10X_17_grch38:GCTGCGATCTAGAGTCx,normal,Ctrl,SD48/16
SD48/16__10X_17_grch38:GCTGCTTCAGTAAGCGx,normal,Ctrl,SD48/16
SD48/16__10X_17_grch38:GGAAAGCCAGCTGGCTx,normal,Ctrl,SD48/16
SD48/16__10X_17_grch38:GGAAAGCCATATACCGx,normal,Ctrl,SD48/16
SD48/16__10X_17_grch38:GGAAAGCCATATGCTGx,normal,Ctrl,SD48/16
SD48/16__10X_17_grch38:GGACAAGGTAGCGCAAx,normal,Ctrl,SD48/16
SD48/16__10X_17_grch38:GGAGCAAAGAGTGAGAx,normal,Ctrl,SD48/16
SD48/16__10X_17_grch38:GGATTACAGGAGCGTTx,normal,Ctrl,SD48/16
SD48/16__10X_17_grch38:GGATTACGTTAAGATGx,normal,Ctrl,SD48/16
SD48/16__10X_17_grch38:GGCAATTTCAGCTCTCx,normal,Ctrl,SD48/16
SD48/16__10X_17_grch38:GGCCGATCATACGCTAx,normal,Ctrl,SD48/16
SD48/16__10X_17_grch38:GGCCGATGTGAAAGAGx,normal,Ctrl,SD48/16
SD48/16__10X_17_grch38:GGCTCGAAGGATTCGGx,normal,Ctrl,SD48/16
SD48/16__10X_17_grch38:GGGAATGCAATAGCGGx,normal,Ctrl,SD48/16
SD48/16__10X_17_grch38:GGGAATGCACACTGCGx,normal,Ctrl,SD48/16
SD48/16__10X_17_grch38:GGGAATGTCTATCGCCx,normal,Ctrl,SD48/16
SD48/16__10X_17_grch38:GGGACCTGTAGCGCAAx,normal,Ctrl,SD48/16
SD48/16__10X_17_grch38:GGGACCTGTCCATGATx,normal,Ctrl,SD48/16
SD48/16__10X_17_grch38:GGGACCTTCAAGATCCx,normal,Ctrl,SD48/16
SD48/16__10X_17_grch38:GGGAGATCAGGAACGTx,normal,Ctrl,SD48/16
SD48/16__10X_17_grch38:GGGAGATTCTTCAACTx,normal,Ctrl,SD48/16
SD48/16__10X_17_grch38:GGGCATCTCAGAGACGx,normal,Ctrl,SD48/16
SD48/16__10X_17_grch38:GGGTCTGTCAGTGCATx,normal,Ctrl,SD48/16
SD48/16__10X_17_grch38:GGTATTGGTTCTCATTx,normal,Ctrl,SD48/16
SD48/16__10X_17_grch38:GGTATTGTCCTGCCATx,normal,Ctrl,SD48/16
SD48/16__10X_17_grch38:GGTGCGTGTCGGATCCx,normal,Ctrl,SD48/16
SD48/16__10X_17_grch38:GTAACGTAGTACGTAAx,normal,Ctrl,SD48/16
SD48/16__10X_17_grch38:GTAACGTCACAACGCCx,normal,Ctrl,SD48/16
SD48/16__10X_17_grch38:GTAACTGGTACAGCAGx,normal,Ctrl,SD48/16
SD48/16__10X_17_grch38:GTACGTATCACCGGGTx,normal,Ctrl,SD48/16
SD48/16__10X_17_grch38:GTACGTATCATTATCCx,normal,Ctrl,SD48/16
SD48/16__10X_17_grch38:GTACTCCTCGGCGGTTx,normal,Ctrl,SD48/16
SD48/16__10X_17_grch38:GTACTCCTCGTTTATCx,normal,Ctrl,SD48/16
SD48/16__10X_17_grch38:GTAGGCCAGACGACGTx,normal,Ctrl,SD48/16
SD48/16__10X_17_grch38:GTAGGCCAGTGCGTGAx,normal,Ctrl,SD48/16
SD48/16__10X_17_grch38:GTAGGCCCAGGTCTCGx,normal,Ctrl,SD48/16
SD48/16__10X_17_grch38:GTAGTCATCTTACCTAx,normal,Ctrl,SD48/16
SD48/16__10X_17_grch38:GTATCTTCACGCATCGx,normal,Ctrl,SD48/16
SD48/16__10X_17_grch38:GTATCTTGTAAGTAGTx,normal,Ctrl,SD48/16
SD48/16__10X_17_grch38:GTCAAGTAGTCTTGCAx,normal,Ctrl,SD48/16
SD48/16__10X_17_grch38:GTCACGGAGAAACCGCx,normal,Ctrl,SD48/16
SD48/16__10X_17_grch38:GTCACGGAGAACTGTAx,normal,Ctrl,SD48/16
SD48/16__10X_17_grch38:GTCACGGTCGTACCGGx,normal,Ctrl,SD48/16
SD48/16__10X_17_grch38:GTCATTTAGTACGTTCx,normal,Ctrl,SD48/16
SD48/16__10X_17_grch38:GTCATTTTCAGCATGTx,normal,Ctrl,SD48/16
SD48/16__10X_17_grch38:GTCCTCAGTGACTACTx,normal,Ctrl,SD48/16
SD48/16__10X_17_grch38:GTCGTAACACTAGTACx,normal,Ctrl,SD48/16
SD48/16__10X_17_grch38:GTCTTCGGTAAGGGCTx,normal,Ctrl,SD48/16
SD48/16__10X_17_grch38:GTGAAGGTCATTGCCCx,normal,Ctrl,SD48/16
SD48/16__10X_17_grch38:GTGCAGCCAAGACGTGx,normal,Ctrl,SD48/16
SD48/16__10X_17_grch38:GTGCAGCTCAGGCAAGx,normal,Ctrl,SD48/16
SD48/16__10X_17_grch38:GTGGGTCAGTGCGTGAx,normal,Ctrl,SD48/16
SD48/16__10X_17_grch38:GTGGGTCCAAAGGCGTx,normal,Ctrl,SD48/16
SD48/16__10X_17_grch38:GTGTGCGAGCACACAGx,normal,Ctrl,SD48/16
SD48/16__10X_17_grch38:GTGTGCGTCCGTCAAAx,normal,Ctrl,SD48/16
SD48/16__10X_17_grch38:GTTAAGCTCTTAGCCCx,normal,Ctrl,SD48/16
SD48/16__10X_17_grch38:GTTACAGTCATCATTCx,normal,Ctrl,SD48/16
SD48/16__10X_17_grch38:GTTACAGTCTTCAACTx,normal,Ctrl,SD48/16
SD48/16__10X_17_grch38:GTTTCTATCACCGTAAx,normal,Ctrl,SD48/16
SD48/16__10X_17_grch38:GTTTCTATCAGTACGTx,normal,Ctrl,SD48/16
SD48/16__10X_17_grch38:GTTTCTATCGGAATCTx,normal,Ctrl,SD48/16
SD48/16__10X_17_grch38:TAAACCGCAATCAGAAx,normal,Ctrl,SD48/16
SD48/16__10X_17_grch38:TAAGAGATCGGCCGATx,normal,Ctrl,SD48/16
SD48/16__10X_17_grch38:TACACGATCAGTGCATx,normal,Ctrl,SD48/16
SD48/16__10X_17_grch38:TACAGTGGTGGCTCCAx,normal,Ctrl,SD48/16
SD48/16__10X_17_grch38:TACCTATTCGACAGCCx,normal,Ctrl,SD48/16
SD48/16__10X_17_grch38:TACGGATCATGGGAACx,normal,Ctrl,SD48/16
SD48/16__10X_17_grch38:TACGGGCTCGTCCGTTx,normal,Ctrl,SD48/16
SD48/16__10X_17_grch38:TACGGTAAGTCCGGTCx,normal,Ctrl,SD48/16
SD48/16__10X_17_grch38:TACGGTAGTCAAAGCGx,normal,Ctrl,SD48/16
SD48/16__10X_17_grch38:TACGGTATCAGCAACTx,normal,Ctrl,SD48/16
SD48/16__10X_17_grch38:TACTCGCCACAGTCGCx,normal,Ctrl,SD48/16
SD48/16__10X_17_grch38:TACTCGCGTAGAAGGAx,normal,Ctrl,SD48/16
SD48/16__10X_17_grch38:TACTCGCGTGCTAGCCx,normal,Ctrl,SD48/16
SD48/16__10X_17_grch38:TACTTACGTACCATCAx,normal,Ctrl,SD48/16
SD48/16__10X_17_grch38:TACTTACGTTGAGGTGx,normal,Ctrl,SD48/16
SD48/16__10X_17_grch38:TACTTGTCATGCCTAAx,normal,Ctrl,SD48/16
SD48/16__10X_17_grch38:TACTTGTTCACGCGGTx,normal,Ctrl,SD48/16
SD48/16__10X_17_grch38:TAGACCACATCCGGGTx,normal,Ctrl,SD48/16
SD48/16__10X_17_grch38:TAGACCAGTGAGTGACx,normal,Ctrl,SD48/16
SD48/16__10X_17_grch38:TAGACCATCATAAAGGx,normal,Ctrl,SD48/16
SD48/16__10X_17_grch38:TAGTGGTAGTTTAGGAx,normal,Ctrl,SD48/16
SD48/16__10X_17_grch38:TAGTGGTTCGGGAGTAx,normal,Ctrl,SD48/16
SD48/16__10X_17_grch38:TAGTTGGGTTTGTGTGx,normal,Ctrl,SD48/16
SD48/16__10X_17_grch38:TATGCCCAGATGCGACx,normal,Ctrl,SD48/16
SD48/16__10X_17_grch38:TATGCCCGTCCTCTTGx,normal,Ctrl,SD48/16
SD48/16__10X_17_grch38:TATTACCCATTGGCGCx,normal,Ctrl,SD48/16
SD48/16__10X_17_grch38:TATTACCTCCCTGACTx,normal,Ctrl,SD48/16
SD48/16__10X_17_grch38:TCAACGACATATACCGx,normal,Ctrl,SD48/16
SD48/16__10X_17_grch38:TCAACGAGTTATTCTCx,normal,Ctrl,SD48/16
SD48/16__10X_17_grch38:TCAACGATCAGTTCGAx,normal,Ctrl,SD48/16
SD48/16__10X_17_grch38:TCAATCTAGCTAGTCTx,normal,Ctrl,SD48/16
SD48/16__10X_17_grch38:TCAATCTCATCGATTGx,normal,Ctrl,SD48/16
SD48/16__10X_17_grch38:TCAATCTGTCCGAAGAx,normal,Ctrl,SD48/16
SD48/16__10X_17_grch38:TCACAAGAGCCCTAATx,normal,Ctrl,SD48/16
SD48/16__10X_17_grch38:TCACGAAGTATAAACGx,normal,Ctrl,SD48/16
SD48/16__10X_17_grch38:TCAGATGTCTAACTTCx,normal,Ctrl,SD48/16
SD48/16__10X_17_grch38:TCAGCAAGTTGTCGCGx,normal,Ctrl,SD48/16
SD48/16__10X_17_grch38:TCAGCTCCAATGAATGx,normal,Ctrl,SD48/16
SD48/16__10X_17_grch38:TCAGGTAAGCTGAACGx,normal,Ctrl,SD48/16
SD48/16__10X_17_grch38:TCAGGTAAGTACGTAAx,normal,Ctrl,SD48/16
SD48/16__10X_17_grch38:TCAGGTAGTATGAAACx,normal,Ctrl,SD48/16
SD48/16__10X_17_grch38:TCCACACGTCTAACGTx,normal,Ctrl,SD48/16
SD48/16__10X_17_grch38:TCCACACGTGTTCTTTx,normal,Ctrl,SD48/16
SD48/16__10X_17_grch38:TCCACACTCACTATTCx,normal,Ctrl,SD48/16
SD48/16__10X_17_grch38:TCCCGATAGGGCTCTCx,normal,Ctrl,SD48/16
SD48/16__10X_17_grch38:TCCCGATCAAGTAATGx,normal,Ctrl,SD48/16
SD48/16__10X_17_grch38:TCCCGATGTGTTTGGTx,normal,Ctrl,SD48/16
SD48/16__10X_17_grch38:TCGAGGCGTCGGCATCx,normal,Ctrl,SD48/16
SD48/16__10X_17_grch38:TCGCGAGCATTGGGCCx,normal,Ctrl,SD48/16
SD48/16__10X_17_grch38:TCGCGAGGTCAGAATAx,normal,Ctrl,SD48/16
SD48/16__10X_17_grch38:TCGCGAGGTCTCTTATx,normal,Ctrl,SD48/16
SD48/16__10X_17_grch38:TCGCGAGGTGCAACTTx,normal,Ctrl,SD48/16
SD48/16__10X_17_grch38:TCGCGAGTCTGTACGAx,normal,Ctrl,SD48/16
SD48/16__10X_17_grch38:TCGCGTTGTCCCTACTx,normal,Ctrl,SD48/16
SD48/16__10X_17_grch38:TCGGTAACAGCAGTTTx,normal,Ctrl,SD48/16
SD48/16__10X_17_grch38:TCGTAGAAGATCGGGTx,normal,Ctrl,SD48/16
SD48/16__10X_17_grch38:TCGTAGATCCTGTACCx,normal,Ctrl,SD48/16
SD48/16__10X_17_grch38:TCTATTGCAATAACGAx,normal,Ctrl,SD48/16
SD48/16__10X_17_grch38:TCTATTGTCACCAGGCx,normal,Ctrl,SD48/16
SD48/16__10X_17_grch38:TCTATTGTCTCGCATCx,normal,Ctrl,SD48/16
SD48/16__10X_17_grch38:TCTGAGAGTTCTCATTx,normal,Ctrl,SD48/16
SD48/16__10X_17_grch38:TCTGGAAAGCATCATCx,normal,Ctrl,SD48/16
SD48/16__10X_17_grch38:TGAAAGATCATATCGGx,normal,Ctrl,SD48/16
SD48/16__10X_17_grch38:TGACTAGTCTAACTCTx,normal,Ctrl,SD48/16
SD48/16__10X_17_grch38:TGAGCCGAGAAGGTTTx,normal,Ctrl,SD48/16
SD48/16__10X_17_grch38:TGAGCCGAGAATTGTGx,normal,Ctrl,SD48/16
SD48/16__10X_17_grch38:TGATTTCCATGATCCAx,normal,Ctrl,SD48/16
SD48/16__10X_17_grch38:TGCACCTTCCATTCTAx,normal,Ctrl,SD48/16
SD48/16__10X_17_grch38:TGCACCTTCTGGGCCAx,normal,Ctrl,SD48/16
SD48/16__10X_17_grch38:TGCCAAATCATTGCGAx,normal,Ctrl,SD48/16
SD48/16__10X_17_grch38:TGCCCATGTTCCACTCx,normal,Ctrl,SD48/16
SD48/16__10X_17_grch38:TGCGCAGAGTTCGCATx,normal,Ctrl,SD48/16
SD48/16__10X_17_grch38:TGCGTGGCAGATCCATx,normal,Ctrl,SD48/16
SD48/16__10X_17_grch38:TGCGTGGTCAGCGACCx,normal,Ctrl,SD48/16
SD48/16__10X_17_grch38:TGCTACCCACGAGAGTx,normal,Ctrl,SD48/16
SD48/16__10X_17_grch38:TGCTACCGTACCGCTGx,normal,Ctrl,SD48/16
SD48/16__10X_17_grch38:TGGACGCAGGTGCACAx,normal,Ctrl,SD48/16
SD48/16__10X_17_grch38:TGGCGCATCATAGCACx,normal,Ctrl,SD48/16
SD48/16__10X_17_grch38:TGGCTGGGTGTTGAGGx,normal,Ctrl,SD48/16
SD48/16__10X_17_grch38:TGGGAAGCAGCGTTCGx,normal,Ctrl,SD48/16
SD48/16__10X_17_grch38:TGGGAAGGTTCGCTAAx,normal,Ctrl,SD48/16
SD48/16__10X_17_grch38:TGGGAAGTCACCTCGTx,normal,Ctrl,SD48/16
SD48/16__10X_17_grch38:TGGGAAGTCTGGTGTAx,normal,Ctrl,SD48/16
SD48/16__10X_17_grch38:TGGGCGTTCTTGAGGTx,normal,Ctrl,SD48/16
SD48/16__10X_17_grch38:TGGTTCCGTCTCCATCx,normal,Ctrl,SD48/16
SD48/16__10X_17_grch38:TGGTTCCGTTATTCTCx,normal,Ctrl,SD48/16
SD48/16__10X_17_grch38:TGTCCCACACCACCAGx,normal,Ctrl,SD48/16
SD48/16__10X_17_grch38:TGTCCCAGTACAGCAGx,normal,Ctrl,SD48/16
SD48/16__10X_17_grch38:TGTCCCAGTAGCTGCCx,normal,Ctrl,SD48/16
SD48/16__10X_17_grch38:TGTCCCAGTCCGAACCx,normal,Ctrl,SD48/16
SD48/16__10X_17_grch38:TGTGGTAAGATAGCATx,normal,Ctrl,SD48/16
SD48/16__10X_17_grch38:TGTGGTATCACTTATCx,normal,Ctrl,SD48/16
SD48/16__10X_17_grch38:TGTGTTTTCAGCTCGGx,normal,Ctrl,SD48/16
SD48/16__10X_17_grch38:TGTTCCGTCAATACCGx,normal,Ctrl,SD48/16
SD48/16__10X_17_grch38:TTAACTCTCTCTTGATx,normal,Ctrl,SD48/16
SD48/16__10X_17_grch38:TTAGGACGTATCGCATx,normal,Ctrl,SD48/16
SD48/16__10X_17_grch38:TTAGGCATCGATAGAAx,normal,Ctrl,SD48/16
SD48/16__10X_17_grch38:TTATGCTAGCCCAATTx,normal,Ctrl,SD48/16
SD48/16__10X_17_grch38:TTCGAAGCAAAGTGCGx,normal,Ctrl,SD48/16
SD48/16__10X_17_grch38:TTCGGTCCACAACGTTx,normal,Ctrl,SD48/16
SD48/16__10X_17_grch38:TTCGGTCCATTGAGCTx,normal,Ctrl,SD48/16
SD48/16__10X_17_grch38:TTCTACAGTAATCACCx,normal,Ctrl,SD48/16
SD48/16__10X_17_grch38:TTCTCCTCAAACCCATx,normal,Ctrl,SD48/16
SD48/16__10X_17_grch38:TTGAACGCAAATTGCCx,normal,Ctrl,SD48/16
SD48/16__10X_17_grch38:TTGAACGGTACTTAGCx,normal,Ctrl,SD48/16
SD48/16__10X_17_grch38:TTGGCAACAAGGTTCTx,normal,Ctrl,SD48/16
SD48/16__10X_17_grch38:TTGGCAATCGAGGTAGx,normal,Ctrl,SD48/16
SD48/16__10X_17_grch38:TTTACTGCACCAGCACx,normal,Ctrl,SD48/16
SD48/16__10X_17_grch38:TTTCCTCCAGTATAAGx,normal,Ctrl,SD48/16
SD48/16__10X_17_grch38:TTTGCGCAGTAGCGGTx,normal,Ctrl,SD48/16
MS122_NAWM__10X_17_grch38:ACGGAGAAGAAACGCCx,MS,NAWM,MS122
MS122_NAWM__10X_17_grch38:AGCTCCTAGACCTTTGx,MS,NAWM,MS122
MS122_NAWM__10X_17_grch38:AGTAGTCAGATCCCATx,MS,NAWM,MS122
MS122_NAWM__10X_17_grch38:CAAGAAACAGCGTTCGx,MS,NAWM,MS122
MS122_NAWM__10X_17_grch38:CATCAGAGTTGGACCCx,MS,NAWM,MS122
MS122_NAWM__10X_17_grch38:CGATGGCGTAGCGTCCx,MS,NAWM,MS122
MS122_NAWM__10X_17_grch38:CTCACACTCATGTAGCx,MS,NAWM,MS122
MS122_NAWM__10X_17_grch38:GCGACCAAGCTCCCAGx,MS,NAWM,MS122
MS122_NAWM__10X_17_grch38:GTATCTTCAAGCTGTTx,MS,NAWM,MS122
MS122_NAWM__10X_17_grch38:GTCACGGAGACTTTCGx,MS,NAWM,MS122
MS122_NAWM__10X_17_grch38:GTGAAGGTCTGGTTCCx,MS,NAWM,MS122
MS122_NAWM__10X_17_grch38:TACTTACGTCCTCCATx,MS,NAWM,MS122
MS122_NAWM__10X_17_grch38:TAGTGGTGTTTGACACx,MS,NAWM,MS122
MS122_NAWM__10X_17_grch38:TCGAGGCTCTGTTGAGx,MS,NAWM,MS122
MS122_NAWM__10X_17_grch38:TCTCATAGTCTCCATCx,MS,NAWM,MS122
MS122_NAWM__10X_17_grch38:TCTGGAACACATAACCx,MS,NAWM,MS122
MS122_NAWM__10X_17_grch38:TCTTCGGGTTTAAGCCx,MS,NAWM,MS122
MS122_NAWM__10X_17_grch38:TGGTTCCGTGCCTTGGx,MS,NAWM,MS122
MS122_NAWM__10X_17_grch38:TTCCCAGAGAACTCGGx,MS,NAWM,MS122
MS122_NAWM__10X_17_grch38:TTCGGTCCACTTACGAx,MS,NAWM,MS122
MS122_CI__10X_17_grch38:ACTTGTTTCAGAGGTGx,MS,CI,MS122
MS122_CI__10X_17_grch38:ACTTTCACAATCACACx,MS,CI,MS122
MS122_CI__10X_17_grch38:ATTCTACTCAGTTCGAx,MS,CI,MS122
MS122_CI__10X_17_grch38:CAGATCAGTCCGCTGAx,MS,CI,MS122
MS122_CI__10X_17_grch38:CAGCAGCGTCCGTGACx,MS,CI,MS122
MS122_CI__10X_17_grch38:CAGCTGGGTTCAGACTx,MS,CI,MS122
MS122_CI__10X_17_grch38:CAGGTGCAGTATCTCGx,MS,CI,MS122
MS122_CI__10X_17_grch38:CATCGGGCAAACTGCTx,MS,CI,MS122
MS122_CI__10X_17_grch38:CCACTACGTCGTTGTAx,MS,CI,MS122
MS122_CI__10X_17_grch38:CCCAATCGTGCACGAAx,MS,CI,MS122
MS122_CI__10X_17_grch38:CCGTGGAAGTGGTAGCx,MS,CI,MS122
MS122_CI__10X_17_grch38:CTACACCCAAGGTTCTx,MS,CI,MS122
MS122_CI__10X_17_grch38:GAAACTCCATGGTTGTx,MS,CI,MS122
MS122_CI__10X_17_grch38:GACACGCGTCGACTATx,MS,CI,MS122
MS122_CI__10X_17_grch38:GACGTTAAGGTCATCTx,MS,CI,MS122
MS122_CI__10X_17_grch38:GAGTCCGAGACAGAGAx,MS,CI,MS122
MS122_CI__10X_17_grch38:GATGCTAGTTGTTTGGx,MS,CI,MS122
MS122_CI__10X_17_grch38:GCAGTTATCTGGTGTAx,MS,CI,MS122
MS122_CI__10X_17_grch38:GCATGATTCATGGTCAx,MS,CI,MS122
MS122_CI__10X_17_grch38:GGGAGATCAGACAGGTx,MS,CI,MS122
MS122_CI__10X_17_grch38:GTTAAGCTCAGCTCTCx,MS,CI,MS122
MS122_CI__10X_17_grch38:TACACGATCACCATAGx,MS,CI,MS122
MS122_CI__10X_17_grch38:TCGCGTTAGTGTACTCx,MS,CI,MS122
MS122_A__10X_17_grch38:ACCAGTAAGAGACTTAx,MS,A,MS122
MS122_A__10X_17_grch38:ACCCACTGTACCGGCTx,MS,A,MS122
MS122_A__10X_17_grch38:AGCTTGACATTATCTCx,MS,A,MS122
MS122_A__10X_17_grch38:CCGGGATGTCTCTTATx,MS,A,MS122
MS122_A__10X_17_grch38:CGATGGCGTTGGACCCx,MS,A,MS122
MS122_A__10X_17_grch38:CGCTATCGTGATGCCCx,MS,A,MS122
MS122_A__10X_17_grch38:TACAGTGAGAAGAAGCx,MS,A,MS122
MS122_A__10X_17_grch38:TCACAAGAGAGGTACCx,MS,A,MS122
MS122_A__10X_17_grch38:TCAGGTAAGAGCTTCTx,MS,A,MS122
MS122_A__10X_17_grch38:TCGGTAATCGGAGCAAx,MS,A,MS122
MS122_A__10X_17_grch38:TGCCCATCAGGGTATGx,MS,A,MS122
MS122_A__10X_17_grch38:TGGCTGGCACATTAGCx,MS,A,MS122
MS122_A__10X_17_grch38:TTGCGTCAGACGCACAx,MS,A,MS122
MS122_A__10X_17_grch38:TTGTAGGTCCTCCTAGx,MS,A,MS122
MS122_A__10X_17_grch38:TTTACTGAGGCCCTTGx,MS,A,MS122
MS122_A__10X_17_grch38:TTTGGTTCAGTGACAGx,MS,A,MS122
MS121_NAWM__10X_17_grch38:CATATTCAGTCGAGTGx,MS,NAWM,MS121
MS121_NAWM__10X_17_grch38:CGATCGGTCTCTAGGAx,MS,NAWM,MS121
MS121_NAWM__10X_17_grch38:GCTCCTAGTTAAGAACx,MS,NAWM,MS121
MS121_A3__10X_17_grch38:TCTGAGATCTTGGGTAx,MS,A,MS121
MS121_CA__10X_17_grch38:AACTTTCGTCGCATATx,MS,CA,MS121
MS121_CA__10X_17_grch38:ACTTACTCACGAAAGCx,MS,CA,MS121
MS121_CA__10X_17_grch38:ACTTACTTCGAATGGGx,MS,CA,MS121
MS121_CA__10X_17_grch38:ATCATGGGTACCCAATx,MS,CA,MS121
MS121_CA__10X_17_grch38:ATGTGTGGTTCCACAAx,MS,CA,MS121
MS121_CA__10X_17_grch38:CACAGTATCCTTAATCx,MS,CA,MS121
MS121_CA__10X_17_grch38:CACCACTGTGCTTCTCx,MS,CA,MS121
MS121_CA__10X_17_grch38:CACTCCAAGTACACCTx,MS,CA,MS121
MS121_CA__10X_17_grch38:CATATGGCATATACGCx,MS,CA,MS121
MS121_CA__10X_17_grch38:CATGACAAGGCTAGGTx,MS,CA,MS121
MS121_CA__10X_17_grch38:CCACTACAGCTCCTTCx,MS,CA,MS121
MS121_CA__10X_17_grch38:CCTAAAGGTAGAGGAAx,MS,CA,MS121
MS121_CA__10X_17_grch38:CGAGAAGAGTCCCACGx,MS,CA,MS121
MS121_CA__10X_17_grch38:CTCACACCAATACGCTx,MS,CA,MS121
MS121_CA__10X_17_grch38:CTGATAGCACAGATTCx,MS,CA,MS121
MS121_CA__10X_17_grch38:GATCGTACAGTATCTGx,MS,CA,MS121
MS121_CA__10X_17_grch38:GCGCAACCAGCTTCGGx,MS,CA,MS121
MS121_CA__10X_17_grch38:GGCCGATAGGGTGTGTx,MS,CA,MS121
MS121_CA__10X_17_grch38:GGGTTGCAGACAAAGGx,MS,CA,MS121
MS121_CA__10X_17_grch38:GTAACGTCATTATCTCx,MS,CA,MS121
MS121_CA__10X_17_grch38:TAGGCATTCTTGTTTGx,MS,CA,MS121
MS121_CA__10X_17_grch38:TCAGCTCGTGAGGGTTx,MS,CA,MS121
MS121_CA__10X_17_grch38:TTGACTTGTGGAAAGAx,MS,CA,MS121
CO25__10X_17_grch38:CAGCTGGGTTACAGAAx,normal,Ctrl,CO25
CO25__10X_17_grch38:CAGTAACCACAGACAGx,normal,Ctrl,CO25
CO25__10X_17_grch38:CTGTGCTTCGGAGGTAx,normal,Ctrl,CO25
MS176_NAWM__10X_17_grch38:CTTTGCGAGCCCAACCx,MS,NAWM,MS176
CO39__10X_17_grch38:AGCTCTCCACATGACTx,normal,Ctrl,CO39
CO39__10X_17_grch38:ATCACGAGTGAGGGTTx,normal,Ctrl,CO39
CO39__10X_17_grch38:ATGAGGGCAGGATCGAx,normal,Ctrl,CO39
CO39__10X_17_grch38:CCTTTCTAGAACTCGGx,normal,Ctrl,CO39
CO39__10X_17_grch38:CGGAGTCTCTGAGGGAx,normal,Ctrl,CO39
CO39__10X_17_grch38:CTCGAAAGTTCACCTCx,normal,Ctrl,CO39
CO39__10X_17_grch38:GATGCTATCCGCGTTTx,normal,Ctrl,CO39
CO39__10X_17_grch38:GCATACAAGCGCTTATx,normal,Ctrl,CO39
CO39__10X_17_grch38:GTGCAGCAGACTTTCGx,normal,Ctrl,CO39
CO39__10X_17_grch38:TCGTACCAGCCGTCGTx,normal,Ctrl,CO39
CO14__10X_17_grch38:GAACCTATCTGCGTAAx,normal,Ctrl,CO14
CO14__10X_17_grch38:GATCGATCACTAAGTCx,normal,Ctrl,CO14
CO14__10X_17_grch38:TGCACCTAGGGCATGTx,normal,Ctrl,CO14
SD48/16__10X_17_grch38:CACAGGCGTAGATTAGx,normal,Ctrl,SD48/16
MS122_CI__10X_17_grch38:TGACTTTTCAACACCAx,MS,CI,MS122
CO28__10X_17_grch38:TCATTACTCCGTTGCTx,normal,Ctrl,CO28
CO25__10X_17_grch38:ACGATACAGCTGTCTAx,normal,Ctrl,CO25
CO25__10X_17_grch38:ATTGGTGAGGCACATGx,normal,Ctrl,CO25
CO25__10X_17_grch38:CACAAACAGCCACTATx,normal,Ctrl,CO25
CO25__10X_17_grch38:GTAACTGTCTAGCACAx,normal,Ctrl,CO25
CO25__10X_17_grch38:TACTCATTCGTTTATCx,normal,Ctrl,CO25
CO25__10X_17_grch38:TTGACTTTCAAAGACAx,normal,Ctrl,CO25
MS176_NAWM__10X_17_grch38:GACAGAGAGCTTCGCGx,MS,NAWM,MS176
MS176_NAWM__10X_17_grch38:TACCTATTCTGCCAGGx,MS,NAWM,MS176
MS176_RM__10X_17_grch38:ACACTGAGTCCGTCAGx,MS,RM,MS176
MS176_RM__10X_17_grch38:CCTCAGTGTTCCCTTGx,MS,RM,MS176
MS176_RM__10X_17_grch38:CGTCTACTCAAACCACx,MS,RM,MS176
MS176_RM__10X_17_grch38:GGACGTCAGTATTGGAx,MS,RM,MS176
CO39__10X_17_grch38:AACCATGTCAGTTTGGx,normal,Ctrl,CO39
CO39__10X_17_grch38:AACTGGTCACGTTGGCx,normal,Ctrl,CO39
CO39__10X_17_grch38:ACACTGAGTATTACCGx,normal,Ctrl,CO39
CO39__10X_17_grch38:ACGCAGCCAGACGTAGx,normal,Ctrl,CO39
CO39__10X_17_grch38:ACGCCGAAGAAGGACAx,normal,Ctrl,CO39
CO39__10X_17_grch38:ACGGGTCCAAGACGTGx,normal,Ctrl,CO39
CO39__10X_17_grch38:ACGGGTCCACCGATATx,normal,Ctrl,CO39
CO39__10X_17_grch38:AGCGTCGCAAGCGCTCx,normal,Ctrl,CO39
CO39__10X_17_grch38:AGGGTGATCCTCTAGCx,normal,Ctrl,CO39
CO39__10X_17_grch38:ATCACGAGTTAAGTAGx,normal,Ctrl,CO39
CO39__10X_17_grch38:ATCTGCCGTCTAACGTx,normal,Ctrl,CO39
CO39__10X_17_grch38:ATGCGATCAAACCTACx,normal,Ctrl,CO39
CO39__10X_17_grch38:CACACCTTCAACACTGx,normal,Ctrl,CO39
CO39__10X_17_grch38:CAGAATCTCGGCGCTAx,normal,Ctrl,CO39
CO39__10X_17_grch38:CAGCCGACACAGATTCx,normal,Ctrl,CO39
CO39__10X_17_grch38:CCACGGAGTGACTCATx,normal,Ctrl,CO39
CO39__10X_17_grch38:CCGGGATCAAAGCAATx,normal,Ctrl,CO39
CO39__10X_17_grch38:CCTAAAGCAGTCAGCCx,normal,Ctrl,CO39
CO39__10X_17_grch38:CGAACATGTTCTGAACx,normal,Ctrl,CO39
CO39__10X_17_grch38:CGTCACTTCATACGGTx,normal,Ctrl,CO39
CO39__10X_17_grch38:CTCACACGTTGATTCGx,normal,Ctrl,CO39
CO39__10X_17_grch38:CTCGAGGGTACCGGCTx,normal,Ctrl,CO39
CO39__10X_17_grch38:GCAGCCACACCCTATCx,normal,Ctrl,CO39
CO39__10X_17_grch38:GGACGTCGTCGAAAGCx,normal,Ctrl,CO39
CO39__10X_17_grch38:GGGCACTGTTCCAACAx,normal,Ctrl,CO39
CO39__10X_17_grch38:GTCGGGTTCGCCATAAx,normal,Ctrl,CO39
CO39__10X_17_grch38:GTCTCGTTCTTATCTGx,normal,Ctrl,CO39
CO39__10X_17_grch38:GTTAAGCGTTAGATGAx,normal,Ctrl,CO39
CO39__10X_17_grch38:TAGTGGTAGTAACCCTx,normal,Ctrl,CO39
CO39__10X_17_grch38:TGGGAAGGTGAGGGTTx,normal,Ctrl,CO39
CO14__10X_17_grch38:CATCCACTCAGTCAGTx,normal,Ctrl,CO14
CO14__10X_17_grch38:CATCGAATCGCGGATCx,normal,Ctrl,CO14
CO14__10X_17_grch38:CCCTCCTTCCACGACGx,normal,Ctrl,CO14
CO14__10X_17_grch38:CGATCGGGTGCTCTTCx,normal,Ctrl,CO14
CO14__10X_17_grch38:CTCAGAACATGGTCATx,normal,Ctrl,CO14
CO14__10X_17_grch38:CTGTTTATCTGAAAGAx,normal,Ctrl,CO14
CO14__10X_17_grch38:GGCCGATGTCGCATCGx,normal,Ctrl,CO14
CO14__10X_17_grch38:TACGGGCAGTCCGGTCx,normal,Ctrl,CO14
CO14__10X_17_grch38:TCCCGATCACATGACTx,normal,Ctrl,CO14
CO14__10X_17_grch38:TGCCCTACAATGGAGCx,normal,Ctrl,CO14
CO14__10X_17_grch38:TGGCGCAGTAGGGTACx,normal,Ctrl,CO14
SD48/16__10X_17_grch38:AGATCTGTCCCTTGCAx,normal,Ctrl,SD48/16
SD48/16__10X_17_grch38:AGCGTATGTGTATGGGx,normal,Ctrl,SD48/16
SD48/16__10X_17_grch38:CAGCCGACAAACTGTCx,normal,Ctrl,SD48/16
SD48/16__10X_17_grch38:CCACTACTCACCAGGCx,normal,Ctrl,SD48/16
SD48/16__10X_17_grch38:CGCGTTTTCACAGTACx,normal,Ctrl,SD48/16
SD48/16__10X_17_grch38:CTCATTACATTCCTGCx,normal,Ctrl,SD48/16
SD48/16__10X_17_grch38:CTCGGGAAGAGGGATAx,normal,Ctrl,SD48/16
SD48/16__10X_17_grch38:CTCTACGGTGTGTGCCx,normal,Ctrl,SD48/16
SD48/16__10X_17_grch38:CTCTGGTAGCACAGGTx,normal,Ctrl,SD48/16
SD48/16__10X_17_grch38:GACTAACCAAACGCGAx,normal,Ctrl,SD48/16
SD48/16__10X_17_grch38:GAGTCCGGTCACCTAAx,normal,Ctrl,SD48/16
SD48/16__10X_17_grch38:GCCAAATGTATTCTCTx,normal,Ctrl,SD48/16
SD48/16__10X_17_grch38:GTCAAGTCAATGTTGCx,normal,Ctrl,SD48/16
SD48/16__10X_17_grch38:TGAGCATTCAACGCTAx,normal,Ctrl,SD48/16
SD48/16__10X_17_grch38:TGCACCTCATCTGGTAx,normal,Ctrl,SD48/16
SD48/16__10X_17_grch38:TGGACGCTCAAACGGGx,normal,Ctrl,SD48/16
SD48/16__10X_17_grch38:TGTCCCATCTAACCGAx,normal,Ctrl,SD48/16
SD48/16__10X_17_grch38:TTGTAGGCATTAGCCAx,normal,Ctrl,SD48/16
MS122_NAWM__10X_17_grch38:AAGCCGCAGATGTGTAx,MS,NAWM,MS122
MS122_NAWM__10X_17_grch38:ACACCCTCACCCATTCx,MS,NAWM,MS122
MS122_NAWM__10X_17_grch38:ACTTGTTCAGCCTTGGx,MS,NAWM,MS122
MS122_NAWM__10X_17_grch38:ATAGACCGTGAGGGAGx,MS,NAWM,MS122
MS122_NAWM__10X_17_grch38:CAGCTAATCGCACTCTx,MS,NAWM,MS122
MS122_NAWM__10X_17_grch38:CATCAGATCTGTTTGTx,MS,NAWM,MS122
MS122_NAWM__10X_17_grch38:CCTCTGATCGCCAAATx,MS,NAWM,MS122
MS122_NAWM__10X_17_grch38:GCGAGAATCCTTGCCAx,MS,NAWM,MS122
MS122_NAWM__10X_17_grch38:TACTCGCTCCCTAACCx,MS,NAWM,MS122
MS122_CI__10X_17_grch38:AACGTTGGTTGCGCACx,MS,CI,MS122
MS122_CI__10X_17_grch38:AAGCCGCAGAATCTCCx,MS,CI,MS122
MS122_CI__10X_17_grch38:CACAGGCTCCCTTGCAx,MS,CI,MS122
MS122_CI__10X_17_grch38:CAGCCGAAGTGTCCCGx,MS,CI,MS122
MS122_CI__10X_17_grch38:CCAGCGAAGCATCATCx,MS,CI,MS122
MS122_CI__10X_17_grch38:CCGGGATAGATGCCAGx,MS,CI,MS122
MS122_CI__10X_17_grch38:CGAGCACGTTGTACACx,MS,CI,MS122
MS122_CI__10X_17_grch38:CTCTGGTTCATCGGATx,MS,CI,MS122
MS122_CI__10X_17_grch38:CTGCGGAAGTGTTAGAx,MS,CI,MS122
MS122_CI__10X_17_grch38:CTGCTGTGTCTCCACTx,MS,CI,MS122
MS122_CI__10X_17_grch38:CTGCTGTGTCTTCTCGx,MS,CI,MS122
MS122_CI__10X_17_grch38:GAGTCCGGTACTTCTTx,MS,CI,MS122
MS122_CI__10X_17_grch38:GTATCTTCATCGATTGx,MS,CI,MS122
MS122_CI__10X_17_grch38:GTCACAAAGCGTGTCCx,MS,CI,MS122
MS122_CI__10X_17_grch38:GTCTTCGCAGCAGTTTx,MS,CI,MS122
MS122_CI__10X_17_grch38:TCAGGTAAGTGACTCTx,MS,CI,MS122
MS122_CI__10X_17_grch38:TCGAGGCGTTGTCGCGx,MS,CI,MS122
MS122_CI__10X_17_grch38:TCGCGAGTCAACGGGAx,MS,CI,MS122
MS122_CI__10X_17_grch38:TTGAACGTCTCGTTTAx,MS,CI,MS122
MS122_A__10X_17_grch38:AACTCTTTCCTCTAGCx,MS,A,MS122
MS122_A__10X_17_grch38:AGAATAGCATGAAGTAx,MS,A,MS122
MS122_A__10X_17_grch38:AGAGCGAGTCTTGTCCx,MS,A,MS122
MS122_A__10X_17_grch38:AGGGAGTTCTCTAAGGx,MS,A,MS122
MS122_A__10X_17_grch38:ATGGGAGGTGACAAATx,MS,A,MS122
MS122_A__10X_17_grch38:ATTCTACGTTAGATGAx,MS,A,MS122
MS122_A__10X_17_grch38:CACACTCAGTAGGTGCx,MS,A,MS122
MS122_A__10X_17_grch38:CCACTACGTTCAGGCCx,MS,A,MS122
MS122_A__10X_17_grch38:CCCAGTTCAGTTTACGx,MS,A,MS122
MS122_A__10X_17_grch38:CGATGTATCCCAAGATx,MS,A,MS122
MS122_A__10X_17_grch38:CGTAGCGAGGCGATACx,MS,A,MS122
MS122_A__10X_17_grch38:CGTGTCTGTAGGCATGx,MS,A,MS122
MS122_A__10X_17_grch38:GAACCTAAGACAAGCCx,MS,A,MS122
MS122_A__10X_17_grch38:GGATGTTCACAGCCCAx,MS,A,MS122
MS122_A__10X_17_grch38:GGTATTGCACGCGAAAx,MS,A,MS122
MS122_A__10X_17_grch38:TATCTCAAGGGTCGATx,MS,A,MS122
MS122_A__10X_17_grch38:TTTGCGCAGGGTGTGTx,MS,A,MS122
MS121_A3__10X_17_grch38:CCTTCCCCATGTTGACx,MS,A,MS121
MS121_CA__10X_17_grch38:AACTCTTTCAAGATCCx,MS,CA,MS121
MS121_CA__10X_17_grch38:ACGGGCTAGTTAAGTGx,MS,CA,MS121
MS121_CA__10X_17_grch38:TTAGGCACATCTATGGx,MS,CA,MS121
CO25__10X_17_grch38:TCGGGACCACAGACTTx,normal,Ctrl,CO25
SD48/16__10X_17_grch38:TGACTTTTCGGAGGTAx,normal,Ctrl,SD48/16
MS122_NAWM__10X_17_grch38:TGCTACCCATGCGCACx,MS,NAWM,MS122
CO39__10X_17_grch38:ACCTTTATCACTATTCx,normal,Ctrl,CO39
CO39__10X_17_grch38:AGCAGCCTCGTTTGCCx,normal,Ctrl,CO39
CO39__10X_17_grch38:AGTCTTTGTCCAGTTAx,normal,Ctrl,CO39
CO39__10X_17_grch38:GTCCTCAAGAGGTACCx,normal,Ctrl,CO39
CO39__10X_17_grch38:TGGCCAGGTTTGGCGCx,normal,Ctrl,CO39
CO25__10X_17_grch38:CCTAGCTTCGTACGGCx,normal,Ctrl,CO25
MS176_NAWM__10X_17_grch38:GCAATCAAGCCCGAAAx,MS,NAWM,MS176
MS176_NAWM__10X_17_grch38:TTCTCAAAGTGTTGAAx,MS,NAWM,MS176
SD48/16__10X_17_grch38:AAGACCTGTTCACCTCx,normal,Ctrl,SD48/16
MS122_NAWM__10X_17_grch38:GCTCTGTTCAGAAATGx,MS,NAWM,MS122
MS122_NAWM__10X_17_grch38:GGTGTTACAGCTTCGGx,MS,NAWM,MS122
MS122_CI__10X_17_grch38:AACTCAGTCCGCTGTTx,MS,CI,MS122
MS122_CI__10X_17_grch38:ATGTGTGAGTACATGAx,MS,CI,MS122
MS122_CI__10X_17_grch38:TCTCATAAGGACAGCTx,MS,CI,MS122
MS122_A__10X_17_grch38:GAACCTACAGGCTCACx,MS,A,MS122
MS122_A__10X_17_grch38:TTAGGCATCGCACTCTx,MS,A,MS122
MS122_A__10X_17_grch38:CGTAGCGAGACTACAAx,MS,A,MS122
MS122_A__10X_17_grch38:CTCGTACGTCCGAAGAx,MS,A,MS122
MS121_CA__10X_17_grch38:GCCAAATCACAGGTTTx,MS,CA,MS121
CO25__10X_17_grch38:ACATACGGTTGAACTCx,normal,Ctrl,CO25
MS176_NAWM__10X_17_grch38:AAATGCCTCTATCCCGx,MS,NAWM,MS176
CO39__10X_17_grch38:ACTGTCCCAGTCCTTCx,normal,Ctrl,CO39
CO39__10X_17_grch38:AGAATAGGTCGAAAGCx,normal,Ctrl,CO39
CO39__10X_17_grch38:CTCGTACGTACCTACAx,normal,Ctrl,CO39
CO14__10X_17_grch38:ACGTCAACAGGGAGAGx,normal,Ctrl,CO14
CO14__10X_17_grch38:AGTCTTTCACGAAATAx,normal,Ctrl,CO14
CO14__10X_17_grch38:ATGGGAGGTGCGAAACx,normal,Ctrl,CO14
CO14__10X_17_grch38:GGTGCGTAGTACATGAx,normal,Ctrl,CO14
CO14__10X_17_grch38:TCAGATGGTAGCGCTCx,normal,Ctrl,CO14
MS122_NAWM__10X_17_grch38:CAGCCGATCCCAACGGx,MS,NAWM,MS122
MS122_NAWM__10X_17_grch38:CGCTGGATCAGCTCGGx,MS,NAWM,MS122
MS122_NAWM__10X_17_grch38:GCTGGGTCACGGATAGx,MS,NAWM,MS122
MS122_NAWM__10X_17_grch38:TTAACTCTCAGGCAAGx,MS,NAWM,MS122
MS122_CI__10X_17_grch38:ACGCAGCCACGCATCGx,MS,CI,MS122
MS122_CI__10X_17_grch38:CGCTATCTCGAACTGTx,MS,CI,MS122
MS122_CI__10X_17_grch38:TGCCCTAAGTGAAGTTx,MS,CI,MS122
MS121_CA__10X_17_grch38:TTCGGTCAGCTAAACAx,MS,CA,MS121
CO28__10X_17_grch38:AACCGCGTCGGATGGAx,normal,Ctrl,CO28
CO25__10X_17_grch38:ATCCGAATCGTCTGAAx,normal,Ctrl,CO25
CO25__10X_17_grch38:TCAACGATCCTCATTAx,normal,Ctrl,CO25
CO25__10X_17_grch38:TCTCTAACAAGAAGAGx,normal,Ctrl,CO25
MS176_NAWM__10X_17_grch38:ACGGCCAAGCTGCGAAx,MS,NAWM,MS176
MS176_NAWM__10X_17_grch38:ATTGGTGCACGGTTTAx,MS,NAWM,MS176
MS176_NAWM__10X_17_grch38:CCGGTAGAGGCGATACx,MS,NAWM,MS176
MS176_NAWM__10X_17_grch38:GCGAGAACAAAGGAAGx,MS,NAWM,MS176
MS176_NAWM__10X_17_grch38:GCTGCAGTCACAGGCCx,MS,NAWM,MS176
MS176_NAWM__10X_17_grch38:GGTGCGTTCATACGGTx,MS,NAWM,MS176
MS176_NAWM__10X_17_grch38:TAGACCAAGAAAGTGGx,MS,NAWM,MS176
MS176_NAWM__10X_17_grch38:TATCAGGCATGGTCATx,MS,NAWM,MS176
MS176_NAWM__10X_17_grch38:TTCTCCTTCGGGAGTAx,MS,NAWM,MS176
MS176_RM__10X_17_grch38:ACACCCTTCTCCCTGAx,MS,RM,MS176
MS176_CA__10X_17_grch38:CACACCTCAGATGAGCx,MS,CA,MS176
MS176_CA__10X_17_grch38:TACTCATGTCTGCGGTx,MS,CA,MS176
CO39__10X_17_grch38:AAAGTAGCAGATTGCTx,normal,Ctrl,CO39
CO39__10X_17_grch38:AACGTTGGTTGGAGGTx,normal,Ctrl,CO39
CO39__10X_17_grch38:AAGGTTCTCTTAACCTx,normal,Ctrl,CO39
CO39__10X_17_grch38:ACGATACTCATGGTCAx,normal,Ctrl,CO39
CO39__10X_17_grch38:ACTTACTGTGCTCTTCx,normal,Ctrl,CO39
CO39__10X_17_grch38:CAAGAAAGTTAGGGTGx,normal,Ctrl,CO39
CO39__10X_17_grch38:GACACGCTCCGCGTTTx,normal,Ctrl,CO39
CO39__10X_17_grch38:GTAACTGAGCTGAACGx,normal,Ctrl,CO39
CO39__10X_17_grch38:GTTTCTACATGTAAGAx,normal,Ctrl,CO39
CO39__10X_17_grch38:TAGTTGGCACAACGCCx,normal,Ctrl,CO39
CO39__10X_17_grch38:TTGCCGTGTCTGGTCGx,normal,Ctrl,CO39
CO14__10X_17_grch38:CTGAAACTCCAGAGGAx,normal,Ctrl,CO14
CO14__10X_17_grch38:GAAACTCTCCTCTAGCx,normal,Ctrl,CO14
CO14__10X_17_grch38:GAATGAAAGCACAGGTx,normal,Ctrl,CO14
CO14__10X_17_grch38:GCCTCTATCCTATTCAx,normal,Ctrl,CO14
SD48/16__10X_17_grch38:TACCTATGTAGCTGCCx,normal,Ctrl,SD48/16
MS122_NAWM__10X_17_grch38:AGGTCATTCGGTTAACx,MS,NAWM,MS122
MS122_NAWM__10X_17_grch38:CACACTCAGTGCTGCCx,MS,NAWM,MS122
MS122_NAWM__10X_17_grch38:CACCACTGTCGCGGTTx,MS,NAWM,MS122
MS122_NAWM__10X_17_grch38:CCGGGATCACTAAGTCx,MS,NAWM,MS122
MS122_NAWM__10X_17_grch38:CCTCTGATCCTGTACCx,MS,NAWM,MS122
MS122_NAWM__10X_17_grch38:CTCGTCAAGACGCAACx,MS,NAWM,MS122
MS122_NAWM__10X_17_grch38:GACCTGGGTATGGTTCx,MS,NAWM,MS122
MS122_NAWM__10X_17_grch38:GCAGCCAGTCGGCTCAx,MS,NAWM,MS122
MS122_NAWM__10X_17_grch38:GGGAGATAGACACTAAx,MS,NAWM,MS122
MS122_CI__10X_17_grch38:AGCTCCTTCGGCTTGGx,MS,CI,MS122
MS122_CI__10X_17_grch38:AGTGAGGAGAATCTCCx,MS,CI,MS122
MS122_CI__10X_17_grch38:CAACTAGAGGGCACTAx,MS,CI,MS122
MS122_CI__10X_17_grch38:CAAGGCCGTCAAAGATx,MS,CI,MS122
MS122_CI__10X_17_grch38:CAGCGACCAGGGTTAGx,MS,CI,MS122
MS122_CI__10X_17_grch38:CCCAGTTGTTTGTTGGx,MS,CI,MS122
MS122_CI__10X_17_grch38:CGATGGCCAGCTCCGAx,MS,CI,MS122
MS122_CI__10X_17_grch38:CGCTGGACACGTGAGAx,MS,CI,MS122
MS122_CI__10X_17_grch38:GAAGCAGTCACGACTAx,MS,CI,MS122
MS122_CI__10X_17_grch38:GCCTCTAAGAGCAATTx,MS,CI,MS122
MS122_CI__10X_17_grch38:GGCGTGTTCTATCGCCx,MS,CI,MS122
MS122_CI__10X_17_grch38:GTTACAGAGTTAAGTGx,MS,CI,MS122
MS122_CI__10X_17_grch38:TACTCATAGTAAGTACx,MS,CI,MS122
MS122_CI__10X_17_grch38:TAGACCACAGCCTGTGx,MS,CI,MS122
MS122_CI__10X_17_grch38:TAGTGGTGTCGCCATGx,MS,CI,MS122
MS122_CI__10X_17_grch38:TCAGGATCAGGTCGTCx,MS,CI,MS122
MS122_A__10X_17_grch38:ACGGGTCTCATGGTCAx,MS,A,MS122
MS122_A__10X_17_grch38:ACTGTCCTCACTCTTAx,MS,A,MS122
MS122_A__10X_17_grch38:CAGAGAGAGATAGTCAx,MS,A,MS122
MS122_A__10X_17_grch38:CATCGAATCTGGTGTAx,MS,A,MS122
MS122_A__10X_17_grch38:CCTTCGAAGTGGAGTCx,MS,A,MS122
MS122_A__10X_17_grch38:CGCGTTTCAGTTCCCTx,MS,A,MS122
MS122_A__10X_17_grch38:CTTAACTGTAAATGTGx,MS,A,MS122
MS122_A__10X_17_grch38:CTTTGCGAGACCGGATx,MS,A,MS122
MS122_A__10X_17_grch38:GCGAGAACATAGTAAGx,MS,A,MS122
MS122_A__10X_17_grch38:GTAGGCCAGGAGTACCx,MS,A,MS122
MS122_A__10X_17_grch38:GTTCTCGAGATGGGTCx,MS,A,MS122
MS122_A__10X_17_grch38:TAGAGCTTCACAGGCCx,MS,A,MS122
MS122_A__10X_17_grch38:TCACGAATCTAACCGAx,MS,A,MS122
MS122_A__10X_17_grch38:TGAGCATCACTTGGATx,MS,A,MS122
MS121_NAWM__10X_17_grch38:GACGTGCAGTGATCGGx,MS,NAWM,MS121
MS121_CA__10X_17_grch38:ACCCACTGTGACGCCTx,MS,CA,MS121
MS121_CA__10X_17_grch38:ATTATCCAGGCTCAGAx,MS,CA,MS121
MS121_CA__10X_17_grch38:ATTCTACAGTCAATAGx,MS,CA,MS121
MS121_CA__10X_17_grch38:CCGGGATCAGTCGATTx,MS,CA,MS121
MS121_CA__10X_17_grch38:CCTACACCATTATCTCx,MS,CA,MS121
MS121_CA__10X_17_grch38:CGATTGAAGCTGATAAx,MS,CA,MS121
MS121_CA__10X_17_grch38:CGCTGGATCTCGGACGx,MS,CA,MS121
MS121_CA__10X_17_grch38:CTCCTAGTCCAGTAGTx,MS,CA,MS121
MS121_CA__10X_17_grch38:CTGATCCAGACGCTTTx,MS,CA,MS121
MS121_CA__10X_17_grch38:GACGGCTTCCACGACGx,MS,CA,MS121
MS121_CA__10X_17_grch38:GCATACAAGGCATTGGx,MS,CA,MS121
MS121_CA__10X_17_grch38:GCATGCGCATTAGGCTx,MS,CA,MS121
MS121_CA__10X_17_grch38:GCTGCTTGTACCGCTGx,MS,CA,MS121
MS121_CA__10X_17_grch38:GGACAAGGTGGCGAATx,MS,CA,MS121
MS121_CA__10X_17_grch38:GTGTTAGAGCGTAATAx,MS,CA,MS121
MS121_CA__10X_17_grch38:GTTTCTAGTTTGTTGGx,MS,CA,MS121
MS121_CA__10X_17_grch38:TCCACACTCGCACTCTx,MS,CA,MS121
MS121_CA__10X_17_grch38:TCTGAGAAGCAACGGTx,MS,CA,MS121
MS121_CA__10X_17_grch38:GGCTCGACACGAGAGTx,MS,CA,MS121
CO28__10X_17_grch38:AAGTCTGAGTGTGAATx,normal,Ctrl,CO28
CO28__10X_17_grch38:ACGATACAGTAGATGTx,normal,Ctrl,CO28
CO28__10X_17_grch38:GGCCGATTCCGATATGx,normal,Ctrl,CO28
CO28__10X_17_grch38:TCACAAGCAGACACTTx,normal,Ctrl,CO28
CO25__10X_17_grch38:AACTCTTCAATCAGAAx,normal,Ctrl,CO25
CO25__10X_17_grch38:ACTTTCACACTGCCAGx,normal,Ctrl,CO25
CO25__10X_17_grch38:CCAATCCTCCACTGGGx,normal,Ctrl,CO25
CO25__10X_17_grch38:CGTGTAACATGTAAGAx,normal,Ctrl,CO25
CO25__10X_17_grch38:CTCCTAGCAGTGGGATx,normal,Ctrl,CO25
CO25__10X_17_grch38:CTCTACGTCCATGCTCx,normal,Ctrl,CO25
CO25__10X_17_grch38:TACTTGTTCTTCAACTx,normal,Ctrl,CO25
CO25__10X_17_grch38:TCAGGATAGGAGTCTGx,normal,Ctrl,CO25
CO25__10X_17_grch38:TGAGCCGAGTCGAGTGx,normal,Ctrl,CO25
CO25__10X_17_grch38:TTGGCAATCGTCTGCTx,normal,Ctrl,CO25
MS176_NAWM__10X_17_grch38:ACGGCCAAGCAGCCTCx,MS,NAWM,MS176
MS176_NAWM__10X_17_grch38:AGCTCCTCACCACCAGx,MS,NAWM,MS176
MS176_NAWM__10X_17_grch38:AGGGTGACATGCCCGAx,MS,NAWM,MS176
MS176_NAWM__10X_17_grch38:CACACTCGTCTAGAGGx,MS,NAWM,MS176
MS176_NAWM__10X_17_grch38:CACTCCAAGGCTAGCAx,MS,NAWM,MS176
MS176_NAWM__10X_17_grch38:CATTATCTCACTTCATx,MS,NAWM,MS176
MS176_NAWM__10X_17_grch38:CCACGGATCACCGGGTx,MS,NAWM,MS176
MS176_NAWM__10X_17_grch38:CCTCTGACATACAGCTx,MS,NAWM,MS176
MS176_NAWM__10X_17_grch38:CCTTTCTCACGGCGTTx,MS,NAWM,MS176
MS176_NAWM__10X_17_grch38:CGAGCACTCAGGATCTx,MS,NAWM,MS176
MS176_NAWM__10X_17_grch38:CGTAGGCGTCAACATCx,MS,NAWM,MS176
MS176_NAWM__10X_17_grch38:CTAGCCTGTCTAGTCAx,MS,NAWM,MS176
MS176_NAWM__10X_17_grch38:CTCGGAGCACGTTGGCx,MS,NAWM,MS176
MS176_NAWM__10X_17_grch38:CTCGGGATCGCCATAAx,MS,NAWM,MS176
MS176_NAWM__10X_17_grch38:CTGCCTAAGGTAGCTGx,MS,NAWM,MS176
MS176_NAWM__10X_17_grch38:GATCGCGAGAACAACTx,MS,NAWM,MS176
MS176_NAWM__10X_17_grch38:TTATGCTCAATGTAAGx,MS,NAWM,MS176
MS176_RM__10X_17_grch38:ACTTTCATCGGCCGATx,MS,RM,MS176
MS176_RM__10X_17_grch38:ATAGACCTCGGTTCGGx,MS,RM,MS176
MS176_RM__10X_17_grch38:CAACTAGTCGACAGCCx,MS,RM,MS176
MS176_RM__10X_17_grch38:CAGCTAACAGCTGTTAx,MS,RM,MS176
MS176_RM__10X_17_grch38:CATCCACTCGTTACAGx,MS,RM,MS176
MS176_RM__10X_17_grch38:CCAATCCCAGATAATGx,MS,RM,MS176
MS176_RM__10X_17_grch38:CCCAATCTCACATACGx,MS,RM,MS176
MS176_RM__10X_17_grch38:CCCAGTTGTAAACACAx,MS,RM,MS176
MS176_RM__10X_17_grch38:CGGAGCTCAGCCTATAx,MS,RM,MS176
MS176_RM__10X_17_grch38:CGGCTAGCAGCTCGACx,MS,RM,MS176
MS176_RM__10X_17_grch38:GAAACTCTCGCAAACTx,MS,RM,MS176
MS176_RM__10X_17_grch38:GATGAAACAAGCGAGTx,MS,RM,MS176
MS176_RM__10X_17_grch38:GCAGCCACACAGACTTx,MS,RM,MS176
MS176_RM__10X_17_grch38:GTTCTCGGTAATCGTCx,MS,RM,MS176
MS176_RM__10X_17_grch38:TCGCGTTCATTACGACx,MS,RM,MS176
MS176_RM__10X_17_grch38:TGACTAGCAGACGCCTx,MS,RM,MS176
MS176_RM__10X_17_grch38:TTGCGTCAGCGATTCTx,MS,RM,MS176
MS176_CI__10X_17_056_roche_grch38_4:ACGCCAGGTGTCCTCTx,MS,CI,MS176
MS176_CI__10X_17_056_roche_grch38_4:CAGCTAACACTTCGAAx,MS,CI,MS176
MS176_CA__10X_17_grch38:CGGAGTCGTATGCTTGx,MS,CA,MS176
MS176_CA__10X_17_grch38:TCAGGATGTCTACCTCx,MS,CA,MS176
CO39__10X_17_grch38:AAACCTGAGCCTCGTGx,normal,Ctrl,CO39
CO39__10X_17_grch38:AAAGATGTCACGATGTx,normal,Ctrl,CO39
CO39__10X_17_grch38:AAAGCAACAGAGCCAAx,normal,Ctrl,CO39
CO39__10X_17_grch38:AACTCCCGTTGTGGAGx,normal,Ctrl,CO39
CO39__10X_17_grch38:AACTCCCTCGAGAACGx,normal,Ctrl,CO39
CO39__10X_17_grch38:AACTGGTCACTCAGGCx,normal,Ctrl,CO39
CO39__10X_17_grch38:AATCCAGAGCGTGAACx,normal,Ctrl,CO39
CO39__10X_17_grch38:ACACCGGAGGAGCGAGx,normal,Ctrl,CO39
CO39__10X_17_grch38:ACACCGGGTTTGGCGCx,normal,Ctrl,CO39
CO39__10X_17_grch38:ACACTGATCCCAGGTGx,normal,Ctrl,CO39
CO39__10X_17_grch38:ACATCAGTCTTGAGGTx,normal,Ctrl,CO39
CO39__10X_17_grch38:ACCAGTACACTGTTAGx,normal,Ctrl,CO39
CO39__10X_17_grch38:ACCCACTGTTACTGACx,normal,Ctrl,CO39
CO39__10X_17_grch38:ACGAGGAAGCCACGTCx,normal,Ctrl,CO39
CO39__10X_17_grch38:ACGGCCAGTTTGTGTGx,normal,Ctrl,CO39
CO39__10X_17_grch38:ACGTCAATCATAAAGGx,normal,Ctrl,CO39
CO39__10X_17_grch38:ACTGAACCACGTCAGCx,normal,Ctrl,CO39
CO39__10X_17_grch38:ACTTTCAGTTTAGCTGx,normal,Ctrl,CO39
CO39__10X_17_grch38:AGACGTTGTGCAGTAGx,normal,Ctrl,CO39
CO39__10X_17_grch38:AGATCTGAGAAGATTCx,normal,Ctrl,CO39
CO39__10X_17_grch38:AGATCTGTCCGCAAGCx,normal,Ctrl,CO39
CO39__10X_17_grch38:AGCATACGTCACCTAAx,normal,Ctrl,CO39
CO39__10X_17_grch38:AGCTTGACAACTGCGCx,normal,Ctrl,CO39
CO39__10X_17_grch38:AGGCCACAGTGGACGTx,normal,Ctrl,CO39
CO39__10X_17_grch38:AGGGTGACATTCCTGCx,normal,Ctrl,CO39
CO39__10X_17_grch38:AGGTCATTCTAGAGTCx,normal,Ctrl,CO39
CO39__10X_17_grch38:AGTCTTTCAGCGTTCGx,normal,Ctrl,CO39
CO39__10X_17_grch38:AGTCTTTGTTCGTGATx,normal,Ctrl,CO39
CO39__10X_17_grch38:AGTCTTTTCGAACTGTx,normal,Ctrl,CO39
CO39__10X_17_grch38:AGTGAGGCAGCGTAAGx,normal,Ctrl,CO39
CO39__10X_17_grch38:ATAGACCCAGCCTGTGx,normal,Ctrl,CO39
CO39__10X_17_grch38:ATCACGACACCAGGCTx,normal,Ctrl,CO39
CO39__10X_17_grch38:ATCTACTGTCTAAAGAx,normal,Ctrl,CO39
CO39__10X_17_grch38:ATGCGATGTCATCGGCx,normal,Ctrl,CO39
CO39__10X_17_grch38:ATGCGATTCTGCAGTAx,normal,Ctrl,CO39
CO39__10X_17_grch38:ATGTGTGGTTATGCGTx,normal,Ctrl,CO39
CO39__10X_17_grch38:CAACCTCTCTGCTTGCx,normal,Ctrl,CO39
CO39__10X_17_grch38:CACACCTAGTTTGCGTx,normal,Ctrl,CO39
CO39__10X_17_grch38:CACAGGCCACAACGTTx,normal,Ctrl,CO39
CO39__10X_17_grch38:CACAGGCGTCAAACTCx,normal,Ctrl,CO39
CO39__10X_17_grch38:CACAGTATCCACGACGx,normal,Ctrl,CO39
CO39__10X_17_grch38:CACCAGGCACTACAGTx,normal,Ctrl,CO39
CO39__10X_17_grch38:CACTCCAGTCCATGATx,normal,Ctrl,CO39
CO39__10X_17_grch38:CAGAGAGTCCAAACTGx,normal,Ctrl,CO39
CO39__10X_17_grch38:CAGCAGCAGCGATATAx,normal,Ctrl,CO39
CO39__10X_17_grch38:CAGCCGAAGGCCGAATx,normal,Ctrl,CO39
CO39__10X_17_grch38:CAGCCGAGTAGGGTACx,normal,Ctrl,CO39
CO39__10X_17_grch38:CAGCCGATCTATCCTAx,normal,Ctrl,CO39
CO39__10X_17_grch38:CAGGTGCCAAAGTCAAx,normal,Ctrl,CO39
CO39__10X_17_grch38:CAGTCCTCATACAGCTx,normal,Ctrl,CO39
CO39__10X_17_grch38:CATATGGGTGGTCCGTx,normal,Ctrl,CO39
CO39__10X_17_grch38:CATATTCGTAATTGGAx,normal,Ctrl,CO39
CO39__10X_17_grch38:CATCGGGGTAAGTGTAx,normal,Ctrl,CO39
CO39__10X_17_grch38:CATGACATCTGGAGCCx,normal,Ctrl,CO39
CO39__10X_17_grch38:CATGGCGCATCAGTCAx,normal,Ctrl,CO39
CO39__10X_17_grch38:CATTCGCCACGCCAGTx,normal,Ctrl,CO39
CO39__10X_17_grch38:CATTCGCGTCCGAAGAx,normal,Ctrl,CO39
CO39__10X_17_grch38:CCACTACTCATTATCCx,normal,Ctrl,CO39
CO39__10X_17_grch38:CCACTACTCGGCCGATx,normal,Ctrl,CO39
CO39__10X_17_grch38:CCAGCGATCCAAGTACx,normal,Ctrl,CO39
CO39__10X_17_grch38:CCCATACAGTCGCCGTx,normal,Ctrl,CO39
CO39__10X_17_grch38:CCGTACTAGGCCCGTTx,normal,Ctrl,CO39
CO39__10X_17_grch38:CCTAGCTGTCCAACTAx,normal,Ctrl,CO39
CO39__10X_17_grch38:CCTTACGGTGTTAAGAx,normal,Ctrl,CO39
CO39__10X_17_grch38:CGAACATAGAGTGAGAx,normal,Ctrl,CO39
CO39__10X_17_grch38:CGAACATGTTGCTCCTx,normal,Ctrl,CO39
CO39__10X_17_grch38:CGAACATTCTTTCCTCx,normal,Ctrl,CO39
CO39__10X_17_grch38:CGACCTTCAGGACCCTx,normal,Ctrl,CO39
CO39__10X_17_grch38:CGAGAAGTCCCAGGTGx,normal,Ctrl,CO39
CO39__10X_17_grch38:CGAGAAGTCGTGGTCGx,normal,Ctrl,CO39
CO39__10X_17_grch38:CGAGCACCATGTCGATx,normal,Ctrl,CO39
CO39__10X_17_grch38:CGAGCCATCCCTCTTTx,normal,Ctrl,CO39
CO39__10X_17_grch38:CGATGGCCAGACGCTCx,normal,Ctrl,CO39
CO39__10X_17_grch38:CGCGGTAGTTCGAATCx,normal,Ctrl,CO39
CO39__10X_17_grch38:CGCTTCAAGAAACCTAx,normal,Ctrl,CO39
CO39__10X_17_grch38:CGGTTAAAGCGTTGCCx,normal,Ctrl,CO39
CO39__10X_17_grch38:CGGTTAAAGGTAGCTGx,normal,Ctrl,CO39
CO39__10X_17_grch38:CGTCACTGTCTGATCAx,normal,Ctrl,CO39
CO39__10X_17_grch38:CGTCAGGAGAGGTTGCx,normal,Ctrl,CO39
CO39__10X_17_grch38:CGTCAGGGTCACCTAAx,normal,Ctrl,CO39
CO39__10X_17_grch38:CGTGTAATCAACTCTTx,normal,Ctrl,CO39
CO39__10X_17_grch38:CGTTAGAAGCCTTGATx,normal,Ctrl,CO39
CO39__10X_17_grch38:CGTTAGATCGTCCAGGx,normal,Ctrl,CO39
CO39__10X_17_grch38:CGTTGGGAGCCATCGCx,normal,Ctrl,CO39
CO39__10X_17_grch38:CGTTGGGAGGCTCAGAx,normal,Ctrl,CO39
CO39__10X_17_grch38:CGTTGGGGTCAGAGGTx,normal,Ctrl,CO39
CO39__10X_17_grch38:CTAATGGAGGCAGTCAx,normal,Ctrl,CO39
CO39__10X_17_grch38:CTACACCGTTACGCGCx,normal,Ctrl,CO39
CO39__10X_17_grch38:CTACATTAGACTGTAAx,normal,Ctrl,CO39
CO39__10X_17_grch38:CTACATTCACACATGTx,normal,Ctrl,CO39
CO39__10X_17_grch38:CTACCCATCAATCTCTx,normal,Ctrl,CO39
CO39__10X_17_grch38:CTAGCCTCAGACAAATx,normal,Ctrl,CO39
CO39__10X_17_grch38:CTCAGAACAAACTGCTx,normal,Ctrl,CO39
CO39__10X_17_grch38:CTCATTACATGACATCx,normal,Ctrl,CO39
CO39__10X_17_grch38:CTCGGAGAGTTGAGATx,normal,Ctrl,CO39
CO39__10X_17_grch38:CTCGGGAAGAGGACGGx,normal,Ctrl,CO39
CO39__10X_17_grch38:CTCGTACGTCCGAGTCx,normal,Ctrl,CO39
CO39__10X_17_grch38:CTCGTCATCAGGTTCAx,normal,Ctrl,CO39
CO39__10X_17_grch38:CTCTACGCAAAGCGGTx,normal,Ctrl,CO39
CO39__10X_17_grch38:CTGATAGTCAGCTTAGx,normal,Ctrl,CO39
CO39__10X_17_grch38:CTGATCCAGTGTTAGAx,normal,Ctrl,CO39
CO39__10X_17_grch38:CTTAACTCAGGTCTCGx,normal,Ctrl,CO39
CO39__10X_17_grch38:CTTACCGGTCACTTCCx,normal,Ctrl,CO39
CO39__10X_17_grch38:CTTTGCGGTGGCAAACx,normal,Ctrl,CO39
CO39__10X_17_grch38:GAAACTCTCCTTAATCx,normal,Ctrl,CO39
CO39__10X_17_grch38:GAACGGACAGCTGCACx,normal,Ctrl,CO39
CO39__10X_17_grch38:GAAGCAGGTTCTGAACx,normal,Ctrl,CO39
CO39__10X_17_grch38:GACGCGTTCGGCATCGx,normal,Ctrl,CO39
CO39__10X_17_grch38:GACGGCTAGATCTGCTx,normal,Ctrl,CO39
CO39__10X_17_grch38:GACGGCTGTCTCCACTx,normal,Ctrl,CO39
CO39__10X_17_grch38:GACGTGCCAATTCCTTx,normal,Ctrl,CO39
CO39__10X_17_grch38:GACGTTACATGGTCTAx,normal,Ctrl,CO39
CO39__10X_17_grch38:GACTAACTCAATACCGx,normal,Ctrl,CO39
CO39__10X_17_grch38:GATCGCGGTCATATGCx,normal,Ctrl,CO39
CO39__10X_17_grch38:GATCGTACAGGCGATAx,normal,Ctrl,CO39
CO39__10X_17_grch38:GATCTAGAGGAGCGAGx,normal,Ctrl,CO39
CO39__10X_17_grch38:GATTCAGAGATCCTGTx,normal,Ctrl,CO39
CO39__10X_17_grch38:GCATGCGAGTAATCCCx,normal,Ctrl,CO39
CO39__10X_17_grch38:GCATGCGCATGCCTAAx,normal,Ctrl,CO39
CO39__10X_17_grch38:GCCAAATCACTTACGAx,normal,Ctrl,CO39
CO39__10X_17_grch38:GCCAAATTCAAAGACAx,normal,Ctrl,CO39
CO39__10X_17_grch38:GCGACCACAGAGTGTGx,normal,Ctrl,CO39
CO39__10X_17_grch38:GCGACCAGTAAAGTCAx,normal,Ctrl,CO39
CO39__10X_17_grch38:GCGAGAACATCCCATCx,normal,Ctrl,CO39
CO39__10X_17_grch38:GCGAGAAGTTGCGTTAx,normal,Ctrl,CO39
CO39__10X_17_grch38:GCGGGTTAGAGGACGGx,normal,Ctrl,CO39
CO39__10X_17_grch38:GCTCTGTAGCTACCGCx,normal,Ctrl,CO39
CO39__10X_17_grch38:GCTCTGTTCGAACGGAx,normal,Ctrl,CO39
CO39__10X_17_grch38:GCTGCAGCAGCTGCTGx,normal,Ctrl,CO39
CO39__10X_17_grch38:GCTTCCATCGCCCTTAx,normal,Ctrl,CO39
CO39__10X_17_grch38:GGAAAGCCATCACGATx,normal,Ctrl,CO39
CO39__10X_17_grch38:GGACAGATCTTCATGTx,normal,Ctrl,CO39
CO39__10X_17_grch38:GGCGACTCACTCGACGx,normal,Ctrl,CO39
CO39__10X_17_grch38:GGGACCTTCAGGTTCAx,normal,Ctrl,CO39
CO39__10X_17_grch38:GGGTCTGCAACGATCTx,normal,Ctrl,CO39
CO39__10X_17_grch38:GGGTCTGGTGGCCCTAx,normal,Ctrl,CO39
CO39__10X_17_grch38:GGGTCTGTCACCGTAAx,normal,Ctrl,CO39
CO39__10X_17_grch38:GGGTTGCTCTACTCATx,normal,Ctrl,CO39
CO39__10X_17_grch38:GGGTTGCTCTATCGCCx,normal,Ctrl,CO39
CO39__10X_17_grch38:GGTGCGTAGCTAACTCx,normal,Ctrl,CO39
CO39__10X_17_grch38:GTAGTCAGTTGCTCCTx,normal,Ctrl,CO39
CO39__10X_17_grch38:GTCACAATCGTACCGGx,normal,Ctrl,CO39
CO39__10X_17_grch38:GTCACGGTCTGGTATGx,normal,Ctrl,CO39
CO39__10X_17_grch38:GTCGTAATCTTGACGAx,normal,Ctrl,CO39
CO39__10X_17_grch38:GTGCGGTGTGCTTCTCx,normal,Ctrl,CO39
CO39__10X_17_grch38:GTGCGGTTCTCCCTGAx,normal,Ctrl,CO39
CO39__10X_17_grch38:GTGCTTCGTTGTCGCGx,normal,Ctrl,CO39
CO39__10X_17_grch38:GTTACAGGTCATACTGx,normal,Ctrl,CO39
CO39__10X_17_grch38:GTTCATTGTAGAAGGAx,normal,Ctrl,CO39
CO39__10X_17_grch38:GTTCTCGAGTTATCGCx,normal,Ctrl,CO39
CO39__10X_17_grch38:TAAACCGAGGAGCGAGx,normal,Ctrl,CO39
CO39__10X_17_grch38:TACAGTGGTCTAGTGTx,normal,Ctrl,CO39
CO39__10X_17_grch38:TACCTATTCTGCCCTAx,normal,Ctrl,CO39
CO39__10X_17_grch38:TACTTGTGTTGACGTTx,normal,Ctrl,CO39
CO39__10X_17_grch38:TAGGCATCAAGGGTCAx,normal,Ctrl,CO39
CO39__10X_17_grch38:TAGTGGTGTATTCGTGx,normal,Ctrl,CO39
CO39__10X_17_grch38:TAGTTGGTCCTTTACAx,normal,Ctrl,CO39
CO39__10X_17_grch38:TATCAGGGTTGCGCACx,normal,Ctrl,CO39
CO39__10X_17_grch38:TATGCCCCAAGCCCACx,normal,Ctrl,CO39
CO39__10X_17_grch38:TATGCCCGTCAATACCx,normal,Ctrl,CO39
CO39__10X_17_grch38:TCAGATGAGTAGGTGCx,normal,Ctrl,CO39
CO39__10X_17_grch38:TCAGGATCATGGTAGGx,normal,Ctrl,CO39
CO39__10X_17_grch38:TCGCGTTAGATTACCCx,normal,Ctrl,CO39
CO39__10X_17_grch38:TCGCGTTGTACATCCAx,normal,Ctrl,CO39
CO39__10X_17_grch38:TCTATTGAGCGAGAAAx,normal,Ctrl,CO39
CO39__10X_17_grch38:TCTTTCCAGACACGACx,normal,Ctrl,CO39
CO39__10X_17_grch38:TGACAACTCGAGAACGx,normal,Ctrl,CO39
CO39__10X_17_grch38:TGACTAGGTAAAGGAGx,normal,Ctrl,CO39
CO39__10X_17_grch38:TGACTTTGTTTGACACx,normal,Ctrl,CO39
CO39__10X_17_grch38:TGAGCCGAGCATCATCx,normal,Ctrl,CO39
CO39__10X_17_grch38:TGCACCTCACGAAATAx,normal,Ctrl,CO39
CO39__10X_17_grch38:TGCGGGTGTCATGCATx,normal,Ctrl,CO39
CO39__10X_17_grch38:TGGCCAGTCACAACGTx,normal,Ctrl,CO39
CO39__10X_17_grch38:TGGCTGGAGCCTTGATx,normal,Ctrl,CO39
CO39__10X_17_grch38:TGGTTCCAGCGTGAGTx,normal,Ctrl,CO39
CO39__10X_17_grch38:TGTCCCACAACACGCCx,normal,Ctrl,CO39
CO39__10X_17_grch38:TTAGTTCAGAAAGTGGx,normal,Ctrl,CO39
CO39__10X_17_grch38:TTCCCAGGTTGTCGCGx,normal,Ctrl,CO39
CO39__10X_17_grch38:TTCTCCTTCCTCATTAx,normal,Ctrl,CO39
CO39__10X_17_grch38:TTCTTAGCAATCAGAAx,normal,Ctrl,CO39
CO39__10X_17_grch38:TTCTTAGGTGTTCGATx,normal,Ctrl,CO39
CO39__10X_17_grch38:TTTATGCAGCGATCCCx,normal,Ctrl,CO39
CO14__10X_17_grch38:AAAGCAACAATGACCTx,normal,Ctrl,CO14
CO14__10X_17_grch38:AACCGCGTCGTAGGTTx,normal,Ctrl,CO14
CO14__10X_17_grch38:AAGGTTCAGACACTAAx,normal,Ctrl,CO14
CO14__10X_17_grch38:AATCCAGCAAGTCTGTx,normal,Ctrl,CO14
CO14__10X_17_grch38:ACCCACTAGAGAACAGx,normal,Ctrl,CO14
CO14__10X_17_grch38:ACGGCCACACTGAAGGx,normal,Ctrl,CO14
CO14__10X_17_grch38:ACGGGCTGTAGCGCTCx,normal,Ctrl,CO14
CO14__10X_17_grch38:ACTTTCAAGCCACTATx,normal,Ctrl,CO14
CO14__10X_17_grch38:AGATTGCCAGTTAACCx,normal,Ctrl,CO14
CO14__10X_17_grch38:AGTAGTCGTGTGTGCCx,normal,Ctrl,CO14
CO14__10X_17_grch38:AGTGTCATCTGGAGCCx,normal,Ctrl,CO14
CO14__10X_17_grch38:ATCCACCGTCGCTTTCx,normal,Ctrl,CO14
CO14__10X_17_grch38:ATTGGTGAGACATAACx,normal,Ctrl,CO14
CO14__10X_17_grch38:CACAAACTCGCATGATx,normal,Ctrl,CO14
CO14__10X_17_grch38:CAGATCAAGGCTCTTAx,normal,Ctrl,CO14
CO14__10X_17_grch38:CAGCAGCTCATATCGGx,normal,Ctrl,CO14
CO14__10X_17_grch38:CCATTCGAGCCACGCTx,normal,Ctrl,CO14
CO14__10X_17_grch38:CCTTACGAGCTAGTCTx,normal,Ctrl,CO14
CO14__10X_17_grch38:CCTTTCTTCCATGCTCx,normal,Ctrl,CO14
CO14__10X_17_grch38:CCTTTCTTCGTAGGAGx,normal,Ctrl,CO14
CO14__10X_17_grch38:CGAGCACAGGGAGTAAx,normal,Ctrl,CO14
CO14__10X_17_grch38:CGGGTCACATGTAAGAx,normal,Ctrl,CO14
CO14__10X_17_grch38:CGTCCATAGAGGACGGx,normal,Ctrl,CO14
CO14__10X_17_grch38:CGTCCATTCTGGTATGx,normal,Ctrl,CO14
CO14__10X_17_grch38:CGTTGGGCAGCGTCCAx,normal,Ctrl,CO14
CO14__10X_17_grch38:CTAAGACAGTCGCCGTx,normal,Ctrl,CO14
CO14__10X_17_grch38:CTGATCCCAAACTGTCx,normal,Ctrl,CO14
CO14__10X_17_grch38:CTGATCCGTCCGAATTx,normal,Ctrl,CO14
CO14__10X_17_grch38:CTGCCTACACCATCCTx,normal,Ctrl,CO14
CO14__10X_17_grch38:CTGTTTAAGAAGAAGCx,normal,Ctrl,CO14
CO14__10X_17_grch38:CTGTTTATCGGAATCTx,normal,Ctrl,CO14
CO14__10X_17_grch38:GAACCTAAGACATAACx,normal,Ctrl,CO14
CO14__10X_17_grch38:GAAGCAGAGATAGGAGx,normal,Ctrl,CO14
CO14__10X_17_grch38:GACGGCTCATGCCACGx,normal,Ctrl,CO14
CO14__10X_17_grch38:GATCTAGGTCAACTGTx,normal,Ctrl,CO14
CO14__10X_17_grch38:GATCTAGTCTCTTGATx,normal,Ctrl,CO14
CO14__10X_17_grch38:GCAAACTAGAAACCGCx,normal,Ctrl,CO14
CO14__10X_17_grch38:GCACATAGTCTTCTCGx,normal,Ctrl,CO14
CO14__10X_17_grch38:GCCAAATAGGACTGGTx,normal,Ctrl,CO14
CO14__10X_17_grch38:GCCTCTACAATGGAATx,normal,Ctrl,CO14
CO14__10X_17_grch38:GCGCGATGTCTGATTGx,normal,Ctrl,CO14
CO14__10X_17_grch38:GCTCTGTTCCTGCTTGx,normal,Ctrl,CO14
CO14__10X_17_grch38:GCTGCGACACTAAGTCx,normal,Ctrl,CO14
CO14__10X_17_grch38:GCTTGAAAGAGCAATTx,normal,Ctrl,CO14
CO14__10X_17_grch38:GGGCATCAGGTACTCTx,normal,Ctrl,CO14
CO14__10X_17_grch38:GGTGAAGGTGCAGACAx,normal,Ctrl,CO14
CO14__10X_17_grch38:GGTGCGTGTATGGTTCx,normal,Ctrl,CO14
CO14__10X_17_grch38:GTAGGCCAGGCATTGGx,normal,Ctrl,CO14
CO14__10X_17_grch38:GTAGTCAAGCCACGTCx,normal,Ctrl,CO14
CO14__10X_17_grch38:TATGCCCCAATCAGAAx,normal,Ctrl,CO14
CO14__10X_17_grch38:TATGCCCGTTACGCGCx,normal,Ctrl,CO14
CO14__10X_17_grch38:TCAATCTGTCTTTCATx,normal,Ctrl,CO14
CO14__10X_17_grch38:TCAGATGGTACGCTGCx,normal,Ctrl,CO14
CO14__10X_17_grch38:TCAGCAACAGATCTGTx,normal,Ctrl,CO14
CO14__10X_17_grch38:TCGAGGCAGACACTAAx,normal,Ctrl,CO14
CO14__10X_17_grch38:TGACTTTTCTTAACCTx,normal,Ctrl,CO14
CO14__10X_17_grch38:TGTATTCCACAAGTAAx,normal,Ctrl,CO14
CO14__10X_17_grch38:TTAACTCAGAGCTTCTx,normal,Ctrl,CO14
MS242_CA2__10X_17_grch38:ACAGCCGTCTCGCATCx,MS,CA,MS242
MS242_CA2__10X_17_grch38:CTTCTCTTCGCAAGCCx,MS,CA,MS242
SD48/16__10X_17_grch38:AAACCTGTCACTTACTx,normal,Ctrl,SD48/16
SD48/16__10X_17_grch38:AAAGTAGAGGGATCTGx,normal,Ctrl,SD48/16
SD48/16__10X_17_grch38:AAATGCCTCAAACCGTx,normal,Ctrl,SD48/16
SD48/16__10X_17_grch38:AACGTTGAGGACTGGTx,normal,Ctrl,SD48/16
SD48/16__10X_17_grch38:AACTCAGCAATCTGCAx,normal,Ctrl,SD48/16
SD48/16__10X_17_grch38:AACTCCCAGATGTTAGx,normal,Ctrl,SD48/16
SD48/16__10X_17_grch38:AACTGGTGTTGGACCCx,normal,Ctrl,SD48/16
SD48/16__10X_17_grch38:AAGACCTCATTATCTCx,normal,Ctrl,SD48/16
SD48/16__10X_17_grch38:AAGCCGCAGAGCAATTx,normal,Ctrl,SD48/16
SD48/16__10X_17_grch38:AAGCCGCAGGCTCAGAx,normal,Ctrl,SD48/16
SD48/16__10X_17_grch38:AAGGAGCGTACTTAGCx,normal,Ctrl,SD48/16
SD48/16__10X_17_grch38:AAGGAGCTCTCACATTx,normal,Ctrl,SD48/16
SD48/16__10X_17_grch38:AAGGTTCGTTCCACAAx,normal,Ctrl,SD48/16
SD48/16__10X_17_grch38:ACACCAATCGTGACATx,normal,Ctrl,SD48/16
SD48/16__10X_17_grch38:ACACCAATCTCTAGGAx,normal,Ctrl,SD48/16
SD48/16__10X_17_grch38:ACAGCTAAGACTTGAAx,normal,Ctrl,SD48/16
SD48/16__10X_17_grch38:ACATACGAGCTGATAAx,normal,Ctrl,SD48/16
SD48/16__10X_17_grch38:ACATCAGCAGATCTGTx,normal,Ctrl,SD48/16
SD48/16__10X_17_grch38:ACATGGTTCCGCTGTTx,normal,Ctrl,SD48/16
SD48/16__10X_17_grch38:ACGAGGAAGAGTGAGAx,normal,Ctrl,SD48/16
SD48/16__10X_17_grch38:ACGAGGATCAACACACx,normal,Ctrl,SD48/16
SD48/16__10X_17_grch38:ACGATACGTCTAGTGTx,normal,Ctrl,SD48/16
SD48/16__10X_17_grch38:ACGATACGTCTCCATCx,normal,Ctrl,SD48/16
SD48/16__10X_17_grch38:ACGGCCAAGCTGTCTAx,normal,Ctrl,SD48/16
SD48/16__10X_17_grch38:ACGGCCATCATTGCCCx,normal,Ctrl,SD48/16
SD48/16__10X_17_grch38:ACGGGTCTCACAATGCx,normal,Ctrl,SD48/16
SD48/16__10X_17_grch38:ACTATCTGTACATCCAx,normal,Ctrl,SD48/16
SD48/16__10X_17_grch38:ACTGAACCATAAAGGTx,normal,Ctrl,SD48/16
SD48/16__10X_17_grch38:ACTGAGTTCCGATATGx,normal,Ctrl,SD48/16
SD48/16__10X_17_grch38:ACTGCTCAGATATGGTx,normal,Ctrl,SD48/16
SD48/16__10X_17_grch38:ACTGCTCAGCCACGCTx,normal,Ctrl,SD48/16
SD48/16__10X_17_grch38:ACTTACTAGGTGACCAx,normal,Ctrl,SD48/16
SD48/16__10X_17_grch38:AGAATAGAGTTTGCGTx,normal,Ctrl,SD48/16
SD48/16__10X_17_grch38:AGAGTGGCATACTCTTx,normal,Ctrl,SD48/16
SD48/16__10X_17_grch38:AGATCTGTCTCAAACGx,normal,Ctrl,SD48/16
SD48/16__10X_17_grch38:AGCAGCCAGACGACGTx,normal,Ctrl,SD48/16
SD48/16__10X_17_grch38:AGCATACTCGACAGCCx,normal,Ctrl,SD48/16
SD48/16__10X_17_grch38:AGCCTAAAGCTGTTCAx,normal,Ctrl,SD48/16
SD48/16__10X_17_grch38:AGCGTATCAGGGTACAx,normal,Ctrl,SD48/16
SD48/16__10X_17_grch38:AGGCCACCATTGCGGCx,normal,Ctrl,SD48/16
SD48/16__10X_17_grch38:AGGTCATTCCTTGACCx,normal,Ctrl,SD48/16
SD48/16__10X_17_grch38:AGTTGGTGTTCAACCAx,normal,Ctrl,SD48/16
SD48/16__10X_17_grch38:ATCACGAGTGCAACGAx,normal,Ctrl,SD48/16
SD48/16__10X_17_grch38:ATCATCTAGACCGGATx,normal,Ctrl,SD48/16
SD48/16__10X_17_grch38:ATCATCTAGATCACGGx,normal,Ctrl,SD48/16
SD48/16__10X_17_grch38:ATCATCTTCTATCCTAx,normal,Ctrl,SD48/16
SD48/16__10X_17_grch38:ATCTGCCTCCCTTGTGx,normal,Ctrl,SD48/16
SD48/16__10X_17_grch38:ATTATCCCAGCCTTGGx,normal,Ctrl,SD48/16
SD48/16__10X_17_grch38:ATTCTACGTCTCCCTAx,normal,Ctrl,SD48/16
SD48/16__10X_17_grch38:ATTGGTGTCCGTTGCTx,normal,Ctrl,SD48/16
SD48/16__10X_17_grch38:CAACCAAGTTCGCGACx,normal,Ctrl,SD48/16
SD48/16__10X_17_grch38:CAAGGCCCAATAGCAAx,normal,Ctrl,SD48/16
SD48/16__10X_17_grch38:CACAGGCAGTTGTAGAx,normal,Ctrl,SD48/16
SD48/16__10X_17_grch38:CACAGTACATTGGTACx,normal,Ctrl,SD48/16
SD48/16__10X_17_grch38:CACATTTTCTTGTTTGx,normal,Ctrl,SD48/16
SD48/16__10X_17_grch38:CACCACTTCAGGATCTx,normal,Ctrl,SD48/16
SD48/16__10X_17_grch38:CACTCCAGTTCGGCACx,normal,Ctrl,SD48/16
SD48/16__10X_17_grch38:CAGATCAAGACTCGGAx,normal,Ctrl,SD48/16
SD48/16__10X_17_grch38:CAGATCATCCTACAGAx,normal,Ctrl,SD48/16
SD48/16__10X_17_grch38:CAGCATACACACTGCGx,normal,Ctrl,SD48/16
SD48/16__10X_17_grch38:CAGCCGATCATTATCCx,normal,Ctrl,SD48/16
SD48/16__10X_17_grch38:CAGCGACAGAAACCTAx,normal,Ctrl,SD48/16
SD48/16__10X_17_grch38:CAGCTAAAGGCCCTCAx,normal,Ctrl,SD48/16
SD48/16__10X_17_grch38:CAGTAACCATCGATTGx,normal,Ctrl,SD48/16
SD48/16__10X_17_grch38:CAGTAACTCAAACGGGx,normal,Ctrl,SD48/16
SD48/16__10X_17_grch38:CAGTCCTTCTCACATTx,normal,Ctrl,SD48/16
SD48/16__10X_17_grch38:CATATGGCATATGCTGx,normal,Ctrl,SD48/16
SD48/16__10X_17_grch38:CATATTCGTTCGCGACx,normal,Ctrl,SD48/16
SD48/16__10X_17_grch38:CATATTCTCAGAAATGx,normal,Ctrl,SD48/16
SD48/16__10X_17_grch38:CCAATCCGTATTACCGx,normal,Ctrl,SD48/16
SD48/16__10X_17_grch38:CCAGCGACAAGGGTCAx,normal,Ctrl,SD48/16
SD48/16__10X_17_grch38:CCAGCGATCTCAAACGx,normal,Ctrl,SD48/16
SD48/16__10X_17_grch38:CCATTCGAGCGATAGCx,normal,Ctrl,SD48/16
SD48/16__10X_17_grch38:CCATTCGTCGCCAGCAx,normal,Ctrl,SD48/16
SD48/16__10X_17_grch38:CCCATACTCTGAGGGAx,normal,Ctrl,SD48/16
SD48/16__10X_17_grch38:CCCTCCTGTCACCTAAx,normal,Ctrl,SD48/16
SD48/16__10X_17_grch38:CCGGGATTCTTAGAGCx,normal,Ctrl,SD48/16
SD48/16__10X_17_grch38:CCGTACTCATGTCTCCx,normal,Ctrl,SD48/16
SD48/16__10X_17_grch38:CCGTGGACACCCATTCx,normal,Ctrl,SD48/16
SD48/16__10X_17_grch38:CCGTGGATCGCGGATCx,normal,Ctrl,SD48/16
SD48/16__10X_17_grch38:CCGTTCACACGAAGCAx,normal,Ctrl,SD48/16
SD48/16__10X_17_grch38:CCTAAAGAGGAGTCTGx,normal,Ctrl,SD48/16
SD48/16__10X_17_grch38:CCTAAAGCACAAGACGx,normal,Ctrl,SD48/16
SD48/16__10X_17_grch38:CCTAAAGCAGACGCTCx,normal,Ctrl,SD48/16
SD48/16__10X_17_grch38:CCTAAAGCATGAACCTx,normal,Ctrl,SD48/16
SD48/16__10X_17_grch38:CCTTACGCACGTAAGGx,normal,Ctrl,SD48/16
SD48/16__10X_17_grch38:CGACTTCGTCTGGTCGx,normal,Ctrl,SD48/16
SD48/16__10X_17_grch38:CGAGCACCACAGCCCAx,normal,Ctrl,SD48/16
SD48/16__10X_17_grch38:CGATCGGTCCTATGTTx,normal,Ctrl,SD48/16
SD48/16__10X_17_grch38:CGATGTAAGCCAGTAGx,normal,Ctrl,SD48/16
SD48/16__10X_17_grch38:CGCGGTATCAGCAACTx,normal,Ctrl,SD48/16
SD48/16__10X_17_grch38:CGCTGGACATTGCGGCx,normal,Ctrl,SD48/16
SD48/16__10X_17_grch38:CGCTTCAAGATGGGTCx,normal,Ctrl,SD48/16
SD48/16__10X_17_grch38:CGCTTCAGTATCGCATx,normal,Ctrl,SD48/16
SD48/16__10X_17_grch38:CGGGTCATCGTCCAGGx,normal,Ctrl,SD48/16
SD48/16__10X_17_grch38:CGTCACTCACCTTGTCx,normal,Ctrl,SD48/16
SD48/16__10X_17_grch38:CGTGTAAGTAGGGTACx,normal,Ctrl,SD48/16
SD48/16__10X_17_grch38:CGTGTCTCAGGGTATGx,normal,Ctrl,SD48/16
SD48/16__10X_17_grch38:CTAACTTCACGTTGGCx,normal,Ctrl,SD48/16
SD48/16__10X_17_grch38:CTAATGGCAGATGAGCx,normal,Ctrl,SD48/16
SD48/16__10X_17_grch38:CTACATTTCTGGTTCCx,normal,Ctrl,SD48/16
SD48/16__10X_17_grch38:CTACGTCCACCCATGGx,normal,Ctrl,SD48/16
SD48/16__10X_17_grch38:CTAGCCTAGCCATCGCx,normal,Ctrl,SD48/16
SD48/16__10X_17_grch38:CTCATTACACGTAAGGx,normal,Ctrl,SD48/16
SD48/16__10X_17_grch38:CTCATTATCATTATCCx,normal,Ctrl,SD48/16
SD48/16__10X_17_grch38:CTCGAAATCCATGAACx,normal,Ctrl,SD48/16
SD48/16__10X_17_grch38:CTCTAATGTGTGGCTCx,normal,Ctrl,SD48/16
SD48/16__10X_17_grch38:CTCTACGGTGACTCATx,normal,Ctrl,SD48/16
SD48/16__10X_17_grch38:CTGAAGTTCGCTGATAx,normal,Ctrl,SD48/16
SD48/16__10X_17_grch38:CTGATAGAGTACGATAx,normal,Ctrl,SD48/16
SD48/16__10X_17_grch38:CTGATAGTCGTCTGCTx,normal,Ctrl,SD48/16
SD48/16__10X_17_grch38:CTGATCCTCCGCAGTGx,normal,Ctrl,SD48/16
SD48/16__10X_17_grch38:CTGGTCTGTCTGCGGTx,normal,Ctrl,SD48/16
SD48/16__10X_17_grch38:CTGGTCTGTTAAAGACx,normal,Ctrl,SD48/16
SD48/16__10X_17_grch38:GAACGGAGTGATGATAx,normal,Ctrl,SD48/16
SD48/16__10X_17_grch38:GAATAAGCAGGAATGCx,normal,Ctrl,SD48/16
SD48/16__10X_17_grch38:GACGTGCGTCTGATCAx,normal,Ctrl,SD48/16
SD48/16__10X_17_grch38:GACGTGCTCGTATCAGx,normal,Ctrl,SD48/16
SD48/16__10X_17_grch38:GACTGCGTCGTTTGCCx,normal,Ctrl,SD48/16
SD48/16__10X_17_grch38:GAGTCCGGTTCAGACTx,normal,Ctrl,SD48/16
SD48/16__10X_17_grch38:GATGAGGGTGCCTTGGx,normal,Ctrl,SD48/16
SD48/16__10X_17_grch38:GCAAACTCAATGGAGCx,normal,Ctrl,SD48/16
SD48/16__10X_17_grch38:GCATGATGTCTTGCGGx,normal,Ctrl,SD48/16
SD48/16__10X_17_grch38:GCGACCAAGGACAGAAx,normal,Ctrl,SD48/16
SD48/16__10X_17_grch38:GCGACCAGTAGCACGAx,normal,Ctrl,SD48/16
SD48/16__10X_17_grch38:GCGCGATTCGTAGGAGx,normal,Ctrl,SD48/16
SD48/16__10X_17_grch38:GCTCTGTTCGCCCTTAx,normal,Ctrl,SD48/16
SD48/16__10X_17_grch38:GCTGGGTCAACTTGACx,normal,Ctrl,SD48/16
SD48/16__10X_17_grch38:GGACAGAAGTCAAGGCx,normal,Ctrl,SD48/16
SD48/16__10X_17_grch38:GGACGTCAGGTGATATx,normal,Ctrl,SD48/16
SD48/16__10X_17_grch38:GGACGTCTCGGAATCTx,normal,Ctrl,SD48/16
SD48/16__10X_17_grch38:GGATGTTGTGACCAAGx,normal,Ctrl,SD48/16
SD48/16__10X_17_grch38:GGATTACGTCTCTCGTx,normal,Ctrl,SD48/16
SD48/16__10X_17_grch38:GGCGTGTAGAAGAAGCx,normal,Ctrl,SD48/16
SD48/16__10X_17_grch38:GGCTGGTTCCCTAACCx,normal,Ctrl,SD48/16
SD48/16__10X_17_grch38:GGGACCTTCATTATCCx,normal,Ctrl,SD48/16
SD48/16__10X_17_grch38:GGGATGAAGGATGCGTx,normal,Ctrl,SD48/16
SD48/16__10X_17_grch38:GGGATGACACAAGCCCx,normal,Ctrl,SD48/16
SD48/16__10X_17_grch38:GGGTCTGTCTTAGAGCx,normal,Ctrl,SD48/16
SD48/16__10X_17_grch38:GGGTTGCAGGGTCTCCx,normal,Ctrl,SD48/16
SD48/16__10X_17_grch38:GGTGTTAGTCCCGACAx,normal,Ctrl,SD48/16
SD48/16__10X_17_grch38:GTAACGTGTCAGCTATx,normal,Ctrl,SD48/16
SD48/16__10X_17_grch38:GTATTCTAGCTGGAACx,normal,Ctrl,SD48/16
SD48/16__10X_17_grch38:GTATTCTAGTGTCTCAx,normal,Ctrl,SD48/16
SD48/16__10X_17_grch38:GTCACAAAGACCCACCx,normal,Ctrl,SD48/16
SD48/16__10X_17_grch38:GTCACAATCTCGGACGx,normal,Ctrl,SD48/16
SD48/16__10X_17_grch38:GTCACGGCATCAGTACx,normal,Ctrl,SD48/16
SD48/16__10X_17_grch38:GTGAAGGAGGGCTTCCx,normal,Ctrl,SD48/16
SD48/16__10X_17_grch38:GTGCAGCGTGTCCTCTx,normal,Ctrl,SD48/16
SD48/16__10X_17_grch38:GTGCTTCTCTGCGGCAx,normal,Ctrl,SD48/16
SD48/16__10X_17_grch38:GTGTTAGTCATAGCACx,normal,Ctrl,SD48/16
SD48/16__10X_17_grch38:GTTAAGCGTACTCGCGx,normal,Ctrl,SD48/16
SD48/16__10X_17_grch38:GTTAAGCTCGTGACATx,normal,Ctrl,SD48/16
SD48/16__10X_17_grch38:GTTCATTTCAAGCCTAx,normal,Ctrl,SD48/16
SD48/16__10X_17_grch38:GTTCGGGAGTACGACGx,normal,Ctrl,SD48/16
SD48/16__10X_17_grch38:TAAGAGATCGAGGTAGx,normal,Ctrl,SD48/16
SD48/16__10X_17_grch38:TAAGCGTGTAATAGCAx,normal,Ctrl,SD48/16
SD48/16__10X_17_grch38:TACACGATCACCAGGCx,normal,Ctrl,SD48/16
SD48/16__10X_17_grch38:TACGGATCAGGAATCGx,normal,Ctrl,SD48/16
SD48/16__10X_17_grch38:TACGGGCAGGGTTCCCx,normal,Ctrl,SD48/16
SD48/16__10X_17_grch38:TACGGGCGTAAGTTCCx,normal,Ctrl,SD48/16
SD48/16__10X_17_grch38:TACTCATGTAGGCTGAx,normal,Ctrl,SD48/16
SD48/16__10X_17_grch38:TACTCATTCTATCCCGx,normal,Ctrl,SD48/16
SD48/16__10X_17_grch38:TACTTGTGTATCACCAx,normal,Ctrl,SD48/16
SD48/16__10X_17_grch38:TAGACCATCATCTGCCx,normal,Ctrl,SD48/16
SD48/16__10X_17_grch38:TAGACCATCCATTCTAx,normal,Ctrl,SD48/16
SD48/16__10X_17_grch38:TAGAGCTGTACCAGTTx,normal,Ctrl,SD48/16
SD48/16__10X_17_grch38:TAGCCGGTCCGCATAAx,normal,Ctrl,SD48/16
SD48/16__10X_17_grch38:TATCTCATCCTGCCATx,normal,Ctrl,SD48/16
SD48/16__10X_17_grch38:TCACGAAGTTGCGCACx,normal,Ctrl,SD48/16
SD48/16__10X_17_grch38:TCAGATGCAGACAAATx,normal,Ctrl,SD48/16
SD48/16__10X_17_grch38:TCAGCTCAGCTACCGCx,normal,Ctrl,SD48/16
SD48/16__10X_17_grch38:TCATTACGTTGATTGCx,normal,Ctrl,SD48/16
SD48/16__10X_17_grch38:TCGCGAGTCTTTAGTCx,normal,Ctrl,SD48/16
SD48/16__10X_17_grch38:TCGCGTTGTTATCCGAx,normal,Ctrl,SD48/16
SD48/16__10X_17_grch38:TCGTACCCAATGGAGCx,normal,Ctrl,SD48/16
SD48/16__10X_17_grch38:TCGTAGAGTCGAAAGCx,normal,Ctrl,SD48/16
SD48/16__10X_17_grch38:TCTCATAGTAGGCATGx,normal,Ctrl,SD48/16
SD48/16__10X_17_grch38:TCTCTAATCGAATGGGx,normal,Ctrl,SD48/16
SD48/16__10X_17_grch38:TCTGAGACAGTCAGCCx,normal,Ctrl,SD48/16
SD48/16__10X_17_grch38:TCTTCGGGTTCGTTGAx,normal,Ctrl,SD48/16
SD48/16__10X_17_grch38:TCTTTCCAGGCCCGTTx,normal,Ctrl,SD48/16
SD48/16__10X_17_grch38:TCTTTCCTCCGTAGTAx,normal,Ctrl,SD48/16
SD48/16__10X_17_grch38:TGACAACCATGTCCTCx,normal,Ctrl,SD48/16
SD48/16__10X_17_grch38:TGACTAGAGCCAGAACx,normal,Ctrl,SD48/16
SD48/16__10X_17_grch38:TGAGCCGCACGGTGTCx,normal,Ctrl,SD48/16
SD48/16__10X_17_grch38:TGCCCATGTTCACCTCx,normal,Ctrl,SD48/16
SD48/16__10X_17_grch38:TGCGGGTGTCGACTATx,normal,Ctrl,SD48/16
SD48/16__10X_17_grch38:TGCTACCTCGCGATCGx,normal,Ctrl,SD48/16
SD48/16__10X_17_grch38:TGGACGCCATCTATGGx,normal,Ctrl,SD48/16
SD48/16__10X_17_grch38:TGGACGCGTAAATGACx,normal,Ctrl,SD48/16
SD48/16__10X_17_grch38:TGGACGCTCAGGCCCAx,normal,Ctrl,SD48/16
SD48/16__10X_17_grch38:TGGCGCAAGCGCCTTGx,normal,Ctrl,SD48/16
SD48/16__10X_17_grch38:TGGGAAGAGGGAACGGx,normal,Ctrl,SD48/16
SD48/16__10X_17_grch38:TGGGAAGGTGACGCCTx,normal,Ctrl,SD48/16
SD48/16__10X_17_grch38:TGGGAAGTCGGTGTCGx,normal,Ctrl,SD48/16
SD48/16__10X_17_grch38:TGGTTAGTCCGTAGTAx,normal,Ctrl,SD48/16
SD48/16__10X_17_grch38:TTAGTTCTCATCGGATx,normal,Ctrl,SD48/16
SD48/16__10X_17_grch38:TTAGTTCTCATCTGTTx,normal,Ctrl,SD48/16
SD48/16__10X_17_grch38:TTCCCAGCACCATGTAx,normal,Ctrl,SD48/16
SD48/16__10X_17_grch38:TTCCCAGGTCCGAAGAx,normal,Ctrl,SD48/16
SD48/16__10X_17_grch38:TTCCCAGTCTGCTGCTx,normal,Ctrl,SD48/16
SD48/16__10X_17_grch38:TTCCCAGTCTTGAGACx,normal,Ctrl,SD48/16
SD48/16__10X_17_grch38:TTCTTAGGTCCGTGACx,normal,Ctrl,SD48/16
SD48/16__10X_17_grch38:TTGGAACAGCGTCTATx,normal,Ctrl,SD48/16
SD48/16__10X_17_grch38:TTGGCAACAGACAGGTx,normal,Ctrl,SD48/16
SD48/16__10X_17_grch38:TTTATGCAGAAAGTGGx,normal,Ctrl,SD48/16
SD48/16__10X_17_grch38:TTTCCTCGTACCATCAx,normal,Ctrl,SD48/16
SD48/16__10X_17_grch38:TTTGCGCCAGGCTCACx,normal,Ctrl,SD48/16
SD48/16__10X_17_grch38:TTTGGTTGTTCACGGCx,normal,Ctrl,SD48/16
SD48/16__10X_17_grch38:TTTGTCAAGACTAGATx,normal,Ctrl,SD48/16
SD48/16__10X_17_grch38:TTTGTCAGTAACGTTCx,normal,Ctrl,SD48/16
MS122_NAWM__10X_17_grch38:AACTCTTAGATAGGAGx,MS,NAWM,MS122
MS122_NAWM__10X_17_grch38:AAGTCTGTCATATCGGx,MS,NAWM,MS122
MS122_NAWM__10X_17_grch38:AATCGGTGTATTACCGx,MS,NAWM,MS122
MS122_NAWM__10X_17_grch38:ACGATGTTCAAGAAGTx,MS,NAWM,MS122
MS122_NAWM__10X_17_grch38:ACGCAGCTCTCGATGAx,MS,NAWM,MS122
MS122_NAWM__10X_17_grch38:ACGGGTCGTACTTAGCx,MS,NAWM,MS122
MS122_NAWM__10X_17_grch38:AGGCCACGTTATTCTCx,MS,NAWM,MS122
MS122_NAWM__10X_17_grch38:AGGTCCGAGAAGAAGCx,MS,NAWM,MS122
MS122_NAWM__10X_17_grch38:ATCTACTTCCACGACGx,MS,NAWM,MS122
MS122_NAWM__10X_17_grch38:CAACCAATCATCTGCCx,MS,NAWM,MS122
MS122_NAWM__10X_17_grch38:CACATAGGTACCATCAx,MS,NAWM,MS122
MS122_NAWM__10X_17_grch38:CAGATCAGTCCCTACTx,MS,NAWM,MS122
MS122_NAWM__10X_17_grch38:CAGCAGCTCGGTCCGAx,MS,NAWM,MS122
MS122_NAWM__10X_17_grch38:CAGGTGCGTATAGGGCx,MS,NAWM,MS122
MS122_NAWM__10X_17_grch38:CATGACAGTTCGTGATx,MS,NAWM,MS122
MS122_NAWM__10X_17_grch38:CATGCCTAGGCGTACAx,MS,NAWM,MS122
MS122_NAWM__10X_17_grch38:CCAGCGACACAGATTCx,MS,NAWM,MS122
MS122_NAWM__10X_17_grch38:CTACATTAGATGTGTAx,MS,NAWM,MS122
MS122_NAWM__10X_17_grch38:CTACGTCTCACCACCTx,MS,NAWM,MS122
MS122_NAWM__10X_17_grch38:CTAGTGATCTAACGGTx,MS,NAWM,MS122
MS122_NAWM__10X_17_grch38:CTGATAGGTCACTGGCx,MS,NAWM,MS122
MS122_NAWM__10X_17_grch38:CTGATAGTCAGGCGAAx,MS,NAWM,MS122
MS122_NAWM__10X_17_grch38:CTTAGGAAGCAAATCAx,MS,NAWM,MS122
MS122_NAWM__10X_17_grch38:GCATACAAGCTTCGCGx,MS,NAWM,MS122
MS122_NAWM__10X_17_grch38:GGAGCAATCACATAGCx,MS,NAWM,MS122
MS122_NAWM__10X_17_grch38:GGCCGATGTGAGGGTTx,MS,NAWM,MS122
MS122_NAWM__10X_17_grch38:TAGACCATCGTCTGAAx,MS,NAWM,MS122
MS122_NAWM__10X_17_grch38:TATCAGGCAATGGAGCx,MS,NAWM,MS122
MS122_NAWM__10X_17_grch38:TCAGCTCCATTTGCTTx,MS,NAWM,MS122
MS122_NAWM__10X_17_grch38:TCGTACCTCGATGAGGx,MS,NAWM,MS122
MS122_NAWM__10X_17_grch38:TCTCATAAGATCTGAAx,MS,NAWM,MS122
MS122_NAWM__10X_17_grch38:TGAAAGAGTCTTCTCGx,MS,NAWM,MS122
MS122_NAWM__10X_17_grch38:TGCCCATAGAGGTTGCx,MS,NAWM,MS122
MS122_CI__10X_17_grch38:AAACGGGGTTCGTCTCx,MS,CI,MS122
MS122_CI__10X_17_grch38:AAAGCAAAGAAGCCCAx,MS,CI,MS122
MS122_CI__10X_17_grch38:AAGACCTCAGCTTCGGx,MS,CI,MS122
MS122_CI__10X_17_grch38:AAGACCTGTATTACCGx,MS,CI,MS122
MS122_CI__10X_17_grch38:AAGGTTCCATTGGTACx,MS,CI,MS122
MS122_CI__10X_17_grch38:AAGTCTGTCGAATGGGx,MS,CI,MS122
MS122_CI__10X_17_grch38:ACGATGTGTCTGATCAx,MS,CI,MS122
MS122_CI__10X_17_grch38:ACGATGTGTTGGAGGTx,MS,CI,MS122
MS122_CI__10X_17_grch38:ACGGCCATCTATGTGGx,MS,CI,MS122
MS122_CI__10X_17_grch38:ACGGGCTCATTAACCGx,MS,CI,MS122
MS122_CI__10X_17_grch38:ACGGGTCGTCCTCCATx,MS,CI,MS122
MS122_CI__10X_17_grch38:ACTGAGTGTCAAACTCx,MS,CI,MS122
MS122_CI__10X_17_grch38:ACTGAGTTCATCATTCx,MS,CI,MS122
MS122_CI__10X_17_grch38:ACTTACTTCGTTTATCx,MS,CI,MS122
MS122_CI__10X_17_grch38:AGAGCGATCTCAACTTx,MS,CI,MS122
MS122_CI__10X_17_grch38:AGCTCTCAGACCTAGGx,MS,CI,MS122
MS122_CI__10X_17_grch38:AGGTCATAGGTGGGTTx,MS,CI,MS122
MS122_CI__10X_17_grch38:ATCATCTGTCGAATCTx,MS,CI,MS122
MS122_CI__10X_17_grch38:ATCCGAATCTTGAGGTx,MS,CI,MS122
MS122_CI__10X_17_grch38:ATGAGGGGTTCACCTCx,MS,CI,MS122
MS122_CI__10X_17_grch38:ATGAGGGTCTTCTGGCx,MS,CI,MS122
MS122_CI__10X_17_grch38:CAACCTCGTCGCGAAAx,MS,CI,MS122
MS122_CI__10X_17_grch38:CACACCTTCTACTATCx,MS,CI,MS122
MS122_CI__10X_17_grch38:CACCAGGGTGACTACTx,MS,CI,MS122
MS122_CI__10X_17_grch38:CAGCCGACACCCATGGx,MS,CI,MS122
MS122_CI__10X_17_grch38:CAGCTGGGTATAGTAGx,MS,CI,MS122
MS122_CI__10X_17_grch38:CAGGTGCCAGGTCTCGx,MS,CI,MS122
MS122_CI__10X_17_grch38:CATATTCCAGGACCCTx,MS,CI,MS122
MS122_CI__10X_17_grch38:CATGACAGTCCTCTTGx,MS,CI,MS122
MS122_CI__10X_17_grch38:CATTCGCGTTTGACACx,MS,CI,MS122
MS122_CI__10X_17_grch38:CCACGGACAGGCTGAAx,MS,CI,MS122
MS122_CI__10X_17_grch38:CCACGGACAGGGTACAx,MS,CI,MS122
MS122_CI__10X_17_grch38:CCATTCGTCTCGATGAx,MS,CI,MS122
MS122_CI__10X_17_grch38:CCTAAAGAGCTGAAATx,MS,CI,MS122
MS122_CI__10X_17_grch38:CCTTACGTCCCAGGTGx,MS,CI,MS122
MS122_CI__10X_17_grch38:CCTTCCCAGGGTTCCCx,MS,CI,MS122
MS122_CI__10X_17_grch38:CGAGCACTCCTCGCATx,MS,CI,MS122
MS122_CI__10X_17_grch38:CGCTATCGTGCTGTATx,MS,CI,MS122
MS122_CI__10X_17_grch38:CGCTATCTCCTTGCCAx,MS,CI,MS122
MS122_CI__10X_17_grch38:CGGACGTTCTATCCCGx,MS,CI,MS122
MS122_CI__10X_17_grch38:CGTCACTGTCATCCCTx,MS,CI,MS122
MS122_CI__10X_17_grch38:CGTCTACGTGATGTGGx,MS,CI,MS122
MS122_CI__10X_17_grch38:CTCATTACATTTGCCCx,MS,CI,MS122
MS122_CI__10X_17_grch38:CTCATTAGTGATAAACx,MS,CI,MS122
MS122_CI__10X_17_grch38:CTCGTCAGTCGAGATGx,MS,CI,MS122
MS122_CI__10X_17_grch38:CTCTAATGTCGCTTTCx,MS,CI,MS122
MS122_CI__10X_17_grch38:CTCTAATTCTTGTACTx,MS,CI,MS122
MS122_CI__10X_17_grch38:CTCTACGAGATCTGCTx,MS,CI,MS122
MS122_CI__10X_17_grch38:CTCTGGTGTTTGACACx,MS,CI,MS122
MS122_CI__10X_17_grch38:CTGAAACAGGCTACGAx,MS,CI,MS122
MS122_CI__10X_17_grch38:GAACCTAGTCTAGCCGx,MS,CI,MS122
MS122_CI__10X_17_grch38:GACCTGGAGCTAAACAx,MS,CI,MS122
MS122_CI__10X_17_grch38:GACCTGGGTAATTGGAx,MS,CI,MS122
MS122_CI__10X_17_grch38:GACGTTACAGTCGTGCx,MS,CI,MS122
MS122_CI__10X_17_grch38:GACTACAAGCTTATCGx,MS,CI,MS122
MS122_CI__10X_17_grch38:GAGTCCGTCCCTTGTGx,MS,CI,MS122
MS122_CI__10X_17_grch38:GATGAGGAGGACATTAx,MS,CI,MS122
MS122_CI__10X_17_grch38:GATGCTAAGTGCCAGAx,MS,CI,MS122
MS122_CI__10X_17_grch38:GATTCAGCACGGTAAGx,MS,CI,MS122
MS122_CI__10X_17_grch38:GCACATATCACGGTTAx,MS,CI,MS122
MS122_CI__10X_17_grch38:GCACTCTGTGGCGAATx,MS,CI,MS122
MS122_CI__10X_17_grch38:GCACTCTTCCTTCAATx,MS,CI,MS122
MS122_CI__10X_17_grch38:GCGCAACAGTCCGTATx,MS,CI,MS122
MS122_CI__10X_17_grch38:GCTGCTTTCTTACCGCx,MS,CI,MS122
MS122_CI__10X_17_grch38:GGACATTTCACATAGCx,MS,CI,MS122
MS122_CI__10X_17_grch38:GGATTACTCACTCTTAx,MS,CI,MS122
MS122_CI__10X_17_grch38:GGCCGATGTACAGTGGx,MS,CI,MS122
MS122_CI__10X_17_grch38:GGGACCTTCGAGAACGx,MS,CI,MS122
MS122_CI__10X_17_grch38:GGGATGAGTACAGTGGx,MS,CI,MS122
MS122_CI__10X_17_grch38:GGGTTGCCATCAGTACx,MS,CI,MS122
MS122_CI__10X_17_grch38:GTAACGTAGAAGCCCAx,MS,CI,MS122
MS122_CI__10X_17_grch38:GTAACGTTCCTTTCTCx,MS,CI,MS122
MS122_CI__10X_17_grch38:GTAGTCACATGTCTCCx,MS,CI,MS122
MS122_CI__10X_17_grch38:GTAGTCATCCTCTAGCx,MS,CI,MS122
MS122_CI__10X_17_grch38:GTAGTCATCTGTCTCGx,MS,CI,MS122
MS122_CI__10X_17_grch38:GTCACAAAGTGTTAGAx,MS,CI,MS122
MS122_CI__10X_17_grch38:GTCACGGAGAGCAATTx,MS,CI,MS122
MS122_CI__10X_17_grch38:GTCTCGTCATCACCCTx,MS,CI,MS122
MS122_CI__10X_17_grch38:GTTTCTACAGCTGTGCx,MS,CI,MS122
MS122_CI__10X_17_grch38:TACCTATTCCCTAACCx,MS,CI,MS122
MS122_CI__10X_17_grch38:TACGGTATCTGCGGCAx,MS,CI,MS122
MS122_CI__10X_17_grch38:TACTTACCACTTAAGCx,MS,CI,MS122
MS122_CI__10X_17_grch38:TAGACCAAGGCGATACx,MS,CI,MS122
MS122_CI__10X_17_grch38:TCACGAACACAGAGGTx,MS,CI,MS122
MS122_CI__10X_17_grch38:TCCACACTCCGTTGTCx,MS,CI,MS122
MS122_CI__10X_17_grch38:TCTGGAATCACCGTAAx,MS,CI,MS122
MS122_CI__10X_17_grch38:TGACGGCTCCTGTACCx,MS,CI,MS122
MS122_CI__10X_17_grch38:TGAGCCGTCTTCTGGCx,MS,CI,MS122
MS122_CI__10X_17_grch38:TGGGAAGTCCAGAGGAx,MS,CI,MS122
MS122_CI__10X_17_grch38:TGGGCGTTCCAAATGCx,MS,CI,MS122
MS122_CI__10X_17_grch38:TGGTTCCGTGCAACTTx,MS,CI,MS122
MS122_CI__10X_17_grch38:TTAACTCCATCCAACAx,MS,CI,MS122
MS122_CI__10X_17_grch38:TTAGGCAGTAAACCTCx,MS,CI,MS122
MS122_CI__10X_17_grch38:TTCTACAGTCTCTCTGx,MS,CI,MS122
MS122_CI__10X_17_grch38:TTCTCAAAGGGTCGATx,MS,CI,MS122
MS122_CI__10X_17_grch38:TTGACTTAGTTGAGTAx,MS,CI,MS122
MS122_CI__10X_17_grch38:TTGGCAACAAGGACTGx,MS,CI,MS122
MS122_CI__10X_17_grch38:TTTGCGCTCAACACACx,MS,CI,MS122
MS122_A__10X_17_grch38:AAAGCAAAGGCTAGACx,MS,A,MS122
MS122_A__10X_17_grch38:AAATGCCCACATGACTx,MS,A,MS122
MS122_A__10X_17_grch38:AACTGGTCACGTTGGCx,MS,A,MS122
MS122_A__10X_17_grch38:AAGTCTGAGTTATCGCx,MS,A,MS122
MS122_A__10X_17_grch38:ACGATACAGTTACGGGx,MS,A,MS122
MS122_A__10X_17_grch38:ACTGAACCAGTAAGATx,MS,A,MS122
MS122_A__10X_17_grch38:AGACGTTAGGCTAGCAx,MS,A,MS122
MS122_A__10X_17_grch38:AGCAGCCCAGCATACTx,MS,A,MS122
MS122_A__10X_17_grch38:AGGGAGTCAGTGACAGx,MS,A,MS122
MS122_A__10X_17_grch38:ATAACGCAGAAGAAGCx,MS,A,MS122
MS122_A__10X_17_grch38:ATTACTCGTAAATACGx,MS,A,MS122
MS122_A__10X_17_grch38:CAGCCGAAGGAATGGAx,MS,A,MS122
MS122_A__10X_17_grch38:CGGGTCAAGCCTCGTGx,MS,A,MS122
MS122_A__10X_17_grch38:CTCAGAACATCCCATCx,MS,A,MS122
MS122_A__10X_17_grch38:CTCGAAAGTTAAAGACx,MS,A,MS122
MS122_A__10X_17_grch38:CTCGTCACATCGGGTCx,MS,A,MS122
MS122_A__10X_17_grch38:CTCTACGAGCTAAGATx,MS,A,MS122
MS122_A__10X_17_grch38:GACTAACTCCTTTCTCx,MS,A,MS122
MS122_A__10X_17_grch38:GAGGTGATCCTATGTTx,MS,A,MS122
MS122_A__10X_17_grch38:GCAAACTTCAGTTTGGx,MS,A,MS122
MS122_A__10X_17_grch38:GCGAGAACATTCGACAx,MS,A,MS122
MS122_A__10X_17_grch38:GCTTCCAGTATCGCATx,MS,A,MS122
MS122_A__10X_17_grch38:GCTTCCAGTCTCGTTCx,MS,A,MS122
MS122_A__10X_17_grch38:GGAATAACATTGGGCCx,MS,A,MS122
MS122_A__10X_17_grch38:GGCCGATCATCGATTGx,MS,A,MS122
MS122_A__10X_17_grch38:GGGAATGCACATCCGGx,MS,A,MS122
MS122_A__10X_17_grch38:GTCACAACAAAGCGGTx,MS,A,MS122
MS122_A__10X_17_grch38:GTCTCGTGTCGTTGTAx,MS,A,MS122
MS122_A__10X_17_grch38:GTGCTTCGTTGTACACx,MS,A,MS122
MS122_A__10X_17_grch38:GTGTGCGAGAATTGTGx,MS,A,MS122
MS122_A__10X_17_grch38:TAAGCGTTCTGGTTCCx,MS,A,MS122
MS122_A__10X_17_grch38:TCAATCTTCGTGACATx,MS,A,MS122
MS122_A__10X_17_grch38:TCCACACTCCAACCAAx,MS,A,MS122
MS122_A__10X_17_grch38:TCTCTAACACGACGAAx,MS,A,MS122
MS122_A__10X_17_grch38:TCTTTCCCACAGATTCx,MS,A,MS122
MS122_A__10X_17_grch38:TGACAACGTCTCTTATx,MS,A,MS122
MS122_A__10X_17_grch38:TGACGGCGTAAATGACx,MS,A,MS122
MS122_A__10X_17_grch38:TGCTACCAGCTGGAACx,MS,A,MS122
MS122_A__10X_17_grch38:TTAGTTCAGCCAACAGx,MS,A,MS122
MS122_A__10X_17_grch38:TTCTCCTCAGGATCGAx,MS,A,MS122
MS122_A__10X_17_grch38:TTGAACGCATTGGGCCx,MS,A,MS122
MS122_A__10X_17_grch38:TTGCCGTCAACGATCTx,MS,A,MS122
MS122_A__10X_17_grch38:TTGTAGGCAGGGTACAx,MS,A,MS122
MS121_NAWM__10X_17_grch38:ACATCAGTCCCATTATx,MS,NAWM,MS121
MS121_NAWM__10X_17_grch38:CCAGCGAAGTTTGCGTx,MS,NAWM,MS121
MS121_NAWM__10X_17_grch38:CGGAGTCCAGGTCCACx,MS,NAWM,MS121
MS121_NAWM__10X_17_grch38:GAACGGAAGCCAGTTTx,MS,NAWM,MS121
MS121_A3__10X_17_grch38:ACACTGAAGGCGTACAx,MS,A,MS121
MS121_A3__10X_17_grch38:ACTTACTGTGCACCACx,MS,A,MS121
MS121_A3__10X_17_grch38:AGGTCCGGTTTAGGAAx,MS,A,MS121
MS121_A3__10X_17_grch38:CAACCTCTCGACGGAAx,MS,A,MS121
MS121_A3__10X_17_grch38:CACACCTAGGCTATCTx,MS,A,MS121
MS121_A3__10X_17_grch38:CAGCATAAGTTCGCATx,MS,A,MS121
MS121_A3__10X_17_grch38:CATCGAACAGTATGCTx,MS,A,MS121
MS121_A3__10X_17_grch38:CATCGAAGTTACCAGTx,MS,A,MS121
MS121_A3__10X_17_grch38:CCACTACGTAGGCTGAx,MS,A,MS121
MS121_A3__10X_17_grch38:CCTTACGGTAGGACACx,MS,A,MS121
MS121_A3__10X_17_grch38:CGTCACTTCCAGAGGAx,MS,A,MS121
MS121_A3__10X_17_grch38:CTCGTACCATGATCCAx,MS,A,MS121
MS121_A3__10X_17_grch38:GAATAAGAGGGAACGGx,MS,A,MS121
MS121_A3__10X_17_grch38:GCATGCGGTGATGCCCx,MS,A,MS121
MS121_A3__10X_17_grch38:GCGCAGTCAGGGTATGx,MS,A,MS121
MS121_A3__10X_17_grch38:GCTTCCATCGGCGCTAx,MS,A,MS121
MS121_A3__10X_17_grch38:GGCGACTAGGCCATAGx,MS,A,MS121
MS121_A3__10X_17_grch38:GTCTCGTCATGGTCATx,MS,A,MS121
MS121_A3__10X_17_grch38:GTTCATTAGGATATACx,MS,A,MS121
MS121_A3__10X_17_grch38:TAAGAGACATCTCCCAx,MS,A,MS121
MS121_A3__10X_17_grch38:TAAGAGATCGCCTGAGx,MS,A,MS121
MS121_A3__10X_17_grch38:TACGGATTCCTTCAATx,MS,A,MS121
MS121_A3__10X_17_grch38:TAGTTGGCAAAGTCAAx,MS,A,MS121
MS121_A3__10X_17_grch38:TCCCGATAGCGATCCCx,MS,A,MS121
MS121_A3__10X_17_grch38:TGACGGCTCTAACCGAx,MS,A,MS121
MS121_A3__10X_17_grch38:TGGCCAGTCTTGCCGTx,MS,A,MS121
MS121_A2__10X_17_grch38:CATATGGCACCATGTAx,MS,A,MS121
MS121_A2__10X_17_grch38:CCTCAGTAGTGTACGGx,MS,A,MS121
MS121_A2__10X_17_grch38:TCACAAGTCGTGACATx,MS,A,MS121
MS121_CA__10X_17_grch38:ACACCAATCACTCTTAx,MS,CA,MS121
MS121_CA__10X_17_grch38:ACATACGCACTTACGAx,MS,CA,MS121
MS121_CA__10X_17_grch38:ACATGGTAGCGTTGCCx,MS,CA,MS121
MS121_CA__10X_17_grch38:ACGAGCCGTGCGCTTGx,MS,CA,MS121
MS121_CA__10X_17_grch38:ACTGAGTGTGCAGACAx,MS,CA,MS121
MS121_CA__10X_17_grch38:ACTGATGTCACTTACTx,MS,CA,MS121
MS121_CA__10X_17_grch38:AGGTCCGTCAATCACGx,MS,CA,MS121
MS121_CA__10X_17_grch38:ATTACTCAGATGCCTTx,MS,CA,MS121
MS121_CA__10X_17_grch38:CAAGGCCGTCATATCGx,MS,CA,MS121
MS121_CA__10X_17_grch38:CATCCACGTCGCTTTCx,MS,CA,MS121
MS121_CA__10X_17_grch38:CGCCAAGCACACCGCAx,MS,CA,MS121
MS121_CA__10X_17_grch38:CTAACTTGTAGTACCTx,MS,CA,MS121
MS121_CA__10X_17_grch38:CTCACACGTGTGGTTTx,MS,CA,MS121
MS121_CA__10X_17_grch38:CTTAACTAGCGATCCCx,MS,CA,MS121
MS121_CA__10X_17_grch38:CTTAACTAGTCCATACx,MS,CA,MS121
MS121_CA__10X_17_grch38:GCTCCTATCGATAGAAx,MS,CA,MS121
MS121_CA__10X_17_grch38:GGCAATTAGTGTCTCAx,MS,CA,MS121
MS121_CA__10X_17_grch38:GTTAAGCCAATCTACGx,MS,CA,MS121
MS121_CA__10X_17_grch38:TACCTATCACTGTCGGx,MS,CA,MS121
MS121_CA__10X_17_grch38:TCACGAATCATGCAACx,MS,CA,MS121
MS121_CA__10X_17_grch38:TCGGGACTCAGTGTTGx,MS,CA,MS121
MS121_CA__10X_17_grch38:TCGTAGATCTGACCTCx,MS,CA,MS121
MS121_CA__10X_17_grch38:TCTTTCCTCGAGAGCAx,MS,CA,MS121
MS121_CA__10X_17_grch38:TTCGGTCCAAGGTTTCx,MS,CA,MS121
MS121_CA__10X_17_grch38:TTGCCGTCATCAGTCAx,MS,CA,MS121
MS176_NAWM__10X_17_grch38:TCACGAAAGGGATACCx,MS,NAWM,MS176
CO39__10X_17_grch38:TTGTAGGTCGGCCGATx,normal,Ctrl,CO39
CO14__10X_17_grch38:AACTCTTTCAAGGTAAx,normal,Ctrl,CO14
SD48/16__10X_17_grch38:AAGCCGCAGTGCTGCCx,normal,Ctrl,SD48/16
MS122_NAWM__10X_17_grch38:GACTGCGAGTTAACGAx,MS,NAWM,MS122
MS122_CI__10X_17_grch38:TCTCATAGTCAGAGGTx,MS,CI,MS122
MS122_CI__10X_17_grch38:TGCTACCCAGCGTTCGx,MS,CI,MS122
MS122_A__10X_17_grch38:ACCTTTAGTCCGTGACx,MS,A,MS122
CO28__10X_17_grch38:CGACCTTCAATCTACGx,normal,Ctrl,CO28
CO28__10X_17_grch38:CTGATAGGTCATGCCGx,normal,Ctrl,CO28
CO28__10X_17_grch38:TAGGCATGTGGTGTAGx,normal,Ctrl,CO28
CO28__10X_17_grch38:TCGTACCTCCGAACGCx,normal,Ctrl,CO28
CO28__10X_17_grch38:TTTACTGTCGTCCGTTx,normal,Ctrl,CO28
CO28__10X_17_grch38:TTTGGTTGTCTCCATCx,normal,Ctrl,CO28
CO25__10X_17_grch38:ATCATGGAGGATGGAAx,normal,Ctrl,CO25
CO25__10X_17_grch38:CAGAGAGAGCGTGAACx,normal,Ctrl,CO25
CO25__10X_17_grch38:TTATGCTGTCAAAGATx,normal,Ctrl,CO25
MS176_NAWM__10X_17_grch38:AACTCTTGTCACACGCx,MS,NAWM,MS176
MS176_NAWM__10X_17_grch38:AACTGGTCAAGTAGTAx,MS,NAWM,MS176
MS176_NAWM__10X_17_grch38:AATCGGTCAATTGCTGx,MS,NAWM,MS176
MS176_NAWM__10X_17_grch38:ACACCCTAGAGGTTGCx,MS,NAWM,MS176
MS176_NAWM__10X_17_grch38:ACTGATGTCGGTGTCGx,MS,NAWM,MS176
MS176_NAWM__10X_17_grch38:AGGTCCGAGTTAGCGGx,MS,NAWM,MS176
MS176_NAWM__10X_17_grch38:CACCAGGCACACATGTx,MS,NAWM,MS176
MS176_NAWM__10X_17_grch38:CAGTAACAGAACAATCx,MS,NAWM,MS176
MS176_NAWM__10X_17_grch38:CATCAGATCCGCGTTTx,MS,NAWM,MS176
MS176_NAWM__10X_17_grch38:CATGGCGGTCCCTTGTx,MS,NAWM,MS176
MS176_NAWM__10X_17_grch38:CCACCTACAATGACCTx,MS,NAWM,MS176
MS176_NAWM__10X_17_grch38:CTCCTAGCACGTCTCTx,MS,NAWM,MS176
MS176_NAWM__10X_17_grch38:CTCGAAAAGTGCTGCCx,MS,NAWM,MS176
MS176_NAWM__10X_17_grch38:CTGATCCCATCCGCGAx,MS,NAWM,MS176
MS176_NAWM__10X_17_grch38:GAGTCCGCAGCATACTx,MS,NAWM,MS176
MS176_NAWM__10X_17_grch38:GCAATCATCCGTAGTAx,MS,NAWM,MS176
MS176_NAWM__10X_17_grch38:GCGCCAACATCCCATCx,MS,NAWM,MS176
MS176_NAWM__10X_17_grch38:GGACAGACACTAAGTCx,MS,NAWM,MS176
MS176_NAWM__10X_17_grch38:GGAGCAACATCGATGTx,MS,NAWM,MS176
MS176_NAWM__10X_17_grch38:GTACTTTCATTTGCTTx,MS,NAWM,MS176
MS176_NAWM__10X_17_grch38:GTCGGGTAGTGTACTCx,MS,NAWM,MS176
MS176_NAWM__10X_17_grch38:TACTCGCAGTACGCGAx,MS,NAWM,MS176
MS176_NAWM__10X_17_grch38:TAGCCGGCAGTGACAGx,MS,NAWM,MS176
MS176_NAWM__10X_17_grch38:TAGTGGTGTAAGAGGAx,MS,NAWM,MS176
MS176_NAWM__10X_17_grch38:TCAGATGCACCCTATCx,MS,NAWM,MS176
MS176_NAWM__10X_17_grch38:TCCACACAGAGATGAGx,MS,NAWM,MS176
MS176_NAWM__10X_17_grch38:TCCACACAGGCTCTTAx,MS,NAWM,MS176
MS176_NAWM__10X_17_grch38:TCGCGAGGTCTACCTCx,MS,NAWM,MS176
MS176_NAWM__10X_17_grch38:TGCCAAAGTCTACCTCx,MS,NAWM,MS176
MS176_NAWM__10X_17_grch38:TGCCCATAGCTACCGCx,MS,NAWM,MS176
MS176_NAWM__10X_17_grch38:TGCTACCGTCTCGTTCx,MS,NAWM,MS176
MS176_NAWM__10X_17_grch38:TGGGCGTGTACCAGTTx,MS,NAWM,MS176
MS176_NAWM__10X_17_grch38:TTTCCTCTCCGTTGCTx,MS,NAWM,MS176
MS176_RM__10X_17_grch38:AAACGGGGTTGGGACAx,MS,RM,MS176
MS176_RM__10X_17_grch38:AAATGCCCATCACCCTx,MS,RM,MS176
MS176_RM__10X_17_grch38:AACTCCCAGAGTAATCx,MS,RM,MS176
MS176_RM__10X_17_grch38:AAGGTTCGTTAGGGTGx,MS,RM,MS176
MS176_RM__10X_17_grch38:AAGTCTGAGTCCTCCTx,MS,RM,MS176
MS176_RM__10X_17_grch38:ACGCAGCTCAGCTTAGx,MS,RM,MS176
MS176_RM__10X_17_grch38:AGAATAGCAGTAAGATx,MS,RM,MS176
MS176_RM__10X_17_grch38:ATCCGAAAGTTAACGAx,MS,RM,MS176
MS176_RM__10X_17_grch38:ATTATCCTCTTGTCATx,MS,RM,MS176
MS176_RM__10X_17_grch38:CACATAGCACTTAAGCx,MS,RM,MS176
MS176_RM__10X_17_grch38:CAGCTAAAGTTCGCATx,MS,RM,MS176
MS176_RM__10X_17_grch38:CAGTCCTGTAGCGATGx,MS,RM,MS176
MS176_RM__10X_17_grch38:CAGTCCTGTCCGAACCx,MS,RM,MS176
MS176_RM__10X_17_grch38:CCGTGGATCATGTCCCx,MS,RM,MS176
MS176_RM__10X_17_grch38:CCTTACGCAAGCGCTCx,MS,RM,MS176
MS176_RM__10X_17_grch38:CGACTTCCAAACGCGAx,MS,RM,MS176
MS176_RM__10X_17_grch38:CGAGAAGGTCGTTGTAx,MS,RM,MS176
MS176_RM__10X_17_grch38:CGGCTAGCAAGCCGCTx,MS,RM,MS176
MS176_RM__10X_17_grch38:CTAGAGTCATCCCATCx,MS,RM,MS176
MS176_RM__10X_17_grch38:CTCCTAGGTAAGTGTAx,MS,RM,MS176
MS176_RM__10X_17_grch38:CTGCTGTAGGTGATTAx,MS,RM,MS176
MS176_RM__10X_17_grch38:CTGGTCTAGATGTCGGx,MS,RM,MS176
MS176_RM__10X_17_grch38:CTTACCGAGATCTGAAx,MS,RM,MS176
MS176_RM__10X_17_grch38:CTTAGGAAGTGGCACAx,MS,RM,MS176
MS176_RM__10X_17_grch38:GCACATAAGGCATGGTx,MS,RM,MS176
MS176_RM__10X_17_grch38:GGGTTGCTCACTTATCx,MS,RM,MS176
MS176_RM__10X_17_grch38:GTCACAAGTCGCGGTTx,MS,RM,MS176
MS176_RM__10X_17_grch38:GTGTTAGAGAAGGACAx,MS,RM,MS176
MS176_RM__10X_17_grch38:TACTTACTCATGTCCCx,MS,RM,MS176
MS176_RM__10X_17_grch38:TCTCTAATCACCAGGCx,MS,RM,MS176
MS176_RM__10X_17_grch38:TGCCCATGTAAGTTCCx,MS,RM,MS176
MS176_RM__10X_17_grch38:TGCGGGTTCGTGGACCx,MS,RM,MS176
MS176_RM__10X_17_grch38:TTTGCGCGTAGAGGAAx,MS,RM,MS176
MS176_CI__10X_17_056_roche_grch38_4:AACGTTGAGTTAAGTGx,MS,CI,MS176
MS176_CA__10X_17_grch38:ATCACGACACTACAGTx,MS,CA,MS176
MS176_CA__10X_17_grch38:CACCAGGCAGACGCCTx,MS,CA,MS176
MS176_CA__10X_17_grch38:CGATGGCCATTTGCCCx,MS,CA,MS176
MS176_CA__10X_17_grch38:CGTTCTGCACATGACTx,MS,CA,MS176
MS176_CA__10X_17_grch38:GGAATAACACGTCAGCx,MS,CA,MS176
MS176_CA__10X_17_grch38:TATCAGGGTCGCCATGx,MS,CA,MS176
CO39__10X_17_grch38:AAACCTGAGCCAGAACx,normal,Ctrl,CO39
CO39__10X_17_grch38:AAACGGGAGTGATCGGx,normal,Ctrl,CO39
CO39__10X_17_grch38:AAAGCAACAAGAAAGGx,normal,Ctrl,CO39
CO39__10X_17_grch38:AAATGCCAGGACACCAx,normal,Ctrl,CO39
CO39__10X_17_grch38:AACACGTAGCTAAGATx,normal,Ctrl,CO39
CO39__10X_17_grch38:AACGTTGAGCAGGCTAx,normal,Ctrl,CO39
CO39__10X_17_grch38:AACTGGTAGAAGATTCx,normal,Ctrl,CO39
CO39__10X_17_grch38:AACTTTCCACGGCTACx,normal,Ctrl,CO39
CO39__10X_17_grch38:AATCCAGAGCTACCGCx,normal,Ctrl,CO39
CO39__10X_17_grch38:AATCCAGCACAGATTCx,normal,Ctrl,CO39
CO39__10X_17_grch38:ACACCAATCTCTAGGAx,normal,Ctrl,CO39
CO39__10X_17_grch38:ACAGCCGCAATGCCATx,normal,Ctrl,CO39
CO39__10X_17_grch38:ACATCAGGTCTTGCGGx,normal,Ctrl,CO39
CO39__10X_17_grch38:ACCGTAACAAGTTCTGx,normal,Ctrl,CO39
CO39__10X_17_grch38:ACGATACAGTGGTAGCx,normal,Ctrl,CO39
CO39__10X_17_grch38:ACGGCCATCTGCAGTAx,normal,Ctrl,CO39
CO39__10X_17_grch38:ACTGAGTGTCTCTCGTx,normal,Ctrl,CO39
CO39__10X_17_grch38:ACTGATGGTACTCAACx,normal,Ctrl,CO39
CO39__10X_17_grch38:AGACGTTTCTTGACGAx,normal,Ctrl,CO39
CO39__10X_17_grch38:AGAGCGAAGATCCCATx,normal,Ctrl,CO39
CO39__10X_17_grch38:AGCCTAACATTTGCTTx,normal,Ctrl,CO39
CO39__10X_17_grch38:AGCGGTCGTGGACGATx,normal,Ctrl,CO39
CO39__10X_17_grch38:AGGCCACCACAGGCCTx,normal,Ctrl,CO39
CO39__10X_17_grch38:AGTTGGTTCTGCAAGTx,normal,Ctrl,CO39
CO39__10X_17_grch38:ATCATCTAGAACAACTx,normal,Ctrl,CO39
CO39__10X_17_grch38:ATCCGAAAGAACTGTAx,normal,Ctrl,CO39
CO39__10X_17_grch38:ATCGAGTCAATCACACx,normal,Ctrl,CO39
CO39__10X_17_grch38:ATGAGGGGTCGTGGCTx,normal,Ctrl,CO39
CO39__10X_17_grch38:CACTCCAGTCTAACGTx,normal,Ctrl,CO39
CO39__10X_17_grch38:CAGAGAGGTGTAATGAx,normal,Ctrl,CO39
CO39__10X_17_grch38:CAGATCAAGCACCGCTx,normal,Ctrl,CO39
CO39__10X_17_grch38:CAGCATACATTACCTTx,normal,Ctrl,CO39
CO39__10X_17_grch38:CAGCGACAGGGAACGGx,normal,Ctrl,CO39
CO39__10X_17_grch38:CAGCTAAGTTATGCGTx,normal,Ctrl,CO39
CO39__10X_17_grch38:CAGTCCTTCACCATAGx,normal,Ctrl,CO39
CO39__10X_17_grch38:CATCGAAGTGGGTATGx,normal,Ctrl,CO39
CO39__10X_17_grch38:CATCGGGTCAAACCGTx,normal,Ctrl,CO39
CO39__10X_17_grch38:CATGGCGAGTAGTGCGx,normal,Ctrl,CO39
CO39__10X_17_grch38:CATTCGCCACGGTAGAx,normal,Ctrl,CO39
CO39__10X_17_grch38:CCACCTAAGCCCTAATx,normal,Ctrl,CO39
CO39__10X_17_grch38:CCACTACTCGAGAGCAx,normal,Ctrl,CO39
CO39__10X_17_grch38:CCCAATCCAAAGAATCx,normal,Ctrl,CO39
CO39__10X_17_grch38:CCCTCCTGTGTAATGAx,normal,Ctrl,CO39
CO39__10X_17_grch38:CCGGTAGAGCCCAATTx,normal,Ctrl,CO39
CO39__10X_17_grch38:CCGGTAGAGGGTCTCCx,normal,Ctrl,CO39
CO39__10X_17_grch38:CGACCTTCACCAGTTAx,normal,Ctrl,CO39
CO39__10X_17_grch38:CGAGAAGAGCGTGTCCx,normal,Ctrl,CO39
CO39__10X_17_grch38:CGAGAAGTCGCTAGCGx,normal,Ctrl,CO39
CO39__10X_17_grch38:CGATGTAAGCGTCTATx,normal,Ctrl,CO39
CO39__10X_17_grch38:CGCTATCGTCTCTTTAx,normal,Ctrl,CO39
CO39__10X_17_grch38:CGCTTCAAGCGATCCCx,normal,Ctrl,CO39
CO39__10X_17_grch38:CGTCAGGCACAGACAGx,normal,Ctrl,CO39
CO39__10X_17_grch38:CGTCCATAGAGTAATCx,normal,Ctrl,CO39
CO39__10X_17_grch38:CTACATTAGAAGCCCAx,normal,Ctrl,CO39
CO39__10X_17_grch38:CTACATTTCCGCGGTAx,normal,Ctrl,CO39
CO39__10X_17_grch38:CTCCTAGAGAATGTGTx,normal,Ctrl,CO39
CO39__10X_17_grch38:CTCGAAATCGACAGCCx,normal,Ctrl,CO39
CO39__10X_17_grch38:CTCTACGCAGATGAGCx,normal,Ctrl,CO39
CO39__10X_17_grch38:CTCTACGGTTCCACAAx,normal,Ctrl,CO39
CO39__10X_17_grch38:CTCTACGTCGACCAGCx,normal,Ctrl,CO39
CO39__10X_17_grch38:CTGAAGTGTGGCAAACx,normal,Ctrl,CO39
CO39__10X_17_grch38:CTGTGCTGTACATCCAx,normal,Ctrl,CO39
CO39__10X_17_grch38:CTGTTTAAGTACCGGAx,normal,Ctrl,CO39
CO39__10X_17_grch38:CTTCTCTAGAGTCTGGx,normal,Ctrl,CO39
CO39__10X_17_grch38:GAACCTACATACTACGx,normal,Ctrl,CO39
CO39__10X_17_grch38:GAACCTATCTATCCTAx,normal,Ctrl,CO39
CO39__10X_17_grch38:GACACGCGTTCTGAACx,normal,Ctrl,CO39
CO39__10X_17_grch38:GACTAACGTGCAACTTx,normal,Ctrl,CO39
CO39__10X_17_grch38:GACTGCGTCCTAAGTGx,normal,Ctrl,CO39
CO39__10X_17_grch38:GAGGTGACAGGGTTAGx,normal,Ctrl,CO39
CO39__10X_17_grch38:GATCGCGAGCAGGCTAx,normal,Ctrl,CO39
CO39__10X_17_grch38:GATTCAGCAGCTTCGGx,normal,Ctrl,CO39
CO39__10X_17_grch38:GCATACAGTCCAACTAx,normal,Ctrl,CO39
CO39__10X_17_grch38:GCATGATAGGACCACAx,normal,Ctrl,CO39
CO39__10X_17_grch38:GCCAAATCACTCGACGx,normal,Ctrl,CO39
CO39__10X_17_grch38:GCTGCGACATTTCAGGx,normal,Ctrl,CO39
CO39__10X_17_grch38:GGACAAGGTCATATGCx,normal,Ctrl,CO39
CO39__10X_17_grch38:GGAGCAAAGAGCCTAGx,normal,Ctrl,CO39
CO39__10X_17_grch38:GGGAATGGTGAGGGTTx,normal,Ctrl,CO39
CO39__10X_17_grch38:GGGCACTAGCCTTGATx,normal,Ctrl,CO39
CO39__10X_17_grch38:GTAACGTCAGGGTTAGx,normal,Ctrl,CO39
CO39__10X_17_grch38:GTGAAGGTCTTCTGGCx,normal,Ctrl,CO39
CO39__10X_17_grch38:GTGCAGCTCCAAATGCx,normal,Ctrl,CO39
CO39__10X_17_grch38:GTGCTTCAGTCGATAAx,normal,Ctrl,CO39
CO39__10X_17_grch38:GTTCATTCAAACGTGGx,normal,Ctrl,CO39
CO39__10X_17_grch38:TACACGACATAACCTGx,normal,Ctrl,CO39
CO39__10X_17_grch38:TACAGTGCACACGCTGx,normal,Ctrl,CO39
CO39__10X_17_grch38:TACCTATGTGGGTATGx,normal,Ctrl,CO39
CO39__10X_17_grch38:TACCTTAAGCCCAATTx,normal,Ctrl,CO39
CO39__10X_17_grch38:TACGGATCAACAACCTx,normal,Ctrl,CO39
CO39__10X_17_grch38:TAGTGGTTCTTCAACTx,normal,Ctrl,CO39
CO39__10X_17_grch38:TAGTTGGAGCGGATCAx,normal,Ctrl,CO39
CO39__10X_17_grch38:TATGCCCTCTCGCATCx,normal,Ctrl,CO39
CO39__10X_17_grch38:TCACAAGTCGGGAGTAx,normal,Ctrl,CO39
CO39__10X_17_grch38:TCACGAAAGATGTGGCx,normal,Ctrl,CO39
CO39__10X_17_grch38:TCATTTGGTAAGGGAAx,normal,Ctrl,CO39
CO39__10X_17_grch38:TCATTTGTCAAAGACAx,normal,Ctrl,CO39
CO39__10X_17_grch38:TCGCGTTCATCGGACCx,normal,Ctrl,CO39
CO39__10X_17_grch38:TCTTTCCGTCTCTCGTx,normal,Ctrl,CO39
CO39__10X_17_grch38:TGACAACCACTGTTAGx,normal,Ctrl,CO39
CO39__10X_17_grch38:TGAGGGAGTATCACCAx,normal,Ctrl,CO39
CO39__10X_17_grch38:TGCCCTAAGCTCCTCTx,normal,Ctrl,CO39
CO39__10X_17_grch38:TGCCCTACAGGGCATAx,normal,Ctrl,CO39
CO39__10X_17_grch38:TGCGGGTAGCGGATCAx,normal,Ctrl,CO39
CO39__10X_17_grch38:TGCGGGTGTCCATCCTx,normal,Ctrl,CO39
CO39__10X_17_grch38:TGCGTGGAGGGAAACAx,normal,Ctrl,CO39
CO39__10X_17_grch38:TGGGCGTAGCGCCTTGx,normal,Ctrl,CO39
CO39__10X_17_grch38:TGTCCCATCCGGCACAx,normal,Ctrl,CO39
CO39__10X_17_grch38:TTAGGCACATCATCCCx,normal,Ctrl,CO39
CO39__10X_17_grch38:TTCTTAGCAACAACCTx,normal,Ctrl,CO39
CO39__10X_17_grch38:TTTCCTCAGCGTGAACx,normal,Ctrl,CO39
CO39__10X_17_grch38:TTTGCGCGTCTTCAAGx,normal,Ctrl,CO39
CO39__10X_17_grch38:TTTGCGCTCAGGCCCAx,normal,Ctrl,CO39
CO39__10X_17_grch38:TTTGTCAGTGCGATAGx,normal,Ctrl,CO39
CO14__10X_17_grch38:ACAGCTAGTTTAGCTGx,normal,Ctrl,CO14
CO14__10X_17_grch38:ACCGTAAAGGGATGGGx,normal,Ctrl,CO14
CO14__10X_17_grch38:ACGATACCACAGTCGCx,normal,Ctrl,CO14
CO14__10X_17_grch38:ACGCCAGGTGGTCTCGx,normal,Ctrl,CO14
CO14__10X_17_grch38:AGCGTCGGTCGAGATGx,normal,Ctrl,CO14
CO14__10X_17_grch38:AGGCCGTTCCTTGCCAx,normal,Ctrl,CO14
CO14__10X_17_grch38:AGGGATGAGTGGGATCx,normal,Ctrl,CO14
CO14__10X_17_grch38:AGTCTTTGTTAAGTAGx,normal,Ctrl,CO14
CO14__10X_17_grch38:ATCATCTTCGCCGTGAx,normal,Ctrl,CO14
CO14__10X_17_grch38:ATGAGGGAGAGCCCAAx,normal,Ctrl,CO14
CO14__10X_17_grch38:ATGTGTGGTAAAGTCAx,normal,Ctrl,CO14
CO14__10X_17_grch38:CAACTAGCACACCGCAx,normal,Ctrl,CO14
CO14__10X_17_grch38:CAGCATAGTAGCCTATx,normal,Ctrl,CO14
CO14__10X_17_grch38:CAGCCGACAAGTCATCx,normal,Ctrl,CO14
CO14__10X_17_grch38:CAGGTGCAGCTTTGGTx,normal,Ctrl,CO14
CO14__10X_17_grch38:CCACCTAGTCAAACTCx,normal,Ctrl,CO14
CO14__10X_17_grch38:CCATTCGGTCCGTGACx,normal,Ctrl,CO14
CO14__10X_17_grch38:CCGTACTAGACAGGCTx,normal,Ctrl,CO14
CO14__10X_17_grch38:CCTCAGTTCATCTGCCx,normal,Ctrl,CO14
CO14__10X_17_grch38:CCTTTCTAGGGAACGGx,normal,Ctrl,CO14
CO14__10X_17_grch38:CGAACATAGGAGCGAGx,normal,Ctrl,CO14
CO14__10X_17_grch38:CGAATGTTCCCTAATTx,normal,Ctrl,CO14
CO14__10X_17_grch38:CGACCTTGTGATAAGTx,normal,Ctrl,CO14
CO14__10X_17_grch38:CGCCAAGCACTACAGTx,normal,Ctrl,CO14
CO14__10X_17_grch38:CGCTATCCAATGCCATx,normal,Ctrl,CO14
CO14__10X_17_grch38:CGGTTAACACTGTGTAx,normal,Ctrl,CO14
CO14__10X_17_grch38:CTACCCATCGTGACATx,normal,Ctrl,CO14
CO14__10X_17_grch38:CTAGAGTAGTATCTCGx,normal,Ctrl,CO14
CO14__10X_17_grch38:GAACGGAAGATAGTCAx,normal,Ctrl,CO14
CO14__10X_17_grch38:GAATAAGTCAGAGCTTx,normal,Ctrl,CO14
CO14__10X_17_grch38:GACGTGCTCTCTTGATx,normal,Ctrl,CO14
CO14__10X_17_grch38:GACTGCGAGGGCTTGAx,normal,Ctrl,CO14
CO14__10X_17_grch38:GCAATCACAAAGAATCx,normal,Ctrl,CO14
CO14__10X_17_grch38:GTAGTCAGTGTCTGATx,normal,Ctrl,CO14
CO14__10X_17_grch38:GTCAAGTGTCGTTGTAx,normal,Ctrl,CO14
CO14__10X_17_grch38:GTCACGGAGTTCGCGCx,normal,Ctrl,CO14
CO14__10X_17_grch38:GTCATTTAGGTGACCAx,normal,Ctrl,CO14
CO14__10X_17_grch38:GTGCGGTGTGATAAGTx,normal,Ctrl,CO14
CO14__10X_17_grch38:GTGTTAGTCAAACCACx,normal,Ctrl,CO14
CO14__10X_17_grch38:TACACGATCAAACAAGx,normal,Ctrl,CO14
CO14__10X_17_grch38:TACCTTATCCACGCAGx,normal,Ctrl,CO14
CO14__10X_17_grch38:TACTTACAGAGCTGCAx,normal,Ctrl,CO14
CO14__10X_17_grch38:TACTTGTAGACAATACx,normal,Ctrl,CO14
CO14__10X_17_grch38:TCAGCAAGTCTTCAAGx,normal,Ctrl,CO14
CO14__10X_17_grch38:TCGCGTTCATGTAAGAx,normal,Ctrl,CO14
CO14__10X_17_grch38:TCGGGACCACTTAACGx,normal,Ctrl,CO14
CO14__10X_17_grch38:TGCACCTAGTCATCCAx,normal,Ctrl,CO14
CO14__10X_17_grch38:TGTGTTTCATCTCGCTx,normal,Ctrl,CO14
CO14__10X_17_grch38:TTAGGCAAGCTAAACAx,normal,Ctrl,CO14
CO14__10X_17_grch38:TTCCCAGAGGTACTCTx,normal,Ctrl,CO14
CO14__10X_17_grch38:TTTGGTTGTTTGACTGx,normal,Ctrl,CO14
SD48/16__10X_17_grch38:AACTCAGGTCACCCAGx,normal,Ctrl,SD48/16
SD48/16__10X_17_grch38:AACTCAGTCAATCACGx,normal,Ctrl,SD48/16
SD48/16__10X_17_grch38:AGAGCTTGTACTTGACx,normal,Ctrl,SD48/16
SD48/16__10X_17_grch38:AGATTGCAGCGCTCCAx,normal,Ctrl,SD48/16
SD48/16__10X_17_grch38:AGCTCTCGTTGCCTCTx,normal,Ctrl,SD48/16
SD48/16__10X_17_grch38:AGGCCGTCATGGTCTAx,normal,Ctrl,SD48/16
SD48/16__10X_17_grch38:ATAGACCTCAGTACGTx,normal,Ctrl,SD48/16
SD48/16__10X_17_grch38:ATGAGGGAGATCCCATx,normal,Ctrl,SD48/16
SD48/16__10X_17_grch38:ATTATCCAGCCAGTAGx,normal,Ctrl,SD48/16
SD48/16__10X_17_grch38:ATTGGTGAGCGTAGTGx,normal,Ctrl,SD48/16
SD48/16__10X_17_grch38:CAAGAAACACGACGAAx,normal,Ctrl,SD48/16
SD48/16__10X_17_grch38:CAAGATCAGACCCACCx,normal,Ctrl,SD48/16
SD48/16__10X_17_grch38:CACATTTTCTCAACTTx,normal,Ctrl,SD48/16
SD48/16__10X_17_grch38:CACCAGGGTTGGTTTGx,normal,Ctrl,SD48/16
SD48/16__10X_17_grch38:CATCGGGAGTTGCAGGx,normal,Ctrl,SD48/16
SD48/16__10X_17_grch38:CCTTTCTTCCAGATCAx,normal,Ctrl,SD48/16
SD48/16__10X_17_grch38:CGAATGTCAGTCACTAx,normal,Ctrl,SD48/16
SD48/16__10X_17_grch38:CGACTTCCAACTGCTAx,normal,Ctrl,SD48/16
SD48/16__10X_17_grch38:CGATGGCCAACGCACCx,normal,Ctrl,SD48/16
SD48/16__10X_17_grch38:CGCTATCGTTACAGAAx,normal,Ctrl,SD48/16
SD48/16__10X_17_grch38:CTACACCAGGCCATAGx,normal,Ctrl,SD48/16
SD48/16__10X_17_grch38:CTCGGAGAGTTAGCGGx,normal,Ctrl,SD48/16
SD48/16__10X_17_grch38:GAATAAGTCTCATTCAx,normal,Ctrl,SD48/16
SD48/16__10X_17_grch38:GACTAACAGGTGATATx,normal,Ctrl,SD48/16
SD48/16__10X_17_grch38:GACTAACTCGGCGCATx,normal,Ctrl,SD48/16
SD48/16__10X_17_grch38:GATGCTAAGGATTCGGx,normal,Ctrl,SD48/16
SD48/16__10X_17_grch38:GGTGCGTTCTAACTCTx,normal,Ctrl,SD48/16
SD48/16__10X_17_grch38:GTGCAGCTCCTCAACCx,normal,Ctrl,SD48/16
SD48/16__10X_17_grch38:TCCACACTCAGCTCGGx,normal,Ctrl,SD48/16
SD48/16__10X_17_grch38:TCCCGATTCTACTCATx,normal,Ctrl,SD48/16
SD48/16__10X_17_grch38:TCGCGAGAGTCCTCCTx,normal,Ctrl,SD48/16
SD48/16__10X_17_grch38:TCTCATAAGCTCCTTCx,normal,Ctrl,SD48/16
SD48/16__10X_17_grch38:TGGTTAGGTTTGGGCCx,normal,Ctrl,SD48/16
SD48/16__10X_17_grch38:TGGTTAGTCACCACCTx,normal,Ctrl,SD48/16
SD48/16__10X_17_grch38:TGTCCCAGTCGAACAGx,normal,Ctrl,SD48/16
SD48/16__10X_17_grch38:TTTATGCTCATCGGATx,normal,Ctrl,SD48/16
MS122_NAWM__10X_17_grch38:AACTCAGAGAAGGGTAx,MS,NAWM,MS122
MS122_NAWM__10X_17_grch38:AACTCAGTCACATACGx,MS,NAWM,MS122
MS122_NAWM__10X_17_grch38:AACTCCCGTCACTGGCx,MS,NAWM,MS122
MS122_NAWM__10X_17_grch38:AACTCTTCAATAAGCAx,MS,NAWM,MS122
MS122_NAWM__10X_17_grch38:AAGACCTGTTTGTTGGx,MS,NAWM,MS122
MS122_NAWM__10X_17_grch38:AATCGGTAGGTGATATx,MS,NAWM,MS122
MS122_NAWM__10X_17_grch38:ACGAGCCAGTGTACGGx,MS,NAWM,MS122
MS122_NAWM__10X_17_grch38:ACTGATGCAATCCAACx,MS,NAWM,MS122
MS122_NAWM__10X_17_grch38:ACTGCTCCACAACGCCx,MS,NAWM,MS122
MS122_NAWM__10X_17_grch38:ACTTACTCACCGCTAGx,MS,NAWM,MS122
MS122_NAWM__10X_17_grch38:AGAGTGGCACCACGTGx,MS,NAWM,MS122
MS122_NAWM__10X_17_grch38:AGGCCACAGGTTACCTx,MS,NAWM,MS122
MS122_NAWM__10X_17_grch38:AGTGAGGAGAGCCCAAx,MS,NAWM,MS122
MS122_NAWM__10X_17_grch38:ATCACGAGTGTAATGAx,MS,NAWM,MS122
MS122_NAWM__10X_17_grch38:ATTTCTGCAAACTGCTx,MS,NAWM,MS122
MS122_NAWM__10X_17_grch38:CAACCAAGTCAGGACAx,MS,NAWM,MS122
MS122_NAWM__10X_17_grch38:CAACTAGTCGGTGTTAx,MS,NAWM,MS122
MS122_NAWM__10X_17_grch38:CAGCAGCTCCGTTGTCx,MS,NAWM,MS122
MS122_NAWM__10X_17_grch38:CATATGGGTCTAGAGGx,MS,NAWM,MS122
MS122_NAWM__10X_17_grch38:CATGCCTTCTCGTATTx,MS,NAWM,MS122
MS122_NAWM__10X_17_grch38:CATTATCGTCAATGTCx,MS,NAWM,MS122
MS122_NAWM__10X_17_grch38:CCACTACTCTGCCAGGx,MS,NAWM,MS122
MS122_NAWM__10X_17_grch38:CCATGTCGTTACCGATx,MS,NAWM,MS122
MS122_NAWM__10X_17_grch38:CCGGTAGAGCCTATGTx,MS,NAWM,MS122
MS122_NAWM__10X_17_grch38:CCGTACTAGCCAGTTTx,MS,NAWM,MS122
MS122_NAWM__10X_17_grch38:CCTTCGATCCTTTCTCx,MS,NAWM,MS122
MS122_NAWM__10X_17_grch38:CGACCTTGTTCAGGCCx,MS,NAWM,MS122
MS122_NAWM__10X_17_grch38:CGAGCACAGAGTCGGTx,MS,NAWM,MS122
MS122_NAWM__10X_17_grch38:CGCCAAGGTGTTTGTGx,MS,NAWM,MS122
MS122_NAWM__10X_17_grch38:CGTCCATCAGCATACTx,MS,NAWM,MS122
MS122_NAWM__10X_17_grch38:CTAATGGGTTGTTTGGx,MS,NAWM,MS122
MS122_NAWM__10X_17_grch38:CTCGGGACACTGTCGGx,MS,NAWM,MS122
MS122_NAWM__10X_17_grch38:CTTCTCTTCCGGGTGTx,MS,NAWM,MS122
MS122_NAWM__10X_17_grch38:CTTTGCGAGTCGAGTGx,MS,NAWM,MS122
MS122_NAWM__10X_17_grch38:CTTTGCGCATTCCTCGx,MS,NAWM,MS122
MS122_NAWM__10X_17_grch38:GAAATGAAGAATTCCCx,MS,NAWM,MS122
MS122_NAWM__10X_17_grch38:GACTAACTCGCAGGCTx,MS,NAWM,MS122
MS122_NAWM__10X_17_grch38:GACTACACAATGAATGx,MS,NAWM,MS122
MS122_NAWM__10X_17_grch38:GATCTAGTCACCACCTx,MS,NAWM,MS122
MS122_NAWM__10X_17_grch38:GCAAACTGTATTACCGx,MS,NAWM,MS122
MS122_NAWM__10X_17_grch38:GCCTCTATCCTTTCTCx,MS,NAWM,MS122
MS122_NAWM__10X_17_grch38:GTACGTACATTACCTTx,MS,NAWM,MS122
MS122_NAWM__10X_17_grch38:GTCACAATCCCGACTTx,MS,NAWM,MS122
MS122_NAWM__10X_17_grch38:GTGCTTCAGTGCCAGAx,MS,NAWM,MS122
MS122_NAWM__10X_17_grch38:GTGTGCGAGCTGTCTAx,MS,NAWM,MS122
MS122_NAWM__10X_17_grch38:TACACGAAGTTGAGTAx,MS,NAWM,MS122
MS122_NAWM__10X_17_grch38:TACTTACTCCTAGAACx,MS,NAWM,MS122
MS122_NAWM__10X_17_grch38:TACTTGTGTACTTAGCx,MS,NAWM,MS122
MS122_NAWM__10X_17_grch38:TAGGCATTCTTCGGTCx,MS,NAWM,MS122
MS122_NAWM__10X_17_grch38:TCTATTGCACTATCTTx,MS,NAWM,MS122
MS122_NAWM__10X_17_grch38:TCTCTAACAGATAATGx,MS,NAWM,MS122
MS122_NAWM__10X_17_grch38:TCTCTAATCCCGGATGx,MS,NAWM,MS122
MS122_NAWM__10X_17_grch38:TGCTACCAGTTTGCGTx,MS,NAWM,MS122
MS122_NAWM__10X_17_grch38:TTAACTCTCATCTGTTx,MS,NAWM,MS122
MS122_NAWM__10X_17_grch38:TTAACTCTCGCCTGTTx,MS,NAWM,MS122
MS122_NAWM__10X_17_grch38:TTTCCTCAGGGTATCGx,MS,NAWM,MS122
MS122_NAWM__10X_17_grch38:TTTCCTCGTGTGCGTCx,MS,NAWM,MS122
MS122_CI__10X_17_grch38:AAAGCAACATCAGTACx,MS,CI,MS122
MS122_CI__10X_17_grch38:AAATGCCTCTGTCAAGx,MS,CI,MS122
MS122_CI__10X_17_grch38:AACCGCGCAACACGCCx,MS,CI,MS122
MS122_CI__10X_17_grch38:AACCGCGCAGGGTTAGx,MS,CI,MS122
MS122_CI__10X_17_grch38:AACTTTCTCCTTGCCAx,MS,CI,MS122
MS122_CI__10X_17_grch38:AAGCCGCCAACACCTAx,MS,CI,MS122
MS122_CI__10X_17_grch38:AAGGTTCCACTCGACGx,MS,CI,MS122
MS122_CI__10X_17_grch38:ACATCAGGTTAAAGTGx,MS,CI,MS122
MS122_CI__10X_17_grch38:ACCTTTAAGATCTGCTx,MS,CI,MS122
MS122_CI__10X_17_grch38:ACGATGTCATCAGTACx,MS,CI,MS122
MS122_CI__10X_17_grch38:ACGGGTCGTGAGGGTTx,MS,CI,MS122
MS122_CI__10X_17_grch38:ACGTCAATCACAACGTx,MS,CI,MS122
MS122_CI__10X_17_grch38:ACTGAACCATGATCCAx,MS,CI,MS122
MS122_CI__10X_17_grch38:ACTGATGAGTGATCGGx,MS,CI,MS122
MS122_CI__10X_17_grch38:ACTGCTCCAATCCAACx,MS,CI,MS122
MS122_CI__10X_17_grch38:ACTGTCCCAGGTCTCGx,MS,CI,MS122
MS122_CI__10X_17_grch38:ACTGTCCGTACCGGCTx,MS,CI,MS122
MS122_CI__10X_17_grch38:ACTTGTTAGACAAGCCx,MS,CI,MS122
MS122_CI__10X_17_grch38:ACTTGTTTCGGTTAACx,MS,CI,MS122
MS122_CI__10X_17_grch38:ACTTGTTTCTTAGCCCx,MS,CI,MS122
MS122_CI__10X_17_grch38:AGATTGCCATTTGCCCx,MS,CI,MS122
MS122_CI__10X_17_grch38:AGCCTAATCAGTCAGTx,MS,CI,MS122
MS122_CI__10X_17_grch38:AGCGTATGTGGCGAATx,MS,CI,MS122
MS122_CI__10X_17_grch38:AGCGTATGTTGATTGCx,MS,CI,MS122
MS122_CI__10X_17_grch38:AGCTCCTAGTTACGGGx,MS,CI,MS122
MS122_CI__10X_17_grch38:AGGCCACTCCGTTGCTx,MS,CI,MS122
MS122_CI__10X_17_grch38:AGGTCATTCGTTGACAx,MS,CI,MS122
MS122_CI__10X_17_grch38:AGGTCCGAGTCTTGCAx,MS,CI,MS122
MS122_CI__10X_17_grch38:AGTAGTCCACACCGCAx,MS,CI,MS122
MS122_CI__10X_17_grch38:ATCCGAAAGCAACGGTx,MS,CI,MS122
MS122_CI__10X_17_grch38:ATCTACTCAATGACCTx,MS,CI,MS122
MS122_CI__10X_17_grch38:ATCTGCCAGCTTATCGx,MS,CI,MS122
MS122_CI__10X_17_grch38:ATTATCCAGCTGTTCAx,MS,CI,MS122
MS122_CI__10X_17_grch38:ATTCTACTCGTTTGCCx,MS,CI,MS122
MS122_CI__10X_17_grch38:ATTGGACTCTCTAGGAx,MS,CI,MS122
MS122_CI__10X_17_grch38:ATTGGTGAGTAGCCGAx,MS,CI,MS122
MS122_CI__10X_17_grch38:ATTGGTGGTTCCTCCAx,MS,CI,MS122
MS122_CI__10X_17_grch38:CAACCAACAGTACACTx,MS,CI,MS122
MS122_CI__10X_17_grch38:CAACCAATCAGTACGTx,MS,CI,MS122
MS122_CI__10X_17_grch38:CAAGAAACAAGTTAAGx,MS,CI,MS122
MS122_CI__10X_17_grch38:CAAGTTGGTACAGTTCx,MS,CI,MS122
MS122_CI__10X_17_grch38:CACAAACCACTATCTTx,MS,CI,MS122
MS122_CI__10X_17_grch38:CACAAACGTTCGTCTCx,MS,CI,MS122
MS122_CI__10X_17_grch38:CACACCTCAAGTAGTAx,MS,CI,MS122
MS122_CI__10X_17_grch38:CACAGTACATGTCGATx,MS,CI,MS122
MS122_CI__10X_17_grch38:CACATAGAGTAAGTACx,MS,CI,MS122
MS122_CI__10X_17_grch38:CACATTTCATACCATGx,MS,CI,MS122
MS122_CI__10X_17_grch38:CAGCATAGTGGCAAACx,MS,CI,MS122
MS122_CI__10X_17_grch38:CAGCGACCAATGTTGCx,MS,CI,MS122
MS122_CI__10X_17_grch38:CAGCTGGTCAAGGCTTx,MS,CI,MS122
MS122_CI__10X_17_grch38:CAGTAACCATGTCGATx,MS,CI,MS122
MS122_CI__10X_17_grch38:CATCAGAGTGGCTCCAx,MS,CI,MS122
MS122_CI__10X_17_grch38:CCACCTAAGCCCTAATx,MS,CI,MS122
MS122_CI__10X_17_grch38:CCAGCGATCGTTGCCTx,MS,CI,MS122
MS122_CI__10X_17_grch38:CCATTCGCATGCCCGAx,MS,CI,MS122
MS122_CI__10X_17_grch38:CCATTCGGTTGGAGGTx,MS,CI,MS122
MS122_CI__10X_17_grch38:CCCAGTTAGTGAATTGx,MS,CI,MS122
MS122_CI__10X_17_grch38:CCCATACAGCGTTCCGx,MS,CI,MS122
MS122_CI__10X_17_grch38:CCGTGGAAGTGTTAGAx,MS,CI,MS122
MS122_CI__10X_17_grch38:CCTACACTCAGCACATx,MS,CI,MS122
MS122_CI__10X_17_grch38:CCTTCGATCTACTATCx,MS,CI,MS122
MS122_CI__10X_17_grch38:CGAACATCACAGGTTTx,MS,CI,MS122
MS122_CI__10X_17_grch38:CGATCGGGTTTAGGAAx,MS,CI,MS122
MS122_CI__10X_17_grch38:CGCCAAGAGTCGAGTGx,MS,CI,MS122
MS122_CI__10X_17_grch38:CGCCAAGCAAGGCTCCx,MS,CI,MS122
MS122_CI__10X_17_grch38:CGCCAAGGTAAGCACGx,MS,CI,MS122
MS122_CI__10X_17_grch38:CGCGTTTCATGAGCGAx,MS,CI,MS122
MS122_CI__10X_17_grch38:CGCTTCAGTATCACCAx,MS,CI,MS122
MS122_CI__10X_17_grch38:CGCTTCATCATCGATGx,MS,CI,MS122
MS122_CI__10X_17_grch38:CGGACGTGTTGATTCGx,MS,CI,MS122
MS122_CI__10X_17_grch38:CGGCTAGGTCTCACCTx,MS,CI,MS122
MS122_CI__10X_17_grch38:CGGGTCATCAGTACGTx,MS,CI,MS122
MS122_CI__10X_17_grch38:CGGTTAATCTTCATGTx,MS,CI,MS122
MS122_CI__10X_17_grch38:CGTAGCGGTTCCACGGx,MS,CI,MS122
MS122_CI__10X_17_grch38:CTAACTTCATGGGACAx,MS,CI,MS122
MS122_CI__10X_17_grch38:CTACACCAGATCCCGCx,MS,CI,MS122
MS122_CI__10X_17_grch38:CTCGAAAGTGAGGCTAx,MS,CI,MS122
MS122_CI__10X_17_grch38:CTCGGGAAGAGGTACCx,MS,CI,MS122
MS122_CI__10X_17_grch38:CTCTGGTGTCGAGATGx,MS,CI,MS122
MS122_CI__10X_17_grch38:CTGAAGTGTGCGCTTGx,MS,CI,MS122
MS122_CI__10X_17_grch38:CTGATAGAGAGAACAGx,MS,CI,MS122
MS122_CI__10X_17_grch38:CTGCGGAAGGGTTTCTx,MS,CI,MS122
MS122_CI__10X_17_grch38:CTGCGGATCTTTACGTx,MS,CI,MS122
MS122_CI__10X_17_grch38:CTGGTCTAGGCTAGCAx,MS,CI,MS122
MS122_CI__10X_17_grch38:CTTCTCTAGCTATGCTx,MS,CI,MS122
MS122_CI__10X_17_grch38:CTTTGCGAGACTAGATx,MS,CI,MS122
MS122_CI__10X_17_grch38:GAAATGAGTGGCTCCAx,MS,CI,MS122
MS122_CI__10X_17_grch38:GAACCTATCGCAAGCCx,MS,CI,MS122
MS122_CI__10X_17_grch38:GAACGGACACATCCAAx,MS,CI,MS122
MS122_CI__10X_17_grch38:GACAGAGCAGCTGCACx,MS,CI,MS122
MS122_CI__10X_17_grch38:GACTACAGTACTCTCCx,MS,CI,MS122
MS122_CI__10X_17_grch38:GAGCAGAAGCGCCTCAx,MS,CI,MS122
MS122_CI__10X_17_grch38:GAGTCCGTCACCCTCAx,MS,CI,MS122
MS122_CI__10X_17_grch38:GATCAGTAGGCGCTCTx,MS,CI,MS122
MS122_CI__10X_17_grch38:GATGAAAAGGGTCTCCx,MS,CI,MS122
MS122_CI__10X_17_grch38:GCAAACTGTTGCTCCTx,MS,CI,MS122
MS122_CI__10X_17_grch38:GCAAACTTCAAGGTAAx,MS,CI,MS122
MS122_CI__10X_17_grch38:GCAATCATCGCGTTTCx,MS,CI,MS122
MS122_CI__10X_17_grch38:GCACATAGTCGAAAGCx,MS,CI,MS122
MS122_CI__10X_17_grch38:GCAGTTAAGCCTATGTx,MS,CI,MS122
MS122_CI__10X_17_grch38:GCAGTTATCTGCGTAAx,MS,CI,MS122
MS122_CI__10X_17_grch38:GCATGATAGCCTTGATx,MS,CI,MS122
MS122_CI__10X_17_grch38:GCCTCTAAGCGTAATAx,MS,CI,MS122
MS122_CI__10X_17_grch38:GCGCAACAGTATGACAx,MS,CI,MS122
MS122_CI__10X_17_grch38:GCGCAGTAGCCTTGATx,MS,CI,MS122
MS122_CI__10X_17_grch38:GCGCAGTCACCCATTCx,MS,CI,MS122
MS122_CI__10X_17_grch38:GCGCAGTTCTAACCGAx,MS,CI,MS122
MS122_CI__10X_17_grch38:GCGGGTTTCTTGACGAx,MS,CI,MS122
MS122_CI__10X_17_grch38:GCTGGGTCACGTCAGCx,MS,CI,MS122
MS122_CI__10X_17_grch38:GCTTGAATCGCCAAATx,MS,CI,MS122
MS122_CI__10X_17_grch38:GGACAAGAGACTAGGCx,MS,CI,MS122
MS122_CI__10X_17_grch38:GGACAAGGTCATACTGx,MS,CI,MS122
MS122_CI__10X_17_grch38:GGCGTGTGTTGGACCCx,MS,CI,MS122
MS122_CI__10X_17_grch38:GGGACCTCAGGCTGAAx,MS,CI,MS122
MS122_CI__10X_17_grch38:GGGAGATGTAATAGCAx,MS,CI,MS122
MS122_CI__10X_17_grch38:GGGTCTGCACATTAGCx,MS,CI,MS122
MS122_CI__10X_17_grch38:GGTATTGGTCCTGCTTx,MS,CI,MS122
MS122_CI__10X_17_grch38:GGTATTGTCCAGTAGTx,MS,CI,MS122
MS122_CI__10X_17_grch38:GGTATTGTCGAGCCCAx,MS,CI,MS122
MS122_CI__10X_17_grch38:GGTGAAGGTTTAGGAAx,MS,CI,MS122
MS122_CI__10X_17_grch38:GTACTCCGTAAAGTCAx,MS,CI,MS122
MS122_CI__10X_17_grch38:GTCACAAGTTCAGCGCx,MS,CI,MS122
MS122_CI__10X_17_grch38:GTCACAATCCTGTAGAx,MS,CI,MS122
MS122_CI__10X_17_grch38:GTCCTCATCTATCGCCx,MS,CI,MS122
MS122_CI__10X_17_grch38:GTCGGGTAGCTAAGATx,MS,CI,MS122
MS122_CI__10X_17_grch38:GTCGGGTGTATTCTCTx,MS,CI,MS122
MS122_CI__10X_17_grch38:GTCGGGTGTGGTTTCAx,MS,CI,MS122
MS122_CI__10X_17_grch38:TAAGAGATCGGCGCATx,MS,CI,MS122
MS122_CI__10X_17_grch38:TAAGCGTAGCTTTGGTx,MS,CI,MS122
MS122_CI__10X_17_grch38:TAAGCGTTCGCGTTTCx,MS,CI,MS122
MS122_CI__10X_17_grch38:TACCTATGTTCAGACTx,MS,CI,MS122
MS122_CI__10X_17_grch38:TACCTTAGTTGTCGCGx,MS,CI,MS122
MS122_CI__10X_17_grch38:TACGGATCATGTCCTCx,MS,CI,MS122
MS122_CI__10X_17_grch38:TACGGTATCGGTGTTAx,MS,CI,MS122
MS122_CI__10X_17_grch38:TACTCATAGGTGTTAAx,MS,CI,MS122
MS122_CI__10X_17_grch38:TAGAGCTCATGGTAGGx,MS,CI,MS122
MS122_CI__10X_17_grch38:TAGTGGTGTGTTTGGTx,MS,CI,MS122
MS122_CI__10X_17_grch38:TAGTGGTTCATGTCCCx,MS,CI,MS122
MS122_CI__10X_17_grch38:TAGTTGGGTTAAAGACx,MS,CI,MS122
MS122_CI__10X_17_grch38:TATCAGGAGTACGACGx,MS,CI,MS122
MS122_CI__10X_17_grch38:TATCTCACACTGTCGGx,MS,CI,MS122
MS122_CI__10X_17_grch38:TATTACCAGGCATTGGx,MS,CI,MS122
MS122_CI__10X_17_grch38:TCAACGAAGTGAACATx,MS,CI,MS122
MS122_CI__10X_17_grch38:TCACAAGGTAATCGTCx,MS,CI,MS122
MS122_CI__10X_17_grch38:TCACGAATCGTTGACAx,MS,CI,MS122
MS122_CI__10X_17_grch38:TCCACACAGTCATGCTx,MS,CI,MS122
MS122_CI__10X_17_grch38:TCGCGTTTCGTTACGAx,MS,CI,MS122
MS122_CI__10X_17_grch38:TCTCATAAGCTCCTTCx,MS,CI,MS122
MS122_CI__10X_17_grch38:TCTCATAAGGAATTACx,MS,CI,MS122
MS122_CI__10X_17_grch38:TCTCTAAAGTGTTAGAx,MS,CI,MS122
MS122_CI__10X_17_grch38:TCTTCGGTCAGAGACGx,MS,CI,MS122
MS122_CI__10X_17_grch38:TGACTTTCACCAGATTx,MS,CI,MS122
MS122_CI__10X_17_grch38:TGAGCATAGTCCATACx,MS,CI,MS122
MS122_CI__10X_17_grch38:TGAGCCGGTATGAATGx,MS,CI,MS122
MS122_CI__10X_17_grch38:TGCTACCCAACTTGACx,MS,CI,MS122
MS122_CI__10X_17_grch38:TGGCGCAAGTCCAGGAx,MS,CI,MS122
MS122_CI__10X_17_grch38:TGGTTAGTCTCGGACGx,MS,CI,MS122
MS122_CI__10X_17_grch38:TGTATTCCAGCGTCCAx,MS,CI,MS122
MS122_CI__10X_17_grch38:TGTATTCGTGACAAATx,MS,CI,MS122
MS122_CI__10X_17_grch38:TGTCCCACACGGTAAGx,MS,CI,MS122
MS122_CI__10X_17_grch38:TTAACTCGTCCAACTAx,MS,CI,MS122
MS122_CI__10X_17_grch38:TTAGTTCAGATGCGACx,MS,CI,MS122
MS122_CI__10X_17_grch38:TTATGCTGTAAGAGAGx,MS,CI,MS122
MS122_CI__10X_17_grch38:TTCTCCTAGCCCTAATx,MS,CI,MS122
MS122_CI__10X_17_grch38:TTGCGTCCATGTCGATx,MS,CI,MS122
MS122_CI__10X_17_grch38:TTGGAACGTATTCGTGx,MS,CI,MS122
MS122_CI__10X_17_grch38:TTGGAACTCTAACTTCx,MS,CI,MS122
MS122_CI__10X_17_grch38:TTGGCAAAGTAGCCGAx,MS,CI,MS122
MS122_CI__10X_17_grch38:TTTACTGGTGTGAAATx,MS,CI,MS122
MS122_A__10X_17_grch38:AAACGGGTCCTTTACAx,MS,A,MS122
MS122_A__10X_17_grch38:AACCGCGCACGGCTACx,MS,A,MS122
MS122_A__10X_17_grch38:AAGGCAGTCTTGTACTx,MS,A,MS122
MS122_A__10X_17_grch38:AAGTCTGGTGCCTGGTx,MS,A,MS122
MS122_A__10X_17_grch38:AATCCAGAGACTAGGCx,MS,A,MS122
MS122_A__10X_17_grch38:ACCTTTACACCACGTGx,MS,A,MS122
MS122_A__10X_17_grch38:ACTTACTGTCATATGCx,MS,A,MS122
MS122_A__10X_17_grch38:ACTTTCACAGCGTCCAx,MS,A,MS122
MS122_A__10X_17_grch38:AGATTGCGTTCCACAAx,MS,A,MS122
MS122_A__10X_17_grch38:AGCGGTCAGTAGCGGTx,MS,A,MS122
MS122_A__10X_17_grch38:ATCGAGTAGGCTAGCAx,MS,A,MS122
MS122_A__10X_17_grch38:ATGAGGGGTCTACCTCx,MS,A,MS122
MS122_A__10X_17_grch38:ATGCGATGTCATTAGCx,MS,A,MS122
MS122_A__10X_17_grch38:CAACTAGGTCCGTTAAx,MS,A,MS122
MS122_A__10X_17_grch38:CAAGTTGTCCTGTACCx,MS,A,MS122
MS122_A__10X_17_grch38:CACACAACAAAGCGGTx,MS,A,MS122
MS122_A__10X_17_grch38:CACATAGAGCACAGGTx,MS,A,MS122
MS122_A__10X_17_grch38:CACCAGGAGATCTGCTx,MS,A,MS122
MS122_A__10X_17_grch38:CAGATCACATACTACGx,MS,A,MS122
MS122_A__10X_17_grch38:CAGCCGAAGTCAAGGCx,MS,A,MS122
MS122_A__10X_17_grch38:CATCAAGAGGGATGGGx,MS,A,MS122
MS122_A__10X_17_grch38:CCAATCCTCTATCCTAx,MS,A,MS122
MS122_A__10X_17_grch38:CCAATCCTCTTCTGGCx,MS,A,MS122
MS122_A__10X_17_grch38:CCCAATCGTTAAGTAGx,MS,A,MS122
MS122_A__10X_17_grch38:CCGGGATCACTACAGTx,MS,A,MS122
MS122_A__10X_17_grch38:CCTAAAGTCGGCGCTAx,MS,A,MS122
MS122_A__10X_17_grch38:CCTACACAGCTCCTTCx,MS,A,MS122
MS122_A__10X_17_grch38:CCTTCCCGTATCGCATx,MS,A,MS122
MS122_A__10X_17_grch38:CGACTTCAGTCGTACTx,MS,A,MS122
MS122_A__10X_17_grch38:CGATCGGCACCAGGCTx,MS,A,MS122
MS122_A__10X_17_grch38:CGCTTCATCCTTCAATx,MS,A,MS122
MS122_A__10X_17_grch38:CGGACACAGACAGAGAx,MS,A,MS122
MS122_A__10X_17_grch38:CGTCTACAGCCCAACCx,MS,A,MS122
MS122_A__10X_17_grch38:CTCCTAGAGGCGTACAx,MS,A,MS122
MS122_A__10X_17_grch38:CTCGGAGCACGAAAGCx,MS,A,MS122
MS122_A__10X_17_grch38:CTCTGGTCACGGCGTTx,MS,A,MS122
MS122_A__10X_17_grch38:GAAATGACACATCTTTx,MS,A,MS122
MS122_A__10X_17_grch38:GAAGCAGAGTTACCCAx,MS,A,MS122
MS122_A__10X_17_grch38:GACGCGTGTTGGTTTGx,MS,A,MS122
MS122_A__10X_17_grch38:GAGTCCGTCCAGTATGx,MS,A,MS122
MS122_A__10X_17_grch38:GATTCAGAGGAGTAGAx,MS,A,MS122
MS122_A__10X_17_grch38:GCAATCAGTAGGAGTCx,MS,A,MS122
MS122_A__10X_17_grch38:GCATACATCTGCGACGx,MS,A,MS122
MS122_A__10X_17_grch38:GCCAAATCACGACGAAx,MS,A,MS122
MS122_A__10X_17_grch38:GCTGCAGAGTCCTCCTx,MS,A,MS122
MS122_A__10X_17_grch38:GCTGCTTTCTCCGGTTx,MS,A,MS122
MS122_A__10X_17_grch38:GGATTACTCTCTGCTGx,MS,A,MS122
MS122_A__10X_17_grch38:GGCAATTAGAATGTGTx,MS,A,MS122
MS122_A__10X_17_grch38:GGCAATTAGAGGGATAx,MS,A,MS122
MS122_A__10X_17_grch38:GGCTCGATCCCGGATGx,MS,A,MS122
MS122_A__10X_17_grch38:GGCTGGTTCATCACCCx,MS,A,MS122
MS122_A__10X_17_grch38:GGGCACTAGGCAATTAx,MS,A,MS122
MS122_A__10X_17_grch38:GGTATTGCACGAAACGx,MS,A,MS122
MS122_A__10X_17_grch38:GTAACTGCAGTCACTAx,MS,A,MS122
MS122_A__10X_17_grch38:GTACTCCCAAGCGTAGx,MS,A,MS122
MS122_A__10X_17_grch38:GTCACGGTCAGAGGTGx,MS,A,MS122
MS122_A__10X_17_grch38:GTCATTTGTCCAACTAx,MS,A,MS122
MS122_A__10X_17_grch38:GTCGTAATCTCGAGTAx,MS,A,MS122
MS122_A__10X_17_grch38:GTCTCGTAGGGAACGGx,MS,A,MS122
MS122_A__10X_17_grch38:GTGAAGGGTCGACTGCx,MS,A,MS122
MS122_A__10X_17_grch38:GTTAAGCGTCCCTTGTx,MS,A,MS122
MS122_A__10X_17_grch38:TACTCATGTCAGAAGCx,MS,A,MS122
MS122_A__10X_17_grch38:TACTCGCCAAACGCGAx,MS,A,MS122
MS122_A__10X_17_grch38:TAGTTGGGTCATATGCx,MS,A,MS122
MS122_A__10X_17_grch38:TCACGAAGTGCGCTTGx,MS,A,MS122
MS122_A__10X_17_grch38:TGCCCTACATGTAGTCx,MS,A,MS122
MS122_A__10X_17_grch38:TGGCCAGAGCTGCCCAx,MS,A,MS122
MS122_A__10X_17_grch38:TGGGAAGGTATTCGTGx,MS,A,MS122
MS122_A__10X_17_grch38:TGTGGTAAGACGCACAx,MS,A,MS122
MS122_A__10X_17_grch38:TGTGTTTGTTAAGTAGx,MS,A,MS122
MS122_A__10X_17_grch38:TTCTACAAGCTATGCTx,MS,A,MS122
MS122_A__10X_17_grch38:TTGGCAACAATGACCTx,MS,A,MS122
MS122_A__10X_17_grch38:TTGGCAAGTGTGCGTCx,MS,A,MS122
MS122_A__10X_17_grch38:TTTGCGCGTCAGCTATx,MS,A,MS122
MS121_NAWM__10X_17_grch38:CATCCACGTAAACACAx,MS,NAWM,MS121
MS121_NAWM__10X_17_grch38:CCATGTCGTTAGATGAx,MS,NAWM,MS121
MS121_NAWM__10X_17_grch38:GTGCATACATGCGCACx,MS,NAWM,MS121
MS121_A3__10X_17_grch38:ACACCCTGTGTCGCTGx,MS,A,MS121
MS121_A3__10X_17_grch38:CAGAATCCATTGGTACx,MS,A,MS121
MS121_A3__10X_17_grch38:CAGTCCTGTATGCTTGx,MS,A,MS121
MS121_A3__10X_17_grch38:CGACTTCAGTCTCCTCx,MS,A,MS121
MS121_A3__10X_17_grch38:CTACATTCATGATCCAx,MS,A,MS121
MS121_A3__10X_17_grch38:TCGCGAGAGAGTTGGCx,MS,A,MS121
MS121_A2__10X_17_grch38:AAGGCAGTCTCTGCTGx,MS,A,MS121
MS121_A2__10X_17_grch38:ACGTCAAAGACCGGATx,MS,A,MS121
MS121_A2__10X_17_grch38:CAACCAAAGCTGCGAAx,MS,A,MS121
MS121_A2__10X_17_grch38:CGAGCCAAGGACGAAAx,MS,A,MS121
MS121_A2__10X_17_grch38:GAATAAGGTACACCGCx,MS,A,MS121
MS121_A2__10X_17_grch38:GCTGCTTCAAACGCGAx,MS,A,MS121
MS121_A2__10X_17_grch38:TAGCCGGGTCAAGCGAx,MS,A,MS121
MS121_A2__10X_17_grch38:TCAGGTATCTTGGGTAx,MS,A,MS121
MS121_CA__10X_17_grch38:AACCATGAGCGTAATAx,MS,CA,MS121
MS121_CA__10X_17_grch38:AACTCTTAGAGGTTATx,MS,CA,MS121
MS121_CA__10X_17_grch38:ACAGCCGTCAGGCGAAx,MS,CA,MS121
MS121_CA__10X_17_grch38:ACCCACTAGAACTCGGx,MS,CA,MS121
MS121_CA__10X_17_grch38:ACGATGTTCAGTCCCTx,MS,CA,MS121
MS121_CA__10X_17_grch38:ACGCCAGCAGACACTTx,MS,CA,MS121
MS121_CA__10X_17_grch38:ACGGAGACAATGCCATx,MS,CA,MS121
MS121_CA__10X_17_grch38:ACGGGCTCACGGTTTAx,MS,CA,MS121
MS121_CA__10X_17_grch38:AGGTCCGCAAGTTAAGx,MS,CA,MS121
MS121_CA__10X_17_grch38:ATCGAGTGTCCCTTGTx,MS,CA,MS121
MS121_CA__10X_17_grch38:ATCTACTAGAGGTAGAx,MS,CA,MS121
MS121_CA__10X_17_grch38:ATCTACTTCAGGTTCAx,MS,CA,MS121
MS121_CA__10X_17_grch38:CAACCTCAGTCGTACTx,MS,CA,MS121
MS121_CA__10X_17_grch38:CAGATCACAGGTCCACx,MS,CA,MS121
MS121_CA__10X_17_grch38:CAGGTGCGTTATCACGx,MS,CA,MS121
MS121_CA__10X_17_grch38:CATGCCTTCATCGGATx,MS,CA,MS121
MS121_CA__10X_17_grch38:CATTCGCGTAAATACGx,MS,CA,MS121
MS121_CA__10X_17_grch38:CCATGTCCAGGCTCACx,MS,CA,MS121
MS121_CA__10X_17_grch38:CCATGTCCATGTCCTCx,MS,CA,MS121
MS121_CA__10X_17_grch38:CCCAGTTGTAAACCTCx,MS,CA,MS121
MS121_CA__10X_17_grch38:CCCAGTTGTCGAACAGx,MS,CA,MS121
MS121_CA__10X_17_grch38:CCTCTGAAGGATGCGTx,MS,CA,MS121
MS121_CA__10X_17_grch38:CGAATGTAGTCTCCTCx,MS,CA,MS121
MS121_CA__10X_17_grch38:CGACTTCAGAGCAATTx,MS,CA,MS121
MS121_CA__10X_17_grch38:CGACTTCCAGTCCTTCx,MS,CA,MS121
MS121_CA__10X_17_grch38:CGAGAAGCACATGACTx,MS,CA,MS121
MS121_CA__10X_17_grch38:CGATGGCCAGATAATGx,MS,CA,MS121
MS121_CA__10X_17_grch38:CGGAGCTAGATGTGTAx,MS,CA,MS121
MS121_CA__10X_17_grch38:CTACATTTCAGGTTCAx,MS,CA,MS121
MS121_CA__10X_17_grch38:CTCGAGGGTCCGAATTx,MS,CA,MS121
MS121_CA__10X_17_grch38:CTCGTCATCACAAACCx,MS,CA,MS121
MS121_CA__10X_17_grch38:CTCGTCATCTGCGACGx,MS,CA,MS121
MS121_CA__10X_17_grch38:CTTAACTTCCCAACGGx,MS,CA,MS121
MS121_CA__10X_17_grch38:CTTGGCTTCCTAGAACx,MS,CA,MS121
MS121_CA__10X_17_grch38:GAACATCCATCCTAGAx,MS,CA,MS121
MS121_CA__10X_17_grch38:GAACGGAAGTAAGTACx,MS,CA,MS121
MS121_CA__10X_17_grch38:GAATGAAAGTTGCAGGx,MS,CA,MS121
MS121_CA__10X_17_grch38:GACGGCTGTAAATGACx,MS,CA,MS121
MS121_CA__10X_17_grch38:GACTACACACCATCCTx,MS,CA,MS121
MS121_CA__10X_17_grch38:GATTCAGGTCAGCTATx,MS,CA,MS121
MS121_CA__10X_17_grch38:GCATGTATCCGCAGTGx,MS,CA,MS121
MS121_CA__10X_17_grch38:GCCTCTATCATTGCGAx,MS,CA,MS121
MS121_CA__10X_17_grch38:GCTCTGTGTCCTCTTGx,MS,CA,MS121
MS121_CA__10X_17_grch38:GGCAATTGTACAGTGGx,MS,CA,MS121
MS121_CA__10X_17_grch38:GGCGTGTAGGCCCGTTx,MS,CA,MS121
MS121_CA__10X_17_grch38:GGGACCTTCGAGAGCAx,MS,CA,MS121
MS121_CA__10X_17_grch38:GGGTCTGAGAGTGACCx,MS,CA,MS121
MS121_CA__10X_17_grch38:GTACTTTTCATGCAACx,MS,CA,MS121
MS121_CA__10X_17_grch38:TAAGTGCCAACACCCGx,MS,CA,MS121
MS121_CA__10X_17_grch38:TACTCATCATGCAACTx,MS,CA,MS121
MS121_CA__10X_17_grch38:TCCACACGTGGTGTAGx,MS,CA,MS121
MS121_CA__10X_17_grch38:TCGGGACAGTCTCCTCx,MS,CA,MS121
MS121_CA__10X_17_grch38:TCTCATAAGATATACGx,MS,CA,MS121
MS121_CA__10X_17_grch38:TCTCTAAAGTACACCTx,MS,CA,MS121
MS121_CA__10X_17_grch38:TGAGCATAGTACGTTCx,MS,CA,MS121
MS121_CA__10X_17_grch38:TGAGCCGGTTTAGCTGx,MS,CA,MS121
MS121_CA__10X_17_grch38:TGCGGGTGTCCTGCTTx,MS,CA,MS121
MS121_CA__10X_17_grch38:TGCTGCTAGCGTAATAx,MS,CA,MS121
MS121_CA__10X_17_grch38:TGCTGCTGTAGCTCCGx,MS,CA,MS121
MS121_CA__10X_17_grch38:TGGCCAGAGAACAATCx,MS,CA,MS121
MS121_CA__10X_17_grch38:TGTGGTAGTATAGTAGx,MS,CA,MS121
MS121_CA__10X_17_grch38:TGTGGTATCAGGCCCAx,MS,CA,MS121
MS121_CA__10X_17_grch38:TTAGTTCTCCAGTATGx,MS,CA,MS121
MS121_CA__10X_17_grch38:TTATGCTCAAATCCGTx,MS,CA,MS121
MS176_NAWM__10X_17_grch38:TTTCCTCGTCCGAAGAx,MS,NAWM,MS176
MS176_RM__10X_17_grch38:CACAAACTCGCAAGCCx,MS,RM,MS176
CO39__10X_17_grch38:ATTGGACGTCATGCATx,normal,Ctrl,CO39
CO39__10X_17_grch38:CTCGAAATCGTGGGAAx,normal,Ctrl,CO39
CO39__10X_17_grch38:TTGAACGTCGTAGGTTx,normal,Ctrl,CO39
CO14__10X_17_grch38:CATCGAAGTGCACTTAx,normal,Ctrl,CO14
MS122_CI__10X_17_grch38:CCGTGGAGTGTGTGCCx,MS,CI,MS122
MS176_NAWM__10X_17_grch38:AACCGCGGTCTGATCAx,MS,NAWM,MS176
MS176_NAWM__10X_17_grch38:AACTCAGAGGGTGTTGx,MS,NAWM,MS176
CO39__10X_17_grch38:CAGTAACGTGCATCTAx,normal,Ctrl,CO39
CO39__10X_17_grch38:TCTGAGAGTCCGTCAGx,normal,Ctrl,CO39
CO14__10X_17_grch38:ATCCACCTCTGTCTATx,normal,Ctrl,CO14
CO14__10X_17_grch38:CCTTCGAAGGTCGGATx,normal,Ctrl,CO14
SD48/16__10X_17_grch38:ACGCCAGGTAGAGTGCx,normal,Ctrl,SD48/16
SD48/16__10X_17_grch38:CTACCCAAGCTAAACAx,normal,Ctrl,SD48/16
SD48/16__10X_17_grch38:TCTGAGACACTGTGTAx,normal,Ctrl,SD48/16
MS122_NAWM__10X_17_grch38:CGAGCACAGAGACTATx,MS,NAWM,MS122
MS122_NAWM__10X_17_grch38:GCGGGTTCAAGGACTGx,MS,NAWM,MS122
MS122_CI__10X_17_grch38:AAAGTAGCAAGACGTGx,MS,CI,MS122
MS122_CI__10X_17_grch38:AACTCCCCAAATTGCCx,MS,CI,MS122
MS122_CI__10X_17_grch38:AACTTTCAGTACCGGAx,MS,CI,MS122
MS122_CI__10X_17_grch38:ACGATGTAGGGTCTCCx,MS,CI,MS122
MS122_CI__10X_17_grch38:CTTTGCGTCTGCAAGTx,MS,CI,MS122
MS122_CI__10X_17_grch38:TAGACCAGTATCAGTCx,MS,CI,MS122
MS122_CI__10X_17_grch38:TCGGGACAGACAGAGAx,MS,CI,MS122
MS122_CI__10X_17_grch38:TTGCGTCAGGTACTCTx,MS,CI,MS122
MS122_A__10X_17_grch38:CTCACACTCCGAACGCx,MS,A,MS122
MS122_A__10X_17_grch38:CTGTGCTAGGAATCGCx,MS,A,MS122
MS176_NAWM__10X_17_grch38:ACACTGAAGATAGTCAx,MS,NAWM,MS176
MS176_NAWM__10X_17_grch38:ACGAGCCCAATCTACGx,MS,NAWM,MS176
MS176_NAWM__10X_17_grch38:CGTCCATTCTTCCTTCx,MS,NAWM,MS176
MS176_NAWM__10X_17_grch38:GATCGTAAGGTGCTTTx,MS,NAWM,MS176
MS176_NAWM__10X_17_grch38:GGGAGATCACGTAAGGx,MS,NAWM,MS176
MS176_NAWM__10X_17_grch38:TGTCCCAAGTTAGCGGx,MS,NAWM,MS176
MS176_NAWM__10X_17_grch38:TTGGCAATCAGCACATx,MS,NAWM,MS176
MS176_RM__10X_17_grch38:TAGTGGTGTTCCACAAx,MS,RM,MS176
MS176_RM__10X_17_grch38:TGACGGCGTAGCCTATx,MS,RM,MS176
CO39__10X_17_grch38:AGCGTCGAGACCTAGGx,normal,Ctrl,CO39
CO14__10X_17_grch38:ACATGGTTCTTATCTGx,normal,Ctrl,CO14
CO14__10X_17_grch38:ATCCACCAGCCGGTAAx,normal,Ctrl,CO14
CO14__10X_17_grch38:GCTCCTAGTACGCACCx,normal,Ctrl,CO14
CO14__10X_17_grch38:GTTCGGGTCGGACAAGx,normal,Ctrl,CO14
MS122_NAWM__10X_17_grch38:CATGACAGTCCCTACTx,MS,NAWM,MS122
MS122_CI__10X_17_grch38:AAGCCGCGTGTTTGGTx,MS,CI,MS122
MS122_CI__10X_17_grch38:CAGTCCTCAGCCTGTGx,MS,CI,MS122
MS122_CI__10X_17_grch38:GACTAACCACTATCTTx,MS,CI,MS122
MS122_CI__10X_17_grch38:TACGGGCTCGTAGGTTx,MS,CI,MS122
MS122_A__10X_17_grch38:ATCTACTGTTCTCATTx,MS,A,MS122
MS122_A__10X_17_grch38:TGCTACCGTTAGGGTGx,MS,A,MS122
MS121_NAWM__10X_17_grch38:AGCCTAAGTCAGGACAx,MS,NAWM,MS121
MS121_A2__10X_17_grch38:CAACCAATCGCGATCGx,MS,A,MS121
MS121_CA__10X_17_grch38:CCATGTCGTCAGAATAx,MS,CA,MS121
MS122_CI__10X_17_grch38:CACTCCACAGGCAGTAx,MS,CI,MS122
MS122_CI__10X_17_grch38:GACTGCGCAAGTAGTAx,MS,CI,MS122
MS122_CI__10X_17_grch38:GTTCATTGTATAATGGx,MS,CI,MS122
MS122_CI__10X_17_grch38:TGAGCCGAGACCGGATx,MS,CI,MS122
MS121_NAWM__10X_17_grch38:TACTCGCGTGGTCTCGx,MS,NAWM,MS121
MS121_A3__10X_17_grch38:TGCCCATCAGACACTTx,MS,A,MS121
MS121_CA__10X_17_grch38:CAGCAGCCAACTGCGCx,MS,CA,MS121
MS122_CI__10X_17_grch38:CTACATTCACCACGTGx,MS,CI,MS122
MS121_NAWM__10X_17_grch38:CAGTAACTCTTATCTGx,MS,NAWM,MS121
MS176_CA__10X_17_grch38:CCTAGCTTCCATGAACx,MS,CA,MS176
MS122_CI__10X_17_grch38:CAGCGACAGCGATATAx,MS,CI,MS122
MS122_CI__10X_17_grch38:CATGCCTCAACTGCTAx,MS,CI,MS122
MS122_CI__10X_17_grch38:CGGAGTCGTTACGTCAx,MS,CI,MS122
MS122_A__10X_17_grch38:ACGAGGAAGCTAAACAx,MS,A,MS122
MS121_CA__10X_17_grch38:GACGCGTGTCGCGAAAx,MS,CA,MS121
MS121_CA__10X_17_grch38:TGCTACCCATCTCGCTx,MS,CA,MS121
MS176_NAWM__10X_17_grch38:AAGGCAGCAGTCCTTCx,MS,NAWM,MS176
MS176_NAWM__10X_17_grch38:CCCAATCCAGCCTATAx,MS,NAWM,MS176
CO14__10X_17_grch38:CTCGAAATCGGCGCATx,normal,Ctrl,CO14
CO14__10X_17_grch38:TACTTGTCACAAGCCCx,normal,Ctrl,CO14
MS122_NAWM__10X_17_grch38:TTAGGCAAGTTGAGTAx,MS,NAWM,MS122
MS122_CI__10X_17_grch38:ACTGATGAGCACGCCTx,MS,CI,MS122
MS122_CI__10X_17_grch38:ACTGTCCTCCAATGGTx,MS,CI,MS122
MS122_CI__10X_17_grch38:CAGCATACAGTGGAGTx,MS,CI,MS122
MS122_CI__10X_17_grch38:CGCTTCACATCAGTACx,MS,CI,MS122
MS121_A3__10X_17_grch38:CCATGTCTCAACGGGAx,MS,A,MS121
MS121_A3__10X_17_grch38:TATCTCATCTGTTTGTx,MS,A,MS121
MS121_A3__10X_17_grch38:TCGTAGATCGGTCTAAx,MS,A,MS121
MS121_A2__10X_17_grch38:CAGCATAAGTTGAGATx,MS,A,MS121
CO25__10X_17_grch38:AAAGATGTCGCATGGCx,normal,Ctrl,CO25
CO25__10X_17_grch38:AACCATGGTAATAGCAx,normal,Ctrl,CO25
CO25__10X_17_grch38:ACCAGTACAAAGTCAAx,normal,Ctrl,CO25
CO25__10X_17_grch38:AGGGATGCACAAGACGx,normal,Ctrl,CO25
CO25__10X_17_grch38:AGTGTCATCGCGGATCx,normal,Ctrl,CO25
CO25__10X_17_grch38:ATCACGACATCTCCCAx,normal,Ctrl,CO25
CO25__10X_17_grch38:ATCCACCCAAGCGAGTx,normal,Ctrl,CO25
CO25__10X_17_grch38:CCCAGTTTCTGCGGCAx,normal,Ctrl,CO25
CO25__10X_17_grch38:CCGGTAGAGTCGTTTGx,normal,Ctrl,CO25
CO25__10X_17_grch38:CGAACATAGCTCCTCTx,normal,Ctrl,CO25
CO25__10X_17_grch38:CTACATTTCATGCATGx,normal,Ctrl,CO25
CO25__10X_17_grch38:CTCGTACCAATAAGCAx,normal,Ctrl,CO25
CO25__10X_17_grch38:GAACATCAGTGCTGCCx,normal,Ctrl,CO25
CO25__10X_17_grch38:GGGCACTCAATTGCTGx,normal,Ctrl,CO25
CO25__10X_17_grch38:GTCACAAAGAAGAAGCx,normal,Ctrl,CO25
MS176_NAWM__10X_17_grch38:ATCCGAAAGCGATATAx,MS,NAWM,MS176
MS176_NAWM__10X_17_grch38:CGATTGATCTGTCCGTx,MS,NAWM,MS176
MS176_NAWM__10X_17_grch38:GACGTGCCATTAGGCTx,MS,NAWM,MS176
MS176_NAWM__10X_17_grch38:GGAATAAAGACTCGGAx,MS,NAWM,MS176
MS176_NAWM__10X_17_grch38:TACGGTACAGATCCATx,MS,NAWM,MS176
MS176_NAWM__10X_17_grch38:TGCACCTCAATGAAACx,MS,NAWM,MS176
MS176_NAWM__10X_17_grch38:TTTACTGGTTGCTCCTx,MS,NAWM,MS176
MS176_RM__10X_17_grch38:TACTTACTCGAGCCCAx,MS,RM,MS176
MS176_CA__10X_17_grch38:ATGGGAGAGAGATGAGx,MS,CA,MS176
MS176_CA__10X_17_grch38:CAGCAGCAGGCGTACAx,MS,CA,MS176
MS176_CA__10X_17_grch38:GCCAAATAGACCACGAx,MS,CA,MS176
MS176_CA__10X_17_grch38:TCAACGAAGGCGTACAx,MS,CA,MS176
CO39__10X_17_grch38:AAGTCTGCAACGCACCx,normal,Ctrl,CO39
CO39__10X_17_grch38:ACACCCTTCCTCAATTx,normal,Ctrl,CO39
CO39__10X_17_grch38:AGGCCGTGTCTAGTCAx,normal,Ctrl,CO39
CO39__10X_17_grch38:AGTGGGACACCCATGGx,normal,Ctrl,CO39
CO39__10X_17_grch38:CAGATCAAGTACGTTCx,normal,Ctrl,CO39
CO39__10X_17_grch38:CGTCAGGAGTGACTCTx,normal,Ctrl,CO39
CO39__10X_17_grch38:TAAGTGCGTACCGTATx,normal,Ctrl,CO39
CO39__10X_17_grch38:TACCTTAGTCCGAGTCx,normal,Ctrl,CO39
CO39__10X_17_grch38:TATCTCAGTGGCTCCAx,normal,Ctrl,CO39
CO39__10X_17_grch38:TGCTGCTTCATTTGGGx,normal,Ctrl,CO39
CO14__10X_17_grch38:AACTCAGTCAGCACATx,normal,Ctrl,CO14
CO14__10X_17_grch38:ACCCACTCAGGGAGAGx,normal,Ctrl,CO14
CO14__10X_17_grch38:ACTGAGTCAGGAATGCx,normal,Ctrl,CO14
CO14__10X_17_grch38:ACTTTCATCGGAGGTAx,normal,Ctrl,CO14
CO14__10X_17_grch38:AGTGAGGAGTATCTCGx,normal,Ctrl,CO14
CO14__10X_17_grch38:AGTGGGAAGCGTTCCGx,normal,Ctrl,CO14
CO14__10X_17_grch38:ATAGACCGTTTGGCGCx,normal,Ctrl,CO14
CO14__10X_17_grch38:ATCACGAAGGATGGTCx,normal,Ctrl,CO14
CO14__10X_17_grch38:CATATGGCAAGGGTCAx,normal,Ctrl,CO14
CO14__10X_17_grch38:CATTCGCCAGGAACGTx,normal,Ctrl,CO14
CO14__10X_17_grch38:CGCTTCACAATGACCTx,normal,Ctrl,CO14
CO14__10X_17_grch38:CTACGTCTCGTACCGGx,normal,Ctrl,CO14
CO14__10X_17_grch38:CTCCTAGAGAATGTGTx,normal,Ctrl,CO14
CO14__10X_17_grch38:CTGAAACAGTATTGGAx,normal,Ctrl,CO14
CO14__10X_17_grch38:CTGTGCTAGCTGAAATx,normal,Ctrl,CO14
CO14__10X_17_grch38:GACTAACAGAGACGAAx,normal,Ctrl,CO14
CO14__10X_17_grch38:GCATACATCAAACGGGx,normal,Ctrl,CO14
CO14__10X_17_grch38:GCATGCGGTCATATCGx,normal,Ctrl,CO14
CO14__10X_17_grch38:GCGCAACTCCAAGCCGx,normal,Ctrl,CO14
CO14__10X_17_grch38:GGGCACTGTTTGTGTGx,normal,Ctrl,CO14
CO14__10X_17_grch38:GGTGCGTCACAGGCCTx,normal,Ctrl,CO14
CO14__10X_17_grch38:GTATTCTAGTCTCGGCx,normal,Ctrl,CO14
CO14__10X_17_grch38:TCGGGACGTAAGGGCTx,normal,Ctrl,CO14
CO14__10X_17_grch38:TGACAACTCAACGGGAx,normal,Ctrl,CO14
CO14__10X_17_grch38:TGAGGGACAACACGCCx,normal,Ctrl,CO14
CO14__10X_17_grch38:TGATTTCTCGAACTGTx,normal,Ctrl,CO14
CO14__10X_17_grch38:TGCCCTAGTGAAATCAx,normal,Ctrl,CO14
CO14__10X_17_grch38:TGCCCTATCATTGCGAx,normal,Ctrl,CO14
CO14__10X_17_grch38:TTCTTAGCACAGATTCx,normal,Ctrl,CO14
CO14__10X_17_grch38:TTGAACGCATTCTTACx,normal,Ctrl,CO14
SD48/16__10X_17_grch38:ATTATCCGTGGCGAATx,normal,Ctrl,SD48/16
SD48/16__10X_17_grch38:CCATGTCCAAAGCAATx,normal,Ctrl,SD48/16
SD48/16__10X_17_grch38:TACCTATGTGGTAACGx,normal,Ctrl,SD48/16
MS122_NAWM__10X_17_grch38:AAACCTGTCATCTGCCx,MS,NAWM,MS122
MS122_NAWM__10X_17_grch38:AACTCAGCAGGCGATAx,MS,NAWM,MS122
MS122_NAWM__10X_17_grch38:AAGGAGCAGATCCCATx,MS,NAWM,MS122
MS122_NAWM__10X_17_grch38:ACAGCCGGTGGCTCCAx,MS,NAWM,MS122
MS122_NAWM__10X_17_grch38:ACATCAGCAAACGTGGx,MS,NAWM,MS122
MS122_NAWM__10X_17_grch38:ACGCCAGAGACTTTCGx,MS,NAWM,MS122
MS122_NAWM__10X_17_grch38:ACTGATGAGTCCCACGx,MS,NAWM,MS122
MS122_NAWM__10X_17_grch38:AGTCTTTCAACTGGCCx,MS,NAWM,MS122
MS122_NAWM__10X_17_grch38:AGTGGGACACCAGATTx,MS,NAWM,MS122
MS122_NAWM__10X_17_grch38:AGTGTCAAGACTAGATx,MS,NAWM,MS122
MS122_NAWM__10X_17_grch38:AGTTGGTCATTACCTTx,MS,NAWM,MS122
MS122_NAWM__10X_17_grch38:ATAGACCAGATCCGAGx,MS,NAWM,MS122
MS122_NAWM__10X_17_grch38:ATGAGGGAGGATCGCAx,MS,NAWM,MS122
MS122_NAWM__10X_17_grch38:CAACTAGAGGAGCGAGx,MS,NAWM,MS122
MS122_NAWM__10X_17_grch38:CAAGAAAAGTTCGCGCx,MS,NAWM,MS122
MS122_NAWM__10X_17_grch38:CACCAGGCACGAGAGTx,MS,NAWM,MS122
MS122_NAWM__10X_17_grch38:CAGCAGCGTGTGAAATx,MS,NAWM,MS122
MS122_NAWM__10X_17_grch38:CAGCTGGTCTGACCTCx,MS,NAWM,MS122
MS122_NAWM__10X_17_grch38:CCCTCCTGTTCCCTTGx,MS,NAWM,MS122
MS122_NAWM__10X_17_grch38:CCGGGATCAAGAGGCTx,MS,NAWM,MS122
MS122_NAWM__10X_17_grch38:CCTACACCAGGCAGTAx,MS,NAWM,MS122
MS122_NAWM__10X_17_grch38:CGACCTTCAACTGCGCx,MS,NAWM,MS122
MS122_NAWM__10X_17_grch38:CGAGCCACAACACGCCx,MS,NAWM,MS122
MS122_NAWM__10X_17_grch38:CGCCAAGGTTTCGCTCx,MS,NAWM,MS122
MS122_NAWM__10X_17_grch38:CGCGGTAAGCGATAGCx,MS,NAWM,MS122
MS122_NAWM__10X_17_grch38:CTCTACGCAGTCCTTCx,MS,NAWM,MS122
MS122_NAWM__10X_17_grch38:CTGGTCTAGACCGGATx,MS,NAWM,MS122
MS122_NAWM__10X_17_grch38:GCAAACTCATGAACCTx,MS,NAWM,MS122
MS122_NAWM__10X_17_grch38:GCAGCCACACTCGACGx,MS,NAWM,MS122
MS122_NAWM__10X_17_grch38:GCTCTGTAGGATTCGGx,MS,NAWM,MS122
MS122_NAWM__10X_17_grch38:GCTGCAGTCGGCTACGx,MS,NAWM,MS122
MS122_NAWM__10X_17_grch38:GGACATTCACAACGCCx,MS,NAWM,MS122
MS122_NAWM__10X_17_grch38:GGAGCAACAGTAGAGCx,MS,NAWM,MS122
MS122_NAWM__10X_17_grch38:GGATTACAGACGACGTx,MS,NAWM,MS122
MS122_NAWM__10X_17_grch38:GGCAATTTCACAGGCCx,MS,NAWM,MS122
MS122_NAWM__10X_17_grch38:GGCAATTTCACTCCTGx,MS,NAWM,MS122
MS122_NAWM__10X_17_grch38:GGGCACTAGCTCCTTCx,MS,NAWM,MS122
MS122_NAWM__10X_17_grch38:GTAACTGCAGCCTTTCx,MS,NAWM,MS122
MS122_NAWM__10X_17_grch38:GTAGTCATCCTACAGAx,MS,NAWM,MS122
MS122_NAWM__10X_17_grch38:TACGGATGTCCTCTTGx,MS,NAWM,MS122
MS122_NAWM__10X_17_grch38:TAGACCATCTCCAACCx,MS,NAWM,MS122
MS122_NAWM__10X_17_grch38:TAGTTGGGTAACGTTCx,MS,NAWM,MS122
MS122_NAWM__10X_17_grch38:TCCCGATCAAGTCATCx,MS,NAWM,MS122
MS122_NAWM__10X_17_grch38:TTAGGCAGTGTATGGGx,MS,NAWM,MS122
MS122_NAWM__10X_17_grch38:TTCGAAGAGATCCTGTx,MS,NAWM,MS122
MS122_NAWM__10X_17_grch38:TTCTTAGCATCACCCTx,MS,NAWM,MS122
MS122_NAWM__10X_17_grch38:TTCTTAGTCTCTGAGAx,MS,NAWM,MS122
MS122_CI__10X_17_grch38:AAAGTAGCACCAGATTx,MS,CI,MS122
MS122_CI__10X_17_grch38:AACTCCCGTAAGAGGAx,MS,CI,MS122
MS122_CI__10X_17_grch38:AAGGAGCCATGGTAGGx,MS,CI,MS122
MS122_CI__10X_17_grch38:AAGGTTCAGAAGGTTTx,MS,CI,MS122
MS122_CI__10X_17_grch38:ACAGCCGAGGACAGAAx,MS,CI,MS122
MS122_CI__10X_17_grch38:ACAGCCGGTCCAACTAx,MS,CI,MS122
MS122_CI__10X_17_grch38:ACGAGGAAGTTCGCGCx,MS,CI,MS122
MS122_CI__10X_17_grch38:ACTATCTTCACCCGAGx,MS,CI,MS122
MS122_CI__10X_17_grch38:AGAGCGATCAGCGACCx,MS,CI,MS122
MS122_CI__10X_17_grch38:AGAGCGATCTCTTGATx,MS,CI,MS122
MS122_CI__10X_17_grch38:AGGGAGTAGACTTGAAx,MS,CI,MS122
MS122_CI__10X_17_grch38:AGGGAGTCACTACAGTx,MS,CI,MS122
MS122_CI__10X_17_grch38:AGTGAGGTCCTTCAATx,MS,CI,MS122
MS122_CI__10X_17_grch38:ATAGACCAGCCGATTTx,MS,CI,MS122
MS122_CI__10X_17_grch38:ATCATGGCATGCATGTx,MS,CI,MS122
MS122_CI__10X_17_grch38:ATCCGAAAGAAGGACAx,MS,CI,MS122
MS122_CI__10X_17_grch38:ATCCGAACATCAGTACx,MS,CI,MS122
MS122_CI__10X_17_grch38:ATCTACTCAAACTGCTx,MS,CI,MS122
MS122_CI__10X_17_grch38:ATCTGCCAGGTCGGATx,MS,CI,MS122
MS122_CI__10X_17_grch38:ATTCTACAGCCTCGTGx,MS,CI,MS122
MS122_CI__10X_17_grch38:ATTGGTGAGCCAACAGx,MS,CI,MS122
MS122_CI__10X_17_grch38:CAACCAATCCAAGTACx,MS,CI,MS122
MS122_CI__10X_17_grch38:CAACCTCTCACGCATAx,MS,CI,MS122
MS122_CI__10X_17_grch38:CAAGAAAAGTGAAGTTx,MS,CI,MS122
MS122_CI__10X_17_grch38:CAAGATCGTTCCATGAx,MS,CI,MS122
MS122_CI__10X_17_grch38:CAAGTTGTCCGAATGTx,MS,CI,MS122
MS122_CI__10X_17_grch38:CACAGGCAGAAACGCCx,MS,CI,MS122
MS122_CI__10X_17_grch38:CACCACTGTCGAACAGx,MS,CI,MS122
MS122_CI__10X_17_grch38:CAGCATAGTTGGAGGTx,MS,CI,MS122
MS122_CI__10X_17_grch38:CATCCACGTCCTAGCGx,MS,CI,MS122
MS122_CI__10X_17_grch38:CATCGAAAGGAGTACCx,MS,CI,MS122
MS122_CI__10X_17_grch38:CCACGGACATCAGTACx,MS,CI,MS122
MS122_CI__10X_17_grch38:CCCAGTTCACTGCCAGx,MS,CI,MS122
MS122_CI__10X_17_grch38:CCTAAAGCATGATCCAx,MS,CI,MS122
MS122_CI__10X_17_grch38:CGACCTTCACAACGTTx,MS,CI,MS122
MS122_CI__10X_17_grch38:CGAGCCAAGCGATGACx,MS,CI,MS122
MS122_CI__10X_17_grch38:CGCGTTTCAGGGATTGx,MS,CI,MS122
MS122_CI__10X_17_grch38:CGCTATCAGTACGTTCx,MS,CI,MS122
MS122_CI__10X_17_grch38:CGGACACGTAAAGTCAx,MS,CI,MS122
MS122_CI__10X_17_grch38:CGGACGTCAGAGCCAAx,MS,CI,MS122
MS122_CI__10X_17_grch38:CGGACTGAGTTCGATCx,MS,CI,MS122
MS122_CI__10X_17_grch38:CGTAGGCCATCAGTACx,MS,CI,MS122
MS122_CI__10X_17_grch38:CGTCCATGTTAAGATGx,MS,CI,MS122
MS122_CI__10X_17_grch38:CGTGAGCCAGGGAGAGx,MS,CI,MS122
MS122_CI__10X_17_grch38:CGTGTCTTCTCAAACGx,MS,CI,MS122
MS122_CI__10X_17_grch38:CTACACCTCCATGAACx,MS,CI,MS122
MS122_CI__10X_17_grch38:CTCGGGAGTAGCACGAx,MS,CI,MS122
MS122_CI__10X_17_grch38:CTCGGGAGTTCCACTCx,MS,CI,MS122
MS122_CI__10X_17_grch38:CTCTGGTGTTATGTGCx,MS,CI,MS122
MS122_CI__10X_17_grch38:CTGCGGAGTATGCTTGx,MS,CI,MS122
MS122_CI__10X_17_grch38:CTGCGGAGTTCCACAAx,MS,CI,MS122
MS122_CI__10X_17_grch38:CTGTGCTCATTAGCCAx,MS,CI,MS122
MS122_CI__10X_17_grch38:CTGTTTATCGCAGGCTx,MS,CI,MS122
MS122_CI__10X_17_grch38:CTTCTCTGTAGCGTAGx,MS,CI,MS122
MS122_CI__10X_17_grch38:GAACCTATCACATGCAx,MS,CI,MS122
MS122_CI__10X_17_grch38:GAATAAGGTAGCAAATx,MS,CI,MS122
MS122_CI__10X_17_grch38:GACACGCCATTGAGCTx,MS,CI,MS122
MS122_CI__10X_17_grch38:GACACGCTCACGCGGTx,MS,CI,MS122
MS122_CI__10X_17_grch38:GACCAATGTATTACCGx,MS,CI,MS122
MS122_CI__10X_17_grch38:GACGCGTTCTGTACGAx,MS,CI,MS122
MS122_CI__10X_17_grch38:GACTACAAGAGTACATx,MS,CI,MS122
MS122_CI__10X_17_grch38:GACTGCGTCGAACGGAx,MS,CI,MS122
MS122_CI__10X_17_grch38:GATCAGTAGAGACTTAx,MS,CI,MS122
MS122_CI__10X_17_grch38:GATCAGTGTGCGATAGx,MS,CI,MS122
MS122_CI__10X_17_grch38:GATCGATTCAACTCTTx,MS,CI,MS122
MS122_CI__10X_17_grch38:GCAAACTCACATAACCx,MS,CI,MS122
MS122_CI__10X_17_grch38:GCAGCCATCGCCCTTAx,MS,CI,MS122
MS122_CI__10X_17_grch38:GCATGCGCACACATGTx,MS,CI,MS122
MS122_CI__10X_17_grch38:GCATGCGGTGGCTCCAx,MS,CI,MS122
MS122_CI__10X_17_grch38:GCCTCTAAGCAGGCTAx,MS,CI,MS122
MS122_CI__10X_17_grch38:GCGACCAGTCCGAATTx,MS,CI,MS122
MS122_CI__10X_17_grch38:GCGCAACAGTCCGGTCx,MS,CI,MS122
MS122_CI__10X_17_grch38:GCGCAACGTGTGAAATx,MS,CI,MS122
MS122_CI__10X_17_grch38:GCTGCAGTCTCTGAGAx,MS,CI,MS122
MS122_CI__10X_17_grch38:GGACGTCGTCATATCGx,MS,CI,MS122
MS122_CI__10X_17_grch38:GGATTACTCCGTTGTCx,MS,CI,MS122
MS122_CI__10X_17_grch38:GGCGACTTCCTAGAACx,MS,CI,MS122
MS122_CI__10X_17_grch38:GGGAGATCATGATCCAx,MS,CI,MS122
MS122_CI__10X_17_grch38:GGGATGAGTCTGATCAx,MS,CI,MS122
MS122_CI__10X_17_grch38:GGGTCTGAGGCACATGx,MS,CI,MS122
MS122_CI__10X_17_grch38:GGGTTGCAGTGTACGGx,MS,CI,MS122
MS122_CI__10X_17_grch38:GTACTCCTCAATCTCTx,MS,CI,MS122
MS122_CI__10X_17_grch38:GTACTTTTCCTTGGTCx,MS,CI,MS122
MS122_CI__10X_17_grch38:GTCACAAAGATGTAACx,MS,CI,MS122
MS122_CI__10X_17_grch38:GTCATTTCAGGCTCACx,MS,CI,MS122
MS122_CI__10X_17_grch38:GTCGTAACACGACTCGx,MS,CI,MS122
MS122_CI__10X_17_grch38:GTGAAGGGTCTCACCTx,MS,CI,MS122
MS122_CI__10X_17_grch38:TACACGAGTACGAAATx,MS,CI,MS122
MS122_CI__10X_17_grch38:TAGAGCTCATGAACCTx,MS,CI,MS122
MS122_CI__10X_17_grch38:TAGGCATGTCGCGTGTx,MS,CI,MS122
MS122_CI__10X_17_grch38:TATCTCACAGTCTTCCx,MS,CI,MS122
MS122_CI__10X_17_grch38:TCACAAGGTGCGGTAAx,MS,CI,MS122
MS122_CI__10X_17_grch38:TCGAGGCAGAACTCGGx,MS,CI,MS122
MS122_CI__10X_17_grch38:TCTATTGGTACTCAACx,MS,CI,MS122
MS122_CI__10X_17_grch38:TCTATTGTCTAACCGAx,MS,CI,MS122
MS122_CI__10X_17_grch38:TCTTTCCAGTATCTCGx,MS,CI,MS122
MS122_CI__10X_17_grch38:TGACAACAGGGAACGGx,MS,CI,MS122
MS122_CI__10X_17_grch38:TGACGGCGTATGCTTGx,MS,CI,MS122
MS122_CI__10X_17_grch38:TGAGGGATCGGTCCGAx,MS,CI,MS122
MS122_CI__10X_17_grch38:TGCCCTACAGACACTTx,MS,CI,MS122
MS122_CI__10X_17_grch38:TGCTACCTCCTGTACCx,MS,CI,MS122
MS122_CI__10X_17_grch38:TGGCTGGTCAGTGCATx,MS,CI,MS122
MS122_CI__10X_17_grch38:TGGGCGTTCTATCCCGx,MS,CI,MS122
MS122_CI__10X_17_grch38:TGGTTCCTCGAGCCCAx,MS,CI,MS122
MS122_CI__10X_17_grch38:TGTATTCAGTGTGGCAx,MS,CI,MS122
MS122_CI__10X_17_grch38:TGTGGTAGTTACCAGTx,MS,CI,MS122
MS122_CI__10X_17_grch38:TGTGGTATCTGCTGCTx,MS,CI,MS122
MS122_CI__10X_17_grch38:TTAACTCGTGGTAACGx,MS,CI,MS122
MS122_CI__10X_17_grch38:TTAGGACGTCACACGCx,MS,CI,MS122
MS122_CI__10X_17_grch38:TTCTACATCTCAAGTGx,MS,CI,MS122
MS122_CI__10X_17_grch38:TTGACTTGTGCATCTAx,MS,CI,MS122
MS122_CI__10X_17_grch38:TTGCGTCAGACCGGATx,MS,CI,MS122
MS122_CI__10X_17_grch38:TTGTAGGTCAATCTCTx,MS,CI,MS122
MS122_CI__10X_17_grch38:TTTCCTCCAGCATACTx,MS,CI,MS122
MS122_A__10X_17_grch38:AAACCTGCACGCATCGx,MS,A,MS122
MS122_A__10X_17_grch38:AACTGGTTCTGCGGCAx,MS,A,MS122
MS122_A__10X_17_grch38:ACATGGTTCCTGTAGAx,MS,A,MS122
MS122_A__10X_17_grch38:ACGGGCTTCTGGGCCAx,MS,A,MS122
MS122_A__10X_17_grch38:AGCGTCGCAATACGCTx,MS,A,MS122
MS122_A__10X_17_grch38:AGCTCTCCAAATACAGx,MS,A,MS122
MS122_A__10X_17_grch38:AGCTCTCCAGACGCTCx,MS,A,MS122
MS122_A__10X_17_grch38:AGGGAGTGTGCTTCTCx,MS,A,MS122
MS122_A__10X_17_grch38:AGTTGGTGTCGGCATCx,MS,A,MS122
MS122_A__10X_17_grch38:ATCGAGTGTCTAAAGAx,MS,A,MS122
MS122_A__10X_17_grch38:ATCTGCCTCTCTGTCGx,MS,A,MS122
MS122_A__10X_17_grch38:ATGCGATAGAACTGTAx,MS,A,MS122
MS122_A__10X_17_grch38:ATTGGTGGTGATGTCTx,MS,A,MS122
MS122_A__10X_17_grch38:CAACTAGAGAATCTCCx,MS,A,MS122
MS122_A__10X_17_grch38:CACCTTGTCGCACTCTx,MS,A,MS122
MS122_A__10X_17_grch38:CACTCCAGTTCCATGAx,MS,A,MS122
MS122_A__10X_17_grch38:CAGCAGCAGATGGCGTx,MS,A,MS122
MS122_A__10X_17_grch38:CAGTCCTTCATGTAGCx,MS,A,MS122
MS122_A__10X_17_grch38:CATTATCTCACGGTTAx,MS,A,MS122
MS122_A__10X_17_grch38:CCAATCCGTACAAGTAx,MS,A,MS122
MS122_A__10X_17_grch38:CCGTGGATCTTCCTTCx,MS,A,MS122
MS122_A__10X_17_grch38:CCTTTCTCAGCTGCTGx,MS,A,MS122
MS122_A__10X_17_grch38:CGAATGTGTCGCGAAAx,MS,A,MS122
MS122_A__10X_17_grch38:CGCTTCAGTACGACCCx,MS,A,MS122
MS122_A__10X_17_grch38:CGCTTCATCTGCAGTAx,MS,A,MS122
MS122_A__10X_17_grch38:CGGAGCTTCTCGCATCx,MS,A,MS122
MS122_A__10X_17_grch38:CGGGTCAAGCTTCGCGx,MS,A,MS122
MS122_A__10X_17_grch38:CGTCAGGGTCAGAAGCx,MS,A,MS122
MS122_A__10X_17_grch38:CGTTAGATCACAGGCCx,MS,A,MS122
MS122_A__10X_17_grch38:CGTTGGGGTGTGCGTCx,MS,A,MS122
MS122_A__10X_17_grch38:CTAACTTGTAAATGACx,MS,A,MS122
MS122_A__10X_17_grch38:CTAGAGTTCACGACTAx,MS,A,MS122
MS122_A__10X_17_grch38:CTGAAGTCATTGGCGCx,MS,A,MS122
MS122_A__10X_17_grch38:GAAATGATCTTCTGGCx,MS,A,MS122
MS122_A__10X_17_grch38:GAATAAGCATGTTGACx,MS,A,MS122
MS122_A__10X_17_grch38:GCAAACTTCCTTCAATx,MS,A,MS122
MS122_A__10X_17_grch38:GCAGTTACACTTCTGCx,MS,A,MS122
MS122_A__10X_17_grch38:GCATGCGAGCACAGGTx,MS,A,MS122
MS122_A__10X_17_grch38:GCGCCAATCAACCATGx,MS,A,MS122
MS122_A__10X_17_grch38:GCTTCCACAACTGCTAx,MS,A,MS122
MS122_A__10X_17_grch38:GCTTGAAAGGCATGTGx,MS,A,MS122
MS122_A__10X_17_grch38:GGAACTTGTGAGGCTAx,MS,A,MS122
MS122_A__10X_17_grch38:GGCGACTAGTCCCACGx,MS,A,MS122
MS122_A__10X_17_grch38:GGCGACTGTAAGAGGAx,MS,A,MS122
MS122_A__10X_17_grch38:GGCTGGTCACTTAACGx,MS,A,MS122
MS122_A__10X_17_grch38:GGGAGATGTCACAAGGx,MS,A,MS122
MS122_A__10X_17_grch38:GGGATGACATTCCTCGx,MS,A,MS122
MS122_A__10X_17_grch38:GTAACGTGTCACTGGCx,MS,A,MS122
MS122_A__10X_17_grch38:GTAACTGAGCCACGTCx,MS,A,MS122
MS122_A__10X_17_grch38:GTACGTATCCAATGGTx,MS,A,MS122
MS122_A__10X_17_grch38:GTCACAACATCATCCCx,MS,A,MS122
MS122_A__10X_17_grch38:GTCCTCATCTAACTTCx,MS,A,MS122
MS122_A__10X_17_grch38:GTGCGGTCACAGGAGTx,MS,A,MS122
MS122_A__10X_17_grch38:GTTACAGAGAGCAATTx,MS,A,MS122
MS122_A__10X_17_grch38:TAAGAGACATGCCACGx,MS,A,MS122
MS122_A__10X_17_grch38:TACGGTAAGGACACCAx,MS,A,MS122
MS122_A__10X_17_grch38:TATCTCATCTCGTATTx,MS,A,MS122
MS122_A__10X_17_grch38:TCACAAGAGACATAACx,MS,A,MS122
MS122_A__10X_17_grch38:TCACAAGCACACCGACx,MS,A,MS122
MS122_A__10X_17_grch38:TCAGCAAAGTGCAAGCx,MS,A,MS122
MS122_A__10X_17_grch38:TCGCGAGTCCTCAACCx,MS,A,MS122
MS122_A__10X_17_grch38:TCGCGTTAGCTACCGCx,MS,A,MS122
MS122_A__10X_17_grch38:TCGTAGACATCAGTCAx,MS,A,MS122
MS122_A__10X_17_grch38:TCTATTGAGATGGGTCx,MS,A,MS122
MS122_A__10X_17_grch38:TCTCTAAAGACAAAGGx,MS,A,MS122
MS122_A__10X_17_grch38:TGAAAGATCGCGCCAAx,MS,A,MS122
MS122_A__10X_17_grch38:TGAGGGATCTCTAGGAx,MS,A,MS122
MS122_A__10X_17_grch38:TGCCAAACATGGTCTAx,MS,A,MS122
MS122_A__10X_17_grch38:TGGCGCAGTAGCTTGTx,MS,A,MS122
MS122_A__10X_17_grch38:TTAACTCGTGGGTCAAx,MS,A,MS122
MS122_A__10X_17_grch38:TTAGTTCAGAAACCATx,MS,A,MS122
MS122_A__10X_17_grch38:TTTACTGCAAGCGAGTx,MS,A,MS122
MS121_NAWM__10X_17_grch38:AAGGCAGGTCGTCTTCx,MS,NAWM,MS121
MS121_NAWM__10X_17_grch38:ATCTACTCAAGACACGx,MS,NAWM,MS121
MS121_NAWM__10X_17_grch38:ATGCGATAGCTGAACGx,MS,NAWM,MS121
MS121_NAWM__10X_17_grch38:CGTAGCGCAGGGTACAx,MS,NAWM,MS121
MS121_NAWM__10X_17_grch38:CTACATTCATTTCACTx,MS,NAWM,MS121
MS121_NAWM__10X_17_grch38:GACTGCGGTACCGTTAx,MS,NAWM,MS121
MS121_NAWM__10X_17_grch38:GCCTCTAGTTCGGCACx,MS,NAWM,MS121
MS121_NAWM__10X_17_grch38:TACCTATCACCAGATTx,MS,NAWM,MS121
MS121_NAWM__10X_17_grch38:TATCTCAGTTCCACGGx,MS,NAWM,MS121
MS121_NAWM__10X_17_grch38:TTGACTTAGAATTCCCx,MS,NAWM,MS121
MS121_NAWM__10X_17_grch38:TTGCGTCGTTGGTTTGx,MS,NAWM,MS121
MS121_A3__10X_17_grch38:AAAGATGCAAAGCGGTx,MS,A,MS121
MS121_A3__10X_17_grch38:ATTGGTGTCTTGGGTAx,MS,A,MS121
MS121_A3__10X_17_grch38:CGTAGCGGTTGTACACx,MS,A,MS121
MS121_A3__10X_17_grch38:GGCGACTTCAAGGCTTx,MS,A,MS121
MS121_A3__10X_17_grch38:GGGACCTCAGCTGTGCx,MS,A,MS121
MS121_A3__10X_17_grch38:TCAGCAAGTCTGATCAx,MS,A,MS121
MS121_A3__10X_17_grch38:TCAGCTCCATTCCTGCx,MS,A,MS121
MS121_A3__10X_17_grch38:TGAGAGGGTCATGCATx,MS,A,MS121
MS121_A3__10X_17_grch38:TGTGGTAAGTACGCCCx,MS,A,MS121
MS121_A2__10X_17_grch38:CTGTGCTTCGCGTTTCx,MS,A,MS121
MS121_A2__10X_17_grch38:CTTACCGGTCTACCTCx,MS,A,MS121
MS121_CA__10X_17_grch38:AACTCAGAGCTGCGAAx,MS,CA,MS121
MS121_CA__10X_17_grch38:AGCGTCGCAGCTCGCAx,MS,CA,MS121
MS121_CA__10X_17_grch38:CTCAGAATCCCAAGATx,MS,CA,MS121
MS121_CA__10X_17_grch38:GTGAAGGAGTCGTTTGx,MS,CA,MS121
MS121_CA__10X_17_grch38:TTGCCGTAGTGTACCTx,MS,CA,MS121
MS122_CI__10X_17_grch38:GGACGTCAGTGCCATTx,MS,CI,MS122
MS176_NAWM__10X_17_grch38:ACACCCTTCTTTCCTCx,MS,NAWM,MS176
MS176_NAWM__10X_17_grch38:CCAATCCTCTGATTCTx,MS,NAWM,MS176
MS176_NAWM__10X_17_grch38:GTAACTGCAGGAATGCx,MS,NAWM,MS176
MS176_NAWM__10X_17_grch38:TGAGGGAAGCCACTATx,MS,NAWM,MS176
MS176_NAWM__10X_17_grch38:TTTACTGGTAATAGCAx,MS,NAWM,MS176
MS176_RM__10X_17_grch38:CCTATTACAGAAGCACx,MS,RM,MS176
MS176_RM__10X_17_grch38:TGGTTAGGTCTAGGTTx,MS,RM,MS176
MS176_CA__10X_17_grch38:CAAGATCCAAGAGGCTx,MS,CA,MS176
MS176_CA__10X_17_grch38:GCTGCTTAGAAACCTAx,MS,CA,MS176
MS176_CA__10X_17_grch38:GTCACGGGTCAAACTCx,MS,CA,MS176
CO14__10X_17_grch38:AACTCAGGTAATAGCAx,normal,Ctrl,CO14
CO14__10X_17_grch38:CTCCTAGTCAGCATGTx,normal,Ctrl,CO14
MS122_NAWM__10X_17_grch38:CCTTACGTCCGCGGTAx,MS,NAWM,MS122
MS122_CI__10X_17_grch38:ACACTGAAGCGATTCTx,MS,CI,MS122
MS122_CI__10X_17_grch38:AGTGAGGAGTCAATAGx,MS,CI,MS122
MS122_CI__10X_17_grch38:ATGGGAGTCTTGTCATx,MS,CI,MS122
MS122_CI__10X_17_grch38:CACCAGGGTTCCACGGx,MS,CI,MS122
MS122_CI__10X_17_grch38:CCACTACGTCTGCCAGx,MS,CI,MS122
MS122_CI__10X_17_grch38:CTCGTACCAATCCAACx,MS,CI,MS122
MS122_CI__10X_17_grch38:GACGTGCGTCCAAGTTx,MS,CI,MS122
MS122_CI__10X_17_grch38:GGGCATCAGAAACCATx,MS,CI,MS122
MS122_CI__10X_17_grch38:GTATTCTAGCACACAGx,MS,CI,MS122
MS122_CI__10X_17_grch38:GTCAAGTAGTGGTCCCx,MS,CI,MS122
MS122_CI__10X_17_grch38:TAGTTGGCATCACAACx,MS,CI,MS122
MS122_CI__10X_17_grch38:TCGGGACGTAATTGGAx,MS,CI,MS122
MS122_CI__10X_17_grch38:TTCTCAAAGCTAGGCAx,MS,CI,MS122
MS122_A__10X_17_grch38:CTTACCGTCGAATGGGx,MS,A,MS122
MS122_A__10X_17_grch38:GCACTCTGTCACTGGCx,MS,A,MS122
MS122_A__10X_17_grch38:GGTGCGTAGGCTCAGAx,MS,A,MS122
MS122_A__10X_17_grch38:TGACGGCAGATCTGCTx,MS,A,MS122
MS122_A__10X_17_grch38:TGAGCATAGACTAAGTx,MS,A,MS122
MS122_A__10X_17_grch38:TTGGAACCACAAGACGx,MS,A,MS122
MS121_NAWM__10X_17_grch38:CACATAGAGACTGTAAx,MS,NAWM,MS121
MS121_NAWM__10X_17_grch38:GACCTGGCAGGGCATAx,MS,NAWM,MS121
MS121_NAWM__10X_17_grch38:GCGACCAAGCTAAACAx,MS,NAWM,MS121
MS121_CA__10X_17_grch38:CTTCTCTAGGTAGCCAx,MS,CA,MS121
MS176_NAWM__10X_17_grch38:ACAGCTAAGTGTCTCAx,MS,NAWM,MS176
MS176_NAWM__10X_17_grch38:ATGAGGGAGTCTCCTCx,MS,NAWM,MS176
MS176_NAWM__10X_17_grch38:CCTAGCTTCGATGAGGx,MS,NAWM,MS176
MS176_NAWM__10X_17_grch38:CGAATGTTCCAGAGGAx,MS,NAWM,MS176
MS176_NAWM__10X_17_grch38:CGATCGGAGTAGCCGAx,MS,NAWM,MS176
MS176_NAWM__10X_17_grch38:CGGAGTCAGTCGTTTGx,MS,NAWM,MS176
MS176_NAWM__10X_17_grch38:CGTTGGGCAATAGCGGx,MS,NAWM,MS176
MS176_NAWM__10X_17_grch38:TTTGTCATCTTCGAGAx,MS,NAWM,MS176
MS176_RM__10X_17_grch38:TCCACACAGTCGAGTGx,MS,RM,MS176
MS176_RM__10X_17_grch38:TTCTCCTGTTCAGTACx,MS,RM,MS176
MS176_CA__10X_17_grch38:CACTCCAAGGCTATCTx,MS,CA,MS176
MS176_CA__10X_17_grch38:TAGTTGGAGTAACCCTx,MS,CA,MS176
CO39__10X_17_grch38:ATGAGGGGTATATCCGx,normal,Ctrl,CO39
CO39__10X_17_grch38:GCTCCTATCTGCCCTAx,normal,Ctrl,CO39
CO39__10X_17_grch38:TCTCTAAGTGCGATAGx,normal,Ctrl,CO39
CO39__10X_17_grch38:TGACAACCACGAAGCAx,normal,Ctrl,CO39
CO14__10X_17_grch38:ATAGACCAGAGCTATAx,normal,Ctrl,CO14
CO14__10X_17_grch38:CAAGATCCATATACCGx,normal,Ctrl,CO14
CO14__10X_17_grch38:CAAGGCCTCCTCCTAGx,normal,Ctrl,CO14
CO14__10X_17_grch38:CACAGGCTCTGTTTGTx,normal,Ctrl,CO14
CO14__10X_17_grch38:CAGCTGGAGGTAGCTGx,normal,Ctrl,CO14
CO14__10X_17_grch38:CGAGCACAGGCTCAGAx,normal,Ctrl,CO14
CO14__10X_17_grch38:CGGCTAGCAGCCTTGGx,normal,Ctrl,CO14
CO14__10X_17_grch38:CTCATTAGTTGGTAAAx,normal,Ctrl,CO14
CO14__10X_17_grch38:GCGAGAAAGTGTCTCAx,normal,Ctrl,CO14
CO14__10X_17_grch38:TATGCCCTCAGCGATTx,normal,Ctrl,CO14
CO14__10X_17_grch38:TGGCCAGAGTCCCACGx,normal,Ctrl,CO14
CO14__10X_17_grch38:TTCTCCTCACTGTGTAx,normal,Ctrl,CO14
MS242_CA5__10X_17_grch38:ACTGCTCTCTAACCGAx,MS,CA,MS242
MS242_CA2__10X_17_grch38:CATGACACAGGTTTCAx,MS,CA,MS242
SD48/16__10X_17_grch38:CAGGTGCAGAGGTACCx,normal,Ctrl,SD48/16
SD48/16__10X_17_grch38:GGCAATTTCTTGAGACx,normal,Ctrl,SD48/16
SD48/16__10X_17_grch38:GTTCATTTCTTGTATCx,normal,Ctrl,SD48/16
SD48/16__10X_17_grch38:TGCGCAGTCCGTTGCTx,normal,Ctrl,SD48/16
MS122_NAWM__10X_17_grch38:AACCGCGAGTTAGGTAx,MS,NAWM,MS122
MS122_NAWM__10X_17_grch38:AAGTCTGTCAGCATGTx,MS,NAWM,MS122
MS122_NAWM__10X_17_grch38:ATCGAGTTCAACCATGx,MS,NAWM,MS122
MS122_NAWM__10X_17_grch38:ATGCGATCACACGCTGx,MS,NAWM,MS122
MS122_NAWM__10X_17_grch38:CACCACTCAGACGCAAx,MS,NAWM,MS122
MS122_NAWM__10X_17_grch38:CACTCCAAGACTGGGTx,MS,NAWM,MS122
MS122_NAWM__10X_17_grch38:CAGTAACTCTGGCGTGx,MS,NAWM,MS122
MS122_NAWM__10X_17_grch38:CGAATGTTCTTAGAGCx,MS,NAWM,MS122
MS122_NAWM__10X_17_grch38:CTTGGCTCATTATCTCx,MS,NAWM,MS122
MS122_NAWM__10X_17_grch38:GGTATTGAGATCCTGTx,MS,NAWM,MS122
MS122_NAWM__10X_17_grch38:GTAGGCCGTTCGAATCx,MS,NAWM,MS122
MS122_NAWM__10X_17_grch38:TCAATCTTCTGCTGCTx,MS,NAWM,MS122
MS122_NAWM__10X_17_grch38:TGGCTGGAGTGCGTGAx,MS,NAWM,MS122
MS122_NAWM__10X_17_grch38:TTGTAGGCAGAGCCAAx,MS,NAWM,MS122
MS122_CI__10X_17_grch38:AAACGGGGTCAGAAGCx,MS,CI,MS122
MS122_CI__10X_17_grch38:AAAGATGGTCAGAATAx,MS,CI,MS122
MS122_CI__10X_17_grch38:AACCATGAGCCCGAAAx,MS,CI,MS122
MS122_CI__10X_17_grch38:AAGGAGCTCCTTCAATx,MS,CI,MS122
MS122_CI__10X_17_grch38:ACACCAAAGGCAATTAx,MS,CI,MS122
MS122_CI__10X_17_grch38:ACACTGAAGCTTCGCGx,MS,CI,MS122
MS122_CI__10X_17_grch38:ACCCACTTCCGGGTGTx,MS,CI,MS122
MS122_CI__10X_17_grch38:ACCTTTATCGTCTGAAx,MS,CI,MS122
MS122_CI__10X_17_grch38:ACGAGGAAGATCTGCTx,MS,CI,MS122
MS122_CI__10X_17_grch38:ACGTCAAGTGTGACGAx,MS,CI,MS122
MS122_CI__10X_17_grch38:ACTTACTGTCGGCACTx,MS,CI,MS122
MS122_CI__10X_17_grch38:AGATCTGGTGTTCTTTx,MS,CI,MS122
MS122_CI__10X_17_grch38:AGTCTTTGTAAATGTGx,MS,CI,MS122
MS122_CI__10X_17_grch38:AGTCTTTTCGTTTGCCx,MS,CI,MS122
MS122_CI__10X_17_grch38:ATGGGAGGTCCGAGTCx,MS,CI,MS122
MS122_CI__10X_17_grch38:CAACCTCAGGTCATCTx,MS,CI,MS122
MS122_CI__10X_17_grch38:CAGTAACGTATAGTAGx,MS,CI,MS122
MS122_CI__10X_17_grch38:CAGTCCTGTAAGGATTx,MS,CI,MS122
MS122_CI__10X_17_grch38:CCAATCCAGAGACTTAx,MS,CI,MS122
MS122_CI__10X_17_grch38:CCACTACCATGACATCx,MS,CI,MS122
MS122_CI__10X_17_grch38:CCACTACCATGTCGATx,MS,CI,MS122
MS122_CI__10X_17_grch38:CCGGTAGAGAGCTGCAx,MS,CI,MS122
MS122_CI__10X_17_grch38:CCTAGCTAGAACTCGGx,MS,CI,MS122
MS122_CI__10X_17_grch38:CCTTACGTCCAACCAAx,MS,CI,MS122
MS122_CI__10X_17_grch38:CGCGGTAAGATCACGGx,MS,CI,MS122
MS122_CI__10X_17_grch38:CGGACGTCATTCTTACx,MS,CI,MS122
MS122_CI__10X_17_grch38:CGGAGCTCAATAGAGTx,MS,CI,MS122
MS122_CI__10X_17_grch38:CGGTTAATCTGGCGACx,MS,CI,MS122
MS122_CI__10X_17_grch38:CGTGAGCCATATACCGx,MS,CI,MS122
MS122_CI__10X_17_grch38:CTAACTTTCAGAGCTTx,MS,CI,MS122
MS122_CI__10X_17_grch38:CTCACACGTAAACACAx,MS,CI,MS122
MS122_CI__10X_17_grch38:CTCGGAGCATCGGAAGx,MS,CI,MS122
MS122_CI__10X_17_grch38:CTCGGGACATGCAACTx,MS,CI,MS122
MS122_CI__10X_17_grch38:CTGAAGTCAACTGGCCx,MS,CI,MS122
MS122_CI__10X_17_grch38:GAGCAGAGTCGGCATCx,MS,CI,MS122
MS122_CI__10X_17_grch38:GCAGCCAAGTACGTAAx,MS,CI,MS122
MS122_CI__10X_17_grch38:GCGCGATTCTGCCCTAx,MS,CI,MS122
MS122_CI__10X_17_grch38:GCTGCGAGTGCACCACx,MS,CI,MS122
MS122_CI__10X_17_grch38:GGAAAGCGTCCAACTAx,MS,CI,MS122
MS122_CI__10X_17_grch38:GGACATTCACACCGACx,MS,CI,MS122
MS122_CI__10X_17_grch38:GGTATTGAGACTAGGCx,MS,CI,MS122
MS122_CI__10X_17_grch38:GTAGTCAAGCTCCTCTx,MS,CI,MS122
MS122_CI__10X_17_grch38:GTCTTCGAGCAGCCTCx,MS,CI,MS122
MS122_CI__10X_17_grch38:GTTCATTTCGTCCGTTx,MS,CI,MS122
MS122_CI__10X_17_grch38:TACTTGTAGCAATCTCx,MS,CI,MS122
MS122_CI__10X_17_grch38:TATTACCTCGCTAGCGx,MS,CI,MS122
MS122_CI__10X_17_grch38:TCAGCAAGTGTGCGTCx,MS,CI,MS122
MS122_CI__10X_17_grch38:TGAAAGAGTCGAACAGx,MS,CI,MS122
MS122_CI__10X_17_grch38:TGTGGTACATGTTCCCx,MS,CI,MS122
MS122_CI__10X_17_grch38:TTAGGCAGTCGAGTTTx,MS,CI,MS122
MS122_CI__10X_17_grch38:TTCCCAGAGACGACGTx,MS,CI,MS122
MS122_CI__10X_17_grch38:TTCGGTCTCGCCGTGAx,MS,CI,MS122
MS122_CI__10X_17_grch38:TTCTCAAGTCCAGTGCx,MS,CI,MS122
MS122_CI__10X_17_grch38:TTTATGCCATGACATCx,MS,CI,MS122
MS122_A__10X_17_grch38:AAACGGGGTTTCCACCx,MS,A,MS122
MS122_A__10X_17_grch38:AAGGAGCTCTGTTTGTx,MS,A,MS122
MS122_A__10X_17_grch38:AATCCAGCACCTCGGAx,MS,A,MS122
MS122_A__10X_17_grch38:ACGAGGACAAGTTCTGx,MS,A,MS122
MS122_A__10X_17_grch38:ACTATCTGTCGACTATx,MS,A,MS122
MS122_A__10X_17_grch38:AGAGTGGCAGATCCATx,MS,A,MS122
MS122_A__10X_17_grch38:AGCTCTCGTTTGTTTCx,MS,A,MS122
MS122_A__10X_17_grch38:AGTAGTCTCTTACCTAx,MS,A,MS122
MS122_A__10X_17_grch38:AGTTGGTAGAGGGCTTx,MS,A,MS122
MS122_A__10X_17_grch38:CACAGTATCGACAGCCx,MS,A,MS122
MS122_A__10X_17_grch38:CACATTTAGGGCTTCCx,MS,A,MS122
MS122_A__10X_17_grch38:CCCAGTTTCGCGCCAAx,MS,A,MS122
MS122_A__10X_17_grch38:CCCATACCAGTCGATTx,MS,A,MS122
MS122_A__10X_17_grch38:CCTACCACATATGGTCx,MS,A,MS122
MS122_A__10X_17_grch38:CGAGCACGTATAGGGCx,MS,A,MS122
MS122_A__10X_17_grch38:CGCCAAGTCGGGAGTAx,MS,A,MS122
MS122_A__10X_17_grch38:CTACGTCGTCAAAGATx,MS,A,MS122
MS122_A__10X_17_grch38:CTCTAATAGTGTTAGAx,MS,A,MS122
MS122_A__10X_17_grch38:GAAACTCAGTGGACGTx,MS,A,MS122
MS122_A__10X_17_grch38:GGCAATTAGTCAATAGx,MS,A,MS122
MS122_A__10X_17_grch38:GGGAATGTCTCAAGTGx,MS,A,MS122
MS122_A__10X_17_grch38:GTCATTTGTTGACGTTx,MS,A,MS122
MS122_A__10X_17_grch38:GTCGTAAGTGCATCTAx,MS,A,MS122
MS122_A__10X_17_grch38:GTGCAGCTCAAACCACx,MS,A,MS122
MS122_A__10X_17_grch38:TACTCATCAATGGTCTx,MS,A,MS122
MS122_A__10X_17_grch38:TCACAAGTCTAGCACAx,MS,A,MS122
MS122_A__10X_17_grch38:TCTTCGGTCAAGATCCx,MS,A,MS122
MS122_A__10X_17_grch38:TGAGCATTCTATCGCCx,MS,A,MS122
MS122_A__10X_17_grch38:TTAGGCACATCACGTAx,MS,A,MS122
MS122_A__10X_17_grch38:TTCCCAGGTCGTTGTAx,MS,A,MS122
MS121_NAWM__10X_17_grch38:AAACGGGCAGATGAGCx,MS,NAWM,MS121
MS121_NAWM__10X_17_grch38:AAAGCAAAGACTTTCGx,MS,NAWM,MS121
MS121_NAWM__10X_17_grch38:ACACCGGGTGATGCCCx,MS,NAWM,MS121
MS121_NAWM__10X_17_grch38:ACGATGTGTACCGGCTx,MS,NAWM,MS121
MS121_NAWM__10X_17_grch38:ACTTGTTAGCCAGTTTx,MS,NAWM,MS121
MS121_NAWM__10X_17_grch38:AGAGCGATCCTCAACCx,MS,NAWM,MS121
MS121_NAWM__10X_17_grch38:AGTGTCAGTGCTCTTCx,MS,NAWM,MS121
MS121_NAWM__10X_17_grch38:ATCATGGTCCATTCTAx,MS,NAWM,MS121
MS121_NAWM__10X_17_grch38:ATCCGAAAGTATGACAx,MS,NAWM,MS121
MS121_NAWM__10X_17_grch38:CAGCTGGCAGTTCATGx,MS,NAWM,MS121
MS121_NAWM__10X_17_grch38:CCGGTAGTCCACGACGx,MS,NAWM,MS121
MS121_NAWM__10X_17_grch38:CCGTTCAGTAAAGGAGx,MS,NAWM,MS121
MS121_NAWM__10X_17_grch38:CCTACACGTTCGAATCx,MS,NAWM,MS121
MS121_NAWM__10X_17_grch38:CGACCTTCACAGAGGTx,MS,NAWM,MS121
MS121_NAWM__10X_17_grch38:CGCCAAGGTCTTGCGGx,MS,NAWM,MS121
MS121_NAWM__10X_17_grch38:CGGACACCAAAGCGGTx,MS,NAWM,MS121
MS121_NAWM__10X_17_grch38:CGGAGCTTCTTGAGACx,MS,NAWM,MS121
MS121_NAWM__10X_17_grch38:CTACATTGTATTCGTGx,MS,NAWM,MS121
MS121_NAWM__10X_17_grch38:CTCGAAAAGAACTCGGx,MS,NAWM,MS121
MS121_NAWM__10X_17_grch38:CTGAAACAGTATCTCGx,MS,NAWM,MS121
MS121_NAWM__10X_17_grch38:GACACGCCACTTCTGCx,MS,NAWM,MS121
MS121_NAWM__10X_17_grch38:GATCGATAGCAAATCAx,MS,NAWM,MS121
MS121_NAWM__10X_17_grch38:GCTCCTAAGGGCTTGAx,MS,NAWM,MS121
MS121_NAWM__10X_17_grch38:GGATGTTCATCCTTGCx,MS,NAWM,MS121
MS121_NAWM__10X_17_grch38:GGCGACTAGGCGCTCTx,MS,NAWM,MS121
MS121_NAWM__10X_17_grch38:GGGAGATTCGTTTGCCx,MS,NAWM,MS121
MS121_NAWM__10X_17_grch38:GGGTCTGAGCTCCTCTx,MS,NAWM,MS121
MS121_NAWM__10X_17_grch38:GTACTTTAGGTGATATx,MS,NAWM,MS121
MS121_NAWM__10X_17_grch38:TAGAGCTCAGGTGCCTx,MS,NAWM,MS121
MS121_NAWM__10X_17_grch38:TAGAGCTGTCCGAACCx,MS,NAWM,MS121
MS121_NAWM__10X_17_grch38:TCAGCTCAGTACTTGCx,MS,NAWM,MS121
MS121_NAWM__10X_17_grch38:TCTCATATCACCACCTx,MS,NAWM,MS121
MS121_NAWM__10X_17_grch38:TCTTCGGTCGGAGCAAx,MS,NAWM,MS121
MS121_NAWM__10X_17_grch38:TGAAAGAAGAATTCCCx,MS,NAWM,MS121
MS121_NAWM__10X_17_grch38:TGAGCATAGACCCACCx,MS,NAWM,MS121
MS121_NAWM__10X_17_grch38:TTATGCTTCTTCCTTCx,MS,NAWM,MS121
MS121_NAWM__10X_17_grch38:TTTGGTTTCTCGGACGx,MS,NAWM,MS121
MS121_A3__10X_17_grch38:AAAGATGGTACCGTTAx,MS,A,MS121
MS121_A3__10X_17_grch38:AAAGCAATCCTAGAACx,MS,A,MS121
MS121_A3__10X_17_grch38:AAAGTAGAGCACAGGTx,MS,A,MS121
MS121_A3__10X_17_grch38:AACTGGTTCGTCTGCTx,MS,A,MS121
MS121_A3__10X_17_grch38:AAGACCTGTAGAGGAAx,MS,A,MS121
MS121_A3__10X_17_grch38:AAGGAGCCAACTGGCCx,MS,A,MS121
MS121_A3__10X_17_grch38:AAGGCAGTCATACGGTx,MS,A,MS121
MS121_A3__10X_17_grch38:AAGTCTGAGTGTACGGx,MS,A,MS121
MS121_A3__10X_17_grch38:AATCCAGAGACAGAGAx,MS,A,MS121
MS121_A3__10X_17_grch38:ACACCCTTCAGTACGTx,MS,A,MS121
MS121_A3__10X_17_grch38:ACACCGGGTAGCCTATx,MS,A,MS121
MS121_A3__10X_17_grch38:ACATACGGTTGTGGAGx,MS,A,MS121
MS121_A3__10X_17_grch38:ACATCAGTCTGATACGx,MS,A,MS121
MS121_A3__10X_17_grch38:ACGAGCCTCCCAGGTGx,MS,A,MS121
MS121_A3__10X_17_grch38:ACGATACAGCTGCGAAx,MS,A,MS121
MS121_A3__10X_17_grch38:ACGCCAGCATACGCTAx,MS,A,MS121
MS121_A3__10X_17_grch38:ACTATCTGTACCGAGAx,MS,A,MS121
MS121_A3__10X_17_grch38:ACTATCTGTGAGCGATx,MS,A,MS121
MS121_A3__10X_17_grch38:ACTGTCCGTTTGGCGCx,MS,A,MS121
MS121_A3__10X_17_grch38:ACTTGTTGTCTGCGGTx,MS,A,MS121
MS121_A3__10X_17_grch38:ACTTTCAAGTGTGAATx,MS,A,MS121
MS121_A3__10X_17_grch38:AGAGCGAGTGGCTCCAx,MS,A,MS121
MS121_A3__10X_17_grch38:AGAGCTTCATGCTGGCx,MS,A,MS121
MS121_A3__10X_17_grch38:AGATTGCAGACAGAGAx,MS,A,MS121
MS121_A3__10X_17_grch38:AGCGTATCATGCTAGTx,MS,A,MS121
MS121_A3__10X_17_grch38:AGGCCGTGTGCACTTAx,MS,A,MS121
MS121_A3__10X_17_grch38:ATCCACCGTGTGCGTCx,MS,A,MS121
MS121_A3__10X_17_grch38:ATCGAGTGTAGATTAGx,MS,A,MS121
MS121_A3__10X_17_grch38:ATCTACTTCGCGTAGCx,MS,A,MS121
MS121_A3__10X_17_grch38:ATGGGAGGTTCAGGCCx,MS,A,MS121
MS121_A3__10X_17_grch38:CAACTAGCACGCTTTCx,MS,A,MS121
MS121_A3__10X_17_grch38:CACAAACCAGTCAGAGx,MS,A,MS121
MS121_A3__10X_17_grch38:CACACAATCACTTCATx,MS,A,MS121
MS121_A3__10X_17_grch38:CACATAGAGAGCCTAGx,MS,A,MS121
MS121_A3__10X_17_grch38:CACATAGCAGTACACTx,MS,A,MS121
MS121_A3__10X_17_grch38:CAGCGACTCTTGACGAx,MS,A,MS121
MS121_A3__10X_17_grch38:CAGCTGGGTTGTGGAGx,MS,A,MS121
MS121_A3__10X_17_grch38:CAGTCCTGTTTACTCTx,MS,A,MS121
MS121_A3__10X_17_grch38:CATATGGCATGGGAACx,MS,A,MS121
MS121_A3__10X_17_grch38:CATGACATCAATCTCTx,MS,A,MS121
MS121_A3__10X_17_grch38:CATGCCTTCCTAGGGCx,MS,A,MS121
MS121_A3__10X_17_grch38:CCACTACCAATGAAACx,MS,A,MS121
MS121_A3__10X_17_grch38:CCCAATCAGTACATGAx,MS,A,MS121
MS121_A3__10X_17_grch38:CCCAATCGTGGCGAATx,MS,A,MS121
MS121_A3__10X_17_grch38:CCCTCCTTCCCTGACTx,MS,A,MS121
MS121_A3__10X_17_grch38:CCTATTAGTTGGTGGAx,MS,A,MS121
MS121_A3__10X_17_grch38:CCTCTGACATCACAACx,MS,A,MS121
MS121_A3__10X_17_grch38:CCTTACGCAAGCCCACx,MS,A,MS121
MS121_A3__10X_17_grch38:CGAATGTTCTGGTTCCx,MS,A,MS121
MS121_A3__10X_17_grch38:CGACTTCAGCCGATTTx,MS,A,MS121
MS121_A3__10X_17_grch38:CGAGAAGTCTCGCATCx,MS,A,MS121
MS121_A3__10X_17_grch38:CGATCGGAGGGAACGGx,MS,A,MS121
MS121_A3__10X_17_grch38:CGGACACTCCAAACACx,MS,A,MS121
MS121_A3__10X_17_grch38:CGGCTAGGTCCGAATTx,MS,A,MS121
MS121_A3__10X_17_grch38:CGTCACTGTACTTGACx,MS,A,MS121
MS121_A3__10X_17_grch38:CGTCAGGTCTGCTTGCx,MS,A,MS121
MS121_A3__10X_17_grch38:CTAAGACAGGACTGGTx,MS,A,MS121
MS121_A3__10X_17_grch38:CTACGTCCACTCGACGx,MS,A,MS121
MS121_A3__10X_17_grch38:CTAGAGTCATCCGGGTx,MS,A,MS121
MS121_A3__10X_17_grch38:CTAGTGATCATCGGATx,MS,A,MS121
MS121_A3__10X_17_grch38:CTCAGAACACAGACTTx,MS,A,MS121
MS121_A3__10X_17_grch38:CTCATTACACCCTATCx,MS,A,MS121
MS121_A3__10X_17_grch38:CTCGAAACAGATAATGx,MS,A,MS121
MS121_A3__10X_17_grch38:CTGAAGTTCACTTATCx,MS,A,MS121
MS121_A3__10X_17_grch38:CTGATAGGTAAGTTCCx,MS,A,MS121
MS121_A3__10X_17_grch38:CTGTGCTAGCCATCGCx,MS,A,MS121
MS121_A3__10X_17_grch38:CTTACCGCACAGAGGTx,MS,A,MS121
MS121_A3__10X_17_grch38:CTTCTCTCACCAGATTx,MS,A,MS121
MS121_A3__10X_17_grch38:CTTGGCTAGGTGTGGTx,MS,A,MS121
MS121_A3__10X_17_grch38:GAACCTACAAGCGATGx,MS,A,MS121
MS121_A3__10X_17_grch38:GAATAAGGTTTGGGCCx,MS,A,MS121
MS121_A3__10X_17_grch38:GACCAATAGCACAGGTx,MS,A,MS121
MS121_A3__10X_17_grch38:GACCAATAGTTATCGCx,MS,A,MS121
MS121_A3__10X_17_grch38:GACCAATTCTCCAACCx,MS,A,MS121
MS121_A3__10X_17_grch38:GACGGCTTCCACTCCAx,MS,A,MS121
MS121_A3__10X_17_grch38:GACTACAGTCGCATATx,MS,A,MS121
MS121_A3__10X_17_grch38:GACTACATCTTGACGAx,MS,A,MS121
MS121_A3__10X_17_grch38:GAGGTGAGTAGCGCAAx,MS,A,MS121
MS121_A3__10X_17_grch38:GATCGATGTCTCACCTx,MS,A,MS121
MS121_A3__10X_17_grch38:GATGAAACACAAGCCCx,MS,A,MS121
MS121_A3__10X_17_grch38:GATGAGGAGACCACGAx,MS,A,MS121
MS121_A3__10X_17_grch38:GCAAACTCATAAAGGTx,MS,A,MS121
MS121_A3__10X_17_grch38:GCATGTAAGTCTCGGCx,MS,A,MS121
MS121_A3__10X_17_grch38:GCGACCAAGCGTCTATx,MS,A,MS121
MS121_A3__10X_17_grch38:GCTCCTACACCAACCGx,MS,A,MS121
MS121_A3__10X_17_grch38:GCTGGGTCAGCCAATTx,MS,A,MS121
MS121_A3__10X_17_grch38:GGCCGATGTCATCCCTx,MS,A,MS121
MS121_A3__10X_17_grch38:GGCGACTAGCTGCGAAx,MS,A,MS121
MS121_A3__10X_17_grch38:GGGTCTGAGATGCGACx,MS,A,MS121
MS121_A3__10X_17_grch38:GTAACGTGTTCAGGCCx,MS,A,MS121
MS121_A3__10X_17_grch38:GTACGTAAGGCAGGTTx,MS,A,MS121
MS121_A3__10X_17_grch38:GTACTTTTCTGTTTGTx,MS,A,MS121
MS121_A3__10X_17_grch38:GTATTCTCAAATCCGTx,MS,A,MS121
MS121_A3__10X_17_grch38:GTGGGTCCAAGCCCACx,MS,A,MS121
MS121_A3__10X_17_grch38:GTTTCTACATCTGGTAx,MS,A,MS121
MS121_A3__10X_17_grch38:TACAGTGAGGACATTAx,MS,A,MS121
MS121_A3__10X_17_grch38:TACCTATAGTTCGCGCx,MS,A,MS121
MS121_A3__10X_17_grch38:TACCTTACATGCATGTx,MS,A,MS121
MS121_A3__10X_17_grch38:TACGGGCGTTCCCGAGx,MS,A,MS121
MS121_A3__10X_17_grch38:TATGCCCTCTACCTGCx,MS,A,MS121
MS121_A3__10X_17_grch38:TCAGCTCAGCTTATCGx,MS,A,MS121
MS121_A3__10X_17_grch38:TCAGGATTCAAAGACAx,MS,A,MS121
MS121_A3__10X_17_grch38:TCCCGATGTCTCCACTx,MS,A,MS121
MS121_A3__10X_17_grch38:TCGGGACAGCAGCCTCx,MS,A,MS121
MS121_A3__10X_17_grch38:TCGTAGATCGAACGGAx,MS,A,MS121
MS121_A3__10X_17_grch38:TCTATTGAGGGTCTCCx,MS,A,MS121
MS121_A3__10X_17_grch38:TCTCTAAGTGAAATCAx,MS,A,MS121
MS121_A3__10X_17_grch38:TCTTCGGTCCTAGAACx,MS,A,MS121
MS121_A3__10X_17_grch38:TCTTTCCCATCAGTCAx,MS,A,MS121
MS121_A3__10X_17_grch38:TGACAACAGCTGCAAGx,MS,A,MS121
MS121_A3__10X_17_grch38:TGACTTTAGGCCCTTGx,MS,A,MS121
MS121_A3__10X_17_grch38:TGCCCATCAATCACACx,MS,A,MS121
MS121_A3__10X_17_grch38:TGCTACCCATTGTGCAx,MS,A,MS121
MS121_A3__10X_17_grch38:TGCTGCTCATTCTCATx,MS,A,MS121
MS121_A3__10X_17_grch38:TTCTCAAGTAAGAGGAx,MS,A,MS121
MS121_A3__10X_17_grch38:TTCTCAAGTTGCCTCTx,MS,A,MS121
MS121_A3__10X_17_grch38:TTGACTTAGAGTGAGAx,MS,A,MS121
MS121_A3__10X_17_grch38:TTGGCAATCACGCGGTx,MS,A,MS121
MS121_A3__10X_17_grch38:TTTGCGCCATATGAGAx,MS,A,MS121
MS121_A2__10X_17_grch38:AAAGTAGTCGCCCTTAx,MS,A,MS121
MS121_A2__10X_17_grch38:AACACGTAGCTTCGCGx,MS,A,MS121
MS121_A2__10X_17_grch38:AACTTTCAGGTGCACAx,MS,A,MS121
MS121_A2__10X_17_grch38:AAGGAGCCACGGCCATx,MS,A,MS121
MS121_A2__10X_17_grch38:ACACCGGTCTTGCCGTx,MS,A,MS121
MS121_A2__10X_17_grch38:ACATCAGTCTTGCCGTx,MS,A,MS121
MS121_A2__10X_17_grch38:ACCGTAATCGCCAAATx,MS,A,MS121
MS121_A2__10X_17_grch38:ACGCCGAGTATCGCATx,MS,A,MS121
MS121_A2__10X_17_grch38:ACTATCTCATAAGACAx,MS,A,MS121
MS121_A2__10X_17_grch38:ACTTTCACACCGAAAGx,MS,A,MS121
MS121_A2__10X_17_grch38:AGAGTGGCAATTGCTGx,MS,A,MS121
MS121_A2__10X_17_grch38:AGAGTGGGTGCGGTAAx,MS,A,MS121
MS121_A2__10X_17_grch38:AGGCCGTGTTAAAGTGx,MS,A,MS121
MS121_A2__10X_17_grch38:AGGCCGTTCACAGGCCx,MS,A,MS121
MS121_A2__10X_17_grch38:AGGCCGTTCTAACTTCx,MS,A,MS121
MS121_A2__10X_17_grch38:AGGGAGTGTGTGCCTGx,MS,A,MS121
MS121_A2__10X_17_grch38:AGTGGGAAGAAACCTAx,MS,A,MS121
MS121_A2__10X_17_grch38:ATGTGTGAGAGGGCTTx,MS,A,MS121
MS121_A2__10X_17_grch38:ATTACTCTCCAAGCCGx,MS,A,MS121
MS121_A2__10X_17_grch38:ATTGGACCATCGGAAGx,MS,A,MS121
MS121_A2__10X_17_grch38:CAAGGCCTCTTGAGGTx,MS,A,MS121
MS121_A2__10X_17_grch38:CACAAACCAGCTGTGCx,MS,A,MS121
MS121_A2__10X_17_grch38:CAGCCGATCCGAACGCx,MS,A,MS121
MS121_A2__10X_17_grch38:CATCCACTCTGGTATGx,MS,A,MS121
MS121_A2__10X_17_grch38:CATGACAGTAGCTAAAx,MS,A,MS121
MS121_A2__10X_17_grch38:CATTATCGTACTCGCGx,MS,A,MS121
MS121_A2__10X_17_grch38:CCACGGAAGGTGACCAx,MS,A,MS121
MS121_A2__10X_17_grch38:CCGGGATAGTAGGCCAx,MS,A,MS121
MS121_A2__10X_17_grch38:CCGTTCAAGGGAAACAx,MS,A,MS121
MS121_A2__10X_17_grch38:CGAACATCAGGACCCTx,MS,A,MS121
MS121_A2__10X_17_grch38:CGAACATGTCGTGGCTx,MS,A,MS121
MS121_A2__10X_17_grch38:CGATGGCTCGTCTGAAx,MS,A,MS121
MS121_A2__10X_17_grch38:CGGACTGCAAAGTCAAx,MS,A,MS121
MS121_A2__10X_17_grch38:CGTCACTCATCGGTTAx,MS,A,MS121
MS121_A2__10X_17_grch38:CGTTAGAGTATTCTCTx,MS,A,MS121
MS121_A2__10X_17_grch38:CGTTCTGAGCTGCCCAx,MS,A,MS121
MS121_A2__10X_17_grch38:CTAGCCTAGGATATACx,MS,A,MS121
MS121_A2__10X_17_grch38:CTCATTACACCGTTGGx,MS,A,MS121
MS121_A2__10X_17_grch38:CTCGAGGAGGGAAACAx,MS,A,MS121
MS121_A2__10X_17_grch38:CTGTTTACACCTGGTGx,MS,A,MS121
MS121_A2__10X_17_grch38:GAAACTCCAGTGACAGx,MS,A,MS121
MS121_A2__10X_17_grch38:GACCTGGGTCCCGACAx,MS,A,MS121
MS121_A2__10X_17_grch38:GATTCAGCACATCTTTx,MS,A,MS121
MS121_A2__10X_17_grch38:GCACATAGTAAAGTCAx,MS,A,MS121
MS121_A2__10X_17_grch38:GCATGCGGTAAACGCGx,MS,A,MS121
MS121_A2__10X_17_grch38:GCGCAACGTGCCTGCAx,MS,A,MS121
MS121_A2__10X_17_grch38:GCTTCCAGTTACTGACx,MS,A,MS121
MS121_A2__10X_17_grch38:GGGTCTGGTCAGATAAx,MS,A,MS121
MS121_A2__10X_17_grch38:GGGTTGCAGTTGTAGAx,MS,A,MS121
MS121_A2__10X_17_grch38:GGTGAAGGTAGCTGCCx,MS,A,MS121
MS121_A2__10X_17_grch38:GGTGCGTTCTACCAGAx,MS,A,MS121
MS121_A2__10X_17_grch38:GTCGTAAGTGAGGCTAx,MS,A,MS121
MS121_A2__10X_17_grch38:TACGGATCATGAACCTx,MS,A,MS121
MS121_A2__10X_17_grch38:TACGGGCAGACTGTAAx,MS,A,MS121
MS121_A2__10X_17_grch38:TACTTACCACGAGGTAx,MS,A,MS121
MS121_A2__10X_17_grch38:TACTTGTAGGATCGCAx,MS,A,MS121
MS121_A2__10X_17_grch38:TAGTGGTGTGACTACTx,MS,A,MS121
MS121_A2__10X_17_grch38:TAGTGGTTCGTCGTTCx,MS,A,MS121
MS121_A2__10X_17_grch38:TAGTTGGAGTGTGGCAx,MS,A,MS121
MS121_A2__10X_17_grch38:TATCAGGGTCGATTGTx,MS,A,MS121
MS121_A2__10X_17_grch38:TCCACACCAAGTCATCx,MS,A,MS121
MS121_A2__10X_17_grch38:TCGAGGCAGGCCCGTTx,MS,A,MS121
MS121_A2__10X_17_grch38:TCGTAGAAGCTAACTCx,MS,A,MS121
MS121_A2__10X_17_grch38:TCTCTAAGTAGCCTATx,MS,A,MS121
MS121_A2__10X_17_grch38:TGGACGCTCGATGAGGx,MS,A,MS121
MS121_A2__10X_17_grch38:TGGGCGTAGGAGTACCx,MS,A,MS121
MS121_A2__10X_17_grch38:TTCCCAGCAATGACCTx,MS,A,MS121
MS121_A2__10X_17_grch38:TTCTCAAAGGATATACx,MS,A,MS121
MS121_CA__10X_17_grch38:ACGTCAAGTCTCTTTAx,MS,CA,MS121
MS121_CA__10X_17_grch38:ACTATCTCATTTCACTx,MS,CA,MS121
MS121_CA__10X_17_grch38:ACTGAGTTCCACTCCAx,MS,CA,MS121
MS121_CA__10X_17_grch38:AGCGGTCCATCACCCTx,MS,CA,MS121
MS121_CA__10X_17_grch38:AGCGTATTCCCATTTAx,MS,CA,MS121
MS121_CA__10X_17_grch38:CACACCTCATACGCTAx,MS,CA,MS121
MS121_CA__10X_17_grch38:CACACTCTCTACTCATx,MS,CA,MS121
MS121_CA__10X_17_grch38:CAGGTGCTCATGCTCCx,MS,CA,MS121
MS121_CA__10X_17_grch38:CATGGCGGTGATAAACx,MS,CA,MS121
MS121_CA__10X_17_grch38:CCCAATCCACTGTCGGx,MS,CA,MS121
MS121_CA__10X_17_grch38:CCCATACAGTATGACAx,MS,CA,MS121
MS121_CA__10X_17_grch38:CCGTGGACACTGTGTAx,MS,CA,MS121
MS121_CA__10X_17_grch38:CCGTGGATCTCGAGTAx,MS,CA,MS121
MS121_CA__10X_17_grch38:CGTTAGAAGTCCATACx,MS,CA,MS121
MS121_CA__10X_17_grch38:CTACGTCGTTACAGAAx,MS,CA,MS121
MS121_CA__10X_17_grch38:CTCTACGAGGACACCAx,MS,CA,MS121
MS121_CA__10X_17_grch38:CTGTTTACAGTCAGCCx,MS,CA,MS121
MS121_CA__10X_17_grch38:GACCTGGTCATGCATGx,MS,CA,MS121
MS121_CA__10X_17_grch38:GATCGCGCACTGAAGGx,MS,CA,MS121
MS121_CA__10X_17_grch38:GGGACCTGTGCCTGCAx,MS,CA,MS121
MS121_CA__10X_17_grch38:TAAGAGACACATTAGCx,MS,CA,MS121
MS121_CA__10X_17_grch38:TAAGAGAGTATATCCGx,MS,CA,MS121
MS121_CA__10X_17_grch38:TACGGTAGTTTGCATGx,MS,CA,MS121
MS121_CA__10X_17_grch38:TCCACACAGCCAGTAGx,MS,CA,MS121
MS121_CA__10X_17_grch38:TCCACACAGTACGTTCx,MS,CA,MS121
MS121_CA__10X_17_grch38:TCCCGATCACTTAAGCx,MS,CA,MS121
MS121_CA__10X_17_grch38:TCGTACCTCACCTTATx,MS,CA,MS121
MS121_CA__10X_17_grch38:TGCGGGTAGTCGCCGTx,MS,CA,MS121
MS121_CA__10X_17_grch38:TGCGTGGAGATGTAACx,MS,CA,MS121
MS121_CA__10X_17_grch38:TTTGTCATCAACACGTx,MS,CA,MS121
CO28__10X_17_grch38:TTAGGACTCGTCTGAAx,normal,Ctrl,CO28
CO25__10X_17_grch38:AGCCTAAAGGGTATCGx,normal,Ctrl,CO25
CO25__10X_17_grch38:ATGTGTGCATCGATGTx,normal,Ctrl,CO25
CO25__10X_17_grch38:CACAAACTCCGAACGCx,normal,Ctrl,CO25
CO25__10X_17_grch38:CATCAAGCACTGTCGGx,normal,Ctrl,CO25
CO25__10X_17_grch38:CATGACAAGAGCCTAGx,normal,Ctrl,CO25
CO25__10X_17_grch38:CATGCCTAGTGCTGCCx,normal,Ctrl,CO25
CO25__10X_17_grch38:CCCATACGTCTCTTATx,normal,Ctrl,CO25
CO25__10X_17_grch38:CGTAGCGGTCCGTTAAx,normal,Ctrl,CO25
CO25__10X_17_grch38:CTAACTTTCCAATGGTx,normal,Ctrl,CO25
CO25__10X_17_grch38:CTACCCAGTCTTCAAGx,normal,Ctrl,CO25
CO25__10X_17_grch38:CTAGCCTGTTTGGGCCx,normal,Ctrl,CO25
CO25__10X_17_grch38:CTGATAGCATCTCCCAx,normal,Ctrl,CO25
CO25__10X_17_grch38:GACTACATCTCTTATGx,normal,Ctrl,CO25
CO25__10X_17_grch38:GAGCAGAAGAATCTCCx,normal,Ctrl,CO25
CO25__10X_17_grch38:GATTCAGTCGAATGCTx,normal,Ctrl,CO25
CO25__10X_17_grch38:GCAGCCAAGTGCGATGx,normal,Ctrl,CO25
CO25__10X_17_grch38:GTCCTCATCACGCATAx,normal,Ctrl,CO25
CO25__10X_17_grch38:GTTCATTAGTGTGGCAx,normal,Ctrl,CO25
CO25__10X_17_grch38:TACGGGCCAAACGCGAx,normal,Ctrl,CO25
CO25__10X_17_grch38:TAGGCATTCAGTACGTx,normal,Ctrl,CO25
CO25__10X_17_grch38:TGACTAGGTAAACACAx,normal,Ctrl,CO25
CO25__10X_17_grch38:TTTACTGCAGCCAGAAx,normal,Ctrl,CO25
CO25__10X_17_grch38:TTTGGTTCAAACCCATx,normal,Ctrl,CO25
MS176_NAWM__10X_17_grch38:AAACCTGGTGATAAGTx,MS,NAWM,MS176
MS176_NAWM__10X_17_grch38:AACACGTAGGCAATTAx,MS,NAWM,MS176
MS176_NAWM__10X_17_grch38:AAGCCGCGTTAAAGTGx,MS,NAWM,MS176
MS176_NAWM__10X_17_grch38:ACACCAATCCGCATCTx,MS,NAWM,MS176
MS176_NAWM__10X_17_grch38:ACACCGGAGTCTTGCAx,MS,NAWM,MS176
MS176_NAWM__10X_17_grch38:ACATGGTGTGTATGGGx,MS,NAWM,MS176
MS176_NAWM__10X_17_grch38:ACCCACTCAGTACACTx,MS,NAWM,MS176
MS176_NAWM__10X_17_grch38:ACTTTCACAAACCCATx,MS,NAWM,MS176
MS176_NAWM__10X_17_grch38:AGGCCACAGGATGGTCx,MS,NAWM,MS176
MS176_NAWM__10X_17_grch38:AGTCTTTGTCTCTTTAx,MS,NAWM,MS176
MS176_NAWM__10X_17_grch38:ATCTGCCAGAGGGCTTx,MS,NAWM,MS176
MS176_NAWM__10X_17_grch38:ATTACTCTCACCAGGCx,MS,NAWM,MS176
MS176_NAWM__10X_17_grch38:ATTGGACTCTTGAGACx,MS,NAWM,MS176
MS176_NAWM__10X_17_grch38:ATTGGTGCATCACCCTx,MS,NAWM,MS176
MS176_NAWM__10X_17_grch38:CATCGAAGTACAGTGGx,MS,NAWM,MS176
MS176_NAWM__10X_17_grch38:CATTCGCGTTCACGGCx,MS,NAWM,MS176
MS176_NAWM__10X_17_grch38:CCTACCAAGAATAGGGx,MS,NAWM,MS176
MS176_NAWM__10X_17_grch38:CGACTTCGTGAGGGTTx,MS,NAWM,MS176
MS176_NAWM__10X_17_grch38:CGAGCCACACAACGCCx,MS,NAWM,MS176
MS176_NAWM__10X_17_grch38:CGTTAGACAGTCAGCCx,MS,NAWM,MS176
MS176_NAWM__10X_17_grch38:CTAACTTCATTCCTCGx,MS,NAWM,MS176
MS176_NAWM__10X_17_grch38:CTACCCACATCGGTTAx,MS,NAWM,MS176
MS176_NAWM__10X_17_grch38:CTCGGAGTCGCGTAGCx,MS,NAWM,MS176
MS176_NAWM__10X_17_grch38:CTGCTGTAGGATGGTCx,MS,NAWM,MS176
MS176_NAWM__10X_17_grch38:CTGCTGTGTTCGTTGAx,MS,NAWM,MS176
MS176_NAWM__10X_17_grch38:CTTAACTGTGCACGAAx,MS,NAWM,MS176
MS176_NAWM__10X_17_grch38:GAACATCTCAATCTCTx,MS,NAWM,MS176
MS176_NAWM__10X_17_grch38:GAAGCAGGTCAGAAGCx,MS,NAWM,MS176
MS176_NAWM__10X_17_grch38:GAGTCCGGTAGGCTGAx,MS,NAWM,MS176
MS176_NAWM__10X_17_grch38:GATCGATCATTGGGCCx,MS,NAWM,MS176
MS176_NAWM__10X_17_grch38:GATCTAGAGGTGACCAx,MS,NAWM,MS176
MS176_NAWM__10X_17_grch38:GCAGTTAAGGATGTATx,MS,NAWM,MS176
MS176_NAWM__10X_17_grch38:GGAAAGCCATCCAACAx,MS,NAWM,MS176
MS176_NAWM__10X_17_grch38:GGACAAGTCGCATGATx,MS,NAWM,MS176
MS176_NAWM__10X_17_grch38:GGCGTGTTCTCTTGATx,MS,NAWM,MS176
MS176_NAWM__10X_17_grch38:GTAACTGGTTAAGATGx,MS,NAWM,MS176
MS176_NAWM__10X_17_grch38:GTCACGGAGACTTGAAx,MS,NAWM,MS176
MS176_NAWM__10X_17_grch38:GTCCTCACATGTAGTCx,MS,NAWM,MS176
MS176_NAWM__10X_17_grch38:GTGCAGCAGGCTACGAx,MS,NAWM,MS176
MS176_NAWM__10X_17_grch38:GTTCGGGTCATGTCCCx,MS,NAWM,MS176
MS176_NAWM__10X_17_grch38:TATGCCCCATGCCACGx,MS,NAWM,MS176
MS176_NAWM__10X_17_grch38:TCAGGTAGTACTCTCCx,MS,NAWM,MS176
MS176_NAWM__10X_17_grch38:TCCACACTCCAGATCAx,MS,NAWM,MS176
MS176_NAWM__10X_17_grch38:TCCCGATCAGCGAACAx,MS,NAWM,MS176
MS176_NAWM__10X_17_grch38:TCTCATAAGACGACGTx,MS,NAWM,MS176
MS176_NAWM__10X_17_grch38:TGACTTTGTCATCGGCx,MS,NAWM,MS176
MS176_NAWM__10X_17_grch38:TGGACGCTCACTATTCx,MS,NAWM,MS176
MS176_NAWM__10X_17_grch38:TGGCGCACAGTACACTx,MS,NAWM,MS176
MS176_NAWM__10X_17_grch38:TGGCTGGGTTAAGTAGx,MS,NAWM,MS176
MS176_NAWM__10X_17_grch38:TGGGAAGGTTTCGCTCx,MS,NAWM,MS176
MS176_NAWM__10X_17_grch38:TTCGAAGAGCTAGTCTx,MS,NAWM,MS176
MS176_NAWM__10X_17_grch38:TTCGAAGCACGACTCGx,MS,NAWM,MS176
MS176_NAWM__10X_17_grch38:TTGACTTAGACTTGAAx,MS,NAWM,MS176
MS176_NAWM__10X_17_grch38:TTGGCAATCTGCGGCAx,MS,NAWM,MS176
MS176_NAWM__10X_17_grch38:TTGTAGGCAGATGGCAx,MS,NAWM,MS176
MS176_NAWM__10X_17_grch38:TTTGGTTCAGTCAGAGx,MS,NAWM,MS176
MS176_NAWM__10X_17_grch38:TTTGGTTGTAAAGTCAx,MS,NAWM,MS176
MS176_NAWM__10X_17_grch38:TTTGTCAAGAGTAATCx,MS,NAWM,MS176
MS176_RM__10X_17_grch38:CCCAGTTTCCATGCTCx,MS,RM,MS176
MS176_RM__10X_17_grch38:CTTAACTTCACGCATAx,MS,RM,MS176
MS176_RM__10X_17_grch38:TGGCCAGTCTTGTTTGx,MS,RM,MS176
MS176_CI__10X_17_056_roche_grch38_4:AGTTGGTCAATGAAACx,MS,CI,MS176
MS176_CA__10X_17_grch38:AACTCCCAGTCGAGTGx,MS,CA,MS176
MS176_CA__10X_17_grch38:AACTCCCTCGGAAATAx,MS,CA,MS176
MS176_CA__10X_17_grch38:AAGGAGCGTAAGTTCCx,MS,CA,MS176
MS176_CA__10X_17_grch38:ACAGCTACATCACGTAx,MS,CA,MS176
MS176_CA__10X_17_grch38:AGCATACCACGAGGTAx,MS,CA,MS176
MS176_CA__10X_17_grch38:ATCATGGCACTAAGTCx,MS,CA,MS176
MS176_CA__10X_17_grch38:ATGGGAGCATTCGACAx,MS,CA,MS176
MS176_CA__10X_17_grch38:ATTCTACAGAGTGAGAx,MS,CA,MS176
MS176_CA__10X_17_grch38:CACACCTAGTACGCGAx,MS,CA,MS176
MS176_CA__10X_17_grch38:CGGAGCTTCTCCTATAx,MS,CA,MS176
MS176_CA__10X_17_grch38:CTTAACTAGCTCCTCTx,MS,CA,MS176
MS176_CA__10X_17_grch38:GACGTTAGTTTGTTTCx,MS,CA,MS176
MS176_CA__10X_17_grch38:GCGGGTTCAAGCGTAGx,MS,CA,MS176
MS176_CA__10X_17_grch38:GGACATTGTCCAGTTAx,MS,CA,MS176
MS176_CA__10X_17_grch38:GTCTCGTTCTGTACGAx,MS,CA,MS176
MS176_CA__10X_17_grch38:TATCAGGGTTCCAACAx,MS,CA,MS176
MS176_CA__10X_17_grch38:TCGCGTTCAAGGTGTGx,MS,CA,MS176
CO39__10X_17_grch38:AAGACCTAGAGGTTATx,normal,Ctrl,CO39
CO39__10X_17_grch38:AAGCCGCTCCTACAGAx,normal,Ctrl,CO39
CO39__10X_17_grch38:ACACCCTGTCCTCCATx,normal,Ctrl,CO39
CO39__10X_17_grch38:ACCCACTGTTGAACTCx,normal,Ctrl,CO39
CO39__10X_17_grch38:ACTGTCCCACCTTGTCx,normal,Ctrl,CO39
CO39__10X_17_grch38:AGAGCGAGTAGGGACTx,normal,Ctrl,CO39
CO39__10X_17_grch38:AGATCTGCAGCCTTTCx,normal,Ctrl,CO39
CO39__10X_17_grch38:AGCCTAAGTATATCCGx,normal,Ctrl,CO39
CO39__10X_17_grch38:AGTGTCATCCTGTAGAx,normal,Ctrl,CO39
CO39__10X_17_grch38:ATCGAGTAGTGGTCCCx,normal,Ctrl,CO39
CO39__10X_17_grch38:ATGCGATGTACTCAACx,normal,Ctrl,CO39
CO39__10X_17_grch38:ATTATCCAGATAGGAGx,normal,Ctrl,CO39
CO39__10X_17_grch38:ATTGGTGGTTGCGCACx,normal,Ctrl,CO39
CO39__10X_17_grch38:CATCCACCAGCCTGTGx,normal,Ctrl,CO39
CO39__10X_17_grch38:CCGTACTTCTCTGAGAx,normal,Ctrl,CO39
CO39__10X_17_grch38:CCGTGGATCCCAGGTGx,normal,Ctrl,CO39
CO39__10X_17_grch38:CGCCAAGCAATGTTGCx,normal,Ctrl,CO39
CO39__10X_17_grch38:CGCTTCATCACTTATCx,normal,Ctrl,CO39
CO39__10X_17_grch38:CGTCTACTCCACGACGx,normal,Ctrl,CO39
CO39__10X_17_grch38:CTCGAGGAGGTCATCTx,normal,Ctrl,CO39
CO39__10X_17_grch38:CTCTAATTCCACGCAGx,normal,Ctrl,CO39
CO39__10X_17_grch38:CTGATCCAGTCCATACx,normal,Ctrl,CO39
CO39__10X_17_grch38:GAAATGAAGAGTAATCx,normal,Ctrl,CO39
CO39__10X_17_grch38:GAACGGAAGGCTAGGTx,normal,Ctrl,CO39
CO39__10X_17_grch38:GACCTGGAGACCTTTGx,normal,Ctrl,CO39
CO39__10X_17_grch38:GACTACATCACCACCTx,normal,Ctrl,CO39
CO39__10X_17_grch38:GATGAGGAGGGCACTAx,normal,Ctrl,CO39
CO39__10X_17_grch38:GCAGTTAAGATCCCATx,normal,Ctrl,CO39
CO39__10X_17_grch38:GCATGATGTAAGAGGAx,normal,Ctrl,CO39
CO39__10X_17_grch38:GCATGCGCAAGTCTGTx,normal,Ctrl,CO39
CO39__10X_17_grch38:GCTGCTTGTGCCTGCAx,normal,Ctrl,CO39
CO39__10X_17_grch38:GGACGTCTCGTCTGAAx,normal,Ctrl,CO39
CO39__10X_17_grch38:GGGCACTGTGAGGCTAx,normal,Ctrl,CO39
CO39__10X_17_grch38:GTAACTGGTGACTACTx,normal,Ctrl,CO39
CO39__10X_17_grch38:GTATTCTGTGAAGGCTx,normal,Ctrl,CO39
CO39__10X_17_grch38:GTGTGCGAGCCACTATx,normal,Ctrl,CO39
CO39__10X_17_grch38:TACCTTAAGATAGTCAx,normal,Ctrl,CO39
CO39__10X_17_grch38:TACCTTACAGTATAAGx,normal,Ctrl,CO39
CO39__10X_17_grch38:TATCAGGAGACTTGAAx,normal,Ctrl,CO39
CO39__10X_17_grch38:TATGCCCTCTGTTGAGx,normal,Ctrl,CO39
CO39__10X_17_grch38:TCACGAACAAGGGTCAx,normal,Ctrl,CO39
CO39__10X_17_grch38:TCATTTGGTCAGGACAx,normal,Ctrl,CO39
CO39__10X_17_grch38:TCATTTGGTTCTGAACx,normal,Ctrl,CO39
CO39__10X_17_grch38:TGACGGCTCTTCGAGAx,normal,Ctrl,CO39
CO39__10X_17_grch38:TGAGCATCAGCTATTGx,normal,Ctrl,CO39
CO39__10X_17_grch38:TGCTGCTCATACGCCGx,normal,Ctrl,CO39
CO39__10X_17_grch38:TGGGCGTCAGTAAGATx,normal,Ctrl,CO39
CO39__10X_17_grch38:TGGGCGTGTCAAAGCGx,normal,Ctrl,CO39
CO39__10X_17_grch38:TGGGCGTTCTGCGTAAx,normal,Ctrl,CO39
CO39__10X_17_grch38:TTAACTCTCTGGTTCCx,normal,Ctrl,CO39
CO39__10X_17_grch38:TTAGGCAGTAACGCGAx,normal,Ctrl,CO39
CO39__10X_17_grch38:TTAGTTCTCATGCTCCx,normal,Ctrl,CO39
CO14__10X_17_grch38:AAACCTGCAGCCTATAx,normal,Ctrl,CO14
CO14__10X_17_grch38:AACACGTTCAGCGACCx,normal,Ctrl,CO14
CO14__10X_17_grch38:AACCGCGCAACTGGCCx,normal,Ctrl,CO14
CO14__10X_17_grch38:ACATACGAGGATGTATx,normal,Ctrl,CO14
CO14__10X_17_grch38:ACGGGTCGTTACGGAGx,normal,Ctrl,CO14
CO14__10X_17_grch38:ACTGAGTCACGCGAAAx,normal,Ctrl,CO14
CO14__10X_17_grch38:AGAATAGGTTAGATGAx,normal,Ctrl,CO14
CO14__10X_17_grch38:AGATCTGAGATATGGTx,normal,Ctrl,CO14
CO14__10X_17_grch38:AGCGTATGTGCACGAAx,normal,Ctrl,CO14
CO14__10X_17_grch38:AGCTCCTTCAGCTCGGx,normal,Ctrl,CO14
CO14__10X_17_grch38:AGGCCACGTTTGGCGCx,normal,Ctrl,CO14
CO14__10X_17_grch38:ATCATCTGTTAGATGAx,normal,Ctrl,CO14
CO14__10X_17_grch38:ATCATGGGTTAAGGGCx,normal,Ctrl,CO14
CO14__10X_17_grch38:ATCCACCTCTTGCAAGx,normal,Ctrl,CO14
CO14__10X_17_grch38:ATTACTCCACATAACCx,normal,Ctrl,CO14
CO14__10X_17_grch38:ATTGGACAGACTACAAx,normal,Ctrl,CO14
CO14__10X_17_grch38:CACAGGCCAAAGAATCx,normal,Ctrl,CO14
CO14__10X_17_grch38:CACATAGTCGAATCCAx,normal,Ctrl,CO14
CO14__10X_17_grch38:CAGAATCAGAAGGTTTx,normal,Ctrl,CO14
CO14__10X_17_grch38:CCAATCCCAAAGCAATx,normal,Ctrl,CO14
CO14__10X_17_grch38:CCCAATCAGCATGGCAx,normal,Ctrl,CO14
CO14__10X_17_grch38:CCTTCGACAATGTTGCx,normal,Ctrl,CO14
CO14__10X_17_grch38:CGATCGGAGTGCGTGAx,normal,Ctrl,CO14
CO14__10X_17_grch38:CGCTTCAGTCTGCAATx,normal,Ctrl,CO14
CO14__10X_17_grch38:CGTAGCGGTGCAGTAGx,normal,Ctrl,CO14
CO14__10X_17_grch38:CGTGTCTTCAAGGTAAx,normal,Ctrl,CO14
CO14__10X_17_grch38:CGTTAGAGTTGCGTTAx,normal,Ctrl,CO14
CO14__10X_17_grch38:CTCCTAGAGCCAGTAGx,normal,Ctrl,CO14
CO14__10X_17_grch38:CTTACCGTCTTTAGTCx,normal,Ctrl,CO14
CO14__10X_17_grch38:GAACATCTCACGGTTAx,normal,Ctrl,CO14
CO14__10X_17_grch38:GACCTGGAGACCCACCx,normal,Ctrl,CO14
CO14__10X_17_grch38:GACTACAAGGGTTCCCx,normal,Ctrl,CO14
CO14__10X_17_grch38:GACTACATCCTCAATTx,normal,Ctrl,CO14
CO14__10X_17_grch38:GCATGCGCACAGTCGCx,normal,Ctrl,CO14
CO14__10X_17_grch38:GCGCCAAAGTTAACGAx,normal,Ctrl,CO14
CO14__10X_17_grch38:GCGGGTTCAATAAGCAx,normal,Ctrl,CO14
CO14__10X_17_grch38:GCGGGTTGTAGCTAAAx,normal,Ctrl,CO14
CO14__10X_17_grch38:GCTGGGTCACATCCGGx,normal,Ctrl,CO14
CO14__10X_17_grch38:GCTTCCACACAAGCCCx,normal,Ctrl,CO14
CO14__10X_17_grch38:GGTATTGCATGCATGTx,normal,Ctrl,CO14
CO14__10X_17_grch38:GTCAAGTGTGAGGGTTx,normal,Ctrl,CO14
CO14__10X_17_grch38:GTCGGGTAGAAGGTTTx,normal,Ctrl,CO14
CO14__10X_17_grch38:GTTCGGGTCCGCGGTAx,normal,Ctrl,CO14
CO14__10X_17_grch38:GTTCGGGTCTTAGAGCx,normal,Ctrl,CO14
CO14__10X_17_grch38:GTTCTCGCACCAGGTCx,normal,Ctrl,CO14
CO14__10X_17_grch38:TACTTACCAAGTTGTCx,normal,Ctrl,CO14
CO14__10X_17_grch38:TACTTGTCAGCGAACAx,normal,Ctrl,CO14
CO14__10X_17_grch38:TATGCCCCACAGTCGCx,normal,Ctrl,CO14
CO14__10X_17_grch38:TCGCGAGGTACGAAATx,normal,Ctrl,CO14
CO14__10X_17_grch38:TCTGAGATCCACGAATx,normal,Ctrl,CO14
CO14__10X_17_grch38:TCTGAGATCCTAGAACx,normal,Ctrl,CO14
CO14__10X_17_grch38:TGAGCCGGTCGGATCCx,normal,Ctrl,CO14
CO14__10X_17_grch38:TGCGTGGTCGCGGATCx,normal,Ctrl,CO14
CO14__10X_17_grch38:TTCTACAAGTCGAGTGx,normal,Ctrl,CO14
CO14__10X_17_grch38:TTGAACGAGGGTGTGTx,normal,Ctrl,CO14
CO14__10X_17_grch38:TTGACTTCAGTTTACGx,normal,Ctrl,CO14
MS242_CA5__10X_17_grch38:CACACTCAGGGCTTGAx,MS,CA,MS242
MS242_CA5__10X_17_grch38:GGGACCTAGCCTTGATx,MS,CA,MS242
MS242_CA5__10X_17_grch38:GTATTCTTCTCCAGGGx,MS,CA,MS242
MS242_CI__10X_17_grch38:ATTTCTGAGGTGCTAGx,MS,CI,MS242
MS242_CI__10X_17_grch38:TTGGAACCAGTCGATTx,MS,CI,MS242
MS242_CA2__10X_17_grch38:ACGCAGCGTCTCTCTGx,MS,CA,MS242
MS242_CA2__10X_17_grch38:AGCGTATTCCTTGGTCx,MS,CA,MS242
MS242_CA2__10X_17_grch38:AGGGTGAAGAGGTTATx,MS,CA,MS242
MS242_CA2__10X_17_grch38:CAACCTCCACATCCGGx,MS,CA,MS242
MS242_CA2__10X_17_grch38:CACCTTGGTCCGTTAAx,MS,CA,MS242
MS242_CA2__10X_17_grch38:CATATTCTCTTGCATTx,MS,CA,MS242
MS242_CA2__10X_17_grch38:CGACTTCCAAGTCTGTx,MS,CA,MS242
MS242_CA2__10X_17_grch38:CGATTGAAGTGTCTCAx,MS,CA,MS242
MS242_CA2__10X_17_grch38:CGGAGTCAGTGGTCCCx,MS,CA,MS242
MS242_CA2__10X_17_grch38:CTCATTAGTTGCGTTAx,MS,CA,MS242
MS242_CA2__10X_17_grch38:GACCTGGGTAAGAGGAx,MS,CA,MS242
MS242_CA2__10X_17_grch38:GATCAGTAGAATTCCCx,MS,CA,MS242
MS242_CA2__10X_17_grch38:GCATACATCAGTCCCTx,MS,CA,MS242
MS242_CA2__10X_17_grch38:TACACGAAGTACGCCCx,MS,CA,MS242
MS242_CA2__10X_17_grch38:TCTATTGTCTTCTGGCx,MS,CA,MS242
MS242_CA2__10X_17_grch38:TGGCCAGCATCGTCGGx,MS,CA,MS242
MS242_CA2__10X_17_grch38:TTCGAAGGTCGAGATGx,MS,CA,MS242
MS242_CA2__10X_17_grch38:TTTATGCTCCTTTACAx,MS,CA,MS242
MS242_RM__10X_17_grch38:CGGTTAATCTTAGAGCx,MS,RM,MS242
MS242_RM__10X_17_grch38:GATGAAAAGCGTCAAGx,MS,RM,MS242
SD48/16__10X_17_grch38:AAGTCTGGTCAAACTCx,normal,Ctrl,SD48/16
SD48/16__10X_17_grch38:AGAATAGGTAGCTGCCx,normal,Ctrl,SD48/16
MS122_NAWM__10X_17_grch38:AAACCTGAGAGCCCAAx,MS,NAWM,MS122
MS122_NAWM__10X_17_grch38:AAACGGGCAAGTCTACx,MS,NAWM,MS122
MS122_NAWM__10X_17_grch38:AACTCTTTCACGACTAx,MS,NAWM,MS122
MS122_NAWM__10X_17_grch38:AAGACCTAGATAGCATx,MS,NAWM,MS122
MS122_NAWM__10X_17_grch38:ACACCGGGTACTCTCCx,MS,NAWM,MS122
MS122_NAWM__10X_17_grch38:ACATCAGAGGTCGGATx,MS,NAWM,MS122
MS122_NAWM__10X_17_grch38:ACCTTTAGTATATCCGx,MS,NAWM,MS122
MS122_NAWM__10X_17_grch38:ACGAGCCAGTCTCCTCx,MS,NAWM,MS122
MS122_NAWM__10X_17_grch38:ACGAGCCCAAGCCATTx,MS,NAWM,MS122
MS122_NAWM__10X_17_grch38:ACGATACCACCCATTCx,MS,NAWM,MS122
MS122_NAWM__10X_17_grch38:ACGCAGCGTAGCGCTCx,MS,NAWM,MS122
MS122_NAWM__10X_17_grch38:ACGGGTCTCTCGGACGx,MS,NAWM,MS122
MS122_NAWM__10X_17_grch38:ACTGATGTCCTTCAATx,MS,NAWM,MS122
MS122_NAWM__10X_17_grch38:ACTTACTCATTTGCTTx,MS,NAWM,MS122
MS122_NAWM__10X_17_grch38:AGATTGCTCCTATTCAx,MS,NAWM,MS122
MS122_NAWM__10X_17_grch38:AGATTGCTCTCACATTx,MS,NAWM,MS122
MS122_NAWM__10X_17_grch38:AGCCTAAAGCTAGTTCx,MS,NAWM,MS122
MS122_NAWM__10X_17_grch38:AGCTCTCTCGGGAGTAx,MS,NAWM,MS122
MS122_NAWM__10X_17_grch38:AGTCTTTGTTGTCTTTx,MS,NAWM,MS122
MS122_NAWM__10X_17_grch38:AGTGGGAGTATAAACGx,MS,NAWM,MS122
MS122_NAWM__10X_17_grch38:ATCATCTTCTTCGAGAx,MS,NAWM,MS122
MS122_NAWM__10X_17_grch38:ATCCACCAGGCCATAGx,MS,NAWM,MS122
MS122_NAWM__10X_17_grch38:ATCCGAAGTCATTAGCx,MS,NAWM,MS122
MS122_NAWM__10X_17_grch38:ATCGAGTCAATGGTCTx,MS,NAWM,MS122
MS122_NAWM__10X_17_grch38:ATGAGGGGTAGTAGTAx,MS,NAWM,MS122
MS122_NAWM__10X_17_grch38:ATGCGATTCCAGGGCTx,MS,NAWM,MS122
MS122_NAWM__10X_17_grch38:ATTACTCTCGCATGATx,MS,NAWM,MS122
MS122_NAWM__10X_17_grch38:ATTATCCTCGCGCCAAx,MS,NAWM,MS122
MS122_NAWM__10X_17_grch38:CAAGATCGTTTAGCTGx,MS,NAWM,MS122
MS122_NAWM__10X_17_grch38:CACAGTAGTGGGTATGx,MS,NAWM,MS122
MS122_NAWM__10X_17_grch38:CACATTTGTATTCGTGx,MS,NAWM,MS122
MS122_NAWM__10X_17_grch38:CACCACTGTTCAGACTx,MS,NAWM,MS122
MS122_NAWM__10X_17_grch38:CAGTAACCATTTCAGGx,MS,NAWM,MS122
MS122_NAWM__10X_17_grch38:CATATGGTCGCTTGTCx,MS,NAWM,MS122
MS122_NAWM__10X_17_grch38:CATATTCCATCGATGTx,MS,NAWM,MS122
MS122_NAWM__10X_17_grch38:CATCAGACAGTTCATGx,MS,NAWM,MS122
MS122_NAWM__10X_17_grch38:CATCCACAGACAGAGAx,MS,NAWM,MS122
MS122_NAWM__10X_17_grch38:CATGGCGTCGAGGTAGx,MS,NAWM,MS122
MS122_NAWM__10X_17_grch38:CCAATCCAGCCGATTTx,MS,NAWM,MS122
MS122_NAWM__10X_17_grch38:CCACGGAGTTCGTTGAx,MS,NAWM,MS122
MS122_NAWM__10X_17_grch38:CCATTCGTCATCGCTCx,MS,NAWM,MS122
MS122_NAWM__10X_17_grch38:CCCAGTTTCAGTTTGGx,MS,NAWM,MS122
MS122_NAWM__10X_17_grch38:CCGGGATGTAGCGCTCx,MS,NAWM,MS122
MS122_NAWM__10X_17_grch38:CCTACACGTCATCGGCx,MS,NAWM,MS122
MS122_NAWM__10X_17_grch38:CCTATTACAGCGTCCAx,MS,NAWM,MS122
MS122_NAWM__10X_17_grch38:CCTATTAGTCACTGGCx,MS,NAWM,MS122
MS122_NAWM__10X_17_grch38:CCTCAGTTCGCAAGCCx,MS,NAWM,MS122
MS122_NAWM__10X_17_grch38:CCTCTGATCTCCAACCx,MS,NAWM,MS122
MS122_NAWM__10X_17_grch38:CGAATGTAGCCGCCTAx,MS,NAWM,MS122
MS122_NAWM__10X_17_grch38:CGAGCACAGACGCTTTx,MS,NAWM,MS122
MS122_NAWM__10X_17_grch38:CGATGTATCGGTCCGAx,MS,NAWM,MS122
MS122_NAWM__10X_17_grch38:CGCCAAGGTTCATGGTx,MS,NAWM,MS122
MS122_NAWM__10X_17_grch38:CGCTATCAGAGACGAAx,MS,NAWM,MS122
MS122_NAWM__10X_17_grch38:CGCTTCAAGGAATGGAx,MS,NAWM,MS122
MS122_NAWM__10X_17_grch38:CGGACGTTCTGCTTGCx,MS,NAWM,MS122
MS122_NAWM__10X_17_grch38:CGTTGGGAGCCTTGATx,MS,NAWM,MS122
MS122_NAWM__10X_17_grch38:CGTTGGGCACGACTCGx,MS,NAWM,MS122
MS122_NAWM__10X_17_grch38:CTCGGGAAGGATGTATx,MS,NAWM,MS122
MS122_NAWM__10X_17_grch38:CTCTACGTCAGAGGTGx,MS,NAWM,MS122
MS122_NAWM__10X_17_grch38:CTGTTTAAGTTAGGTAx,MS,NAWM,MS122
MS122_NAWM__10X_17_grch38:CTTACCGCACCTGGTGx,MS,NAWM,MS122
MS122_NAWM__10X_17_grch38:GAACGGACATGTCCTCx,MS,NAWM,MS122
MS122_NAWM__10X_17_grch38:GAAGCAGCATATACCGx,MS,NAWM,MS122
MS122_NAWM__10X_17_grch38:GAATAAGCACTCAGGCx,MS,NAWM,MS122
MS122_NAWM__10X_17_grch38:GAGCAGAAGGACGAAAx,MS,NAWM,MS122
MS122_NAWM__10X_17_grch38:GATCAGTCAAGAAGAGx,MS,NAWM,MS122
MS122_NAWM__10X_17_grch38:GATCGATCAGGGTTAGx,MS,NAWM,MS122
MS122_NAWM__10X_17_grch38:GATCTAGCATTGGGCCx,MS,NAWM,MS122
MS122_NAWM__10X_17_grch38:GATGCTACAGCCTTTCx,MS,NAWM,MS122
MS122_NAWM__10X_17_grch38:GCAGCCAAGAATGTGTx,MS,NAWM,MS122
MS122_NAWM__10X_17_grch38:GCAGCCAAGTAACCCTx,MS,NAWM,MS122
MS122_NAWM__10X_17_grch38:GCGCAACTCTTTAGGGx,MS,NAWM,MS122
MS122_NAWM__10X_17_grch38:GCTCCTAGTAGCTAAAx,MS,NAWM,MS122
MS122_NAWM__10X_17_grch38:GCTCCTATCGCGCCAAx,MS,NAWM,MS122
MS122_NAWM__10X_17_grch38:GCTGCTTCACAGGCCTx,MS,NAWM,MS122
MS122_NAWM__10X_17_grch38:GGACGTCCATTGAGCTx,MS,NAWM,MS122
MS122_NAWM__10X_17_grch38:GGATTACTCGAGAACGx,MS,NAWM,MS122
MS122_NAWM__10X_17_grch38:GGCGTGTTCACCACCTx,MS,NAWM,MS122
MS122_NAWM__10X_17_grch38:GGCTCGAAGCTGCAAGx,MS,NAWM,MS122
MS122_NAWM__10X_17_grch38:GGGAGATCATGGTCATx,MS,NAWM,MS122
MS122_NAWM__10X_17_grch38:GGGCATCCAGGGTACAx,MS,NAWM,MS122
MS122_NAWM__10X_17_grch38:GGGTCTGTCATGCATGx,MS,NAWM,MS122
MS122_NAWM__10X_17_grch38:GGTGTTAAGTCCAGGAx,MS,NAWM,MS122
MS122_NAWM__10X_17_grch38:GTAACGTAGTACATGAx,MS,NAWM,MS122
MS122_NAWM__10X_17_grch38:GTTCGGGAGGTGATATx,MS,NAWM,MS122
MS122_NAWM__10X_17_grch38:GTTCTCGGTCCCTACTx,MS,NAWM,MS122
MS122_NAWM__10X_17_grch38:TAAGTGCAGCGGATCAx,MS,NAWM,MS122
MS122_NAWM__10X_17_grch38:TACAGTGTCTGTCAAGx,MS,NAWM,MS122
MS122_NAWM__10X_17_grch38:TACCTTAGTCTCTTATx,MS,NAWM,MS122
MS122_NAWM__10X_17_grch38:TATCTCACACACATGTx,MS,NAWM,MS122
MS122_NAWM__10X_17_grch38:TATGCCCTCTAAGCCAx,MS,NAWM,MS122
MS122_NAWM__10X_17_grch38:TCAGATGAGTGAACATx,MS,NAWM,MS122
MS122_NAWM__10X_17_grch38:TCAGGTAAGTGTTGAAx,MS,NAWM,MS122
MS122_NAWM__10X_17_grch38:TCATTACCACGCGAAAx,MS,NAWM,MS122
MS122_NAWM__10X_17_grch38:TCGCGAGAGTATGACAx,MS,NAWM,MS122
MS122_NAWM__10X_17_grch38:TCGGGACTCACAGTACx,MS,NAWM,MS122
MS122_NAWM__10X_17_grch38:TCGTAGAGTATTCGTGx,MS,NAWM,MS122
MS122_NAWM__10X_17_grch38:TCTATTGGTGCAACTTx,MS,NAWM,MS122
MS122_NAWM__10X_17_grch38:TCTGGAACACGGCCATx,MS,NAWM,MS122
MS122_NAWM__10X_17_grch38:TGACAACTCATTGCGAx,MS,NAWM,MS122
MS122_NAWM__10X_17_grch38:TGACGGCCAAACTGCTx,MS,NAWM,MS122
MS122_NAWM__10X_17_grch38:TGACGGCTCTCTTATGx,MS,NAWM,MS122
MS122_NAWM__10X_17_grch38:TGACTTTCATGGTTGTx,MS,NAWM,MS122
MS122_NAWM__10X_17_grch38:TGAGAGGTCACTTATCx,MS,NAWM,MS122
MS122_NAWM__10X_17_grch38:TGAGCATTCAGCTCTCx,MS,NAWM,MS122
MS122_NAWM__10X_17_grch38:TGATTTCCATTTCACTx,MS,NAWM,MS122
MS122_NAWM__10X_17_grch38:TGCGGGTCAAAGCAATx,MS,NAWM,MS122
MS122_NAWM__10X_17_grch38:TGCGTGGCAATCCGATx,MS,NAWM,MS122
MS122_NAWM__10X_17_grch38:TGCTACCTCAGCTTAGx,MS,NAWM,MS122
MS122_NAWM__10X_17_grch38:TGCTGCTAGGGTCTCCx,MS,NAWM,MS122
MS122_NAWM__10X_17_grch38:TGGTTAGGTAACGTTCx,MS,NAWM,MS122
MS122_NAWM__10X_17_grch38:TGTATTCGTCGCGGTTx,MS,NAWM,MS122
MS122_NAWM__10X_17_grch38:TTCGGTCTCACTCCTGx,MS,NAWM,MS122
MS122_NAWM__10X_17_grch38:TTCTACAAGTTTAGGAx,MS,NAWM,MS122
MS122_NAWM__10X_17_grch38:TTTCCTCAGGCTCATTx,MS,NAWM,MS122
MS122_NAWM__10X_17_grch38:TTTGGTTAGTGTTTGCx,MS,NAWM,MS122
MS122_CI__10X_17_grch38:AACCATGGTGCAGGTAx,MS,CI,MS122
MS122_CI__10X_17_grch38:AACGTTGTCTAGAGTCx,MS,CI,MS122
MS122_CI__10X_17_grch38:AAGGCAGAGTAGCCGAx,MS,CI,MS122
MS122_CI__10X_17_grch38:ACCTTTATCCAAGTACx,MS,CI,MS122
MS122_CI__10X_17_grch38:ACGAGGAAGGAACTGCx,MS,CI,MS122
MS122_CI__10X_17_grch38:ACGAGGACACGGATAGx,MS,CI,MS122
MS122_CI__10X_17_grch38:ACGATACCATCGTCGGx,MS,CI,MS122
MS122_CI__10X_17_grch38:ACTGAACGTGCCTGTGx,MS,CI,MS122
MS122_CI__10X_17_grch38:AGAGCGATCCAAGTACx,MS,CI,MS122
MS122_CI__10X_17_grch38:AGTGAGGTCGAATGCTx,MS,CI,MS122
MS122_CI__10X_17_grch38:ATCATCTGTAGGCATGx,MS,CI,MS122
MS122_CI__10X_17_grch38:ATGCGATGTCGTGGCTx,MS,CI,MS122
MS122_CI__10X_17_grch38:ATTATCCTCATAAAGGx,MS,CI,MS122
MS122_CI__10X_17_grch38:CACATTTGTGTCTGATx,MS,CI,MS122
MS122_CI__10X_17_grch38:CAGAGAGCAGGATCGAx,MS,CI,MS122
MS122_CI__10X_17_grch38:CAGCGACCACAGCCCAx,MS,CI,MS122
MS122_CI__10X_17_grch38:CATGCCTGTTAGGGTGx,MS,CI,MS122
MS122_CI__10X_17_grch38:CATGGCGGTAGCTTGTx,MS,CI,MS122
MS122_CI__10X_17_grch38:CCGGGATTCCCTTGTGx,MS,CI,MS122
MS122_CI__10X_17_grch38:CCGTACTCACAGCCCAx,MS,CI,MS122
MS122_CI__10X_17_grch38:CCTAAAGAGACGCAACx,MS,CI,MS122
MS122_CI__10X_17_grch38:CCTAGCTGTCTCCATCx,MS,CI,MS122
MS122_CI__10X_17_grch38:CCTTACGAGCAGGCTAx,MS,CI,MS122
MS122_CI__10X_17_grch38:CGAGAAGGTAGGACACx,MS,CI,MS122
MS122_CI__10X_17_grch38:CGGAGTCGTACAGTGGx,MS,CI,MS122
MS122_CI__10X_17_grch38:CGTTAGACACAACTGTx,MS,CI,MS122
MS122_CI__10X_17_grch38:CTACGTCGTTACGGAGx,MS,CI,MS122
MS122_CI__10X_17_grch38:CTAGTGAGTACATGTCx,MS,CI,MS122
MS122_CI__10X_17_grch38:CTCGAAACAAGTAATGx,MS,CI,MS122
MS122_CI__10X_17_grch38:CTCGGAGTCGAGGTAGx,MS,CI,MS122
MS122_CI__10X_17_grch38:CTCTAATAGCAAATCAx,MS,CI,MS122
MS122_CI__10X_17_grch38:CTGTGCTGTACCAGTTx,MS,CI,MS122
MS122_CI__10X_17_grch38:GAACCTACAAGTACCTx,MS,CI,MS122
MS122_CI__10X_17_grch38:GACAGAGAGAAACCTAx,MS,CI,MS122
MS122_CI__10X_17_grch38:GATCAGTAGCCACGTCx,MS,CI,MS122
MS122_CI__10X_17_grch38:GATCGATTCATCTGCCx,MS,CI,MS122
MS122_CI__10X_17_grch38:GATCGTAGTCGTCTTCx,MS,CI,MS122
MS122_CI__10X_17_grch38:GCATGTAAGGCAATTAx,MS,CI,MS122
MS122_CI__10X_17_grch38:GCCTCTATCGCAAACTx,MS,CI,MS122
MS122_CI__10X_17_grch38:GCTTGAATCTACTATCx,MS,CI,MS122
MS122_CI__10X_17_grch38:GGAGCAACACCCTATCx,MS,CI,MS122
MS122_CI__10X_17_grch38:GGGAATGGTAGGAGTCx,MS,CI,MS122
MS122_CI__10X_17_grch38:GGGTTGCCAATAGCGGx,MS,CI,MS122
MS122_CI__10X_17_grch38:GGTGAAGAGGAGCGAGx,MS,CI,MS122
MS122_CI__10X_17_grch38:GTATCTTTCTGATTCTx,MS,CI,MS122
MS122_CI__10X_17_grch38:GTATTCTCAAGCGAGTx,MS,CI,MS122
MS122_CI__10X_17_grch38:GTGCATAAGAAGGACAx,MS,CI,MS122
MS122_CI__10X_17_grch38:TAAGAGAGTGTAACGGx,MS,CI,MS122
MS122_CI__10X_17_grch38:TAAGCGTAGTGATCGGx,MS,CI,MS122
MS122_CI__10X_17_grch38:TAAGTGCGTAAATGTGx,MS,CI,MS122
MS122_CI__10X_17_grch38:TACACGATCCCTCTTTx,MS,CI,MS122
MS122_CI__10X_17_grch38:TACGGTATCAATCTCTx,MS,CI,MS122
MS122_CI__10X_17_grch38:TACTCATAGCCACCTGx,MS,CI,MS122
MS122_CI__10X_17_grch38:TACTCGCCAATCGAAAx,MS,CI,MS122
MS122_CI__10X_17_grch38:TAGAGCTCACGCATCGx,MS,CI,MS122
MS122_CI__10X_17_grch38:TATTACCGTCATCCCTx,MS,CI,MS122
MS122_CI__10X_17_grch38:TCAGCTCCACCCATTCx,MS,CI,MS122
MS122_CI__10X_17_grch38:TCATTACGTGTGAAATx,MS,CI,MS122
MS122_CI__10X_17_grch38:TGAGAGGTCGCAAACTx,MS,CI,MS122
MS122_CI__10X_17_grch38:TGAGCATAGTGTCCCGx,MS,CI,MS122
MS122_CI__10X_17_grch38:TGGACGCTCGGAAACGx,MS,CI,MS122
MS122_CI__10X_17_grch38:TGGCGCACAACTGGCCx,MS,CI,MS122
MS122_CI__10X_17_grch38:TGGGAAGAGACTAAGTx,MS,CI,MS122
MS122_CI__10X_17_grch38:TGTGGTATCAGTACGTx,MS,CI,MS122
MS122_CI__10X_17_grch38:TTGTAGGAGCGCCTTGx,MS,CI,MS122
MS122_CI__10X_17_grch38:TTTACTGTCTTAGCCCx,MS,CI,MS122
MS122_A__10X_17_grch38:AACCATGAGTACATGAx,MS,A,MS122
MS122_A__10X_17_grch38:AACTGGTCAATGAAACx,MS,A,MS122
MS122_A__10X_17_grch38:AAGACCTAGCTCCCAGx,MS,A,MS122
MS122_A__10X_17_grch38:ACACCCTGTGCCTGGTx,MS,A,MS122
MS122_A__10X_17_grch38:ACATCAGAGGTTACCTx,MS,A,MS122
MS122_A__10X_17_grch38:ACATCAGCAATCAGAAx,MS,A,MS122
MS122_A__10X_17_grch38:ACATCAGGTCGACTATx,MS,A,MS122
MS122_A__10X_17_grch38:ACGAGGACATGCTAGTx,MS,A,MS122
MS122_A__10X_17_grch38:ACGCCGATCATGCATGx,MS,A,MS122
MS122_A__10X_17_grch38:ACGGGCTGTGACGGTAx,MS,A,MS122
MS122_A__10X_17_grch38:AGACGTTGTCTAGCCGx,MS,A,MS122
MS122_A__10X_17_grch38:AGTGGGAGTCGAACAGx,MS,A,MS122
MS122_A__10X_17_grch38:ATAGACCCATGTCGATx,MS,A,MS122
MS122_A__10X_17_grch38:ATCACGAGTGGCCCTAx,MS,A,MS122
MS122_A__10X_17_grch38:ATCGAGTGTCTGATCAx,MS,A,MS122
MS122_A__10X_17_grch38:ATGGGAGCATGCAACTx,MS,A,MS122
MS122_A__10X_17_grch38:CAAGGCCTCCACGACGx,MS,A,MS122
MS122_A__10X_17_grch38:CACATAGTCAGTTCGAx,MS,A,MS122
MS122_A__10X_17_grch38:CAGCTGGGTACCGTTAx,MS,A,MS122
MS122_A__10X_17_grch38:CCCATACTCTCGCATCx,MS,A,MS122
MS122_A__10X_17_grch38:CGTGAGCTCTCACATTx,MS,A,MS122
MS122_A__10X_17_grch38:CTACATTCAAGGACTGx,MS,A,MS122
MS122_A__10X_17_grch38:CTAGAGTGTATCGCATx,MS,A,MS122
MS122_A__10X_17_grch38:CTCACACGTTGGTAAAx,MS,A,MS122
MS122_A__10X_17_grch38:CTCATTAGTCTCCACTx,MS,A,MS122
MS122_A__10X_17_grch38:CTGGTCTGTATCTGCAx,MS,A,MS122
MS122_A__10X_17_grch38:CTTCTCTCAGTCTTCCx,MS,A,MS122
MS122_A__10X_17_grch38:GAAATGACACATTAGCx,MS,A,MS122
MS122_A__10X_17_grch38:GACTACACATATACCGx,MS,A,MS122
MS122_A__10X_17_grch38:GCGCAACTCTTTAGTCx,MS,A,MS122
MS122_A__10X_17_grch38:GCGCGATAGTCATGCTx,MS,A,MS122
MS122_A__10X_17_grch38:GCTCCTACACGAAATAx,MS,A,MS122
MS122_A__10X_17_grch38:GCTCTGTTCATGTGGTx,MS,A,MS122
MS122_A__10X_17_grch38:GCTGCAGCAGATAATGx,MS,A,MS122
MS122_A__10X_17_grch38:GGCGACTCAAGGTTCTx,MS,A,MS122
MS122_A__10X_17_grch38:GTCACAAGTCTGGAGAx,MS,A,MS122
MS122_A__10X_17_grch38:GTCATTTAGTGGAGTCx,MS,A,MS122
MS122_A__10X_17_grch38:GTCGGGTTCGCCGTGAx,MS,A,MS122
MS122_A__10X_17_grch38:GTCGTAAAGGACAGAAx,MS,A,MS122
MS122_A__10X_17_grch38:GTCTTCGAGTGTTAGAx,MS,A,MS122
MS122_A__10X_17_grch38:GTGCAGCTCAATCTCTx,MS,A,MS122
MS122_A__10X_17_grch38:GTGTGCGTCGCATGGCx,MS,A,MS122
MS122_A__10X_17_grch38:TACACGAAGAGGTTGCx,MS,A,MS122
MS122_A__10X_17_grch38:TACAGTGGTACTTGACx,MS,A,MS122
MS122_A__10X_17_grch38:TACCTATCAACTGCTAx,MS,A,MS122
MS122_A__10X_17_grch38:TACTTACGTGTTTGTGx,MS,A,MS122
MS122_A__10X_17_grch38:TAGTGGTCACGAAACGx,MS,A,MS122
MS122_A__10X_17_grch38:TATGCCCTCTTGGGTAx,MS,A,MS122
MS122_A__10X_17_grch38:TCGTAGAAGATATGCAx,MS,A,MS122
MS122_A__10X_17_grch38:TGCACCTTCCAAAGTCx,MS,A,MS122
MS122_A__10X_17_grch38:TTGCGTCCAAGACGTGx,MS,A,MS122
MS122_A__10X_17_grch38:TTGGAACGTTCCCGAGx,MS,A,MS122
MS122_A__10X_17_grch38:TTTCCTCCATTCACTTx,MS,A,MS122
MS121_NAWM__10X_17_grch38:AAGGTTCAGTGTACTCx,MS,NAWM,MS121
MS121_NAWM__10X_17_grch38:ACACCAATCATTGCCCx,MS,NAWM,MS121
MS121_NAWM__10X_17_grch38:ACATGGTCAACACCTAx,MS,NAWM,MS121
MS121_NAWM__10X_17_grch38:ACCTTTATCTCACATTx,MS,NAWM,MS121
MS121_NAWM__10X_17_grch38:AGAGCTTGTGCAGACAx,MS,NAWM,MS121
MS121_NAWM__10X_17_grch38:AGATCTGTCGGCATCGx,MS,NAWM,MS121
MS121_NAWM__10X_17_grch38:AGCAGCCCAGACAGGTx,MS,NAWM,MS121
MS121_NAWM__10X_17_grch38:AGCGTCGGTCGGCTCAx,MS,NAWM,MS121
MS121_NAWM__10X_17_grch38:AGGTCCGGTACATCCAx,MS,NAWM,MS121
MS121_NAWM__10X_17_grch38:ATAACGCCAGACTCGCx,MS,NAWM,MS121
MS121_NAWM__10X_17_grch38:ATAACGCGTATTCGTGx,MS,NAWM,MS121
MS121_NAWM__10X_17_grch38:ATCCACCCACGAGGTAx,MS,NAWM,MS121
MS121_NAWM__10X_17_grch38:ATCCGAAGTTATGTGCx,MS,NAWM,MS121
MS121_NAWM__10X_17_grch38:ATCTGCCCAGCTGTATx,MS,NAWM,MS121
MS121_NAWM__10X_17_grch38:ATGAGGGAGTTGAGTAx,MS,NAWM,MS121
MS121_NAWM__10X_17_grch38:CACACCTTCGACGGAAx,MS,NAWM,MS121
MS121_NAWM__10X_17_grch38:CACCTTGCATCATCCCx,MS,NAWM,MS121
MS121_NAWM__10X_17_grch38:CACTCCAAGAGTTGGCx,MS,NAWM,MS121
MS121_NAWM__10X_17_grch38:CCATGTCCAAGCCGTCx,MS,NAWM,MS121
MS121_NAWM__10X_17_grch38:CGAATGTCATCCAACAx,MS,NAWM,MS121
MS121_NAWM__10X_17_grch38:CGACCTTGTGAGGGTTx,MS,NAWM,MS121
MS121_NAWM__10X_17_grch38:CGAGCCACAAGTTGTCx,MS,NAWM,MS121
MS121_NAWM__10X_17_grch38:CGAGCCACAGGATCGAx,MS,NAWM,MS121
MS121_NAWM__10X_17_grch38:CGCTGGATCTATCGCCx,MS,NAWM,MS121
MS121_NAWM__10X_17_grch38:CGGACACCAACTGCGCx,MS,NAWM,MS121
MS121_NAWM__10X_17_grch38:CGGAGTCTCTCGCTTGx,MS,NAWM,MS121
MS121_NAWM__10X_17_grch38:CGTCCATCAAATACAGx,MS,NAWM,MS121
MS121_NAWM__10X_17_grch38:CGTTCTGTCCTAGGGCx,MS,NAWM,MS121
MS121_NAWM__10X_17_grch38:CTACATTAGTGTACTCx,MS,NAWM,MS121
MS121_NAWM__10X_17_grch38:CTCGAAAGTAGAAAGGx,MS,NAWM,MS121
MS121_NAWM__10X_17_grch38:CTGATCCAGCTGTTCAx,MS,NAWM,MS121
MS121_NAWM__10X_17_grch38:GAACCTAGTCTCTCGTx,MS,NAWM,MS121
MS121_NAWM__10X_17_grch38:GACGCGTGTCAAAGCGx,MS,NAWM,MS121
MS121_NAWM__10X_17_grch38:GACGTGCCACTAGTACx,MS,NAWM,MS121
MS121_NAWM__10X_17_grch38:GACTGCGAGGCTAGGTx,MS,NAWM,MS121
MS121_NAWM__10X_17_grch38:GATTCAGAGCTAGGCAx,MS,NAWM,MS121
MS121_NAWM__10X_17_grch38:GCATGATCAATAGCGGx,MS,NAWM,MS121
MS121_NAWM__10X_17_grch38:GCGCCAATCTTGTATCx,MS,NAWM,MS121
MS121_NAWM__10X_17_grch38:GTCGTAACATTCGACAx,MS,NAWM,MS121
MS121_NAWM__10X_17_grch38:GTCTCGTTCCCTTGTGx,MS,NAWM,MS121
MS121_NAWM__10X_17_grch38:GTGCAGCTCATGCTCCx,MS,NAWM,MS121
MS121_NAWM__10X_17_grch38:GTGGGTCAGTTAAGTGx,MS,NAWM,MS121
MS121_NAWM__10X_17_grch38:GTGTGCGGTAGCGCTCx,MS,NAWM,MS121
MS121_NAWM__10X_17_grch38:TAAGCGTGTCTCCATCx,MS,NAWM,MS121
MS121_NAWM__10X_17_grch38:TACTCATCAGCTGTATx,MS,NAWM,MS121
MS121_NAWM__10X_17_grch38:TCAACGAAGGATGGTCx,MS,NAWM,MS121
MS121_NAWM__10X_17_grch38:TCAGCAACAAGTACCTx,MS,NAWM,MS121
MS121_NAWM__10X_17_grch38:TCTATTGAGCACAGGTx,MS,NAWM,MS121
MS121_NAWM__10X_17_grch38:TCTTTCCAGTGAACGCx,MS,NAWM,MS121
MS121_NAWM__10X_17_grch38:TGACAACAGTTAGCGGx,MS,NAWM,MS121
MS121_NAWM__10X_17_grch38:TGGTTCCCACGTAAGGx,MS,NAWM,MS121
MS121_NAWM__10X_17_grch38:TTAGGACGTGTTGAGGx,MS,NAWM,MS121
MS121_NAWM__10X_17_grch38:TTAGTTCAGAAACCGCx,MS,NAWM,MS121
MS121_NAWM__10X_17_grch38:TTCTCAAGTCTGATCAx,MS,NAWM,MS121
MS121_A3__10X_17_grch38:ACCTTTATCAACCAACx,MS,A,MS121
MS121_A3__10X_17_grch38:ACTGCTCAGTGTGGCAx,MS,A,MS121
MS121_A3__10X_17_grch38:AGGTCCGGTTGTCGCGx,MS,A,MS121
MS121_A3__10X_17_grch38:ATTCTACCAGTCGTGCx,MS,A,MS121
MS121_A3__10X_17_grch38:CAAGATCAGGCTACGAx,MS,A,MS121
MS121_A3__10X_17_grch38:CAGCGACTCGGCTACGx,MS,A,MS121
MS121_A3__10X_17_grch38:CCCATACTCTGACCTCx,MS,A,MS121
MS121_A3__10X_17_grch38:CCTTTCTTCTTAACCTx,MS,A,MS121
MS121_A3__10X_17_grch38:CTCTGGTTCGGCGCATx,MS,A,MS121
MS121_A3__10X_17_grch38:GCGCCAAGTCTCATCCx,MS,A,MS121
MS121_A3__10X_17_grch38:GGACGTCCACGTAAGGx,MS,A,MS121
MS121_A3__10X_17_grch38:GTAGGCCTCGTTTATCx,MS,A,MS121
MS121_A3__10X_17_grch38:GTCTTCGTCCGAATGTx,MS,A,MS121
MS121_A3__10X_17_grch38:TCAACGACACGGACAAx,MS,A,MS121
MS121_A3__10X_17_grch38:TGTATTCGTAGCTCCGx,MS,A,MS121
MS121_A3__10X_17_grch38:TTAGGACAGCCAGTAGx,MS,A,MS121
MS121_A2__10X_17_grch38:ACACTGAGTTTAGCTGx,MS,A,MS121
MS121_A2__10X_17_grch38:ACGGAGAAGGAGTACCx,MS,A,MS121
MS121_A2__10X_17_grch38:ACGGGCTGTGCTAGCCx,MS,A,MS121
MS121_A2__10X_17_grch38:ACTGAACTCAAGATCCx,MS,A,MS121
MS121_A2__10X_17_grch38:AGACGTTGTCCCTTGTx,MS,A,MS121
MS121_A2__10X_17_grch38:AGACGTTTCTGTCAAGx,MS,A,MS121
MS121_A2__10X_17_grch38:AGCATACCACCTGGTGx,MS,A,MS121
MS121_A2__10X_17_grch38:AGGGAGTTCCCTCAGTx,MS,A,MS121
MS121_A2__10X_17_grch38:AGGGTGATCCTTTACAx,MS,A,MS121
MS121_A2__10X_17_grch38:ATTTCTGGTATTAGCCx,MS,A,MS121
MS121_A2__10X_17_grch38:CAAGGCCCAATGGAGCx,MS,A,MS121
MS121_A2__10X_17_grch38:CACACTCTCTTGTCATx,MS,A,MS121
MS121_A2__10X_17_grch38:CACAGTATCCTCAATTx,MS,A,MS121
MS121_A2__10X_17_grch38:CAGCCGAGTATATGGAx,MS,A,MS121
MS121_A2__10X_17_grch38:CCGTACTCACATCCAAx,MS,A,MS121
MS121_A2__10X_17_grch38:CCTTACGTCTATCGCCx,MS,A,MS121
MS121_A2__10X_17_grch38:CGAGAAGAGGGTTCCCx,MS,A,MS121
MS121_A2__10X_17_grch38:CGGACGTGTGTTTGGTx,MS,A,MS121
MS121_A2__10X_17_grch38:CGGTTAACAACACCCGx,MS,A,MS121
MS121_A2__10X_17_grch38:CTTTGCGAGCTGCGAAx,MS,A,MS121
MS121_A2__10X_17_grch38:GACAGAGGTTCGTCTCx,MS,A,MS121
MS121_A2__10X_17_grch38:GCTGCAGGTACAAGTAx,MS,A,MS121
MS121_A2__10X_17_grch38:GGAGCAACAGCGTTCGx,MS,A,MS121
MS121_A2__10X_17_grch38:GGGAATGTCAGCTCGGx,MS,A,MS121
MS121_A2__10X_17_grch38:GTAACTGAGTTACCCAx,MS,A,MS121
MS121_A2__10X_17_grch38:GTCACAACAGGCTCACx,MS,A,MS121
MS121_A2__10X_17_grch38:GTTAAGCAGTCTCAACx,MS,A,MS121
MS121_A2__10X_17_grch38:GTTCGGGGTCTCTCTGx,MS,A,MS121
MS121_A2__10X_17_grch38:TACAGTGTCAACGAAAx,MS,A,MS121
MS121_A2__10X_17_grch38:TCACGAACAGTTTACGx,MS,A,MS121
MS121_A2__10X_17_grch38:TGGCTGGGTGGTCCGTx,MS,A,MS121
MS121_A2__10X_17_grch38:TGTGGTACACGTCTCTx,MS,A,MS121
MS121_A2__10X_17_grch38:TGTTCCGAGGCACATGx,MS,A,MS121
MS121_CA__10X_17_grch38:AAGGTTCTCGCTAGCGx,MS,CA,MS121
MS121_CA__10X_17_grch38:ACATCAGGTGAGGCTAx,MS,CA,MS121
MS121_CA__10X_17_grch38:CATGCCTGTATAAACGx,MS,CA,MS121
MS121_CA__10X_17_grch38:CGCTTCAAGAAGAAGCx,MS,CA,MS121
MS121_CA__10X_17_grch38:GCATGCGCATGCCTTCx,MS,CA,MS121
MS121_CA__10X_17_grch38:TACCTTACAGTACACTx,MS,CA,MS121
MS121_CA__10X_17_grch38:TCAACGAAGCGATATAx,MS,CA,MS121
MS121_CA__10X_17_grch38:TGCGGGTTCTCAAGTGx,MS,CA,MS121
MS121_A3__10X_17_grch38:TTGACTTAGACAGAGAx,MS,A,MS121
CO28__10X_17_grch38:CTAACTTTCCAAATGCx,normal,Ctrl,CO28
CO28__10X_17_grch38:CTCGGGATCTGCAGTAx,normal,Ctrl,CO28
CO28__10X_17_grch38:GCTTGAAAGCCACCTGx,normal,Ctrl,CO28
CO28__10X_17_grch38:GTTTCTATCTTGCCGTx,normal,Ctrl,CO28
MS176_CI__10X_17_056_roche_grch38_4:TCATTTGCAAGTTGTCx,MS,CI,MS176
MS122_NAWM__10X_17_grch38:GTAACTGGTTAAGATGx,MS,NAWM,MS122
MS121_CA__10X_17_grch38:ACACTGACAAGCGTAGx,MS,CA,MS121
CO25__10X_17_grch38:CTAGCCTCAATGTTGCx,normal,Ctrl,CO25
MS122_CI__10X_17_grch38:CATATTCTCGGCATCGx,MS,CI,MS122
MS122_CI__10X_17_grch38:GGGATGAGTCCGACGTx,MS,CI,MS122
MS122_A__10X_17_grch38:CGACCTTTCCCTCTTTx,MS,A,MS122
MS122_A__10X_17_grch38:GTTACAGGTCAGCTATx,MS,A,MS122
MS121_NAWM__10X_17_grch38:GCTTCCAAGTTTGCGTx,MS,NAWM,MS121
MS122_CI__10X_17_grch38:AGCCTAAGTGGTAACGx,MS,CI,MS122
CO25__10X_17_grch38:CAGAATCTCGCTTAGAx,normal,Ctrl,CO25
CO25__10X_17_grch38:TGAGCCGCACCGATATx,normal,Ctrl,CO25
CO39__10X_17_grch38:AACTCAGAGCTAACAAx,normal,Ctrl,CO39
CO39__10X_17_grch38:ACACCGGAGGCACATGx,normal,Ctrl,CO39
CO39__10X_17_grch38:CTAGTGAGTTCAGTACx,normal,Ctrl,CO39
SD48/16__10X_17_grch38:CACATTTCAAGTAATGx,normal,Ctrl,SD48/16
MS122_NAWM__10X_17_grch38:TGCCCTAGTCAGCTATx,MS,NAWM,MS122
MS122_CI__10X_17_grch38:AGATCTGAGAGTTGGCx,MS,CI,MS122
MS122_CI__10X_17_grch38:CACATTTAGCTAACAAx,MS,CI,MS122
MS122_CI__10X_17_grch38:CCACTACGTATTCTCTx,MS,CI,MS122
MS122_A__10X_17_grch38:CGATGTAGTAGTACCTx,MS,A,MS122
MS122_CI__10X_17_grch38:TCATTTGAGACAGAGAx,MS,CI,MS122
CO28__10X_17_grch38:AACTTTCCACTGCCAGx,normal,Ctrl,CO28
CO28__10X_17_grch38:AAGGCAGCACCACCAGx,normal,Ctrl,CO28
CO28__10X_17_grch38:AATCGGTAGCGCCTCAx,normal,Ctrl,CO28
CO28__10X_17_grch38:ACATGGTCACCGAATTx,normal,Ctrl,CO28
CO28__10X_17_grch38:ATCGAGTGTCAGAATAx,normal,Ctrl,CO28
CO28__10X_17_grch38:ATTATCCCATATGAGAx,normal,Ctrl,CO28
CO28__10X_17_grch38:CACAGTACAGGGATTGx,normal,Ctrl,CO28
CO28__10X_17_grch38:CAGAATCCAGCCTATAx,normal,Ctrl,CO28
CO28__10X_17_grch38:CATGACACATGCCCGAx,normal,Ctrl,CO28
CO28__10X_17_grch38:CCACGGATCCGCAAGCx,normal,Ctrl,CO28
CO28__10X_17_grch38:CCTATTACATCACAACx,normal,Ctrl,CO28
CO28__10X_17_grch38:CGATGGCTCTTATCTGx,normal,Ctrl,CO28
CO28__10X_17_grch38:CGGACTGAGGGAACGGx,normal,Ctrl,CO28
CO28__10X_17_grch38:CTAGCCTTCCAACCAAx,normal,Ctrl,CO28
CO28__10X_17_grch38:CTCAGAAGTTGCTCCTx,normal,Ctrl,CO28
CO28__10X_17_grch38:CTCCTAGAGTGTCCCGx,normal,Ctrl,CO28
CO28__10X_17_grch38:CTCTAATTCCATGCTCx,normal,Ctrl,CO28
CO28__10X_17_grch38:GATCGATAGTACACCTx,normal,Ctrl,CO28
CO28__10X_17_grch38:GCCAAATTCGTTTATCx,normal,Ctrl,CO28
CO28__10X_17_grch38:GCCTCTACAGTGACAGx,normal,Ctrl,CO28
CO28__10X_17_grch38:GCTGCAGGTTCAGCGCx,normal,Ctrl,CO28
CO28__10X_17_grch38:GGACAAGGTGGAAAGAx,normal,Ctrl,CO28
CO28__10X_17_grch38:GGACGTCAGGCAATTAx,normal,Ctrl,CO28
CO28__10X_17_grch38:GGAGCAATCTGCGGCAx,normal,Ctrl,CO28
CO28__10X_17_grch38:GTAACTGTCCTCATTAx,normal,Ctrl,CO28
CO28__10X_17_grch38:GTGAAGGAGTGGGTTGx,normal,Ctrl,CO28
CO28__10X_17_grch38:GTTCGGGCATCTACGAx,normal,Ctrl,CO28
CO28__10X_17_grch38:TAAACCGTCCTCAACCx,normal,Ctrl,CO28
CO28__10X_17_grch38:TGACTTTAGGCATTGGx,normal,Ctrl,CO28
CO28__10X_17_grch38:TGAGAGGTCAATCACGx,normal,Ctrl,CO28
CO28__10X_17_grch38:TGATTTCGTCGCGGTTx,normal,Ctrl,CO28
CO28__10X_17_grch38:TGCACCTAGTTTGCGTx,normal,Ctrl,CO28
CO28__10X_17_grch38:TGCCCTACACTCAGGCx,normal,Ctrl,CO28
CO28__10X_17_grch38:TGCGCAGAGCAAATCAx,normal,Ctrl,CO28
CO28__10X_17_grch38:TGCTACCGTGACCAAGx,normal,Ctrl,CO28
CO28__10X_17_grch38:TGTATTCTCACTTATCx,normal,Ctrl,CO28
CO25__10X_17_grch38:AACCGCGTCTACGAGTx,normal,Ctrl,CO25
CO25__10X_17_grch38:AACTTTCAGTCCTCCTx,normal,Ctrl,CO25
CO25__10X_17_grch38:AACTTTCGTGCCTGTGx,normal,Ctrl,CO25
CO25__10X_17_grch38:ACACTGAGTTGATTCGx,normal,Ctrl,CO25
CO25__10X_17_grch38:ACCCACTAGTCTCCTCx,normal,Ctrl,CO25
CO25__10X_17_grch38:ACGATGTGTTCCAACAx,normal,Ctrl,CO25
CO25__10X_17_grch38:ACGGCCACAACTGCTAx,normal,Ctrl,CO25
CO25__10X_17_grch38:ACTTGTTCACCGGAAAx,normal,Ctrl,CO25
CO25__10X_17_grch38:AGCATACGTAGAGGAAx,normal,Ctrl,CO25
CO25__10X_17_grch38:ATAGACCTCAGCTGGCx,normal,Ctrl,CO25
CO25__10X_17_grch38:ATAGACCTCGTGGTCGx,normal,Ctrl,CO25
CO25__10X_17_grch38:ATCTACTGTCCCGACAx,normal,Ctrl,CO25
CO25__10X_17_grch38:CATGACAAGACCACGAx,normal,Ctrl,CO25
CO25__10X_17_grch38:CCACCTAGTTCCACTCx,normal,Ctrl,CO25
CO25__10X_17_grch38:CGACTTCCAGCCTTGGx,normal,Ctrl,CO25
CO25__10X_17_grch38:CGATCGGAGCCAGAACx,normal,Ctrl,CO25
CO25__10X_17_grch38:CGATGGCTCTGGCGTGx,normal,Ctrl,CO25
CO25__10X_17_grch38:CGCTATCTCATAGCACx,normal,Ctrl,CO25
CO25__10X_17_grch38:CGGAGTCTCCGCGCAAx,normal,Ctrl,CO25
CO25__10X_17_grch38:CTAAGACCATCGATGTx,normal,Ctrl,CO25
CO25__10X_17_grch38:CTACGTCAGAGCAATTx,normal,Ctrl,CO25
CO25__10X_17_grch38:CTACGTCGTCACCCAGx,normal,Ctrl,CO25
CO25__10X_17_grch38:CTCACACTCTGAGGGAx,normal,Ctrl,CO25
CO25__10X_17_grch38:CTCTAATCAGACGCAAx,normal,Ctrl,CO25
CO25__10X_17_grch38:CTCTACGAGTCCGGTCx,normal,Ctrl,CO25
CO25__10X_17_grch38:CTGCGGAGTGCACGAAx,normal,Ctrl,CO25
CO25__10X_17_grch38:CTTCTCTAGTTATCGCx,normal,Ctrl,CO25
CO25__10X_17_grch38:GAACATCTCCGGGTGTx,normal,Ctrl,CO25
CO25__10X_17_grch38:GAATAAGCACGCGAAAx,normal,Ctrl,CO25
CO25__10X_17_grch38:GCGCCAAGTCTCTCGTx,normal,Ctrl,CO25
CO25__10X_17_grch38:GCGGGTTAGCAGCCTCx,normal,Ctrl,CO25
CO25__10X_17_grch38:GCTCCTAGTCCGAATTx,normal,Ctrl,CO25
CO25__10X_17_grch38:GCTGGGTGTCTGCCAGx,normal,Ctrl,CO25
CO25__10X_17_grch38:GGAACTTAGTACGTTCx,normal,Ctrl,CO25
CO25__10X_17_grch38:GGCGTGTGTTCACGGCx,normal,Ctrl,CO25
CO25__10X_17_grch38:GGCTGGTCAGCATACTx,normal,Ctrl,CO25
CO25__10X_17_grch38:GGGTCTGGTGGCTCCAx,normal,Ctrl,CO25
CO25__10X_17_grch38:GGTGAAGGTAGCTGCCx,normal,Ctrl,CO25
CO25__10X_17_grch38:GTTTCTATCAGATAAGx,normal,Ctrl,CO25
CO25__10X_17_grch38:TAAGTGCCATGAAGTAx,normal,Ctrl,CO25
CO25__10X_17_grch38:TAGGCATAGCCTTGATx,normal,Ctrl,CO25
CO25__10X_17_grch38:TCGGGACTCACCATAGx,normal,Ctrl,CO25
CO25__10X_17_grch38:TCTGAGAGTACAGTTCx,normal,Ctrl,CO25
CO25__10X_17_grch38:TGCCCATGTGTTAAGAx,normal,Ctrl,CO25
CO25__10X_17_grch38:TGCTACCCAAGCGTAGx,normal,Ctrl,CO25
CO25__10X_17_grch38:TGTATTCTCAAGCCTAx,normal,Ctrl,CO25
CO25__10X_17_grch38:TGTGGTAAGATCGGGTx,normal,Ctrl,CO25
CO25__10X_17_grch38:TGTGTTTAGTACCGGAx,normal,Ctrl,CO25
MS176_NAWM__10X_17_grch38:AACTCTTCACTATCTTx,MS,NAWM,MS176
MS176_NAWM__10X_17_grch38:AAGGCAGTCAACACCAx,MS,NAWM,MS176
MS176_NAWM__10X_17_grch38:AATCGGTTCTCTTATGx,MS,NAWM,MS176
MS176_NAWM__10X_17_grch38:ACAGCCGGTGAGGCTAx,MS,NAWM,MS176
MS176_NAWM__10X_17_grch38:ACGCCAGAGAGGTTATx,MS,NAWM,MS176
MS176_NAWM__10X_17_grch38:ACGCCGATCTTGACGAx,MS,NAWM,MS176
MS176_NAWM__10X_17_grch38:ACTGAACGTACTTAGCx,MS,NAWM,MS176
MS176_NAWM__10X_17_grch38:ACTGTCCCATTAACCGx,MS,NAWM,MS176
MS176_NAWM__10X_17_grch38:AGCGTCGGTCCGTGACx,MS,NAWM,MS176
MS176_NAWM__10X_17_grch38:AGCGTCGTCAAACAAGx,MS,NAWM,MS176
MS176_NAWM__10X_17_grch38:ATCGAGTTCAAAGTAGx,MS,NAWM,MS176
MS176_NAWM__10X_17_grch38:ATGCGATTCTTAGAGCx,MS,NAWM,MS176
MS176_NAWM__10X_17_grch38:ATTGGTGCACGACGAAx,MS,NAWM,MS176
MS176_NAWM__10X_17_grch38:CAACTAGCACGTCAGCx,MS,NAWM,MS176
MS176_NAWM__10X_17_grch38:CAGAATCTCATATCGGx,MS,NAWM,MS176
MS176_NAWM__10X_17_grch38:CAGCATACATGCATGTx,MS,NAWM,MS176
MS176_NAWM__10X_17_grch38:CATCCACGTTGGTGGAx,MS,NAWM,MS176
MS176_NAWM__10X_17_grch38:CCATTCGTCACATGCAx,MS,NAWM,MS176
MS176_NAWM__10X_17_grch38:CCTACACTCCACTCCAx,MS,NAWM,MS176
MS176_NAWM__10X_17_grch38:CGACTTCGTTCGTCTCx,MS,NAWM,MS176
MS176_NAWM__10X_17_grch38:CGGACGTGTCACTGGCx,MS,NAWM,MS176
MS176_NAWM__10X_17_grch38:CTAAGACCAGATAATGx,MS,NAWM,MS176
MS176_NAWM__10X_17_grch38:CTAATGGAGGGTTTCTx,MS,NAWM,MS176
MS176_NAWM__10X_17_grch38:CTAGAGTAGTCACGCCx,MS,NAWM,MS176
MS176_NAWM__10X_17_grch38:CTCGGAGAGACAGGCTx,MS,NAWM,MS176
MS176_NAWM__10X_17_grch38:CTCGTCATCCGCGCAAx,MS,NAWM,MS176
MS176_NAWM__10X_17_grch38:CTGAAGTCAAGCCCACx,MS,NAWM,MS176
MS176_NAWM__10X_17_grch38:CTGTGCTAGTTAAGTGx,MS,NAWM,MS176
MS176_NAWM__10X_17_grch38:GAATAAGAGACCACGAx,MS,NAWM,MS176
MS176_NAWM__10X_17_grch38:GCAATCAAGGCGATACx,MS,NAWM,MS176
MS176_NAWM__10X_17_grch38:GCATGTACAATAAGCAx,MS,NAWM,MS176
MS176_NAWM__10X_17_grch38:GCTCTGTCATGCTAGTx,MS,NAWM,MS176
MS176_NAWM__10X_17_grch38:GCTCTGTTCAATAAGGx,MS,NAWM,MS176
MS176_NAWM__10X_17_grch38:GGAACTTCAGATGGGTx,MS,NAWM,MS176
MS176_NAWM__10X_17_grch38:GGCTCGAAGCTGTTCAx,MS,NAWM,MS176
MS176_NAWM__10X_17_grch38:GGTATTGAGACTGTAAx,MS,NAWM,MS176
MS176_NAWM__10X_17_grch38:GTATCTTCAAATTGCCx,MS,NAWM,MS176
MS176_NAWM__10X_17_grch38:TCGTACCAGGCATGGTx,MS,NAWM,MS176
MS176_NAWM__10X_17_grch38:TGAAAGACAGGGTTAGx,MS,NAWM,MS176
MS176_NAWM__10X_17_grch38:TGCCCATAGGACATTAx,MS,NAWM,MS176
MS176_NAWM__10X_17_grch38:TGCCCTAAGTTTGCGTx,MS,NAWM,MS176
MS176_NAWM__10X_17_grch38:TGGACGCTCAGAAATGx,MS,NAWM,MS176
MS176_NAWM__10X_17_grch38:TGGCTGGGTCTTTCATx,MS,NAWM,MS176
MS176_NAWM__10X_17_grch38:TGTGGTATCCCTCAGTx,MS,NAWM,MS176
MS176_NAWM__10X_17_grch38:TTCGGTCCATCTCGCTx,MS,NAWM,MS176
MS176_NAWM__10X_17_grch38:TTGACTTGTTCTGAACx,MS,NAWM,MS176
MS176_NAWM__10X_17_grch38:TTTCCTCGTCAGGACAx,MS,NAWM,MS176
MS176_RM__10X_17_grch38:AGCGTCGTCGCCTGTTx,MS,RM,MS176
MS176_RM__10X_17_grch38:AGTGTCACAGCAGTTTx,MS,RM,MS176
MS176_RM__10X_17_grch38:GAAACTCCATGTAAGAx,MS,RM,MS176
MS176_RM__10X_17_grch38:GATCAGTAGGATGTATx,MS,RM,MS176
MS176_CI__10X_17_056_roche_grch38_4:CTACGTCGTCAAAGCGx,MS,CI,MS176
MS176_CI__10X_17_056_roche_grch38_4:GTCATTTAGGCGTACAx,MS,CI,MS176
MS176_CI__10X_17_056_roche_grch38_4:TACTCATTCACTTCATx,MS,CI,MS176
MS176_CA__10X_17_grch38:AGCTTGAAGTAAGTACx,MS,CA,MS176
MS176_CA__10X_17_grch38:ATAAGAGAGTGGAGTCx,MS,CA,MS176
MS176_CA__10X_17_grch38:CATCCACCAAAGCAATx,MS,CA,MS176
MS176_CA__10X_17_grch38:CATGGCGCAATGGAGCx,MS,CA,MS176
MS176_CA__10X_17_grch38:CCTTTCTCACGAGAGTx,MS,CA,MS176
MS176_CA__10X_17_grch38:CTAGTGAAGAAGGTTTx,MS,CA,MS176
MS176_CA__10X_17_grch38:GAAACTCAGAATCTCCx,MS,CA,MS176
MS176_CA__10X_17_grch38:GGACAAGTCGTTACGAx,MS,CA,MS176
MS176_CA__10X_17_grch38:GTCCTCAGTGTTTGTGx,MS,CA,MS176
MS176_CA__10X_17_grch38:TGGCGCATCAGCGATTx,MS,CA,MS176
MS176_CA__10X_17_grch38:TTCTTAGTCTAACTCTx,MS,CA,MS176
CO39__10X_17_grch38:AAAGTAGGTTTGTGTGx,normal,Ctrl,CO39
CO39__10X_17_grch38:AACACGTCATCGATTGx,normal,Ctrl,CO39
CO39__10X_17_grch38:AAGACCTCACGACGAAx,normal,Ctrl,CO39
CO39__10X_17_grch38:AATCGGTCACGTCTCTx,normal,Ctrl,CO39
CO39__10X_17_grch38:ACACCCTGTTAAGAACx,normal,Ctrl,CO39
CO39__10X_17_grch38:ACGCCAGTCGTACCGGx,normal,Ctrl,CO39
CO39__10X_17_grch38:ACTGCTCAGTGATCGGx,normal,Ctrl,CO39
CO39__10X_17_grch38:ACTGTCCTCAATAAGGx,normal,Ctrl,CO39
CO39__10X_17_grch38:AGGCCGTTCCTATGTTx,normal,Ctrl,CO39
CO39__10X_17_grch38:AGGGAGTAGATATGCAx,normal,Ctrl,CO39
CO39__10X_17_grch38:AGGGAGTAGATATGGTx,normal,Ctrl,CO39
CO39__10X_17_grch38:ATCACGAAGAGCCTAGx,normal,Ctrl,CO39
CO39__10X_17_grch38:ATCATCTGTCGGCACTx,normal,Ctrl,CO39
CO39__10X_17_grch38:ATCTGCCCAGTTCCCTx,normal,Ctrl,CO39
CO39__10X_17_grch38:ATGGGAGCACTATCTTx,normal,Ctrl,CO39
CO39__10X_17_grch38:CAAGATCGTGCTCTTCx,normal,Ctrl,CO39
CO39__10X_17_grch38:CAGAATCTCCCTAACCx,normal,Ctrl,CO39
CO39__10X_17_grch38:CCCAGTTTCTGCGACGx,normal,Ctrl,CO39
CO39__10X_17_grch38:CCGGTAGTCGAGCCCAx,normal,Ctrl,CO39
CO39__10X_17_grch38:CCGTTCAGTCGGGTCTx,normal,Ctrl,CO39
CO39__10X_17_grch38:CGAGCCAAGATCCCGCx,normal,Ctrl,CO39
CO39__10X_17_grch38:CGTCTACCACACCGACx,normal,Ctrl,CO39
CO39__10X_17_grch38:CTAATGGAGACTTGAAx,normal,Ctrl,CO39
CO39__10X_17_grch38:CTGCGGATCCTGTAGAx,normal,Ctrl,CO39
CO39__10X_17_grch38:GAACGGACAAGCGATGx,normal,Ctrl,CO39
CO39__10X_17_grch38:GAACGGACAAGTAATGx,normal,Ctrl,CO39
CO39__10X_17_grch38:GAATAAGAGGTTACCTx,normal,Ctrl,CO39
CO39__10X_17_grch38:GACAGAGTCGTACCGGx,normal,Ctrl,CO39
CO39__10X_17_grch38:GATCGATCAGCTGCACx,normal,Ctrl,CO39
CO39__10X_17_grch38:GCCAAATTCATTGCGAx,normal,Ctrl,CO39
CO39__10X_17_grch38:GCGCAACTCTTCTGGCx,normal,Ctrl,CO39
CO39__10X_17_grch38:GCGCCAAAGATGAGAGx,normal,Ctrl,CO39
CO39__10X_17_grch38:GCGGGTTCAAACGTGGx,normal,Ctrl,CO39
CO39__10X_17_grch38:GGAACTTGTCTAACGTx,normal,Ctrl,CO39
CO39__10X_17_grch38:GGACATTAGCAGCCTCx,normal,Ctrl,CO39
CO39__10X_17_grch38:GGGCATCGTTACGGAGx,normal,Ctrl,CO39
CO39__10X_17_grch38:GTAACTGAGTACACCTx,normal,Ctrl,CO39
CO39__10X_17_grch38:GTCTTCGCATGTAGTCx,normal,Ctrl,CO39
CO39__10X_17_grch38:GTGTTAGAGGAATGGAx,normal,Ctrl,CO39
CO39__10X_17_grch38:TAGTTGGAGAAACCGCx,normal,Ctrl,CO39
CO39__10X_17_grch38:TATCTCATCGCTAGCGx,normal,Ctrl,CO39
CO39__10X_17_grch38:TCAGCAAAGGACTGGTx,normal,Ctrl,CO39
CO39__10X_17_grch38:TCCACACGTTATGCGTx,normal,Ctrl,CO39
CO39__10X_17_grch38:TGACAACCAAACAACAx,normal,Ctrl,CO39
CO39__10X_17_grch38:TGCGGGTCACCTATCCx,normal,Ctrl,CO39
CO39__10X_17_grch38:TGGCTGGAGGTAGCCAx,normal,Ctrl,CO39
CO39__10X_17_grch38:TGGGAAGGTCAATGTCx,normal,Ctrl,CO39
CO39__10X_17_grch38:TGGTTAGGTCCAACTAx,normal,Ctrl,CO39
CO39__10X_17_grch38:TTCTACATCGCAGGCTx,normal,Ctrl,CO39
CO39__10X_17_grch38:TTCTCAACAATCTGCAx,normal,Ctrl,CO39
CO39__10X_17_grch38:TTTGCGCGTGATAAACx,normal,Ctrl,CO39
CO39__10X_17_grch38:TTTGTCAAGTCCAGGAx,normal,Ctrl,CO39
CO39__10X_17_grch38:TTTGTCAGTTTGTTTCx,normal,Ctrl,CO39
CO14__10X_17_grch38:AACTCAGAGGAATCGCx,normal,Ctrl,CO14
CO14__10X_17_grch38:ACGTCAATCAGCATGTx,normal,Ctrl,CO14
CO14__10X_17_grch38:CACCTTGGTGCAGTAGx,normal,Ctrl,CO14
CO14__10X_17_grch38:CAGAGAGCAAGCGTAGx,normal,Ctrl,CO14
CO14__10X_17_grch38:CAGCGACCATGGAATAx,normal,Ctrl,CO14
CO14__10X_17_grch38:CCAGCGAGTGTGCCTGx,normal,Ctrl,CO14
CO14__10X_17_grch38:CGTTAGATCGCCGTGAx,normal,Ctrl,CO14
CO14__10X_17_grch38:GACCTGGGTACTTGACx,normal,Ctrl,CO14
CO14__10X_17_grch38:GGGACCTAGAGCTGGTx,normal,Ctrl,CO14
CO14__10X_17_grch38:TTTGGTTGTTTAAGCCx,normal,Ctrl,CO14
MS242_CA5__10X_17_grch38:ATCGAGTTCGTCGTTCx,MS,CA,MS242
MS242_CA5__10X_17_grch38:CATATTCTCACCGTAAx,MS,CA,MS242
MS242_CA5__10X_17_grch38:TGAGAGGCAACGATCTx,MS,CA,MS242
MS242_CA5__10X_17_grch38:TTCGGTCCAATACGCTx,MS,CA,MS242
SD48/16__10X_17_grch38:AAGACCTAGCGTTCCGx,normal,Ctrl,SD48/16
SD48/16__10X_17_grch38:ACTTTCAAGCCCAGCTx,normal,Ctrl,SD48/16
SD48/16__10X_17_grch38:AGAGTGGAGCTTTGGTx,normal,Ctrl,SD48/16
SD48/16__10X_17_grch38:AGATTGCGTGTGTGCCx,normal,Ctrl,SD48/16
SD48/16__10X_17_grch38:AGCATACGTATTAGCCx,normal,Ctrl,SD48/16
SD48/16__10X_17_grch38:AGCTCTCGTCGACTATx,normal,Ctrl,SD48/16
SD48/16__10X_17_grch38:AGTGAGGGTTCACGGCx,normal,Ctrl,SD48/16
SD48/16__10X_17_grch38:ATTACTCAGCTTATCGx,normal,Ctrl,SD48/16
SD48/16__10X_17_grch38:CACACAAGTCCGAAGAx,normal,Ctrl,SD48/16
SD48/16__10X_17_grch38:CATTATCGTTAGAACAx,normal,Ctrl,SD48/16
SD48/16__10X_17_grch38:CCAGCGACAGGACGTAx,normal,Ctrl,SD48/16
SD48/16__10X_17_grch38:CCCAGTTTCTAACTTCx,normal,Ctrl,SD48/16
SD48/16__10X_17_grch38:CGAACATCAGACGCAAx,normal,Ctrl,SD48/16
SD48/16__10X_17_grch38:CGATCGGGTGAGGGAGx,normal,Ctrl,SD48/16
SD48/16__10X_17_grch38:CGATGTACATCCTTGCx,normal,Ctrl,SD48/16
SD48/16__10X_17_grch38:CTAACTTCAGACAAGCx,normal,Ctrl,SD48/16
SD48/16__10X_17_grch38:CTAAGACAGCCGGTAAx,normal,Ctrl,SD48/16
SD48/16__10X_17_grch38:CTCCTAGAGTTACCCAx,normal,Ctrl,SD48/16
SD48/16__10X_17_grch38:CTGAAACGTAGCTAAAx,normal,Ctrl,SD48/16
SD48/16__10X_17_grch38:CTGTGCTCAACGATCTx,normal,Ctrl,SD48/16
SD48/16__10X_17_grch38:GACTAACAGGGCACTAx,normal,Ctrl,SD48/16
SD48/16__10X_17_grch38:GATCTAGGTCTCACCTx,normal,Ctrl,SD48/16
SD48/16__10X_17_grch38:GCAATCACATAACCTGx,normal,Ctrl,SD48/16
SD48/16__10X_17_grch38:GCAGCCATCTTTCCTCx,normal,Ctrl,SD48/16
SD48/16__10X_17_grch38:GCGCAACAGTCGAGTGx,normal,Ctrl,SD48/16
SD48/16__10X_17_grch38:GCGCGATCAAGTCTGTx,normal,Ctrl,SD48/16
SD48/16__10X_17_grch38:GCTTGAACACGACGAAx,normal,Ctrl,SD48/16
SD48/16__10X_17_grch38:GTGTGCGTCCTGCTTGx,normal,Ctrl,SD48/16
SD48/16__10X_17_grch38:GTTACAGCAAGGTGTGx,normal,Ctrl,SD48/16
SD48/16__10X_17_grch38:TATCTCAGTATGAATGx,normal,Ctrl,SD48/16
SD48/16__10X_17_grch38:TCCCGATCACCAGGTCx,normal,Ctrl,SD48/16
SD48/16__10X_17_grch38:TCGTAGAGTAGCGTAGx,normal,Ctrl,SD48/16
SD48/16__10X_17_grch38:TCTGAGATCCAGTATGx,normal,Ctrl,SD48/16
SD48/16__10X_17_grch38:TCTTCGGGTCGACTGCx,normal,Ctrl,SD48/16
SD48/16__10X_17_grch38:TGACTTTTCAGCTGGCx,normal,Ctrl,SD48/16
SD48/16__10X_17_grch38:TGCGCAGAGACAAAGGx,normal,Ctrl,SD48/16
SD48/16__10X_17_grch38:TGTGGTAAGTTACGGGx,normal,Ctrl,SD48/16
SD48/16__10X_17_grch38:TGTTCCGCAGCTGCACx,normal,Ctrl,SD48/16
MS122_NAWM__10X_17_grch38:AAACCTGCATGGTCTAx,MS,NAWM,MS122
MS122_NAWM__10X_17_grch38:AACACGTCAGCATGAGx,MS,NAWM,MS122
MS122_NAWM__10X_17_grch38:AACCATGCATCCGTGGx,MS,NAWM,MS122
MS122_NAWM__10X_17_grch38:AACCATGGTTTGACTGx,MS,NAWM,MS122
MS122_NAWM__10X_17_grch38:AACTCCCTCACCATAGx,MS,NAWM,MS122
MS122_NAWM__10X_17_grch38:AACTCTTCAGGATTGGx,MS,NAWM,MS122
MS122_NAWM__10X_17_grch38:AACTTTCTCTCTAGGAx,MS,NAWM,MS122
MS122_NAWM__10X_17_grch38:AAGACCTGTAAGTGTAx,MS,NAWM,MS122
MS122_NAWM__10X_17_grch38:AAGGCAGTCGTATCAGx,MS,NAWM,MS122
MS122_NAWM__10X_17_grch38:ACACCCTTCACATGCAx,MS,NAWM,MS122
MS122_NAWM__10X_17_grch38:ACACCGGAGGATGTATx,MS,NAWM,MS122
MS122_NAWM__10X_17_grch38:ACAGCTACAAGCTGAGx,MS,NAWM,MS122
MS122_NAWM__10X_17_grch38:ACAGCTATCAGTCCCTx,MS,NAWM,MS122
MS122_NAWM__10X_17_grch38:ACCCACTTCGCATGATx,MS,NAWM,MS122
MS122_NAWM__10X_17_grch38:ACGAGGAGTAGCGCAAx,MS,NAWM,MS122
MS122_NAWM__10X_17_grch38:ACGAGGATCATTGCCCx,MS,NAWM,MS122
MS122_NAWM__10X_17_grch38:ACGCAGCCAGACAAGCx,MS,NAWM,MS122
MS122_NAWM__10X_17_grch38:ACGCCGAAGGCGTACAx,MS,NAWM,MS122
MS122_NAWM__10X_17_grch38:ACGGAGAAGCCTCGTGx,MS,NAWM,MS122
MS122_NAWM__10X_17_grch38:ACGGGTCAGTGAAGTTx,MS,NAWM,MS122
MS122_NAWM__10X_17_grch38:ACGGGTCCAATGTTGCx,MS,NAWM,MS122
MS122_NAWM__10X_17_grch38:ACGTCAACACGCGAAAx,MS,NAWM,MS122
MS122_NAWM__10X_17_grch38:ACTGAACAGACAGAGAx,MS,NAWM,MS122
MS122_NAWM__10X_17_grch38:ACTGAGTCACGCATCGx,MS,NAWM,MS122
MS122_NAWM__10X_17_grch38:ACTGATGTCTGATTCTx,MS,NAWM,MS122
MS122_NAWM__10X_17_grch38:ACTGCTCGTCCGTCAGx,MS,NAWM,MS122
MS122_NAWM__10X_17_grch38:ACTGTCCAGACCTAGGx,MS,NAWM,MS122
MS122_NAWM__10X_17_grch38:ACTTTCATCGTCCGTTx,MS,NAWM,MS122
MS122_NAWM__10X_17_grch38:AGAGCGAAGCTCAACTx,MS,NAWM,MS122
MS122_NAWM__10X_17_grch38:AGAGCGAAGTGGCACAx,MS,NAWM,MS122
MS122_NAWM__10X_17_grch38:AGAGCGAGTCTAGAGGx,MS,NAWM,MS122
MS122_NAWM__10X_17_grch38:AGAGCTTAGCGTCTATx,MS,NAWM,MS122
MS122_NAWM__10X_17_grch38:AGCATACTCGGACAAGx,MS,NAWM,MS122
MS122_NAWM__10X_17_grch38:AGCCTAATCTATCGCCx,MS,NAWM,MS122
MS122_NAWM__10X_17_grch38:AGCTCCTGTAGAGTGCx,MS,NAWM,MS122
MS122_NAWM__10X_17_grch38:AGCTCTCCAGCATACTx,MS,NAWM,MS122
MS122_NAWM__10X_17_grch38:AGCTCTCGTCTAACGTx,MS,NAWM,MS122
MS122_NAWM__10X_17_grch38:AGCTCTCTCGCCATAAx,MS,NAWM,MS122
MS122_NAWM__10X_17_grch38:AGCTTGATCCTTAATCx,MS,NAWM,MS122
MS122_NAWM__10X_17_grch38:AGGGTGACAGATGGCAx,MS,NAWM,MS122
MS122_NAWM__10X_17_grch38:AGTAGTCGTCGTCTTCx,MS,NAWM,MS122
MS122_NAWM__10X_17_grch38:AGTGAGGCAGCTATTGx,MS,NAWM,MS122
MS122_NAWM__10X_17_grch38:AGTGTCATCCGAATGTx,MS,NAWM,MS122
MS122_NAWM__10X_17_grch38:AGTTGGTAGATATGCAx,MS,NAWM,MS122
MS122_NAWM__10X_17_grch38:ATAGACCTCTCAACTTx,MS,NAWM,MS122
MS122_NAWM__10X_17_grch38:ATCCACCAGATCGGGTx,MS,NAWM,MS122
MS122_NAWM__10X_17_grch38:ATCCGAACAAGCGTAGx,MS,NAWM,MS122
MS122_NAWM__10X_17_grch38:ATCCGAACAATAACGAx,MS,NAWM,MS122
MS122_NAWM__10X_17_grch38:ATCCGAACACTGAAGGx,MS,NAWM,MS122
MS122_NAWM__10X_17_grch38:ATCGAGTAGTTGTAGAx,MS,NAWM,MS122
MS122_NAWM__10X_17_grch38:ATCGAGTGTAGCGTAGx,MS,NAWM,MS122
MS122_NAWM__10X_17_grch38:ATCTACTAGAGCTGGTx,MS,NAWM,MS122
MS122_NAWM__10X_17_grch38:ATCTACTCAAAGCAATx,MS,NAWM,MS122
MS122_NAWM__10X_17_grch38:ATCTGCCCAGACAAGCx,MS,NAWM,MS122
MS122_NAWM__10X_17_grch38:ATCTGCCGTGAAATCAx,MS,NAWM,MS122
MS122_NAWM__10X_17_grch38:ATCTGCCTCTAACGGTx,MS,NAWM,MS122
MS122_NAWM__10X_17_grch38:ATGCGATAGGGTTCCCx,MS,NAWM,MS122
MS122_NAWM__10X_17_grch38:ATGTGTGAGATATACGx,MS,NAWM,MS122
MS122_NAWM__10X_17_grch38:ATTATCCTCCTGCAGGx,MS,NAWM,MS122
MS122_NAWM__10X_17_grch38:CAACCAACATAAAGGTx,MS,NAWM,MS122
MS122_NAWM__10X_17_grch38:CAAGAAAAGGCGACATx,MS,NAWM,MS122
MS122_NAWM__10X_17_grch38:CAAGAAAGTGGCGAATx,MS,NAWM,MS122
MS122_NAWM__10X_17_grch38:CAAGATCGTACTTCTTx,MS,NAWM,MS122
MS122_NAWM__10X_17_grch38:CAAGGCCAGTCGTACTx,MS,NAWM,MS122
MS122_NAWM__10X_17_grch38:CACAAACAGTGGCACAx,MS,NAWM,MS122
MS122_NAWM__10X_17_grch38:CACACAATCCGTTGTCx,MS,NAWM,MS122
MS122_NAWM__10X_17_grch38:CACACTCCACTGTCGGx,MS,NAWM,MS122
MS122_NAWM__10X_17_grch38:CACACTCTCGTCTGCTx,MS,NAWM,MS122
MS122_NAWM__10X_17_grch38:CACAGGCAGCGCCTCAx,MS,NAWM,MS122
MS122_NAWM__10X_17_grch38:CACCACTAGTTCGCGCx,MS,NAWM,MS122
MS122_NAWM__10X_17_grch38:CACCAGGAGCAGCGTAx,MS,NAWM,MS122
MS122_NAWM__10X_17_grch38:CACCAGGCATTTGCTTx,MS,NAWM,MS122
MS122_NAWM__10X_17_grch38:CACCTTGTCGTTACAGx,MS,NAWM,MS122
MS122_NAWM__10X_17_grch38:CACTCCACACGGCCATx,MS,NAWM,MS122
MS122_NAWM__10X_17_grch38:CACTCCAGTCTCACCTx,MS,NAWM,MS122
MS122_NAWM__10X_17_grch38:CAGCAGCTCCCGGATGx,MS,NAWM,MS122
MS122_NAWM__10X_17_grch38:CAGCCGACAACACCCGx,MS,NAWM,MS122
MS122_NAWM__10X_17_grch38:CAGCTAATCGCCAGCAx,MS,NAWM,MS122
MS122_NAWM__10X_17_grch38:CAGGTGCAGATGTGTAx,MS,NAWM,MS122
MS122_NAWM__10X_17_grch38:CAGTAACAGCACACAGx,MS,NAWM,MS122
MS122_NAWM__10X_17_grch38:CAGTCCTAGCTGAAATx,MS,NAWM,MS122
MS122_NAWM__10X_17_grch38:CAGTCCTGTGACGGTAx,MS,NAWM,MS122
MS122_NAWM__10X_17_grch38:CATCAAGAGACCCACCx,MS,NAWM,MS122
MS122_NAWM__10X_17_grch38:CATCAAGCACTATCTTx,MS,NAWM,MS122
MS122_NAWM__10X_17_grch38:CATCAGAAGTCATCCAx,MS,NAWM,MS122
MS122_NAWM__10X_17_grch38:CATCCACAGTGTTAGAx,MS,NAWM,MS122
MS122_NAWM__10X_17_grch38:CATCGAAGTACCCAATx,MS,NAWM,MS122
MS122_NAWM__10X_17_grch38:CATTATCCAATGGTCTx,MS,NAWM,MS122
MS122_NAWM__10X_17_grch38:CCACGGATCTCTGCTGx,MS,NAWM,MS122
MS122_NAWM__10X_17_grch38:CCACGGATCTTCGAGAx,MS,NAWM,MS122
MS122_NAWM__10X_17_grch38:CCACTACCAATGGACGx,MS,NAWM,MS122
MS122_NAWM__10X_17_grch38:CCACTACTCTAAGCCAx,MS,NAWM,MS122
MS122_NAWM__10X_17_grch38:CCAGCGATCGACAGCCx,MS,NAWM,MS122
MS122_NAWM__10X_17_grch38:CCATGTCAGAATTGTGx,MS,NAWM,MS122
MS122_NAWM__10X_17_grch38:CCATTCGAGGGAACGGx,MS,NAWM,MS122
MS122_NAWM__10X_17_grch38:CCATTCGCACGTGAGAx,MS,NAWM,MS122
MS122_NAWM__10X_17_grch38:CCATTCGCATCTGGTAx,MS,NAWM,MS122
MS122_NAWM__10X_17_grch38:CCCATACCACGCTTTCx,MS,NAWM,MS122
MS122_NAWM__10X_17_grch38:CCCTCCTCACCGAATTx,MS,NAWM,MS122
MS122_NAWM__10X_17_grch38:CCCTCCTGTGTTCTTTx,MS,NAWM,MS122
MS122_NAWM__10X_17_grch38:CCGGGATAGCCAACAGx,MS,NAWM,MS122
MS122_NAWM__10X_17_grch38:CCGGGATCATGCCACGx,MS,NAWM,MS122
MS122_NAWM__10X_17_grch38:CCGGGATTCGAGGTAGx,MS,NAWM,MS122
MS122_NAWM__10X_17_grch38:CCTAAAGTCCAGAGGAx,MS,NAWM,MS122
MS122_NAWM__10X_17_grch38:CCTAGCTGTGTCTGATx,MS,NAWM,MS122
MS122_NAWM__10X_17_grch38:CCTCTGACAGATCCATx,MS,NAWM,MS122
MS122_NAWM__10X_17_grch38:CCTTACGGTGAGTGACx,MS,NAWM,MS122
MS122_NAWM__10X_17_grch38:CCTTACGGTTATCACGx,MS,NAWM,MS122
MS122_NAWM__10X_17_grch38:CCTTACGTCGGTGTTAx,MS,NAWM,MS122
MS122_NAWM__10X_17_grch38:CCTTCGACAAAGCAATx,MS,NAWM,MS122
MS122_NAWM__10X_17_grch38:CCTTCGACATTACGACx,MS,NAWM,MS122
MS122_NAWM__10X_17_grch38:CGACCTTAGCTTCGCGx,MS,NAWM,MS122
MS122_NAWM__10X_17_grch38:CGACCTTAGTCGTACTx,MS,NAWM,MS122
MS122_NAWM__10X_17_grch38:CGAGAAGTCACATAGCx,MS,NAWM,MS122
MS122_NAWM__10X_17_grch38:CGATGGCTCGCATGGCx,MS,NAWM,MS122
MS122_NAWM__10X_17_grch38:CGCGTTTCACACATGTx,MS,NAWM,MS122
MS122_NAWM__10X_17_grch38:CGCTGGAAGAAGGACAx,MS,NAWM,MS122
MS122_NAWM__10X_17_grch38:CGGACGTAGAGACTTAx,MS,NAWM,MS122
MS122_NAWM__10X_17_grch38:CGGACTGAGACACTAAx,MS,NAWM,MS122
MS122_NAWM__10X_17_grch38:CGGACTGGTTCAGTACx,MS,NAWM,MS122
MS122_NAWM__10X_17_grch38:CGGTTAACACTTCTGCx,MS,NAWM,MS122
MS122_NAWM__10X_17_grch38:CGTAGGCCAAACGTGGx,MS,NAWM,MS122
MS122_NAWM__10X_17_grch38:CGTCACTGTACAGCAGx,MS,NAWM,MS122
MS122_NAWM__10X_17_grch38:CGTGAGCGTATAGGGCx,MS,NAWM,MS122
MS122_NAWM__10X_17_grch38:CGTGAGCTCCCGACTTx,MS,NAWM,MS122
MS122_NAWM__10X_17_grch38:CGTGTAAGTACTTGACx,MS,NAWM,MS122
MS122_NAWM__10X_17_grch38:CGTTAGACAGGGAGAGx,MS,NAWM,MS122
MS122_NAWM__10X_17_grch38:CGTTCTGAGAGCCTAGx,MS,NAWM,MS122
MS122_NAWM__10X_17_grch38:CTACACCCAATCTACGx,MS,NAWM,MS122
MS122_NAWM__10X_17_grch38:CTACACCCACATGACTx,MS,NAWM,MS122
MS122_NAWM__10X_17_grch38:CTACACCTCTAACCGAx,MS,NAWM,MS122
MS122_NAWM__10X_17_grch38:CTACATTTCCGAATGTx,MS,NAWM,MS122
MS122_NAWM__10X_17_grch38:CTACCCAGTCGGGTCTx,MS,NAWM,MS122
MS122_NAWM__10X_17_grch38:CTAGAGTGTCTGCAATx,MS,NAWM,MS122
MS122_NAWM__10X_17_grch38:CTAGTGACATCGGTTAx,MS,NAWM,MS122
MS122_NAWM__10X_17_grch38:CTCACACAGGAGCGTTx,MS,NAWM,MS122
MS122_NAWM__10X_17_grch38:CTCGGAGCAAGCTGGAx,MS,NAWM,MS122
MS122_NAWM__10X_17_grch38:CTCGGAGCAGTGGAGTx,MS,NAWM,MS122
MS122_NAWM__10X_17_grch38:CTCGTCAAGGGCTCTCx,MS,NAWM,MS122
MS122_NAWM__10X_17_grch38:CTCTAATGTTGGGACAx,MS,NAWM,MS122
MS122_NAWM__10X_17_grch38:CTCTACGCAAATACAGx,MS,NAWM,MS122
MS122_NAWM__10X_17_grch38:CTGAAACCAAATTGCCx,MS,NAWM,MS122
MS122_NAWM__10X_17_grch38:CTGATCCAGTCGATAAx,MS,NAWM,MS122
MS122_NAWM__10X_17_grch38:CTGATCCTCGACGGAAx,MS,NAWM,MS122
MS122_NAWM__10X_17_grch38:CTGCCTAAGTACGATAx,MS,NAWM,MS122
MS122_NAWM__10X_17_grch38:CTGCGGACACTCAGGCx,MS,NAWM,MS122
MS122_NAWM__10X_17_grch38:CTGCTGTCAAACCCATx,MS,NAWM,MS122
MS122_NAWM__10X_17_grch38:CTGGTCTCAGATGGGTx,MS,NAWM,MS122
MS122_NAWM__10X_17_grch38:CTGGTCTTCTCAACTTx,MS,NAWM,MS122
MS122_NAWM__10X_17_grch38:CTTAGGATCTCGCTTGx,MS,NAWM,MS122
MS122_NAWM__10X_17_grch38:GAAATGACAGGGTATGx,MS,NAWM,MS122
MS122_NAWM__10X_17_grch38:GAACATCAGGCGCTCTx,MS,NAWM,MS122
MS122_NAWM__10X_17_grch38:GAAGCAGTCGCCCTTAx,MS,NAWM,MS122
MS122_NAWM__10X_17_grch38:GAAGCAGTCTCCCTGAx,MS,NAWM,MS122
MS122_NAWM__10X_17_grch38:GACACGCCAAATTGCCx,MS,NAWM,MS122
MS122_NAWM__10X_17_grch38:GACAGAGGTTCGGGCTx,MS,NAWM,MS122
MS122_NAWM__10X_17_grch38:GACCAATCACGGTAGAx,MS,NAWM,MS122
MS122_NAWM__10X_17_grch38:GACCTGGAGAGACGAAx,MS,NAWM,MS122
MS122_NAWM__10X_17_grch38:GACGCGTTCCTCCTAGx,MS,NAWM,MS122
MS122_NAWM__10X_17_grch38:GACGGCTAGGTTACCTx,MS,NAWM,MS122
MS122_NAWM__10X_17_grch38:GACTAACCAGTTCATGx,MS,NAWM,MS122
MS122_NAWM__10X_17_grch38:GACTACAGTCACTGGCx,MS,NAWM,MS122
MS122_NAWM__10X_17_grch38:GACTACATCATCATTCx,MS,NAWM,MS122
MS122_NAWM__10X_17_grch38:GAGTCCGAGAGATGAGx,MS,NAWM,MS122
MS122_NAWM__10X_17_grch38:GAGTCCGCACAGCGTCx,MS,NAWM,MS122
MS122_NAWM__10X_17_grch38:GATCGATGTGTTTGGTx,MS,NAWM,MS122
MS122_NAWM__10X_17_grch38:GATCGCGAGCTAGTTCx,MS,NAWM,MS122
MS122_NAWM__10X_17_grch38:GCAATCACAAGTAATGx,MS,NAWM,MS122
MS122_NAWM__10X_17_grch38:GCACTCTGTTACCAGTx,MS,NAWM,MS122
MS122_NAWM__10X_17_grch38:GCAGCCAGTGCTTCTCx,MS,NAWM,MS122
MS122_NAWM__10X_17_grch38:GCAGCCATCACCATAGx,MS,NAWM,MS122
MS122_NAWM__10X_17_grch38:GCAGCCATCAGTCAGTx,MS,NAWM,MS122
MS122_NAWM__10X_17_grch38:GCAGTTACATTTGCCCx,MS,NAWM,MS122
MS122_NAWM__10X_17_grch38:GCAGTTAGTTCCACTCx,MS,NAWM,MS122
MS122_NAWM__10X_17_grch38:GCATGATAGTTATCGCx,MS,NAWM,MS122
MS122_NAWM__10X_17_grch38:GCATGCGCATTCACTTx,MS,NAWM,MS122
MS122_NAWM__10X_17_grch38:GCATGTATCCAGAAGGx,MS,NAWM,MS122
MS122_NAWM__10X_17_grch38:GCATGTATCCCGGATGx,MS,NAWM,MS122
MS122_NAWM__10X_17_grch38:GCCTCTAGTTTAGGAAx,MS,NAWM,MS122
MS122_NAWM__10X_17_grch38:GCGAGAATCTTCAACTx,MS,NAWM,MS122
MS122_NAWM__10X_17_grch38:GCGCGATAGAAAGTGGx,MS,NAWM,MS122
MS122_NAWM__10X_17_grch38:GCGCGATCACCATGTAx,MS,NAWM,MS122
MS122_NAWM__10X_17_grch38:GCGCGATTCCAACCAAx,MS,NAWM,MS122
MS122_NAWM__10X_17_grch38:GCTCCTAAGCGTAGTGx,MS,NAWM,MS122
MS122_NAWM__10X_17_grch38:GCTGCTTGTGCGAAACx,MS,NAWM,MS122
MS122_NAWM__10X_17_grch38:GCTGGGTTCGCCCTTAx,MS,NAWM,MS122
MS122_NAWM__10X_17_grch38:GCTTCCAAGCTAAGATx,MS,NAWM,MS122
MS122_NAWM__10X_17_grch38:GCTTCCAAGTACTTGCx,MS,NAWM,MS122
MS122_NAWM__10X_17_grch38:GCTTCCACATCCTTGCx,MS,NAWM,MS122
MS122_NAWM__10X_17_grch38:GGAACTTCATTATCTCx,MS,NAWM,MS122
MS122_NAWM__10X_17_grch38:GGACAGATCGTACCGGx,MS,NAWM,MS122
MS122_NAWM__10X_17_grch38:GGACATTGTTTGTTTCx,MS,NAWM,MS122
MS122_NAWM__10X_17_grch38:GGATGTTAGAGCTGCAx,MS,NAWM,MS122
MS122_NAWM__10X_17_grch38:GGATGTTTCGCTAGCGx,MS,NAWM,MS122
MS122_NAWM__10X_17_grch38:GGATTACTCACTTCATx,MS,NAWM,MS122
MS122_NAWM__10X_17_grch38:GGCTCGAAGTTGAGTAx,MS,NAWM,MS122
MS122_NAWM__10X_17_grch38:GGCTCGACAGTCTTCCx,MS,NAWM,MS122
MS122_NAWM__10X_17_grch38:GGCTGGTCAGACTCGCx,MS,NAWM,MS122
MS122_NAWM__10X_17_grch38:GGCTGGTGTCACACGCx,MS,NAWM,MS122
MS122_NAWM__10X_17_grch38:GGGACCTTCATGCAACx,MS,NAWM,MS122
MS122_NAWM__10X_17_grch38:GGGATGAAGGCATGGTx,MS,NAWM,MS122
MS122_NAWM__10X_17_grch38:GGGCACTAGGCAGTCAx,MS,NAWM,MS122
MS122_NAWM__10X_17_grch38:GGGTCTGAGCAGGCTAx,MS,NAWM,MS122
MS122_NAWM__10X_17_grch38:GGGTCTGGTGCAGTAGx,MS,NAWM,MS122
MS122_NAWM__10X_17_grch38:GGGTCTGGTTCCCGAGx,MS,NAWM,MS122
MS122_NAWM__10X_17_grch38:GGGTTGCAGCAGACTGx,MS,NAWM,MS122
MS122_NAWM__10X_17_grch38:GGGTTGCGTACAGTGGx,MS,NAWM,MS122
MS122_NAWM__10X_17_grch38:GGTGCGTAGCACCGCTx,MS,NAWM,MS122
MS122_NAWM__10X_17_grch38:GGTGCGTGTCTAGCCGx,MS,NAWM,MS122
MS122_NAWM__10X_17_grch38:GGTGTTACAGACTCGCx,MS,NAWM,MS122
MS122_NAWM__10X_17_grch38:GTACTCCAGGAGCGAGx,MS,NAWM,MS122
MS122_NAWM__10X_17_grch38:GTACTCCTCATAACCGx,MS,NAWM,MS122
MS122_NAWM__10X_17_grch38:GTACTTTCAGACAAGCx,MS,NAWM,MS122
MS122_NAWM__10X_17_grch38:GTAGGCCAGTCCTCCTx,MS,NAWM,MS122
MS122_NAWM__10X_17_grch38:GTAGTCACAAGTTAAGx,MS,NAWM,MS122
MS122_NAWM__10X_17_grch38:GTCATTTTCACGGTTAx,MS,NAWM,MS122
MS122_NAWM__10X_17_grch38:GTCCTCAGTGGCTCCAx,MS,NAWM,MS122
MS122_NAWM__10X_17_grch38:GTCGGGTAGTTTGCGTx,MS,NAWM,MS122
MS122_NAWM__10X_17_grch38:GTCGTAAGTCCGAGTCx,MS,NAWM,MS122
MS122_NAWM__10X_17_grch38:GTCGTAATCGAACTGTx,MS,NAWM,MS122
MS122_NAWM__10X_17_grch38:GTCTCGTGTTGAGTTCx,MS,NAWM,MS122
MS122_NAWM__10X_17_grch38:GTCTTCGGTCTGGTCGx,MS,NAWM,MS122
MS122_NAWM__10X_17_grch38:GTCTTCGTCGACGGAAx,MS,NAWM,MS122
MS122_NAWM__10X_17_grch38:GTGCAGCTCATCGGATx,MS,NAWM,MS122
MS122_NAWM__10X_17_grch38:GTGCAGCTCATGTAGCx,MS,NAWM,MS122
MS122_NAWM__10X_17_grch38:GTGCATACATTTGCTTx,MS,NAWM,MS122
MS122_NAWM__10X_17_grch38:GTGCGGTCACCTTGTCx,MS,NAWM,MS122
MS122_NAWM__10X_17_grch38:GTGCTTCGTCAGAGGTx,MS,NAWM,MS122
MS122_NAWM__10X_17_grch38:GTGTTAGCACATTAGCx,MS,NAWM,MS122
MS122_NAWM__10X_17_grch38:GTTCGGGGTGACAAATx,MS,NAWM,MS122
MS122_NAWM__10X_17_grch38:GTTCTCGGTATCTGCAx,MS,NAWM,MS122
MS122_NAWM__10X_17_grch38:GTTTCTAAGCACGCCTx,MS,NAWM,MS122
MS122_NAWM__10X_17_grch38:GTTTCTAGTGTGAAATx,MS,NAWM,MS122
MS122_NAWM__10X_17_grch38:TACAGTGCACGAGAGTx,MS,NAWM,MS122
MS122_NAWM__10X_17_grch38:TACAGTGTCTTAGAGCx,MS,NAWM,MS122
MS122_NAWM__10X_17_grch38:TACGGATCACAGTCGCx,MS,NAWM,MS122
MS122_NAWM__10X_17_grch38:TACGGTACATGCCCGAx,MS,NAWM,MS122
MS122_NAWM__10X_17_grch38:TACTTACCAAGAGGCTx,MS,NAWM,MS122
MS122_NAWM__10X_17_grch38:TAGACCACAGGACGTAx,MS,NAWM,MS122
MS122_NAWM__10X_17_grch38:TAGACCATCAACACTGx,MS,NAWM,MS122
MS122_NAWM__10X_17_grch38:TAGAGCTTCGGATGTTx,MS,NAWM,MS122
MS122_NAWM__10X_17_grch38:TAGCCGGTCAACACTGx,MS,NAWM,MS122
MS122_NAWM__10X_17_grch38:TAGTTGGGTACGAAATx,MS,NAWM,MS122
MS122_NAWM__10X_17_grch38:TATCAGGAGGCGTACAx,MS,NAWM,MS122
MS122_NAWM__10X_17_grch38:TATGCCCAGTTAACGAx,MS,NAWM,MS122
MS122_NAWM__10X_17_grch38:TATTACCGTCAACATCx,MS,NAWM,MS122
MS122_NAWM__10X_17_grch38:TATTACCGTGCTCTTCx,MS,NAWM,MS122
MS122_NAWM__10X_17_grch38:TCACAAGAGAAGGACAx,MS,NAWM,MS122
MS122_NAWM__10X_17_grch38:TCAGATGGTCGTCTTCx,MS,NAWM,MS122
MS122_NAWM__10X_17_grch38:TCAGCTCAGTTGAGTAx,MS,NAWM,MS122
MS122_NAWM__10X_17_grch38:TCAGGATCAATACGCTx,MS,NAWM,MS122
MS122_NAWM__10X_17_grch38:TCAGGATGTCTCCACTx,MS,NAWM,MS122
MS122_NAWM__10X_17_grch38:TCAGGTAGTTATGTGCx,MS,NAWM,MS122
MS122_NAWM__10X_17_grch38:TCATTACAGCCGTCGTx,MS,NAWM,MS122
MS122_NAWM__10X_17_grch38:TCATTACTCACCTTATx,MS,NAWM,MS122
MS122_NAWM__10X_17_grch38:TCATTACTCGTCCGTTx,MS,NAWM,MS122
MS122_NAWM__10X_17_grch38:TCCACACAGGCGATACx,MS,NAWM,MS122
MS122_NAWM__10X_17_grch38:TCCACACTCTCTTATGx,MS,NAWM,MS122
MS122_NAWM__10X_17_grch38:TCGAGGCAGAGTGACCx,MS,NAWM,MS122
MS122_NAWM__10X_17_grch38:TCGAGGCAGTGGGCTAx,MS,NAWM,MS122
MS122_NAWM__10X_17_grch38:TCGGGACCAAGGGTCAx,MS,NAWM,MS122
MS122_NAWM__10X_17_grch38:TCGGGACGTCATGCATx,MS,NAWM,MS122
MS122_NAWM__10X_17_grch38:TCGGTAATCGCATGGCx,MS,NAWM,MS122
MS122_NAWM__10X_17_grch38:TCGTACCCAAAGTGCGx,MS,NAWM,MS122
MS122_NAWM__10X_17_grch38:TCGTAGAAGCGTTTACx,MS,NAWM,MS122
MS122_NAWM__10X_17_grch38:TCTCATATCCAGTATGx,MS,NAWM,MS122
MS122_NAWM__10X_17_grch38:TCTCTAAAGAAGCCCAx,MS,NAWM,MS122
MS122_NAWM__10X_17_grch38:TCTTCGGAGTGTGAATx,MS,NAWM,MS122
MS122_NAWM__10X_17_grch38:TCTTCGGTCTCGCTTGx,MS,NAWM,MS122
MS122_NAWM__10X_17_grch38:TGAAAGACAATTCCTTx,MS,NAWM,MS122
MS122_NAWM__10X_17_grch38:TGAAAGATCTCCGGTTx,MS,NAWM,MS122
MS122_NAWM__10X_17_grch38:TGACGGCTCAACGCTAx,MS,NAWM,MS122
MS122_NAWM__10X_17_grch38:TGACTTTGTCCGACGTx,MS,NAWM,MS122
MS122_NAWM__10X_17_grch38:TGAGGGAAGACTAGATx,MS,NAWM,MS122
MS122_NAWM__10X_17_grch38:TGAGGGACAGGCGATAx,MS,NAWM,MS122
MS122_NAWM__10X_17_grch38:TGCACCTTCGTTGACAx,MS,NAWM,MS122
MS122_NAWM__10X_17_grch38:TGCCCTATCTTGAGGTx,MS,NAWM,MS122
MS122_NAWM__10X_17_grch38:TGCTACCAGCGATGACx,MS,NAWM,MS122
MS122_NAWM__10X_17_grch38:TGGCCAGCACTGAAGGx,MS,NAWM,MS122
MS122_NAWM__10X_17_grch38:TGGCTGGAGAAGGTGAx,MS,NAWM,MS122
MS122_NAWM__10X_17_grch38:TGGGAAGGTTACAGAAx,MS,NAWM,MS122
MS122_NAWM__10X_17_grch38:TGTCCCAGTGTCCTCTx,MS,NAWM,MS122
MS122_NAWM__10X_17_grch38:TGTGTTTTCTCCTATAx,MS,NAWM,MS122
MS122_NAWM__10X_17_grch38:TTAACTCAGCCATCGCx,MS,NAWM,MS122
MS122_NAWM__10X_17_grch38:TTAACTCGTTTACTCTx,MS,NAWM,MS122
MS122_NAWM__10X_17_grch38:TTAACTCTCGTTACAGx,MS,NAWM,MS122
MS122_NAWM__10X_17_grch38:TTAGTTCTCAACCAACx,MS,NAWM,MS122
MS122_NAWM__10X_17_grch38:TTCTACAAGCGTGAACx,MS,NAWM,MS122
MS122_NAWM__10X_17_grch38:TTCTACACATTATCTCx,MS,NAWM,MS122
MS122_NAWM__10X_17_grch38:TTGACTTCAAATTGCCx,MS,NAWM,MS122
MS122_NAWM__10X_17_grch38:TTGCCGTGTATAATGGx,MS,NAWM,MS122
MS122_NAWM__10X_17_grch38:TTGGCAATCAAGATCCx,MS,NAWM,MS122
MS122_NAWM__10X_17_grch38:TTTACTGAGTGCGTGAx,MS,NAWM,MS122
MS122_NAWM__10X_17_grch38:TTTATGCAGAGTCTGGx,MS,NAWM,MS122
MS122_NAWM__10X_17_grch38:TTTCCTCAGCAAATCAx,MS,NAWM,MS122
MS122_NAWM__10X_17_grch38:TTTGCGCTCGGCGCATx,MS,NAWM,MS122
MS122_NAWM__10X_17_grch38:TTTGCGCTCTGAGTGTx,MS,NAWM,MS122
MS122_CI__10X_17_grch38:AAAGATGGTGACAAATx,MS,CI,MS122
MS122_CI__10X_17_grch38:AAAGATGTCGCATGGCx,MS,CI,MS122
MS122_CI__10X_17_grch38:AAAGTAGCAAAGCAATx,MS,CI,MS122
MS122_CI__10X_17_grch38:AAATGCCTCGCTAGCGx,MS,CI,MS122
MS122_CI__10X_17_grch38:AAGGTTCCACATTAGCx,MS,CI,MS122
MS122_CI__10X_17_grch38:AATCCAGCATCTATGGx,MS,CI,MS122
MS122_CI__10X_17_grch38:ACATGGTGTCTCTCGTx,MS,CI,MS122
MS122_CI__10X_17_grch38:ACGCAGCGTCCGAGTCx,MS,CI,MS122
MS122_CI__10X_17_grch38:ACGCCAGGTCGACTATx,MS,CI,MS122
MS122_CI__10X_17_grch38:ACGGGCTTCAACCATGx,MS,CI,MS122
MS122_CI__10X_17_grch38:ACTGAGTCAGCTGCTGx,MS,CI,MS122
MS122_CI__10X_17_grch38:AGAGTGGGTTATCGGTx,MS,CI,MS122
MS122_CI__10X_17_grch38:AGAGTGGTCTTGTTTGx,MS,CI,MS122
MS122_CI__10X_17_grch38:AGCAGCCCATGCCTTCx,MS,CI,MS122
MS122_CI__10X_17_grch38:AGCCTAAGTGCTAGCCx,MS,CI,MS122
MS122_CI__10X_17_grch38:AGCGTCGGTATTACCGx,MS,CI,MS122
MS122_CI__10X_17_grch38:AGTGTCACAGTTTACGx,MS,CI,MS122
MS122_CI__10X_17_grch38:ATCACGAAGCCCAACCx,MS,CI,MS122
MS122_CI__10X_17_grch38:ATCCACCGTCCTCTTGx,MS,CI,MS122
MS122_CI__10X_17_grch38:CACACAAGTTAGAACAx,MS,CI,MS122
MS122_CI__10X_17_grch38:CACAGGCGTGCGGTAAx,MS,CI,MS122
MS122_CI__10X_17_grch38:CAGCTAAAGTGTGGCAx,MS,CI,MS122
MS122_CI__10X_17_grch38:CATCGAAGTGACCAAGx,MS,CI,MS122
MS122_CI__10X_17_grch38:CATGCCTAGAACTCGGx,MS,CI,MS122
MS122_CI__10X_17_grch38:CATTATCAGCGTAGTGx,MS,CI,MS122
MS122_CI__10X_17_grch38:CATTATCCAGACACTTx,MS,CI,MS122
MS122_CI__10X_17_grch38:CATTATCTCAAGATCCx,MS,CI,MS122
MS122_CI__10X_17_grch38:CATTCGCAGACTAAGTx,MS,CI,MS122
MS122_CI__10X_17_grch38:CCAATCCGTCAATACCx,MS,CI,MS122
MS122_CI__10X_17_grch38:CCATTCGAGATATGCAx,MS,CI,MS122
MS122_CI__10X_17_grch38:CCCATACAGCACGCCTx,MS,CI,MS122
MS122_CI__10X_17_grch38:CCCTCCTAGCGATTCTx,MS,CI,MS122
MS122_CI__10X_17_grch38:CCGTTCACACGAAACGx,MS,CI,MS122
MS122_CI__10X_17_grch38:CCTAAAGTCGTCGTTCx,MS,CI,MS122
MS122_CI__10X_17_grch38:CCTACCATCCCGGATGx,MS,CI,MS122
MS122_CI__10X_17_grch38:CGAATGTGTAGAAAGGx,MS,CI,MS122
MS122_CI__10X_17_grch38:CGCGTTTCAAGTCATCx,MS,CI,MS122
MS122_CI__10X_17_grch38:CGGAGTCGTTCCAACAx,MS,CI,MS122
MS122_CI__10X_17_grch38:CGTAGCGCAGTGACAGx,MS,CI,MS122
MS122_CI__10X_17_grch38:CTACCCATCTGATACGx,MS,CI,MS122
MS122_CI__10X_17_grch38:CTCGAAACAACACCTAx,MS,CI,MS122
MS122_CI__10X_17_grch38:CTGAAACCAAACAACAx,MS,CI,MS122
MS122_CI__10X_17_grch38:CTGAAGTTCTACCAGAx,MS,CI,MS122
MS122_CI__10X_17_grch38:CTGGTCTGTCGCCATGx,MS,CI,MS122
MS122_CI__10X_17_grch38:CTGTTTACACGTAAGGx,MS,CI,MS122
MS122_CI__10X_17_grch38:CTTGGCTGTATATGAGx,MS,CI,MS122
MS122_CI__10X_17_grch38:GACACGCGTCTCACCTx,MS,CI,MS122
MS122_CI__10X_17_grch38:GACTACATCAAACCGTx,MS,CI,MS122
MS122_CI__10X_17_grch38:GATCAGTCAAGCGTAGx,MS,CI,MS122
MS122_CI__10X_17_grch38:GATGAGGTCCAGAGGAx,MS,CI,MS122
MS122_CI__10X_17_grch38:GATGCTATCTTGAGGTx,MS,CI,MS122
MS122_CI__10X_17_grch38:GATTCAGGTCCGAATTx,MS,CI,MS122
MS122_CI__10X_17_grch38:GCAGCCATCCTTGCCAx,MS,CI,MS122
MS122_CI__10X_17_grch38:GCCTCTACAGTTCCCTx,MS,CI,MS122
MS122_CI__10X_17_grch38:GCGCCAAGTTGGGACAx,MS,CI,MS122
MS122_CI__10X_17_grch38:GCGCGATCACAGGAGTx,MS,CI,MS122
MS122_CI__10X_17_grch38:GCTCCTATCCTATTCAx,MS,CI,MS122
MS122_CI__10X_17_grch38:GCTGCGAGTCGAGTTTx,MS,CI,MS122
MS122_CI__10X_17_grch38:GCTTCCATCCGTCATCx,MS,CI,MS122
MS122_CI__10X_17_grch38:GGATTACTCAGCTGGCx,MS,CI,MS122
MS122_CI__10X_17_grch38:GGCAATTAGTGGCACAx,MS,CI,MS122
MS122_CI__10X_17_grch38:GTACTCCCATCAGTACx,MS,CI,MS122
MS122_CI__10X_17_grch38:GTAGGCCTCTAACCGAx,MS,CI,MS122
MS122_CI__10X_17_grch38:GTCACGGTCTGCAAGTx,MS,CI,MS122
MS122_CI__10X_17_grch38:GTCCTCAAGTCCATACx,MS,CI,MS122
MS122_CI__10X_17_grch38:GTTCATTCAGTTAACCx,MS,CI,MS122
MS122_CI__10X_17_grch38:GTTCGGGAGTCCGTATx,MS,CI,MS122
MS122_CI__10X_17_grch38:GTTCGGGGTCGACTGCx,MS,CI,MS122
MS122_CI__10X_17_grch38:TAAGCGTTCTTCCTTCx,MS,CI,MS122
MS122_CI__10X_17_grch38:TCAGATGAGCCTTGATx,MS,CI,MS122
MS122_CI__10X_17_grch38:TCCCGATCACGCATCGx,MS,CI,MS122
MS122_CI__10X_17_grch38:TCGAGGCGTGACTACTx,MS,CI,MS122
MS122_CI__10X_17_grch38:TCGTACCGTTCGGCACx,MS,CI,MS122
MS122_CI__10X_17_grch38:TCTCATAGTAAATACGx,MS,CI,MS122
MS122_CI__10X_17_grch38:TCTGAGAGTTACTGACx,MS,CI,MS122
MS122_CI__10X_17_grch38:TGAAAGATCACCGTAAx,MS,CI,MS122
MS122_CI__10X_17_grch38:TGACTTTTCACTCTTAx,MS,CI,MS122
MS122_CI__10X_17_grch38:TGAGAGGAGCACGCCTx,MS,CI,MS122
MS122_CI__10X_17_grch38:TGCCAAAAGCAGCCTCx,MS,CI,MS122
MS122_CI__10X_17_grch38:TGCCAAAAGGCTCTTAx,MS,CI,MS122
MS122_CI__10X_17_grch38:TGCCCATCAGTCAGCCx,MS,CI,MS122
MS122_CI__10X_17_grch38:TGGCTGGGTGTGGCTCx,MS,CI,MS122
MS122_CI__10X_17_grch38:TGTCCCATCGTGGTCGx,MS,CI,MS122
MS122_CI__10X_17_grch38:TTAGGACTCTGACCTCx,MS,CI,MS122
MS122_CI__10X_17_grch38:TTGCCGTCAGGACGTAx,MS,CI,MS122
MS122_CI__10X_17_grch38:TTGCCGTTCAGCTCGGx,MS,CI,MS122
MS122_CI__10X_17_grch38:TTGCGTCAGTCAAGGCx,MS,CI,MS122
MS122_A__10X_17_grch38:AAACGGGCAAAGGCGTx,MS,A,MS122
MS122_A__10X_17_grch38:AACGTTGCATTGGCGCx,MS,A,MS122
MS122_A__10X_17_grch38:AAGACCTGTTCGAATCx,MS,A,MS122
MS122_A__10X_17_grch38:AAGCCGCGTGACAAATx,MS,A,MS122
MS122_A__10X_17_grch38:AAGCCGCTCATTTGGGx,MS,A,MS122
MS122_A__10X_17_grch38:AAGCCGCTCCCTTGTGx,MS,A,MS122
MS122_A__10X_17_grch38:AATCCAGTCTGCGTAAx,MS,A,MS122
MS122_A__10X_17_grch38:ACACCGGAGAGCCCAAx,MS,A,MS122
MS122_A__10X_17_grch38:ACAGCCGAGGCTAGCAx,MS,A,MS122
MS122_A__10X_17_grch38:ACATCAGAGTGCTGCCx,MS,A,MS122
MS122_A__10X_17_grch38:ACCAGTACATGACATCx,MS,A,MS122
MS122_A__10X_17_grch38:ACCGTAAAGCGTTGCCx,MS,A,MS122
MS122_A__10X_17_grch38:ACGAGCCTCAAACAAGx,MS,A,MS122
MS122_A__10X_17_grch38:ACTGAGTGTCTCCATCx,MS,A,MS122
MS122_A__10X_17_grch38:AGACGTTCAATCAGAAx,MS,A,MS122
MS122_A__10X_17_grch38:AGACGTTTCTAACTTCx,MS,A,MS122
MS122_A__10X_17_grch38:AGCATACCAAGGTGTGx,MS,A,MS122
MS122_A__10X_17_grch38:AGCTCCTTCGCGATCGx,MS,A,MS122
MS122_A__10X_17_grch38:AGTAGTCAGATGTTAGx,MS,A,MS122
MS122_A__10X_17_grch38:AGTGTCAAGTCTCAACx,MS,A,MS122
MS122_A__10X_17_grch38:ATCTGCCGTAGCGATGx,MS,A,MS122
MS122_A__10X_17_grch38:ATGTGTGCAAACCCATx,MS,A,MS122
MS122_A__10X_17_grch38:CAACCTCCATGGTAGGx,MS,A,MS122
MS122_A__10X_17_grch38:CACACTCTCCAGTATGx,MS,A,MS122
MS122_A__10X_17_grch38:CACCAGGGTACAGTGGx,MS,A,MS122
MS122_A__10X_17_grch38:CAGCATACATAGACTCx,MS,A,MS122
MS122_A__10X_17_grch38:CATATGGCACAGGTTTx,MS,A,MS122
MS122_A__10X_17_grch38:CATATTCAGCCCAATTx,MS,A,MS122
MS122_A__10X_17_grch38:CATCAGACAATGTTGCx,MS,A,MS122
MS122_A__10X_17_grch38:CATCAGAGTGACTCATx,MS,A,MS122
MS122_A__10X_17_grch38:CATGGCGCAGCTTAACx,MS,A,MS122
MS122_A__10X_17_grch38:CATTATCAGTATTGGAx,MS,A,MS122
MS122_A__10X_17_grch38:CCACCTATCTTGTACTx,MS,A,MS122
MS122_A__10X_17_grch38:CCCATACGTGCGGTAAx,MS,A,MS122
MS122_A__10X_17_grch38:CCCATACTCCAAACTGx,MS,A,MS122
MS122_A__10X_17_grch38:CCCTCCTGTCTAGCGCx,MS,A,MS122
MS122_A__10X_17_grch38:CCTAAAGAGGACAGAAx,MS,A,MS122
MS122_A__10X_17_grch38:CCTATTATCTAACTGGx,MS,A,MS122
MS122_A__10X_17_grch38:CCTTACGAGACGACGTx,MS,A,MS122
MS122_A__10X_17_grch38:CGATCGGCAACGCACCx,MS,A,MS122
MS122_A__10X_17_grch38:CGATGGCAGTCCGTATx,MS,A,MS122
MS122_A__10X_17_grch38:CGCTATCTCAACACCAx,MS,A,MS122
MS122_A__10X_17_grch38:CGGACGTTCCCTTGTGx,MS,A,MS122
MS122_A__10X_17_grch38:CGGACGTTCTGTGCAAx,MS,A,MS122
MS122_A__10X_17_grch38:CGTCACTGTAAGTGTAx,MS,A,MS122
MS122_A__10X_17_grch38:CGTGTCTAGATGCCAGx,MS,A,MS122
MS122_A__10X_17_grch38:CGTTGGGAGAGAACAGx,MS,A,MS122
MS122_A__10X_17_grch38:CTAACTTTCCGGCACAx,MS,A,MS122
MS122_A__10X_17_grch38:CTAATGGGTGCAACGAx,MS,A,MS122
MS122_A__10X_17_grch38:CTACACCAGTGCGTGAx,MS,A,MS122
MS122_A__10X_17_grch38:CTGATCCAGACTAGATx,MS,A,MS122
MS122_A__10X_17_grch38:CTGCCTATCCGAATGTx,MS,A,MS122
MS122_A__10X_17_grch38:CTTACCGTCTTGTATCx,MS,A,MS122
MS122_A__10X_17_grch38:GAACGGAAGGCAGGTTx,MS,A,MS122
MS122_A__10X_17_grch38:GACCAATTCGGTCTAAx,MS,A,MS122
MS122_A__10X_17_grch38:GAGCAGACACAGACAGx,MS,A,MS122
MS122_A__10X_17_grch38:GATGAGGTCAGGTTCAx,MS,A,MS122
MS122_A__10X_17_grch38:GCACATACACGCCAGTx,MS,A,MS122
MS122_A__10X_17_grch38:GCGAGAACATGTAAGAx,MS,A,MS122
MS122_A__10X_17_grch38:GCGCAGTAGGCTACGAx,MS,A,MS122
MS122_A__10X_17_grch38:GCTTCCACACGAAATAx,MS,A,MS122
MS122_A__10X_17_grch38:GGAAAGCCATTTCACTx,MS,A,MS122
MS122_A__10X_17_grch38:GGATTACCAGGGTATGx,MS,A,MS122
MS122_A__10X_17_grch38:GGATTACTCTCGCATCx,MS,A,MS122
MS122_A__10X_17_grch38:GGCAATTAGTACACCTx,MS,A,MS122
MS122_A__10X_17_grch38:GGCGACTGTAGAAGGAx,MS,A,MS122
MS122_A__10X_17_grch38:GGCTGGTTCAACCAACx,MS,A,MS122
MS122_A__10X_17_grch38:GGGAGATTCCTTTCTCx,MS,A,MS122
MS122_A__10X_17_grch38:GGGCACTAGTACCGGAx,MS,A,MS122
MS122_A__10X_17_grch38:GGGCACTCAAGCTGGAx,MS,A,MS122
MS122_A__10X_17_grch38:GGTGAAGTCCGCGTTTx,MS,A,MS122
MS122_A__10X_17_grch38:GTGCAGCAGACTAAGTx,MS,A,MS122
MS122_A__10X_17_grch38:GTGCGGTTCACGACTAx,MS,A,MS122
MS122_A__10X_17_grch38:GTGCTTCTCCTCGCATx,MS,A,MS122
MS122_A__10X_17_grch38:GTTCGGGCACGGATAGx,MS,A,MS122
MS122_A__10X_17_grch38:TACGGTATCACCCTCAx,MS,A,MS122
MS122_A__10X_17_grch38:TAGCCGGTCGAATGGGx,MS,A,MS122
MS122_A__10X_17_grch38:TCCACACTCGCCTGTTx,MS,A,MS122
MS122_A__10X_17_grch38:TCGCGAGTCAGTGCATx,MS,A,MS122
MS122_A__10X_17_grch38:TCGTAGAGTATTCGTGx,MS,A,MS122
MS122_A__10X_17_grch38:TCTGAGATCCAGATCAx,MS,A,MS122
MS122_A__10X_17_grch38:TCTTCGGAGATGTCGGx,MS,A,MS122
MS122_A__10X_17_grch38:TGCTGCTCACTAGTACx,MS,A,MS122
MS122_A__10X_17_grch38:TGGCGCAAGCGCCTCAx,MS,A,MS122
MS122_A__10X_17_grch38:TGGTTCCAGGTCGGATx,MS,A,MS122
MS122_A__10X_17_grch38:TGTATTCTCAGAGACGx,MS,A,MS122
MS122_A__10X_17_grch38:TGTCCCATCGTTTGCCx,MS,A,MS122
MS122_A__10X_17_grch38:TGTTCCGGTCTCTTATx,MS,A,MS122
MS122_A__10X_17_grch38:TTCGGTCAGCTCCTCTx,MS,A,MS122
MS122_A__10X_17_grch38:TTGCGTCTCAGAGCTTx,MS,A,MS122
MS122_A__10X_17_grch38:TTTCCTCCAAGTAGTAx,MS,A,MS122
MS122_A__10X_17_grch38:TTTCCTCTCGGCTACGx,MS,A,MS122
MS121_NAWM__10X_17_grch38:AAACCTGGTACTCTCCx,MS,NAWM,MS121
MS121_NAWM__10X_17_grch38:AACTCTTAGTGGTAGCx,MS,NAWM,MS121
MS121_NAWM__10X_17_grch38:AAGGCAGTCACGATGTx,MS,NAWM,MS121
MS121_NAWM__10X_17_grch38:ACGATGTGTGTGCCTGx,MS,NAWM,MS121
MS121_NAWM__10X_17_grch38:ACTTGTTGTAGCGTCCx,MS,NAWM,MS121
MS121_NAWM__10X_17_grch38:AGTTGGTCACACCGACx,MS,NAWM,MS121
MS121_NAWM__10X_17_grch38:ATCTACTAGAATGTGTx,MS,NAWM,MS121
MS121_NAWM__10X_17_grch38:ATCTGCCAGACAGGCTx,MS,NAWM,MS121
MS121_NAWM__10X_17_grch38:CAAGAAATCTCTTGATx,MS,NAWM,MS121
MS121_NAWM__10X_17_grch38:CACATAGTCTAACTGGx,MS,NAWM,MS121
MS121_NAWM__10X_17_grch38:CAGAGAGAGTGCGTGAx,MS,NAWM,MS121
MS121_NAWM__10X_17_grch38:CAGCTGGTCCTTGGTCx,MS,NAWM,MS121
MS121_NAWM__10X_17_grch38:CATCAGAAGTTAGCGGx,MS,NAWM,MS121
MS121_NAWM__10X_17_grch38:CGCCAAGAGAATTCCCx,MS,NAWM,MS121
MS121_NAWM__10X_17_grch38:CGCTTCATCGTTACAGx,MS,NAWM,MS121
MS121_NAWM__10X_17_grch38:CGGACACAGAGGACGGx,MS,NAWM,MS121
MS121_NAWM__10X_17_grch38:CGGACTGTCTGATTCTx,MS,NAWM,MS121
MS121_NAWM__10X_17_grch38:CGGAGCTGTTACGCGCx,MS,NAWM,MS121
MS121_NAWM__10X_17_grch38:CGTGAGCCAATCTACGx,MS,NAWM,MS121
MS121_NAWM__10X_17_grch38:CTAATGGAGGTAGCCAx,MS,NAWM,MS121
MS121_NAWM__10X_17_grch38:CTAGTGAAGAGACTATx,MS,NAWM,MS121
MS121_NAWM__10X_17_grch38:CTCAGAAGTTCGTCTCx,MS,NAWM,MS121
MS121_NAWM__10X_17_grch38:CTCGAAAAGGTAAACTx,MS,NAWM,MS121
MS121_NAWM__10X_17_grch38:CTCGAGGTCCGAAGAGx,MS,NAWM,MS121
MS121_NAWM__10X_17_grch38:CTTAACTGTCATATGCx,MS,NAWM,MS121
MS121_NAWM__10X_17_grch38:GACTAACAGAACAATCx,MS,NAWM,MS121
MS121_NAWM__10X_17_grch38:GCGCCAATCCGTAGGCx,MS,NAWM,MS121
MS121_NAWM__10X_17_grch38:GGGATGACAGTTAACCx,MS,NAWM,MS121
MS121_NAWM__10X_17_grch38:GTATCTTAGGGAACGGx,MS,NAWM,MS121
MS121_NAWM__10X_17_grch38:TACGGTATCGCTTAGAx,MS,NAWM,MS121
MS121_NAWM__10X_17_grch38:TCACGAACACCAGGCTx,MS,NAWM,MS121
MS121_NAWM__10X_17_grch38:TCAGCAATCCGAATGTx,MS,NAWM,MS121
MS121_NAWM__10X_17_grch38:TCAGCTCAGTGTGGCAx,MS,NAWM,MS121
MS121_NAWM__10X_17_grch38:TCAGCTCGTCTAGCCGx,MS,NAWM,MS121
MS121_NAWM__10X_17_grch38:TCAGGATCACTTAACGx,MS,NAWM,MS121
MS121_NAWM__10X_17_grch38:TCTCATACATGCCCGAx,MS,NAWM,MS121
MS121_NAWM__10X_17_grch38:TGCGGGTAGGGCTCTCx,MS,NAWM,MS121
MS121_NAWM__10X_17_grch38:TGCTGCTAGGATTCGGx,MS,NAWM,MS121
MS121_NAWM__10X_17_grch38:TGGACGCAGTGTCTCAx,MS,NAWM,MS121
MS121_NAWM__10X_17_grch38:TGGGAAGTCTGGCGACx,MS,NAWM,MS121
MS121_NAWM__10X_17_grch38:TGTCCCAAGACTAGATx,MS,NAWM,MS121
MS121_NAWM__10X_17_grch38:TTAACTCTCGACGGAAx,MS,NAWM,MS121
MS121_NAWM__10X_17_grch38:TTAGGACCAAGCCATTx,MS,NAWM,MS121
MS121_A3__10X_17_grch38:ACTGAACTCCAGTATGx,MS,A,MS121
MS121_A3__10X_17_grch38:CGACCTTGTGACTCATx,MS,A,MS121
MS121_A3__10X_17_grch38:GCGGGTTCAGTGACAGx,MS,A,MS121
MS121_A2__10X_17_grch38:AACCGCGAGAAACCTAx,MS,A,MS121
MS121_A2__10X_17_grch38:AACTCTTGTGTGAAATx,MS,A,MS121
MS121_A2__10X_17_grch38:ACACCGGAGACTGTAAx,MS,A,MS121
MS121_A2__10X_17_grch38:AGAGCTTCAAGGACTGx,MS,A,MS121
MS121_A2__10X_17_grch38:AGCCTAACATATACCGx,MS,A,MS121
MS121_A2__10X_17_grch38:AGCTTGAAGGGATGGGx,MS,A,MS121
MS121_A2__10X_17_grch38:GACACGCGTACACCGCx,MS,A,MS121
MS121_A2__10X_17_grch38:GACGTTACATTGGCGCx,MS,A,MS121
MS121_A2__10X_17_grch38:GGGATGAGTGCACCACx,MS,A,MS121
MS121_A2__10X_17_grch38:TACTTGTGTGCGAAACx,MS,A,MS121
MS121_A2__10X_17_grch38:TCAGCTCCAGATCCATx,MS,A,MS121
MS121_A2__10X_17_grch38:TCGTAGATCGCAGGCTx,MS,A,MS121
MS121_CA__10X_17_grch38:ACACCGGCACCGAATTx,MS,CA,MS121
MS121_CA__10X_17_grch38:ACCCACTTCGAGCCCAx,MS,CA,MS121
MS121_CA__10X_17_grch38:AGCGTCGAGAGTACCGx,MS,CA,MS121
MS121_CA__10X_17_grch38:CAGCTAAAGCAAATCAx,MS,CA,MS121
MS121_CA__10X_17_grch38:CCTAAAGCAGATGGGTx,MS,CA,MS121
MS121_CA__10X_17_grch38:CGAGAAGAGGAGCGTTx,MS,CA,MS121
MS121_CA__10X_17_grch38:CTACATTCACTGCCAGx,MS,CA,MS121
MS121_CA__10X_17_grch38:GAAATGATCATACGGTx,MS,CA,MS121
MS121_CA__10X_17_grch38:GACGCGTAGTATCTCGx,MS,CA,MS121
MS121_CA__10X_17_grch38:GGGTTGCGTTCGTGATx,MS,CA,MS121
MS121_CA__10X_17_grch38:TACTTACTCAATACCGx,MS,CA,MS121
MS121_CA__10X_17_grch38:TCAACGATCCATGAACx,MS,CA,MS121
MS121_CA__10X_17_grch38:TGAGAGGCACGCGAAAx,MS,CA,MS121
MS121_CA__10X_17_grch38:TGTATTCTCTGGTATGx,MS,CA,MS121
MS121_CA__10X_17_grch38:TGTGGTAAGTGCAAGCx,MS,CA,MS121
MS121_CA__10X_17_grch38:TTTCCTCTCACGACTAx,MS,CA,MS121
CO28__10X_17_grch38:ATCCGAACAACGCACCx,normal,Ctrl,CO28
CO28__10X_17_grch38:GCTGGGTGTGGTGTAGx,normal,Ctrl,CO28
CO25__10X_17_grch38:GGGTTGCCAAACTGTCx,normal,Ctrl,CO25
CO25__10X_17_grch38:GTACTTTTCCGTCATCx,normal,Ctrl,CO25
CO25__10X_17_grch38:GTCACGGAGTAGGCCAx,normal,Ctrl,CO25
CO25__10X_17_grch38:TTGGCAATCTTTAGGGx,normal,Ctrl,CO25
MS176_NAWM__10X_17_grch38:AACTCTTAGGTGCAACx,MS,NAWM,MS176
MS176_NAWM__10X_17_grch38:ACAGCTAGTAAGCACGx,MS,NAWM,MS176
MS176_NAWM__10X_17_grch38:CATTATCGTGTCAATCx,MS,NAWM,MS176
MS176_NAWM__10X_17_grch38:CCCAATCGTTAAAGTGx,MS,NAWM,MS176
MS176_NAWM__10X_17_grch38:CCGGTAGCATCATCCCx,MS,NAWM,MS176
MS176_NAWM__10X_17_grch38:CGGACACCAGGGCATAx,MS,NAWM,MS176
MS176_NAWM__10X_17_grch38:CGGCTAGTCACAATGCx,MS,NAWM,MS176
MS176_NAWM__10X_17_grch38:GCAGTTACAAGAAAGGx,MS,NAWM,MS176
MS176_NAWM__10X_17_grch38:TCTGGAACAAACCTACx,MS,NAWM,MS176
MS176_NAWM__10X_17_grch38:TGTATTCAGGGAGTAAx,MS,NAWM,MS176
MS176_NAWM__10X_17_grch38:TTGCCGTCAATCTACGx,MS,NAWM,MS176
MS176_CI__10X_17_056_roche_grch38_4:AGGGAGTTCTTAGCCCx,MS,CI,MS176
CO39__10X_17_grch38:CGAGCACCAGCTCCGAx,normal,Ctrl,CO39
CO39__10X_17_grch38:CTTCTCTGTTAAGACAx,normal,Ctrl,CO39
CO39__10X_17_grch38:GTGTTAGTCAGCTGGCx,normal,Ctrl,CO39
CO39__10X_17_grch38:TTAGGCAAGTGAACATx,normal,Ctrl,CO39
CO14__10X_17_grch38:TACTCATTCACGCATAx,normal,Ctrl,CO14
MS122_NAWM__10X_17_grch38:ACCTTTATCGCGCCAAx,MS,NAWM,MS122
MS122_NAWM__10X_17_grch38:ACGGGCTAGCTAACTCx,MS,NAWM,MS122
MS122_NAWM__10X_17_grch38:ACTGATGTCAGAAATGx,MS,NAWM,MS122
MS122_NAWM__10X_17_grch38:AGATTGCAGCTGCGAAx,MS,NAWM,MS122
MS122_NAWM__10X_17_grch38:AGCGTATCAGCTGTGCx,MS,NAWM,MS122
MS122_NAWM__10X_17_grch38:AGCGTCGGTCGACTGCx,MS,NAWM,MS122
MS122_NAWM__10X_17_grch38:AGCTCCTAGGAGTACCx,MS,NAWM,MS122
MS122_NAWM__10X_17_grch38:CACACTCAGAGTCGGTx,MS,NAWM,MS122
MS122_NAWM__10X_17_grch38:CAGGTGCGTATCAGTCx,MS,NAWM,MS122
MS122_NAWM__10X_17_grch38:CATGACACACGCTTTCx,MS,NAWM,MS122
MS122_NAWM__10X_17_grch38:CCACCTAAGATGTTAGx,MS,NAWM,MS122
MS122_NAWM__10X_17_grch38:CCCAATCGTCATTAGCx,MS,NAWM,MS122
MS122_NAWM__10X_17_grch38:CCTATTACATCACGTAx,MS,NAWM,MS122
MS122_NAWM__10X_17_grch38:CCTTACGAGTACGACGx,MS,NAWM,MS122
MS122_NAWM__10X_17_grch38:CGACCTTAGCAGGCTAx,MS,NAWM,MS122
MS122_NAWM__10X_17_grch38:CGATCGGCAATGAAACx,MS,NAWM,MS122
MS122_NAWM__10X_17_grch38:CGTAGGCGTCTGGAGAx,MS,NAWM,MS122
MS122_NAWM__10X_17_grch38:CGTCACTAGGTACTCTx,MS,NAWM,MS122
MS122_NAWM__10X_17_grch38:CGTTCTGCATTCCTGCx,MS,NAWM,MS122
MS122_NAWM__10X_17_grch38:CTACACCTCTCGCATCx,MS,NAWM,MS122
MS122_NAWM__10X_17_grch38:CTCGGAGCATCCCACTx,MS,NAWM,MS122
MS122_NAWM__10X_17_grch38:CTCTACGCAGGGATTGx,MS,NAWM,MS122
MS122_NAWM__10X_17_grch38:CTGAAACGTAGCTAAAx,MS,NAWM,MS122
MS122_NAWM__10X_17_grch38:CTGATCCTCTTGCAAGx,MS,NAWM,MS122
MS122_NAWM__10X_17_grch38:CTTACCGAGACTTTCGx,MS,NAWM,MS122
MS122_NAWM__10X_17_grch38:GATCGCGTCTGTTGAGx,MS,NAWM,MS122
MS122_NAWM__10X_17_grch38:GATGAGGTCACAATGCx,MS,NAWM,MS122
MS122_NAWM__10X_17_grch38:GCAAACTAGTTAGGTAx,MS,NAWM,MS122
MS122_NAWM__10X_17_grch38:GCAAACTCAGACAAATx,MS,NAWM,MS122
MS122_NAWM__10X_17_grch38:GCATGTATCCAACCAAx,MS,NAWM,MS122
MS122_NAWM__10X_17_grch38:GCGCAGTGTCGATTGTx,MS,NAWM,MS122
MS122_NAWM__10X_17_grch38:GCTTCCAGTGATGATAx,MS,NAWM,MS122
MS122_NAWM__10X_17_grch38:GGAATAATCCAGTAGTx,MS,NAWM,MS122
MS122_NAWM__10X_17_grch38:GGACATTGTATAAACGx,MS,NAWM,MS122
MS122_NAWM__10X_17_grch38:GGCAATTAGAACTGTAx,MS,NAWM,MS122
MS122_NAWM__10X_17_grch38:GGGAATGAGTCCAGGAx,MS,NAWM,MS122
MS122_NAWM__10X_17_grch38:GGGTCTGTCCAGGGCTx,MS,NAWM,MS122
MS122_NAWM__10X_17_grch38:GTGCAGCTCGGTTCGGx,MS,NAWM,MS122
MS122_NAWM__10X_17_grch38:TACTTGTAGGCTCATTx,MS,NAWM,MS122
MS122_NAWM__10X_17_grch38:TCTCTAAAGAAGAAGCx,MS,NAWM,MS122
MS122_NAWM__10X_17_grch38:TGACTAGCACCAGCACx,MS,NAWM,MS122
MS122_NAWM__10X_17_grch38:TGAGAGGTCCACGCAGx,MS,NAWM,MS122
MS122_NAWM__10X_17_grch38:TGTTCCGTCCTTGCCAx,MS,NAWM,MS122
MS122_NAWM__10X_17_grch38:TTAGGACGTGCATCTAx,MS,NAWM,MS122
MS122_NAWM__10X_17_grch38:TTGAACGTCGGTCTAAx,MS,NAWM,MS122
MS122_NAWM__10X_17_grch38:TTGACTTTCGTTGCCTx,MS,NAWM,MS122
MS122_NAWM__10X_17_grch38:TTGGCAACACTTAACGx,MS,NAWM,MS122
MS122_CI__10X_17_grch38:AAGGAGCGTCTGCGGTx,MS,CI,MS122
MS122_CI__10X_17_grch38:ACGCCAGCAAACTGTCx,MS,CI,MS122
MS122_CI__10X_17_grch38:ACGCCGATCGGTCTAAx,MS,CI,MS122
MS122_CI__10X_17_grch38:ACTGAACCAATCCAACx,MS,CI,MS122
MS122_CI__10X_17_grch38:AGAGCGATCTTCGGTCx,MS,CI,MS122
MS122_CI__10X_17_grch38:ATCTACTAGTCTCAACx,MS,CI,MS122
MS122_CI__10X_17_grch38:CAGATCATCGTGGACCx,MS,CI,MS122
MS122_CI__10X_17_grch38:CAGCGACTCGCTAGCGx,MS,CI,MS122
MS122_CI__10X_17_grch38:CATTATCTCTCCAACCx,MS,CI,MS122
MS122_CI__10X_17_grch38:CCTACACAGATCACGGx,MS,CI,MS122
MS122_CI__10X_17_grch38:CGAGCCACAGGACGTAx,MS,CI,MS122
MS122_CI__10X_17_grch38:CGGACGTCAGGATCGAx,MS,CI,MS122
MS122_CI__10X_17_grch38:CTGTGCTAGTAGGCCAx,MS,CI,MS122
MS122_CI__10X_17_grch38:CTTTGCGCAACTTGACx,MS,CI,MS122
MS122_CI__10X_17_grch38:GACCTGGCAGACGCAAx,MS,CI,MS122
MS122_CI__10X_17_grch38:GACCTGGCATGCAACTx,MS,CI,MS122
MS122_CI__10X_17_grch38:GATCGATCAGTAAGATx,MS,CI,MS122
MS122_CI__10X_17_grch38:GCAGCCATCCAACCAAx,MS,CI,MS122
MS122_CI__10X_17_grch38:GCATACACAATTGCTGx,MS,CI,MS122
MS122_CI__10X_17_grch38:GGGTTGCAGTGGCACAx,MS,CI,MS122
MS122_CI__10X_17_grch38:TACTCGCCATCCGGGTx,MS,CI,MS122
MS122_CI__10X_17_grch38:TCGTAGATCTGTTTGTx,MS,CI,MS122
MS122_CI__10X_17_grch38:TGGACGCTCCATGAACx,MS,CI,MS122
MS122_CI__10X_17_grch38:TTGGCAAGTACTCGCGx,MS,CI,MS122
MS122_A__10X_17_grch38:AACTGGTAGTGCGATGx,MS,A,MS122
MS122_A__10X_17_grch38:AACTGGTCAGCTGTTAx,MS,A,MS122
MS122_A__10X_17_grch38:ACGTCAACAGGTTTCAx,MS,A,MS122
MS122_A__10X_17_grch38:CCACTACAGTCTCCTCx,MS,A,MS122
MS122_A__10X_17_grch38:CTAATGGGTTACAGAAx,MS,A,MS122
MS122_A__10X_17_grch38:CTCGTCAAGACTGTAAx,MS,A,MS122
MS122_A__10X_17_grch38:CTGGTCTGTTCCGTCTx,MS,A,MS122
MS122_A__10X_17_grch38:GATGCTACAGCTGCACx,MS,A,MS122
MS122_A__10X_17_grch38:GCGGGTTAGAATTCCCx,MS,A,MS122
MS122_A__10X_17_grch38:GCTTCCAAGAAGGTGAx,MS,A,MS122
MS122_A__10X_17_grch38:GGATTACTCTGTCTCGx,MS,A,MS122
MS122_A__10X_17_grch38:GTACTCCAGTTTCCTTx,MS,A,MS122
MS122_A__10X_17_grch38:GTACTTTCAGGGTACAx,MS,A,MS122
MS122_A__10X_17_grch38:TACTTGTAGCAGACTGx,MS,A,MS122
MS122_A__10X_17_grch38:TAGGCATAGGCTCAGAx,MS,A,MS122
MS122_A__10X_17_grch38:TCCCGATCAGTAAGCGx,MS,A,MS122
MS122_A__10X_17_grch38:TCGTAGACACGACGAAx,MS,A,MS122
MS121_NAWM__10X_17_grch38:ACATGGTGTACCCAATx,MS,NAWM,MS121
MS176_CI__10X_17_056_roche_grch38_4:AGCATACAGCCATCGCx,MS,CI,MS176
MS242_CA5__10X_17_grch38:TCAACGAAGAGGACGGx,MS,CA,MS242
SD48/16__10X_17_grch38:CGAGAAGGTTCGTCTCx,normal,Ctrl,SD48/16
MS122_NAWM__10X_17_grch38:AACTCTTCAGCTGCTGx,MS,NAWM,MS122
MS122_CI__10X_17_grch38:TCTTTCCGTACCGAGAx,MS,CI,MS122
MS121_CA__10X_17_grch38:CTTCTCTTCCGAATGTx,MS,CA,MS121
CO28__10X_17_grch38:GTCACGGTCCGCATAAx,normal,Ctrl,CO28
CO25__10X_17_grch38:AGTGAGGCAGTAGAGCx,normal,Ctrl,CO25
CO25__10X_17_grch38:CCATGTCCAGATGGGTx,normal,Ctrl,CO25
CO25__10X_17_grch38:GATCAGTAGGAATTACx,normal,Ctrl,CO25
CO25__10X_17_grch38:GATTCAGTCGAGCCCAx,normal,Ctrl,CO25
MS122_NAWM__10X_17_grch38:ACTATCTCATCGACGCx,MS,NAWM,MS122
CO28__10X_17_grch38:AAATGCCGTGAGTATAx,normal,Ctrl,CO28
CO28__10X_17_grch38:AACTCTTAGTGCGATGx,normal,Ctrl,CO28
CO28__10X_17_grch38:ACAGCTATCCACGTGGx,normal,Ctrl,CO28
CO28__10X_17_grch38:ACTGCTCGTAGCTCCGx,normal,Ctrl,CO28
CO28__10X_17_grch38:AGCAGCCTCGGAAATAx,normal,Ctrl,CO28
CO28__10X_17_grch38:AGGGAGTTCTGGGCCAx,normal,Ctrl,CO28
CO28__10X_17_grch38:CACACAATCCACGACGx,normal,Ctrl,CO28
CO28__10X_17_grch38:CAGTCCTGTTCGGGCTx,normal,Ctrl,CO28
CO28__10X_17_grch38:CGTCACTCAATAGCGGx,normal,Ctrl,CO28
CO28__10X_17_grch38:CTCGTCACACATTCGAx,normal,Ctrl,CO28
CO28__10X_17_grch38:CTCTAATTCAACACCAx,normal,Ctrl,CO28
CO28__10X_17_grch38:CTGCGGACAGCTCGACx,normal,Ctrl,CO28
CO28__10X_17_grch38:GAACCTAGTCCGTCAGx,normal,Ctrl,CO28
CO28__10X_17_grch38:GTCACAAGTCCAACTAx,normal,Ctrl,CO28
CO28__10X_17_grch38:GTCACAATCTCAAACGx,normal,Ctrl,CO28
CO28__10X_17_grch38:TACGGGCCAATCGAAAx,normal,Ctrl,CO28
CO28__10X_17_grch38:TCCACACTCTGATTCTx,normal,Ctrl,CO28
CO28__10X_17_grch38:TCTCATAGTGCCTGGTx,normal,Ctrl,CO28
CO28__10X_17_grch38:TTCCCAGAGTGGGATCx,normal,Ctrl,CO28
CO25__10X_17_grch38:AACTCAGGTATTAGCCx,normal,Ctrl,CO25
CO25__10X_17_grch38:AAGACCTAGATGTAACx,normal,Ctrl,CO25
CO25__10X_17_grch38:AAGACCTCACAACTGTx,normal,Ctrl,CO25
CO25__10X_17_grch38:AAGACCTCAGCGTCCAx,normal,Ctrl,CO25
CO25__10X_17_grch38:AAGGCAGAGCCATCGCx,normal,Ctrl,CO25
CO25__10X_17_grch38:AATCCAGTCAACCAACx,normal,Ctrl,CO25
CO25__10X_17_grch38:ACACCCTTCCCAACGGx,normal,Ctrl,CO25
CO25__10X_17_grch38:ACACTGAGTGCATCTAx,normal,Ctrl,CO25
CO25__10X_17_grch38:ACAGCTATCGGCGGTTx,normal,Ctrl,CO25
CO25__10X_17_grch38:ACATACGGTTACGCGCx,normal,Ctrl,CO25
CO25__10X_17_grch38:ACATCAGCAGTCAGAGx,normal,Ctrl,CO25
CO25__10X_17_grch38:ACCGTAAGTTAAGGGCx,normal,Ctrl,CO25
CO25__10X_17_grch38:ACGATGTCATCCTAGAx,normal,Ctrl,CO25
CO25__10X_17_grch38:ACGCCAGTCGTCGTTCx,normal,Ctrl,CO25
CO25__10X_17_grch38:ACGGGCTTCAGTGCATx,normal,Ctrl,CO25
CO25__10X_17_grch38:ACGGGTCTCAGCGATTx,normal,Ctrl,CO25
CO25__10X_17_grch38:ACTGAGTCATTAGGCTx,normal,Ctrl,CO25
CO25__10X_17_grch38:ACTGAGTTCTTGCCGTx,normal,Ctrl,CO25
CO25__10X_17_grch38:ACTGCTCCAGGTCGTCx,normal,Ctrl,CO25
CO25__10X_17_grch38:ACTTACTTCTACTTACx,normal,Ctrl,CO25
CO25__10X_17_grch38:ACTTGTTGTTTAGCTGx,normal,Ctrl,CO25
CO25__10X_17_grch38:AGAGCTTTCATCACCCx,normal,Ctrl,CO25
CO25__10X_17_grch38:AGAGTGGAGGAGTTGCx,normal,Ctrl,CO25
CO25__10X_17_grch38:AGATTGCCACACATGTx,normal,Ctrl,CO25
CO25__10X_17_grch38:AGCAGCCCAAGTCTACx,normal,Ctrl,CO25
CO25__10X_17_grch38:AGCGGTCGTTCAGGCCx,normal,Ctrl,CO25
CO25__10X_17_grch38:AGCGTATAGGGAACGGx,normal,Ctrl,CO25
CO25__10X_17_grch38:AGGCCGTGTTAAGAACx,normal,Ctrl,CO25
CO25__10X_17_grch38:AGTGTCAGTACTCAACx,normal,Ctrl,CO25
CO25__10X_17_grch38:ATAACGCCACATGTGTx,normal,Ctrl,CO25
CO25__10X_17_grch38:ATAAGAGGTGGAAAGAx,normal,Ctrl,CO25
CO25__10X_17_grch38:ATCATCTTCCAGATCAx,normal,Ctrl,CO25
CO25__10X_17_grch38:ATCCACCCACACGCTGx,normal,Ctrl,CO25
CO25__10X_17_grch38:ATCTACTCAGCCTTGGx,normal,Ctrl,CO25
CO25__10X_17_grch38:ATTACTCAGAGTACCGx,normal,Ctrl,CO25
CO25__10X_17_grch38:ATTCTACAGATCTGAAx,normal,Ctrl,CO25
CO25__10X_17_grch38:ATTCTACCAAGTAATGx,normal,Ctrl,CO25
CO25__10X_17_grch38:ATTCTACTCAGGCGAAx,normal,Ctrl,CO25
CO25__10X_17_grch38:ATTCTACTCTCAAACGx,normal,Ctrl,CO25
CO25__10X_17_grch38:ATTGGTGCATGCAACTx,normal,Ctrl,CO25
CO25__10X_17_grch38:ATTGGTGGTCTAAACCx,normal,Ctrl,CO25
CO25__10X_17_grch38:CAACTAGGTGCTCTTCx,normal,Ctrl,CO25
CO25__10X_17_grch38:CAAGAAAGTAAGAGGAx,normal,Ctrl,CO25
CO25__10X_17_grch38:CACCACTTCTTCCTTCx,normal,Ctrl,CO25
CO25__10X_17_grch38:CAGAATCAGTCAATAGx,normal,Ctrl,CO25
CO25__10X_17_grch38:CAGAGAGCAGACGCTCx,normal,Ctrl,CO25
CO25__10X_17_grch38:CAGAGAGGTGGTTTCAx,normal,Ctrl,CO25
CO25__10X_17_grch38:CAGATCAAGCGTGAGTx,normal,Ctrl,CO25
CO25__10X_17_grch38:CAGCATAGTAAAGGAGx,normal,Ctrl,CO25
CO25__10X_17_grch38:CAGCCGACATTCACTTx,normal,Ctrl,CO25
CO25__10X_17_grch38:CAGCCGAGTACCGAGAx,normal,Ctrl,CO25
CO25__10X_17_grch38:CAGCCGAGTGTTTGTGx,normal,Ctrl,CO25
CO25__10X_17_grch38:CAGCGACTCCCAACGGx,normal,Ctrl,CO25
CO25__10X_17_grch38:CAGCTAATCTTGTATCx,normal,Ctrl,CO25
CO25__10X_17_grch38:CAGTCCTTCCACTGGGx,normal,Ctrl,CO25
CO25__10X_17_grch38:CATATTCAGTGTCTCAx,normal,Ctrl,CO25
CO25__10X_17_grch38:CATCGGGCACGTGAGAx,normal,Ctrl,CO25
CO25__10X_17_grch38:CATGACAGTGACTACTx,normal,Ctrl,CO25
CO25__10X_17_grch38:CATGGCGTCTAACTCTx,normal,Ctrl,CO25
CO25__10X_17_grch38:CATTATCCAAGTACCTx,normal,Ctrl,CO25
CO25__10X_17_grch38:CATTCGCGTACTTCTTx,normal,Ctrl,CO25
CO25__10X_17_grch38:CCAATCCTCCTAGGGCx,normal,Ctrl,CO25
CO25__10X_17_grch38:CCACGGAGTATGGTTCx,normal,Ctrl,CO25
CO25__10X_17_grch38:CCGTACTCATGGTAGGx,normal,Ctrl,CO25
CO25__10X_17_grch38:CCTAGCTTCTTCAACTx,normal,Ctrl,CO25
CO25__10X_17_grch38:CCTCAGTGTAAGGGAAx,normal,Ctrl,CO25
CO25__10X_17_grch38:CGAATGTAGAATGTTGx,normal,Ctrl,CO25
CO25__10X_17_grch38:CGAATGTAGGGCTCTCx,normal,Ctrl,CO25
CO25__10X_17_grch38:CGATGTATCCGGCACAx,normal,Ctrl,CO25
CO25__10X_17_grch38:CGATTGAGTCAACATCx,normal,Ctrl,CO25
CO25__10X_17_grch38:CGGACACGTCTAAACCx,normal,Ctrl,CO25
CO25__10X_17_grch38:CGTAGGCGTCTCTTATx,normal,Ctrl,CO25
CO25__10X_17_grch38:CGTCACTCAAGCGTAGx,normal,Ctrl,CO25
CO25__10X_17_grch38:CGTCACTCACAGACTTx,normal,Ctrl,CO25
CO25__10X_17_grch38:CGTGTCTAGACTACAAx,normal,Ctrl,CO25
CO25__10X_17_grch38:CTAAGACGTAATAGCAx,normal,Ctrl,CO25
CO25__10X_17_grch38:CTCGGGATCGTTTAGGx,normal,Ctrl,CO25
CO25__10X_17_grch38:CTGAAACGTACAAGTAx,normal,Ctrl,CO25
CO25__10X_17_grch38:CTGAAGTTCATACGGTx,normal,Ctrl,CO25
CO25__10X_17_grch38:CTGGTCTAGGGCTTGAx,normal,Ctrl,CO25
CO25__10X_17_grch38:CTTTGCGGTGAAAGAGx,normal,Ctrl,CO25
CO25__10X_17_grch38:GAACATCAGCTGTCTAx,normal,Ctrl,CO25
CO25__10X_17_grch38:GAATGAAAGCTTTGGTx,normal,Ctrl,CO25
CO25__10X_17_grch38:GACAGAGTCAGCGACCx,normal,Ctrl,CO25
CO25__10X_17_grch38:GACTACAAGACTTGAAx,normal,Ctrl,CO25
CO25__10X_17_grch38:GATCAGTGTAGCGTCCx,normal,Ctrl,CO25
CO25__10X_17_grch38:GATCGCGCAAGGGTCAx,normal,Ctrl,CO25
CO25__10X_17_grch38:GATCGCGGTGTGCCTGx,normal,Ctrl,CO25
CO25__10X_17_grch38:GATCTAGGTCTTGTCCx,normal,Ctrl,CO25
CO25__10X_17_grch38:GATGAGGCAACACGCCx,normal,Ctrl,CO25
CO25__10X_17_grch38:GATTCAGAGACACGACx,normal,Ctrl,CO25
CO25__10X_17_grch38:GATTCAGGTATTCGTGx,normal,Ctrl,CO25
CO25__10X_17_grch38:GCAATCATCCTTCAATx,normal,Ctrl,CO25
CO25__10X_17_grch38:GCATGATAGCTCAACTx,normal,Ctrl,CO25
CO25__10X_17_grch38:GCATGATCAGCTCGACx,normal,Ctrl,CO25
CO25__10X_17_grch38:GCATGATCATCTCCCAx,normal,Ctrl,CO25
CO25__10X_17_grch38:GCCTCTAAGGAGTTGCx,normal,Ctrl,CO25
CO25__10X_17_grch38:GCGAGAATCTTGTTTGx,normal,Ctrl,CO25
CO25__10X_17_grch38:GCGCGATAGGCAGGTTx,normal,Ctrl,CO25
CO25__10X_17_grch38:GCGGGTTTCCAGAGGAx,normal,Ctrl,CO25
CO25__10X_17_grch38:GCTCCTAAGGAGTACCx,normal,Ctrl,CO25
CO25__10X_17_grch38:GCTGGGTGTTCGTCTCx,normal,Ctrl,CO25
CO25__10X_17_grch38:GCTGGGTTCCGAGCCAx,normal,Ctrl,CO25
CO25__10X_17_grch38:GGACATTCACGAAATAx,normal,Ctrl,CO25
CO25__10X_17_grch38:GGCGTGTCATGCAATCx,normal,Ctrl,CO25
CO25__10X_17_grch38:GGCTGGTAGTTCGCGCx,normal,Ctrl,CO25
CO25__10X_17_grch38:GGGCACTTCGGAATCTx,normal,Ctrl,CO25
CO25__10X_17_grch38:GGGCATCTCGCACTCTx,normal,Ctrl,CO25
CO25__10X_17_grch38:GTAACTGTCTTACCGCx,normal,Ctrl,CO25
CO25__10X_17_grch38:GTACGTAGTACCGTATx,normal,Ctrl,CO25
CO25__10X_17_grch38:GTACTTTGTTGCGTTAx,normal,Ctrl,CO25
CO25__10X_17_grch38:GTACTTTTCTAACGGTx,normal,Ctrl,CO25
CO25__10X_17_grch38:GTAGGCCGTCTGCCAGx,normal,Ctrl,CO25
CO25__10X_17_grch38:GTAGTCAGTAGGACACx,normal,Ctrl,CO25
CO25__10X_17_grch38:GTCGGGTCAGGGTATGx,normal,Ctrl,CO25
CO25__10X_17_grch38:GTGAAGGCATGAGCGAx,normal,Ctrl,CO25
CO25__10X_17_grch38:GTGCAGCCAATAGCAAx,normal,Ctrl,CO25
CO25__10X_17_grch38:GTGCTTCTCTCGAGTAx,normal,Ctrl,CO25
CO25__10X_17_grch38:GTTAAGCTCAGGCGAAx,normal,Ctrl,CO25
CO25__10X_17_grch38:GTTCATTCAAGCTGTTx,normal,Ctrl,CO25
CO25__10X_17_grch38:GTTCATTGTTCTCATTx,normal,Ctrl,CO25
CO25__10X_17_grch38:GTTCGGGTCCGGCACAx,normal,Ctrl,CO25
CO25__10X_17_grch38:GTTTCTAGTTGATTCGx,normal,Ctrl,CO25
CO25__10X_17_grch38:TAAACCGAGGCTCAGAx,normal,Ctrl,CO25
CO25__10X_17_grch38:TAAGTGCAGGCTAGCAx,normal,Ctrl,CO25
CO25__10X_17_grch38:TAAGTGCCATCACGTAx,normal,Ctrl,CO25
CO25__10X_17_grch38:TACACGAGTCCAGTATx,normal,Ctrl,CO25
CO25__10X_17_grch38:TACAGTGAGGGTATCGx,normal,Ctrl,CO25
CO25__10X_17_grch38:TACGGATTCAAGAAGTx,normal,Ctrl,CO25
CO25__10X_17_grch38:TACTTACCAAGCTGGAx,normal,Ctrl,CO25
CO25__10X_17_grch38:TAGCCGGCATCGATTGx,normal,Ctrl,CO25
CO25__10X_17_grch38:TAGGCATGTCCGTGACx,normal,Ctrl,CO25
CO25__10X_17_grch38:TAGGCATGTGAACCTTx,normal,Ctrl,CO25
CO25__10X_17_grch38:TAGTTGGTCATTGCGAx,normal,Ctrl,CO25
CO25__10X_17_grch38:TCAGGATAGGAATTACx,normal,Ctrl,CO25
CO25__10X_17_grch38:TCAGGTACACATCCGGx,normal,Ctrl,CO25
CO25__10X_17_grch38:TCATTTGAGAGAGCTCx,normal,Ctrl,CO25
CO25__10X_17_grch38:TCCACACCATCACCCTx,normal,Ctrl,CO25
CO25__10X_17_grch38:TCGGGACGTAAATGTGx,normal,Ctrl,CO25
CO25__10X_17_grch38:TCGTAGATCGGTTCGGx,normal,Ctrl,CO25
CO25__10X_17_grch38:TCTTCGGTCCGCGGTAx,normal,Ctrl,CO25
CO25__10X_17_grch38:TGACGGCAGTCCGGTCx,normal,Ctrl,CO25
CO25__10X_17_grch38:TGACTAGCATCCTAGAx,normal,Ctrl,CO25
CO25__10X_17_grch38:TGAGAGGGTGGAAAGAx,normal,Ctrl,CO25
CO25__10X_17_grch38:TGCCAAAGTTCGGGCTx,normal,Ctrl,CO25
CO25__10X_17_grch38:TGCCAAAGTTGAGTTCx,normal,Ctrl,CO25
CO25__10X_17_grch38:TGCGCAGGTCAGTGGAx,normal,Ctrl,CO25
CO25__10X_17_grch38:TGCGGGTAGACATAACx,normal,Ctrl,CO25
CO25__10X_17_grch38:TGCGTGGCAGACTCGCx,normal,Ctrl,CO25
CO25__10X_17_grch38:TGCTGCTGTTATGTGCx,normal,Ctrl,CO25
CO25__10X_17_grch38:TGGACGCAGTTCGCGCx,normal,Ctrl,CO25
CO25__10X_17_grch38:TGGTTCCGTTCAGGCCx,normal,Ctrl,CO25
CO25__10X_17_grch38:TGTGGTAAGGTGCACAx,normal,Ctrl,CO25
CO25__10X_17_grch38:TGTGGTACATTAACCGx,normal,Ctrl,CO25
CO25__10X_17_grch38:TTCGAAGAGCTGTCTAx,normal,Ctrl,CO25
CO25__10X_17_grch38:TTCGAAGAGTATGACAx,normal,Ctrl,CO25
CO25__10X_17_grch38:TTCGAAGTCGAATCCAx,normal,Ctrl,CO25
CO25__10X_17_grch38:TTCTACAGTTGACGTTx,normal,Ctrl,CO25
CO25__10X_17_grch38:TTCTCCTAGTTCCACAx,normal,Ctrl,CO25
CO25__10X_17_grch38:TTGCGTCTCTGCCAGGx,normal,Ctrl,CO25
CO25__10X_17_grch38:TTGGAACGTCCAACTAx,normal,Ctrl,CO25
CO25__10X_17_grch38:TTTACTGGTCTTCTCGx,normal,Ctrl,CO25
CO25__10X_17_grch38:TTTATGCCACCTATCCx,normal,Ctrl,CO25
CO25__10X_17_grch38:TTTCCTCGTAACGACGx,normal,Ctrl,CO25
CO25__10X_17_grch38:TTTGGTTGTACCATCAx,normal,Ctrl,CO25
CO25__10X_17_grch38:TTTGTCATCTTGCATTx,normal,Ctrl,CO25
MS176_NAWM__10X_17_grch38:AAAGTAGAGATCCCGCx,MS,NAWM,MS176
MS176_NAWM__10X_17_grch38:AAAGTAGTCCGGGTGTx,MS,NAWM,MS176
MS176_NAWM__10X_17_grch38:AACCATGCAATCTACGx,MS,NAWM,MS176
MS176_NAWM__10X_17_grch38:AACCGCGGTGACAAATx,MS,NAWM,MS176
MS176_NAWM__10X_17_grch38:ACACTGAGTCTTCAAGx,MS,NAWM,MS176
MS176_NAWM__10X_17_grch38:ACGATACTCCCATTTAx,MS,NAWM,MS176
MS176_NAWM__10X_17_grch38:ACGCAGCTCCCAACGGx,MS,NAWM,MS176
MS176_NAWM__10X_17_grch38:ACTGAACTCGCGTAGCx,MS,NAWM,MS176
MS176_NAWM__10X_17_grch38:ACTTGTTTCGGAGGTAx,MS,NAWM,MS176
MS176_NAWM__10X_17_grch38:AGCAGCCAGTTGCAGGx,MS,NAWM,MS176
MS176_NAWM__10X_17_grch38:AGCATACTCAACTCTTx,MS,NAWM,MS176
MS176_NAWM__10X_17_grch38:ATGAGGGTCGGTGTTAx,MS,NAWM,MS176
MS176_NAWM__10X_17_grch38:ATGCGATAGATATGCAx,MS,NAWM,MS176
MS176_NAWM__10X_17_grch38:CAAGTTGTCGTGGACCx,MS,NAWM,MS176
MS176_NAWM__10X_17_grch38:CAGGTGCGTCTCGTTCx,MS,NAWM,MS176
MS176_NAWM__10X_17_grch38:CATCGGGGTAGGAGTCx,MS,NAWM,MS176
MS176_NAWM__10X_17_grch38:CCACTACCATCTCCCAx,MS,NAWM,MS176
MS176_NAWM__10X_17_grch38:CCAGCGATCCTCTAGCx,MS,NAWM,MS176
MS176_NAWM__10X_17_grch38:CCCAGTTTCCCTCTTTx,MS,NAWM,MS176
MS176_NAWM__10X_17_grch38:CGAGCACTCCTGCAGGx,MS,NAWM,MS176
MS176_NAWM__10X_17_grch38:CGTTCTGCACTAGTACx,MS,NAWM,MS176
MS176_NAWM__10X_17_grch38:CGTTGGGAGAATTGTGx,MS,NAWM,MS176
MS176_NAWM__10X_17_grch38:CTAAGACAGTAGCCGAx,MS,NAWM,MS176
MS176_NAWM__10X_17_grch38:CTAGCCTAGAGGTTGCx,MS,NAWM,MS176
MS176_NAWM__10X_17_grch38:CTCATTAAGCCTCGTGx,MS,NAWM,MS176
MS176_NAWM__10X_17_grch38:CTCGAGGTCGTACCGGx,MS,NAWM,MS176
MS176_NAWM__10X_17_grch38:CTCGTCAAGGATGCGTx,MS,NAWM,MS176
MS176_NAWM__10X_17_grch38:CTCTACGGTCGAGTTTx,MS,NAWM,MS176
MS176_NAWM__10X_17_grch38:GGCCGATAGAGGGATAx,MS,NAWM,MS176
MS176_NAWM__10X_17_grch38:GGGATGAGTTCCACAAx,MS,NAWM,MS176
MS176_NAWM__10X_17_grch38:GGGCATCGTTGTTTGGx,MS,NAWM,MS176
MS176_NAWM__10X_17_grch38:GGTGCGTAGACGCAACx,MS,NAWM,MS176
MS176_NAWM__10X_17_grch38:GTACGTACAAATACAGx,MS,NAWM,MS176
MS176_NAWM__10X_17_grch38:GTACTTTGTCTAGCCGx,MS,NAWM,MS176
MS176_NAWM__10X_17_grch38:GTAGGCCTCTTTAGTCx,MS,NAWM,MS176
MS176_NAWM__10X_17_grch38:GTCGTAATCCCTCTTTx,MS,NAWM,MS176
MS176_NAWM__10X_17_grch38:GTCTCGTAGCACGCCTx,MS,NAWM,MS176
MS176_NAWM__10X_17_grch38:GTGCTTCCACGACTCGx,MS,NAWM,MS176
MS176_NAWM__10X_17_grch38:GTGGGTCGTCTTCAAGx,MS,NAWM,MS176
MS176_NAWM__10X_17_grch38:TACACGACATGGTTGTx,MS,NAWM,MS176
MS176_NAWM__10X_17_grch38:TATCAGGGTCAGTGGAx,MS,NAWM,MS176
MS176_NAWM__10X_17_grch38:TCACAAGAGCCCAACCx,MS,NAWM,MS176
MS176_NAWM__10X_17_grch38:TCAGATGGTCGCGAAAx,MS,NAWM,MS176
MS176_NAWM__10X_17_grch38:TCCACACTCCCATTTAx,MS,NAWM,MS176
MS176_NAWM__10X_17_grch38:TCGGTAACAGATCCATx,MS,NAWM,MS176
MS176_NAWM__10X_17_grch38:TGCGCAGGTTGCTCCTx,MS,NAWM,MS176
MS176_NAWM__10X_17_grch38:TGGGAAGAGGTAAACTx,MS,NAWM,MS176
MS176_NAWM__10X_17_grch38:TGGGAAGCACCAGGCTx,MS,NAWM,MS176
MS176_NAWM__10X_17_grch38:TGTTCCGGTACCCAATx,MS,NAWM,MS176
MS176_RM__10X_17_grch38:CTACGTCAGACGACGTx,MS,RM,MS176
MS176_RM__10X_17_grch38:CTGCCTAAGAATCTCCx,MS,RM,MS176
MS176_RM__10X_17_grch38:GCTTCCACACCGAAAGx,MS,RM,MS176
MS176_RM__10X_17_grch38:TAGTGGTCACTTAACGx,MS,RM,MS176
MS176_CI__10X_17_056_roche_grch38_4:ACACCAAAGACCGGATx,MS,CI,MS176
MS176_CI__10X_17_056_roche_grch38_4:ACATCAGTCACATACGx,MS,CI,MS176
MS176_CI__10X_17_056_roche_grch38_4:CCACTACAGAATGTGTx,MS,CI,MS176
MS176_CI__10X_17_056_roche_grch38_4:CTCTACGTCTTGCCGTx,MS,CI,MS176
MS176_CI__10X_17_056_roche_grch38_4:GGATTACAGCCACTATx,MS,CI,MS176
MS176_CA__10X_17_grch38:ACGATACCAAATTGCCx,MS,CA,MS176
MS176_CA__10X_17_grch38:AGAGTGGGTAACGTTCx,MS,CA,MS176
MS176_CA__10X_17_grch38:AGTGGGACAGCCTTTCx,MS,CA,MS176
MS176_CA__10X_17_grch38:CAACCAACACAGACTTx,MS,CA,MS176
MS176_CA__10X_17_grch38:CAACTAGAGCTGCAAGx,MS,CA,MS176
MS176_CA__10X_17_grch38:CAGCATATCAATCACGx,MS,CA,MS176
MS176_CA__10X_17_grch38:CAGCATATCTGTCTATx,MS,CA,MS176
MS176_CA__10X_17_grch38:CAGCGACGTCGAACAGx,MS,CA,MS176
MS176_CA__10X_17_grch38:CCACTACTCGCATGATx,MS,CA,MS176
MS176_CA__10X_17_grch38:CCTTCGAGTGTGCGTCx,MS,CA,MS176
MS176_CA__10X_17_grch38:CGAGCACTCTCAACTTx,MS,CA,MS176
MS176_CA__10X_17_grch38:CGATGTAAGCGATCCCx,MS,CA,MS176
MS176_CA__10X_17_grch38:CGGACACAGCAGCCTCx,MS,CA,MS176
MS176_CA__10X_17_grch38:CGTTGGGTCAGGCCCAx,MS,CA,MS176
MS176_CA__10X_17_grch38:GAAGCAGGTTCACCTCx,MS,CA,MS176
MS176_CA__10X_17_grch38:GATGAAAAGAATAGGGx,MS,CA,MS176
MS176_CA__10X_17_grch38:GGAAAGCAGATGCGACx,MS,CA,MS176
MS176_CA__10X_17_grch38:GTCGTAATCGGTTAACx,MS,CA,MS176
MS176_CA__10X_17_grch38:TCGGGACCAGACGTAGx,MS,CA,MS176
MS176_CA__10X_17_grch38:TTAGGCAGTGAACCTTx,MS,CA,MS176
CO39__10X_17_grch38:AAGGAGCGTCCGACGTx,normal,Ctrl,CO39
CO39__10X_17_grch38:ACAGCTATCATCGGATx,normal,Ctrl,CO39
CO39__10X_17_grch38:AGCTCCTCAATGAAACx,normal,Ctrl,CO39
CO39__10X_17_grch38:AGCTCCTCACGTCTCTx,normal,Ctrl,CO39
CO39__10X_17_grch38:ATCGAGTTCCTACAGAx,normal,Ctrl,CO39
CO39__10X_17_grch38:ATTTCTGTCCTCAACCx,normal,Ctrl,CO39
CO39__10X_17_grch38:CAGAATCGTCTTGCGGx,normal,Ctrl,CO39
CO39__10X_17_grch38:CATCAGACAGCTGTTAx,normal,Ctrl,CO39
CO39__10X_17_grch38:CCTCAGTGTACAGTTCx,normal,Ctrl,CO39
CO39__10X_17_grch38:CCTCTGAGTTGCCTCTx,normal,Ctrl,CO39
CO39__10X_17_grch38:CGCGGTATCTAAGCCAx,normal,Ctrl,CO39
CO39__10X_17_grch38:CTCATTATCGACAGCCx,normal,Ctrl,CO39
CO39__10X_17_grch38:CTGCCTAGTGTGACGAx,normal,Ctrl,CO39
CO39__10X_17_grch38:GACACGCTCTACTCATx,normal,Ctrl,CO39
CO39__10X_17_grch38:GGACATTGTAGGAGTCx,normal,Ctrl,CO39
CO39__10X_17_grch38:GGTATTGAGGGTTCCCx,normal,Ctrl,CO39
CO39__10X_17_grch38:GTCACGGCAGTATCTGx,normal,Ctrl,CO39
CO39__10X_17_grch38:GTGCGGTTCAAGATCCx,normal,Ctrl,CO39
CO39__10X_17_grch38:TACGGGCCATCAGTCAx,normal,Ctrl,CO39
CO39__10X_17_grch38:TCTGGAATCGTTACGAx,normal,Ctrl,CO39
CO14__10X_17_grch38:AGATCTGGTTCTGAACx,normal,Ctrl,CO14
CO14__10X_17_grch38:CATGCCTCATGAACCTx,normal,Ctrl,CO14
CO14__10X_17_grch38:CCAATCCGTTACCGATx,normal,Ctrl,CO14
CO14__10X_17_grch38:CGAGAAGCAGGAATGCx,normal,Ctrl,CO14
CO14__10X_17_grch38:CGGCTAGGTCTCACCTx,normal,Ctrl,CO14
CO14__10X_17_grch38:CTACCCAAGCTAACAAx,normal,Ctrl,CO14
CO14__10X_17_grch38:CTTACCGAGTACGCGAx,normal,Ctrl,CO14
CO14__10X_17_grch38:GAAACTCAGGCCCTCAx,normal,Ctrl,CO14
CO14__10X_17_grch38:GAAGCAGGTGTGACGAx,normal,Ctrl,CO14
CO14__10X_17_grch38:GACACGCGTACCATCAx,normal,Ctrl,CO14
CO14__10X_17_grch38:GATCGCGTCTGGTGTAx,normal,Ctrl,CO14
CO14__10X_17_grch38:GCTGCTTCAGTACACTx,normal,Ctrl,CO14
CO14__10X_17_grch38:GCTGGGTGTGCACCACx,normal,Ctrl,CO14
CO14__10X_17_grch38:TACCTTACATTAGCCAx,normal,Ctrl,CO14
CO14__10X_17_grch38:TACTTGTCAGCGTAAGx,normal,Ctrl,CO14
MS242_CA5__10X_17_grch38:GTTACAGCACATCTTTx,MS,CA,MS242
MS242_CA2__10X_17_grch38:AAGGTTCTCCTGTAGAx,MS,CA,MS242
MS242_CA2__10X_17_grch38:ACGGCCAGTCCCTACTx,MS,CA,MS242
MS242_CA2__10X_17_grch38:GCTGCTTCAGATGGCAx,MS,CA,MS242
MS242_CA2__10X_17_grch38:TGCGTGGAGAATTGTGx,MS,CA,MS242
SD48/16__10X_17_grch38:AAAGATGTCTCTTGATx,normal,Ctrl,SD48/16
SD48/16__10X_17_grch38:ACGATACGTTGCGTTAx,normal,Ctrl,SD48/16
SD48/16__10X_17_grch38:ACGCCGAGTCTGATTGx,normal,Ctrl,SD48/16
SD48/16__10X_17_grch38:AGTTGGTCAAACCCATx,normal,Ctrl,SD48/16
SD48/16__10X_17_grch38:CACACAAGTACCGTATx,normal,Ctrl,SD48/16
SD48/16__10X_17_grch38:CCTCTGACACTAAGTCx,normal,Ctrl,SD48/16
SD48/16__10X_17_grch38:CTAACTTAGATGGCGTx,normal,Ctrl,SD48/16
SD48/16__10X_17_grch38:CTACACCAGACATAACx,normal,Ctrl,SD48/16
SD48/16__10X_17_grch38:GATCGATCACATGGGAx,normal,Ctrl,SD48/16
SD48/16__10X_17_grch38:GCAGCCAGTTAGATGAx,normal,Ctrl,SD48/16
SD48/16__10X_17_grch38:GGGACCTCATCACCCTx,normal,Ctrl,SD48/16
SD48/16__10X_17_grch38:GTACTCCCATTAACCGx,normal,Ctrl,SD48/16
SD48/16__10X_17_grch38:TAAGTGCTCCCACTTGx,normal,Ctrl,SD48/16
SD48/16__10X_17_grch38:TTCTTAGAGCTAAACAx,normal,Ctrl,SD48/16
MS122_NAWM__10X_17_grch38:AAATGCCAGCGACGTAx,MS,NAWM,MS122
MS122_NAWM__10X_17_grch38:AACGTTGGTCACAAGGx,MS,NAWM,MS122
MS122_NAWM__10X_17_grch38:AACTCAGCACCTATCCx,MS,NAWM,MS122
MS122_NAWM__10X_17_grch38:AAGGAGCCAAGCTGAGx,MS,NAWM,MS122
MS122_NAWM__10X_17_grch38:AAGGAGCTCCCAACGGx,MS,NAWM,MS122
MS122_NAWM__10X_17_grch38:ACATACGCACCAACCGx,MS,NAWM,MS122
MS122_NAWM__10X_17_grch38:ACCCACTCACGTAAGGx,MS,NAWM,MS122
MS122_NAWM__10X_17_grch38:ACCCACTGTTCCAACAx,MS,NAWM,MS122
MS122_NAWM__10X_17_grch38:ACCGTAATCCTTGGTCx,MS,NAWM,MS122
MS122_NAWM__10X_17_grch38:ACGCAGCCAGCTGGCTx,MS,NAWM,MS122
MS122_NAWM__10X_17_grch38:ACGCCAGTCACTTCATx,MS,NAWM,MS122
MS122_NAWM__10X_17_grch38:ACGCCGACAGTATGCTx,MS,NAWM,MS122
MS122_NAWM__10X_17_grch38:ACGGGTCCAAACTGTCx,MS,NAWM,MS122
MS122_NAWM__10X_17_grch38:AGAGTGGGTAAGGGAAx,MS,NAWM,MS122
MS122_NAWM__10X_17_grch38:AGCTCTCGTCTAGCGCx,MS,NAWM,MS122
MS122_NAWM__10X_17_grch38:AGTGTCAAGATGTAACx,MS,NAWM,MS122
MS122_NAWM__10X_17_grch38:ATCTGCCAGCAGCGTAx,MS,NAWM,MS122
MS122_NAWM__10X_17_grch38:CACACAAAGGTGGGTTx,MS,NAWM,MS122
MS122_NAWM__10X_17_grch38:CACAGTATCCTCATTAx,MS,NAWM,MS122
MS122_NAWM__10X_17_grch38:CAGTCCTCAAAGGAAGx,MS,NAWM,MS122
MS122_NAWM__10X_17_grch38:CATGCCTCAGAGTGTGx,MS,NAWM,MS122
MS122_NAWM__10X_17_grch38:CATGGCGAGTTCGCATx,MS,NAWM,MS122
MS122_NAWM__10X_17_grch38:CCCAGTTTCCATTCTAx,MS,NAWM,MS122
MS122_NAWM__10X_17_grch38:CCGTGGAGTCATCGGCx,MS,NAWM,MS122
MS122_NAWM__10X_17_grch38:CGATGGCTCTCCGGTTx,MS,NAWM,MS122
MS122_NAWM__10X_17_grch38:CGCGGTATCAATCTCTx,MS,NAWM,MS122
MS122_NAWM__10X_17_grch38:CGCTGGATCCTTGCCAx,MS,NAWM,MS122
MS122_NAWM__10X_17_grch38:CGGAGTCAGAACAACTx,MS,NAWM,MS122
MS122_NAWM__10X_17_grch38:CGGCTAGAGCCCTAATx,MS,NAWM,MS122
MS122_NAWM__10X_17_grch38:CGTAGGCAGGAGCGAGx,MS,NAWM,MS122
MS122_NAWM__10X_17_grch38:CGTCAGGCAAGCCCACx,MS,NAWM,MS122
MS122_NAWM__10X_17_grch38:CGTGAGCCATCCGTGGx,MS,NAWM,MS122
MS122_NAWM__10X_17_grch38:CGTGTAACATGGTAGGx,MS,NAWM,MS122
MS122_NAWM__10X_17_grch38:CGTTGGGCAAACTGTCx,MS,NAWM,MS122
MS122_NAWM__10X_17_grch38:CTAACTTCATTAGCCAx,MS,NAWM,MS122
MS122_NAWM__10X_17_grch38:CTCATTACATTTCAGGx,MS,NAWM,MS122
MS122_NAWM__10X_17_grch38:CTCGTACAGCTGCGAAx,MS,NAWM,MS122
MS122_NAWM__10X_17_grch38:CTGCCTATCAGGTAAAx,MS,NAWM,MS122
MS122_NAWM__10X_17_grch38:CTGGTCTCAATAACGAx,MS,NAWM,MS122
MS122_NAWM__10X_17_grch38:CTTAGGAAGTACACCTx,MS,NAWM,MS122
MS122_NAWM__10X_17_grch38:CTTCTCTCATGTTCCCx,MS,NAWM,MS122
MS122_NAWM__10X_17_grch38:GAACGGAGTTGAGGTGx,MS,NAWM,MS122
MS122_NAWM__10X_17_grch38:GAATGAATCTGATTCTx,MS,NAWM,MS122
MS122_NAWM__10X_17_grch38:GAGGTGATCGCGATCGx,MS,NAWM,MS122
MS122_NAWM__10X_17_grch38:GATCGTATCCATGCTCx,MS,NAWM,MS122
MS122_NAWM__10X_17_grch38:GATCGTATCCCTTGTGx,MS,NAWM,MS122
MS122_NAWM__10X_17_grch38:GATGAGGAGAAACGCCx,MS,NAWM,MS122
MS122_NAWM__10X_17_grch38:GCAGCCAAGATGTCGGx,MS,NAWM,MS122
MS122_NAWM__10X_17_grch38:GCAGTTAAGTTCGCGCx,MS,NAWM,MS122
MS122_NAWM__10X_17_grch38:GCATACAAGCGATAGCx,MS,NAWM,MS122
MS122_NAWM__10X_17_grch38:GCATGTACACGACTCGx,MS,NAWM,MS122
MS122_NAWM__10X_17_grch38:GCGCAACGTAAGGATTx,MS,NAWM,MS122
MS122_NAWM__10X_17_grch38:GCGCGATCATCACAACx,MS,NAWM,MS122
MS122_NAWM__10X_17_grch38:GCGGGTTTCTTGAGACx,MS,NAWM,MS122
MS122_NAWM__10X_17_grch38:GCTTGAACATTCCTCGx,MS,NAWM,MS122
MS122_NAWM__10X_17_grch38:GGACAAGTCACAACGTx,MS,NAWM,MS122
MS122_NAWM__10X_17_grch38:GGACAAGTCCTCTAGCx,MS,NAWM,MS122
MS122_NAWM__10X_17_grch38:GGGAATGGTACCGTTAx,MS,NAWM,MS122
MS122_NAWM__10X_17_grch38:GGGAGATTCGACGGAAx,MS,NAWM,MS122
MS122_NAWM__10X_17_grch38:GGTGCGTGTCGCTTCTx,MS,NAWM,MS122
MS122_NAWM__10X_17_grch38:GTAACGTGTGTGGTTTx,MS,NAWM,MS122
MS122_NAWM__10X_17_grch38:GTAACTGGTGCAGACAx,MS,NAWM,MS122
MS122_NAWM__10X_17_grch38:GTACGTACAAGCCTATx,MS,NAWM,MS122
MS122_NAWM__10X_17_grch38:GTAGGCCCAAACGTGGx,MS,NAWM,MS122
MS122_NAWM__10X_17_grch38:GTATCTTGTCCGACGTx,MS,NAWM,MS122
MS122_NAWM__10X_17_grch38:GTCCTCAAGGCCGAATx,MS,NAWM,MS122
MS122_NAWM__10X_17_grch38:GTGCTTCTCGAGCCCAx,MS,NAWM,MS122
MS122_NAWM__10X_17_grch38:TAAACCGGTAGGGACTx,MS,NAWM,MS122
MS122_NAWM__10X_17_grch38:TACCTTACACTTGGATx,MS,NAWM,MS122
MS122_NAWM__10X_17_grch38:TACGGGCAGGCTCATTx,MS,NAWM,MS122
MS122_NAWM__10X_17_grch38:TAGAGCTCATCCGGGTx,MS,NAWM,MS122
MS122_NAWM__10X_17_grch38:TATTACCCATCCCACTx,MS,NAWM,MS122
MS122_NAWM__10X_17_grch38:TCGGGACGTAGGACACx,MS,NAWM,MS122
MS122_NAWM__10X_17_grch38:TGAGCCGGTAGCGCAAx,MS,NAWM,MS122
MS122_NAWM__10X_17_grch38:TGCACCTAGTCAAGGCx,MS,NAWM,MS122
MS122_NAWM__10X_17_grch38:TGCCAAACAGGGAGAGx,MS,NAWM,MS122
MS122_NAWM__10X_17_grch38:TGGCCAGAGATCGGGTx,MS,NAWM,MS122
MS122_NAWM__10X_17_grch38:TGGCCAGGTGCTCTTCx,MS,NAWM,MS122
MS122_NAWM__10X_17_grch38:TGGTTCCAGCTTATCGx,MS,NAWM,MS122
MS122_NAWM__10X_17_grch38:TGGTTCCGTGACCAAGx,MS,NAWM,MS122
MS122_NAWM__10X_17_grch38:TTAGGCACAGGACCCTx,MS,NAWM,MS122
MS122_NAWM__10X_17_grch38:TTAGTTCAGGACACCAx,MS,NAWM,MS122
MS122_NAWM__10X_17_grch38:TTGCCGTTCACGCATAx,MS,NAWM,MS122
MS122_CI__10X_17_grch38:ACAGCTAGTTGAACTCx,MS,CI,MS122
MS122_CI__10X_17_grch38:ACGCCGATCGCTTAGAx,MS,CI,MS122
MS122_CI__10X_17_grch38:ACTGATGTCAGCTTAGx,MS,CI,MS122
MS122_CI__10X_17_grch38:AGAGCGAGTCGAACAGx,MS,CI,MS122
MS122_CI__10X_17_grch38:AGCCTAACAGTTCATGx,MS,CI,MS122
MS122_CI__10X_17_grch38:AGCGTCGGTCGCATCGx,MS,CI,MS122
MS122_CI__10X_17_grch38:AGCTCTCAGGCCCTCAx,MS,CI,MS122
MS122_CI__10X_17_grch38:AGGCCACAGAGATGAGx,MS,CI,MS122
MS122_CI__10X_17_grch38:AGGGTGAGTTTAAGCCx,MS,CI,MS122
MS122_CI__10X_17_grch38:ATCGAGTCACCATCCTx,MS,CI,MS122
MS122_CI__10X_17_grch38:ATTCTACTCGCCTGAGx,MS,CI,MS122
MS122_CI__10X_17_grch38:CAAGGCCAGCAGGCTAx,MS,CI,MS122
MS122_CI__10X_17_grch38:CACCTTGTCTTGTATCx,MS,CI,MS122
MS122_CI__10X_17_grch38:CAGCGACGTTGGGACAx,MS,CI,MS122
MS122_CI__10X_17_grch38:CATCAAGCATGCCACGx,MS,CI,MS122
MS122_CI__10X_17_grch38:CATGGCGAGCTGCCCAx,MS,CI,MS122
MS122_CI__10X_17_grch38:CCAATCCTCTTGCAAGx,MS,CI,MS122
MS122_CI__10X_17_grch38:CCGTACTAGCAATCTCx,MS,CI,MS122
MS122_CI__10X_17_grch38:CGAACATAGTACGATAx,MS,CI,MS122
MS122_CI__10X_17_grch38:CGACTTCTCACGGTTAx,MS,CI,MS122
MS122_CI__10X_17_grch38:CGAGAAGGTGATGATAx,MS,CI,MS122
MS122_CI__10X_17_grch38:CGAGAAGGTTAAGTAGx,MS,CI,MS122
MS122_CI__10X_17_grch38:CGGACACAGGCCGAATx,MS,CI,MS122
MS122_CI__10X_17_grch38:CGTCACTCAGTTAACCx,MS,CI,MS122
MS122_CI__10X_17_grch38:CTAATGGTCGCTTAGAx,MS,CI,MS122
MS122_CI__10X_17_grch38:CTACATTCATCGGTTAx,MS,CI,MS122
MS122_CI__10X_17_grch38:CTCGAGGCAAGCGCTCx,MS,CI,MS122
MS122_CI__10X_17_grch38:CTGGTCTGTTAAGAACx,MS,CI,MS122
MS122_CI__10X_17_grch38:CTTGGCTAGTGTTTGCx,MS,CI,MS122
MS122_CI__10X_17_grch38:GAATAAGTCATATCGGx,MS,CI,MS122
MS122_CI__10X_17_grch38:GAATGAATCTGCTTGCx,MS,CI,MS122
MS122_CI__10X_17_grch38:GACAGAGTCCTTGCCAx,MS,CI,MS122
MS122_CI__10X_17_grch38:GACGGCTGTTCCCTTGx,MS,CI,MS122
MS122_CI__10X_17_grch38:GATCGTACAAGCTGAGx,MS,CI,MS122
MS122_CI__10X_17_grch38:GATGCTACAATCTACGx,MS,CI,MS122
MS122_CI__10X_17_grch38:GCAATCACATTCTCATx,MS,CI,MS122
MS122_CI__10X_17_grch38:GCGCCAAAGGAGTTGCx,MS,CI,MS122
MS122_CI__10X_17_grch38:GGGCACTAGAGCTGGTx,MS,CI,MS122
MS122_CI__10X_17_grch38:GGTGAAGGTGGACGATx,MS,CI,MS122
MS122_CI__10X_17_grch38:GTCGTAAAGCAGATCGx,MS,CI,MS122
MS122_CI__10X_17_grch38:GTTTCTAGTTTGTTGGx,MS,CI,MS122
MS122_CI__10X_17_grch38:TAGGCATGTACAAGTAx,MS,CI,MS122
MS122_CI__10X_17_grch38:TAGTTGGGTCTCTTATx,MS,CI,MS122
MS122_CI__10X_17_grch38:TGCACCTTCTGTTTGTx,MS,CI,MS122
MS122_CI__10X_17_grch38:TGGACGCAGTGAACATx,MS,CI,MS122
MS122_CI__10X_17_grch38:TGGCCAGTCTGCAGTAx,MS,CI,MS122
MS122_CI__10X_17_grch38:TGGCTGGCAATCACACx,MS,CI,MS122
MS122_CI__10X_17_grch38:TGGGCGTGTACGCTGCx,MS,CI,MS122
MS122_CI__10X_17_grch38:TGTATTCAGGTACTCTx,MS,CI,MS122
MS122_CI__10X_17_grch38:TGTCCCATCCATGAGTx,MS,CI,MS122
MS122_CI__10X_17_grch38:TTAGGCATCATGTGGTx,MS,CI,MS122
MS122_CI__10X_17_grch38:TTATGCTGTCTGCCAGx,MS,CI,MS122
MS122_CI__10X_17_grch38:TTGCCGTCATTGGCGCx,MS,CI,MS122
MS122_CI__10X_17_grch38:TTGCGTCCATCCGTGGx,MS,CI,MS122
MS122_A__10X_17_grch38:AAATGCCGTGCACCACx,MS,A,MS122
MS122_A__10X_17_grch38:AACACGTGTAATCGTCx,MS,A,MS122
MS122_A__10X_17_grch38:ACACCGGGTGCTGTATx,MS,A,MS122
MS122_A__10X_17_grch38:ACACCGGGTTCCATGAx,MS,A,MS122
MS122_A__10X_17_grch38:ACAGCTATCATCGCTCx,MS,A,MS122
MS122_A__10X_17_grch38:ACATACGTCCACTGGGx,MS,A,MS122
MS122_A__10X_17_grch38:AGAGTGGAGCGTGAACx,MS,A,MS122
MS122_A__10X_17_grch38:ATAACGCAGCTAGTCTx,MS,A,MS122
MS122_A__10X_17_grch38:ATCCGAAAGAACAACTx,MS,A,MS122
MS122_A__10X_17_grch38:ATCGAGTTCAACACTGx,MS,A,MS122
MS122_A__10X_17_grch38:CACATTTGTTGGTTTGx,MS,A,MS122
MS122_A__10X_17_grch38:CAGCAGCAGTCCAGGAx,MS,A,MS122
MS122_A__10X_17_grch38:CAGCGACAGGGTATCGx,MS,A,MS122
MS122_A__10X_17_grch38:CAGCTGGCACCACCAGx,MS,A,MS122
MS122_A__10X_17_grch38:CAGCTGGGTCCGTCAGx,MS,A,MS122
MS122_A__10X_17_grch38:CAGGTGCCACGCTTTCx,MS,A,MS122
MS122_A__10X_17_grch38:CATCAAGGTAGGACACx,MS,A,MS122
MS122_A__10X_17_grch38:CCATTCGAGGGTCTCCx,MS,A,MS122
MS122_A__10X_17_grch38:CCATTCGCATTAACCGx,MS,A,MS122
MS122_A__10X_17_grch38:CCCAGTTAGGTGGGTTx,MS,A,MS122
MS122_A__10X_17_grch38:CCGGGATCATCACAACx,MS,A,MS122
MS122_A__10X_17_grch38:CCTAAAGTCATGTAGCx,MS,A,MS122
MS122_A__10X_17_grch38:CCTACACGTCTAGAGGx,MS,A,MS122
MS122_A__10X_17_grch38:CGATGTAGTCGACTGCx,MS,A,MS122
MS122_A__10X_17_grch38:CGGCTAGCAGCCTATAx,MS,A,MS122
MS122_A__10X_17_grch38:CGTTAGAAGCGTCTATx,MS,A,MS122
MS122_A__10X_17_grch38:CTAACTTCAATCGAAAx,MS,A,MS122
MS122_A__10X_17_grch38:CTAACTTCACGAGGTAx,MS,A,MS122
MS122_A__10X_17_grch38:CTACGTCCAGCATACTx,MS,A,MS122
MS122_A__10X_17_grch38:CTCATTAAGAATAGGGx,MS,A,MS122
MS122_A__10X_17_grch38:CTCGAGGAGTGCCATTx,MS,A,MS122
MS122_A__10X_17_grch38:CTGCGGAAGAAGATTCx,MS,A,MS122
MS122_A__10X_17_grch38:CTTGGCTGTAGCGCTCx,MS,A,MS122
MS122_A__10X_17_grch38:GAACGGAAGTTCGCATx,MS,A,MS122
MS122_A__10X_17_grch38:GACCTGGAGAGTGAGAx,MS,A,MS122
MS122_A__10X_17_grch38:GACTGCGGTCGCATCGx,MS,A,MS122
MS122_A__10X_17_grch38:GATCAGTGTACAGTGGx,MS,A,MS122
MS122_A__10X_17_grch38:GATGCTACAATGCCATx,MS,A,MS122
MS122_A__10X_17_grch38:GCAAACTCACAGGTTTx,MS,A,MS122
MS122_A__10X_17_grch38:GCGCGATAGCTGTTCAx,MS,A,MS122
MS122_A__10X_17_grch38:GGAACTTGTCTGATTGx,MS,A,MS122
MS122_A__10X_17_grch38:GGACAAGCAGGCTGAAx,MS,A,MS122
MS122_A__10X_17_grch38:GGACGTCCATATACGCx,MS,A,MS122
MS122_A__10X_17_grch38:GGCCGATTCCTTGACCx,MS,A,MS122
MS122_A__10X_17_grch38:GGGAATGAGGGCATGTx,MS,A,MS122
MS122_A__10X_17_grch38:GGGAATGGTACTCAACx,MS,A,MS122
MS122_A__10X_17_grch38:GGGACCTAGTACCGGAx,MS,A,MS122
MS122_A__10X_17_grch38:GGGTTGCGTCATACTGx,MS,A,MS122
MS122_A__10X_17_grch38:GGGTTGCGTTATTCTCx,MS,A,MS122
MS122_A__10X_17_grch38:GGTGAAGGTTTGTTTCx,MS,A,MS122
MS122_A__10X_17_grch38:GTATTCTAGAGATGAGx,MS,A,MS122
MS122_A__10X_17_grch38:GTCACAACAAAGTGCGx,MS,A,MS122
MS122_A__10X_17_grch38:GTCTCGTCACAGCGTCx,MS,A,MS122
MS122_A__10X_17_grch38:TCAGGTACAATGGTCTx,MS,A,MS122
MS122_A__10X_17_grch38:TGACAACGTTCCAACAx,MS,A,MS122
MS122_A__10X_17_grch38:TGACTAGCAGACAAGCx,MS,A,MS122
MS122_A__10X_17_grch38:TGGACGCAGCTGAAATx,MS,A,MS122
MS122_A__10X_17_grch38:TGGGCGTAGAAGATTCx,MS,A,MS122
MS122_A__10X_17_grch38:TGGTTAGAGATGAGAGx,MS,A,MS122
MS122_A__10X_17_grch38:TGTATTCTCAGCTCTCx,MS,A,MS122
MS122_A__10X_17_grch38:TTCTTAGAGGACGAAAx,MS,A,MS122
MS121_NAWM__10X_17_grch38:AAGTCTGTCGTTGACAx,MS,NAWM,MS121
MS121_NAWM__10X_17_grch38:ACTGAGTTCTATCCCGx,MS,NAWM,MS121
MS121_NAWM__10X_17_grch38:AGCAGCCTCGCTTGTCx,MS,NAWM,MS121
MS121_NAWM__10X_17_grch38:CAGCAGCGTTGGAGGTx,MS,NAWM,MS121
MS121_NAWM__10X_17_grch38:CAGTAACTCCTCATTAx,MS,NAWM,MS121
MS121_NAWM__10X_17_grch38:CAGTCCTTCACATAGCx,MS,NAWM,MS121
MS121_NAWM__10X_17_grch38:CCACGGAAGATTACCCx,MS,NAWM,MS121
MS121_NAWM__10X_17_grch38:CCATGTCGTTATGTGCx,MS,NAWM,MS121
MS121_NAWM__10X_17_grch38:CCTACACCATAACCTGx,MS,NAWM,MS121
MS121_NAWM__10X_17_grch38:CCTCAGTCATCCAACAx,MS,NAWM,MS121
MS121_NAWM__10X_17_grch38:CCTCTGATCTCTGAGAx,MS,NAWM,MS121
MS121_NAWM__10X_17_grch38:CCTTCCCGTGTGTGCCx,MS,NAWM,MS121
MS121_NAWM__10X_17_grch38:CGCTATCCATACAGCTx,MS,NAWM,MS121
MS121_NAWM__10X_17_grch38:GACTGCGGTCACAAGGx,MS,NAWM,MS121
MS121_NAWM__10X_17_grch38:GAGGTGATCGCATGATx,MS,NAWM,MS121
MS121_NAWM__10X_17_grch38:GATCGCGCAAGGGTCAx,MS,NAWM,MS121
MS121_NAWM__10X_17_grch38:GCCAAATAGCTAGTTCx,MS,NAWM,MS121
MS121_NAWM__10X_17_grch38:GCTTCCAGTAGCGATGx,MS,NAWM,MS121
MS121_NAWM__10X_17_grch38:GGACGTCCAAGTTGTCx,MS,NAWM,MS121
MS121_NAWM__10X_17_grch38:GGATGTTCAGGGCATAx,MS,NAWM,MS121
MS121_NAWM__10X_17_grch38:GGGTTGCCAGTGACAGx,MS,NAWM,MS121
MS121_NAWM__10X_17_grch38:GGTGTTAGTACCGAGAx,MS,NAWM,MS121
MS121_NAWM__10X_17_grch38:GTACTCCGTTGTTTGGx,MS,NAWM,MS121
MS121_NAWM__10X_17_grch38:GTCATTTCACAGCGTCx,MS,NAWM,MS121
MS121_NAWM__10X_17_grch38:GTGAAGGAGTCACGCCx,MS,NAWM,MS121
MS121_NAWM__10X_17_grch38:GTGCTTCGTCTGGAGAx,MS,NAWM,MS121
MS121_NAWM__10X_17_grch38:GTGTGCGGTGAAGGCTx,MS,NAWM,MS121
MS121_NAWM__10X_17_grch38:GTTAAGCGTCACAAGGx,MS,NAWM,MS121
MS121_NAWM__10X_17_grch38:TACTTACTCAACGGCCx,MS,NAWM,MS121
MS121_NAWM__10X_17_grch38:TAGGCATAGTGTCTCAx,MS,NAWM,MS121
MS121_NAWM__10X_17_grch38:TCAGCAAAGGCGATACx,MS,NAWM,MS121
MS121_NAWM__10X_17_grch38:TCGGGACTCACGATGTx,MS,NAWM,MS121
MS121_NAWM__10X_17_grch38:TCTTCGGAGCGGCTTCx,MS,NAWM,MS121
MS121_NAWM__10X_17_grch38:TGACAACAGGGCACTAx,MS,NAWM,MS121
MS121_NAWM__10X_17_grch38:TGGCGCATCTTAGAGCx,MS,NAWM,MS121
MS121_NAWM__10X_17_grch38:TGTTCCGCATTGTGCAx,MS,NAWM,MS121
MS121_NAWM__10X_17_grch38:TTCTTAGGTAGTGAATx,MS,NAWM,MS121
MS121_NAWM__10X_17_grch38:TTGACTTGTAAGTGGCx,MS,NAWM,MS121
MS121_NAWM__10X_17_grch38:TTGGAACGTACAGCAGx,MS,NAWM,MS121
MS121_A3__10X_17_grch38:AGAGCTTAGTAGCCGAx,MS,A,MS121
MS121_A3__10X_17_grch38:AGCAGCCAGGAGTTTAx,MS,A,MS121
MS121_A3__10X_17_grch38:AGGTCCGGTCGAACAGx,MS,A,MS121
MS121_A3__10X_17_grch38:ATCGAGTCAGTATAAGx,MS,A,MS121
MS121_A3__10X_17_grch38:ATCTACTTCAATAAGGx,MS,A,MS121
MS121_A3__10X_17_grch38:CCGTACTAGCCTCGTGx,MS,A,MS121
MS121_A3__10X_17_grch38:CGATTGAAGCTGTTCAx,MS,A,MS121
MS121_A3__10X_17_grch38:CGTTGGGGTACTTAGCx,MS,A,MS121
MS121_A3__10X_17_grch38:CTAATGGGTCGGCACTx,MS,A,MS121
MS121_A3__10X_17_grch38:GTCACGGGTAATCGTCx,MS,A,MS121
MS121_A3__10X_17_grch38:TACACGACATGCAATCx,MS,A,MS121
MS121_A3__10X_17_grch38:TGACAACAGGATGCGTx,MS,A,MS121
MS121_A2__10X_17_grch38:ATCCACCTCACAACGTx,MS,A,MS121
MS121_A2__10X_17_grch38:CATCAGACAGGTCTCGx,MS,A,MS121
MS121_A2__10X_17_grch38:CGACTTCTCCCTAATTx,MS,A,MS121
MS121_A2__10X_17_grch38:CTCCTAGAGAGGGATAx,MS,A,MS121
MS121_A2__10X_17_grch38:GACGGCTGTTCCAACAx,MS,A,MS121
MS121_A2__10X_17_grch38:GCAATCAAGCACACAGx,MS,A,MS121
MS121_A2__10X_17_grch38:GTAGGCCTCCAGTATGx,MS,A,MS121
MS121_A2__10X_17_grch38:TCGGGACGTCAGAGGTx,MS,A,MS121
MS121_CA__10X_17_grch38:AACCGCGGTTGTGGAGx,MS,CA,MS121
MS121_CA__10X_17_grch38:ACTTACTGTCTAAACCx,MS,CA,MS121
MS121_CA__10X_17_grch38:AGATCTGCACCTTGTCx,MS,CA,MS121
MS121_CA__10X_17_grch38:AGGTCATTCTGACCTCx,MS,CA,MS121
MS121_CA__10X_17_grch38:ATAAGAGGTACTTGACx,MS,CA,MS121
MS121_CA__10X_17_grch38:ATTATCCGTTCCGTCTx,MS,CA,MS121
MS121_CA__10X_17_grch38:CATTCGCTCCACTCCAx,MS,CA,MS121
MS121_CA__10X_17_grch38:CCTAAAGCACTTCGAAx,MS,CA,MS121
MS121_CA__10X_17_grch38:TGCCAAACATCTATGGx,MS,CA,MS121
MS121_CA__10X_17_grch38:TGGGAAGAGGCTAGCAx,MS,CA,MS121
CO39__10X_17_grch38:ATAGACCAGTTCGCGCx,normal,Ctrl,CO39
MS121_NAWM__10X_17_grch38:ATCTGCCCAAGCGAGTx,MS,NAWM,MS121
MS122_A__10X_17_grch38:CACAAACCATATGCTGx,MS,A,MS122
MS122_A__10X_17_grch38:CACTCCAGTGGTCTCGx,MS,A,MS122
MS176_RM__10X_17_grch38:CACATAGTCAGCACATx,MS,RM,MS176
CO14__10X_17_grch38:CGGACGTTCTCGCTTGx,normal,Ctrl,CO14
CO14__10X_17_grch38:CTCACACCACGTCAGCx,normal,Ctrl,CO14
SD48/16__10X_17_grch38:AGGCCACCACACATGTx,normal,Ctrl,SD48/16
MS122_NAWM__10X_17_grch38:ACGGCCAAGTACGTAAx,MS,NAWM,MS122
MS122_CI__10X_17_grch38:AACTCTTAGGTGCTAGx,MS,CI,MS122
MS122_CI__10X_17_grch38:ACTGAACCATAAGACAx,MS,CI,MS122
MS122_CI__10X_17_grch38:CGCTTCATCCGGGTGTx,MS,CI,MS122
MS122_CI__10X_17_grch38:CTACGTCAGAAGGACAx,MS,CI,MS122
MS122_CI__10X_17_grch38:GAAATGATCTCAACTTx,MS,CI,MS122
MS122_A__10X_17_grch38:CTGCTGTAGAAACCTAx,MS,A,MS122
MS122_A__10X_17_grch38:TCGTAGACACATGGGAx,MS,A,MS122
MS121_A3__10X_17_grch38:ATTGGACAGGGAACGGx,MS,A,MS121
CO39__10X_17_grch38:CTGCGGACAATGACCTx,normal,Ctrl,CO39
CO14__10X_17_grch38:AGGGAGTAGAAGGTGAx,normal,Ctrl,CO14
CO28__10X_17_grch38:AGGCCACCACTCTGTCx,normal,Ctrl,CO28
CO28__10X_17_grch38:CACACTCCACAAGCCCx,normal,Ctrl,CO28
CO28__10X_17_grch38:CTAACTTCATGGGAACx,normal,Ctrl,CO28
CO25__10X_17_grch38:AAACGGGGTGATGCCCx,normal,Ctrl,CO25
CO25__10X_17_grch38:AAAGATGCACTATCTTx,normal,Ctrl,CO25
CO25__10X_17_grch38:AGATTGCAGGTCATCTx,normal,Ctrl,CO25
CO25__10X_17_grch38:AGGCCGTTCGTTGCCTx,normal,Ctrl,CO25
CO25__10X_17_grch38:ATTCTACGTTGATTCGx,normal,Ctrl,CO25
CO25__10X_17_grch38:CAGCGACCACATGGGAx,normal,Ctrl,CO25
CO25__10X_17_grch38:CAGCTAAAGGTTACCTx,normal,Ctrl,CO25
CO25__10X_17_grch38:CATCGGGTCCCGACTTx,normal,Ctrl,CO25
CO25__10X_17_grch38:CCACTACTCAAACGGGx,normal,Ctrl,CO25
CO25__10X_17_grch38:CCTACCACACACATGTx,normal,Ctrl,CO25
CO25__10X_17_grch38:CGAATGTGTGACTCATx,normal,Ctrl,CO25
CO25__10X_17_grch38:CGATTGATCGTAGGTTx,normal,Ctrl,CO25
CO25__10X_17_grch38:CGCTATCCATTGAGCTx,normal,Ctrl,CO25
CO25__10X_17_grch38:CTGCGGACAGCGATCCx,normal,Ctrl,CO25
CO25__10X_17_grch38:CTGCGGATCGGTCTAAx,normal,Ctrl,CO25
CO25__10X_17_grch38:GACAGAGGTTATGCGTx,normal,Ctrl,CO25
CO25__10X_17_grch38:GGAATAATCCGAAGAGx,normal,Ctrl,CO25
CO25__10X_17_grch38:GGCAATTAGAGCAATTx,normal,Ctrl,CO25
CO25__10X_17_grch38:GTACTCCAGAAGATTCx,normal,Ctrl,CO25
CO25__10X_17_grch38:GTATCTTTCACGACTAx,normal,Ctrl,CO25
CO25__10X_17_grch38:TACCTTAAGGTGCTAGx,normal,Ctrl,CO25
CO25__10X_17_grch38:TCTATTGGTAATCGTCx,normal,Ctrl,CO25
CO25__10X_17_grch38:TTCCCAGCAATAGCGGx,normal,Ctrl,CO25
MS176_NAWM__10X_17_grch38:GGATGTTGTTCTGTTTx,MS,NAWM,MS176
MS176_NAWM__10X_17_grch38:GTCATTTTCGCAGGCTx,MS,NAWM,MS176
MS176_NAWM__10X_17_grch38:TCCACACCATGTTCCCx,MS,NAWM,MS176
CO39__10X_17_grch38:AAAGATGCAGTAAGATx,normal,Ctrl,CO39
CO39__10X_17_grch38:AAAGTAGTCCTAGAACx,normal,Ctrl,CO39
CO39__10X_17_grch38:AACCGCGAGCTAGGCAx,normal,Ctrl,CO39
CO39__10X_17_grch38:AACTCCCAGTCCGTATx,normal,Ctrl,CO39
CO39__10X_17_grch38:AACTCTTGTTGAACTCx,normal,Ctrl,CO39
CO39__10X_17_grch38:AAGGCAGGTATTAGCCx,normal,Ctrl,CO39
CO39__10X_17_grch38:ACCGTAATCCAAACACx,normal,Ctrl,CO39
CO39__10X_17_grch38:ACCTTTAAGAACAACTx,normal,Ctrl,CO39
CO39__10X_17_grch38:ACGCCAGTCACTTACTx,normal,Ctrl,CO39
CO39__10X_17_grch38:ACGGCCACACACTGCGx,normal,Ctrl,CO39
CO39__10X_17_grch38:ACTTTCAAGAAGGTTTx,normal,Ctrl,CO39
CO39__10X_17_grch38:AGACGTTAGCGCCTTGx,normal,Ctrl,CO39
CO39__10X_17_grch38:AGACGTTGTTCCATGAx,normal,Ctrl,CO39
CO39__10X_17_grch38:AGAGCGATCCTTTACAx,normal,Ctrl,CO39
CO39__10X_17_grch38:AGGGAGTCATGTCCTCx,normal,Ctrl,CO39
CO39__10X_17_grch38:ATAACGCTCGGTCTAAx,normal,Ctrl,CO39
CO39__10X_17_grch38:ATGAGGGGTCGCATCGx,normal,Ctrl,CO39
CO39__10X_17_grch38:ATTATCCTCCCTAACCx,normal,Ctrl,CO39
CO39__10X_17_grch38:ATTGGACTCCCATTATx,normal,Ctrl,CO39
CO39__10X_17_grch38:CAACCAACACATGTGTx,normal,Ctrl,CO39
CO39__10X_17_grch38:CAAGTTGGTTCATGGTx,normal,Ctrl,CO39
CO39__10X_17_grch38:CACACTCGTTCGAATCx,normal,Ctrl,CO39
CO39__10X_17_grch38:CACCACTTCTATCGCCx,normal,Ctrl,CO39
CO39__10X_17_grch38:CACCTTGAGAGCTTCTx,normal,Ctrl,CO39
CO39__10X_17_grch38:CACTCCATCTCGCTTGx,normal,Ctrl,CO39
CO39__10X_17_grch38:CAGCAGCTCTGACCTCx,normal,Ctrl,CO39
CO39__10X_17_grch38:CAGTAACAGCCCAATTx,normal,Ctrl,CO39
CO39__10X_17_grch38:CATATGGCATTTCACTx,normal,Ctrl,CO39
CO39__10X_17_grch38:CATCGAACAGCTCGCAx,normal,Ctrl,CO39
CO39__10X_17_grch38:CATCGGGAGCTGTCTAx,normal,Ctrl,CO39
CO39__10X_17_grch38:CATGACAGTTGATTCGx,normal,Ctrl,CO39
CO39__10X_17_grch38:CATGGCGAGGTGTTAAx,normal,Ctrl,CO39
CO39__10X_17_grch38:CCGGTAGGTATAAACGx,normal,Ctrl,CO39
CO39__10X_17_grch38:CCTACACTCCCTCTTTx,normal,Ctrl,CO39
CO39__10X_17_grch38:CGAACATAGAACAACTx,normal,Ctrl,CO39
CO39__10X_17_grch38:CGAACATCAAGCGAGTx,normal,Ctrl,CO39
CO39__10X_17_grch38:CGAACATTCTACCTGCx,normal,Ctrl,CO39
CO39__10X_17_grch38:CGATGGCAGTGTACTCx,normal,Ctrl,CO39
CO39__10X_17_grch38:CGCTATCCATAAAGGTx,normal,Ctrl,CO39
CO39__10X_17_grch38:CGCTTCATCCGCATAAx,normal,Ctrl,CO39
CO39__10X_17_grch38:CGTAGCGCATCAGTCAx,normal,Ctrl,CO39
CO39__10X_17_grch38:CGTCACTCAGCTTCGGx,normal,Ctrl,CO39
CO39__10X_17_grch38:CGTGTAAAGGTGATTAx,normal,Ctrl,CO39
CO39__10X_17_grch38:CGTGTCTCAAGCCGTCx,normal,Ctrl,CO39
CO39__10X_17_grch38:CTAATGGGTACAGTTCx,normal,Ctrl,CO39
CO39__10X_17_grch38:CTAGAGTAGAAACCTAx,normal,Ctrl,CO39
CO39__10X_17_grch38:CTCGAGGTCAATACCGx,normal,Ctrl,CO39
CO39__10X_17_grch38:CTCTAATTCGTTGACAx,normal,Ctrl,CO39
CO39__10X_17_grch38:CTCTGGTAGGTGTTAAx,normal,Ctrl,CO39
CO39__10X_17_grch38:CTGCGGAGTAATAGCAx,normal,Ctrl,CO39
CO39__10X_17_grch38:GAATAAGAGGGCTCTCx,normal,Ctrl,CO39
CO39__10X_17_grch38:GACGTGCCAGGGCATAx,normal,Ctrl,CO39
CO39__10X_17_grch38:GATGCTAGTGAAGGCTx,normal,Ctrl,CO39
CO39__10X_17_grch38:GCAATCAGTCTAGTGTx,normal,Ctrl,CO39
CO39__10X_17_grch38:GCGACCAAGGGTATCGx,normal,Ctrl,CO39
CO39__10X_17_grch38:GCTTGAATCGGCATCGx,normal,Ctrl,CO39
CO39__10X_17_grch38:GGATTACAGTACATGAx,normal,Ctrl,CO39
CO39__10X_17_grch38:GGATTACTCCGCGGTAx,normal,Ctrl,CO39
CO39__10X_17_grch38:GGGCACTTCTACGAGTx,normal,Ctrl,CO39
CO39__10X_17_grch38:GGGCATCAGCTATGCTx,normal,Ctrl,CO39
CO39__10X_17_grch38:GGTATTGAGAGAGCTCx,normal,Ctrl,CO39
CO39__10X_17_grch38:GGTGCGTCACTTACGAx,normal,Ctrl,CO39
CO39__10X_17_grch38:GTACGTAAGGGCTTCCx,normal,Ctrl,CO39
CO39__10X_17_grch38:GTAGTCAAGCCACCTGx,normal,Ctrl,CO39
CO39__10X_17_grch38:GTTACAGAGTGGGCTAx,normal,Ctrl,CO39
CO39__10X_17_grch38:TAAGTGCCATTATCTCx,normal,Ctrl,CO39
CO39__10X_17_grch38:TACAGTGGTCGAATCTx,normal,Ctrl,CO39
CO39__10X_17_grch38:TACTTACCAGCCTATAx,normal,Ctrl,CO39
CO39__10X_17_grch38:TATCTCACAGCTCCGAx,normal,Ctrl,CO39
CO39__10X_17_grch38:TCAGCAAGTGTTGGGAx,normal,Ctrl,CO39
CO39__10X_17_grch38:TCCACACCAGCTGTGCx,normal,Ctrl,CO39
CO39__10X_17_grch38:TCGAGGCCAGGACCCTx,normal,Ctrl,CO39
CO39__10X_17_grch38:TCGTAGACACTGTTAGx,normal,Ctrl,CO39
CO39__10X_17_grch38:TCTATTGGTGATGTCTx,normal,Ctrl,CO39
CO39__10X_17_grch38:TGACGGCCAGCTCGCAx,normal,Ctrl,CO39
CO39__10X_17_grch38:TGAGGGACATAAAGGTx,normal,Ctrl,CO39
CO39__10X_17_grch38:TGCCAAAAGTACACCTx,normal,Ctrl,CO39
CO39__10X_17_grch38:TGGACGCGTACAAGTAx,normal,Ctrl,CO39
CO39__10X_17_grch38:TGGTTCCGTCCGAAGAx,normal,Ctrl,CO39
CO39__10X_17_grch38:TTAACTCGTGAACCTTx,normal,Ctrl,CO39
CO39__10X_17_grch38:TTATGCTCAGATGGGTx,normal,Ctrl,CO39
CO39__10X_17_grch38:TTGACTTTCAACACCAx,normal,Ctrl,CO39
CO39__10X_17_grch38:TTGTAGGTCTGCGGCAx,normal,Ctrl,CO39
CO39__10X_17_grch38:TTTCCTCAGCGCTTATx,normal,Ctrl,CO39
CO39__10X_17_grch38:TTTGCGCTCCCAGGTGx,normal,Ctrl,CO39
CO39__10X_17_grch38:TTTGTCAGTCATATGCx,normal,Ctrl,CO39
CO14__10X_17_grch38:AAACCTGCACTTAAGCx,normal,Ctrl,CO14
CO14__10X_17_grch38:AAAGCAATCCATGAACx,normal,Ctrl,CO14
CO14__10X_17_grch38:AAAGCAATCTATCCCGx,normal,Ctrl,CO14
CO14__10X_17_grch38:AAAGTAGAGTCTCAACx,normal,Ctrl,CO14
CO14__10X_17_grch38:AACCATGCACCTATCCx,normal,Ctrl,CO14
CO14__10X_17_grch38:AACTCAGCACCATCCTx,normal,Ctrl,CO14
CO14__10X_17_grch38:AACTCAGGTTAGATGAx,normal,Ctrl,CO14
CO14__10X_17_grch38:AACTCTTCATGAGCGAx,normal,Ctrl,CO14
CO14__10X_17_grch38:AACTCTTTCTTGTACTx,normal,Ctrl,CO14
CO14__10X_17_grch38:AAGCCGCCATACTACGx,normal,Ctrl,CO14
CO14__10X_17_grch38:ACACCAAGTTTACTCTx,normal,Ctrl,CO14
CO14__10X_17_grch38:ACACTGAAGATGGGTCx,normal,Ctrl,CO14
CO14__10X_17_grch38:ACAGCCGAGGTGACCAx,normal,Ctrl,CO14
CO14__10X_17_grch38:ACATCAGGTAACGTTCx,normal,Ctrl,CO14
CO14__10X_17_grch38:ACCAGTACAAAGGAAGx,normal,Ctrl,CO14
CO14__10X_17_grch38:ACGAGCCTCATAAAGGx,normal,Ctrl,CO14
CO14__10X_17_grch38:ACGCCAGCATGTCTCCx,normal,Ctrl,CO14
CO14__10X_17_grch38:ACGGAGAAGCTACCTAx,normal,Ctrl,CO14
CO14__10X_17_grch38:ACGGCCATCTGCGACGx,normal,Ctrl,CO14
CO14__10X_17_grch38:ACGGGTCTCAAACAAGx,normal,Ctrl,CO14
CO14__10X_17_grch38:ACTGCTCCATGCAACTx,normal,Ctrl,CO14
CO14__10X_17_grch38:ACTTACTTCTTCTGGCx,normal,Ctrl,CO14
CO14__10X_17_grch38:AGAATAGCATCCTTGCx,normal,Ctrl,CO14
CO14__10X_17_grch38:AGACGTTTCCAAATGCx,normal,Ctrl,CO14
CO14__10X_17_grch38:AGAGTGGAGCACGCCTx,normal,Ctrl,CO14
CO14__10X_17_grch38:AGGGTGATCACTTCATx,normal,Ctrl,CO14
CO14__10X_17_grch38:AGGTCCGGTGACGCCTx,normal,Ctrl,CO14
CO14__10X_17_grch38:AGTCTTTCACTGTGTAx,normal,Ctrl,CO14
CO14__10X_17_grch38:AGTGTCATCACTATTCx,normal,Ctrl,CO14
CO14__10X_17_grch38:ATCACGAGTGTATGGGx,normal,Ctrl,CO14
CO14__10X_17_grch38:ATCTGCCAGCGAGAAAx,normal,Ctrl,CO14
CO14__10X_17_grch38:ATGCGATCATGACATCx,normal,Ctrl,CO14
CO14__10X_17_grch38:ATTCTACCAAGCCATTx,normal,Ctrl,CO14
CO14__10X_17_grch38:ATTGGACTCCTTGGTCx,normal,Ctrl,CO14
CO14__10X_17_grch38:CACAAACCAATAAGCAx,normal,Ctrl,CO14
CO14__10X_17_grch38:CACATAGCATTACGACx,normal,Ctrl,CO14
CO14__10X_17_grch38:CACATTTGTTCGTGATx,normal,Ctrl,CO14
CO14__10X_17_grch38:CAGAATCCACCAGGCTx,normal,Ctrl,CO14
CO14__10X_17_grch38:CAGCATAAGGTAGCTGx,normal,Ctrl,CO14
CO14__10X_17_grch38:CAGCGACTCAGGTTCAx,normal,Ctrl,CO14
CO14__10X_17_grch38:CATATTCGTAGTACCTx,normal,Ctrl,CO14
CO14__10X_17_grch38:CATCAAGCAATGACCTx,normal,Ctrl,CO14
CO14__10X_17_grch38:CATCAGACAATACGCTx,normal,Ctrl,CO14
CO14__10X_17_grch38:CATCGAAAGAACAATCx,normal,Ctrl,CO14
CO14__10X_17_grch38:CATGACAGTAAGCACGx,normal,Ctrl,CO14
CO14__10X_17_grch38:CATGGCGTCTTTAGTCx,normal,Ctrl,CO14
CO14__10X_17_grch38:CCAATCCCACGGTGTCx,normal,Ctrl,CO14
CO14__10X_17_grch38:CCCAATCGTGCAGACAx,normal,Ctrl,CO14
CO14__10X_17_grch38:CCCTCCTGTTCACGGCx,normal,Ctrl,CO14
CO14__10X_17_grch38:CCGGGATAGTCCGGTCx,normal,Ctrl,CO14
CO14__10X_17_grch38:CCTTCCCAGACTAGGCx,normal,Ctrl,CO14
CO14__10X_17_grch38:CGATGTAGTAGGGTACx,normal,Ctrl,CO14
CO14__10X_17_grch38:CGCTATCCAGATGGGTx,normal,Ctrl,CO14
CO14__10X_17_grch38:CGGACGTCAACTGGCCx,normal,Ctrl,CO14
CO14__10X_17_grch38:CGGTTAAGTCATATCGx,normal,Ctrl,CO14
CO14__10X_17_grch38:CGTAGCGTCAACTCTTx,normal,Ctrl,CO14
CO14__10X_17_grch38:CGTAGGCGTCCAACTAx,normal,Ctrl,CO14
CO14__10X_17_grch38:CGTAGGCGTTGTACACx,normal,Ctrl,CO14
CO14__10X_17_grch38:CGTCAGGAGATCCCATx,normal,Ctrl,CO14
CO14__10X_17_grch38:CGTCCATGTTGGACCCx,normal,Ctrl,CO14
CO14__10X_17_grch38:CTAACTTGTATGAATGx,normal,Ctrl,CO14
CO14__10X_17_grch38:CTAGCCTAGAAGATTCx,normal,Ctrl,CO14
CO14__10X_17_grch38:CTCACACTCGGCTACGx,normal,Ctrl,CO14
CO14__10X_17_grch38:CTCGAGGGTAGCGTAGx,normal,Ctrl,CO14
CO14__10X_17_grch38:CTCGTCAGTGTTGAGGx,normal,Ctrl,CO14
CO14__10X_17_grch38:CTGAAACAGGTGATTAx,normal,Ctrl,CO14
CO14__10X_17_grch38:CTGCTGTAGACAGAGAx,normal,Ctrl,CO14
CO14__10X_17_grch38:CTGGTCTAGGACCACAx,normal,Ctrl,CO14
CO14__10X_17_grch38:CTTAGGAGTGTGCCTGx,normal,Ctrl,CO14
CO14__10X_17_grch38:CTTGGCTAGGAGTCTGx,normal,Ctrl,CO14
CO14__10X_17_grch38:GAAATGATCATAACCGx,normal,Ctrl,CO14
CO14__10X_17_grch38:GAACGGAGTGTTGAGGx,normal,Ctrl,CO14
CO14__10X_17_grch38:GACCAATGTCTAGGTTx,normal,Ctrl,CO14
CO14__10X_17_grch38:GCAGCCAAGGAGTAGAx,normal,Ctrl,CO14
CO14__10X_17_grch38:GCATGTAAGGCAGTCAx,normal,Ctrl,CO14
CO14__10X_17_grch38:GCGCAGTTCGCCAGCAx,normal,Ctrl,CO14
CO14__10X_17_grch38:GCTTCCATCAGAGCTTx,normal,Ctrl,CO14
CO14__10X_17_grch38:GGAATAATCATTGCCCx,normal,Ctrl,CO14
CO14__10X_17_grch38:GGACAAGAGTGCTGCCx,normal,Ctrl,CO14
CO14__10X_17_grch38:GGAGCAAAGAGTACATx,normal,Ctrl,CO14
CO14__10X_17_grch38:GGATTACGTCAATGTCx,normal,Ctrl,CO14
CO14__10X_17_grch38:GGTGCGTCATTTCAGGx,normal,Ctrl,CO14
CO14__10X_17_grch38:GTAACGTGTGTGACCCx,normal,Ctrl,CO14
CO14__10X_17_grch38:GTCACAAAGCTTTGGTx,normal,Ctrl,CO14
CO14__10X_17_grch38:GTCCTCAAGTGCGATGx,normal,Ctrl,CO14
CO14__10X_17_grch38:GTGCAGCAGGGATACCx,normal,Ctrl,CO14
CO14__10X_17_grch38:GTGCATAAGTGTACTCx,normal,Ctrl,CO14
CO14__10X_17_grch38:GTGGGTCTCCGAAGAGx,normal,Ctrl,CO14
CO14__10X_17_grch38:GTGTTAGTCAACCAACx,normal,Ctrl,CO14
CO14__10X_17_grch38:GTTACAGTCAACGAAAx,normal,Ctrl,CO14
CO14__10X_17_grch38:GTTCGGGCATCGGTTAx,normal,Ctrl,CO14
CO14__10X_17_grch38:TAAGAGAAGCACACAGx,normal,Ctrl,CO14
CO14__10X_17_grch38:TAAGAGATCAAGATCCx,normal,Ctrl,CO14
CO14__10X_17_grch38:TACACGACACATTAGCx,normal,Ctrl,CO14
CO14__10X_17_grch38:TACGGATCAACACGCCx,normal,Ctrl,CO14
CO14__10X_17_grch38:TACTTACGTGTGGCTCx,normal,Ctrl,CO14
CO14__10X_17_grch38:TAGTTGGCATTGTGCAx,normal,Ctrl,CO14
CO14__10X_17_grch38:TAGTTGGGTTCAGCGCx,normal,Ctrl,CO14
CO14__10X_17_grch38:TATCTCAGTTAGATGAx,normal,Ctrl,CO14
CO14__10X_17_grch38:TCACAAGCAGGGTTAGx,normal,Ctrl,CO14
CO14__10X_17_grch38:TCACGAAGTTCAGACTx,normal,Ctrl,CO14
CO14__10X_17_grch38:TCATTACAGTCGCCGTx,normal,Ctrl,CO14
CO14__10X_17_grch38:TCCACACGTTGCCTCTx,normal,Ctrl,CO14
CO14__10X_17_grch38:TCGTACCAGCGCTTATx,normal,Ctrl,CO14
CO14__10X_17_grch38:TCTATTGTCTTATCTGx,normal,Ctrl,CO14
CO14__10X_17_grch38:TCTGGAAGTAAGAGGAx,normal,Ctrl,CO14
CO14__10X_17_grch38:TCTGGAATCTTGACGAx,normal,Ctrl,CO14
CO14__10X_17_grch38:TCTTTCCCATCCAACAx,normal,Ctrl,CO14
CO14__10X_17_grch38:TGACGGCGTACCGGCTx,normal,Ctrl,CO14
CO14__10X_17_grch38:TGAGAGGTCCCTCAGTx,normal,Ctrl,CO14
CO14__10X_17_grch38:TGAGCCGTCTTGCAAGx,normal,Ctrl,CO14
CO14__10X_17_grch38:TGCGTGGCATCACAACx,normal,Ctrl,CO14
CO14__10X_17_grch38:TGCGTGGTCTGCAAGTx,normal,Ctrl,CO14
CO14__10X_17_grch38:TGGACGCCAGCTGCACx,normal,Ctrl,CO14
CO14__10X_17_grch38:TGGCTGGGTAACGACGx,normal,Ctrl,CO14
CO14__10X_17_grch38:TGTTCCGAGCTGATAAx,normal,Ctrl,CO14
CO14__10X_17_grch38:TTAACTCCACGCTTTCx,normal,Ctrl,CO14
CO14__10X_17_grch38:TTCGAAGAGGGTGTTGx,normal,Ctrl,CO14
CO14__10X_17_grch38:TTCGGTCTCAGCTCTCx,normal,Ctrl,CO14
CO14__10X_17_grch38:TTCTCCTAGACCGGATx,normal,Ctrl,CO14
CO14__10X_17_grch38:TTCTTAGAGTACTTGCx,normal,Ctrl,CO14
MS122_NAWM__10X_17_grch38:AAGGCAGCAAGCCATTx,MS,NAWM,MS122
MS122_NAWM__10X_17_grch38:AATCGGTGTACTCTCCx,MS,NAWM,MS122
MS122_NAWM__10X_17_grch38:AGCTCCTCATTGTGCAx,MS,NAWM,MS122
MS122_NAWM__10X_17_grch38:CATATGGCACACATGTx,MS,NAWM,MS122
MS122_NAWM__10X_17_grch38:CATGACATCCTTCAATx,MS,NAWM,MS122
MS122_NAWM__10X_17_grch38:CCATTCGCAGGTCCACx,MS,NAWM,MS122
MS122_NAWM__10X_17_grch38:CTCACACAGGCGATACx,MS,NAWM,MS122
MS122_NAWM__10X_17_grch38:CTGAAACCAGTTCCCTx,MS,NAWM,MS122
MS122_NAWM__10X_17_grch38:CTGATCCGTGTAATGAx,MS,NAWM,MS122
MS122_NAWM__10X_17_grch38:CTGTTTATCACAATGCx,MS,NAWM,MS122
MS122_NAWM__10X_17_grch38:GAAGCAGTCTGAGGGAx,MS,NAWM,MS122
MS122_NAWM__10X_17_grch38:GAATAAGAGGTAGCCAx,MS,NAWM,MS122
MS122_NAWM__10X_17_grch38:GATGCTATCGCCTGTTx,MS,NAWM,MS122
MS122_NAWM__10X_17_grch38:GTTCTCGGTGTGTGCCx,MS,NAWM,MS122
MS122_NAWM__10X_17_grch38:TATTACCGTTCCACAAx,MS,NAWM,MS122
MS122_NAWM__10X_17_grch38:TCTTCGGCACGTAAGGx,MS,NAWM,MS122
MS122_NAWM__10X_17_grch38:TGTGTTTGTTCACCTCx,MS,NAWM,MS122
MS122_NAWM__10X_17_grch38:TTTATGCTCCTTGACCx,MS,NAWM,MS122
MS122_NAWM__10X_17_grch38:TTTATGCTCTACTTACx,MS,NAWM,MS122
MS122_NAWM__10X_17_grch38:TTTGTCAAGCGCCTCAx,MS,NAWM,MS122
MS122_CI__10X_17_grch38:AAGGTTCCAAGGTTCTx,MS,CI,MS122
MS122_CI__10X_17_grch38:ACTGATGTCATTATCCx,MS,CI,MS122
MS122_CI__10X_17_grch38:AGTGGGATCAATCTCTx,MS,CI,MS122
MS122_CI__10X_17_grch38:ATGTGTGAGGATGTATx,MS,CI,MS122
MS122_CI__10X_17_grch38:CATATTCTCCTCCTAGx,MS,CI,MS122
MS122_CI__10X_17_grch38:CGTCTACTCCACGAATx,MS,CI,MS122
MS122_CI__10X_17_grch38:GCAAACTTCCGTAGTAx,MS,CI,MS122
MS122_CI__10X_17_grch38:GCTGCAGAGGATTCGGx,MS,CI,MS122
MS122_CI__10X_17_grch38:GTCGTAAAGTGGTAGCx,MS,CI,MS122
MS122_CI__10X_17_grch38:GTTTCTAGTTCAACCAx,MS,CI,MS122
MS122_CI__10X_17_grch38:TCGTACCCAGGTCTCGx,MS,CI,MS122
MS122_CI__10X_17_grch38:TCTCTAACACGTGAGAx,MS,CI,MS122
MS122_CI__10X_17_grch38:TGGCGCAGTGTGACGAx,MS,CI,MS122
MS122_A__10X_17_grch38:AAACCTGGTACTCTCCx,MS,A,MS122
MS122_A__10X_17_grch38:AAAGATGCACGAAAGCx,MS,A,MS122
MS122_A__10X_17_grch38:ACATGGTCATGGATGGx,MS,A,MS122
MS122_A__10X_17_grch38:ACGGCCATCATGTCTTx,MS,A,MS122
MS122_A__10X_17_grch38:CAAGAAAGTCGCGAAAx,MS,A,MS122
MS122_A__10X_17_grch38:CACACCTTCTTGTTTGx,MS,A,MS122
MS122_A__10X_17_grch38:CAGAGAGGTCTTGATGx,MS,A,MS122
MS122_A__10X_17_grch38:CGAACATTCATCGGATx,MS,A,MS122
MS122_A__10X_17_grch38:CGACCTTTCAAGGCTTx,MS,A,MS122
MS122_A__10X_17_grch38:CGGACACAGTAACCCTx,MS,A,MS122
MS122_A__10X_17_grch38:CGGTTAATCACGAAGGx,MS,A,MS122
MS122_A__10X_17_grch38:CGTGAGCTCAACGGGAx,MS,A,MS122
MS122_A__10X_17_grch38:CGTGAGCTCAATCACGx,MS,A,MS122
MS122_A__10X_17_grch38:CTCAGAAGTACTTCTTx,MS,A,MS122
MS122_A__10X_17_grch38:CTGCTGTTCCTTTCTCx,MS,A,MS122
MS122_A__10X_17_grch38:GACTGCGAGGGTCTCCx,MS,A,MS122
MS122_A__10X_17_grch38:GCACATAAGAGTTGGCx,MS,A,MS122
MS122_A__10X_17_grch38:GGAAAGCAGCGATCCCx,MS,A,MS122
MS122_A__10X_17_grch38:GTGTGCGTCTCGCTTGx,MS,A,MS122
MS122_A__10X_17_grch38:TAAACCGAGCGATAGCx,MS,A,MS122
MS122_A__10X_17_grch38:TACACGACATTGAGCTx,MS,A,MS122
MS122_A__10X_17_grch38:TCACAAGTCATATCGGx,MS,A,MS122
MS122_A__10X_17_grch38:TCACAAGTCATGCAACx,MS,A,MS122
MS122_A__10X_17_grch38:TCAGGTACACAACTGTx,MS,A,MS122
MS122_A__10X_17_grch38:TTGACTTCACAGCCCAx,MS,A,MS122
MS121_NAWM__10X_17_grch38:AAGACCTGTTATGTGCx,MS,NAWM,MS121
MS121_NAWM__10X_17_grch38:ACTGAACGTGTAACGGx,MS,NAWM,MS121
MS121_NAWM__10X_17_grch38:AGGGTGAGTAAGGGCTx,MS,NAWM,MS121
MS121_NAWM__10X_17_grch38:CGGAGCTTCGGAAACGx,MS,NAWM,MS121
MS121_NAWM__10X_17_grch38:CGTGTCTCAGTGAGTGx,MS,NAWM,MS121
MS121_NAWM__10X_17_grch38:CGTTAGATCAGAGACGx,MS,NAWM,MS121
MS121_NAWM__10X_17_grch38:CTAGCCTAGATGAGAGx,MS,NAWM,MS121
MS121_NAWM__10X_17_grch38:CTCTAATCACCAGGCTx,MS,NAWM,MS121
MS121_NAWM__10X_17_grch38:CTGTTTAAGAAACCGCx,MS,NAWM,MS121
MS121_NAWM__10X_17_grch38:GCATGATGTTGATTGCx,MS,NAWM,MS121
MS121_NAWM__10X_17_grch38:GCGACCAAGCTAGGCAx,MS,NAWM,MS121
MS121_NAWM__10X_17_grch38:TCAACGACAGGCAGTAx,MS,NAWM,MS121
MS121_NAWM__10X_17_grch38:TGAGAGGAGTACGCGAx,MS,NAWM,MS121
MS121_NAWM__10X_17_grch38:TTTGGTTCATAACCTGx,MS,NAWM,MS121
MS121_A2__10X_17_grch38:TGACGGCGTACTCGCGx,MS,A,MS121
MS121_CA__10X_17_grch38:ACATGGTAGAGTTGGCx,MS,CA,MS121
MS121_CA__10X_17_grch38:AGTGGGACAGTCCTTCx,MS,CA,MS121
MS121_CA__10X_17_grch38:CACACCTCAGACAAATx,MS,CA,MS121
MS121_CA__10X_17_grch38:CCACCTAAGTTCGCGCx,MS,CA,MS121
MS121_CA__10X_17_grch38:GATGAAATCCAGTAGTx,MS,CA,MS121
MS121_CA__10X_17_grch38:GTGCAGCAGCACCGTCx,MS,CA,MS121
MS121_CA__10X_17_grch38:TCGGTAACACGACGAAx,MS,CA,MS121
MS121_CA__10X_17_grch38:TCTATTGAGTGAATTGx,MS,CA,MS121
CO28__10X_17_grch38:CATATTCTCCATGAACx,normal,Ctrl,CO28
CO25__10X_17_grch38:ACTGTCCGTGTGTGCCx,normal,Ctrl,CO25
CO25__10X_17_grch38:CACAAACTCCCACTTGx,normal,Ctrl,CO25
CO25__10X_17_grch38:CATGACACAAGTACCTx,normal,Ctrl,CO25
CO25__10X_17_grch38:GTAACTGAGAATTGTGx,normal,Ctrl,CO25
CO25__10X_17_grch38:TACGGTACATCCGCGAx,normal,Ctrl,CO25
CO25__10X_17_grch38:TCAATCTAGTCTCCTCx,normal,Ctrl,CO25
CO25__10X_17_grch38:TGCGTGGAGGACTGGTx,normal,Ctrl,CO25
MS176_NAWM__10X_17_grch38:ACCCACTAGAGCCCAAx,MS,NAWM,MS176
MS176_NAWM__10X_17_grch38:ACTTTCATCAAACCACx,MS,NAWM,MS176
MS176_NAWM__10X_17_grch38:ATCCGAAGTAAACACAx,MS,NAWM,MS176
MS176_NAWM__10X_17_grch38:CACACAATCTGCCAGGx,MS,NAWM,MS176
MS176_NAWM__10X_17_grch38:CACCACTGTCCGAAGAx,MS,NAWM,MS176
MS176_NAWM__10X_17_grch38:CAGCAGCTCTTTACGTx,MS,NAWM,MS176
MS176_NAWM__10X_17_grch38:CATCAAGCAATGCCATx,MS,NAWM,MS176
MS176_NAWM__10X_17_grch38:CATCGAACACAGATTCx,MS,NAWM,MS176
MS176_NAWM__10X_17_grch38:CCGGTAGTCCCATTTAx,MS,NAWM,MS176
MS176_NAWM__10X_17_grch38:CGGGTCAGTGTAAGTAx,MS,NAWM,MS176
MS176_NAWM__10X_17_grch38:CTACACCGTGAAATCAx,MS,NAWM,MS176
MS176_NAWM__10X_17_grch38:CTAGCCTTCTCTTATGx,MS,NAWM,MS176
MS176_NAWM__10X_17_grch38:CTCGGAGTCTTCATGTx,MS,NAWM,MS176
MS176_NAWM__10X_17_grch38:GACGGCTAGATATGCAx,MS,NAWM,MS176
MS176_NAWM__10X_17_grch38:GACGTGCCAGCGTAAGx,MS,NAWM,MS176
MS176_NAWM__10X_17_grch38:GCGCAGTTCTTGTACTx,MS,NAWM,MS176
MS176_NAWM__10X_17_grch38:GGCAATTGTATCAGTCx,MS,NAWM,MS176
MS176_NAWM__10X_17_grch38:GGGAGATAGGAATCGCx,MS,NAWM,MS176
MS176_NAWM__10X_17_grch38:GTACGTAAGAGCTTCTx,MS,NAWM,MS176
MS176_NAWM__10X_17_grch38:GTCAAGTCATCCGGGTx,MS,NAWM,MS176
MS176_NAWM__10X_17_grch38:GTCACAATCAGTGCATx,MS,NAWM,MS176
MS176_NAWM__10X_17_grch38:GTCCTCACAGACGTAGx,MS,NAWM,MS176
MS176_NAWM__10X_17_grch38:TGAGCCGCAGTAACGGx,MS,NAWM,MS176
MS176_NAWM__10X_17_grch38:TGCCCATCACGGCTACx,MS,NAWM,MS176
MS176_NAWM__10X_17_grch38:TTCTCCTTCCTAAGTGx,MS,NAWM,MS176
MS176_RM__10X_17_grch38:ACACCCTTCTCCGGTTx,MS,RM,MS176
MS176_RM__10X_17_grch38:AGGGTGATCCCTAACCx,MS,RM,MS176
MS176_RM__10X_17_grch38:CATTCGCGTATAGTAGx,MS,RM,MS176
MS176_RM__10X_17_grch38:CTCACACCAGTGGGATx,MS,RM,MS176
MS176_RM__10X_17_grch38:GCCAAATGTTACGTCAx,MS,RM,MS176
MS176_RM__10X_17_grch38:TCAACGACACAGATTCx,MS,RM,MS176
MS176_RM__10X_17_grch38:TGGACGCTCACGAAGGx,MS,RM,MS176
MS176_RM__10X_17_grch38:TGGGAAGGTCTAGTGTx,MS,RM,MS176
MS176_CI__10X_17_056_roche_grch38_4:AGCCTAAGTAGAGTGCx,MS,CI,MS176
MS176_CI__10X_17_056_roche_grch38_4:TTTGTCATCTGATTCTx,MS,CI,MS176
MS176_CA__10X_17_grch38:TTTGTCAAGTGGTAATx,MS,CA,MS176
CO39__10X_17_grch38:AAACGGGTCTGTCAAGx,normal,Ctrl,CO39
CO39__10X_17_grch38:AACTCTTGTATATGAGx,normal,Ctrl,CO39
CO39__10X_17_grch38:AAGACCTTCCCTCTTTx,normal,Ctrl,CO39
CO39__10X_17_grch38:ACACCAACACGGATAGx,normal,Ctrl,CO39
CO39__10X_17_grch38:ACACCCTCACTTACGAx,normal,Ctrl,CO39
CO39__10X_17_grch38:ACCGTAAGTCTCATCCx,normal,Ctrl,CO39
CO39__10X_17_grch38:ACGGCCATCTTGTACTx,normal,Ctrl,CO39
CO39__10X_17_grch38:ACTGAGTCAGGGTTAGx,normal,Ctrl,CO39
CO39__10X_17_grch38:AGAGCTTGTATGGTTCx,normal,Ctrl,CO39
CO39__10X_17_grch38:AGGTCATGTTCAGCGCx,normal,Ctrl,CO39
CO39__10X_17_grch38:AGTAGTCGTAAGGATTx,normal,Ctrl,CO39
CO39__10X_17_grch38:AGTGGGAGTAAGTTCCx,normal,Ctrl,CO39
CO39__10X_17_grch38:ATAAGAGGTACGAAATx,normal,Ctrl,CO39
CO39__10X_17_grch38:ATCATCTCAATGAATGx,normal,Ctrl,CO39
CO39__10X_17_grch38:ATCTACTGTAGCTTGTx,normal,Ctrl,CO39
CO39__10X_17_grch38:ATCTGCCTCGGTGTTAx,normal,Ctrl,CO39
CO39__10X_17_grch38:ATGGGAGAGACAATACx,normal,Ctrl,CO39
CO39__10X_17_grch38:ATGGGAGTCACTATTCx,normal,Ctrl,CO39
CO39__10X_17_grch38:ATGTGTGTCCAAGCCGx,normal,Ctrl,CO39
CO39__10X_17_grch38:ATTGGACTCTTTCCTCx,normal,Ctrl,CO39
CO39__10X_17_grch38:CAACTAGGTTTAGGAAx,normal,Ctrl,CO39
CO39__10X_17_grch38:CACAGTACAAGCTGAGx,normal,Ctrl,CO39
CO39__10X_17_grch38:CAGATCAGTAATTGGAx,normal,Ctrl,CO39
CO39__10X_17_grch38:CAGCATATCACCTCGTx,normal,Ctrl,CO39
CO39__10X_17_grch38:CCAGCGATCAACCATGx,normal,Ctrl,CO39
CO39__10X_17_grch38:CCATTCGTCAGAGACGx,normal,Ctrl,CO39
CO39__10X_17_grch38:CCTACACGTGATGCCCx,normal,Ctrl,CO39
CO39__10X_17_grch38:CCTATTAGTAAGAGGAx,normal,Ctrl,CO39
CO39__10X_17_grch38:CGAATGTTCTATCCTAx,normal,Ctrl,CO39
CO39__10X_17_grch38:CGATGGCTCATTCACTx,normal,Ctrl,CO39
CO39__10X_17_grch38:CGCGTTTAGCGATATAx,normal,Ctrl,CO39
CO39__10X_17_grch38:CGCTTCAGTTCCATGAx,normal,Ctrl,CO39
CO39__10X_17_grch38:CGGACGTAGCGCCTTGx,normal,Ctrl,CO39
CO39__10X_17_grch38:CGGAGTCCAATCGAAAx,normal,Ctrl,CO39
CO39__10X_17_grch38:CGTAGCGAGCTAACAAx,normal,Ctrl,CO39
CO39__10X_17_grch38:CGTAGCGTCAGCACATx,normal,Ctrl,CO39
CO39__10X_17_grch38:CTAATGGAGAATGTTGx,normal,Ctrl,CO39
CO39__10X_17_grch38:CTACACCCACAGCCCAx,normal,Ctrl,CO39
CO39__10X_17_grch38:CTACGTCCACCTCGTTx,normal,Ctrl,CO39
CO39__10X_17_grch38:CTACGTCGTTCCACAAx,normal,Ctrl,CO39
CO39__10X_17_grch38:CTAGCCTGTAGAAAGGx,normal,Ctrl,CO39
CO39__10X_17_grch38:CTGTTTAAGCCCGAAAx,normal,Ctrl,CO39
CO39__10X_17_grch38:GAACCTATCGGTGTTAx,normal,Ctrl,CO39
CO39__10X_17_grch38:GAACGGATCTAGCACAx,normal,Ctrl,CO39
CO39__10X_17_grch38:GACTACAAGAGCCTAGx,normal,Ctrl,CO39
CO39__10X_17_grch38:GATCGATCAGATTGCTx,normal,Ctrl,CO39
CO39__10X_17_grch38:GATGAAACAGCTCGCAx,normal,Ctrl,CO39
CO39__10X_17_grch38:GCAAACTCATATGCTGx,normal,Ctrl,CO39
CO39__10X_17_grch38:GCGAGAATCGATAGAAx,normal,Ctrl,CO39
CO39__10X_17_grch38:GCGCAGTTCGCTAGCGx,normal,Ctrl,CO39
CO39__10X_17_grch38:GGATTACTCAAGGTAAx,normal,Ctrl,CO39
CO39__10X_17_grch38:GGCAATTGTCGCTTCTx,normal,Ctrl,CO39
CO39__10X_17_grch38:GGCGACTTCTGTCCGTx,normal,Ctrl,CO39
CO39__10X_17_grch38:GTAACTGCAAGGTTTCx,normal,Ctrl,CO39
CO39__10X_17_grch38:GTCACAAGTCTGGTCGx,normal,Ctrl,CO39
CO39__10X_17_grch38:GTCCTCAGTTCGGCACx,normal,Ctrl,CO39
CO39__10X_17_grch38:GTCGTAAGTTTGGGCCx,normal,Ctrl,CO39
CO39__10X_17_grch38:GTCTTCGGTAGCGCTCx,normal,Ctrl,CO39
CO39__10X_17_grch38:GTGTGCGTCAGCAACTx,normal,Ctrl,CO39
CO39__10X_17_grch38:TACAGTGGTCACCTAAx,normal,Ctrl,CO39
CO39__10X_17_grch38:TACTCATCACCGATATx,normal,Ctrl,CO39
CO39__10X_17_grch38:TAGTGGTGTTGTGGCCx,normal,Ctrl,CO39
CO39__10X_17_grch38:TAGTTGGGTCTGGAGAx,normal,Ctrl,CO39
CO39__10X_17_grch38:TCAGCAATCGTCCGTTx,normal,Ctrl,CO39
CO39__10X_17_grch38:TGAAAGACATGCCTAAx,normal,Ctrl,CO39
CO39__10X_17_grch38:TGACTAGAGACAAGCCx,normal,Ctrl,CO39
CO39__10X_17_grch38:TGAGCATTCAGCGACCx,normal,Ctrl,CO39
CO39__10X_17_grch38:TGCGCAGGTCCTAGCGx,normal,Ctrl,CO39
CO39__10X_17_grch38:TGGCTGGGTGCATCTAx,normal,Ctrl,CO39
CO39__10X_17_grch38:TGGTTAGGTGATAAACx,normal,Ctrl,CO39
CO14__10X_17_grch38:AACTCAGAGGGTATCGx,normal,Ctrl,CO14
CO14__10X_17_grch38:ACCTTTAGTACCCAATx,normal,Ctrl,CO14
CO14__10X_17_grch38:AGAATAGAGAACTGTAx,normal,Ctrl,CO14
CO14__10X_17_grch38:AGGGATGAGACAATACx,normal,Ctrl,CO14
CO14__10X_17_grch38:ATCGAGTAGGCCCTCAx,normal,Ctrl,CO14
CO14__10X_17_grch38:ATCTACTTCGGGAGTAx,normal,Ctrl,CO14
CO14__10X_17_grch38:CAAGATCCACTCGACGx,normal,Ctrl,CO14
CO14__10X_17_grch38:CCGGTAGAGACTACAAx,normal,Ctrl,CO14
CO14__10X_17_grch38:CCGTGGAGTACAGCAGx,normal,Ctrl,CO14
CO14__10X_17_grch38:CGGGTCATCGCCTGAGx,normal,Ctrl,CO14
CO14__10X_17_grch38:CTAGCCTCAGATGGCAx,normal,Ctrl,CO14
CO14__10X_17_grch38:CTGTGCTAGGCAGGTTx,normal,Ctrl,CO14
CO14__10X_17_grch38:CTTGGCTTCGATGAGGx,normal,Ctrl,CO14
CO14__10X_17_grch38:GACGTTAAGGGTCGATx,normal,Ctrl,CO14
CO14__10X_17_grch38:GACTGCGTCCCTTGTGx,normal,Ctrl,CO14
CO14__10X_17_grch38:GATCAGTGTCTTTCATx,normal,Ctrl,CO14
CO14__10X_17_grch38:GCAGCCACAGGTCTCGx,normal,Ctrl,CO14
CO14__10X_17_grch38:GCGCAGTCAACTGCGCx,normal,Ctrl,CO14
CO14__10X_17_grch38:GCGCAGTTCAATCACGx,normal,Ctrl,CO14
CO14__10X_17_grch38:GGAATAACATGGTTGTx,normal,Ctrl,CO14
CO14__10X_17_grch38:GGACAAGGTTAAGGGCx,normal,Ctrl,CO14
CO14__10X_17_grch38:GTACTCCAGACTGTAAx,normal,Ctrl,CO14
CO14__10X_17_grch38:GTCACGGCAGGCAGTAx,normal,Ctrl,CO14
CO14__10X_17_grch38:GTCTTCGAGTCTCCTCx,normal,Ctrl,CO14
CO14__10X_17_grch38:GTGCAGCTCCGAATGTx,normal,Ctrl,CO14
CO14__10X_17_grch38:TACTTGTCAGTAACGGx,normal,Ctrl,CO14
CO14__10X_17_grch38:TCAGGATTCAGCAACTx,normal,Ctrl,CO14
CO14__10X_17_grch38:TCATTACAGACACGACx,normal,Ctrl,CO14
CO14__10X_17_grch38:TCGGTAAGTCTGATCAx,normal,Ctrl,CO14
CO14__10X_17_grch38:TCTCATAAGGGTCTCCx,normal,Ctrl,CO14
CO14__10X_17_grch38:TGACGGCTCAGGATCTx,normal,Ctrl,CO14
CO14__10X_17_grch38:TGACTTTGTTACAGAAx,normal,Ctrl,CO14
CO14__10X_17_grch38:TGCCCTATCACGAAGGx,normal,Ctrl,CO14
CO14__10X_17_grch38:TGCCCTATCCTTTCGGx,normal,Ctrl,CO14
SD48/16__10X_17_grch38:AAGCCGCCAATGGAGCx,normal,Ctrl,SD48/16
SD48/16__10X_17_grch38:ACATCAGAGATGTGTAx,normal,Ctrl,SD48/16
SD48/16__10X_17_grch38:CGGACACCACCCATTCx,normal,Ctrl,SD48/16
SD48/16__10X_17_grch38:CGGAGCTCAATCTGCAx,normal,Ctrl,SD48/16
SD48/16__10X_17_grch38:GATCGCGTCGGTTCGGx,normal,Ctrl,SD48/16
SD48/16__10X_17_grch38:GCGCAGTCAACGCACCx,normal,Ctrl,SD48/16
SD48/16__10X_17_grch38:GCTGCGAGTCAACATCx,normal,Ctrl,SD48/16
SD48/16__10X_17_grch38:TATTACCAGAGCAATTx,normal,Ctrl,SD48/16
MS122_NAWM__10X_17_grch38:ACACCCTCAATGAATGx,MS,NAWM,MS122
MS122_NAWM__10X_17_grch38:ACACCGGCATCACAACx,MS,NAWM,MS122
MS122_NAWM__10X_17_grch38:ACATGGTTCGACCAGCx,MS,NAWM,MS122
MS122_NAWM__10X_17_grch38:ACGGAGAGTCAACTGTx,MS,NAWM,MS122
MS122_NAWM__10X_17_grch38:AGAATAGAGAGGGATAx,MS,NAWM,MS122
MS122_NAWM__10X_17_grch38:AGGGAGTTCTTGTTTGx,MS,NAWM,MS122
MS122_NAWM__10X_17_grch38:ATCACGAGTAGCCTATx,MS,NAWM,MS122
MS122_NAWM__10X_17_grch38:ATCGAGTTCCCTCAGTx,MS,NAWM,MS122
MS122_NAWM__10X_17_grch38:ATCTGCCGTTGGTAAAx,MS,NAWM,MS122
MS122_NAWM__10X_17_grch38:CAACCTCAGCTCCTCTx,MS,NAWM,MS122
MS122_NAWM__10X_17_grch38:CAAGAAAGTCTAGTCAx,MS,NAWM,MS122
MS122_NAWM__10X_17_grch38:CAAGGCCCAATGGACGx,MS,NAWM,MS122
MS122_NAWM__10X_17_grch38:CACACCTTCCAGAAGGx,MS,NAWM,MS122
MS122_NAWM__10X_17_grch38:CACAGGCGTATTCGTGx,MS,NAWM,MS122
MS122_NAWM__10X_17_grch38:CACTCCAAGTGTCCATx,MS,NAWM,MS122
MS122_NAWM__10X_17_grch38:CATCAAGAGGACAGCTx,MS,NAWM,MS122
MS122_NAWM__10X_17_grch38:CATGGCGGTTAAGATGx,MS,NAWM,MS122
MS122_NAWM__10X_17_grch38:CCACTACCATTCTTACx,MS,NAWM,MS122
MS122_NAWM__10X_17_grch38:CCGTGGATCAGCAACTx,MS,NAWM,MS122
MS122_NAWM__10X_17_grch38:CGAACATAGTGGGTTGx,MS,NAWM,MS122
MS122_NAWM__10X_17_grch38:CGTAGGCGTTGGTTTGx,MS,NAWM,MS122
MS122_NAWM__10X_17_grch38:CTCTAATGTGTCGCTGx,MS,NAWM,MS122
MS122_NAWM__10X_17_grch38:CTCTACGTCCCTGACTx,MS,NAWM,MS122
MS122_NAWM__10X_17_grch38:CTCTGGTTCAGTACGTx,MS,NAWM,MS122
MS122_NAWM__10X_17_grch38:CTGGTCTTCGCTGATAx,MS,NAWM,MS122
MS122_NAWM__10X_17_grch38:CTGTGCTTCCTAGGGCx,MS,NAWM,MS122
MS122_NAWM__10X_17_grch38:CTTACCGGTCAAAGATx,MS,NAWM,MS122
MS122_NAWM__10X_17_grch38:CTTGGCTGTACGACCCx,MS,NAWM,MS122
MS122_NAWM__10X_17_grch38:CTTTGCGGTAGCAAATx,MS,NAWM,MS122
MS122_NAWM__10X_17_grch38:GACGCGTCACCCAGTGx,MS,NAWM,MS122
MS122_NAWM__10X_17_grch38:GGATTACTCTCCAGGGx,MS,NAWM,MS122
MS122_NAWM__10X_17_grch38:GGTGAAGAGCCAACAGx,MS,NAWM,MS122
MS122_NAWM__10X_17_grch38:GGTGAAGCAATAGAGTx,MS,NAWM,MS122
MS122_NAWM__10X_17_grch38:GGTGCGTAGACTACAAx,MS,NAWM,MS122
MS122_NAWM__10X_17_grch38:GTCAAGTTCTTCGAGAx,MS,NAWM,MS122
MS122_NAWM__10X_17_grch38:GTCTTCGAGGTGGGTTx,MS,NAWM,MS122
MS122_NAWM__10X_17_grch38:GTTCGGGCAGACACTTx,MS,NAWM,MS122
MS122_NAWM__10X_17_grch38:TACGGATGTAGCGTAGx,MS,NAWM,MS122
MS122_NAWM__10X_17_grch38:TACGGGCGTCCCGACAx,MS,NAWM,MS122
MS122_NAWM__10X_17_grch38:TAGTGGTCATGAAGTAx,MS,NAWM,MS122
MS122_NAWM__10X_17_grch38:TATGCCCGTCGCGAAAx,MS,NAWM,MS122
MS122_NAWM__10X_17_grch38:TCAACGAAGTCGTACTx,MS,NAWM,MS122
MS122_NAWM__10X_17_grch38:TCAGATGTCACCTTATx,MS,NAWM,MS122
MS122_NAWM__10X_17_grch38:TCGCGAGAGTGCAAGCx,MS,NAWM,MS122
MS122_NAWM__10X_17_grch38:TCGTACCTCTTGGGTAx,MS,NAWM,MS122
MS122_NAWM__10X_17_grch38:TGACAACCATTAGCCAx,MS,NAWM,MS122
MS122_NAWM__10X_17_grch38:TGGACGCGTCACTGGCx,MS,NAWM,MS122
MS122_NAWM__10X_17_grch38:TGTGGTAAGATAGTCAx,MS,NAWM,MS122
MS122_NAWM__10X_17_grch38:TTCCCAGTCCACTGGGx,MS,NAWM,MS122
MS122_NAWM__10X_17_grch38:TTCGAAGTCATCTGCCx,MS,NAWM,MS122
MS122_NAWM__10X_17_grch38:TTGACTTAGCTAAACAx,MS,NAWM,MS122
MS122_NAWM__10X_17_grch38:TTGGCAATCTAACTTCx,MS,NAWM,MS122
MS122_CI__10X_17_grch38:AAAGTAGCATCACGATx,MS,CI,MS122
MS122_CI__10X_17_grch38:AACCGCGCAGTCTTCCx,MS,CI,MS122
MS122_CI__10X_17_grch38:AACTTTCGTCACTTCCx,MS,CI,MS122
MS122_CI__10X_17_grch38:AAGGAGCTCTTGCCGTx,MS,CI,MS122
MS122_CI__10X_17_grch38:AAGGTTCGTTTGACACx,MS,CI,MS122
MS122_CI__10X_17_grch38:AAGTCTGGTCGCTTCTx,MS,CI,MS122
MS122_CI__10X_17_grch38:AATCCAGTCAGTGTTGx,MS,CI,MS122
MS122_CI__10X_17_grch38:AATCGGTCAGTTCCCTx,MS,CI,MS122
MS122_CI__10X_17_grch38:ACATCAGCACTTCGAAx,MS,CI,MS122
MS122_CI__10X_17_grch38:ACGGGCTGTTGGAGGTx,MS,CI,MS122
MS122_CI__10X_17_grch38:ACTGAACCACCAGCACx,MS,CI,MS122
MS122_CI__10X_17_grch38:ACTGCTCTCTCTAAGGx,MS,CI,MS122
MS122_CI__10X_17_grch38:ACTTTCATCTGATACGx,MS,CI,MS122
MS122_CI__10X_17_grch38:AGAGCGAAGGCAAAGAx,MS,CI,MS122
MS122_CI__10X_17_grch38:AGAGCTTCATCTGGTAx,MS,CI,MS122
MS122_CI__10X_17_grch38:AGCAGCCCAGTCCTTCx,MS,CI,MS122
MS122_CI__10X_17_grch38:AGCTTGAGTGACTCATx,MS,CI,MS122
MS122_CI__10X_17_grch38:AGGCCACGTTCCTCCAx,MS,CI,MS122
MS122_CI__10X_17_grch38:AGGCCACTCGCAAACTx,MS,CI,MS122
MS122_CI__10X_17_grch38:ATCTACTCAGCGAACAx,MS,CI,MS122
MS122_CI__10X_17_grch38:ATTTCTGCAAAGGTGCx,MS,CI,MS122
MS122_CI__10X_17_grch38:CACAGGCGTGGCTCCAx,MS,CI,MS122
MS122_CI__10X_17_grch38:CACTCCACATTCTTACx,MS,CI,MS122
MS122_CI__10X_17_grch38:CAGAATCAGCTAACTCx,MS,CI,MS122
MS122_CI__10X_17_grch38:CAGAATCAGGATGGAAx,MS,CI,MS122
MS122_CI__10X_17_grch38:CAGAGAGGTCAAAGCGx,MS,CI,MS122
MS122_CI__10X_17_grch38:CAGCATAGTTGATTCGx,MS,CI,MS122
MS122_CI__10X_17_grch38:CAGTAACAGGCTAGCAx,MS,CI,MS122
MS122_CI__10X_17_grch38:CAGTAACTCGTACGGCx,MS,CI,MS122
MS122_CI__10X_17_grch38:CAGTCCTCACCACCAGx,MS,CI,MS122
MS122_CI__10X_17_grch38:CATATTCTCTTTAGTCx,MS,CI,MS122
MS122_CI__10X_17_grch38:CATCGGGCATCTCGCTx,MS,CI,MS122
MS122_CI__10X_17_grch38:CATGACAGTGACAAATx,MS,CI,MS122
MS122_CI__10X_17_grch38:CATGACAGTTGGACCCx,MS,CI,MS122
MS122_CI__10X_17_grch38:CCAATCCAGGTGATATx,MS,CI,MS122
MS122_CI__10X_17_grch38:CCCTCCTTCCACGACGx,MS,CI,MS122
MS122_CI__10X_17_grch38:CCGGTAGTCTGAGGGAx,MS,CI,MS122
MS122_CI__10X_17_grch38:CCTAGCTAGGAATTACx,MS,CI,MS122
MS122_CI__10X_17_grch38:CGATGGCAGTAGGCCAx,MS,CI,MS122
MS122_CI__10X_17_grch38:CGGACGTGTTACGGAGx,MS,CI,MS122
MS122_CI__10X_17_grch38:CGTAGGCTCCAATGGTx,MS,CI,MS122
MS122_CI__10X_17_grch38:CGTGAGCCACAACGTTx,MS,CI,MS122
MS122_CI__10X_17_grch38:CTAAGACGTTATCACGx,MS,CI,MS122
MS122_CI__10X_17_grch38:CTACACCCAGCCTTGGx,MS,CI,MS122
MS122_CI__10X_17_grch38:CTCGAAAAGGCGTACAx,MS,CI,MS122
MS122_CI__10X_17_grch38:CTCGAGGAGACAGAGAx,MS,CI,MS122
MS122_CI__10X_17_grch38:CTCGGAGGTGTTAAGAx,MS,CI,MS122
MS122_CI__10X_17_grch38:CTCGGGAGTTGAGTTCx,MS,CI,MS122
MS122_CI__10X_17_grch38:CTCGGGATCCTACAGAx,MS,CI,MS122
MS122_CI__10X_17_grch38:CTCTGGTAGTGATCGGx,MS,CI,MS122
MS122_CI__10X_17_grch38:CTGCCTACACAGATTCx,MS,CI,MS122
MS122_CI__10X_17_grch38:CTGCCTATCGACCAGCx,MS,CI,MS122
MS122_CI__10X_17_grch38:CTGTGCTAGTAACCCTx,MS,CI,MS122
MS122_CI__10X_17_grch38:GAAACTCTCATTTGGGx,MS,CI,MS122
MS122_CI__10X_17_grch38:GAATAAGAGCGTGAGTx,MS,CI,MS122
MS122_CI__10X_17_grch38:GACGTGCGTTGTCTTTx,MS,CI,MS122
MS122_CI__10X_17_grch38:GATTCAGGTGCGCTTGx,MS,CI,MS122
MS122_CI__10X_17_grch38:GATTCAGTCGCCTGTTx,MS,CI,MS122
MS122_CI__10X_17_grch38:GCAGCCACAGGGTATGx,MS,CI,MS122
MS122_CI__10X_17_grch38:GCATACAAGGATATACx,MS,CI,MS122
MS122_CI__10X_17_grch38:GCATGATTCCGTAGGCx,MS,CI,MS122
MS122_CI__10X_17_grch38:GCGCGATAGATCCGAGx,MS,CI,MS122
MS122_CI__10X_17_grch38:GCTGCAGTCCTCAATTx,MS,CI,MS122
MS122_CI__10X_17_grch38:GGACAGACAAACCCATx,MS,CI,MS122
MS122_CI__10X_17_grch38:GGCTCGAAGATGTCGGx,MS,CI,MS122
MS122_CI__10X_17_grch38:GGCTGGTTCATCTGTTx,MS,CI,MS122
MS122_CI__10X_17_grch38:GGGAGATGTACGAAATx,MS,CI,MS122
MS122_CI__10X_17_grch38:GGGTCTGGTATAGGGCx,MS,CI,MS122
MS122_CI__10X_17_grch38:GGGTCTGGTGTAACGGx,MS,CI,MS122
MS122_CI__10X_17_grch38:GGTATTGAGGTAAACTx,MS,CI,MS122
MS122_CI__10X_17_grch38:GGTGTTACACATAACCx,MS,CI,MS122
MS122_CI__10X_17_grch38:GTACGTACAGCTTCGGx,MS,CI,MS122
MS122_CI__10X_17_grch38:GTACTCCCACCGTTGGx,MS,CI,MS122
MS122_CI__10X_17_grch38:GTCATTTAGTATCGAAx,MS,CI,MS122
MS122_CI__10X_17_grch38:GTCGTAATCGCGTTTCx,MS,CI,MS122
MS122_CI__10X_17_grch38:GTGCAGCGTACATGTCx,MS,CI,MS122
MS122_CI__10X_17_grch38:TAAACCGCATTATCTCx,MS,CI,MS122
MS122_CI__10X_17_grch38:TAAACCGGTTCATGGTx,MS,CI,MS122
MS122_CI__10X_17_grch38:TAAACCGTCACATAGCx,MS,CI,MS122
MS122_CI__10X_17_grch38:TACAGTGAGCTTTGGTx,MS,CI,MS122
MS122_CI__10X_17_grch38:TACCTATTCCACTCCAx,MS,CI,MS122
MS122_CI__10X_17_grch38:TACGGTAAGTATTGGAx,MS,CI,MS122
MS122_CI__10X_17_grch38:TAGCCGGGTACCGCTGx,MS,CI,MS122
MS122_CI__10X_17_grch38:TCAGCTCAGTCGTTTGx,MS,CI,MS122
MS122_CI__10X_17_grch38:TGAAAGAAGTGCGTGAx,MS,CI,MS122
MS122_CI__10X_17_grch38:TGCGCAGCACACCGACx,MS,CI,MS122
MS122_CI__10X_17_grch38:TGGGCGTTCTGCTTGCx,MS,CI,MS122
MS122_CI__10X_17_grch38:TGTGGTACACGGCCATx,MS,CI,MS122
MS122_CI__10X_17_grch38:TGTGTTTTCCCACTTGx,MS,CI,MS122
MS122_CI__10X_17_grch38:TTCCCAGGTATAAACGx,MS,CI,MS122
MS122_A__10X_17_grch38:AAACGGGCAGACTCGCx,MS,A,MS122
MS122_A__10X_17_grch38:AACACGTCAACACGCCx,MS,A,MS122
MS122_A__10X_17_grch38:AACCATGTCGGTTAACx,MS,A,MS122
MS122_A__10X_17_grch38:AAGACCTAGGACATTAx,MS,A,MS122
MS122_A__10X_17_grch38:AAGCCGCAGGGTTCCCx,MS,A,MS122
MS122_A__10X_17_grch38:AAGGTTCGTATGCTTGx,MS,A,MS122
MS122_A__10X_17_grch38:AAGTCTGGTCATCCCTx,MS,A,MS122
MS122_A__10X_17_grch38:AATCCAGCAGTGAGTGx,MS,A,MS122
MS122_A__10X_17_grch38:ACCTTTAAGGTAGCTGx,MS,A,MS122
MS122_A__10X_17_grch38:ACCTTTAGTTGCGTTAx,MS,A,MS122
MS122_A__10X_17_grch38:ACGAGCCAGAGGACGGx,MS,A,MS122
MS122_A__10X_17_grch38:ACGAGCCAGGATGGTCx,MS,A,MS122
MS122_A__10X_17_grch38:ACGCCAGCAGCAGTTTx,MS,A,MS122
MS122_A__10X_17_grch38:ACGGGCTAGCCACTATx,MS,A,MS122
MS122_A__10X_17_grch38:ACGTCAACATTCTTACx,MS,A,MS122
MS122_A__10X_17_grch38:ACTTACTCACGAAACGx,MS,A,MS122
MS122_A__10X_17_grch38:ACTTACTGTCTAGGTTx,MS,A,MS122
MS122_A__10X_17_grch38:ACTTACTTCGGTTCGGx,MS,A,MS122
MS122_A__10X_17_grch38:ACTTGTTTCTGCAGTAx,MS,A,MS122
MS122_A__10X_17_grch38:AGAGCTTCAGCCTATAx,MS,A,MS122
MS122_A__10X_17_grch38:AGTGGGAAGTACATGAx,MS,A,MS122
MS122_A__10X_17_grch38:ATGAGGGCAGTAAGATx,MS,A,MS122
MS122_A__10X_17_grch38:CAACTAGAGCTACCTAx,MS,A,MS122
MS122_A__10X_17_grch38:CAAGATCTCATCATTCx,MS,A,MS122
MS122_A__10X_17_grch38:CAAGTTGTCCAATGGTx,MS,A,MS122
MS122_A__10X_17_grch38:CACACTCGTCTCCCTAx,MS,A,MS122
MS122_A__10X_17_grch38:CACAGGCGTCTGCCAGx,MS,A,MS122
MS122_A__10X_17_grch38:CACATAGGTACGCACCx,MS,A,MS122
MS122_A__10X_17_grch38:CAGAATCCAGGAATGCx,MS,A,MS122
MS122_A__10X_17_grch38:CATATGGTCCCTTGCAx,MS,A,MS122
MS122_A__10X_17_grch38:CATCCACAGCAGACTGx,MS,A,MS122
MS122_A__10X_17_grch38:CATTATCTCAGCGATTx,MS,A,MS122
MS122_A__10X_17_grch38:CCAATCCGTATATGGAx,MS,A,MS122
MS122_A__10X_17_grch38:CCACCTAAGCGCCTTGx,MS,A,MS122
MS122_A__10X_17_grch38:CCAGCGATCTTTAGGGx,MS,A,MS122
MS122_A__10X_17_grch38:CCATGTCGTAGCACGAx,MS,A,MS122
MS122_A__10X_17_grch38:CCCAATCGTCATCCCTx,MS,A,MS122
MS122_A__10X_17_grch38:CCTCAGTAGATCCCATx,MS,A,MS122
MS122_A__10X_17_grch38:CCTCTGACAAGCGAGTx,MS,A,MS122
MS122_A__10X_17_grch38:CCTTACGCAACACCCGx,MS,A,MS122
MS122_A__10X_17_grch38:CCTTTCTCACCAGGCTx,MS,A,MS122
MS122_A__10X_17_grch38:CGAGCCACAAGTCATCx,MS,A,MS122
MS122_A__10X_17_grch38:CGATGGCAGAGGTTATx,MS,A,MS122
MS122_A__10X_17_grch38:CGCGTTTGTTAAGACAx,MS,A,MS122
MS122_A__10X_17_grch38:CGCTGGATCGCAAACTx,MS,A,MS122
MS122_A__10X_17_grch38:CGGGTCACATCCTTGCx,MS,A,MS122
MS122_A__10X_17_grch38:CGTAGGCTCTTTAGGGx,MS,A,MS122
MS122_A__10X_17_grch38:CGTGTCTAGTTGTCGTx,MS,A,MS122
MS122_A__10X_17_grch38:CTACACCAGCCGATTTx,MS,A,MS122
MS122_A__10X_17_grch38:CTCGTCAAGAAGAAGCx,MS,A,MS122
MS122_A__10X_17_grch38:CTCTGGTGTGCGAAACx,MS,A,MS122
MS122_A__10X_17_grch38:CTGTGCTAGCGCTTATx,MS,A,MS122
MS122_A__10X_17_grch38:CTTAACTTCCTATTCAx,MS,A,MS122
MS122_A__10X_17_grch38:CTTCTCTGTGTGAATAx,MS,A,MS122
MS122_A__10X_17_grch38:GAACATCTCACAGGCCx,MS,A,MS122
MS122_A__10X_17_grch38:GAACCTAAGTATTGGAx,MS,A,MS122
MS122_A__10X_17_grch38:GAACGGAAGTCATGCTx,MS,A,MS122
MS122_A__10X_17_grch38:GAATAAGAGCCTCGTGx,MS,A,MS122
MS122_A__10X_17_grch38:GACACGCGTACTTCTTx,MS,A,MS122
MS122_A__10X_17_grch38:GACGGCTCACTTAACGx,MS,A,MS122
MS122_A__10X_17_grch38:GACTACACAGTACACTx,MS,A,MS122
MS122_A__10X_17_grch38:GACTGCGCATCATCCCx,MS,A,MS122
MS122_A__10X_17_grch38:GATCAGTCATGCTAGTx,MS,A,MS122
MS122_A__10X_17_grch38:GATCGCGCACAACTGTx,MS,A,MS122
MS122_A__10X_17_grch38:GATGAAACACGAAATAx,MS,A,MS122
MS122_A__10X_17_grch38:GCAGTTATCCGCATAAx,MS,A,MS122
MS122_A__10X_17_grch38:GCGCAACGTTCGGGCTx,MS,A,MS122
MS122_A__10X_17_grch38:GCGCAACTCGCGGATCx,MS,A,MS122
MS122_A__10X_17_grch38:GCGGGTTAGGATGGTCx,MS,A,MS122
MS122_A__10X_17_grch38:GCTCCTACAAAGGTGCx,MS,A,MS122
MS122_A__10X_17_grch38:GCTCCTACAATGAAACx,MS,A,MS122
MS122_A__10X_17_grch38:GGAAAGCCACACCGCAx,MS,A,MS122
MS122_A__10X_17_grch38:GGACAAGCATGAAGTAx,MS,A,MS122
MS122_A__10X_17_grch38:GGCAATTTCGCGTTTCx,MS,A,MS122
MS122_A__10X_17_grch38:GGCGACTAGTCAAGGCx,MS,A,MS122
MS122_A__10X_17_grch38:GGCTCGACATATACGCx,MS,A,MS122
MS122_A__10X_17_grch38:GGGAATGCAAACTGCTx,MS,A,MS122
MS122_A__10X_17_grch38:GGGCACTCATACGCCGx,MS,A,MS122
MS122_A__10X_17_grch38:GGGTTGCAGAGCTATAx,MS,A,MS122
MS122_A__10X_17_grch38:GTATTCTCAAGTCTGTx,MS,A,MS122
MS122_A__10X_17_grch38:GTCAAGTCAATCTACGx,MS,A,MS122
MS122_A__10X_17_grch38:GTGAAGGTCTGCAAGTx,MS,A,MS122
MS122_A__10X_17_grch38:GTGCATAGTAAGTAGTx,MS,A,MS122
MS122_A__10X_17_grch38:GTGGGTCGTATGAATGx,MS,A,MS122
MS122_A__10X_17_grch38:GTTCGGGTCAATCACGx,MS,A,MS122
MS122_A__10X_17_grch38:GTTCTCGCAGAAGCACx,MS,A,MS122
MS122_A__10X_17_grch38:TAAACCGTCATAAAGGx,MS,A,MS122
MS122_A__10X_17_grch38:TAAACCGTCGGGAGTAx,MS,A,MS122
MS122_A__10X_17_grch38:TACACGACAGGGATTGx,MS,A,MS122
MS122_A__10X_17_grch38:TACGGTATCCTAGTGAx,MS,A,MS122
MS122_A__10X_17_grch38:TACTTGTAGCATGGCAx,MS,A,MS122
MS122_A__10X_17_grch38:TACTTGTTCTGGCGTGx,MS,A,MS122
MS122_A__10X_17_grch38:TAGAGCTTCCGTAGGCx,MS,A,MS122
MS122_A__10X_17_grch38:TAGTGGTCACCCATGGx,MS,A,MS122
MS122_A__10X_17_grch38:TATCAGGAGGCTCATTx,MS,A,MS122
MS122_A__10X_17_grch38:TATCAGGGTCCAGTTAx,MS,A,MS122
MS122_A__10X_17_grch38:TATGCCCAGAGTACCGx,MS,A,MS122
MS122_A__10X_17_grch38:TCACAAGAGTCAAGGCx,MS,A,MS122
MS122_A__10X_17_grch38:TCAGGTACACGCCAGTx,MS,A,MS122
MS122_A__10X_17_grch38:TCAGGTATCTGATTCTx,MS,A,MS122
MS122_A__10X_17_grch38:TCCACACCATGTTGACx,MS,A,MS122
MS122_A__10X_17_grch38:TCGAGGCCAGCCTGTGx,MS,A,MS122
MS122_A__10X_17_grch38:TCGCGAGTCTTACCGCx,MS,A,MS122
MS122_A__10X_17_grch38:TCGCGTTGTATGCTTGx,MS,A,MS122
MS122_A__10X_17_grch38:TGACAACTCTGCAAGTx,MS,A,MS122
MS122_A__10X_17_grch38:TGACTTTCAATGTAAGx,MS,A,MS122
MS122_A__10X_17_grch38:TGAGCCGCATGGTCATx,MS,A,MS122
MS122_A__10X_17_grch38:TGAGGGAGTGATAAGTx,MS,A,MS122
MS122_A__10X_17_grch38:TGGCCAGAGAGCTTCTx,MS,A,MS122
MS122_A__10X_17_grch38:TGGCTGGAGGTGCACAx,MS,A,MS122
MS122_A__10X_17_grch38:TGGTTAGCAGTATCTGx,MS,A,MS122
MS122_A__10X_17_grch38:TGTTCCGTCGGATGGAx,MS,A,MS122
MS122_A__10X_17_grch38:TTAACTCAGCGCCTCAx,MS,A,MS122
MS122_A__10X_17_grch38:TTATGCTGTAATCGTCx,MS,A,MS122
MS122_A__10X_17_grch38:TTATGCTGTACCATCAx,MS,A,MS122
MS122_A__10X_17_grch38:TTATGCTTCACCAGGCx,MS,A,MS122
MS122_A__10X_17_grch38:TTCCCAGGTAGAGTGCx,MS,A,MS122
MS122_A__10X_17_grch38:TTCTACAAGAGCTGGTx,MS,A,MS122
MS122_A__10X_17_grch38:TTCTCCTAGTGGGCTAx,MS,A,MS122
MS122_A__10X_17_grch38:TTGGAACCATCGTCGGx,MS,A,MS122
MS122_A__10X_17_grch38:TTTCCTCAGCCGATTTx,MS,A,MS122
MS122_A__10X_17_grch38:TTTGCGCTCCTTAATCx,MS,A,MS122
MS122_A__10X_17_grch38:TTTGTCAAGGGAGTAAx,MS,A,MS122
MS121_NAWM__10X_17_grch38:AAACGGGCATGATCCAx,MS,NAWM,MS121
MS121_NAWM__10X_17_grch38:ACACTGACATGACGGAx,MS,NAWM,MS121
MS121_NAWM__10X_17_grch38:AGCGGTCTCTACCAGAx,MS,NAWM,MS121
MS121_NAWM__10X_17_grch38:ATCCACCCACTTACGAx,MS,NAWM,MS121
MS121_NAWM__10X_17_grch38:CATCGGGAGATGGGTCx,MS,NAWM,MS121
MS121_NAWM__10X_17_grch38:CGAACATTCAAGGCTTx,MS,NAWM,MS121
MS121_NAWM__10X_17_grch38:CTAATGGCAACACCCGx,MS,NAWM,MS121
MS121_NAWM__10X_17_grch38:TAGCCGGTCCTCAACCx,MS,NAWM,MS121
MS121_NAWM__10X_17_grch38:TCTTTCCCATTAACCGx,MS,NAWM,MS121
MS121_NAWM__10X_17_grch38:TGAGCCGGTTGGACCCx,MS,NAWM,MS121
MS121_NAWM__10X_17_grch38:TGGACGCCAATCACACx,MS,NAWM,MS121
MS121_A3__10X_17_grch38:ACGCCGACATGGGAACx,MS,A,MS121
MS121_A3__10X_17_grch38:AGTGAGGAGATAGTCAx,MS,A,MS121
MS121_A3__10X_17_grch38:CAAGATCAGCTGGAACx,MS,A,MS121
MS121_A3__10X_17_grch38:CCGTGGACACTCTGTCx,MS,A,MS121
MS121_A3__10X_17_grch38:CTACCCATCCCTTGTGx,MS,A,MS121
MS121_A3__10X_17_grch38:CTGATCCGTTCAACCAx,MS,A,MS121
MS121_A3__10X_17_grch38:GCTGCTTAGAGTGAGAx,MS,A,MS121
MS121_A3__10X_17_grch38:GTAGGCCGTCTCCACTx,MS,A,MS121
MS121_A3__10X_17_grch38:GTCGGGTTCTGATACGx,MS,A,MS121
MS121_A3__10X_17_grch38:TAGTTGGGTATTCGTGx,MS,A,MS121
MS121_A3__10X_17_grch38:TGAAAGAAGCCACGTCx,MS,A,MS121
MS121_A2__10X_17_grch38:AACTGGTTCAATAAGGx,MS,A,MS121
MS121_A2__10X_17_grch38:AAGGAGCCAATACGCTx,MS,A,MS121
MS121_A2__10X_17_grch38:ACTTTCATCATTGCGAx,MS,A,MS121
MS121_A2__10X_17_grch38:AGTCTTTAGGAATCGCx,MS,A,MS121
MS121_A2__10X_17_grch38:ATTTCTGCAAGCGAGTx,MS,A,MS121
MS121_A2__10X_17_grch38:CAAGAAAGTCCTAGCGx,MS,A,MS121
MS121_A2__10X_17_grch38:CACCAGGAGGTAGCTGx,MS,A,MS121
MS121_A2__10X_17_grch38:CTCACACCAAGGTGTGx,MS,A,MS121
MS121_A2__10X_17_grch38:CTTCTCTAGCTAACAAx,MS,A,MS121
MS121_A2__10X_17_grch38:GACACGCGTCGATTGTx,MS,A,MS121
MS121_A2__10X_17_grch38:GTCTCGTAGTACGTTCx,MS,A,MS121
MS121_A2__10X_17_grch38:TCGGGACTCCGCATAAx,MS,A,MS121
MS121_A2__10X_17_grch38:TTCGAAGTCAGCTCTCx,MS,A,MS121
MS121_A2__10X_17_grch38:TTGCGTCTCTTAGCCCx,MS,A,MS121
MS121_CA__10X_17_grch38:AACTCAGCAATGAAACx,MS,CA,MS121
MS121_CA__10X_17_grch38:ACGCAGCTCGGCGCATx,MS,CA,MS121
MS121_CA__10X_17_grch38:ACGGAGACAGGCAGTAx,MS,CA,MS121
MS121_CA__10X_17_grch38:ATCACGATCTTGAGACx,MS,CA,MS121
MS121_CA__10X_17_grch38:ATGGGAGGTCGCGGTTx,MS,CA,MS121
MS121_CA__10X_17_grch38:ATTCTACCAACGATGGx,MS,CA,MS121
MS121_CA__10X_17_grch38:CAAGTTGGTATGGTTCx,MS,CA,MS121
MS121_CA__10X_17_grch38:CACACTCCAATCACACx,MS,CA,MS121
MS121_CA__10X_17_grch38:CACAGGCCAAGCCGCTx,MS,CA,MS121
MS121_CA__10X_17_grch38:CCACGGACACTAAGTCx,MS,CA,MS121
MS121_CA__10X_17_grch38:CGGTTAATCACGCGGTx,MS,CA,MS121
MS121_CA__10X_17_grch38:CTCACACCAATCACACx,MS,CA,MS121
MS121_CA__10X_17_grch38:GCCAAATAGATATACGx,MS,CA,MS121
MS121_CA__10X_17_grch38:GCCTCTACACACCGACx,MS,CA,MS121
MS121_CA__10X_17_grch38:GCGCCAAGTTGATTGCx,MS,CA,MS121
MS121_CA__10X_17_grch38:GGAAAGCGTCCAGTTAx,MS,CA,MS121
MS121_CA__10X_17_grch38:GGGACCTCAAGTTAAGx,MS,CA,MS121
MS121_CA__10X_17_grch38:TAAGAGAGTATGCTTGx,MS,CA,MS121
MS121_CA__10X_17_grch38:TACTTACGTAGCCTCGx,MS,CA,MS121
MS121_CA__10X_17_grch38:TAGTTGGGTTAAGACAx,MS,CA,MS121
MS121_CA__10X_17_grch38:TCAGGATTCCAGAAGGx,MS,CA,MS121
MS121_CA__10X_17_grch38:TGCTGCTTCCCTTGCAx,MS,CA,MS121
MS121_CA__10X_17_grch38:TGGCTGGTCAGCAACTx,MS,CA,MS121
MS121_CA__10X_17_grch38:TGGGCGTAGTCCTCCTx,MS,CA,MS121
MS121_CA__10X_17_grch38:TTGAACGAGAAGGTGAx,MS,CA,MS121
MS122_CI__10X_17_grch38:GGCGACTCATCTCCCAx,MS,CI,MS122
CO25__10X_17_grch38:ATTGGTGTCGGTCTAAx,normal,Ctrl,CO25
MS122_CI__10X_17_grch38:CATCAAGTCACGACTAx,MS,CI,MS122
MS122_CI__10X_17_grch38:TGCGGGTCACTACAGTx,MS,CI,MS122
MS122_A__10X_17_grch38:AACCATGGTAAACGCGx,MS,A,MS122
MS122_A__10X_17_grch38:CGGTTAAAGAGACGAAx,MS,A,MS122
MS122_A__10X_17_grch38:CTGGTCTAGATCTGCTx,MS,A,MS122
MS122_A__10X_17_grch38:GAACCTACATACAGCTx,MS,A,MS122
MS122_A__10X_17_grch38:GCTCCTAAGGTGGGTTx,MS,A,MS122
MS122_A__10X_17_grch38:GCTTGAAAGGGCTTCCx,MS,A,MS122
MS122_A__10X_17_grch38:GTCTCGTAGACACGACx,MS,A,MS122
MS122_A__10X_17_grch38:TAGAGCTTCACTGGGCx,MS,A,MS122
MS122_A__10X_17_grch38:TGCACCTAGACTAGATx,MS,A,MS122
CO25__10X_17_grch38:CCCTCCTTCCTATTCAx,normal,Ctrl,CO25
CO25__10X_17_grch38:CGCTATCGTCTCTTATx,normal,Ctrl,CO25
CO25__10X_17_grch38:GGTGCGTCAAGCCTATx,normal,Ctrl,CO25
CO25__10X_17_grch38:TATGCCCAGATCGATAx,normal,Ctrl,CO25
MS176_NAWM__10X_17_grch38:ACTGATGTCCTAGAACx,MS,NAWM,MS176
MS176_NAWM__10X_17_grch38:CGGACTGAGCTATGCTx,MS,NAWM,MS176
MS176_NAWM__10X_17_grch38:CTCGAAATCTAACCGAx,MS,NAWM,MS176
MS176_NAWM__10X_17_grch38:GTATCTTTCATGTAGCx,MS,NAWM,MS176
MS176_NAWM__10X_17_grch38:GTGAAGGGTCACCCAGx,MS,NAWM,MS176
MS176_NAWM__10X_17_grch38:TGGGCGTTCTCGTATTx,MS,NAWM,MS176
MS176_RM__10X_17_grch38:TACCTTAAGAGGTAGAx,MS,RM,MS176
MS176_RM__10X_17_grch38:TTAGGCATCGGCTTGGx,MS,RM,MS176
MS176_CA__10X_17_grch38:GCACATAAGTATGACAx,MS,CA,MS176
MS176_CA__10X_17_grch38:GCTCCTATCCATGAACx,MS,CA,MS176
CO39__10X_17_grch38:ACATGGTTCCGCAGTGx,normal,Ctrl,CO39
CO39__10X_17_grch38:AGCGTCGAGACAGAGAx,normal,Ctrl,CO39
CO39__10X_17_grch38:ATGGGAGAGACGCTTTx,normal,Ctrl,CO39
CO39__10X_17_grch38:CTTAACTTCACCCTCAx,normal,Ctrl,CO39
CO14__10X_17_grch38:AACTCAGTCGGTGTCGx,normal,Ctrl,CO14
CO14__10X_17_grch38:AAGGCAGGTTCACCTCx,normal,Ctrl,CO14
CO14__10X_17_grch38:ACACCCTGTTACGTCAx,normal,Ctrl,CO14
CO14__10X_17_grch38:ACGATGTTCGGATGGAx,normal,Ctrl,CO14
CO14__10X_17_grch38:CATATTCAGATGAGAGx,normal,Ctrl,CO14
CO14__10X_17_grch38:CGCTATCGTCCAGTATx,normal,Ctrl,CO14
CO14__10X_17_grch38:CTAGAGTGTTGTCTTTx,normal,Ctrl,CO14
CO14__10X_17_grch38:CTCATTATCGGCGCTAx,normal,Ctrl,CO14
CO14__10X_17_grch38:CTCGAGGAGAGGTTATx,normal,Ctrl,CO14
CO14__10X_17_grch38:CTCTACGGTGTTTGGTx,normal,Ctrl,CO14
CO14__10X_17_grch38:CTGGTCTAGTCGTACTx,normal,Ctrl,CO14
CO14__10X_17_grch38:GATCGATGTACATCCAx,normal,Ctrl,CO14
CO14__10X_17_grch38:GCAGCCACATGACGGAx,normal,Ctrl,CO14
CO14__10X_17_grch38:GCTGCGACAAAGGAAGx,normal,Ctrl,CO14
CO14__10X_17_grch38:GGAAAGCGTGCACGAAx,normal,Ctrl,CO14
CO14__10X_17_grch38:GGACAAGCATTCTCATx,normal,Ctrl,CO14
CO14__10X_17_grch38:GGAGCAAAGGGTGTTGx,normal,Ctrl,CO14
CO14__10X_17_grch38:GGATGTTGTTGGGACAx,normal,Ctrl,CO14
CO14__10X_17_grch38:GTCTCGTGTATGCTTGx,normal,Ctrl,CO14
CO14__10X_17_grch38:GTTTCTAAGCTGAACGx,normal,Ctrl,CO14
CO14__10X_17_grch38:TACACGAAGTGTCCATx,normal,Ctrl,CO14
CO14__10X_17_grch38:TAGCCGGTCATACGGTx,normal,Ctrl,CO14
CO14__10X_17_grch38:TCGTACCCAACACGCCx,normal,Ctrl,CO14
CO14__10X_17_grch38:TGCACCTGTGTTTGTGx,normal,Ctrl,CO14
CO14__10X_17_grch38:TTGACTTCAGCTGTGCx,normal,Ctrl,CO14
MS122_NAWM__10X_17_grch38:AAGGTTCGTTACGACTx,MS,NAWM,MS122
MS122_NAWM__10X_17_grch38:GCACTCTGTCACTTCCx,MS,NAWM,MS122
MS122_NAWM__10X_17_grch38:GTCGGGTGTCGCCATGx,MS,NAWM,MS122
MS122_NAWM__10X_17_grch38:TCACAAGGTGGGTATGx,MS,NAWM,MS122
MS122_NAWM__10X_17_grch38:TCAGGTATCTTACCTAx,MS,NAWM,MS122
MS122_NAWM__10X_17_grch38:TCATTACTCAGCATGTx,MS,NAWM,MS122
MS122_NAWM__10X_17_grch38:TTATGCTAGCAAATCAx,MS,NAWM,MS122
MS122_CI__10X_17_grch38:AGCGTCGAGGCTCATTx,MS,CI,MS122
MS122_CI__10X_17_grch38:ATTCTACGTCAGTGGAx,MS,CI,MS122
MS122_CI__10X_17_grch38:CAACCTCCATCCTAGAx,MS,CI,MS122
MS122_CI__10X_17_grch38:CGATGGCAGACAATACx,MS,CI,MS122
MS122_CI__10X_17_grch38:CGTTGGGCAGATGGCAx,MS,CI,MS122
MS122_CI__10X_17_grch38:CTTAGGACACTGTGTAx,MS,CI,MS122
MS122_CI__10X_17_grch38:GCGCGATAGCCTTGATx,MS,CI,MS122
MS122_CI__10X_17_grch38:GGGAATGTCACGGTTAx,MS,CI,MS122
MS122_CI__10X_17_grch38:TACTTGTGTCTCCCTAx,MS,CI,MS122
MS122_CI__10X_17_grch38:TGGGAAGGTATTAGCCx,MS,CI,MS122
MS122_A__10X_17_grch38:AACACGTTCCAGAAGGx,MS,A,MS122
MS122_A__10X_17_grch38:ACTTACTCATCTATGGx,MS,A,MS122
MS122_A__10X_17_grch38:AGCCTAAGTCAGTGGAx,MS,A,MS122
MS122_A__10X_17_grch38:AGGCCGTAGGCAGGTTx,MS,A,MS122
MS122_A__10X_17_grch38:AGGTCATCAATCGAAAx,MS,A,MS122
MS122_A__10X_17_grch38:ATTATCCGTCTTCTCGx,MS,A,MS122
MS122_A__10X_17_grch38:CACACCTTCGCTTGTCx,MS,A,MS122
MS122_A__10X_17_grch38:CACATTTGTACGACCCx,MS,A,MS122
MS122_A__10X_17_grch38:CACCACTCATATGGTCx,MS,A,MS122
MS122_A__10X_17_grch38:CAGCGACCATATGGTCx,MS,A,MS122
MS122_A__10X_17_grch38:CATCGAATCAAACCACx,MS,A,MS122
MS122_A__10X_17_grch38:CATCGAATCTATCCTAx,MS,A,MS122
MS122_A__10X_17_grch38:CATGCCTGTACTCTCCx,MS,A,MS122
MS122_A__10X_17_grch38:CCTTACGCACAAGCCCx,MS,A,MS122
MS122_A__10X_17_grch38:CGACTTCAGCCAGTTTx,MS,A,MS122
MS122_A__10X_17_grch38:CGAGCCAAGGATTCGGx,MS,A,MS122
MS122_A__10X_17_grch38:CGGGTCAGTGCGAAACx,MS,A,MS122
MS122_A__10X_17_grch38:CGTAGCGAGCAGATCGx,MS,A,MS122
MS122_A__10X_17_grch38:CGTCCATTCGTAGGTTx,MS,A,MS122
MS122_A__10X_17_grch38:CTACATTCAGTCAGCCx,MS,A,MS122
MS122_A__10X_17_grch38:CTAGTGAAGAGTCGGTx,MS,A,MS122
MS122_A__10X_17_grch38:CTCCTAGTCTGAAAGAx,MS,A,MS122
MS122_A__10X_17_grch38:CTCGAGGGTAGCGTCCx,MS,A,MS122
MS122_A__10X_17_grch38:CTTAGGACATCACGATx,MS,A,MS122
MS122_A__10X_17_grch38:GACGGCTTCGCATGGCx,MS,A,MS122
MS122_A__10X_17_grch38:GGACAGAGTCACCCAGx,MS,A,MS122
MS122_A__10X_17_grch38:GGCGTGTTCCCACTTGx,MS,A,MS122
MS122_A__10X_17_grch38:GTCACAAAGCGTAGTGx,MS,A,MS122
MS122_A__10X_17_grch38:GTGCTTCCATGTCTCCx,MS,A,MS122
MS122_A__10X_17_grch38:TCGGGACGTTGGAGGTx,MS,A,MS122
MS122_A__10X_17_grch38:TCTGAGAGTGTAACGGx,MS,A,MS122
MS122_A__10X_17_grch38:TGATTTCTCAGCACATx,MS,A,MS122
MS121_NAWM__10X_17_grch38:AAACGGGCATGGTCTAx,MS,NAWM,MS121
MS121_NAWM__10X_17_grch38:AACACGTGTGAAGGCTx,MS,NAWM,MS121
MS121_NAWM__10X_17_grch38:AACTGGTAGAAGAAGCx,MS,NAWM,MS121
MS121_NAWM__10X_17_grch38:AAGCCGCCATTGGTACx,MS,NAWM,MS121
MS121_NAWM__10X_17_grch38:AAGGCAGGTCTCAACAx,MS,NAWM,MS121
MS121_NAWM__10X_17_grch38:ACACCCTTCAACACGTx,MS,NAWM,MS121
MS121_NAWM__10X_17_grch38:ACGAGGATCATGCAACx,MS,NAWM,MS121
MS121_NAWM__10X_17_grch38:ACGATACAGTAGTGCGx,MS,NAWM,MS121
MS121_NAWM__10X_17_grch38:ACGATACTCCATTCTAx,MS,NAWM,MS121
MS121_NAWM__10X_17_grch38:ACGCCAGTCCCTTGTGx,MS,NAWM,MS121
MS121_NAWM__10X_17_grch38:ACTGATGAGTGTACGGx,MS,NAWM,MS121
MS121_NAWM__10X_17_grch38:ACTGCTCAGCACAGGTx,MS,NAWM,MS121
MS121_NAWM__10X_17_grch38:ACTTACTTCACAAACCx,MS,NAWM,MS121
MS121_NAWM__10X_17_grch38:ACTTGTTCATAACCTGx,MS,NAWM,MS121
MS121_NAWM__10X_17_grch38:AGAGCGAAGACAGACCx,MS,NAWM,MS121
MS121_NAWM__10X_17_grch38:AGAGTGGTCTCGCTTGx,MS,NAWM,MS121
MS121_NAWM__10X_17_grch38:AGCCTAAAGAAAGTGGx,MS,NAWM,MS121
MS121_NAWM__10X_17_grch38:AGCGTATAGACCTTTGx,MS,NAWM,MS121
MS121_NAWM__10X_17_grch38:AGGCCACGTATAGTAGx,MS,NAWM,MS121
MS121_NAWM__10X_17_grch38:AGGCCGTAGGAGCGTTx,MS,NAWM,MS121
MS121_NAWM__10X_17_grch38:AGGGATGAGTTACGGGx,MS,NAWM,MS121
MS121_NAWM__10X_17_grch38:AGTGGGATCGGTGTTAx,MS,NAWM,MS121
MS121_NAWM__10X_17_grch38:ATCCGAACAAGAGTCGx,MS,NAWM,MS121
MS121_NAWM__10X_17_grch38:ATCCGAACAGCGAACAx,MS,NAWM,MS121
MS121_NAWM__10X_17_grch38:ATCGAGTAGGGTATCGx,MS,NAWM,MS121
MS121_NAWM__10X_17_grch38:ATCGAGTCAAGACACGx,MS,NAWM,MS121
MS121_NAWM__10X_17_grch38:ATTCTACTCTTCGGTCx,MS,NAWM,MS121
MS121_NAWM__10X_17_grch38:ATTGGTGGTAGCCTATx,MS,NAWM,MS121
MS121_NAWM__10X_17_grch38:CAACTAGGTAGAAGGAx,MS,NAWM,MS121
MS121_NAWM__10X_17_grch38:CACACTCAGGGATGGGx,MS,NAWM,MS121
MS121_NAWM__10X_17_grch38:CACATAGAGCGATGACx,MS,NAWM,MS121
MS121_NAWM__10X_17_grch38:CACATTTTCTGGGCCAx,MS,NAWM,MS121
MS121_NAWM__10X_17_grch38:CACTCCATCTAAGCCAx,MS,NAWM,MS121
MS121_NAWM__10X_17_grch38:CAGAATCTCAAACCACx,MS,NAWM,MS121
MS121_NAWM__10X_17_grch38:CAGCAGCTCTGTACGAx,MS,NAWM,MS121
MS121_NAWM__10X_17_grch38:CAGCCGACAGGTCCACx,MS,NAWM,MS121
MS121_NAWM__10X_17_grch38:CAGCGACTCCTATTCAx,MS,NAWM,MS121
MS121_NAWM__10X_17_grch38:CAGCTGGCACTCTGTCx,MS,NAWM,MS121
MS121_NAWM__10X_17_grch38:CATCAAGGTCTTTCATx,MS,NAWM,MS121
MS121_NAWM__10X_17_grch38:CATTATCGTTGGACCCx,MS,NAWM,MS121
MS121_NAWM__10X_17_grch38:CCACGGAGTACATGTCx,MS,NAWM,MS121
MS121_NAWM__10X_17_grch38:CCCTCCTCACACATGTx,MS,NAWM,MS121
MS121_NAWM__10X_17_grch38:CCTAGCTGTTAAGTAGx,MS,NAWM,MS121
MS121_NAWM__10X_17_grch38:CCTTACGAGCTTCGCGx,MS,NAWM,MS121
MS121_NAWM__10X_17_grch38:CCTTCCCCAAAGGAAGx,MS,NAWM,MS121
MS121_NAWM__10X_17_grch38:CGATGGCCACATCCAAx,MS,NAWM,MS121
MS121_NAWM__10X_17_grch38:CGGACTGGTTGAACTCx,MS,NAWM,MS121
MS121_NAWM__10X_17_grch38:CGGACTGTCCCTGACTx,MS,NAWM,MS121
MS121_NAWM__10X_17_grch38:CGGAGTCAGCGATTCTx,MS,NAWM,MS121
MS121_NAWM__10X_17_grch38:CGGAGTCGTGAGTGACx,MS,NAWM,MS121
MS121_NAWM__10X_17_grch38:CGGCTAGTCAAGGCTTx,MS,NAWM,MS121
MS121_NAWM__10X_17_grch38:CGGTTAATCAAGAAGTx,MS,NAWM,MS121
MS121_NAWM__10X_17_grch38:CGTGTAAGTAGCACGAx,MS,NAWM,MS121
MS121_NAWM__10X_17_grch38:CGTTGGGAGAACAATCx,MS,NAWM,MS121
MS121_NAWM__10X_17_grch38:CGTTGGGGTACCGTATx,MS,NAWM,MS121
MS121_NAWM__10X_17_grch38:CTACACCTCCCTTGCAx,MS,NAWM,MS121
MS121_NAWM__10X_17_grch38:CTACATTAGCGTAATAx,MS,NAWM,MS121
MS121_NAWM__10X_17_grch38:CTACATTAGTCAAGCGx,MS,NAWM,MS121
MS121_NAWM__10X_17_grch38:CTAGAGTAGGAGCGTTx,MS,NAWM,MS121
MS121_NAWM__10X_17_grch38:CTGATCCTCGCCTGAGx,MS,NAWM,MS121
MS121_NAWM__10X_17_grch38:GAACCTAGTACCATCAx,MS,NAWM,MS121
MS121_NAWM__10X_17_grch38:GAATAAGGTACCGCTGx,MS,NAWM,MS121
MS121_NAWM__10X_17_grch38:GACAGAGTCTTAACCTx,MS,NAWM,MS121
MS121_NAWM__10X_17_grch38:GACTACACAATGGTCTx,MS,NAWM,MS121
MS121_NAWM__10X_17_grch38:GATCGATCACAACTGTx,MS,NAWM,MS121
MS121_NAWM__10X_17_grch38:GATCGTAAGGGTATCGx,MS,NAWM,MS121
MS121_NAWM__10X_17_grch38:GATGAGGCATCCGTGGx,MS,NAWM,MS121
MS121_NAWM__10X_17_grch38:GATGAGGCATCGGAAGx,MS,NAWM,MS121
MS121_NAWM__10X_17_grch38:GCAATCAGTGTATGGGx,MS,NAWM,MS121
MS121_NAWM__10X_17_grch38:GCAGTTAAGAAGAAGCx,MS,NAWM,MS121
MS121_NAWM__10X_17_grch38:GCATGATCATGTTCCCx,MS,NAWM,MS121
MS121_NAWM__10X_17_grch38:GCCAAATGTTTAGCTGx,MS,NAWM,MS121
MS121_NAWM__10X_17_grch38:GCGACCACAAAGTCAAx,MS,NAWM,MS121
MS121_NAWM__10X_17_grch38:GCGCAACTCAGGCGAAx,MS,NAWM,MS121
MS121_NAWM__10X_17_grch38:GCGCAGTCATAGACTCx,MS,NAWM,MS121
MS121_NAWM__10X_17_grch38:GCGCGATAGTGAAGTTx,MS,NAWM,MS121
MS121_NAWM__10X_17_grch38:GCGCGATGTATTCTCTx,MS,NAWM,MS121
MS121_NAWM__10X_17_grch38:GCTCCTAAGTGGCACAx,MS,NAWM,MS121
MS121_NAWM__10X_17_grch38:GCTCTGTAGAGGTAGAx,MS,NAWM,MS121
MS121_NAWM__10X_17_grch38:GCTCTGTCATGCAATCx,MS,NAWM,MS121
MS121_NAWM__10X_17_grch38:GGACGTCTCAACGCTAx,MS,NAWM,MS121
MS121_NAWM__10X_17_grch38:GGAGCAACACCTGGTGx,MS,NAWM,MS121
MS121_NAWM__10X_17_grch38:GGATTACAGCCCAGCTx,MS,NAWM,MS121
MS121_NAWM__10X_17_grch38:GGATTACGTTGGTGGAx,MS,NAWM,MS121
MS121_NAWM__10X_17_grch38:GGCCGATGTCGCTTCTx,MS,NAWM,MS121
MS121_NAWM__10X_17_grch38:GGCTCGAAGTCGTTTGx,MS,NAWM,MS121
MS121_NAWM__10X_17_grch38:GGGACCTGTAGGAGTCx,MS,NAWM,MS121
MS121_NAWM__10X_17_grch38:GGGAGATGTACAGCAGx,MS,NAWM,MS121
MS121_NAWM__10X_17_grch38:GGGAGATGTAGCTAAAx,MS,NAWM,MS121
MS121_NAWM__10X_17_grch38:GGTGAAGAGAGACTTAx,MS,NAWM,MS121
MS121_NAWM__10X_17_grch38:GTAACGTAGGATGGTCx,MS,NAWM,MS121
MS121_NAWM__10X_17_grch38:GTACTCCCAGACGTAGx,MS,NAWM,MS121
MS121_NAWM__10X_17_grch38:GTCAAGTGTACTCGCGx,MS,NAWM,MS121
MS121_NAWM__10X_17_grch38:GTCACAACAAACGCGAx,MS,NAWM,MS121
MS121_NAWM__10X_17_grch38:GTGAAGGAGCCGGTAAx,MS,NAWM,MS121
MS121_NAWM__10X_17_grch38:GTTCGGGCACATTTCTx,MS,NAWM,MS121
MS121_NAWM__10X_17_grch38:TACGGATCATTCTTACx,MS,NAWM,MS121
MS121_NAWM__10X_17_grch38:TACGGTAAGGCCCTCAx,MS,NAWM,MS121
MS121_NAWM__10X_17_grch38:TACGGTATCACTATTCx,MS,NAWM,MS121
MS121_NAWM__10X_17_grch38:TACTTGTCACGGTAAGx,MS,NAWM,MS121
MS121_NAWM__10X_17_grch38:TAGACCACACGGTAAGx,MS,NAWM,MS121
MS121_NAWM__10X_17_grch38:TAGGCATGTCCAGTTAx,MS,NAWM,MS121
MS121_NAWM__10X_17_grch38:TATCAGGCAAGCCGTCx,MS,NAWM,MS121
MS121_NAWM__10X_17_grch38:TCAACGACATGACATCx,MS,NAWM,MS121
MS121_NAWM__10X_17_grch38:TCAGATGTCCCTGACTx,MS,NAWM,MS121
MS121_NAWM__10X_17_grch38:TCAGGATCACCTGGTGx,MS,NAWM,MS121
MS121_NAWM__10X_17_grch38:TCGAGGCGTGCGATAGx,MS,NAWM,MS121
MS121_NAWM__10X_17_grch38:TCGAGGCTCCCGGATGx,MS,NAWM,MS121
MS121_NAWM__10X_17_grch38:TCGAGGCTCCTCAATTx,MS,NAWM,MS121
MS121_NAWM__10X_17_grch38:TCGGGACAGGCCCTCAx,MS,NAWM,MS121
MS121_NAWM__10X_17_grch38:TCGTACCCATACGCCGx,MS,NAWM,MS121
MS121_NAWM__10X_17_grch38:TCTATTGCACCACGTGx,MS,NAWM,MS121
MS121_NAWM__10X_17_grch38:TCTCTAACAACTGGCCx,MS,NAWM,MS121
MS121_NAWM__10X_17_grch38:TCTTCGGTCTTCGGTCx,MS,NAWM,MS121
MS121_NAWM__10X_17_grch38:TGACTTTAGCATGGCAx,MS,NAWM,MS121
MS121_NAWM__10X_17_grch38:TGAGCATGTCCATGATx,MS,NAWM,MS121
MS121_NAWM__10X_17_grch38:TGAGCCGAGTCCCACGx,MS,NAWM,MS121
MS121_NAWM__10X_17_grch38:TGAGCCGAGTCCGTATx,MS,NAWM,MS121
MS121_NAWM__10X_17_grch38:TGCACCTAGTCCAGGAx,MS,NAWM,MS121
MS121_NAWM__10X_17_grch38:TGCCAAAAGAGGGATAx,MS,NAWM,MS121
MS121_NAWM__10X_17_grch38:TGCCAAATCCGCGTTTx,MS,NAWM,MS121
MS121_NAWM__10X_17_grch38:TGCTACCAGTCAAGCGx,MS,NAWM,MS121
MS121_NAWM__10X_17_grch38:TGCTACCGTGTGAATAx,MS,NAWM,MS121
MS121_NAWM__10X_17_grch38:TGCTACCTCGGTGTTAx,MS,NAWM,MS121
MS121_NAWM__10X_17_grch38:TGGACGCAGGCCGAATx,MS,NAWM,MS121
MS121_NAWM__10X_17_grch38:TGGACGCGTCAGGACAx,MS,NAWM,MS121
MS121_NAWM__10X_17_grch38:TGGCCAGAGAGCTATAx,MS,NAWM,MS121
MS121_NAWM__10X_17_grch38:TGGCCAGCAGATCGGAx,MS,NAWM,MS121
MS121_NAWM__10X_17_grch38:TGGCGCAAGTAGCCGAx,MS,NAWM,MS121
MS121_NAWM__10X_17_grch38:TGGCGCATCACTATTCx,MS,NAWM,MS121
MS121_NAWM__10X_17_grch38:TGTATTCAGTGTCCCGx,MS,NAWM,MS121
MS121_NAWM__10X_17_grch38:TGTATTCCACATCCGGx,MS,NAWM,MS121
MS121_NAWM__10X_17_grch38:TTAGTTCAGCCGATTTx,MS,NAWM,MS121
MS121_NAWM__10X_17_grch38:TTATGCTTCTTTACGTx,MS,NAWM,MS121
MS121_NAWM__10X_17_grch38:TTGAACGCACATGTGTx,MS,NAWM,MS121
MS121_NAWM__10X_17_grch38:TTGAACGGTATATGAGx,MS,NAWM,MS121
MS121_NAWM__10X_17_grch38:TTGAACGTCCTCAATTx,MS,NAWM,MS121
MS121_NAWM__10X_17_grch38:TTGTAGGAGAGGGCTTx,MS,NAWM,MS121
MS121_NAWM__10X_17_grch38:TTGTAGGAGCTAAGATx,MS,NAWM,MS121
MS121_NAWM__10X_17_grch38:TTGTAGGCACTGAAGGx,MS,NAWM,MS121
MS121_NAWM__10X_17_grch38:TTTGCGCCACACATGTx,MS,NAWM,MS121
MS121_A3__10X_17_grch38:ACACCGGAGCGTTGCCx,MS,A,MS121
MS121_A3__10X_17_grch38:ACTGAACTCAGTTAGCx,MS,A,MS121
MS121_A3__10X_17_grch38:ACTGATGGTCACAAGGx,MS,A,MS121
MS121_A3__10X_17_grch38:ACTTGTTTCTACGAGTx,MS,A,MS121
MS121_A3__10X_17_grch38:AGGTCATGTGCCTGGTx,MS,A,MS121
MS121_A3__10X_17_grch38:ATCATGGGTTGTCGCGx,MS,A,MS121
MS121_A3__10X_17_grch38:ATGCGATAGAGTGACCx,MS,A,MS121
MS121_A3__10X_17_grch38:CAGATCAGTACTCGCGx,MS,A,MS121
MS121_A3__10X_17_grch38:CCCAATCGTCCATCCTx,MS,A,MS121
MS121_A3__10X_17_grch38:CGGGTCATCTGGCGACx,MS,A,MS121
MS121_A3__10X_17_grch38:CTGCGGAGTCAAGCGAx,MS,A,MS121
MS121_A3__10X_17_grch38:CTTAGGATCTCTGCTGx,MS,A,MS121
MS121_A3__10X_17_grch38:GAATGAACATTTGCCCx,MS,A,MS121
MS121_A3__10X_17_grch38:GACACGCGTCGCATCGx,MS,A,MS121
MS121_A3__10X_17_grch38:GAGCAGAAGCGATCCCx,MS,A,MS121
MS121_A3__10X_17_grch38:GCAAACTAGCTGGAACx,MS,A,MS121
MS121_A3__10X_17_grch38:GCAAACTCAGCTCGCAx,MS,A,MS121
MS121_A3__10X_17_grch38:GGAAAGCCAGGATTGGx,MS,A,MS121
MS121_A3__10X_17_grch38:GTTTCTAAGTTCGATCx,MS,A,MS121
MS121_A3__10X_17_grch38:TACCTTACAGCAGTTTx,MS,A,MS121
MS121_A3__10X_17_grch38:TCACAAGAGTTAGCGGx,MS,A,MS121
MS121_A3__10X_17_grch38:TCATTACCACTAGTACx,MS,A,MS121
MS121_A3__10X_17_grch38:TGAGAGGCAGGACGTAx,MS,A,MS121
MS121_A3__10X_17_grch38:TGAGCATTCTTGTACTx,MS,A,MS121
MS121_A3__10X_17_grch38:TTTCCTCCAAGGACTGx,MS,A,MS121
MS121_A2__10X_17_grch38:AACCATGGTAATCGTCx,MS,A,MS121
MS121_A2__10X_17_grch38:AACTCAGCACAGGTTTx,MS,A,MS121
MS121_A2__10X_17_grch38:ACAGCCGGTTATCCGAx,MS,A,MS121
MS121_A2__10X_17_grch38:ACATACGGTCACCTAAx,MS,A,MS121
MS121_A2__10X_17_grch38:ACCAGTAAGATGTGTAx,MS,A,MS121
MS121_A2__10X_17_grch38:ACGATACTCTAACGGTx,MS,A,MS121
MS121_A2__10X_17_grch38:ACGCCAGGTTAGAACAx,MS,A,MS121
MS121_A2__10X_17_grch38:AGAATAGAGAATGTGTx,MS,A,MS121
MS121_A2__10X_17_grch38:AGAATAGAGGCAGGTTx,MS,A,MS121
MS121_A2__10X_17_grch38:AGACGTTCATGTCTCCx,MS,A,MS121
MS121_A2__10X_17_grch38:AGCGTCGTCTAACCGAx,MS,A,MS121
MS121_A2__10X_17_grch38:ATCCACCCAGCGAACAx,MS,A,MS121
MS121_A2__10X_17_grch38:CACACAACAAGCCGCTx,MS,A,MS121
MS121_A2__10X_17_grch38:CACACAACAAGGACACx,MS,A,MS121
MS121_A2__10X_17_grch38:CACCAGGTCCTGTAGAx,MS,A,MS121
MS121_A2__10X_17_grch38:CAGAATCCATGCTAGTx,MS,A,MS121
MS121_A2__10X_17_grch38:CAGTCCTGTCTTCAAGx,MS,A,MS121
MS121_A2__10X_17_grch38:CCACTACAGTGTGAATx,MS,A,MS121
MS121_A2__10X_17_grch38:CCACTACCATTCCTGCx,MS,A,MS121
MS121_A2__10X_17_grch38:CCCATACGTCCAAGTTx,MS,A,MS121
MS121_A2__10X_17_grch38:CCTTTCTTCACGACTAx,MS,A,MS121
MS121_A2__10X_17_grch38:CGATGGCAGCCTTGATx,MS,A,MS121
MS121_A2__10X_17_grch38:CGCTGGAAGGGCACTAx,MS,A,MS121
MS121_A2__10X_17_grch38:CGGAGTCCATTCACTTx,MS,A,MS121
MS121_A2__10X_17_grch38:CGGAGTCGTTGAGGTGx,MS,A,MS121
MS121_A2__10X_17_grch38:CTAGAGTGTCCGCTGAx,MS,A,MS121
MS121_A2__10X_17_grch38:CTCTGGTGTCGCCATGx,MS,A,MS121
MS121_A2__10X_17_grch38:CTGCGGAAGTCGATAAx,MS,A,MS121
MS121_A2__10X_17_grch38:CTTGGCTTCACTCCTGx,MS,A,MS121
MS121_A2__10X_17_grch38:CTTTGCGTCACATAGCx,MS,A,MS121
MS121_A2__10X_17_grch38:GATCGTATCTCGATGAx,MS,A,MS121
MS121_A2__10X_17_grch38:GATGAAATCAGAGCTTx,MS,A,MS121
MS121_A2__10X_17_grch38:GCAATCACAGGAATGCx,MS,A,MS121
MS121_A2__10X_17_grch38:GCACTCTAGAGGTTGCx,MS,A,MS121
MS121_A2__10X_17_grch38:GCATACATCAACGCTAx,MS,A,MS121
MS121_A2__10X_17_grch38:GCGACCATCACGCATAx,MS,A,MS121
MS121_A2__10X_17_grch38:GCGAGAAAGCCAACAGx,MS,A,MS121
MS121_A2__10X_17_grch38:GCGCCAATCCCTAATTx,MS,A,MS121
MS121_A2__10X_17_grch38:GCGGGTTCAGCGTCCAx,MS,A,MS121
MS121_A2__10X_17_grch38:GCTCTGTGTGGTCCGTx,MS,A,MS121
MS121_A2__10X_17_grch38:GCTTCCACACGAGGTAx,MS,A,MS121
MS121_A2__10X_17_grch38:GGACAAGGTAAGTGGCx,MS,A,MS121
MS121_A2__10X_17_grch38:GGGCACTTCAGTCCCTx,MS,A,MS121
MS121_A2__10X_17_grch38:GGGTTGCGTTGCCTCTx,MS,A,MS121
MS121_A2__10X_17_grch38:GTCGGGTCAGTTCATGx,MS,A,MS121
MS121_A2__10X_17_grch38:GTGCTTCTCAGCGACCx,MS,A,MS121
MS121_A2__10X_17_grch38:TACGGATTCATCTGCCx,MS,A,MS121
MS121_A2__10X_17_grch38:TACTTGTTCGTTGCCTx,MS,A,MS121
MS121_A2__10X_17_grch38:TATCAGGGTAAGGGAAx,MS,A,MS121
MS121_A2__10X_17_grch38:TCACGAAGTCAATACCx,MS,A,MS121
MS121_A2__10X_17_grch38:TCGTAGATCGGCTTGGx,MS,A,MS121
MS121_A2__10X_17_grch38:TCTTTCCTCGCAAACTx,MS,A,MS121
MS121_A2__10X_17_grch38:TGACGGCGTTGTGGAGx,MS,A,MS121
MS121_A2__10X_17_grch38:TGACTAGAGCCTTGATx,MS,A,MS121
MS121_A2__10X_17_grch38:TGGTTCCTCTGATACGx,MS,A,MS121
MS121_A2__10X_17_grch38:TTAGGCAGTCTCATCCx,MS,A,MS121
MS121_A2__10X_17_grch38:TTCTCAATCCGAATGTx,MS,A,MS121
MS121_A2__10X_17_grch38:TTGCGTCTCTTTAGGGx,MS,A,MS121
MS121_A2__10X_17_grch38:TTGTAGGCAGCTCGCAx,MS,A,MS121
MS121_CA__10X_17_grch38:ACTGAACTCCTCAACCx,MS,CA,MS121
MS121_CA__10X_17_grch38:CAGAATCTCTGCCAGGx,MS,CA,MS121
MS121_CA__10X_17_grch38:CAGGTGCGTCCTCTTGx,MS,CA,MS121
MS121_CA__10X_17_grch38:CCACCTATCACCAGGCx,MS,CA,MS121
MS121_CA__10X_17_grch38:GCTTGAATCAGAGGTGx,MS,CA,MS121
MS121_CA__10X_17_grch38:GTCGTAAGTTCAGTACx,MS,CA,MS121
MS176_NAWM__10X_17_grch38:CCTACACGTGTGGCTCx,MS,NAWM,MS176
MS176_NAWM__10X_17_grch38:GCTCCTAGTATGAATGx,MS,NAWM,MS176
MS176_NAWM__10X_17_grch38:GGAACTTTCACCGGGTx,MS,NAWM,MS176
MS176_NAWM__10X_17_grch38:TCAGCTCCAGTATCTGx,MS,NAWM,MS176
MS176_NAWM__10X_17_grch38:TGCTACCCAGGGTACAx,MS,NAWM,MS176
MS176_NAWM__10X_17_grch38:TGTGTTTGTACAGACGx,MS,NAWM,MS176
MS176_NAWM__10X_17_grch38:TTATGCTTCTGGCGTGx,MS,NAWM,MS176
MS176_RM__10X_17_grch38:TGAGAGGCACAGATTCx,MS,RM,MS176
MS176_RM__10X_17_grch38:TGAGAGGTCACATAGCx,MS,RM,MS176
MS176_CA__10X_17_grch38:TTCTCCTGTCGAATCTx,MS,CA,MS176
CO14__10X_17_grch38:AAGCCGCAGGGAGTAAx,normal,Ctrl,CO14
MS122_A__10X_17_grch38:GACGTTATCGCCCTTAx,MS,A,MS122
MS122_A__10X_17_grch38:GGAAAGCCACGGTTTAx,MS,A,MS122
MS121_NAWM__10X_17_grch38:GTTCATTGTCTCCATCx,MS,NAWM,MS121
MS121_NAWM__10X_17_grch38:TGATTTCTCTTGGGTAx,MS,NAWM,MS121
MS121_NAWM__10X_17_grch38:TTGTAGGAGCTTCGCGx,MS,NAWM,MS121
MS121_A2__10X_17_grch38:GTGCAGCAGCGCCTTGx,MS,A,MS121
MS121_CA__10X_17_grch38:ATTACTCTCTCGCATCx,MS,CA,MS121
CO28__10X_17_grch38:ACTTACTAGTAGCCGAx,normal,Ctrl,CO28
CO28__10X_17_grch38:AGATTGCAGATACACAx,normal,Ctrl,CO28
CO28__10X_17_grch38:AGCATACTCCGTTGCTx,normal,Ctrl,CO28
CO28__10X_17_grch38:AGGCCACGTTAAAGTGx,normal,Ctrl,CO28
CO28__10X_17_grch38:AGTAGTCAGGCTAGACx,normal,Ctrl,CO28
CO28__10X_17_grch38:CACATAGTCTATCGCCx,normal,Ctrl,CO28
CO28__10X_17_grch38:CACTCCATCGGATGGAx,normal,Ctrl,CO28
CO28__10X_17_grch38:CGCGTTTGTACCGCTGx,normal,Ctrl,CO28
CO28__10X_17_grch38:CTCAGAAGTCATCCCTx,normal,Ctrl,CO28
CO28__10X_17_grch38:CTCATTACATACCATGx,normal,Ctrl,CO28
CO28__10X_17_grch38:CTTACCGGTGTCCTCTx,normal,Ctrl,CO28
CO28__10X_17_grch38:CTTTGCGCAGACAAATx,normal,Ctrl,CO28
CO28__10X_17_grch38:GCATGCGGTCTTCTCGx,normal,Ctrl,CO28
CO28__10X_17_grch38:GCCTCTAAGGAACTGCx,normal,Ctrl,CO28
CO28__10X_17_grch38:GGACGTCAGATGTAACx,normal,Ctrl,CO28
CO28__10X_17_grch38:GGGAATGTCCTCAATTx,normal,Ctrl,CO28
CO28__10X_17_grch38:GTCATTTTCCATGAGTx,normal,Ctrl,CO28
CO28__10X_17_grch38:GTCGTAACATTTCACTx,normal,Ctrl,CO28
CO28__10X_17_grch38:TACAGTGAGTGTCCCGx,normal,Ctrl,CO28
CO28__10X_17_grch38:TACTCGCAGACACGACx,normal,Ctrl,CO28
CO28__10X_17_grch38:TACTTACGTCCGAGTCx,normal,Ctrl,CO28
CO28__10X_17_grch38:TCAGCAATCAACGGCCx,normal,Ctrl,CO28
CO28__10X_17_grch38:TCCACACGTAGAAAGGx,normal,Ctrl,CO28
CO28__10X_17_grch38:TCGCGTTCAGATCTGTx,normal,Ctrl,CO28
CO28__10X_17_grch38:TCGGTAAAGTTGTCGTx,normal,Ctrl,CO28
CO28__10X_17_grch38:TGAGCCGCACGTGAGAx,normal,Ctrl,CO28
CO28__10X_17_grch38:TGCGCAGGTTCAGCGCx,normal,Ctrl,CO28
CO25__10X_17_grch38:TACCTTAGTTAAGTAGx,normal,Ctrl,CO25
CO25__10X_17_grch38:TGAGAGGGTCAGTGGAx,normal,Ctrl,CO25
MS176_NAWM__10X_17_grch38:AGAGCTTAGAGAGCTCx,MS,NAWM,MS176
MS176_NAWM__10X_17_grch38:AGCTCCTAGTTACCCAx,MS,NAWM,MS176
MS176_NAWM__10X_17_grch38:CCTTTCTTCACGCGGTx,MS,NAWM,MS176
MS176_NAWM__10X_17_grch38:CGATCGGAGCGATTCTx,MS,NAWM,MS176
MS176_NAWM__10X_17_grch38:GTCAAGTTCCTAGGGCx,MS,NAWM,MS176
MS176_NAWM__10X_17_grch38:GTGCAGCAGACCACGAx,MS,NAWM,MS176
MS176_NAWM__10X_17_grch38:TCCACACTCCTTTCTCx,MS,NAWM,MS176
MS176_NAWM__10X_17_grch38:TGAGGGATCTGTTTGTx,MS,NAWM,MS176
CO39__10X_17_grch38:AAGGCAGTCGCCAAATx,normal,Ctrl,CO39
CO39__10X_17_grch38:AATCGGTTCTTACCTAx,normal,Ctrl,CO39
CO39__10X_17_grch38:ACATGGTCAGCCTATAx,normal,Ctrl,CO39
CO39__10X_17_grch38:ACATGGTCAGTATCTGx,normal,Ctrl,CO39
CO39__10X_17_grch38:ATCATCTCAATTGCTGx,normal,Ctrl,CO39
CO39__10X_17_grch38:CACATAGTCCTTTCTCx,normal,Ctrl,CO39
CO39__10X_17_grch38:CACATAGTCGCTTAGAx,normal,Ctrl,CO39
CO39__10X_17_grch38:CCTCTGAGTTAAGAACx,normal,Ctrl,CO39
CO39__10X_17_grch38:CGGAGCTAGATACACAx,normal,Ctrl,CO39
CO39__10X_17_grch38:CTCGAGGCAAGACGTGx,normal,Ctrl,CO39
CO39__10X_17_grch38:CTCGTACCACAAGCCCx,normal,Ctrl,CO39
CO39__10X_17_grch38:GACACGCAGACTTGAAx,normal,Ctrl,CO39
CO39__10X_17_grch38:GACGGCTAGCCCAATTx,normal,Ctrl,CO39
CO39__10X_17_grch38:GAGTCCGCAACTGCGCx,normal,Ctrl,CO39
CO39__10X_17_grch38:GATCTAGGTTCAGGCCx,normal,Ctrl,CO39
CO39__10X_17_grch38:GCATGTAAGCGCTCCAx,normal,Ctrl,CO39
CO39__10X_17_grch38:GCGCCAAAGTCGCCGTx,normal,Ctrl,CO39
CO39__10X_17_grch38:GGAAAGCAGTTACCCAx,normal,Ctrl,CO39
CO39__10X_17_grch38:GGAATAACATGTTCCCx,normal,Ctrl,CO39
CO39__10X_17_grch38:GGACAAGGTAGTGAATx,normal,Ctrl,CO39
CO39__10X_17_grch38:GGGATGAAGACAATACx,normal,Ctrl,CO39
CO39__10X_17_grch38:GTAACTGGTGCGCTTGx,normal,Ctrl,CO39
CO39__10X_17_grch38:GTGCTTCCAACGATGGx,normal,Ctrl,CO39
CO39__10X_17_grch38:GTTAAGCCATCCGTGGx,normal,Ctrl,CO39
CO39__10X_17_grch38:TCGCGTTCATCGGTTAx,normal,Ctrl,CO39
CO39__10X_17_grch38:TGCGGGTGTGAGGCTAx,normal,Ctrl,CO39
CO39__10X_17_grch38:TGTGGTAGTTGGGACAx,normal,Ctrl,CO39
CO39__10X_17_grch38:TTAGTTCTCACCATAGx,normal,Ctrl,CO39
CO14__10X_17_grch38:CCGGTAGCAGCTGCTGx,normal,Ctrl,CO14
CO14__10X_17_grch38:GCAGCCATCCCAAGTAx,normal,Ctrl,CO14
MS242_CA2__10X_17_grch38:TGTCCCAAGGTGTTAAx,MS,CA,MS242
SD48/16__10X_17_grch38:AACCATGTCCTCAACCx,normal,Ctrl,SD48/16
SD48/16__10X_17_grch38:ACGCAGCTCGTTTATCx,normal,Ctrl,SD48/16
SD48/16__10X_17_grch38:AGAGCTTAGGCTATCTx,normal,Ctrl,SD48/16
SD48/16__10X_17_grch38:AGAGCTTGTTCAGGCCx,normal,Ctrl,SD48/16
SD48/16__10X_17_grch38:CAACCTCAGCCACGTCx,normal,Ctrl,SD48/16
SD48/16__10X_17_grch38:CATCCACGTTATGCGTx,normal,Ctrl,SD48/16
SD48/16__10X_17_grch38:CCACGGAAGCTAGTTCx,normal,Ctrl,SD48/16
SD48/16__10X_17_grch38:CCTACCACACAGAGGTx,normal,Ctrl,SD48/16
SD48/16__10X_17_grch38:CGACTTCGTCGGGTCTx,normal,Ctrl,SD48/16
SD48/16__10X_17_grch38:CGCTGGAAGCCACGCTx,normal,Ctrl,SD48/16
SD48/16__10X_17_grch38:CTACGTCTCTGCGGCAx,normal,Ctrl,SD48/16
SD48/16__10X_17_grch38:GTACTCCAGGGATGGGx,normal,Ctrl,SD48/16
SD48/16__10X_17_grch38:GTGGGTCGTGCAACTTx,normal,Ctrl,SD48/16
SD48/16__10X_17_grch38:GTGTGCGTCAGCTTAGx,normal,Ctrl,SD48/16
SD48/16__10X_17_grch38:TAAGAGATCACTTACTx,normal,Ctrl,SD48/16
SD48/16__10X_17_grch38:TACGGTACAAAGGCGTx,normal,Ctrl,SD48/16
SD48/16__10X_17_grch38:TAGTTGGCAGTAACGGx,normal,Ctrl,SD48/16
SD48/16__10X_17_grch38:TCGAGGCGTATCTGCAx,normal,Ctrl,SD48/16
SD48/16__10X_17_grch38:TCGTACCGTAAGAGGAx,normal,Ctrl,SD48/16
SD48/16__10X_17_grch38:TCTCTAAGTAGGCATGx,normal,Ctrl,SD48/16
SD48/16__10X_17_grch38:TTGCGTCGTACCGTATx,normal,Ctrl,SD48/16
SD48/16__10X_17_grch38:TTTACTGAGACTTTCGx,normal,Ctrl,SD48/16
MS122_NAWM__10X_17_grch38:ACATACGCACAGATTCx,MS,NAWM,MS122
MS122_NAWM__10X_17_grch38:ATCATGGGTAGGCTGAx,MS,NAWM,MS122
MS122_NAWM__10X_17_grch38:CCTTACGAGTTAAGTGx,MS,NAWM,MS122
MS122_NAWM__10X_17_grch38:GCATGTATCATTTGGGx,MS,NAWM,MS122
MS122_NAWM__10X_17_grch38:GGGTCTGCAGTATGCTx,MS,NAWM,MS122
MS122_NAWM__10X_17_grch38:GGTATTGAGCGAGAAAx,MS,NAWM,MS122
MS122_NAWM__10X_17_grch38:GTACTCCTCCTCAATTx,MS,NAWM,MS122
MS122_NAWM__10X_17_grch38:TAGACCATCTACTATCx,MS,NAWM,MS122
MS122_NAWM__10X_17_grch38:TTCTCAACACCCAGTGx,MS,NAWM,MS122
MS122_NAWM__10X_17_grch38:TTGAACGCAGACAAATx,MS,NAWM,MS122
MS122_CI__10X_17_grch38:AACTCCCCACCCAGTGx,MS,CI,MS122
MS122_CI__10X_17_grch38:AACTGGTAGCTGCGAAx,MS,CI,MS122
MS122_CI__10X_17_grch38:ACAGCCGAGGAGTTGCx,MS,CI,MS122
MS122_CI__10X_17_grch38:ACATACGTCTCCAACCx,MS,CI,MS122
MS122_CI__10X_17_grch38:ACGAGGAGTAGTACCTx,MS,CI,MS122
MS122_CI__10X_17_grch38:AGAATAGTCAGCATGTx,MS,CI,MS122
MS122_CI__10X_17_grch38:AGCATACTCACATGCAx,MS,CI,MS122
MS122_CI__10X_17_grch38:AGCTCTCAGAACTCGGx,MS,CI,MS122
MS122_CI__10X_17_grch38:AGGCCGTGTTGAGTTCx,MS,CI,MS122
MS122_CI__10X_17_grch38:CACAAACCACCAGGCTx,MS,CI,MS122
MS122_CI__10X_17_grch38:CAGAATCTCCTCAACCx,MS,CI,MS122
MS122_CI__10X_17_grch38:CAGTAACTCGGCGCTAx,MS,CI,MS122
MS122_CI__10X_17_grch38:CCCTCCTAGTTGAGTAx,MS,CI,MS122
MS122_CI__10X_17_grch38:CCTTACGTCTCTGCTGx,MS,CI,MS122
MS122_CI__10X_17_grch38:CGGACTGAGCTCCTCTx,MS,CI,MS122
MS122_CI__10X_17_grch38:CGTCTACGTCTGGTCGx,MS,CI,MS122
MS122_CI__10X_17_grch38:CTCGGGAAGGATATACx,MS,CI,MS122
MS122_CI__10X_17_grch38:CTCTGGTCACCAGTTAx,MS,CI,MS122
MS122_CI__10X_17_grch38:CTGAAGTAGGCTAGCAx,MS,CI,MS122
MS122_CI__10X_17_grch38:CTGAAGTCAAGTTCTGx,MS,CI,MS122
MS122_CI__10X_17_grch38:GAAACTCTCACCTTATx,MS,CI,MS122
MS122_CI__10X_17_grch38:GAACGGATCTACTATCx,MS,CI,MS122
MS122_CI__10X_17_grch38:GATGCTAAGTGTTGAAx,MS,CI,MS122
MS122_CI__10X_17_grch38:GCATACAAGGTGCTAGx,MS,CI,MS122
MS122_CI__10X_17_grch38:GCGCGATTCTCCAACCx,MS,CI,MS122
MS122_CI__10X_17_grch38:GGAATAAAGACAGAGAx,MS,CI,MS122
MS122_CI__10X_17_grch38:GGATGTTAGTTGTCGTx,MS,CI,MS122
MS122_CI__10X_17_grch38:GGGCACTCAAAGTCAAx,MS,CI,MS122
MS122_CI__10X_17_grch38:GTCACGGGTCAGGACAx,MS,CI,MS122
MS122_CI__10X_17_grch38:GTTCGGGTCTGCTGTCx,MS,CI,MS122
MS122_CI__10X_17_grch38:TACACGAGTCTAACGTx,MS,CI,MS122
MS122_CI__10X_17_grch38:TACCTTAAGCGTGAGTx,MS,CI,MS122
MS122_CI__10X_17_grch38:TACGGTAAGCACAGGTx,MS,CI,MS122
MS122_CI__10X_17_grch38:TAGCCGGAGGGTGTTGx,MS,CI,MS122
MS122_CI__10X_17_grch38:TCCCGATTCGCAAACTx,MS,CI,MS122
MS122_CI__10X_17_grch38:TGACAACAGACAAGCCx,MS,CI,MS122
MS122_CI__10X_17_grch38:TGAGCATCATCGGTTAx,MS,CI,MS122
MS122_CI__10X_17_grch38:TGAGCCGAGATATGCAx,MS,CI,MS122
MS122_CI__10X_17_grch38:TGCCCTAAGCTAACTCx,MS,CI,MS122
MS122_CI__10X_17_grch38:TGGGAAGCATTGGGCCx,MS,CI,MS122
MS122_CI__10X_17_grch38:TTAACTCTCTATGTGGx,MS,CI,MS122
MS122_A__10X_17_grch38:AAGACCTTCCACGTGGx,MS,A,MS122
MS122_A__10X_17_grch38:ACATACGAGTACATGAx,MS,A,MS122
MS122_A__10X_17_grch38:ACATGGTCACAGCCCAx,MS,A,MS122
MS122_A__10X_17_grch38:ACTTACTCAATTGCTGx,MS,A,MS122
MS122_A__10X_17_grch38:AGAGCGACATCGATGTx,MS,A,MS122
MS122_A__10X_17_grch38:AGTAGTCTCTCTAAGGx,MS,A,MS122
MS122_A__10X_17_grch38:AGTCTTTAGGGCTTGAx,MS,A,MS122
MS122_A__10X_17_grch38:AGTGAGGGTCATCCCTx,MS,A,MS122
MS122_A__10X_17_grch38:AGTGTCATCCTATTCAx,MS,A,MS122
MS122_A__10X_17_grch38:CAAGGCCTCCTTTCGGx,MS,A,MS122
MS122_A__10X_17_grch38:CACCTTGAGCAAATCAx,MS,A,MS122
MS122_A__10X_17_grch38:CATCCACGTGAGTGACx,MS,A,MS122
MS122_A__10X_17_grch38:CCCAATCCACACCGACx,MS,A,MS122
MS122_A__10X_17_grch38:CCTAAAGTCCGAGCCAx,MS,A,MS122
MS122_A__10X_17_grch38:CCTCTGAGTCTGGAGAx,MS,A,MS122
MS122_A__10X_17_grch38:CGAGCACGTACCGGCTx,MS,A,MS122
MS122_A__10X_17_grch38:CGTCACTTCGCTAGCGx,MS,A,MS122
MS122_A__10X_17_grch38:CTGCTGTAGACTTGAAx,MS,A,MS122
MS122_A__10X_17_grch38:GAACGGATCAACGGCCx,MS,A,MS122
MS122_A__10X_17_grch38:GCACTCTAGGGATACCx,MS,A,MS122
MS122_A__10X_17_grch38:GCATGCGAGTTCGATCx,MS,A,MS122
MS122_A__10X_17_grch38:GCGCGATGTTTAGCTGx,MS,A,MS122
MS122_A__10X_17_grch38:GGACATTGTAAGAGAGx,MS,A,MS122
MS122_A__10X_17_grch38:GGATGTTAGGTGATTAx,MS,A,MS122
MS122_A__10X_17_grch38:GGCCGATTCCTATGTTx,MS,A,MS122
MS122_A__10X_17_grch38:GGCTGGTCACACGCTGx,MS,A,MS122
MS122_A__10X_17_grch38:GTCAAGTTCCTTAATCx,MS,A,MS122
MS122_A__10X_17_grch38:TACTTGTGTGACAAATx,MS,A,MS122
MS122_A__10X_17_grch38:TAGTTGGAGCCAGTAGx,MS,A,MS122
MS122_A__10X_17_grch38:TCAACGAGTAGAGCTGx,MS,A,MS122
MS122_A__10X_17_grch38:TCAGGATTCCAGAGGAx,MS,A,MS122
MS121_NAWM__10X_17_grch38:CAAGAAACACAGACTTx,MS,NAWM,MS121
MS121_NAWM__10X_17_grch38:CCACGGAAGGTGTTAAx,MS,NAWM,MS121
MS121_NAWM__10X_17_grch38:CGAGCACTCATGTCTTx,MS,NAWM,MS121
MS121_NAWM__10X_17_grch38:CGTCCATCAGCTGCACx,MS,NAWM,MS121
MS121_NAWM__10X_17_grch38:CTCGAGGTCAGTACGTx,MS,NAWM,MS121
MS121_NAWM__10X_17_grch38:CTGATCCGTTAAGATGx,MS,NAWM,MS121
MS121_NAWM__10X_17_grch38:GAACATCTCGCAGGCTx,MS,NAWM,MS121
MS121_NAWM__10X_17_grch38:GCTTGAAGTGGCAAACx,MS,NAWM,MS121
MS121_NAWM__10X_17_grch38:GGTGAAGGTTATGTGCx,MS,NAWM,MS121
MS121_NAWM__10X_17_grch38:GTAACGTAGCTAGCCCx,MS,NAWM,MS121
MS121_NAWM__10X_17_grch38:GTAGGCCAGTTGAGTAx,MS,NAWM,MS121
MS121_NAWM__10X_17_grch38:GTTAAGCCAAGTTAAGx,MS,NAWM,MS121
MS121_NAWM__10X_17_grch38:TACGGATGTATGAATGx,MS,NAWM,MS121
MS121_NAWM__10X_17_grch38:TCCACACCAGGAACGTx,MS,NAWM,MS121
MS121_NAWM__10X_17_grch38:TCCCGATGTCTGCCAGx,MS,NAWM,MS121
MS121_NAWM__10X_17_grch38:TGCACCTCACCGGAAAx,MS,NAWM,MS121
MS121_NAWM__10X_17_grch38:TGCGGGTTCTTGTTTGx,MS,NAWM,MS121
MS121_A3__10X_17_grch38:AGGTCCGCAGGCTGAAx,MS,A,MS121
MS121_A3__10X_17_grch38:CAGCTGGCATAGTAAGx,MS,A,MS121
MS121_A3__10X_17_grch38:CCGTACTCACAGTCGCx,MS,A,MS121
MS121_A3__10X_17_grch38:CGTGTCTAGGAACTGCx,MS,A,MS121
MS121_A3__10X_17_grch38:CTACATTCAGACAAATx,MS,A,MS121
MS121_A3__10X_17_grch38:CTGTGCTTCCGCGTTTx,MS,A,MS121
MS121_A3__10X_17_grch38:GACGGCTAGACAAGCCx,MS,A,MS121
MS121_A3__10X_17_grch38:GTATTCTAGTATTGGAx,MS,A,MS121
MS121_A3__10X_17_grch38:TTCGAAGCATACAGCTx,MS,A,MS121
MS121_A2__10X_17_grch38:ACGTCAAAGGATGGTCx,MS,A,MS121
MS121_A2__10X_17_grch38:GGATTACGTCTAAAGAx,MS,A,MS121
MS121_A2__10X_17_grch38:TGAGCCGGTCGAACAGx,MS,A,MS121
MS121_A2__10X_17_grch38:TTCCCAGAGCGAAGGGx,MS,A,MS121
MS121_CA__10X_17_grch38:AGGTCCGGTCCGCTGAx,MS,CA,MS121
MS121_CA__10X_17_grch38:CCGTGGAGTAGGACACx,MS,CA,MS121
MS121_CA__10X_17_grch38:CCTAAAGGTTAAGATGx,MS,CA,MS121
MS121_CA__10X_17_grch38:CCTCTGAGTAAGTTCCx,MS,CA,MS121
MS121_CA__10X_17_grch38:CTTTGCGCAGGTGCCTx,MS,CA,MS121
CO28__10X_17_grch38:GAAACTCGTTCAACCAx,normal,Ctrl,CO28
CO25__10X_17_grch38:ACCGTAAGTGACTACTx,normal,Ctrl,CO25
CO25__10X_17_grch38:AGGTCCGCATGGTCTAx,normal,Ctrl,CO25
CO25__10X_17_grch38:CAACCAACACGCATCGx,normal,Ctrl,CO25
CO25__10X_17_grch38:CACACCTCATCTACGAx,normal,Ctrl,CO25
CO25__10X_17_grch38:CGACCTTTCGCGTTTCx,normal,Ctrl,CO25
CO25__10X_17_grch38:CGCGTTTAGAATTCCCx,normal,Ctrl,CO25
CO25__10X_17_grch38:GCACATAAGCTTATCGx,normal,Ctrl,CO25
CO25__10X_17_grch38:GCACTCTTCCTTTCTCx,normal,Ctrl,CO25
CO25__10X_17_grch38:GGACAAGAGGAGCGAGx,normal,Ctrl,CO25
CO25__10X_17_grch38:GTAACTGTCCCTGACTx,normal,Ctrl,CO25
CO25__10X_17_grch38:TTTGGTTGTTATCCGAx,normal,Ctrl,CO25
MS176_NAWM__10X_17_grch38:AAACCTGTCATGTCTTx,MS,NAWM,MS176
MS176_NAWM__10X_17_grch38:AAAGTAGTCTCACATTx,MS,NAWM,MS176
MS176_NAWM__10X_17_grch38:AACTCAGGTTCAGGCCx,MS,NAWM,MS176
MS176_NAWM__10X_17_grch38:AAGCCGCGTTCCTCCAx,MS,NAWM,MS176
MS176_NAWM__10X_17_grch38:ACATGGTAGTATGACAx,MS,NAWM,MS176
MS176_NAWM__10X_17_grch38:ACCGTAAAGGCAGTCAx,MS,NAWM,MS176
MS176_NAWM__10X_17_grch38:ACGAGCCGTAAGGATTx,MS,NAWM,MS176
MS176_NAWM__10X_17_grch38:ACTATCTGTCTGCCAGx,MS,NAWM,MS176
MS176_NAWM__10X_17_grch38:ACTGAACGTCAACTGTx,MS,NAWM,MS176
MS176_NAWM__10X_17_grch38:AGATTGCTCCTGCTTGx,MS,NAWM,MS176
MS176_NAWM__10X_17_grch38:AGCGTCGAGGTTCCTAx,MS,NAWM,MS176
MS176_NAWM__10X_17_grch38:ATCATGGGTGAACCTTx,MS,NAWM,MS176
MS176_NAWM__10X_17_grch38:CAAGATCCAGCCAGAAx,MS,NAWM,MS176
MS176_NAWM__10X_17_grch38:CAAGTTGTCCACGCAGx,MS,NAWM,MS176
MS176_NAWM__10X_17_grch38:CAGATCACAATGGTCTx,MS,NAWM,MS176
MS176_NAWM__10X_17_grch38:CATGACAGTAGAGTGCx,MS,NAWM,MS176
MS176_NAWM__10X_17_grch38:CCTAAAGTCAAGCCTAx,MS,NAWM,MS176
MS176_NAWM__10X_17_grch38:CGTCTACTCCTATTCAx,MS,NAWM,MS176
MS176_NAWM__10X_17_grch38:CTCCTAGTCAGTGCATx,MS,NAWM,MS176
MS176_NAWM__10X_17_grch38:CTCGGGATCTATCGCCx,MS,NAWM,MS176
MS176_NAWM__10X_17_grch38:CTGAAACAGTTCGCGCx,MS,NAWM,MS176
MS176_NAWM__10X_17_grch38:CTGATAGAGGTGCTTTx,MS,NAWM,MS176
MS176_NAWM__10X_17_grch38:GAAGCAGTCTGCTGCTx,MS,NAWM,MS176
MS176_NAWM__10X_17_grch38:GCATGTAAGAAGAAGCx,MS,NAWM,MS176
MS176_NAWM__10X_17_grch38:GCGACCACATCTATGGx,MS,NAWM,MS176
MS176_NAWM__10X_17_grch38:GCTGCTTCACATTAGCx,MS,NAWM,MS176
MS176_NAWM__10X_17_grch38:GGAAAGCGTAGGGACTx,MS,NAWM,MS176
MS176_NAWM__10X_17_grch38:GGCTCGACACAAGACGx,MS,NAWM,MS176
MS176_NAWM__10X_17_grch38:GGGTTGCTCAAGATCCx,MS,NAWM,MS176
MS176_NAWM__10X_17_grch38:GGGTTGCTCGCGGATCx,MS,NAWM,MS176
MS176_NAWM__10X_17_grch38:GGTGTTAGTCTCTTTAx,MS,NAWM,MS176
MS176_NAWM__10X_17_grch38:GTGTGCGAGAGGTACCx,MS,NAWM,MS176
MS176_NAWM__10X_17_grch38:GTTTCTATCGGCGCTAx,MS,NAWM,MS176
MS176_NAWM__10X_17_grch38:TAAGAGACAAGCGTAGx,MS,NAWM,MS176
MS176_NAWM__10X_17_grch38:TACAGTGGTTAAGGGCx,MS,NAWM,MS176
MS176_NAWM__10X_17_grch38:TACCTTACAAACTGTCx,MS,NAWM,MS176
MS176_NAWM__10X_17_grch38:TAGACCAGTAAATACGx,MS,NAWM,MS176
MS176_NAWM__10X_17_grch38:TATCAGGTCAGTGTTGx,MS,NAWM,MS176
MS176_NAWM__10X_17_grch38:TCGCGTTCACCTCGGAx,MS,NAWM,MS176
MS176_NAWM__10X_17_grch38:TCGTACCGTTCCATGAx,MS,NAWM,MS176
MS176_NAWM__10X_17_grch38:TCTCATAGTCTTCGTCx,MS,NAWM,MS176
MS176_NAWM__10X_17_grch38:TGGCCAGAGCGTCAAGx,MS,NAWM,MS176
MS176_NAWM__10X_17_grch38:TGGTTCCCACGGTTTAx,MS,NAWM,MS176
MS176_NAWM__10X_17_grch38:TTCTACACACATCCGGx,MS,NAWM,MS176
MS176_NAWM__10X_17_grch38:TTTACTGGTTAAGACAx,MS,NAWM,MS176
MS176_NAWM__10X_17_grch38:TTTATGCCAATCTGCAx,MS,NAWM,MS176
MS176_RM__10X_17_grch38:GCACTCTCAGCGAACAx,MS,RM,MS176
MS176_RM__10X_17_grch38:GCATGATAGAAGATTCx,MS,RM,MS176
MS176_CA__10X_17_grch38:AACTCCCGTCTGATCAx,MS,CA,MS176
MS176_CA__10X_17_grch38:AGCTTGAAGATAGCATx,MS,CA,MS176
MS176_CA__10X_17_grch38:AGGCCACTCGCGTAGCx,MS,CA,MS176
MS176_CA__10X_17_grch38:ATCATCTAGGGTGTGTx,MS,CA,MS176
MS176_CA__10X_17_grch38:CATCAGAAGCACAGGTx,MS,CA,MS176
MS176_CA__10X_17_grch38:CGGCTAGGTAGGGTACx,MS,CA,MS176
MS176_CA__10X_17_grch38:GAAGCAGGTCTTGCGGx,MS,CA,MS176
MS176_CA__10X_17_grch38:GACCAATAGGGCTTCCx,MS,CA,MS176
MS176_CA__10X_17_grch38:GGCTGGTGTCAAGCGAx,MS,CA,MS176
MS176_CA__10X_17_grch38:TACAGTGGTATCTGCAx,MS,CA,MS176
MS176_CA__10X_17_grch38:TGACAACGTGCACTTAx,MS,CA,MS176
CO39__10X_17_grch38:ACGGGCTAGGCATGGTx,normal,Ctrl,CO39
CO39__10X_17_grch38:ACTGATGAGGCAAAGAx,normal,Ctrl,CO39
CO39__10X_17_grch38:AGACGTTGTTACAGAAx,normal,Ctrl,CO39
CO39__10X_17_grch38:AGCAGCCTCGCATGATx,normal,Ctrl,CO39
CO39__10X_17_grch38:AGCCTAACAATAGCAAx,normal,Ctrl,CO39
CO39__10X_17_grch38:AGTGGGATCTATGTGGx,normal,Ctrl,CO39
CO39__10X_17_grch38:ATTACTCAGGCCCGTTx,normal,Ctrl,CO39
CO39__10X_17_grch38:CAAGATCTCGACGGAAx,normal,Ctrl,CO39
CO39__10X_17_grch38:CCACGGAGTCTCTCGTx,normal,Ctrl,CO39
CO39__10X_17_grch38:CGACCTTTCCACGTTCx,normal,Ctrl,CO39
CO39__10X_17_grch38:CGCGTTTCACGTCAGCx,normal,Ctrl,CO39
CO39__10X_17_grch38:CGTTAGACAATGCCATx,normal,Ctrl,CO39
CO39__10X_17_grch38:CGTTCTGAGTACGACGx,normal,Ctrl,CO39
CO39__10X_17_grch38:CTAGAGTTCTGAAAGAx,normal,Ctrl,CO39
CO39__10X_17_grch38:CTGATCCCAAGACACGx,normal,Ctrl,CO39
CO39__10X_17_grch38:CTGGTCTCACGAAGCAx,normal,Ctrl,CO39
CO39__10X_17_grch38:CTTACCGCAGCTGTGCx,normal,Ctrl,CO39
CO39__10X_17_grch38:GAAACTCCACGGTAAGx,normal,Ctrl,CO39
CO39__10X_17_grch38:GACGGCTTCCCTAACCx,normal,Ctrl,CO39
CO39__10X_17_grch38:GACTAACAGTACGACGx,normal,Ctrl,CO39
CO39__10X_17_grch38:GAGGTGACATACTACGx,normal,Ctrl,CO39
CO39__10X_17_grch38:GATCGTACATTTGCCCx,normal,Ctrl,CO39
CO39__10X_17_grch38:GCAGCCAGTGCCTGCAx,normal,Ctrl,CO39
CO39__10X_17_grch38:GCAGTTAAGCAGCGTAx,normal,Ctrl,CO39
CO39__10X_17_grch38:GCTTGAATCACGCATAx,normal,Ctrl,CO39
CO39__10X_17_grch38:GGATGTTGTTCAGCGCx,normal,Ctrl,CO39
CO39__10X_17_grch38:GTAGTCAGTGTGACGAx,normal,Ctrl,CO39
CO39__10X_17_grch38:GTCGTAAGTTATCACGx,normal,Ctrl,CO39
CO39__10X_17_grch38:GTCTCGTAGTTGTCGTx,normal,Ctrl,CO39
CO39__10X_17_grch38:GTTCGGGTCAGAAATGx,normal,Ctrl,CO39
CO39__10X_17_grch38:GTTCTCGGTTGGAGGTx,normal,Ctrl,CO39
CO39__10X_17_grch38:TACAGTGTCACTATTCx,normal,Ctrl,CO39
CO39__10X_17_grch38:TATCAGGAGACAGACCx,normal,Ctrl,CO39
CO39__10X_17_grch38:TATTACCTCCCTGACTx,normal,Ctrl,CO39
CO39__10X_17_grch38:TCAGATGTCTTTACACx,normal,Ctrl,CO39
CO39__10X_17_grch38:TCATTACAGAGCCCAAx,normal,Ctrl,CO39
CO39__10X_17_grch38:TCATTACGTCGACTGCx,normal,Ctrl,CO39
CO39__10X_17_grch38:TGTTCCGCAATCACACx,normal,Ctrl,CO39
CO39__10X_17_grch38:TTGAACGTCAGGTAAAx,normal,Ctrl,CO39
CO39__10X_17_grch38:TTGACTTGTAGGCTGAx,normal,Ctrl,CO39
CO39__10X_17_grch38:TTGCCGTAGGTGCTAGx,normal,Ctrl,CO39
CO39__10X_17_grch38:TTTGCGCTCGCGGATCx,normal,Ctrl,CO39
CO14__10X_17_grch38:AACCGCGAGACTTTCGx,normal,Ctrl,CO14
CO14__10X_17_grch38:ACACCAATCAAACGGGx,normal,Ctrl,CO14
CO14__10X_17_grch38:ACATGGTAGCCTATGTx,normal,Ctrl,CO14
CO14__10X_17_grch38:AGCTCTCGTGAAAGAGx,normal,Ctrl,CO14
CO14__10X_17_grch38:AGGTCCGAGTGCGATGx,normal,Ctrl,CO14
CO14__10X_17_grch38:ATCATCTTCCTTGGTCx,normal,Ctrl,CO14
CO14__10X_17_grch38:CAAGATCGTCCCTTGTx,normal,Ctrl,CO14
CO14__10X_17_grch38:CAGTAACTCAGCATGTx,normal,Ctrl,CO14
CO14__10X_17_grch38:CATGACAGTGGCAAACx,normal,Ctrl,CO14
CO14__10X_17_grch38:CATTATCAGATTACCCx,normal,Ctrl,CO14
CO14__10X_17_grch38:CATTCGCAGACGCAACx,normal,Ctrl,CO14
CO14__10X_17_grch38:CATTCGCTCTCAAGTGx,normal,Ctrl,CO14
CO14__10X_17_grch38:CCCATACCAGTGGGATx,normal,Ctrl,CO14
CO14__10X_17_grch38:CCCATACGTGACAAATx,normal,Ctrl,CO14
CO14__10X_17_grch38:CGTTCTGGTATGAAACx,normal,Ctrl,CO14
CO14__10X_17_grch38:CTAGAGTCAGGTTTCAx,normal,Ctrl,CO14
CO14__10X_17_grch38:CTCATTACAGCTGTTAx,normal,Ctrl,CO14
CO14__10X_17_grch38:CTCGTACCAGATGGCAx,normal,Ctrl,CO14
CO14__10X_17_grch38:CTGTGCTCACATCTTTx,normal,Ctrl,CO14
CO14__10X_17_grch38:CTTAGGATCAATCTCTx,normal,Ctrl,CO14
CO14__10X_17_grch38:GCATACAAGTACGTTCx,normal,Ctrl,CO14
CO14__10X_17_grch38:GCATGCGTCGGTCTAAx,normal,Ctrl,CO14
CO14__10X_17_grch38:GGATTACAGCCAGGATx,normal,Ctrl,CO14
CO14__10X_17_grch38:GGGTTGCGTGATGATAx,normal,Ctrl,CO14
CO14__10X_17_grch38:GTAACTGTCGCCTGAGx,normal,Ctrl,CO14
CO14__10X_17_grch38:GTATTCTGTATCACCAx,normal,Ctrl,CO14
CO14__10X_17_grch38:GTCATTTGTCAAGCGAx,normal,Ctrl,CO14
CO14__10X_17_grch38:TACACGACAGGGATTGx,normal,Ctrl,CO14
CO14__10X_17_grch38:TCAATCTCAGTGAGTGx,normal,Ctrl,CO14
CO14__10X_17_grch38:TCAGGTACATGTCGATx,normal,Ctrl,CO14
CO14__10X_17_grch38:TCTTTCCAGTTATCGCx,normal,Ctrl,CO14
CO14__10X_17_grch38:TGACGGCAGAAGGCCTx,normal,Ctrl,CO14
CO14__10X_17_grch38:TGCGGGTCACATTAGCx,normal,Ctrl,CO14
CO14__10X_17_grch38:TGGCTGGCACGAAACGx,normal,Ctrl,CO14
CO14__10X_17_grch38:TGGCTGGGTAGGGTACx,normal,Ctrl,CO14
CO14__10X_17_grch38:TGGGAAGCATGCGCACx,normal,Ctrl,CO14
CO14__10X_17_grch38:TGGTTAGGTGTGTGCCx,normal,Ctrl,CO14
MS242_CA5__10X_17_grch38:ACGAGCCCATATACGCx,MS,CA,MS242
MS242_CA2__10X_17_grch38:CACACAAGTCCGAACCx,MS,CA,MS242
MS242_CA2__10X_17_grch38:CCTAAAGTCAGTCAGTx,MS,CA,MS242
MS242_CA2__10X_17_grch38:CGTTGGGGTGGGTATGx,MS,CA,MS242
MS242_CA2__10X_17_grch38:GCAAACTTCGCTTAGAx,MS,CA,MS242
MS242_CA2__10X_17_grch38:TACTTACTCAGTTTGGx,MS,CA,MS242
MS242_CA2__10X_17_grch38:TGGCGCAAGGTCGGATx,MS,CA,MS242
MS242_RM__10X_17_grch38:GTGCATACAAGGTTCTx,MS,RM,MS242
MS242_RM__10X_17_grch38:TACTTGTTCGTGACATx,MS,RM,MS242
SD48/16__10X_17_grch38:ATAACGCGTAGCGTAGx,normal,Ctrl,SD48/16
SD48/16__10X_17_grch38:CAGGTGCAGAGACGAAx,normal,Ctrl,SD48/16
SD48/16__10X_17_grch38:CGTCACTAGCGTCAAGx,normal,Ctrl,SD48/16
MS122_NAWM__10X_17_grch38:AAACCTGTCCAATGGTx,MS,NAWM,MS122
MS122_NAWM__10X_17_grch38:AACCATGGTAGAGTGCx,MS,NAWM,MS122
MS122_NAWM__10X_17_grch38:AACCGCGCAATGGAGCx,MS,NAWM,MS122
MS122_NAWM__10X_17_grch38:AACTCCCAGGCTCATTx,MS,NAWM,MS122
MS122_NAWM__10X_17_grch38:AAGGCAGGTCATACTGx,MS,NAWM,MS122
MS122_NAWM__10X_17_grch38:AATCCAGGTCTCGTTCx,MS,NAWM,MS122
MS122_NAWM__10X_17_grch38:ACGAGGATCCGCGGTAx,MS,NAWM,MS122
MS122_NAWM__10X_17_grch38:ACGCAGCGTCATTAGCx,MS,NAWM,MS122
MS122_NAWM__10X_17_grch38:ACTGAGTAGAAGGTTTx,MS,NAWM,MS122
MS122_NAWM__10X_17_grch38:ACTTTCACAGAGCCAAx,MS,NAWM,MS122
MS122_NAWM__10X_17_grch38:AGAATAGCACATCTTTx,MS,NAWM,MS122
MS122_NAWM__10X_17_grch38:AGCATACCACAACGCCx,MS,NAWM,MS122
MS122_NAWM__10X_17_grch38:AGCGTATAGGATCGCAx,MS,NAWM,MS122
MS122_NAWM__10X_17_grch38:AGCTCCTTCTACGAGTx,MS,NAWM,MS122
MS122_NAWM__10X_17_grch38:AGGCCGTCAATGAATGx,MS,NAWM,MS122
MS122_NAWM__10X_17_grch38:AGTGTCAAGGCTCAGAx,MS,NAWM,MS122
MS122_NAWM__10X_17_grch38:ATAGACCCATACTACGx,MS,NAWM,MS122
MS122_NAWM__10X_17_grch38:ATCATGGTCGGAGGTAx,MS,NAWM,MS122
MS122_NAWM__10X_17_grch38:ATCCGAACAGTCTTCCx,MS,NAWM,MS122
MS122_NAWM__10X_17_grch38:ATCGAGTGTCGTGGCTx,MS,NAWM,MS122
MS122_NAWM__10X_17_grch38:ATTACTCGTGAGTGACx,MS,NAWM,MS122
MS122_NAWM__10X_17_grch38:ATTTCTGTCCATGAGTx,MS,NAWM,MS122
MS122_NAWM__10X_17_grch38:CAAGAAAGTCGGGTCTx,MS,NAWM,MS122
MS122_NAWM__10X_17_grch38:CAAGATCCATCACGTAx,MS,NAWM,MS122
MS122_NAWM__10X_17_grch38:CACATAGCAGCGTAAGx,MS,NAWM,MS122
MS122_NAWM__10X_17_grch38:CAGCCGACAAAGTGCGx,MS,NAWM,MS122
MS122_NAWM__10X_17_grch38:CAGCTGGTCCTTGCCAx,MS,NAWM,MS122
MS122_NAWM__10X_17_grch38:CAGTAACGTCGCTTTCx,MS,NAWM,MS122
MS122_NAWM__10X_17_grch38:CAGTCCTGTCTTCGTCx,MS,NAWM,MS122
MS122_NAWM__10X_17_grch38:CCATTCGTCTCTAAGGx,MS,NAWM,MS122
MS122_NAWM__10X_17_grch38:CCCATACTCGAATCCAx,MS,NAWM,MS122
MS122_NAWM__10X_17_grch38:CCGTGGATCCGCATAAx,MS,NAWM,MS122
MS122_NAWM__10X_17_grch38:CGACCTTAGAGTACCGx,MS,NAWM,MS122
MS122_NAWM__10X_17_grch38:CGAGCACTCCGGGTGTx,MS,NAWM,MS122
MS122_NAWM__10X_17_grch38:CGCTATCCAAAGTGCGx,MS,NAWM,MS122
MS122_NAWM__10X_17_grch38:CGGACACTCACAGTACx,MS,NAWM,MS122
MS122_NAWM__10X_17_grch38:CGGAGTCAGTCGTTTGx,MS,NAWM,MS122
MS122_NAWM__10X_17_grch38:CGTGTAACAGCTCGCAx,MS,NAWM,MS122
MS122_NAWM__10X_17_grch38:CGTTCTGTCCGTAGTAx,MS,NAWM,MS122
MS122_NAWM__10X_17_grch38:CTCACACGTTCCACAAx,MS,NAWM,MS122
MS122_NAWM__10X_17_grch38:GACGGCTAGGATTCGGx,MS,NAWM,MS122
MS122_NAWM__10X_17_grch38:GATCTAGGTTAGGGTGx,MS,NAWM,MS122
MS122_NAWM__10X_17_grch38:GCACATAGTGGAAAGAx,MS,NAWM,MS122
MS122_NAWM__10X_17_grch38:GCGAGAATCGGCTACGx,MS,NAWM,MS122
MS122_NAWM__10X_17_grch38:GCGCAACGTGCGGTAAx,MS,NAWM,MS122
MS122_NAWM__10X_17_grch38:GCTCTGTTCACTTACTx,MS,NAWM,MS122
MS122_NAWM__10X_17_grch38:GCTGCAGGTCAAGCGAx,MS,NAWM,MS122
MS122_NAWM__10X_17_grch38:GGACAAGAGCTCCTCTx,MS,NAWM,MS122
MS122_NAWM__10X_17_grch38:GGACAAGCAATCTACGx,MS,NAWM,MS122
MS122_NAWM__10X_17_grch38:GGACAGAAGCTTATCGx,MS,NAWM,MS122
MS122_NAWM__10X_17_grch38:GGACAGACAATCCGATx,MS,NAWM,MS122
MS122_NAWM__10X_17_grch38:GGCGTGTTCCCTCAGTx,MS,NAWM,MS122
MS122_NAWM__10X_17_grch38:GGGACCTCATCGTCGGx,MS,NAWM,MS122
MS122_NAWM__10X_17_grch38:GGGAGATCAATCTACGx,MS,NAWM,MS122
MS122_NAWM__10X_17_grch38:GTAACTGGTATTAGCCx,MS,NAWM,MS122
MS122_NAWM__10X_17_grch38:GTAGTCAAGCCACGTCx,MS,NAWM,MS122
MS122_NAWM__10X_17_grch38:GTCAAGTGTAGCTAAAx,MS,NAWM,MS122
MS122_NAWM__10X_17_grch38:GTCACGGGTCTCTCGTx,MS,NAWM,MS122
MS122_NAWM__10X_17_grch38:GTTAAGCAGAGTGAGAx,MS,NAWM,MS122
MS122_NAWM__10X_17_grch38:GTTAAGCCACCCTATCx,MS,NAWM,MS122
MS122_NAWM__10X_17_grch38:TAAGTGCGTTGGACCCx,MS,NAWM,MS122
MS122_NAWM__10X_17_grch38:TACGGATCAGTAAGATx,MS,NAWM,MS122
MS122_NAWM__10X_17_grch38:TAGCCGGAGTCAAGGCx,MS,NAWM,MS122
MS122_NAWM__10X_17_grch38:TATGCCCTCGTTTATCx,MS,NAWM,MS122
MS122_NAWM__10X_17_grch38:TCAACGAGTAGCGCTCx,MS,NAWM,MS122
MS122_NAWM__10X_17_grch38:TCACGAAGTTGCTCCTx,MS,NAWM,MS122
MS122_NAWM__10X_17_grch38:TCAGGATCAGACGTAGx,MS,NAWM,MS122
MS122_NAWM__10X_17_grch38:TCCACACTCCTAAGTGx,MS,NAWM,MS122
MS122_NAWM__10X_17_grch38:TCGCGTTAGGATGGTCx,MS,NAWM,MS122
MS122_NAWM__10X_17_grch38:TCTCATAGTCAAAGATx,MS,NAWM,MS122
MS122_NAWM__10X_17_grch38:TCTGGAAAGCCCAGCTx,MS,NAWM,MS122
MS122_NAWM__10X_17_grch38:TCTTTCCAGCACAGGTx,MS,NAWM,MS122
MS122_NAWM__10X_17_grch38:TGAGGGAGTCATGCCGx,MS,NAWM,MS122
MS122_NAWM__10X_17_grch38:TGCACCTAGATGTTAGx,MS,NAWM,MS122
MS122_NAWM__10X_17_grch38:TGGCCAGGTCTTGCGGx,MS,NAWM,MS122
MS122_NAWM__10X_17_grch38:TGTGGTAGTTCACGGCx,MS,NAWM,MS122
MS122_NAWM__10X_17_grch38:TTGGCAACAGCGTCCAx,MS,NAWM,MS122
MS122_NAWM__10X_17_grch38:TTTGGTTTCACATACGx,MS,NAWM,MS122
MS122_CI__10X_17_grch38:AACTGGTTCTGCTTGCx,MS,CI,MS122
MS122_CI__10X_17_grch38:AAGCCGCAGCCGGTAAx,MS,CI,MS122
MS122_CI__10X_17_grch38:AAGGAGCTCCGCAGTGx,MS,CI,MS122
MS122_CI__10X_17_grch38:AAGTCTGTCTTTAGGGx,MS,CI,MS122
MS122_CI__10X_17_grch38:ACACCAATCATGGTCAx,MS,CI,MS122
MS122_CI__10X_17_grch38:ACGGAGAGTTAAGACAx,MS,CI,MS122
MS122_CI__10X_17_grch38:ACTGATGTCGTGGACCx,MS,CI,MS122
MS122_CI__10X_17_grch38:AGAATAGTCTCCGGTTx,MS,CI,MS122
MS122_CI__10X_17_grch38:AGTGGGAAGGCTCTTAx,MS,CI,MS122
MS122_CI__10X_17_grch38:ATCATGGTCCCTTGCAx,MS,CI,MS122
MS122_CI__10X_17_grch38:ATCTACTAGGACAGAAx,MS,CI,MS122
MS122_CI__10X_17_grch38:CAACCAACAGTGGGATx,MS,CI,MS122
MS122_CI__10X_17_grch38:CACAGTACAATGAATGx,MS,CI,MS122
MS122_CI__10X_17_grch38:CAGATCAAGCTAGTTCx,MS,CI,MS122
MS122_CI__10X_17_grch38:CATCAGACACTTCTGCx,MS,CI,MS122
MS122_CI__10X_17_grch38:CATCCACGTACTTAGCx,MS,CI,MS122
MS122_CI__10X_17_grch38:CCTATTAAGCTACCGCx,MS,CI,MS122
MS122_CI__10X_17_grch38:CCTATTACAGGATCGAx,MS,CI,MS122
MS122_CI__10X_17_grch38:CGAGAAGCACAGACTTx,MS,CI,MS122
MS122_CI__10X_17_grch38:CGTAGCGGTATCAGTCx,MS,CI,MS122
MS122_CI__10X_17_grch38:CGTCAGGGTAGCAAATx,MS,CI,MS122
MS122_CI__10X_17_grch38:CTAATGGTCTTAGCCCx,MS,CI,MS122
MS122_CI__10X_17_grch38:CTACCCAAGCTAAGATx,MS,CI,MS122
MS122_CI__10X_17_grch38:CTAGTGACATCAGTACx,MS,CI,MS122
MS122_CI__10X_17_grch38:CTTACCGCAATCGAAAx,MS,CI,MS122
MS122_CI__10X_17_grch38:CTTTGCGGTACTCGCGx,MS,CI,MS122
MS122_CI__10X_17_grch38:GACTAACAGTGTTTGCx,MS,CI,MS122
MS122_CI__10X_17_grch38:GACTGCGAGCCAACAGx,MS,CI,MS122
MS122_CI__10X_17_grch38:GCAAACTTCCCTAATTx,MS,CI,MS122
MS122_CI__10X_17_grch38:GCAGTTAGTCACACGCx,MS,CI,MS122
MS122_CI__10X_17_grch38:GGCGACTCATGAACCTx,MS,CI,MS122
MS122_CI__10X_17_grch38:GGGAGATAGGGCACTAx,MS,CI,MS122
MS122_CI__10X_17_grch38:GGGAGATGTCTGCGGTx,MS,CI,MS122
MS122_CI__10X_17_grch38:GGGAGATTCCTGCCATx,MS,CI,MS122
MS122_CI__10X_17_grch38:GTAACGTTCCCTCAGTx,MS,CI,MS122
MS122_CI__10X_17_grch38:GTCCTCACACGACGAAx,MS,CI,MS122
MS122_CI__10X_17_grch38:GTGCATATCCCATTTAx,MS,CI,MS122
MS122_CI__10X_17_grch38:GTGCTTCGTAACGACGx,MS,CI,MS122
MS122_CI__10X_17_grch38:TCAGATGGTCTCTCTGx,MS,CI,MS122
MS122_CI__10X_17_grch38:TCCCGATTCGGAAATAx,MS,CI,MS122
MS122_CI__10X_17_grch38:TCGCGTTGTGTTGAGGx,MS,CI,MS122
MS122_CI__10X_17_grch38:TCGGGACAGGCGACATx,MS,CI,MS122
MS122_CI__10X_17_grch38:TCTCTAACACCATGTAx,MS,CI,MS122
MS122_CI__10X_17_grch38:TCTTCGGTCTGTTTGTx,MS,CI,MS122
MS122_CI__10X_17_grch38:TCTTTCCTCGGAAACGx,MS,CI,MS122
MS122_CI__10X_17_grch38:TTAACTCTCGCAAACTx,MS,CI,MS122
MS122_CI__10X_17_grch38:TTTGGTTCAGGAACGTx,MS,CI,MS122
MS122_A__10X_17_grch38:AACTGGTGTCCGCTGAx,MS,A,MS122
MS122_A__10X_17_grch38:ACGGAGAAGAGCTATAx,MS,A,MS122
MS122_A__10X_17_grch38:ACTTTCAAGTGCCATTx,MS,A,MS122
MS122_A__10X_17_grch38:AGATCTGTCAAGCCTAx,MS,A,MS122
MS122_A__10X_17_grch38:AGCTCTCTCGTCCGTTx,MS,A,MS122
MS122_A__10X_17_grch38:ATCATGGTCTGGTATGx,MS,A,MS122
MS122_A__10X_17_grch38:CAAGGCCCACGGTTTAx,MS,A,MS122
MS122_A__10X_17_grch38:CACATAGGTACCGCTGx,MS,A,MS122
MS122_A__10X_17_grch38:CACATTTTCCTGTAGAx,MS,A,MS122
MS122_A__10X_17_grch38:CACTCCACATCGGACCx,MS,A,MS122
MS122_A__10X_17_grch38:CAGCAGCGTTCTGTTTx,MS,A,MS122
MS122_A__10X_17_grch38:CCCATACAGTACTTGCx,MS,A,MS122
MS122_A__10X_17_grch38:CCTAGCTTCACATACGx,MS,A,MS122
MS122_A__10X_17_grch38:CGAGAAGTCCTTAATCx,MS,A,MS122
MS122_A__10X_17_grch38:CGATCGGAGGGATGGGx,MS,A,MS122
MS122_A__10X_17_grch38:CGATTGAAGGATGTATx,MS,A,MS122
MS122_A__10X_17_grch38:CGCGGTAAGAGTTGGCx,MS,A,MS122
MS122_A__10X_17_grch38:CGGACTGTCGGAAACGx,MS,A,MS122
MS122_A__10X_17_grch38:CTCGTACGTCAAACTCx,MS,A,MS122
MS122_A__10X_17_grch38:CTGAAGTCAAGCGAGTx,MS,A,MS122
MS122_A__10X_17_grch38:GAATGAAAGGTGCACAx,MS,A,MS122
MS122_A__10X_17_grch38:GACGGCTAGATAGCATx,MS,A,MS122
MS122_A__10X_17_grch38:GAGGTGATCTGCGTAAx,MS,A,MS122
MS122_A__10X_17_grch38:GATGAGGTCGTCACGGx,MS,A,MS122
MS122_A__10X_17_grch38:GCTGCTTTCAGGCCCAx,MS,A,MS122
MS122_A__10X_17_grch38:GGAACTTGTCAAAGCGx,MS,A,MS122
MS122_A__10X_17_grch38:GGAATAAAGATCCGAGx,MS,A,MS122
MS122_A__10X_17_grch38:GGCTCGAAGCGTGAACx,MS,A,MS122
MS122_A__10X_17_grch38:GGGAGATCAGCGATCCx,MS,A,MS122
MS122_A__10X_17_grch38:GTGTGCGAGCTGATAAx,MS,A,MS122
MS122_A__10X_17_grch38:TCAACGAGTATGCTTGx,MS,A,MS122
MS122_A__10X_17_grch38:TCACGAAGTTCAGTACx,MS,A,MS122
MS122_A__10X_17_grch38:TCAGGATAGTCAATAGx,MS,A,MS122
MS122_A__10X_17_grch38:TCGCGAGTCGGTTAACx,MS,A,MS122
MS122_A__10X_17_grch38:TGAGCCGAGACTGTAAx,MS,A,MS122
MS122_A__10X_17_grch38:TGGACGCCAACTGGCCx,MS,A,MS122
MS122_A__10X_17_grch38:TTAGGCATCAGGCGAAx,MS,A,MS122
MS122_A__10X_17_grch38:TTCGAAGCACAGTCGCx,MS,A,MS122
MS121_NAWM__10X_17_grch38:AAAGTAGGTGTGCGTCx,MS,NAWM,MS121
MS121_NAWM__10X_17_grch38:AACCATGAGTACTTGCx,MS,NAWM,MS121
MS121_NAWM__10X_17_grch38:AAGCCGCCAGTCTTCCx,MS,NAWM,MS121
MS121_NAWM__10X_17_grch38:ACATACGAGCAAATCAx,MS,NAWM,MS121
MS121_NAWM__10X_17_grch38:ACGGGCTGTCTGCGGTx,MS,NAWM,MS121
MS121_NAWM__10X_17_grch38:AGATCTGTCGCAAACTx,MS,NAWM,MS121
MS121_NAWM__10X_17_grch38:AGCTCCTTCCCATTTAx,MS,NAWM,MS121
MS121_NAWM__10X_17_grch38:AGGCCACTCGGTGTCGx,MS,NAWM,MS121
MS121_NAWM__10X_17_grch38:AGGTCCGAGATGGCGTx,MS,NAWM,MS121
MS121_NAWM__10X_17_grch38:ATCACGAGTTATCGGTx,MS,NAWM,MS121
MS121_NAWM__10X_17_grch38:ATGAGGGCACGGCGTTx,MS,NAWM,MS121
MS121_NAWM__10X_17_grch38:ATGCGATCAATACGCTx,MS,NAWM,MS121
MS121_NAWM__10X_17_grch38:ATTACTCGTCACACGCx,MS,NAWM,MS121
MS121_NAWM__10X_17_grch38:ATTCTACCACATAACCx,MS,NAWM,MS121
MS121_NAWM__10X_17_grch38:CAACCAAAGTTAACGAx,MS,NAWM,MS121
MS121_NAWM__10X_17_grch38:CACAAACGTCACTTCCx,MS,NAWM,MS121
MS121_NAWM__10X_17_grch38:CACATAGTCATGGTCAx,MS,NAWM,MS121
MS121_NAWM__10X_17_grch38:CAGTAACAGGTGCTTTx,MS,NAWM,MS121
MS121_NAWM__10X_17_grch38:CATCGGGCATCAGTACx,MS,NAWM,MS121
MS121_NAWM__10X_17_grch38:CCACGGACATTTCACTx,MS,NAWM,MS121
MS121_NAWM__10X_17_grch38:CCATTCGTCTGCCCTAx,MS,NAWM,MS121
MS121_NAWM__10X_17_grch38:CCCAATCTCTCAAACGx,MS,NAWM,MS121
MS121_NAWM__10X_17_grch38:CCTACACCACATCCAAx,MS,NAWM,MS121
MS121_NAWM__10X_17_grch38:CCTACACGTGAGGGAGx,MS,NAWM,MS121
MS121_NAWM__10X_17_grch38:CCTACCATCCTAGAACx,MS,NAWM,MS121
MS121_NAWM__10X_17_grch38:CGGACACTCGGCGCATx,MS,NAWM,MS121
MS121_NAWM__10X_17_grch38:CGGACTGTCCCTCAGTx,MS,NAWM,MS121
MS121_NAWM__10X_17_grch38:CGTCTACCACTCGACGx,MS,NAWM,MS121
MS121_NAWM__10X_17_grch38:CTAACTTCACGGATAGx,MS,NAWM,MS121
MS121_NAWM__10X_17_grch38:CTAAGACGTCCGAGTCx,MS,NAWM,MS121
MS121_NAWM__10X_17_grch38:CTAGCCTGTCTTCGTCx,MS,NAWM,MS121
MS121_NAWM__10X_17_grch38:CTCGAAAAGTTACGGGx,MS,NAWM,MS121
MS121_NAWM__10X_17_grch38:CTCGGAGAGTGTCCCGx,MS,NAWM,MS121
MS121_NAWM__10X_17_grch38:CTCTGGTTCATGGTCAx,MS,NAWM,MS121
MS121_NAWM__10X_17_grch38:CTGCGGATCGTCTGAAx,MS,NAWM,MS121
MS121_NAWM__10X_17_grch38:GAACATCCAACTGGCCx,MS,NAWM,MS121
MS121_NAWM__10X_17_grch38:GAAGCAGGTAGGGACTx,MS,NAWM,MS121
MS121_NAWM__10X_17_grch38:GAGCAGATCACCGGGTx,MS,NAWM,MS121
MS121_NAWM__10X_17_grch38:GATCGTAGTTTAGGAAx,MS,NAWM,MS121
MS121_NAWM__10X_17_grch38:GCATGTAGTGTAATGAx,MS,NAWM,MS121
MS121_NAWM__10X_17_grch38:GGCGACTCATCGACGCx,MS,NAWM,MS121
MS121_NAWM__10X_17_grch38:GGCTCGATCTTCAACTx,MS,NAWM,MS121
MS121_NAWM__10X_17_grch38:GGGACCTGTATAGTAGx,MS,NAWM,MS121
MS121_NAWM__10X_17_grch38:GGTATTGCAGACAGGTx,MS,NAWM,MS121
MS121_NAWM__10X_17_grch38:GTACTCCAGATGCCAGx,MS,NAWM,MS121
MS121_NAWM__10X_17_grch38:GTATTCTAGCGTGAACx,MS,NAWM,MS121
MS121_NAWM__10X_17_grch38:TATTACCTCGTGACATx,MS,NAWM,MS121
MS121_NAWM__10X_17_grch38:TCGGGACCATCCTTGCx,MS,NAWM,MS121
MS121_NAWM__10X_17_grch38:TCGTAGAAGATCGATAx,MS,NAWM,MS121
MS121_NAWM__10X_17_grch38:TCGTAGACATTAACCGx,MS,NAWM,MS121
MS121_NAWM__10X_17_grch38:TCTCTAATCAACACCAx,MS,NAWM,MS121
MS121_NAWM__10X_17_grch38:TGAAAGACACTGTCGGx,MS,NAWM,MS121
MS121_NAWM__10X_17_grch38:TGCCCTAGTGTAAGTAx,MS,NAWM,MS121
MS121_NAWM__10X_17_grch38:TGCTACCGTGAAGGCTx,MS,NAWM,MS121
MS121_NAWM__10X_17_grch38:TTAGTTCCAGCCAGAAx,MS,NAWM,MS121
MS121_NAWM__10X_17_grch38:TTAGTTCTCCTCCTAGx,MS,NAWM,MS121
MS121_NAWM__10X_17_grch38:TTATGCTCACGACTCGx,MS,NAWM,MS121
MS121_NAWM__10X_17_grch38:TTCGGTCAGGCTCAGAx,MS,NAWM,MS121
MS121_NAWM__10X_17_grch38:TTCTCAATCTTGTCATx,MS,NAWM,MS121
MS121_NAWM__10X_17_grch38:TTGCGTCTCTTCATGTx,MS,NAWM,MS121
MS121_NAWM__10X_17_grch38:TTTGCGCTCTTACCTAx,MS,NAWM,MS121
MS121_NAWM__10X_17_grch38:TTTGTCAGTAGCGATGx,MS,NAWM,MS121
MS121_A3__10X_17_grch38:AAGGAGCCATCGTCGGx,MS,A,MS121
MS121_A3__10X_17_grch38:AGAATAGGTCGTTGTAx,MS,A,MS121
MS121_A3__10X_17_grch38:ATGTGTGAGCGTAATAx,MS,A,MS121
MS121_A3__10X_17_grch38:CCAGCGATCCACGACGx,MS,A,MS121
MS121_A3__10X_17_grch38:CGACCTTAGCTGAACGx,MS,A,MS121
MS121_A3__10X_17_grch38:CGGAGCTAGTAACCCTx,MS,A,MS121
MS121_A3__10X_17_grch38:CTCTGGTGTGTTTGTGx,MS,A,MS121
MS121_A3__10X_17_grch38:GGGACCTCAGTATGCTx,MS,A,MS121
MS121_A3__10X_17_grch38:GTAGGCCGTTGGAGGTx,MS,A,MS121
MS121_A3__10X_17_grch38:GTTTCTAAGGTGCTTTx,MS,A,MS121
MS121_A3__10X_17_grch38:TAGACCACATTAGCCAx,MS,A,MS121
MS121_A3__10X_17_grch38:TCAGGTATCTCTGCTGx,MS,A,MS121
MS121_A3__10X_17_grch38:TCTATTGTCACAGGCCx,MS,A,MS121
MS121_A3__10X_17_grch38:TGCTGCTAGGTAAACTx,MS,A,MS121
MS121_A3__10X_17_grch38:TTTCCTCCATTTGCCCx,MS,A,MS121
MS121_A2__10X_17_grch38:AACTCTTAGTCTCCTCx,MS,A,MS121
MS121_A2__10X_17_grch38:ACACCAATCGGACAAGx,MS,A,MS121
MS121_A2__10X_17_grch38:ACACTGACAGTAAGATx,MS,A,MS121
MS121_A2__10X_17_grch38:ACGCAGCTCCTTTACAx,MS,A,MS121
MS121_A2__10X_17_grch38:ACTGAACAGATACACAx,MS,A,MS121
MS121_A2__10X_17_grch38:AGAATAGCATTGAGCTx,MS,A,MS121
MS121_A2__10X_17_grch38:AGGGAGTCATGATCCAx,MS,A,MS121
MS121_A2__10X_17_grch38:AGGGTGACAGGATTGGx,MS,A,MS121
MS121_A2__10X_17_grch38:AGTGGGATCACCCTCAx,MS,A,MS121
MS121_A2__10X_17_grch38:ATTACTCTCACGGTTAx,MS,A,MS121
MS121_A2__10X_17_grch38:ATTGGACTCTAGCACAx,MS,A,MS121
MS121_A2__10X_17_grch38:CAGCAGCGTCGGCTCAx,MS,A,MS121
MS121_A2__10X_17_grch38:CGTGAGCTCTAACCGAx,MS,A,MS121
MS121_A2__10X_17_grch38:CTACGTCCATTAGCCAx,MS,A,MS121
MS121_A2__10X_17_grch38:CTCTAATCATAGTAAGx,MS,A,MS121
MS121_A2__10X_17_grch38:CTTAGGACACCAGGTCx,MS,A,MS121
MS121_A2__10X_17_grch38:GATTCAGAGTACGTTCx,MS,A,MS121
MS121_A2__10X_17_grch38:GCATACATCGGTGTCGx,MS,A,MS121
MS121_A2__10X_17_grch38:GGATGTTCATAAGACAx,MS,A,MS121
MS121_A2__10X_17_grch38:GGCGACTCATCTCGCTx,MS,A,MS121
MS121_A2__10X_17_grch38:GGCTGGTGTAGAGCTGx,MS,A,MS121
MS121_A2__10X_17_grch38:GGGAATGGTCGGGTCTx,MS,A,MS121
MS121_A2__10X_17_grch38:GTAACGTTCTGAGGGAx,MS,A,MS121
MS121_A2__10X_17_grch38:GTACTTTAGAGTAATCx,MS,A,MS121
MS121_A2__10X_17_grch38:TAGTTGGTCACCGTAAx,MS,A,MS121
MS121_A2__10X_17_grch38:TCAATCTTCACTCTTAx,MS,A,MS121
MS121_A2__10X_17_grch38:TCGTACCGTCTAGTGTx,MS,A,MS121
MS121_A2__10X_17_grch38:TCTCATAGTAAGTTCCx,MS,A,MS121
MS121_A2__10X_17_grch38:TCTGAGACAGTCGATTx,MS,A,MS121
MS121_A2__10X_17_grch38:TTAGTTCTCGCCTGTTx,MS,A,MS121
MS121_A2__10X_17_grch38:TTCTTAGAGACTGTAAx,MS,A,MS121
MS121_CA__10X_17_grch38:AACACGTAGCGCTTATx,MS,CA,MS121
MS121_CA__10X_17_grch38:AAGCCGCAGCTGCAAGx,MS,CA,MS121
MS121_CA__10X_17_grch38:AAGGTTCGTGCATCTAx,MS,CA,MS121
MS121_CA__10X_17_grch38:ATCCGAAAGTTCCACAx,MS,CA,MS121
MS121_CA__10X_17_grch38:ATCTGCCAGCTGATAAx,MS,CA,MS121
MS121_CA__10X_17_grch38:CATGACAGTCTAGGTTx,MS,CA,MS121
MS121_CA__10X_17_grch38:CCTACACCACCACCAGx,MS,CA,MS121
MS121_CA__10X_17_grch38:CCTATTATCCACGAATx,MS,CA,MS121
MS121_CA__10X_17_grch38:CGGACGTGTAGAGGAAx,MS,CA,MS121
MS121_CA__10X_17_grch38:CTAAGACAGTTGAGATx,MS,CA,MS121
MS121_CA__10X_17_grch38:CTCGAGGAGAAACGAGx,MS,CA,MS121
MS121_CA__10X_17_grch38:GAGCAGACAGCTGTGCx,MS,CA,MS121
MS121_CA__10X_17_grch38:GCATACATCATATCGGx,MS,CA,MS121
MS121_CA__10X_17_grch38:GGGTCTGCAGATGAGCx,MS,CA,MS121
MS121_CA__10X_17_grch38:GGTATTGCAATTGCTGx,MS,CA,MS121
MS121_CA__10X_17_grch38:GTGCGGTAGCACGCCTx,MS,CA,MS121
MS121_CA__10X_17_grch38:TAAACCGCACGTCTCTx,MS,CA,MS121
MS121_CA__10X_17_grch38:TACTTACCACGGTTTAx,MS,CA,MS121
MS121_CA__10X_17_grch38:TGTATTCAGTAATCCCx,MS,CA,MS121
CO14__10X_17_grch38:CTGCTGTAGGCTACGAx,normal,Ctrl,CO14
MS122_NAWM__10X_17_grch38:CCTTCGATCGCACTCTx,MS,NAWM,MS122
MS122_NAWM__10X_17_grch38:GAATGAAAGAAGGTGAx,MS,NAWM,MS122
MS122_CI__10X_17_grch38:GCACATAAGGATCGCAx,MS,CI,MS122
MS122_CI__10X_17_grch38:GCATACAAGCACGCCTx,MS,CI,MS122
CO25__10X_17_grch38:GACTAACGTTCCATGAx,normal,Ctrl,CO25
CO25__10X_17_grch38:TACAGTGTCCGCAAGCx,normal,Ctrl,CO25
MS176_NAWM__10X_17_grch38:AACCGCGCACCCTATCx,MS,NAWM,MS176
MS176_NAWM__10X_17_grch38:AACTCAGCAGCTTAACx,MS,NAWM,MS176
MS176_NAWM__10X_17_grch38:AAGGAGCCAGCTATTGx,MS,NAWM,MS176
MS176_NAWM__10X_17_grch38:AATCCAGCACATTAGCx,MS,NAWM,MS176
MS176_NAWM__10X_17_grch38:ACTTACTTCGTTTAGGx,MS,NAWM,MS176
MS176_NAWM__10X_17_grch38:AGAGCTTGTGCGAAACx,MS,NAWM,MS176
MS176_NAWM__10X_17_grch38:AGGGAGTCATTATCTCx,MS,NAWM,MS176
MS176_NAWM__10X_17_grch38:ATTATCCGTTTGCATGx,MS,NAWM,MS176
MS176_NAWM__10X_17_grch38:CATATTCCAATGCCATx,MS,NAWM,MS176
MS176_NAWM__10X_17_grch38:CCCATACCACGCATCGx,MS,NAWM,MS176
MS176_NAWM__10X_17_grch38:CGGAGTCAGGCTAGGTx,MS,NAWM,MS176
MS176_NAWM__10X_17_grch38:CTAGCCTAGATCACGGx,MS,NAWM,MS176
MS176_NAWM__10X_17_grch38:CTCATTACACGGCCATx,MS,NAWM,MS176
MS176_NAWM__10X_17_grch38:CTCGTACAGGAGTACCx,MS,NAWM,MS176
MS176_NAWM__10X_17_grch38:CTCGTCACACATGTGTx,MS,NAWM,MS176
MS176_NAWM__10X_17_grch38:CTTAACTGTAGGCTGAx,MS,NAWM,MS176
MS176_NAWM__10X_17_grch38:CTTAGGACACCGGAAAx,MS,NAWM,MS176
MS176_NAWM__10X_17_grch38:CTTTGCGGTCAATGTCx,MS,NAWM,MS176
MS176_NAWM__10X_17_grch38:GCTGGGTAGAGATGAGx,MS,NAWM,MS176
MS176_NAWM__10X_17_grch38:GGGTCTGAGGAATCGCx,MS,NAWM,MS176
MS176_NAWM__10X_17_grch38:GTAACGTTCTGTCTCGx,MS,NAWM,MS176
MS176_NAWM__10X_17_grch38:TAGAGCTCATCGACGCx,MS,NAWM,MS176
MS176_NAWM__10X_17_grch38:TCACAAGTCATGTCTTx,MS,NAWM,MS176
MS176_NAWM__10X_17_grch38:TCGCGTTCAATCTACGx,MS,NAWM,MS176
MS176_NAWM__10X_17_grch38:TCGGTAACAAACGCGAx,MS,NAWM,MS176
MS176_NAWM__10X_17_grch38:TGAGCCGAGCAGACTGx,MS,NAWM,MS176
MS176_NAWM__10X_17_grch38:TGGCTGGAGTTTGCGTx,MS,NAWM,MS176
MS176_NAWM__10X_17_grch38:TGGTTAGGTTTGACACx,MS,NAWM,MS176
MS176_RM__10X_17_grch38:AAAGATGGTAAGGGAAx,MS,RM,MS176
MS176_RM__10X_17_grch38:CAAGATCCATCCAACAx,MS,RM,MS176
MS176_RM__10X_17_grch38:CTCTACGGTCATACTGx,MS,RM,MS176
MS176_RM__10X_17_grch38:GAACCTACAACGCACCx,MS,RM,MS176
MS176_RM__10X_17_grch38:GGATTACGTTGGTGGAx,MS,RM,MS176
MS176_RM__10X_17_grch38:TACTTACTCTCAACTTx,MS,RM,MS176
MS176_CI__10X_17_056_roche_grch38_4:GATCAGTTCACTCTTAx,MS,CI,MS176
MS176_CA__10X_17_grch38:CAACTAGTCCCTCAGTx,MS,CA,MS176
MS176_CA__10X_17_grch38:CAAGGCCCAAACTGCTx,MS,CA,MS176
MS176_CA__10X_17_grch38:CACATTTCATTTGCCCx,MS,CA,MS176
MS176_CA__10X_17_grch38:CACATTTTCATCATTCx,MS,CA,MS176
MS176_CA__10X_17_grch38:CAGTAACTCCCATTATx,MS,CA,MS176
MS176_CA__10X_17_grch38:CGAGCCATCAACGGGAx,MS,CA,MS176
MS176_CA__10X_17_grch38:CTTTGCGTCAAGAAGTx,MS,CA,MS176
MS176_CA__10X_17_grch38:GACGGCTTCATGTCCCx,MS,CA,MS176
MS176_CA__10X_17_grch38:GATTCAGCAACGATGGx,MS,CA,MS176
MS176_CA__10X_17_grch38:GCTGCTTTCCGTCAAAx,MS,CA,MS176
MS176_CA__10X_17_grch38:GGAATAACAACTTGACx,MS,CA,MS176
MS176_CA__10X_17_grch38:GTTAAGCTCATAGCACx,MS,CA,MS176
MS176_CA__10X_17_grch38:GTTACAGTCCTAGGGCx,MS,CA,MS176
MS176_CA__10X_17_grch38:TAAACCGAGCGTGTCCx,MS,CA,MS176
MS176_CA__10X_17_grch38:TAGGCATTCAGTCAGTx,MS,CA,MS176
MS176_CA__10X_17_grch38:TCACGAAAGAGCTGCAx,MS,CA,MS176
MS176_CA__10X_17_grch38:TCCACACTCTCGCTTGx,MS,CA,MS176
MS176_CA__10X_17_grch38:TGAAAGATCATCGGATx,MS,CA,MS176
CO39__10X_17_grch38:AACTCAGGTAGCTAAAx,normal,Ctrl,CO39
CO39__10X_17_grch38:ACACTGATCTTGTACTx,normal,Ctrl,CO39
CO39__10X_17_grch38:ATCATGGCAAGGACTGx,normal,Ctrl,CO39
CO39__10X_17_grch38:CAGATCAGTCCTCCATx,normal,Ctrl,CO39
CO39__10X_17_grch38:CCAGCGATCGTACGGCx,normal,Ctrl,CO39
CO39__10X_17_grch38:CGAACATCAGCGTTCGx,normal,Ctrl,CO39
CO39__10X_17_grch38:TCTGGAAAGACAAGCCx,normal,Ctrl,CO39
CO14__10X_17_grch38:AACTCAGTCGATCCCTx,normal,Ctrl,CO14
CO14__10X_17_grch38:AATCGGTCACTGCCAGx,normal,Ctrl,CO14
CO14__10X_17_grch38:ACAGCCGGTAAGTGTAx,normal,Ctrl,CO14
CO14__10X_17_grch38:CACCACTTCATATCGGx,normal,Ctrl,CO14
CO14__10X_17_grch38:CGAACATGTCGAATCTx,normal,Ctrl,CO14
CO14__10X_17_grch38:CTCGAAATCAGATAAGx,normal,Ctrl,CO14
CO14__10X_17_grch38:CTCGGAGCATGATCCAx,normal,Ctrl,CO14
CO14__10X_17_grch38:GACGTTACAGTTAACCx,normal,Ctrl,CO14
CO14__10X_17_grch38:GCTGCGAAGGCTATCTx,normal,Ctrl,CO14
CO14__10X_17_grch38:TATTACCAGGACAGAAx,normal,Ctrl,CO14
CO14__10X_17_grch38:TCTCTAATCCCTTGCAx,normal,Ctrl,CO14
CO14__10X_17_grch38:TTTGTCATCAGCCTAAx,normal,Ctrl,CO14
MS242_CA5__10X_17_grch38:AAAGTAGCATCGATTGx,MS,CA,MS242
MS242_CA5__10X_17_grch38:AAGCCGCTCAGTTTGGx,MS,CA,MS242
MS242_CA5__10X_17_grch38:AATCCAGTCCGAATGTx,MS,CA,MS242
MS242_CA5__10X_17_grch38:AATCGGTGTGCACTTAx,MS,CA,MS242
MS242_CA5__10X_17_grch38:ACGGGTCCAGACGCTCx,MS,CA,MS242
MS242_CA5__10X_17_grch38:ACTATCTAGAAGGTGAx,MS,CA,MS242
MS242_CA5__10X_17_grch38:ACTGCTCCAAGCTGAGx,MS,CA,MS242
MS242_CA5__10X_17_grch38:AGGCCGTGTCTACCTCx,MS,CA,MS242
MS242_CA5__10X_17_grch38:AGGGTGACACGGTAGAx,MS,CA,MS242
MS242_CA5__10X_17_grch38:ATCCGAACACTTGGATx,MS,CA,MS242
MS242_CA5__10X_17_grch38:ATGTGTGTCCTAGAACx,MS,CA,MS242
MS242_CA5__10X_17_grch38:ATTATCCTCGCTGATAx,MS,CA,MS242
MS242_CA5__10X_17_grch38:ATTGGACTCGTTGCCTx,MS,CA,MS242
MS242_CA5__10X_17_grch38:CAACCTCGTAGCTTGTx,MS,CA,MS242
MS242_CA5__10X_17_grch38:CACAGGCGTTCGAATCx,MS,CA,MS242
MS242_CA5__10X_17_grch38:CATATTCAGCGTCAAGx,MS,CA,MS242
MS242_CA5__10X_17_grch38:CATATTCGTGGACGATx,MS,CA,MS242
MS242_CA5__10X_17_grch38:CATCAAGAGGAGTTGCx,MS,CA,MS242
MS242_CA5__10X_17_grch38:CATGGCGAGACAATACx,MS,CA,MS242
MS242_CA5__10X_17_grch38:CATGGCGGTAGCTGCCx,MS,CA,MS242
MS242_CA5__10X_17_grch38:CCAATCCAGAGGACGGx,MS,CA,MS242
MS242_CA5__10X_17_grch38:CCGTACTTCCTTTCTCx,MS,CA,MS242
MS242_CA5__10X_17_grch38:CCGTGGATCCTGCTTGx,MS,CA,MS242
MS242_CA5__10X_17_grch38:CCTAAAGAGACAGACCx,MS,CA,MS242
MS242_CA5__10X_17_grch38:CGACTTCAGTGGACGTx,MS,CA,MS242
MS242_CA5__10X_17_grch38:CGATCGGAGAGGGATAx,MS,CA,MS242
MS242_CA5__10X_17_grch38:CGCCAAGCATCTCGCTx,MS,CA,MS242
MS242_CA5__10X_17_grch38:CGGTTAACAAGCTGAGx,MS,CA,MS242
MS242_CA5__10X_17_grch38:CGTCCATTCGGAAACGx,MS,CA,MS242
MS242_CA5__10X_17_grch38:CGTTAGACACCGCTAGx,MS,CA,MS242
MS242_CA5__10X_17_grch38:CTAGAGTGTGTGAATAx,MS,CA,MS242
MS242_CA5__10X_17_grch38:CTCGTCACATCACGTAx,MS,CA,MS242
MS242_CA5__10X_17_grch38:CTGAAACCAGGTCCACx,MS,CA,MS242
MS242_CA5__10X_17_grch38:CTGAAGTTCAGAGGTGx,MS,CA,MS242
MS242_CA5__10X_17_grch38:CTGCGGAAGAACAATCx,MS,CA,MS242
MS242_CA5__10X_17_grch38:CTGGTCTTCCGTCAAAx,MS,CA,MS242
MS242_CA5__10X_17_grch38:CTGTGCTTCCTTCAATx,MS,CA,MS242
MS242_CA5__10X_17_grch38:GAACCTAAGACAGGCTx,MS,CA,MS242
MS242_CA5__10X_17_grch38:GAACCTAAGCGTAGTGx,MS,CA,MS242
MS242_CA5__10X_17_grch38:GAATGAATCGGCATCGx,MS,CA,MS242
MS242_CA5__10X_17_grch38:GACACGCAGGTGACCAx,MS,CA,MS242
MS242_CA5__10X_17_grch38:GACAGAGTCCCACTTGx,MS,CA,MS242
MS242_CA5__10X_17_grch38:GACTAACGTGTTAAGAx,MS,CA,MS242
MS242_CA5__10X_17_grch38:GATCAGTGTCGGCTCAx,MS,CA,MS242
MS242_CA5__10X_17_grch38:GATGAAAAGGCGCTCTx,MS,CA,MS242
MS242_CA5__10X_17_grch38:GATTCAGTCTTAGAGCx,MS,CA,MS242
MS242_CA5__10X_17_grch38:GCAGCCAAGGACTGGTx,MS,CA,MS242
MS242_CA5__10X_17_grch38:GCATGTAAGAGTGAGAx,MS,CA,MS242
MS242_CA5__10X_17_grch38:GCGGGTTTCGTCCAGGx,MS,CA,MS242
MS242_CA5__10X_17_grch38:GCTGCGAGTCCTCCATx,MS,CA,MS242
MS242_CA5__10X_17_grch38:GGAGCAATCCTTGACCx,MS,CA,MS242
MS242_CA5__10X_17_grch38:GGCTGGTAGACGCACAx,MS,CA,MS242
MS242_CA5__10X_17_grch38:GTCACAATCTGATACGx,MS,CA,MS242
MS242_CA5__10X_17_grch38:GTGCAGCTCAGAGCTTx,MS,CA,MS242
MS242_CA5__10X_17_grch38:GTTACAGGTCTAACGTx,MS,CA,MS242
MS242_CA5__10X_17_grch38:TAAGCGTTCCTTCAATx,MS,CA,MS242
MS242_CA5__10X_17_grch38:TACACGAAGGGATCTGx,MS,CA,MS242
MS242_CA5__10X_17_grch38:TACTCATGTAGAGTGCx,MS,CA,MS242
MS242_CA5__10X_17_grch38:TCAGGATGTGTTAAGAx,MS,CA,MS242
MS242_CA5__10X_17_grch38:TCATTACGTATCAGTCx,MS,CA,MS242
MS242_CA5__10X_17_grch38:TGCGTGGAGAACAACTx,MS,CA,MS242
MS242_CA5__10X_17_grch38:TTAGGACTCTGGCGACx,MS,CA,MS242
MS242_CA5__10X_17_grch38:TTGCCGTTCCCAACGGx,MS,CA,MS242
MS242_CA5__10X_17_grch38:TTGGCAACACCCAGTGx,MS,CA,MS242
MS242_CI__10X_17_grch38:AAACGGGTCCTTCAATx,MS,CI,MS242
MS242_CI__10X_17_grch38:AAAGTAGCACATCCGGx,MS,CI,MS242
MS242_CI__10X_17_grch38:AACACGTAGTTAAGTGx,MS,CI,MS242
MS242_CI__10X_17_grch38:AACTCCCCAAGGACTGx,MS,CI,MS242
MS242_CI__10X_17_grch38:AACTGGTCAATGAATGx,MS,CI,MS242
MS242_CI__10X_17_grch38:AAGGCAGCACGTAAGGx,MS,CI,MS242
MS242_CI__10X_17_grch38:ACACTGAGTTCTGTTTx,MS,CI,MS242
MS242_CI__10X_17_grch38:ACAGCTACATCATCCCx,MS,CI,MS242
MS242_CI__10X_17_grch38:ACCTTTAGTTATGTGCx,MS,CI,MS242
MS242_CI__10X_17_grch38:ACGAGCCCAAACAACAx,MS,CI,MS242
MS242_CI__10X_17_grch38:ACGAGGATCGAATGGGx,MS,CI,MS242
MS242_CI__10X_17_grch38:ACTGCTCCAATCGAAAx,MS,CI,MS242
MS242_CI__10X_17_grch38:AGAGTGGCATTTGCCCx,MS,CI,MS242
MS242_CI__10X_17_grch38:AGCGTCGTCAGGATCTx,MS,CI,MS242
MS242_CI__10X_17_grch38:AGGTCATTCAGCATGTx,MS,CI,MS242
MS242_CI__10X_17_grch38:CAAGAAAAGCTGTCTAx,MS,CI,MS242
MS242_CI__10X_17_grch38:CAAGGCCGTCCAGTATx,MS,CI,MS242
MS242_CI__10X_17_grch38:CAGTAACCAGTGGAGTx,MS,CI,MS242
MS242_CI__10X_17_grch38:CATGCCTTCAAACCACx,MS,CI,MS242
MS242_CI__10X_17_grch38:CATGGCGCATCACGATx,MS,CI,MS242
MS242_CI__10X_17_grch38:CCACGGAGTTACGGAGx,MS,CI,MS242
MS242_CI__10X_17_grch38:CCATTCGCATGCATGTx,MS,CI,MS242
MS242_CI__10X_17_grch38:CCCAATCCATCTACGAx,MS,CI,MS242
MS242_CI__10X_17_grch38:CCTCAGTAGAGACTTAx,MS,CI,MS242
MS242_CI__10X_17_grch38:CCTCTGAAGATCCCATx,MS,CI,MS242
MS242_CI__10X_17_grch38:CCTTACGCATCCTTGCx,MS,CI,MS242
MS242_CI__10X_17_grch38:CGACTTCGTACCTACAx,MS,CI,MS242
MS242_CI__10X_17_grch38:CGATGGCGTCTGATTGx,MS,CI,MS242
MS242_CI__10X_17_grch38:CGATGGCGTGACTACTx,MS,CI,MS242
MS242_CI__10X_17_grch38:CGCTGGACACCGGAAAx,MS,CI,MS242
MS242_CI__10X_17_grch38:CGGCTAGTCGAATCCAx,MS,CI,MS242
MS242_CI__10X_17_grch38:CGTCAGGCAGATAATGx,MS,CI,MS242
MS242_CI__10X_17_grch38:CTAACTTTCATCACCCx,MS,CI,MS242
MS242_CI__10X_17_grch38:CTCAGAAAGTGGCACAx,MS,CI,MS242
MS242_CI__10X_17_grch38:CTGTTTAAGAGGTTGCx,MS,CI,MS242
MS242_CI__10X_17_grch38:CTGTTTAGTAAATACGx,MS,CI,MS242
MS242_CI__10X_17_grch38:GAACATCAGGAGCGTTx,MS,CI,MS242
MS242_CI__10X_17_grch38:GAACATCCACTGCCAGx,MS,CI,MS242
MS242_CI__10X_17_grch38:GACGGCTAGGAGTTTAx,MS,CI,MS242
MS242_CI__10X_17_grch38:GCATGTACATGGTTGTx,MS,CI,MS242
MS242_CI__10X_17_grch38:GGACAAGTCAGTGTTGx,MS,CI,MS242
MS242_CI__10X_17_grch38:GGAGCAACATCGGACCx,MS,CI,MS242
MS242_CI__10X_17_grch38:GGCAATTCAGCCTGTGx,MS,CI,MS242
MS242_CI__10X_17_grch38:GGCTCGAGTATCAGTCx,MS,CI,MS242
MS242_CI__10X_17_grch38:GGGACCTTCCTAGGGCx,MS,CI,MS242
MS242_CI__10X_17_grch38:GGTGCGTTCGAGCCCAx,MS,CI,MS242
MS242_CI__10X_17_grch38:GTAACGTAGGTACTCTx,MS,CI,MS242
MS242_CI__10X_17_grch38:GTGCTTCTCTCCTATAx,MS,CI,MS242
MS242_CI__10X_17_grch38:GTGTGCGTCGTTTATCx,MS,CI,MS242
MS242_CI__10X_17_grch38:GTTACAGGTCGAGTTTx,MS,CI,MS242
MS242_CI__10X_17_grch38:TAAACCGTCTGCCCTAx,MS,CI,MS242
MS242_CI__10X_17_grch38:TAGTGGTAGCCCTAATx,MS,CI,MS242
MS242_CI__10X_17_grch38:TATTACCGTGCTTCTCx,MS,CI,MS242
MS242_CI__10X_17_grch38:TCAATCTCATTACCTTx,MS,CI,MS242
MS242_CI__10X_17_grch38:TCGGGACAGTCTTGCAx,MS,CI,MS242
MS242_CI__10X_17_grch38:TCGTACCGTCACCCAGx,MS,CI,MS242
MS242_CI__10X_17_grch38:TCTCTAATCTAACTTCx,MS,CI,MS242
MS242_CI__10X_17_grch38:TCTGAGACAATGTTGCx,MS,CI,MS242
MS242_CI__10X_17_grch38:TTAGGCAGTATTACCGx,MS,CI,MS242
MS242_CI__10X_17_grch38:TTTGGTTTCCGTTGTCx,MS,CI,MS242
MS242_CA2__10X_17_grch38:AAAGTAGGTGCTTCTCx,MS,CA,MS242
MS242_CA2__10X_17_grch38:AACCGCGAGACGCACAx,MS,CA,MS242
MS242_CA2__10X_17_grch38:ACACCAACATCGTCGGx,MS,CA,MS242
MS242_CA2__10X_17_grch38:ACACCCTTCTCAAGTGx,MS,CA,MS242
MS242_CA2__10X_17_grch38:ACATACGCAGTAAGATx,MS,CA,MS242
MS242_CA2__10X_17_grch38:ACATGGTGTTAGTGGGx,MS,CA,MS242
MS242_CA2__10X_17_grch38:ACGAGGAGTTAAGATGx,MS,CA,MS242
MS242_CA2__10X_17_grch38:ACGCAGCAGTGGGTTGx,MS,CA,MS242
MS242_CA2__10X_17_grch38:ACGCAGCGTATGCTTGx,MS,CA,MS242
MS242_CA2__10X_17_grch38:ACGGAGATCTGAGTGTx,MS,CA,MS242
MS242_CA2__10X_17_grch38:ACTATCTTCCTCAATTx,MS,CA,MS242
MS242_CA2__10X_17_grch38:ACTGTCCTCGCACTCTx,MS,CA,MS242
MS242_CA2__10X_17_grch38:ACTTTCATCACGCGGTx,MS,CA,MS242
MS242_CA2__10X_17_grch38:AGACGTTGTCATCCCTx,MS,CA,MS242
MS242_CA2__10X_17_grch38:AGCGTCGAGAGAACAGx,MS,CA,MS242
MS242_CA2__10X_17_grch38:AGTAGTCAGGAATCGCx,MS,CA,MS242
MS242_CA2__10X_17_grch38:AGTAGTCCAAGAAAGGx,MS,CA,MS242
MS242_CA2__10X_17_grch38:AGTAGTCTCACAATGCx,MS,CA,MS242
MS242_CA2__10X_17_grch38:AGTGAGGAGACGACGTx,MS,CA,MS242
MS242_CA2__10X_17_grch38:AGTGAGGCATGAAGTAx,MS,CA,MS242
MS242_CA2__10X_17_grch38:ATAACGCAGCCAACAGx,MS,CA,MS242
MS242_CA2__10X_17_grch38:ATCATCTCACCGGAAAx,MS,CA,MS242
MS242_CA2__10X_17_grch38:ATCGAGTAGAATTCCCx,MS,CA,MS242
MS242_CA2__10X_17_grch38:ATTCTACAGGACAGAAx,MS,CA,MS242
MS242_CA2__10X_17_grch38:ATTGGACGTTACAGAAx,MS,CA,MS242
MS242_CA2__10X_17_grch38:ATTGGTGTCGTAGGTTx,MS,CA,MS242
MS242_CA2__10X_17_grch38:CAACCTCCAAGCCCACx,MS,CA,MS242
MS242_CA2__10X_17_grch38:CAAGATCGTCTTGCGGx,MS,CA,MS242
MS242_CA2__10X_17_grch38:CACAGGCAGTGAATTGx,MS,CA,MS242
MS242_CA2__10X_17_grch38:CACAGTAAGATATACGx,MS,CA,MS242
MS242_CA2__10X_17_grch38:CACCTTGAGGCTAGGTx,MS,CA,MS242
MS242_CA2__10X_17_grch38:CAGAGAGCATTAGGCTx,MS,CA,MS242
MS242_CA2__10X_17_grch38:CAGCAGCAGTAACCCTx,MS,CA,MS242
MS242_CA2__10X_17_grch38:CAGCTAATCAGTCAGTx,MS,CA,MS242
MS242_CA2__10X_17_grch38:CATCAGACAGACGCCTx,MS,CA,MS242
MS242_CA2__10X_17_grch38:CATTCGCCACGTCAGCx,MS,CA,MS242
MS242_CA2__10X_17_grch38:CCATGTCGTTCGCGACx,MS,CA,MS242
MS242_CA2__10X_17_grch38:CCCTCCTAGACGCTTTx,MS,CA,MS242
MS242_CA2__10X_17_grch38:CCGTGGATCCCAGGTGx,MS,CA,MS242
MS242_CA2__10X_17_grch38:CCTCTGAAGTCATCCAx,MS,CA,MS242
MS242_CA2__10X_17_grch38:CGACTTCCAACGATCTx,MS,CA,MS242
MS242_CA2__10X_17_grch38:CGAGCCAGTATCACCAx,MS,CA,MS242
MS242_CA2__10X_17_grch38:CGCCAAGCATCAGTACx,MS,CA,MS242
MS242_CA2__10X_17_grch38:CGCCAAGTCACTCTTAx,MS,CA,MS242
MS242_CA2__10X_17_grch38:CGCCAAGTCTGGTTCCx,MS,CA,MS242
MS242_CA2__10X_17_grch38:CGCGGTAGTCTCTTATx,MS,CA,MS242
MS242_CA2__10X_17_grch38:CGCGTTTTCAAACAAGx,MS,CA,MS242
MS242_CA2__10X_17_grch38:CGGCTAGTCACGCATAx,MS,CA,MS242
MS242_CA2__10X_17_grch38:CGTTGGGCACAGATTCx,MS,CA,MS242
MS242_CA2__10X_17_grch38:CTAGCCTCACGGCTACx,MS,CA,MS242
MS242_CA2__10X_17_grch38:CTCGAAACAGTCAGAGx,MS,CA,MS242
MS242_CA2__10X_17_grch38:CTCGAGGGTAAGTGTAx,MS,CA,MS242
MS242_CA2__10X_17_grch38:CTCTAATCAGTAACGGx,MS,CA,MS242
MS242_CA2__10X_17_grch38:CTGATAGGTTCCATGAx,MS,CA,MS242
MS242_CA2__10X_17_grch38:CTGATCCTCCGAAGAGx,MS,CA,MS242
MS242_CA2__10X_17_grch38:CTGCGGAGTCGAGTTTx,MS,CA,MS242
MS242_CA2__10X_17_grch38:CTGCTGTGTCGGCATCx,MS,CA,MS242
MS242_CA2__10X_17_grch38:CTGTGCTCAGGATTGGx,MS,CA,MS242
MS242_CA2__10X_17_grch38:CTGTGCTGTAGCGTAGx,MS,CA,MS242
MS242_CA2__10X_17_grch38:CTTCTCTCAACACGCCx,MS,CA,MS242
MS242_CA2__10X_17_grch38:CTTGGCTGTGTGACCCx,MS,CA,MS242
MS242_CA2__10X_17_grch38:GAACCTATCATGTCCCx,MS,CA,MS242
MS242_CA2__10X_17_grch38:GACACGCGTAAACCTCx,MS,CA,MS242
MS242_CA2__10X_17_grch38:GACAGAGCAACACCTAx,MS,CA,MS242
MS242_CA2__10X_17_grch38:GACCAATAGTACACCTx,MS,CA,MS242
MS242_CA2__10X_17_grch38:GACCTGGGTATGCTTGx,MS,CA,MS242
MS242_CA2__10X_17_grch38:GAGCAGACAATGAATGx,MS,CA,MS242
MS242_CA2__10X_17_grch38:GAGCAGATCACGCATAx,MS,CA,MS242
MS242_CA2__10X_17_grch38:GATCGTACATCCGCGAx,MS,CA,MS242
MS242_CA2__10X_17_grch38:GATTCAGAGTATGACAx,MS,CA,MS242
MS242_CA2__10X_17_grch38:GCACATACATTGGGCCx,MS,CA,MS242
MS242_CA2__10X_17_grch38:GCATGATCAGCTCCGAx,MS,CA,MS242
MS242_CA2__10X_17_grch38:GCATGCGAGGCTAGACx,MS,CA,MS242
MS242_CA2__10X_17_grch38:GCATGCGTCGGACAAGx,MS,CA,MS242
MS242_CA2__10X_17_grch38:GCGCAACTCGGATGGAx,MS,CA,MS242
MS242_CA2__10X_17_grch38:GCGCAGTGTACTTCTTx,MS,CA,MS242
MS242_CA2__10X_17_grch38:GCGGGTTCACAAGACGx,MS,CA,MS242
MS242_CA2__10X_17_grch38:GGACAAGTCAGCATGTx,MS,CA,MS242
MS242_CA2__10X_17_grch38:GGACAGACACAACGTTx,MS,CA,MS242
MS242_CA2__10X_17_grch38:GGACGTCCACAGCCCAx,MS,CA,MS242
MS242_CA2__10X_17_grch38:GGACGTCGTCTTGATGx,MS,CA,MS242
MS242_CA2__10X_17_grch38:GGCGACTAGACGCACAx,MS,CA,MS242
MS242_CA2__10X_17_grch38:GGCTCGACATGCCTAAx,MS,CA,MS242
MS242_CA2__10X_17_grch38:GGCTGGTCACTAAGTCx,MS,CA,MS242
MS242_CA2__10X_17_grch38:GGGAATGCATGAGCGAx,MS,CA,MS242
MS242_CA2__10X_17_grch38:GTACTTTCATAGGATAx,MS,CA,MS242
MS242_CA2__10X_17_grch38:GTATCTTGTGTGACCCx,MS,CA,MS242
MS242_CA2__10X_17_grch38:GTGAAGGTCTCACATTx,MS,CA,MS242
MS242_CA2__10X_17_grch38:GTGCGGTGTGCTAGCCx,MS,CA,MS242
MS242_CA2__10X_17_grch38:TAAGCGTTCGGATGTTx,MS,CA,MS242
MS242_CA2__10X_17_grch38:TACCTTACAGACAAGCx,MS,CA,MS242
MS242_CA2__10X_17_grch38:TCACGAAGTATATGGAx,MS,CA,MS242
MS242_CA2__10X_17_grch38:TCACGAATCGCCCTTAx,MS,CA,MS242
MS242_CA2__10X_17_grch38:TCCCGATAGAATCTCCx,MS,CA,MS242
MS242_CA2__10X_17_grch38:TCGCGAGGTTCCGTCTx,MS,CA,MS242
MS242_CA2__10X_17_grch38:TCGTACCTCTTGGGTAx,MS,CA,MS242
MS242_CA2__10X_17_grch38:TCTCTAAGTTTGTTGGx,MS,CA,MS242
MS242_CA2__10X_17_grch38:TCTGAGAAGATAGTCAx,MS,CA,MS242
MS242_CA2__10X_17_grch38:TCTTCGGTCTATCCTAx,MS,CA,MS242
MS242_CA2__10X_17_grch38:TGCTACCTCCATTCTAx,MS,CA,MS242
MS242_CA2__10X_17_grch38:TGGCTGGTCGGAGCAAx,MS,CA,MS242
MS242_CA2__10X_17_grch38:TGGGCGTTCCACGCAGx,MS,CA,MS242
MS242_CA2__10X_17_grch38:TGGGCGTTCGTGGGAAx,MS,CA,MS242
MS242_CA2__10X_17_grch38:TGGTTAGCACGACTCGx,MS,CA,MS242
MS242_CA2__10X_17_grch38:TTCCCAGCAGTCAGCCx,MS,CA,MS242
MS242_CA2__10X_17_grch38:TTCTCAACAGTGGAGTx,MS,CA,MS242
MS242_CA2__10X_17_grch38:TTGAACGCATCGGAAGx,MS,CA,MS242
MS242_CA2__10X_17_grch38:TTGCGTCTCCCAGGTGx,MS,CA,MS242
MS242_CA2__10X_17_grch38:TTGGCAAAGAATCTCCx,MS,CA,MS242
MS242_RM__10X_17_grch38:AACCATGGTCAGAGGTx,MS,RM,MS242
MS242_RM__10X_17_grch38:ACATACGGTTCGCGACx,MS,RM,MS242
MS242_RM__10X_17_grch38:ACTATCTAGTAAGTACx,MS,RM,MS242
MS242_RM__10X_17_grch38:AGCCTAACAATGTAAGx,MS,RM,MS242
MS242_RM__10X_17_grch38:AGGGATGAGGTGCACAx,MS,RM,MS242
MS242_RM__10X_17_grch38:ATAAGAGAGTACGCGAx,MS,RM,MS242
MS242_RM__10X_17_grch38:ATTTCTGTCCGCGCAAx,MS,RM,MS242
MS242_RM__10X_17_grch38:CAACTAGTCGCGTTTCx,MS,RM,MS242
MS242_RM__10X_17_grch38:CACAGGCTCTAACTGGx,MS,RM,MS242
MS242_RM__10X_17_grch38:CAGAATCCAGTATCTGx,MS,RM,MS242
MS242_RM__10X_17_grch38:CCATGTCTCACCTCGTx,MS,RM,MS242
MS242_RM__10X_17_grch38:CCGTACTTCGGTGTTAx,MS,RM,MS242
MS242_RM__10X_17_grch38:CCTAAAGGTAAGGATTx,MS,RM,MS242
MS242_RM__10X_17_grch38:CCTATTATCGGTCTAAx,MS,RM,MS242
MS242_RM__10X_17_grch38:CCTTACGCATCACCCTx,MS,RM,MS242
MS242_RM__10X_17_grch38:CGATGGCAGGGATCTGx,MS,RM,MS242
MS242_RM__10X_17_grch38:CTTGGCTAGCGTTTACx,MS,RM,MS242
MS242_RM__10X_17_grch38:GAACCTACACGTGAGAx,MS,RM,MS242
MS242_RM__10X_17_grch38:GAGGTGATCGTACCGGx,MS,RM,MS242
MS242_RM__10X_17_grch38:GAGTCCGCACATGGGAx,MS,RM,MS242
MS242_RM__10X_17_grch38:GGTATTGCATCAGTACx,MS,RM,MS242
MS242_RM__10X_17_grch38:GTAGGCCGTAAGTAGTx,MS,RM,MS242
MS242_RM__10X_17_grch38:GTCTCGTTCTGATACGx,MS,RM,MS242
MS242_RM__10X_17_grch38:GTGTTAGGTGTCGCTGx,MS,RM,MS242
MS242_RM__10X_17_grch38:TACTCGCTCACTGGGCx,MS,RM,MS242
MS242_RM__10X_17_grch38:TAGACCACATGCATGTx,MS,RM,MS242
MS242_RM__10X_17_grch38:TATCAGGTCCTTAATCx,MS,RM,MS242
MS242_RM__10X_17_grch38:TCAGGTACAGACTCGCx,MS,RM,MS242
MS242_RM__10X_17_grch38:TCATTACCAATCTGCAx,MS,RM,MS242
MS242_RM__10X_17_grch38:TCTTTCCGTCGGATCCx,MS,RM,MS242
MS242_RM__10X_17_grch38:TGACAACAGACTGTAAx,MS,RM,MS242
MS242_RM__10X_17_grch38:TGCACCTAGACAGAGAx,MS,RM,MS242
MS122_NAWM__10X_17_grch38:AACCATGTCGAGGTAGx,MS,NAWM,MS122
MS122_NAWM__10X_17_grch38:AACTGGTAGTCTCCTCx,MS,NAWM,MS122
MS122_NAWM__10X_17_grch38:AAGGTTCAGTTGAGTAx,MS,NAWM,MS122
MS122_NAWM__10X_17_grch38:ATGAGGGCACGGTTTAx,MS,NAWM,MS122
MS122_NAWM__10X_17_grch38:CGAGCCACAGCGTTCGx,MS,NAWM,MS122
MS122_NAWM__10X_17_grch38:CGTTGGGAGCGCCTTGx,MS,NAWM,MS122
MS122_NAWM__10X_17_grch38:CTGCGGACATCAGTCAx,MS,NAWM,MS122
MS122_CI__10X_17_grch38:CAGGTGCTCGTCTGAAx,MS,CI,MS122
MS122_CI__10X_17_grch38:GCACTCTAGTTCGCATx,MS,CI,MS122
MS122_CI__10X_17_grch38:GCGACCATCAGCAACTx,MS,CI,MS122
MS122_CI__10X_17_grch38:TCGGGACAGGGCTTCCx,MS,CI,MS122
MS122_CI__10X_17_grch38:TCTATTGTCAAGAAGTx,MS,CI,MS122
MS122_CI__10X_17_grch38:TCTTTCCCACCCATTCx,MS,CI,MS122
MS122_A__10X_17_grch38:CCATGTCTCCAGTAGTx,MS,A,MS122
MS122_A__10X_17_grch38:CGTGAGCGTGCAGACAx,MS,A,MS122
MS122_A__10X_17_grch38:CTTAACTAGGGTTCCCx,MS,A,MS122
MS122_A__10X_17_grch38:TTGCCGTCAAGCCTATx,MS,A,MS122
MS121_NAWM__10X_17_grch38:CGATGTAAGGCATGGTx,MS,NAWM,MS121
MS121_NAWM__10X_17_grch38:CGCTGGAAGGTTCCTAx,MS,NAWM,MS121
MS121_NAWM__10X_17_grch38:CTGCCTACAAGAGTCGx,MS,NAWM,MS121
MS121_NAWM__10X_17_grch38:CTGCGGACAGGCGATAx,MS,NAWM,MS121
MS121_NAWM__10X_17_grch38:GCGGGTTCAATCTACGx,MS,NAWM,MS121
MS121_NAWM__10X_17_grch38:GTTACAGGTAAACGCGx,MS,NAWM,MS121
MS121_A3__10X_17_grch38:AACCATGAGTTTCCTTx,MS,A,MS121
MS121_A3__10X_17_grch38:ACGAGGAGTCCTCCATx,MS,A,MS121
MS121_A3__10X_17_grch38:CAAGATCTCTGTACGAx,MS,A,MS121
MS121_A3__10X_17_grch38:CGCGGTACAGCTGTATx,MS,A,MS121
MS121_A3__10X_17_grch38:GTTAAGCTCAGTCCCTx,MS,A,MS121
MS121_A3__10X_17_grch38:TGTGTTTGTTGGTGGAx,MS,A,MS121
MS121_A2__10X_17_grch38:AGCTCTCCAGCCTGTGx,MS,A,MS121
MS121_A2__10X_17_grch38:CACACAATCCCGACTTx,MS,A,MS121
MS121_A2__10X_17_grch38:CATGACACATGGTAGGx,MS,A,MS121
MS121_A2__10X_17_grch38:CTCGAAATCAGTCAGTx,MS,A,MS121
MS121_A2__10X_17_grch38:CTGAAACTCAAGCCTAx,MS,A,MS121
MS121_A2__10X_17_grch38:GATCTAGCACAACGCCx,MS,A,MS121
MS121_A2__10X_17_grch38:TGCGGGTGTAAGGGCTx,MS,A,MS121
MS121_A2__10X_17_grch38:TTGAACGCACGCATCGx,MS,A,MS121
MS121_CA__10X_17_grch38:ACGGAGAGTAGCCTCGx,MS,CA,MS121
MS121_CA__10X_17_grch38:CACCACTGTTGCCTCTx,MS,CA,MS121
MS121_CA__10X_17_grch38:GATTCAGCAACTGCGCx,MS,CA,MS121
CO28__10X_17_grch38:TACTTACGTTTAGGAAx,normal,Ctrl,CO28
CO25__10X_17_grch38:CGAATGTCATTAACCGx,normal,Ctrl,CO25
CO25__10X_17_grch38:GATCGTACAACGATGGx,normal,Ctrl,CO25
MS176_NAWM__10X_17_grch38:TCAATCTTCACTTCATx,MS,NAWM,MS176
MS176_CA__10X_17_grch38:CGCTATCGTGAGTATAx,MS,CA,MS176
MS176_CA__10X_17_grch38:CGTGAGCCATCTCGCTx,MS,CA,MS176
MS176_CA__10X_17_grch38:GCAATCACAACTGGCCx,MS,CA,MS176
CO39__10X_17_grch38:ACGATACTCTTCAACTx,normal,Ctrl,CO39
CO39__10X_17_grch38:ACGGAGAGTAGAGGAAx,normal,Ctrl,CO39
CO39__10X_17_grch38:ACGGGCTGTACGCACCx,normal,Ctrl,CO39
CO39__10X_17_grch38:ACGGGCTGTTCACCTCx,normal,Ctrl,CO39
CO39__10X_17_grch38:ACTGAACGTTAGTGGGx,normal,Ctrl,CO39
CO39__10X_17_grch38:AGCATACCATCATCCCx,normal,Ctrl,CO39
CO39__10X_17_grch38:AGGTCCGCAGGAATGCx,normal,Ctrl,CO39
CO39__10X_17_grch38:ATAACGCAGCACCGCTx,normal,Ctrl,CO39
CO39__10X_17_grch38:ATCACGAAGTGTACGGx,normal,Ctrl,CO39
CO39__10X_17_grch38:ATTGGTGCAAAGGCGTx,normal,Ctrl,CO39
CO39__10X_17_grch38:CACAAACCAAGTTAAGx,normal,Ctrl,CO39
CO39__10X_17_grch38:CACACCTCAGCTGCTGx,normal,Ctrl,CO39
CO39__10X_17_grch38:CAGAGAGCAATCTGCAx,normal,Ctrl,CO39
CO39__10X_17_grch38:CATCGAAGTTATCACGx,normal,Ctrl,CO39
CO39__10X_17_grch38:CCGGGATCACTAGTACx,normal,Ctrl,CO39
CO39__10X_17_grch38:CCTCAGTAGTATGACAx,normal,Ctrl,CO39
CO39__10X_17_grch38:CGTAGGCTCCTCAATTx,normal,Ctrl,CO39
CO39__10X_17_grch38:CTAAGACCAATACGCTx,normal,Ctrl,CO39
CO39__10X_17_grch38:CTCACACAGAGGGCTTx,normal,Ctrl,CO39
CO39__10X_17_grch38:CTCGGGAAGAACTGTAx,normal,Ctrl,CO39
CO39__10X_17_grch38:CTTAACTTCCGCGGTAx,normal,Ctrl,CO39
CO39__10X_17_grch38:GAGTCCGCAAGGTTCTx,normal,Ctrl,CO39
CO39__10X_17_grch38:GCCTCTACAAACTGCTx,normal,Ctrl,CO39
CO39__10X_17_grch38:GCGAGAATCCTAGAACx,normal,Ctrl,CO39
CO39__10X_17_grch38:GCTCCTATCCCAAGTAx,normal,Ctrl,CO39
CO39__10X_17_grch38:GCTGCGATCTCGTATTx,normal,Ctrl,CO39
CO39__10X_17_grch38:GGAACTTTCTGCAGTAx,normal,Ctrl,CO39
CO39__10X_17_grch38:GGACAAGGTGTTGAGGx,normal,Ctrl,CO39
CO39__10X_17_grch38:GGGACCTGTAAGTGTAx,normal,Ctrl,CO39
CO39__10X_17_grch38:GGGTCTGAGAGTACCGx,normal,Ctrl,CO39
CO39__10X_17_grch38:GGTATTGCATGCTGGCx,normal,Ctrl,CO39
CO39__10X_17_grch38:GGTGAAGTCTTATCTGx,normal,Ctrl,CO39
CO39__10X_17_grch38:GGTGCGTAGAAGATTCx,normal,Ctrl,CO39
CO39__10X_17_grch38:GTCAAGTTCTTTAGGGx,normal,Ctrl,CO39
CO39__10X_17_grch38:GTCATTTGTCGGCACTx,normal,Ctrl,CO39
CO39__10X_17_grch38:TACGGATCACGTCAGCx,normal,Ctrl,CO39
CO39__10X_17_grch38:TACTCATCACATAACCx,normal,Ctrl,CO39
CO39__10X_17_grch38:TAGTGGTTCACGGTTAx,normal,Ctrl,CO39
CO39__10X_17_grch38:TCTGAGACAGTCAGCCx,normal,Ctrl,CO39
CO39__10X_17_grch38:TGAAAGATCTCAAACGx,normal,Ctrl,CO39
CO39__10X_17_grch38:TGAGGGATCCGCATAAx,normal,Ctrl,CO39
CO39__10X_17_grch38:TGCTGCTGTGAGGGTTx,normal,Ctrl,CO39
CO39__10X_17_grch38:TGGGCGTAGCCAGAACx,normal,Ctrl,CO39
CO39__10X_17_grch38:TGGTTCCAGTTAGGTAx,normal,Ctrl,CO39
CO39__10X_17_grch38:TGGTTCCGTTCAGCGCx,normal,Ctrl,CO39
CO39__10X_17_grch38:TGTCCCAGTTCGTTGAx,normal,Ctrl,CO39
CO39__10X_17_grch38:TTGGCAACAGGGATTGx,normal,Ctrl,CO39
CO39__10X_17_grch38:TTTCCTCAGTGATCGGx,normal,Ctrl,CO39
CO39__10X_17_grch38:TTTCCTCCACATCTTTx,normal,Ctrl,CO39
CO14__10X_17_grch38:ACACCCTCAGTCTTCCx,normal,Ctrl,CO14
CO14__10X_17_grch38:ACAGCTAAGGAATTACx,normal,Ctrl,CO14
CO14__10X_17_grch38:AGGGATGTCCTAGGGCx,normal,Ctrl,CO14
CO14__10X_17_grch38:ATTGGTGCAATGTAAGx,normal,Ctrl,CO14
CO14__10X_17_grch38:CAAGAAACAGGGAGAGx,normal,Ctrl,CO14
CO14__10X_17_grch38:CACACTCAGTTTGCGTx,normal,Ctrl,CO14
CO14__10X_17_grch38:CACAGTATCAAAGACAx,normal,Ctrl,CO14
CO14__10X_17_grch38:CAGAGAGCAATGGAGCx,normal,Ctrl,CO14
CO14__10X_17_grch38:CATTCGCGTTAAGGGCx,normal,Ctrl,CO14
CO14__10X_17_grch38:CCCAATCGTTGAGGTGx,normal,Ctrl,CO14
CO14__10X_17_grch38:CCGGTAGCAGGCTGAAx,normal,Ctrl,CO14
CO14__10X_17_grch38:CGAGAAGGTACCTACAx,normal,Ctrl,CO14
CO14__10X_17_grch38:CGCGTTTCAGACTCGCx,normal,Ctrl,CO14
CO14__10X_17_grch38:CGTTGGGCATGCCTAAx,normal,Ctrl,CO14
CO14__10X_17_grch38:CTTAACTGTCTAGTCAx,normal,Ctrl,CO14
CO14__10X_17_grch38:GAAACTCAGCGTTCCGx,normal,Ctrl,CO14
CO14__10X_17_grch38:GATCGATTCCTCGCATx,normal,Ctrl,CO14
CO14__10X_17_grch38:GATGAAACACGACTCGx,normal,Ctrl,CO14
CO14__10X_17_grch38:GCGCGATAGTCCTCCTx,normal,Ctrl,CO14
CO14__10X_17_grch38:GCTGCGAAGTACATGAx,normal,Ctrl,CO14
CO14__10X_17_grch38:GCTGGGTGTCAAACTCx,normal,Ctrl,CO14
CO14__10X_17_grch38:TAAGCGTTCGGCCGATx,normal,Ctrl,CO14
CO14__10X_17_grch38:TCTCTAAGTAGCGTCCx,normal,Ctrl,CO14
CO14__10X_17_grch38:TCTGGAATCCAAATGCx,normal,Ctrl,CO14
CO14__10X_17_grch38:TGGCGCAAGTATTGGAx,normal,Ctrl,CO14
CO14__10X_17_grch38:TTATGCTAGTCCATACx,normal,Ctrl,CO14
CO14__10X_17_grch38:TTCCCAGCAGCCTGTGx,normal,Ctrl,CO14
CO14__10X_17_grch38:TTGGAACAGTGTCCATx,normal,Ctrl,CO14
CO14__10X_17_grch38:TTTGTCATCTGAGTGTx,normal,Ctrl,CO14
MS242_CA5__10X_17_grch38:TAGAGCTAGTCATGCTx,MS,CA,MS242
MS242_CA2__10X_17_grch38:AGCTCCTAGTGTGGCAx,MS,CA,MS242
MS242_RM__10X_17_grch38:GCAAACTCACCTTGTCx,MS,RM,MS242
SD48/16__10X_17_grch38:AAAGTAGCACGAAATAx,normal,Ctrl,SD48/16
SD48/16__10X_17_grch38:AAATGCCGTAAGAGAGx,normal,Ctrl,SD48/16
SD48/16__10X_17_grch38:AACCATGAGATGTGTAx,normal,Ctrl,SD48/16
SD48/16__10X_17_grch38:AACTCCCAGTCAAGCGx,normal,Ctrl,SD48/16
SD48/16__10X_17_grch38:AACTGGTTCGCCTGTTx,normal,Ctrl,SD48/16
SD48/16__10X_17_grch38:AACTGGTTCTAACTGGx,normal,Ctrl,SD48/16
SD48/16__10X_17_grch38:AACTTTCGTGAAATCAx,normal,Ctrl,SD48/16
SD48/16__10X_17_grch38:AAGACCTTCACTCTTAx,normal,Ctrl,SD48/16
SD48/16__10X_17_grch38:AAGACCTTCCTACAGAx,normal,Ctrl,SD48/16
SD48/16__10X_17_grch38:AAGCCGCAGTGAAGTTx,normal,Ctrl,SD48/16
SD48/16__10X_17_grch38:AAGCCGCGTATCGCATx,normal,Ctrl,SD48/16
SD48/16__10X_17_grch38:AAGGTTCCAGTATGCTx,normal,Ctrl,SD48/16
SD48/16__10X_17_grch38:ACACCAATCACCGGGTx,normal,Ctrl,SD48/16
SD48/16__10X_17_grch38:ACAGCCGGTTGTACACx,normal,Ctrl,SD48/16
SD48/16__10X_17_grch38:ACATACGCACCTTGTCx,normal,Ctrl,SD48/16
SD48/16__10X_17_grch38:ACGAGGACACGTTGGCx,normal,Ctrl,SD48/16
SD48/16__10X_17_grch38:ACGAGGAGTCGAACAGx,normal,Ctrl,SD48/16
SD48/16__10X_17_grch38:ACGATACCATTATCTCx,normal,Ctrl,SD48/16
SD48/16__10X_17_grch38:ACGCCAGTCTTCAACTx,normal,Ctrl,SD48/16
SD48/16__10X_17_grch38:ACGGGTCTCAGAGACGx,normal,Ctrl,SD48/16
SD48/16__10X_17_grch38:ACTGATGTCTTAGCCCx,normal,Ctrl,SD48/16
SD48/16__10X_17_grch38:AGAGCTTTCAGTTTGGx,normal,Ctrl,SD48/16
SD48/16__10X_17_grch38:AGCAGCCGTCATGCCGx,normal,Ctrl,SD48/16
SD48/16__10X_17_grch38:AGCCTAATCTTAGAGCx,normal,Ctrl,SD48/16
SD48/16__10X_17_grch38:AGCGGTCGTCATGCCGx,normal,Ctrl,SD48/16
SD48/16__10X_17_grch38:AGCGTATCAGGTCTCGx,normal,Ctrl,SD48/16
SD48/16__10X_17_grch38:AGCGTCGCAAGTTCTGx,normal,Ctrl,SD48/16
SD48/16__10X_17_grch38:AGGCCACAGAGTCTGGx,normal,Ctrl,SD48/16
SD48/16__10X_17_grch38:AGGCCACGTTCCTCCAx,normal,Ctrl,SD48/16
SD48/16__10X_17_grch38:AGGCCGTGTTCCATGAx,normal,Ctrl,SD48/16
SD48/16__10X_17_grch38:AGGGAGTAGGCCCTCAx,normal,Ctrl,SD48/16
SD48/16__10X_17_grch38:AGGGTGAGTGTTTGGTx,normal,Ctrl,SD48/16
SD48/16__10X_17_grch38:AGTAGTCTCATCATTCx,normal,Ctrl,SD48/16
SD48/16__10X_17_grch38:AGTAGTCTCGTCCGTTx,normal,Ctrl,SD48/16
SD48/16__10X_17_grch38:AGTGGGAAGCTAGCCCx,normal,Ctrl,SD48/16
SD48/16__10X_17_grch38:ATCACGACACGAGAGTx,normal,Ctrl,SD48/16
SD48/16__10X_17_grch38:ATCGAGTTCTTGGGTAx,normal,Ctrl,SD48/16
SD48/16__10X_17_grch38:ATCTACTGTCTCCACTx,normal,Ctrl,SD48/16
SD48/16__10X_17_grch38:ATCTGCCTCTGGCGACx,normal,Ctrl,SD48/16
SD48/16__10X_17_grch38:ATGTGTGCATTGGTACx,normal,Ctrl,SD48/16
SD48/16__10X_17_grch38:ATTATCCGTACAGTTCx,normal,Ctrl,SD48/16
SD48/16__10X_17_grch38:ATTCTACGTGCATCTAx,normal,Ctrl,SD48/16
SD48/16__10X_17_grch38:ATTGGACTCCAAACACx,normal,Ctrl,SD48/16
SD48/16__10X_17_grch38:ATTGGACTCGATCCCTx,normal,Ctrl,SD48/16
SD48/16__10X_17_grch38:CAACCAATCGAATGCTx,normal,Ctrl,SD48/16
SD48/16__10X_17_grch38:CAACTAGAGTGGTCCCx,normal,Ctrl,SD48/16
SD48/16__10X_17_grch38:CAAGATCCATCGGAAGx,normal,Ctrl,SD48/16
SD48/16__10X_17_grch38:CAAGTTGTCGCTGATAx,normal,Ctrl,SD48/16
SD48/16__10X_17_grch38:CACAGGCCACGGTTTAx,normal,Ctrl,SD48/16
SD48/16__10X_17_grch38:CACAGTAAGAGACTTAx,normal,Ctrl,SD48/16
SD48/16__10X_17_grch38:CACAGTACAAACTGTCx,normal,Ctrl,SD48/16
SD48/16__10X_17_grch38:CACATAGAGGATGGAAx,normal,Ctrl,SD48/16
SD48/16__10X_17_grch38:CACATAGTCTCAAGTGx,normal,Ctrl,SD48/16
SD48/16__10X_17_grch38:CACCTTGAGTAGCCGAx,normal,Ctrl,SD48/16
SD48/16__10X_17_grch38:CACCTTGGTAGCGATGx,normal,Ctrl,SD48/16
SD48/16__10X_17_grch38:CACTCCAAGAAGATTCx,normal,Ctrl,SD48/16
SD48/16__10X_17_grch38:CACTCCACATGTCCTCx,normal,Ctrl,SD48/16
SD48/16__10X_17_grch38:CAGAATCAGGGAAACAx,normal,Ctrl,SD48/16
SD48/16__10X_17_grch38:CAGATCAAGTGTCCATx,normal,Ctrl,SD48/16
SD48/16__10X_17_grch38:CAGCAGCCATGGGACAx,normal,Ctrl,SD48/16
SD48/16__10X_17_grch38:CAGCAGCGTACGACCCx,normal,Ctrl,SD48/16
SD48/16__10X_17_grch38:CAGCAGCTCTGTCAAGx,normal,Ctrl,SD48/16
SD48/16__10X_17_grch38:CAGCTAAAGCACAGGTx,normal,Ctrl,SD48/16
SD48/16__10X_17_grch38:CAGCTAACAGGGATTGx,normal,Ctrl,SD48/16
SD48/16__10X_17_grch38:CAGTAACAGCAATATGx,normal,Ctrl,SD48/16
SD48/16__10X_17_grch38:CATATTCTCAAGGTAAx,normal,Ctrl,SD48/16
SD48/16__10X_17_grch38:CATCCACGTTCTGGTAx,normal,Ctrl,SD48/16
SD48/16__10X_17_grch38:CATGCCTGTACTTCTTx,normal,Ctrl,SD48/16
SD48/16__10X_17_grch38:CATGGCGCACCAGGCTx,normal,Ctrl,SD48/16
SD48/16__10X_17_grch38:CATTCGCTCTTAGAGCx,normal,Ctrl,SD48/16
SD48/16__10X_17_grch38:CCCTCCTCAAGCGATGx,normal,Ctrl,SD48/16
SD48/16__10X_17_grch38:CCTCAGTCACGGTGTCx,normal,Ctrl,SD48/16
SD48/16__10X_17_grch38:CCTTACGGTACCTACAx,normal,Ctrl,SD48/16
SD48/16__10X_17_grch38:CCTTCCCTCCATGAACx,normal,Ctrl,SD48/16
SD48/16__10X_17_grch38:CCTTCGACACTCAGGCx,normal,Ctrl,SD48/16
SD48/16__10X_17_grch38:CGACCTTTCCTGTACCx,normal,Ctrl,SD48/16
SD48/16__10X_17_grch38:CGATTGAAGTTTAGGAx,normal,Ctrl,SD48/16
SD48/16__10X_17_grch38:CGCCAAGTCGGCATCGx,normal,Ctrl,SD48/16
SD48/16__10X_17_grch38:CGCGTTTCACCATGTAx,normal,Ctrl,SD48/16
SD48/16__10X_17_grch38:CGCTATCGTCGAACAGx,normal,Ctrl,SD48/16
SD48/16__10X_17_grch38:CGGACACTCGTACGGCx,normal,Ctrl,SD48/16
SD48/16__10X_17_grch38:CGGAGCTTCATGCAACx,normal,Ctrl,SD48/16
SD48/16__10X_17_grch38:CGGAGTCCATCCGTGGx,normal,Ctrl,SD48/16
SD48/16__10X_17_grch38:CGTAGCGGTCGCATATx,normal,Ctrl,SD48/16
SD48/16__10X_17_grch38:CGTAGGCAGCGTAGTGx,normal,Ctrl,SD48/16
SD48/16__10X_17_grch38:CGTCAGGGTTTGGGCCx,normal,Ctrl,SD48/16
SD48/16__10X_17_grch38:CGTGAGCTCCATGAGTx,normal,Ctrl,SD48/16
SD48/16__10X_17_grch38:CGTGAGCTCGGACAAGx,normal,Ctrl,SD48/16
SD48/16__10X_17_grch38:CGTTCTGTCTGCGTAAx,normal,Ctrl,SD48/16
SD48/16__10X_17_grch38:CTAAGACGTGAGGGAGx,normal,Ctrl,SD48/16
SD48/16__10X_17_grch38:CTAATGGTCAACACTGx,normal,Ctrl,SD48/16
SD48/16__10X_17_grch38:CTACACCCAACTTGACx,normal,Ctrl,SD48/16
SD48/16__10X_17_grch38:CTACACCCATAACCTGx,normal,Ctrl,SD48/16
SD48/16__10X_17_grch38:CTACACCGTTGCGTTAx,normal,Ctrl,SD48/16
SD48/16__10X_17_grch38:CTAGAGTAGGCACATGx,normal,Ctrl,SD48/16
SD48/16__10X_17_grch38:CTCAGAAAGTATCTCGx,normal,Ctrl,SD48/16
SD48/16__10X_17_grch38:CTCATTAGTTTGTTTCx,normal,Ctrl,SD48/16
SD48/16__10X_17_grch38:CTCGAAATCTCCCTGAx,normal,Ctrl,SD48/16
SD48/16__10X_17_grch38:CTCTACGAGCTCCTTCx,normal,Ctrl,SD48/16
SD48/16__10X_17_grch38:CTGATCCCAGCCTTTCx,normal,Ctrl,SD48/16
SD48/16__10X_17_grch38:CTGATCCTCCTGCTTGx,normal,Ctrl,SD48/16
SD48/16__10X_17_grch38:CTGCTGTCAAGCGCTCx,normal,Ctrl,SD48/16
SD48/16__10X_17_grch38:CTGGTCTCATGTCCTCx,normal,Ctrl,SD48/16
SD48/16__10X_17_grch38:CTGTGCTGTCTAAACCx,normal,Ctrl,SD48/16
SD48/16__10X_17_grch38:CTTAACTAGGAGTTTAx,normal,Ctrl,SD48/16
SD48/16__10X_17_grch38:CTTACCGGTTTAGCTGx,normal,Ctrl,SD48/16
SD48/16__10X_17_grch38:CTTAGGAGTTGACGTTx,normal,Ctrl,SD48/16
SD48/16__10X_17_grch38:GACGTTAGTGTAATGAx,normal,Ctrl,SD48/16
SD48/16__10X_17_grch38:GACTACACAGATGGCAx,normal,Ctrl,SD48/16
SD48/16__10X_17_grch38:GACTGCGGTAAATGACx,normal,Ctrl,SD48/16
SD48/16__10X_17_grch38:GAGCAGACATATGCTGx,normal,Ctrl,SD48/16
SD48/16__10X_17_grch38:GATCGATCATCTCCCAx,normal,Ctrl,SD48/16
SD48/16__10X_17_grch38:GATCGCGTCAGAGCTTx,normal,Ctrl,SD48/16
SD48/16__10X_17_grch38:GATCGTATCGGCTTGGx,normal,Ctrl,SD48/16
SD48/16__10X_17_grch38:GATCTAGAGATAGGAGx,normal,Ctrl,SD48/16
SD48/16__10X_17_grch38:GATCTAGTCTTTACACx,normal,Ctrl,SD48/16
SD48/16__10X_17_grch38:GATGAAATCCTCCTAGx,normal,Ctrl,SD48/16
SD48/16__10X_17_grch38:GATGCTATCTAACCGAx,normal,Ctrl,SD48/16
SD48/16__10X_17_grch38:GCATGATCATAAGACAx,normal,Ctrl,SD48/16
SD48/16__10X_17_grch38:GCATGATGTTAGTGGGx,normal,Ctrl,SD48/16
SD48/16__10X_17_grch38:GCGACCACACGGTAGAx,normal,Ctrl,SD48/16
SD48/16__10X_17_grch38:GCGAGAACAGACGCAAx,normal,Ctrl,SD48/16
SD48/16__10X_17_grch38:GCGAGAATCACGCATAx,normal,Ctrl,SD48/16
SD48/16__10X_17_grch38:GCGCAACCATCTCCCAx,normal,Ctrl,SD48/16
SD48/16__10X_17_grch38:GCTGCGAAGTGCCATTx,normal,Ctrl,SD48/16
SD48/16__10X_17_grch38:GCTGGGTTCTGTTGAGx,normal,Ctrl,SD48/16
SD48/16__10X_17_grch38:GGACATTCATTGGGCCx,normal,Ctrl,SD48/16
SD48/16__10X_17_grch38:GGACATTGTAGCGATGx,normal,Ctrl,SD48/16
SD48/16__10X_17_grch38:GGATGTTCAAAGCGGTx,normal,Ctrl,SD48/16
SD48/16__10X_17_grch38:GGGACCTCACCATGTAx,normal,Ctrl,SD48/16
SD48/16__10X_17_grch38:GGGATGATCCAGTATGx,normal,Ctrl,SD48/16
SD48/16__10X_17_grch38:GGGCATCCAACACCCGx,normal,Ctrl,SD48/16
SD48/16__10X_17_grch38:GGGCATCGTCGAATCTx,normal,Ctrl,SD48/16
SD48/16__10X_17_grch38:GGGCATCTCGCTTGTCx,normal,Ctrl,SD48/16
SD48/16__10X_17_grch38:GGGTCTGAGAGTGAGAx,normal,Ctrl,SD48/16
SD48/16__10X_17_grch38:GGGTTGCTCGTTACAGx,normal,Ctrl,SD48/16
SD48/16__10X_17_grch38:GGTATTGAGTTCGCATx,normal,Ctrl,SD48/16
SD48/16__10X_17_grch38:GGTGAAGAGTGAAGAGx,normal,Ctrl,SD48/16
SD48/16__10X_17_grch38:GTACGTACACACCGACx,normal,Ctrl,SD48/16
SD48/16__10X_17_grch38:GTACGTATCGTTTAGGx,normal,Ctrl,SD48/16
SD48/16__10X_17_grch38:GTACTCCCAGAGTGTGx,normal,Ctrl,SD48/16
SD48/16__10X_17_grch38:GTACTCCTCTTGTTTGx,normal,Ctrl,SD48/16
SD48/16__10X_17_grch38:GTACTTTAGAAGGACAx,normal,Ctrl,SD48/16
SD48/16__10X_17_grch38:GTCAAGTAGAGTGACCx,normal,Ctrl,SD48/16
SD48/16__10X_17_grch38:GTCAAGTGTTTAGGAAx,normal,Ctrl,SD48/16
SD48/16__10X_17_grch38:GTCACGGAGACACGACx,normal,Ctrl,SD48/16
SD48/16__10X_17_grch38:GTCATTTTCTATGTGGx,normal,Ctrl,SD48/16
SD48/16__10X_17_grch38:GTCGTAACACATTTCTx,normal,Ctrl,SD48/16
SD48/16__10X_17_grch38:GTGAAGGAGCGTAATAx,normal,Ctrl,SD48/16
SD48/16__10X_17_grch38:GTGAAGGCACTCTGTCx,normal,Ctrl,SD48/16
SD48/16__10X_17_grch38:GTGCTTCAGTATCTCGx,normal,Ctrl,SD48/16
SD48/16__10X_17_grch38:GTTCATTGTGACAAATx,normal,Ctrl,SD48/16
SD48/16__10X_17_grch38:GTTCATTTCGCTAGCGx,normal,Ctrl,SD48/16
SD48/16__10X_17_grch38:TAAGAGACAGCGTTCGx,normal,Ctrl,SD48/16
SD48/16__10X_17_grch38:TACAGTGGTGAACCTTx,normal,Ctrl,SD48/16
SD48/16__10X_17_grch38:TACCTATTCAGCTCGGx,normal,Ctrl,SD48/16
SD48/16__10X_17_grch38:TAGACCATCTTAGCCCx,normal,Ctrl,SD48/16
SD48/16__10X_17_grch38:TATCAGGAGTCAATAGx,normal,Ctrl,SD48/16
SD48/16__10X_17_grch38:TATGCCCTCCCAAGTAx,normal,Ctrl,SD48/16
SD48/16__10X_17_grch38:TCAATCTCAAACGCGAx,normal,Ctrl,SD48/16
SD48/16__10X_17_grch38:TCAATCTGTGACGCCTx,normal,Ctrl,SD48/16
SD48/16__10X_17_grch38:TCACGAATCACGGTTAx,normal,Ctrl,SD48/16
SD48/16__10X_17_grch38:TCAGATGTCCAGAGGAx,normal,Ctrl,SD48/16
SD48/16__10X_17_grch38:TCATTTGCAAACGCGAx,normal,Ctrl,SD48/16
SD48/16__10X_17_grch38:TCTATTGAGAGGTTGCx,normal,Ctrl,SD48/16
SD48/16__10X_17_grch38:TGACTTTCATACGCCGx,normal,Ctrl,SD48/16
SD48/16__10X_17_grch38:TGAGAGGCATGCCTAAx,normal,Ctrl,SD48/16
SD48/16__10X_17_grch38:TGAGCCGCAAAGCAATx,normal,Ctrl,SD48/16
SD48/16__10X_17_grch38:TGCACCTCAGACTCGCx,normal,Ctrl,SD48/16
SD48/16__10X_17_grch38:TGCCCTAAGAGCTGCAx,normal,Ctrl,SD48/16
SD48/16__10X_17_grch38:TGCCCTACATGATCCAx,normal,Ctrl,SD48/16
SD48/16__10X_17_grch38:TGCTACCAGTGACTCTx,normal,Ctrl,SD48/16
SD48/16__10X_17_grch38:TGCTGCTAGCAGGTCAx,normal,Ctrl,SD48/16
SD48/16__10X_17_grch38:TGGCTGGCATTTCACTx,normal,Ctrl,SD48/16
SD48/16__10X_17_grch38:TGGGCGTAGCAGACTGx,normal,Ctrl,SD48/16
SD48/16__10X_17_grch38:TGGTTAGCACAGCGTCx,normal,Ctrl,SD48/16
SD48/16__10X_17_grch38:TGGTTAGTCAAAGACAx,normal,Ctrl,SD48/16
SD48/16__10X_17_grch38:TGTATTCCAACACCCGx,normal,Ctrl,SD48/16
SD48/16__10X_17_grch38:TGTCCCACACGACTCGx,normal,Ctrl,SD48/16
SD48/16__10X_17_grch38:TTAACTCCATCGGTTAx,normal,Ctrl,SD48/16
SD48/16__10X_17_grch38:TTAGGCAAGGCATTGGx,normal,Ctrl,SD48/16
SD48/16__10X_17_grch38:TTATGCTAGGAATTACx,normal,Ctrl,SD48/16
SD48/16__10X_17_grch38:TTCGAAGGTCGCTTTCx,normal,Ctrl,SD48/16
SD48/16__10X_17_grch38:TTCTCAACACGGACAAx,normal,Ctrl,SD48/16
SD48/16__10X_17_grch38:TTCTCCTTCCAGTATGx,normal,Ctrl,SD48/16
SD48/16__10X_17_grch38:TTGCCGTAGCTAACTCx,normal,Ctrl,SD48/16
SD48/16__10X_17_grch38:TTGCCGTAGCTTCGCGx,normal,Ctrl,SD48/16
SD48/16__10X_17_grch38:TTGGCAAAGGGATCTGx,normal,Ctrl,SD48/16
SD48/16__10X_17_grch38:TTTACTGCAGGCTCACx,normal,Ctrl,SD48/16
SD48/16__10X_17_grch38:TTTATGCGTGGACGATx,normal,Ctrl,SD48/16
SD48/16__10X_17_grch38:TTTGCGCTCATCGGATx,normal,Ctrl,SD48/16
SD48/16__10X_17_grch38:TTTGGTTTCACTGGGCx,normal,Ctrl,SD48/16
MS122_NAWM__10X_17_grch38:AACGTTGGTTCCATGAx,MS,NAWM,MS122
MS122_NAWM__10X_17_grch38:AACTGGTTCACCATAGx,MS,NAWM,MS122
MS122_NAWM__10X_17_grch38:ACGGGTCAGAAGAAGCx,MS,NAWM,MS122
MS122_NAWM__10X_17_grch38:AGCGGTCTCTCTAGGAx,MS,NAWM,MS122
MS122_NAWM__10X_17_grch38:AGGTCCGCATGGTTGTx,MS,NAWM,MS122
MS122_NAWM__10X_17_grch38:AGTGAGGGTCAATACCx,MS,NAWM,MS122
MS122_NAWM__10X_17_grch38:ATCACGAGTTCCCTTGx,MS,NAWM,MS122
MS122_NAWM__10X_17_grch38:ATCATGGCAAGGTGTGx,MS,NAWM,MS122
MS122_NAWM__10X_17_grch38:ATTACTCTCTCATTCAx,MS,NAWM,MS122
MS122_NAWM__10X_17_grch38:CCTCAGTAGTGAAGTTx,MS,NAWM,MS122
MS122_NAWM__10X_17_grch38:CCTCTGACATTCTCATx,MS,NAWM,MS122
MS122_NAWM__10X_17_grch38:GATCGTAAGGTTCCTAx,MS,NAWM,MS122
MS122_NAWM__10X_17_grch38:GCAAACTTCGGCTACGx,MS,NAWM,MS122
MS122_NAWM__10X_17_grch38:GCTCCTACACAGACTTx,MS,NAWM,MS122
MS122_NAWM__10X_17_grch38:GGGTTGCGTCTTTCATx,MS,NAWM,MS122
MS122_NAWM__10X_17_grch38:GTCACGGAGTAGCGGTx,MS,NAWM,MS122
MS122_NAWM__10X_17_grch38:TACTTGTTCTCGATGAx,MS,NAWM,MS122
MS122_NAWM__10X_17_grch38:TAGGCATTCCTATTCAx,MS,NAWM,MS122
MS122_NAWM__10X_17_grch38:TCACGAACACCATGTAx,MS,NAWM,MS122
MS122_NAWM__10X_17_grch38:TGCCCATCAAACTGCTx,MS,NAWM,MS122
MS122_NAWM__10X_17_grch38:TGGGCGTCAATGGTCTx,MS,NAWM,MS122
MS122_NAWM__10X_17_grch38:TTCGAAGTCGTATCAGx,MS,NAWM,MS122
MS122_NAWM__10X_17_grch38:TTTGCGCTCCGTACAAx,MS,NAWM,MS122
MS122_CI__10X_17_grch38:ACATGGTCAAAGGCGTx,MS,CI,MS122
MS122_CI__10X_17_grch38:ACCCACTAGCGTAGTGx,MS,CI,MS122
MS122_CI__10X_17_grch38:ACCTTTAGTCGAAAGCx,MS,CI,MS122
MS122_CI__10X_17_grch38:ATAGACCAGATATGCAx,MS,CI,MS122
MS122_CI__10X_17_grch38:ATAGACCCAGCGTTCGx,MS,CI,MS122
MS122_CI__10X_17_grch38:ATCACGAGTCTGGAGAx,MS,CI,MS122
MS122_CI__10X_17_grch38:CATCAGATCATCTGCCx,MS,CI,MS122
MS122_CI__10X_17_grch38:CCACTACAGAATCTCCx,MS,CI,MS122
MS122_CI__10X_17_grch38:CGATTGACAGGCTGAAx,MS,CI,MS122
MS122_CI__10X_17_grch38:CGTCCATAGTCTCGGCx,MS,CI,MS122
MS122_CI__10X_17_grch38:CTGCTGTGTTACGACTx,MS,CI,MS122
MS122_CI__10X_17_grch38:GGCCGATAGCTACCTAx,MS,CI,MS122
MS122_CI__10X_17_grch38:GGCGACTGTAAAGTCAx,MS,CI,MS122
MS122_CI__10X_17_grch38:GGGCATCGTAGATTAGx,MS,CI,MS122
MS122_CI__10X_17_grch38:GGTGCGTAGATAGGAGx,MS,CI,MS122
MS122_CI__10X_17_grch38:GTATTCTGTCCGAAGAx,MS,CI,MS122
MS122_CI__10X_17_grch38:GTCACAAGTTCAACCAx,MS,CI,MS122
MS122_CI__10X_17_grch38:GTCACGGGTCGAGTTTx,MS,CI,MS122
MS122_CI__10X_17_grch38:GTGTGCGTCATCGGATx,MS,CI,MS122
MS122_CI__10X_17_grch38:GTTACAGCACCCATTCx,MS,CI,MS122
MS122_CI__10X_17_grch38:TACACGACATGTCGATx,MS,CI,MS122
MS122_CI__10X_17_grch38:TGTATTCTCTTGCATTx,MS,CI,MS122
MS122_CI__10X_17_grch38:TTTACTGGTTACGCGCx,MS,CI,MS122
MS122_A__10X_17_grch38:AGACGTTCATCGATTGx,MS,A,MS122
MS122_A__10X_17_grch38:CAACTAGAGACAAGCCx,MS,A,MS122
MS122_A__10X_17_grch38:CACAAACAGAAACCTAx,MS,A,MS122
MS122_A__10X_17_grch38:CCTACCACACGAAACGx,MS,A,MS122
MS122_A__10X_17_grch38:CGCGTTTCATCACAACx,MS,A,MS122
MS122_A__10X_17_grch38:CGTAGCGAGACAAAGGx,MS,A,MS122
MS122_A__10X_17_grch38:GAAACTCGTCGCGGTTx,MS,A,MS122
MS122_A__10X_17_grch38:GATGAAATCATCACCCx,MS,A,MS122
MS122_A__10X_17_grch38:GCTGCGATCAACACGTx,MS,A,MS122
MS122_A__10X_17_grch38:GGATGTTGTTACGGAGx,MS,A,MS122
MS122_A__10X_17_grch38:GTAACGTCAGATGGGTx,MS,A,MS122
MS122_A__10X_17_grch38:TGCCCTAGTGTTGGGAx,MS,A,MS122
MS121_NAWM__10X_17_grch38:ATCTGCCGTTCGTCTCx,MS,NAWM,MS121
MS121_A3__10X_17_grch38:AACTCAGTCCGCTGTTx,MS,A,MS121
MS121_A3__10X_17_grch38:GAACATCTCTCTAGGAx,MS,A,MS121
MS121_A3__10X_17_grch38:GTAACTGCAGTGGAGTx,MS,A,MS121
MS121_A3__10X_17_grch38:TAGAGCTGTTTGACTGx,MS,A,MS121
MS121_A2__10X_17_grch38:ATCCACCGTATCAGTCx,MS,A,MS121
MS121_CA__10X_17_grch38:ATGAGGGCACCCAGTGx,MS,CA,MS121
MS121_CA__10X_17_grch38:CACCACTAGGGTTTCTx,MS,CA,MS121
MS121_CA__10X_17_grch38:CATCCACGTATGAATGx,MS,CA,MS121
MS121_CA__10X_17_grch38:GAACGGAAGCGTTGCCx,MS,CA,MS121
MS121_CA__10X_17_grch38:GATCGTAAGGGTCGATx,MS,CA,MS121
MS121_CA__10X_17_grch38:GCATGTACATGCCACGx,MS,CA,MS121
MS121_CA__10X_17_grch38:TACCTTATCATTATCCx,MS,CA,MS121
MS121_CA__10X_17_grch38:TCTTTCCGTAAATGTGx,MS,CA,MS121
MS176_NAWM__10X_17_grch38:CAGCCGACACCAACCGx,MS,NAWM,MS176
MS176_NAWM__10X_17_grch38:CGTTCTGCAGATCGGAx,MS,NAWM,MS176
MS176_NAWM__10X_17_grch38:GGACAGAGTTTAAGCCx,MS,NAWM,MS176
MS176_CI__10X_17_056_roche_grch38_4:CCATTCGAGGCAGGTTx,MS,CI,MS176
MS176_CI__10X_17_056_roche_grch38_4:CTAACTTGTGTTCGATx,MS,CI,MS176
MS176_CI__10X_17_056_roche_grch38_4:CTCATTATCTTGAGACx,MS,CI,MS176
MS176_CI__10X_17_056_roche_grch38_4:CTTCTCTCAGGCGATAx,MS,CI,MS176
MS176_CI__10X_17_056_roche_grch38_4:GACGTTACACATCTTTx,MS,CI,MS176
MS176_CI__10X_17_056_roche_grch38_4:TAAACCGCAGCGAACAx,MS,CI,MS176
MS176_CI__10X_17_056_roche_grch38_4:TAGGCATGTGTGCCTGx,MS,CI,MS176
MS176_CI__10X_17_056_roche_grch38_4:TTGAACGAGACATAACx,MS,CI,MS176
CO14__10X_17_grch38:AATCGGTAGCCGTCGTx,normal,Ctrl,CO14
MS242_CA5__10X_17_grch38:AACACGTTCCAGGGCTx,MS,CA,MS242
MS242_CA5__10X_17_grch38:AACCATGTCATGCTCCx,MS,CA,MS242
MS242_CA5__10X_17_grch38:AACTCCCGTAGCTCCGx,MS,CA,MS242
MS242_CA5__10X_17_grch38:AACTTTCAGAACAACTx,MS,CA,MS242
MS242_CA5__10X_17_grch38:AACTTTCCAATGACCTx,MS,CA,MS242
MS242_CA5__10X_17_grch38:AAGTCTGGTGATGATAx,MS,CA,MS242
MS242_CA5__10X_17_grch38:AATCGGTTCCAACCAAx,MS,CA,MS242
MS242_CA5__10X_17_grch38:ACACCCTCACCAGCACx,MS,CA,MS242
MS242_CA5__10X_17_grch38:ACACCGGGTGTTCTTTx,MS,CA,MS242
MS242_CA5__10X_17_grch38:ACACTGACAAAGTCAAx,MS,CA,MS242
MS242_CA5__10X_17_grch38:ACACTGAGTCCGACGTx,MS,CA,MS242
MS242_CA5__10X_17_grch38:ACACTGAGTGCGGTAAx,MS,CA,MS242
MS242_CA5__10X_17_grch38:ACAGCCGCACAGAGGTx,MS,CA,MS242
MS242_CA5__10X_17_grch38:ACATCAGAGAAAGTGGx,MS,CA,MS242
MS242_CA5__10X_17_grch38:ACATCAGGTAGCGATGx,MS,CA,MS242
MS242_CA5__10X_17_grch38:ACATGGTAGCGAGAAAx,MS,CA,MS242
MS242_CA5__10X_17_grch38:ACATGGTCAGACGCTCx,MS,CA,MS242
MS242_CA5__10X_17_grch38:ACCAGTATCTTCTGGCx,MS,CA,MS242
MS242_CA5__10X_17_grch38:ACCTTTAAGAATAGGGx,MS,CA,MS242
MS242_CA5__10X_17_grch38:ACGAGCCAGCTACCTAx,MS,CA,MS242
MS242_CA5__10X_17_grch38:ACGAGCCCATGGTAGGx,MS,CA,MS242
MS242_CA5__10X_17_grch38:ACGATGTGTCACCCAGx,MS,CA,MS242
MS242_CA5__10X_17_grch38:ACGATGTGTGATGTCTx,MS,CA,MS242
MS242_CA5__10X_17_grch38:ACGCCAGCACGCTTTCx,MS,CA,MS242
MS242_CA5__10X_17_grch38:ACGCCGATCAGAGGTGx,MS,CA,MS242
MS242_CA5__10X_17_grch38:ACGGAGAAGAAGGCCTx,MS,CA,MS242
MS242_CA5__10X_17_grch38:ACGGCCATCGAATGGGx,MS,CA,MS242
MS242_CA5__10X_17_grch38:ACGGGCTAGGAGTACCx,MS,CA,MS242
MS242_CA5__10X_17_grch38:ACTGAACAGGCTACGAx,MS,CA,MS242
MS242_CA5__10X_17_grch38:ACTGAACTCCCTCAGTx,MS,CA,MS242
MS242_CA5__10X_17_grch38:ACTGCTCCACTCTGTCx,MS,CA,MS242
MS242_CA5__10X_17_grch38:ACTGTCCAGTTCGCGCx,MS,CA,MS242
MS242_CA5__10X_17_grch38:ACTTACTGTACTCTCCx,MS,CA,MS242
MS242_CA5__10X_17_grch38:ACTTACTTCCTATGTTx,MS,CA,MS242
MS242_CA5__10X_17_grch38:AGAGCTTCACTCAGGCx,MS,CA,MS242
MS242_CA5__10X_17_grch38:AGAGTGGTCACCGTAAx,MS,CA,MS242
MS242_CA5__10X_17_grch38:AGATTGCTCATCGCTCx,MS,CA,MS242
MS242_CA5__10X_17_grch38:AGCATACAGCTCCTTCx,MS,CA,MS242
MS242_CA5__10X_17_grch38:AGCATACGTCTCTCTGx,MS,CA,MS242
MS242_CA5__10X_17_grch38:AGCTCTCCATACTCTTx,MS,CA,MS242
MS242_CA5__10X_17_grch38:AGCTTGAAGAAACCATx,MS,CA,MS242
MS242_CA5__10X_17_grch38:AGGCCGTTCGCCAAATx,MS,CA,MS242
MS242_CA5__10X_17_grch38:AGGGAGTCAAGTACCTx,MS,CA,MS242
MS242_CA5__10X_17_grch38:AGGGTGACATATACGCx,MS,CA,MS242
MS242_CA5__10X_17_grch38:AGGTCATTCAGTGCATx,MS,CA,MS242
MS242_CA5__10X_17_grch38:AGTAGTCCAATCTGCAx,MS,CA,MS242
MS242_CA5__10X_17_grch38:AGTAGTCGTGCGGTAAx,MS,CA,MS242
MS242_CA5__10X_17_grch38:AGTTGGTAGGTAGCCAx,MS,CA,MS242
MS242_CA5__10X_17_grch38:ATAAGAGCAAGTTCTGx,MS,CA,MS242
MS242_CA5__10X_17_grch38:ATCATCTCATGCCTTCx,MS,CA,MS242
MS242_CA5__10X_17_grch38:ATCATGGTCTGGGCCAx,MS,CA,MS242
MS242_CA5__10X_17_grch38:ATCCACCAGCAATATGx,MS,CA,MS242
MS242_CA5__10X_17_grch38:ATGAGGGAGCCGCCTAx,MS,CA,MS242
MS242_CA5__10X_17_grch38:ATGCGATGTAGCCTCGx,MS,CA,MS242
MS242_CA5__10X_17_grch38:ATGCGATTCATGGTCAx,MS,CA,MS242
MS242_CA5__10X_17_grch38:ATGGGAGGTCATTAGCx,MS,CA,MS242
MS242_CA5__10X_17_grch38:ATGTGTGAGTACTTGCx,MS,CA,MS242
MS242_CA5__10X_17_grch38:ATTATCCTCTCAAGTGx,MS,CA,MS242
MS242_CA5__10X_17_grch38:ATTGGTGCAAACTGCTx,MS,CA,MS242
MS242_CA5__10X_17_grch38:CAACCAAAGTACACCTx,MS,CA,MS242
MS242_CA5__10X_17_grch38:CAAGATCTCTCTGTCGx,MS,CA,MS242
MS242_CA5__10X_17_grch38:CACAAACGTGCATCTAx,MS,CA,MS242
MS242_CA5__10X_17_grch38:CACAAACTCATCTGTTx,MS,CA,MS242
MS242_CA5__10X_17_grch38:CACAGGCGTATTCGTGx,MS,CA,MS242
MS242_CA5__10X_17_grch38:CACAGTAAGTGTACCTx,MS,CA,MS242
MS242_CA5__10X_17_grch38:CACATAGAGAAGATTCx,MS,CA,MS242
MS242_CA5__10X_17_grch38:CACATAGAGATTACCCx,MS,CA,MS242
MS242_CA5__10X_17_grch38:CACATTTCAAGACGTGx,MS,CA,MS242
MS242_CA5__10X_17_grch38:CACCACTAGATGGGTCx,MS,CA,MS242
MS242_CA5__10X_17_grch38:CACCACTGTGAGTGACx,MS,CA,MS242
MS242_CA5__10X_17_grch38:CAGCCGAGTCCGAGTCx,MS,CA,MS242
MS242_CA5__10X_17_grch38:CAGCTAAAGAGTAAGGx,MS,CA,MS242
MS242_CA5__10X_17_grch38:CATATTCTCATCGGATx,MS,CA,MS242
MS242_CA5__10X_17_grch38:CATATTCTCCACTGGGx,MS,CA,MS242
MS242_CA5__10X_17_grch38:CATCAGACAGTCTTCCx,MS,CA,MS242
MS242_CA5__10X_17_grch38:CATCCACAGTTGTAGAx,MS,CA,MS242
MS242_CA5__10X_17_grch38:CATCGAAGTAGGCATGx,MS,CA,MS242
MS242_CA5__10X_17_grch38:CATCGAATCGGAAATAx,MS,CA,MS242
MS242_CA5__10X_17_grch38:CATCGGGTCTATGTGGx,MS,CA,MS242
MS242_CA5__10X_17_grch38:CATGCCTGTACCGAGAx,MS,CA,MS242
MS242_CA5__10X_17_grch38:CATTCGCTCCTCAATTx,MS,CA,MS242
MS242_CA5__10X_17_grch38:CCACCTACAGACTCGCx,MS,CA,MS242
MS242_CA5__10X_17_grch38:CCACGGATCCAGATCAx,MS,CA,MS242
MS242_CA5__10X_17_grch38:CCAGCGAAGGTGTGGTx,MS,CA,MS242
MS242_CA5__10X_17_grch38:CCATTCGAGGACTGGTx,MS,CA,MS242
MS242_CA5__10X_17_grch38:CCCAATCTCGTGGTCGx,MS,CA,MS242
MS242_CA5__10X_17_grch38:CCCAGTTAGCAACGGTx,MS,CA,MS242
MS242_CA5__10X_17_grch38:CCCTCCTCACCTATCCx,MS,CA,MS242
MS242_CA5__10X_17_grch38:CCCTCCTTCACGATGTx,MS,CA,MS242
MS242_CA5__10X_17_grch38:CCGGTAGCACGGTGTCx,MS,CA,MS242
MS242_CA5__10X_17_grch38:CCGTACTTCACAAACCx,MS,CA,MS242
MS242_CA5__10X_17_grch38:CCGTGGACATGCCACGx,MS,CA,MS242
MS242_CA5__10X_17_grch38:CCTAAAGCATGCCTTCx,MS,CA,MS242
MS242_CA5__10X_17_grch38:CCTACCAGTGCTGTATx,MS,CA,MS242
MS242_CA5__10X_17_grch38:CCTTCCCGTCGCCATGx,MS,CA,MS242
MS242_CA5__10X_17_grch38:CCTTCCCGTCGGATCCx,MS,CA,MS242
MS242_CA5__10X_17_grch38:CGAACATAGACACGACx,MS,CA,MS242
MS242_CA5__10X_17_grch38:CGACCTTAGCCAGGATx,MS,CA,MS242
MS242_CA5__10X_17_grch38:CGACTTCAGCCCTAATx,MS,CA,MS242
MS242_CA5__10X_17_grch38:CGATCGGTCAAACAAGx,MS,CA,MS242
MS242_CA5__10X_17_grch38:CGATGTACAACTGCTAx,MS,CA,MS242
MS242_CA5__10X_17_grch38:CGATGTACATGACATCx,MS,CA,MS242
MS242_CA5__10X_17_grch38:CGCCAAGGTACAGTTCx,MS,CA,MS242
MS242_CA5__10X_17_grch38:CGCGGTACAGTTAACCx,MS,CA,MS242
MS242_CA5__10X_17_grch38:CGCGGTATCATGTCTTx,MS,CA,MS242
MS242_CA5__10X_17_grch38:CGCGTTTTCATCTGCCx,MS,CA,MS242
MS242_CA5__10X_17_grch38:CGGACACAGTGAACGCx,MS,CA,MS242
MS242_CA5__10X_17_grch38:CGGACACTCCAAACACx,MS,CA,MS242
MS242_CA5__10X_17_grch38:CGGACACTCTGTTTGTx,MS,CA,MS242
MS242_CA5__10X_17_grch38:CGGACGTAGTGGTAATx,MS,CA,MS242
MS242_CA5__10X_17_grch38:CGGGTCACAAATACAGx,MS,CA,MS242
MS242_CA5__10X_17_grch38:CGGTTAAGTTCTGTTTx,MS,CA,MS242
MS242_CA5__10X_17_grch38:CGTAGCGTCAACGGGAx,MS,CA,MS242
MS242_CA5__10X_17_grch38:CGTAGGCGTAACGACGx,MS,CA,MS242
MS242_CA5__10X_17_grch38:CGTCACTGTATGCTTGx,MS,CA,MS242
MS242_CA5__10X_17_grch38:CGTCAGGGTACATGTCx,MS,CA,MS242
MS242_CA5__10X_17_grch38:CGTCCATAGAGTACCGx,MS,CA,MS242
MS242_CA5__10X_17_grch38:CGTCCATTCATATCGGx,MS,CA,MS242
MS242_CA5__10X_17_grch38:CGTGTAATCAAGGTAAx,MS,CA,MS242
MS242_CA5__10X_17_grch38:CGTTGGGTCACTATTCx,MS,CA,MS242
MS242_CA5__10X_17_grch38:CTAACTTTCATCATTCx,MS,CA,MS242
MS242_CA5__10X_17_grch38:CTAGCCTAGGCGCTCTx,MS,CA,MS242
MS242_CA5__10X_17_grch38:CTCATTACAAACAACAx,MS,CA,MS242
MS242_CA5__10X_17_grch38:CTCATTACACTTACGAx,MS,CA,MS242
MS242_CA5__10X_17_grch38:CTCCTAGCAGGAACGTx,MS,CA,MS242
MS242_CA5__10X_17_grch38:CTCGGAGGTGTGTGCCx,MS,CA,MS242
MS242_CA5__10X_17_grch38:CTCGGGACAGGCGATAx,MS,CA,MS242
MS242_CA5__10X_17_grch38:CTCGGGAGTCACTGGCx,MS,CA,MS242
MS242_CA5__10X_17_grch38:CTCGTACTCCCTCTTTx,MS,CA,MS242
MS242_CA5__10X_17_grch38:CTCGTACTCTGTCTATx,MS,CA,MS242
MS242_CA5__10X_17_grch38:CTCGTCATCTCACATTx,MS,CA,MS242
MS242_CA5__10X_17_grch38:CTGAAGTTCACTTACTx,MS,CA,MS242
MS242_CA5__10X_17_grch38:CTGCGGATCGGTGTCGx,MS,CA,MS242
MS242_CA5__10X_17_grch38:CTGCTGTCAAGGACTGx,MS,CA,MS242
MS242_CA5__10X_17_grch38:CTGTGCTCATGCAACTx,MS,CA,MS242
MS242_CA5__10X_17_grch38:CTGTGCTGTGACCAAGx,MS,CA,MS242
MS242_CA5__10X_17_grch38:CTGTTTATCTACCAGAx,MS,CA,MS242
MS242_CA5__10X_17_grch38:CTTACCGGTCTAGTCAx,MS,CA,MS242
MS242_CA5__10X_17_grch38:CTTAGGAAGGCTATCTx,MS,CA,MS242
MS242_CA5__10X_17_grch38:CTTAGGAGTGAGGCTAx,MS,CA,MS242
MS242_CA5__10X_17_grch38:CTTAGGATCACTGGGCx,MS,CA,MS242
MS242_CA5__10X_17_grch38:CTTCTCTGTGAACCTTx,MS,CA,MS242
MS242_CA5__10X_17_grch38:CTTCTCTTCCTCAACCx,MS,CA,MS242
MS242_CA5__10X_17_grch38:GAACGGACACACTGCGx,MS,CA,MS242
MS242_CA5__10X_17_grch38:GAAGCAGTCCTCCTAGx,MS,CA,MS242
MS242_CA5__10X_17_grch38:GAAGCAGTCTGGTGTAx,MS,CA,MS242
MS242_CA5__10X_17_grch38:GACACGCCATCGACGCx,MS,CA,MS242
MS242_CA5__10X_17_grch38:GACGCGTAGCGTAATAx,MS,CA,MS242
MS242_CA5__10X_17_grch38:GACGGCTGTCTAGTGTx,MS,CA,MS242
MS242_CA5__10X_17_grch38:GACGTGCTCGTGGACCx,MS,CA,MS242
MS242_CA5__10X_17_grch38:GACGTTATCGGCGGTTx,MS,CA,MS242
MS242_CA5__10X_17_grch38:GACGTTATCTCCAGGGx,MS,CA,MS242
MS242_CA5__10X_17_grch38:GACTAACAGTTAACGAx,MS,CA,MS242
MS242_CA5__10X_17_grch38:GACTGCGGTGCCTGGTx,MS,CA,MS242
MS242_CA5__10X_17_grch38:GACTGCGGTTACGCGCx,MS,CA,MS242
MS242_CA5__10X_17_grch38:GAGTCCGGTGTAATGAx,MS,CA,MS242
MS242_CA5__10X_17_grch38:GATCAGTCAAGTTGTCx,MS,CA,MS242
MS242_CA5__10X_17_grch38:GATCAGTCACGGCGTTx,MS,CA,MS242
MS242_CA5__10X_17_grch38:GATCGATTCTTTAGGGx,MS,CA,MS242
MS242_CA5__10X_17_grch38:GATCGCGCATCAGTACx,MS,CA,MS242
MS242_CA5__10X_17_grch38:GATCGTATCTTCATGTx,MS,CA,MS242
MS242_CA5__10X_17_grch38:GATGAAACAAGCCTATx,MS,CA,MS242
MS242_CA5__10X_17_grch38:GATGAAATCTGCGGCAx,MS,CA,MS242
MS242_CA5__10X_17_grch38:GATGAGGTCTGTTTGTx,MS,CA,MS242
MS242_CA5__10X_17_grch38:GCAAACTAGTGGCACAx,MS,CA,MS242
MS242_CA5__10X_17_grch38:GCACATAGTTCGGCACx,MS,CA,MS242
MS242_CA5__10X_17_grch38:GCAGCCAGTTCAGGCCx,MS,CA,MS242
MS242_CA5__10X_17_grch38:GCAGTTAAGAACAACTx,MS,CA,MS242
MS242_CA5__10X_17_grch38:GCATACACACTACAGTx,MS,CA,MS242
MS242_CA5__10X_17_grch38:GCATGATTCGGACAAGx,MS,CA,MS242
MS242_CA5__10X_17_grch38:GCCTCTATCTACCAGAx,MS,CA,MS242
MS242_CA5__10X_17_grch38:GCGAGAAAGCACACAGx,MS,CA,MS242
MS242_CA5__10X_17_grch38:GCGAGAACAGCTCCGAx,MS,CA,MS242
MS242_CA5__10X_17_grch38:GCGCCAAAGATCCCATx,MS,CA,MS242
MS242_CA5__10X_17_grch38:GCGCCAACAAGAGTCGx,MS,CA,MS242
MS242_CA5__10X_17_grch38:GCTCTGTCAGAGCCAAx,MS,CA,MS242
MS242_CA5__10X_17_grch38:GGAACTTAGTCGTACTx,MS,CA,MS242
MS242_CA5__10X_17_grch38:GGAATAACATACCATGx,MS,CA,MS242
MS242_CA5__10X_17_grch38:GGAATAATCATCTGCCx,MS,CA,MS242
MS242_CA5__10X_17_grch38:GGACAGACACTTACGAx,MS,CA,MS242
MS242_CA5__10X_17_grch38:GGACATTAGTAGTGCGx,MS,CA,MS242
MS242_CA5__10X_17_grch38:GGACATTCAGGTGCCTx,MS,CA,MS242
MS242_CA5__10X_17_grch38:GGATTACCACGGCCATx,MS,CA,MS242
MS242_CA5__10X_17_grch38:GGCAATTAGGTCGGATx,MS,CA,MS242
MS242_CA5__10X_17_grch38:GGCCGATCATGTCTCCx,MS,CA,MS242
MS242_CA5__10X_17_grch38:GGCGACTCACCGGAAAx,MS,CA,MS242
MS242_CA5__10X_17_grch38:GGCGACTCATCGGACCx,MS,CA,MS242
MS242_CA5__10X_17_grch38:GGGCACTTCCACGAATx,MS,CA,MS242
MS242_CA5__10X_17_grch38:GGGCATCCACCAACCGx,MS,CA,MS242
MS242_CA5__10X_17_grch38:GGGTCTGAGAAACCGCx,MS,CA,MS242
MS242_CA5__10X_17_grch38:GGGTTGCAGGAGCGTTx,MS,CA,MS242
MS242_CA5__10X_17_grch38:GGTATTGGTAACGCGAx,MS,CA,MS242
MS242_CA5__10X_17_grch38:GGTGAAGGTCGCATCGx,MS,CA,MS242
MS242_CA5__10X_17_grch38:GTAACGTGTGCTGTATx,MS,CA,MS242
MS242_CA5__10X_17_grch38:GTAACTGTCACCGGGTx,MS,CA,MS242
MS242_CA5__10X_17_grch38:GTACGTAGTCTGGAGAx,MS,CA,MS242
MS242_CA5__10X_17_grch38:GTACTCCTCCGCTGTTx,MS,CA,MS242
MS242_CA5__10X_17_grch38:GTAGTCAAGTGCCAGAx,MS,CA,MS242
MS242_CA5__10X_17_grch38:GTCACAACACGCCAGTx,MS,CA,MS242
MS242_CA5__10X_17_grch38:GTCATTTTCATCTGTTx,MS,CA,MS242
MS242_CA5__10X_17_grch38:GTCGGGTCAAGCTGTTx,MS,CA,MS242
MS242_CA5__10X_17_grch38:GTCTTCGCAAGCGAGTx,MS,CA,MS242
MS242_CA5__10X_17_grch38:GTGAAGGGTTTGGGCCx,MS,CA,MS242
MS242_CA5__10X_17_grch38:GTGCTTCTCCATTCTAx,MS,CA,MS242
MS242_CA5__10X_17_grch38:GTGTGCGTCGGACAAGx,MS,CA,MS242
MS242_CA5__10X_17_grch38:GTGTGCGTCGTCTGCTx,MS,CA,MS242
MS242_CA5__10X_17_grch38:GTTCATTGTCTTCAAGx,MS,CA,MS242
MS242_CA5__10X_17_grch38:GTTCTCGTCCGATATGx,MS,CA,MS242
MS242_CA5__10X_17_grch38:GTTTCTACAATCCGATx,MS,CA,MS242
MS242_CA5__10X_17_grch38:GTTTCTATCAAGGTAAx,MS,CA,MS242
MS242_CA5__10X_17_grch38:GTTTCTATCTGCGTAAx,MS,CA,MS242
MS242_CA5__10X_17_grch38:TAAGCGTAGGCAGTCAx,MS,CA,MS242
MS242_CA5__10X_17_grch38:TAAGCGTCAGTTAACCx,MS,CA,MS242
MS242_CA5__10X_17_grch38:TAAGTGCAGATAGGAGx,MS,CA,MS242
MS242_CA5__10X_17_grch38:TACACGACAGTATGCTx,MS,CA,MS242
MS242_CA5__10X_17_grch38:TACCTATCAGTCCTTCx,MS,CA,MS242
MS242_CA5__10X_17_grch38:TACCTATCATTACCTTx,MS,CA,MS242
MS242_CA5__10X_17_grch38:TACCTATGTCACTGGCx,MS,CA,MS242
MS242_CA5__10X_17_grch38:TACTCGCCAGCTGCACx,MS,CA,MS242
MS242_CA5__10X_17_grch38:TACTTGTAGTCATGCTx,MS,CA,MS242
MS242_CA5__10X_17_grch38:TAGACCACATTAGCCAx,MS,CA,MS242
MS242_CA5__10X_17_grch38:TAGTGGTGTCACCCAGx,MS,CA,MS242
MS242_CA5__10X_17_grch38:TAGTTGGAGCCAGTAGx,MS,CA,MS242
MS242_CA5__10X_17_grch38:TAGTTGGAGGATGGAAx,MS,CA,MS242
MS242_CA5__10X_17_grch38:TATCAGGAGCTAACAAx,MS,CA,MS242
MS242_CA5__10X_17_grch38:TATCTCACATAAAGGTx,MS,CA,MS242
MS242_CA5__10X_17_grch38:TATCTCAGTAAGTGTAx,MS,CA,MS242
MS242_CA5__10X_17_grch38:TCAGATGGTTGAACTCx,MS,CA,MS242
MS242_CA5__10X_17_grch38:TCAGCTCCACAACTGTx,MS,CA,MS242
MS242_CA5__10X_17_grch38:TCAGCTCGTCACCTAAx,MS,CA,MS242
MS242_CA5__10X_17_grch38:TCATTACCAGTCACTAx,MS,CA,MS242
MS242_CA5__10X_17_grch38:TCGCGAGTCCGCGCAAx,MS,CA,MS242
MS242_CA5__10X_17_grch38:TCTCATACATTAGCCAx,MS,CA,MS242
MS242_CA5__10X_17_grch38:TCTCTAAAGGTCGGATx,MS,CA,MS242
MS242_CA5__10X_17_grch38:TCTGAGAAGATTACCCx,MS,CA,MS242
MS242_CA5__10X_17_grch38:TCTGGAAAGACCTTTGx,MS,CA,MS242
MS242_CA5__10X_17_grch38:TCTTCGGAGCGATATAx,MS,CA,MS242
MS242_CA5__10X_17_grch38:TCTTTCCAGATATGGTx,MS,CA,MS242
MS242_CA5__10X_17_grch38:TGACGGCCAAGTCTGTx,MS,CA,MS242
MS242_CA5__10X_17_grch38:TGACTAGGTAAGTTCCx,MS,CA,MS242
MS242_CA5__10X_17_grch38:TGCACCTTCCGTTGCTx,MS,CA,MS242
MS242_CA5__10X_17_grch38:TGCCAAAAGTCTTGCAx,MS,CA,MS242
MS242_CA5__10X_17_grch38:TGCCAAAGTACCGTTAx,MS,CA,MS242
MS242_CA5__10X_17_grch38:TGCTGCTTCTAACTCTx,MS,CA,MS242
MS242_CA5__10X_17_grch38:TGGGCGTAGGCTAGACx,MS,CA,MS242
MS242_CA5__10X_17_grch38:TGTCCCAAGCACCGTCx,MS,CA,MS242
MS242_CA5__10X_17_grch38:TGTCCCAGTCGAAAGCx,MS,CA,MS242
MS242_CA5__10X_17_grch38:TGTGGTACATTATCTCx,MS,CA,MS242
MS242_CA5__10X_17_grch38:TTAACTCGTACGACCCx,MS,CA,MS242
MS242_CA5__10X_17_grch38:TTAGTTCTCCTGTAGAx,MS,CA,MS242
MS242_CA5__10X_17_grch38:TTCTCCTGTAGCCTCGx,MS,CA,MS242
MS242_CA5__10X_17_grch38:TTGACTTCACACAGAGx,MS,CA,MS242
MS242_CA5__10X_17_grch38:TTGACTTTCTTCATGTx,MS,CA,MS242
MS242_CA5__10X_17_grch38:TTGGCAAAGTCCTCCTx,MS,CA,MS242
MS242_CA5__10X_17_grch38:TTGTAGGAGCTAAGATx,MS,CA,MS242
MS242_CA5__10X_17_grch38:TTTACTGAGCTCCTCTx,MS,CA,MS242
MS242_CA5__10X_17_grch38:TTTGCGCAGCCTCGTGx,MS,CA,MS242
MS242_CA2__10X_17_grch38:ATTCTACAGCTACCTAx,MS,CA,MS242
MS242_CA2__10X_17_grch38:TCAGGTATCCCACTTGx,MS,CA,MS242
MS121_NAWM__10X_17_grch38:CGGAGCTGTACCAGTTx,MS,NAWM,MS121
MS121_A2__10X_17_grch38:AACCATGAGTGATCGGx,MS,A,MS121
MS121_A2__10X_17_grch38:AACTCAGAGTGTTAGAx,MS,A,MS121
MS121_A2__10X_17_grch38:AAGGCAGCAAGGCTCCx,MS,A,MS121
MS121_A2__10X_17_grch38:AATCGGTGTCAATACCx,MS,A,MS121
MS121_A2__10X_17_grch38:ACACCCTTCGCATGATx,MS,A,MS121
MS121_A2__10X_17_grch38:ACTGAGTAGGAATCGCx,MS,A,MS121
MS121_A2__10X_17_grch38:ACTGAGTCATACGCCGx,MS,A,MS121
MS121_A2__10X_17_grch38:ACTTGTTTCAGGTAAAx,MS,A,MS121
MS121_A2__10X_17_grch38:AGACGTTAGTGGACGTx,MS,A,MS121
MS121_A2__10X_17_grch38:AGAGCTTCAATACGCTx,MS,A,MS121
MS121_A2__10X_17_grch38:AGCATACAGCCGCCTAx,MS,A,MS121
MS121_A2__10X_17_grch38:AGTAGTCTCTACTTACx,MS,A,MS121
MS121_A2__10X_17_grch38:AGTGAGGTCGGAAACGx,MS,A,MS121
MS121_A2__10X_17_grch38:AGTTGGTCATCGATGTx,MS,A,MS121
MS121_A2__10X_17_grch38:AGTTGGTTCAAGGTAAx,MS,A,MS121
MS121_A2__10X_17_grch38:ATAACGCGTAGAGGAAx,MS,A,MS121
MS121_A2__10X_17_grch38:ATAGACCCAAACTGCTx,MS,A,MS121
MS121_A2__10X_17_grch38:CAACCAAAGGTTCCTAx,MS,A,MS121
MS121_A2__10X_17_grch38:CAACCAACATCCGGGTx,MS,A,MS121
MS121_A2__10X_17_grch38:CAAGAAACATGCCCGAx,MS,A,MS121
MS121_A2__10X_17_grch38:CAGCAGCTCAGCTCGGx,MS,A,MS121
MS121_A2__10X_17_grch38:CAGCATACATGTAAGAx,MS,A,MS121
MS121_A2__10X_17_grch38:CAGCCGATCCGGGTGTx,MS,A,MS121
MS121_A2__10X_17_grch38:CAGCTAAAGAACAACTx,MS,A,MS121
MS121_A2__10X_17_grch38:CATGACAGTCTGATCAx,MS,A,MS121
MS121_A2__10X_17_grch38:CATGCCTCAAGCGAGTx,MS,A,MS121
MS121_A2__10X_17_grch38:CATTCGCAGGCGACATx,MS,A,MS121
MS121_A2__10X_17_grch38:CCGGTAGTCCTTTCTCx,MS,A,MS121
MS121_A2__10X_17_grch38:CCTAAAGCACGGACAAx,MS,A,MS121
MS121_A2__10X_17_grch38:CCTCAGTGTGTGGTTTx,MS,A,MS121
MS121_A2__10X_17_grch38:CCTTCCCGTCATATCGx,MS,A,MS121
MS121_A2__10X_17_grch38:CGACCTTGTTACGACTx,MS,A,MS121
MS121_A2__10X_17_grch38:CGAGCACTCAGCTTAGx,MS,A,MS121
MS121_A2__10X_17_grch38:CGAGCCATCGGAAATAx,MS,A,MS121
MS121_A2__10X_17_grch38:CGATGGCTCAACGAAAx,MS,A,MS121
MS121_A2__10X_17_grch38:CGCGGTAGTGCCTGTGx,MS,A,MS121
MS121_A2__10X_17_grch38:CGTCAGGGTTGCGCACx,MS,A,MS121
MS121_A2__10X_17_grch38:CGTGTCTAGTCACGCCx,MS,A,MS121
MS121_A2__10X_17_grch38:CTCGGAGAGTGGAGAAx,MS,A,MS121
MS121_A2__10X_17_grch38:CTCGGGAAGACGCTTTx,MS,A,MS121
MS121_A2__10X_17_grch38:CTGATAGAGGACATTAx,MS,A,MS121
MS121_A2__10X_17_grch38:CTGATAGCACATGTGTx,MS,A,MS121
MS121_A2__10X_17_grch38:CTGTGCTTCCAAAGTCx,MS,A,MS121
MS121_A2__10X_17_grch38:CTTACCGAGAGTTGGCx,MS,A,MS121
MS121_A2__10X_17_grch38:GAAATGATCTGCAGTAx,MS,A,MS121
MS121_A2__10X_17_grch38:GAACATCAGCCGGTAAx,MS,A,MS121
MS121_A2__10X_17_grch38:GACGCGTTCTCGAGTAx,MS,A,MS121
MS121_A2__10X_17_grch38:GATCGTAGTCTTGATGx,MS,A,MS121
MS121_A2__10X_17_grch38:GATTCAGTCAATAAGGx,MS,A,MS121
MS121_A2__10X_17_grch38:GCAGCCAAGCAGACTGx,MS,A,MS121
MS121_A2__10X_17_grch38:GCATGATCAATCCGATx,MS,A,MS121
MS121_A2__10X_17_grch38:GCGAGAAGTGCACGAAx,MS,A,MS121
MS121_A2__10X_17_grch38:GCGCGATGTTCGGGCTx,MS,A,MS121
MS121_A2__10X_17_grch38:GCTGCGATCGAGCCCAx,MS,A,MS121
MS121_A2__10X_17_grch38:GGACAAGAGCGTTTACx,MS,A,MS121
MS121_A2__10X_17_grch38:GGACAGAGTACAGTGGx,MS,A,MS121
MS121_A2__10X_17_grch38:GTAGGCCTCATCGGATx,MS,A,MS121
MS121_A2__10X_17_grch38:GTATCTTAGATCTGCTx,MS,A,MS121
MS121_A2__10X_17_grch38:GTCATTTTCCACGCAGx,MS,A,MS121
MS121_A2__10X_17_grch38:GTCATTTTCGAATGCTx,MS,A,MS121
MS121_A2__10X_17_grch38:GTGAAGGAGGACAGCTx,MS,A,MS121
MS121_A2__10X_17_grch38:GTTCTCGGTTTCCACCx,MS,A,MS121
MS121_A2__10X_17_grch38:TACCTTATCCCGGATGx,MS,A,MS121
MS121_A2__10X_17_grch38:TACGGGCGTGTTCTTTx,MS,A,MS121
MS121_A2__10X_17_grch38:TACTCATAGTGCAAGCx,MS,A,MS121
MS121_A2__10X_17_grch38:TATTACCTCGCCAGCAx,MS,A,MS121
MS121_A2__10X_17_grch38:TCAGGATCACGAAATAx,MS,A,MS121
MS121_A2__10X_17_grch38:TCATTACGTGGTTTCAx,MS,A,MS121
MS121_A2__10X_17_grch38:TCTGGAAAGACTAGATx,MS,A,MS121
MS121_A2__10X_17_grch38:TGAAAGAGTACCTACAx,MS,A,MS121
MS121_A2__10X_17_grch38:TGAGAGGAGATGTCGGx,MS,A,MS121
MS121_A2__10X_17_grch38:TGAGAGGAGTGGAGAAx,MS,A,MS121
MS121_A2__10X_17_grch38:TGCACCTTCCAAGTACx,MS,A,MS121
MS121_A2__10X_17_grch38:TGCCAAAAGCGTGAGTx,MS,A,MS121
MS121_A2__10X_17_grch38:TGCCCATCACATGTGTx,MS,A,MS121
MS121_A2__10X_17_grch38:TGCGCAGGTGTCTGATx,MS,A,MS121
MS121_A2__10X_17_grch38:TGCGGGTAGCCCAGCTx,MS,A,MS121
MS121_A2__10X_17_grch38:TGGTTCCAGGTGACCAx,MS,A,MS121
MS121_A2__10X_17_grch38:TGTTCCGAGATGTGGCx,MS,A,MS121
MS121_A2__10X_17_grch38:TTAGGCACACATGGGAx,MS,A,MS121
MS121_A2__10X_17_grch38:TTATGCTTCAATACCGx,MS,A,MS121
MS121_A2__10X_17_grch38:TTCTACATCCACTCCAx,MS,A,MS121
MS121_A2__10X_17_grch38:TTCTCCTGTTATCCGAx,MS,A,MS121
MS121_A2__10X_17_grch38:TTGCGTCGTAAGTAGTx,MS,A,MS121
MS121_A2__10X_17_grch38:TTTGGTTCACATCCGGx,MS,A,MS121
MS121_A2__10X_17_grch38:TTTGTCACAATGAATGx,MS,A,MS121
MS121_CA__10X_17_grch38:AAACCTGAGCTAACAAx,MS,CA,MS121
MS121_CA__10X_17_grch38:AACCGCGTCGACGGAAx,MS,CA,MS121
MS121_CA__10X_17_grch38:AACGTTGCACCTCGGAx,MS,CA,MS121
MS121_CA__10X_17_grch38:ACGGAGAGTTCCCGAGx,MS,CA,MS121
MS121_CA__10X_17_grch38:AGTAGTCAGGTGATATx,MS,CA,MS121
MS121_CA__10X_17_grch38:ATGCGATTCCCTTGCAx,MS,CA,MS121
MS121_CA__10X_17_grch38:CGGACGTTCTAAGCCAx,MS,CA,MS121
MS121_CA__10X_17_grch38:CTAGTGAGTAATCACCx,MS,CA,MS121
MS121_CA__10X_17_grch38:GTTCTCGAGCTAGTGGx,MS,CA,MS121
MS121_CA__10X_17_grch38:TGAAAGAGTAACGACGx,MS,CA,MS121
MS176_NAWM__10X_17_grch38:GACGCGTTCGACGGAAx,MS,NAWM,MS176
MS176_NAWM__10X_17_grch38:GAGTCCGGTGTGGCTCx,MS,NAWM,MS176
MS176_NAWM__10X_17_grch38:GGAATAACACTCAGGCx,MS,NAWM,MS176
MS176_CI__10X_17_056_roche_grch38_4:TGCGGGTTCATGGTCAx,MS,CI,MS176
MS176_CI__10X_17_056_roche_grch38_4:TGGACGCGTCAAACTCx,MS,CI,MS176
MS176_CA__10X_17_grch38:TTCTCAAGTTGCTCCTx,MS,CA,MS176
MS242_CA5__10X_17_grch38:AAACCTGGTAAACCTCx,MS,CA,MS242
MS242_CA5__10X_17_grch38:AAAGATGTCTTGTACTx,MS,CA,MS242
MS242_CA5__10X_17_grch38:AAATGCCAGACAATACx,MS,CA,MS242
MS242_CA5__10X_17_grch38:AAGGCAGAGTGTGAATx,MS,CA,MS242
MS242_CA5__10X_17_grch38:AAGGTTCAGTATCGAAx,MS,CA,MS242
MS242_CA5__10X_17_grch38:AATCCAGAGCCACGTCx,MS,CA,MS242
MS242_CA5__10X_17_grch38:ACATGGTCATCCTTGCx,MS,CA,MS242
MS242_CA5__10X_17_grch38:ACGAGCCTCGGTTCGGx,MS,CA,MS242
MS242_CA5__10X_17_grch38:ACGAGGACAAGTAATGx,MS,CA,MS242
MS242_CA5__10X_17_grch38:ACTATCTGTACGAAATx,MS,CA,MS242
MS242_CA5__10X_17_grch38:ACTGAGTAGCTTTGGTx,MS,CA,MS242
MS242_CA5__10X_17_grch38:ACTGAGTCAAACAACAx,MS,CA,MS242
MS242_CA5__10X_17_grch38:ACTTACTCAATGCCATx,MS,CA,MS242
MS242_CA5__10X_17_grch38:AGAATAGGTCATATGCx,MS,CA,MS242
MS242_CA5__10X_17_grch38:AGATCTGAGGCAGTCAx,MS,CA,MS242
MS242_CA5__10X_17_grch38:AGATTGCAGTGAATTGx,MS,CA,MS242
MS242_CA5__10X_17_grch38:AGATTGCTCAGATAAGx,MS,CA,MS242
MS242_CA5__10X_17_grch38:AGCGTCGCAGCCACCAx,MS,CA,MS242
MS242_CA5__10X_17_grch38:AGGTCATTCATAAAGGx,MS,CA,MS242
MS242_CA5__10X_17_grch38:AGGTCCGAGAGGTTGCx,MS,CA,MS242
MS242_CA5__10X_17_grch38:AGTAGTCGTGTTTGTGx,MS,CA,MS242
MS242_CA5__10X_17_grch38:AGTCTTTAGAGCTTCTx,MS,CA,MS242
MS242_CA5__10X_17_grch38:AGTGTCACAATAAGCAx,MS,CA,MS242
MS242_CA5__10X_17_grch38:AGTGTCACACTATCTTx,MS,CA,MS242
MS242_CA5__10X_17_grch38:ATAGACCGTGGTACAGx,MS,CA,MS242
MS242_CA5__10X_17_grch38:ATCTGCCAGTGAACATx,MS,CA,MS242
MS242_CA5__10X_17_grch38:ATGAGGGGTCCGTCAGx,MS,CA,MS242
MS242_CA5__10X_17_grch38:ATGAGGGTCGTTACGAx,MS,CA,MS242
MS242_CA5__10X_17_grch38:ATTACTCGTTACCAGTx,MS,CA,MS242
MS242_CA5__10X_17_grch38:CAAGAAACACGCTTTCx,MS,CA,MS242
MS242_CA5__10X_17_grch38:CACCAGGAGTTAAGTGx,MS,CA,MS242
MS242_CA5__10X_17_grch38:CACCTTGTCTTGTACTx,MS,CA,MS242
MS242_CA5__10X_17_grch38:CAGAATCAGTGAAGAGx,MS,CA,MS242
MS242_CA5__10X_17_grch38:CAGATCACACAGACAGx,MS,CA,MS242
MS242_CA5__10X_17_grch38:CAGCGACGTTTAAGCCx,MS,CA,MS242
MS242_CA5__10X_17_grch38:CAGCTGGTCATAGCACx,MS,CA,MS242
MS242_CA5__10X_17_grch38:CATATGGAGCCAGAACx,MS,CA,MS242
MS242_CA5__10X_17_grch38:CATATTCCACCAGGCTx,MS,CA,MS242
MS242_CA5__10X_17_grch38:CATCGGGAGGTGCTAGx,MS,CA,MS242
MS242_CA5__10X_17_grch38:CATTATCGTTGGTTTGx,MS,CA,MS242
MS242_CA5__10X_17_grch38:CCAATCCGTAGCGCTCx,MS,CA,MS242
MS242_CA5__10X_17_grch38:CCAATCCTCACTATTCx,MS,CA,MS242
MS242_CA5__10X_17_grch38:CCACCTAAGTTGTAGAx,MS,CA,MS242
MS242_CA5__10X_17_grch38:CCTAAAGTCCTTGCCAx,MS,CA,MS242
MS242_CA5__10X_17_grch38:CCTCTGAGTCGAATCTx,MS,CA,MS242
MS242_CA5__10X_17_grch38:CCTCTGAGTTAGTGGGx,MS,CA,MS242
MS242_CA5__10X_17_grch38:CGACTTCAGATAGCATx,MS,CA,MS242
MS242_CA5__10X_17_grch38:CGATCGGAGTCTCAACx,MS,CA,MS242
MS242_CA5__10X_17_grch38:CGGACACGTAGCCTCGx,MS,CA,MS242
MS242_CA5__10X_17_grch38:CGGACTGCATTAACCGx,MS,CA,MS242
MS242_CA5__10X_17_grch38:CGGGTCAGTGTCCTCTx,MS,CA,MS242
MS242_CA5__10X_17_grch38:CGGGTCAGTTGGTGGAx,MS,CA,MS242
MS242_CA5__10X_17_grch38:CGGTTAACACCGAAAGx,MS,CA,MS242
MS242_CA5__10X_17_grch38:CGGTTAACAGCCTTGGx,MS,CA,MS242
MS242_CA5__10X_17_grch38:CGTAGGCAGCAGACTGx,MS,CA,MS242
MS242_CA5__10X_17_grch38:CGTCTACCATCCTTGCx,MS,CA,MS242
MS242_CA5__10X_17_grch38:CGTTCTGAGCGTAGTGx,MS,CA,MS242
MS242_CA5__10X_17_grch38:CGTTGGGCACCGATATx,MS,CA,MS242
MS242_CA5__10X_17_grch38:CTACATTAGCGATGACx,MS,CA,MS242
MS242_CA5__10X_17_grch38:CTAGAGTAGCGATAGCx,MS,CA,MS242
MS242_CA5__10X_17_grch38:CTCAGAAAGACTCGGAx,MS,CA,MS242
MS242_CA5__10X_17_grch38:CTCGAAAGTATATCCGx,MS,CA,MS242
MS242_CA5__10X_17_grch38:CTCGGAGTCATCTGCCx,MS,CA,MS242
MS242_CA5__10X_17_grch38:CTCTACGGTTCAACCAx,MS,CA,MS242
MS242_CA5__10X_17_grch38:CTGAAGTGTCACTGGCx,MS,CA,MS242
MS242_CA5__10X_17_grch38:CTGATAGTCTTAACCTx,MS,CA,MS242
MS242_CA5__10X_17_grch38:CTGCTGTAGCCGATTTx,MS,CA,MS242
MS242_CA5__10X_17_grch38:CTGTGCTAGGGATGGGx,MS,CA,MS242
MS242_CA5__10X_17_grch38:CTGTTTAGTGCGCTTGx,MS,CA,MS242
MS242_CA5__10X_17_grch38:CTTACCGGTGTGACGAx,MS,CA,MS242
MS242_CA5__10X_17_grch38:CTTTGCGTCACGCATAx,MS,CA,MS242
MS242_CA5__10X_17_grch38:GAAACTCGTTGAGTTCx,MS,CA,MS242
MS242_CA5__10X_17_grch38:GAACCTATCAATACCGx,MS,CA,MS242
MS242_CA5__10X_17_grch38:GAATGAAGTACAGCAGx,MS,CA,MS242
MS242_CA5__10X_17_grch38:GACCTGGCACCACGTGx,MS,CA,MS242
MS242_CA5__10X_17_grch38:GAGTCCGTCGCCTGTTx,MS,CA,MS242
MS242_CA5__10X_17_grch38:GCAAACTGTAAAGGAGx,MS,CA,MS242
MS242_CA5__10X_17_grch38:GCACTCTGTTGGAGGTx,MS,CA,MS242
MS242_CA5__10X_17_grch38:GCATACAAGCACAGGTx,MS,CA,MS242
MS242_CA5__10X_17_grch38:GCATACATCACCAGGCx,MS,CA,MS242
MS242_CA5__10X_17_grch38:GCATGCGTCTGAGGGAx,MS,CA,MS242
MS242_CA5__10X_17_grch38:GCCTCTAAGAAGCCCAx,MS,CA,MS242
MS242_CA5__10X_17_grch38:GCGAGAATCACTGGGCx,MS,CA,MS242
MS242_CA5__10X_17_grch38:GCTCTGTCAGTATGCTx,MS,CA,MS242
MS242_CA5__10X_17_grch38:GCTGCTTTCTACCAGAx,MS,CA,MS242
MS242_CA5__10X_17_grch38:GGAATAAAGAGTACCGx,MS,CA,MS242
MS242_CA5__10X_17_grch38:GGAATAATCGTTGACAx,MS,CA,MS242
MS242_CA5__10X_17_grch38:GGACATTAGACTAAGTx,MS,CA,MS242
MS242_CA5__10X_17_grch38:GGGCATCCATTGTGCAx,MS,CA,MS242
MS242_CA5__10X_17_grch38:GGTGAAGAGATCTGAAx,MS,CA,MS242
MS242_CA5__10X_17_grch38:GTACTCCGTTAAAGACx,MS,CA,MS242
MS242_CA5__10X_17_grch38:GTGGGTCTCAGTTAGCx,MS,CA,MS242
MS242_CA5__10X_17_grch38:GTTCATTTCATCTGCCx,MS,CA,MS242
MS242_CA5__10X_17_grch38:GTTCTCGGTAAACGCGx,MS,CA,MS242
MS242_CA5__10X_17_grch38:GTTTCTACAAACGCGAx,MS,CA,MS242
MS242_CA5__10X_17_grch38:GTTTCTATCCTCAACCx,MS,CA,MS242
MS242_CA5__10X_17_grch38:TAAACCGAGCGTTTACx,MS,CA,MS242
MS242_CA5__10X_17_grch38:TACGGGCCATGCCTAAx,MS,CA,MS242
MS242_CA5__10X_17_grch38:TAGACCAAGCGATTCTx,MS,CA,MS242
MS242_CA5__10X_17_grch38:TATCAGGAGGTAGCCAx,MS,CA,MS242
MS242_CA5__10X_17_grch38:TATTACCTCACGACTAx,MS,CA,MS242
MS242_CA5__10X_17_grch38:TCAACGATCTGCAAGTx,MS,CA,MS242
MS242_CA5__10X_17_grch38:TCAGCAATCCGTACAAx,MS,CA,MS242
MS242_CA5__10X_17_grch38:TCAGCTCTCTGTCAAGx,MS,CA,MS242
MS242_CA5__10X_17_grch38:TCATTTGTCGCGATCGx,MS,CA,MS242
MS242_CA5__10X_17_grch38:TCGTAGAAGAGTACATx,MS,CA,MS242
MS242_CA5__10X_17_grch38:TCTTTCCGTGATGCCCx,MS,CA,MS242
MS242_CA5__10X_17_grch38:TGAAAGAGTTCGAATCx,MS,CA,MS242
MS242_CA5__10X_17_grch38:TGACAACGTAGCGATGx,MS,CA,MS242
MS242_CA5__10X_17_grch38:TGACTTTCAAAGAATCx,MS,CA,MS242
MS242_CA5__10X_17_grch38:TGCCAAACATTTCAGGx,MS,CA,MS242
MS242_CA5__10X_17_grch38:TGCCCATGTCCGTCAGx,MS,CA,MS242
MS242_CA5__10X_17_grch38:TGCGCAGCACATGACTx,MS,CA,MS242
MS242_CA5__10X_17_grch38:TGGCCAGAGAAGGTGAx,MS,CA,MS242
MS242_CA5__10X_17_grch38:TTAGGACAGTATCTCGx,MS,CA,MS242
MS242_CA5__10X_17_grch38:TTAGGCATCAGGTAAAx,MS,CA,MS242
MS242_CA5__10X_17_grch38:TTATGCTTCGGATGTTx,MS,CA,MS242
MS242_CA5__10X_17_grch38:TTGGCAAGTTGAGGTGx,MS,CA,MS242
MS242_CA2__10X_17_grch38:AAAGCAACAGTTCCCTx,MS,CA,MS242
MS242_CA2__10X_17_grch38:CAGCTGGTCGGTGTTAx,MS,CA,MS242
MS242_CA2__10X_17_grch38:CAGGTGCAGCAGCGTAx,MS,CA,MS242
MS242_CA2__10X_17_grch38:CTGTTTAAGTGATCGGx,MS,CA,MS242
MS242_CA2__10X_17_grch38:GCGCAACCAAGTTAAGx,MS,CA,MS242
MS242_CA2__10X_17_grch38:TAGCCGGGTTAGAACAx,MS,CA,MS242
MS242_CA2__10X_17_grch38:TGACAACAGAGTCGGTx,MS,CA,MS242
MS242_CA2__10X_17_grch38:TTTGGTTCACTAGTACx,MS,CA,MS242
MS122_NAWM__10X_17_grch38:ATAGACCAGGTTACCTx,MS,NAWM,MS122
MS122_NAWM__10X_17_grch38:CACTCCAAGCGAGAAAx,MS,NAWM,MS122
MS122_NAWM__10X_17_grch38:GTACGTAAGGTCATCTx,MS,NAWM,MS122
MS122_CI__10X_17_grch38:AAGCCGCTCGCCAGCAx,MS,CI,MS122
MS122_CI__10X_17_grch38:ACACTGAAGAGATGAGx,MS,CI,MS122
MS122_CI__10X_17_grch38:ACAGCTAAGGAGCGAGx,MS,CI,MS122
MS122_CI__10X_17_grch38:ATTATCCCATGGTCTAx,MS,CI,MS122
MS122_CI__10X_17_grch38:CACAGGCTCAGTCAGTx,MS,CI,MS122
MS122_CI__10X_17_grch38:CCTTCCCTCAGTTCGAx,MS,CI,MS122
MS122_CI__10X_17_grch38:CCTTCGACAGGGTACAx,MS,CI,MS122
MS122_CI__10X_17_grch38:CGAACATGTTAAAGTGx,MS,CI,MS122
MS122_CI__10X_17_grch38:CGACTTCCAGTCACTAx,MS,CI,MS122
MS122_CI__10X_17_grch38:GAAATGATCTAAGCCAx,MS,CI,MS122
MS122_CI__10X_17_grch38:GAATAAGTCCCATTATx,MS,CI,MS122
MS122_CI__10X_17_grch38:TACTCATTCATTGCGAx,MS,CI,MS122
MS122_CI__10X_17_grch38:TAGTGGTTCTCTGAGAx,MS,CI,MS122
MS122_CI__10X_17_grch38:TGCCCATCAAATACAGx,MS,CI,MS122
MS122_A__10X_17_grch38:AAGCCGCGTCGACTGCx,MS,A,MS122
MS122_A__10X_17_grch38:ACTGAACTCGTCTGCTx,MS,A,MS122
MS122_A__10X_17_grch38:ACTTGTTGTGCCTGCAx,MS,A,MS122
MS122_A__10X_17_grch38:CTACATTGTTGAGTTCx,MS,A,MS122
MS122_A__10X_17_grch38:CTGAAACGTCCATCCTx,MS,A,MS122
MS122_A__10X_17_grch38:GGACAGAAGCTGATAAx,MS,A,MS122
MS122_A__10X_17_grch38:TACTCATGTGCACGAAx,MS,A,MS122
MS122_A__10X_17_grch38:TAGACCATCGTTTATCx,MS,A,MS122
MS122_A__10X_17_grch38:TGACTAGAGTGGTCCCx,MS,A,MS122
MS122_A__10X_17_grch38:TGCGGGTCACCAGTTAx,MS,A,MS122
MS121_NAWM__10X_17_grch38:ACACCGGGTCTGCAATx,MS,NAWM,MS121
MS121_NAWM__10X_17_grch38:ATCGAGTTCGTAGGTTx,MS,NAWM,MS121
MS121_NAWM__10X_17_grch38:CAGCTGGCACCTATCCx,MS,NAWM,MS121
MS121_NAWM__10X_17_grch38:CATTATCCACGGTAGAx,MS,NAWM,MS121
MS121_NAWM__10X_17_grch38:CCTTTCTAGATGCCTTx,MS,NAWM,MS121
MS121_NAWM__10X_17_grch38:CGAATGTCACAGGCCTx,MS,NAWM,MS121
MS121_NAWM__10X_17_grch38:GCTGCAGAGGATTCGGx,MS,NAWM,MS121
MS121_NAWM__10X_17_grch38:GGAATAAAGTGGGTTGx,MS,NAWM,MS121
MS121_NAWM__10X_17_grch38:GGCTGGTTCGGTGTCGx,MS,NAWM,MS121
MS121_NAWM__10X_17_grch38:GTCATTTAGGCTAGCAx,MS,NAWM,MS121
MS121_A3__10X_17_grch38:AACTCTTCAATGGATAx,MS,A,MS121
MS121_A3__10X_17_grch38:AAGGCAGAGAGTACATx,MS,A,MS121
MS121_A3__10X_17_grch38:ACACCAACAGTATGCTx,MS,A,MS121
MS121_A3__10X_17_grch38:ACAGCTACATGAAGTAx,MS,A,MS121
MS121_A3__10X_17_grch38:ACAGCTAGTCTTCAAGx,MS,A,MS121
MS121_A3__10X_17_grch38:ACCAGTACATACTACGx,MS,A,MS121
MS121_A3__10X_17_grch38:ACCAGTAGTTACTGACx,MS,A,MS121
MS121_A3__10X_17_grch38:ACTGCTCTCGCGGATCx,MS,A,MS121
MS121_A3__10X_17_grch38:ATCATGGGTGTAATGAx,MS,A,MS121
MS121_A3__10X_17_grch38:ATCGAGTGTCTGCCAGx,MS,A,MS121
MS121_A3__10X_17_grch38:CAAGGCCAGGTGATATx,MS,A,MS121
MS121_A3__10X_17_grch38:CACAAACGTACAAGTAx,MS,A,MS121
MS121_A3__10X_17_grch38:CACAAACTCTACTATCx,MS,A,MS121
MS121_A3__10X_17_grch38:CATCCACCACCTATCCx,MS,A,MS121
MS121_A3__10X_17_grch38:CATCGAAGTCGGATCCx,MS,A,MS121
MS121_A3__10X_17_grch38:CATTCGCGTTTAGGAAx,MS,A,MS121
MS121_A3__10X_17_grch38:CCATTCGTCTCGGACGx,MS,A,MS121
MS121_A3__10X_17_grch38:CGAACATCAAGTTGTCx,MS,A,MS121
MS121_A3__10X_17_grch38:CGATCGGGTCGGCACTx,MS,A,MS121
MS121_A3__10X_17_grch38:CGTGTCTTCTGTCTCGx,MS,A,MS121
MS121_A3__10X_17_grch38:CTAACTTTCACATACGx,MS,A,MS121
MS121_A3__10X_17_grch38:CTCTGGTAGCTAACAAx,MS,A,MS121
MS121_A3__10X_17_grch38:CTGAAACAGGTAAACTx,MS,A,MS121
MS121_A3__10X_17_grch38:CTGCGGAAGAGTGAGAx,MS,A,MS121
MS121_A3__10X_17_grch38:CTTCTCTGTAGAGGAAx,MS,A,MS121
MS121_A3__10X_17_grch38:GAAACTCCAGACAAATx,MS,A,MS121
MS121_A3__10X_17_grch38:GAAACTCGTCAAAGCGx,MS,A,MS121
MS121_A3__10X_17_grch38:GAACGGAGTCTGGTCGx,MS,A,MS121
MS121_A3__10X_17_grch38:GACAGAGAGGACTGGTx,MS,A,MS121
MS121_A3__10X_17_grch38:GACTAACAGTGTACTCx,MS,A,MS121
MS121_A3__10X_17_grch38:GGACAAGCATGCTAGTx,MS,A,MS121
MS121_A3__10X_17_grch38:GTACTTTCAACACGCCx,MS,A,MS121
MS121_A3__10X_17_grch38:GTATTCTTCAGTGTTGx,MS,A,MS121
MS121_A3__10X_17_grch38:GTGGGTCGTTCAGACTx,MS,A,MS121
MS121_A3__10X_17_grch38:TACCTATTCGTTGACAx,MS,A,MS121
MS121_A3__10X_17_grch38:TACGGATGTACTCAACx,MS,A,MS121
MS121_A3__10X_17_grch38:TACGGGCGTTTGTTGGx,MS,A,MS121
MS121_A3__10X_17_grch38:TAGTTGGGTGTTGGGAx,MS,A,MS121
MS121_A3__10X_17_grch38:TCATTACCAGGAATCGx,MS,A,MS121
MS121_A3__10X_17_grch38:TCTTTCCGTTTGGCGCx,MS,A,MS121
MS121_A3__10X_17_grch38:TGACAACCAAGTTAAGx,MS,A,MS121
MS121_A3__10X_17_grch38:TGACTTTAGAAACCGCx,MS,A,MS121
MS121_A3__10X_17_grch38:TGCGTGGAGATGTCGGx,MS,A,MS121
MS121_A3__10X_17_grch38:TGTGGTATCCCTTGTGx,MS,A,MS121
MS121_A3__10X_17_grch38:TTCTCCTTCTATCCTAx,MS,A,MS121
MS121_A3__10X_17_grch38:TTTCCTCCACAGTCGCx,MS,A,MS121
MS121_A2__10X_17_grch38:AACACGTTCTTACCGCx,MS,A,MS121
MS121_A2__10X_17_grch38:AACCGCGAGTCCTCCTx,MS,A,MS121
MS121_A2__10X_17_grch38:AAGGTTCAGGTGCTAGx,MS,A,MS121
MS121_A2__10X_17_grch38:ACACCGGGTTTGTTTCx,MS,A,MS121
MS121_A2__10X_17_grch38:ACGCCAGAGGGTCGATx,MS,A,MS121
MS121_A2__10X_17_grch38:ACGCCAGGTCTAGAGGx,MS,A,MS121
MS121_A2__10X_17_grch38:ACGGAGAGTGCGAAACx,MS,A,MS121
MS121_A2__10X_17_grch38:ACGGGCTTCCACGCAGx,MS,A,MS121
MS121_A2__10X_17_grch38:ACTGAACAGAAACCGCx,MS,A,MS121
MS121_A2__10X_17_grch38:ACTTTCATCGGAAATAx,MS,A,MS121
MS121_A2__10X_17_grch38:AGAGCGACAGCTTCGGx,MS,A,MS121
MS121_A2__10X_17_grch38:AGCCTAACACAGCGTCx,MS,A,MS121
MS121_A2__10X_17_grch38:AGCTCCTAGAATAGGGx,MS,A,MS121
MS121_A2__10X_17_grch38:AGGCCGTCAGCATACTx,MS,A,MS121
MS121_A2__10X_17_grch38:ATCATCTGTAAGAGGAx,MS,A,MS121
MS121_A2__10X_17_grch38:ATCCACCGTACATCCAx,MS,A,MS121
MS121_A2__10X_17_grch38:ATCCGAACATCCCATCx,MS,A,MS121
MS121_A2__10X_17_grch38:ATCTACTAGGCGATACx,MS,A,MS121
MS121_A2__10X_17_grch38:CAACCAATCTGTCCGTx,MS,A,MS121
MS121_A2__10X_17_grch38:CAACTAGTCTCAAACGx,MS,A,MS121
MS121_A2__10X_17_grch38:CAAGATCGTAGCCTATx,MS,A,MS121
MS121_A2__10X_17_grch38:CACACCTCAGCGTAAGx,MS,A,MS121
MS121_A2__10X_17_grch38:CACAGGCTCACGGTTAx,MS,A,MS121
MS121_A2__10X_17_grch38:CACAGTACAAAGGCGTx,MS,A,MS121
MS121_A2__10X_17_grch38:CAGCTAATCCCACTTGx,MS,A,MS121
MS121_A2__10X_17_grch38:CAGCTAATCTCAAGTGx,MS,A,MS121
MS121_A2__10X_17_grch38:CAGTAACAGACGCTTTx,MS,A,MS121
MS121_A2__10X_17_grch38:CAGTAACCAAGTAATGx,MS,A,MS121
MS121_A2__10X_17_grch38:CATATGGTCGCGTTTCx,MS,A,MS121
MS121_A2__10X_17_grch38:CATATTCTCTCCAGGGx,MS,A,MS121
MS121_A2__10X_17_grch38:CATCAGACACACCGCAx,MS,A,MS121
MS121_A2__10X_17_grch38:CCAATCCGTTAGAACAx,MS,A,MS121
MS121_A2__10X_17_grch38:CCAGCGACAAATCCGTx,MS,A,MS121
MS121_A2__10X_17_grch38:CCGTGGAGTTAAAGACx,MS,A,MS121
MS121_A2__10X_17_grch38:CCTACACTCCTGTACCx,MS,A,MS121
MS121_A2__10X_17_grch38:CCTTACGCAGGCTCACx,MS,A,MS121
MS121_A2__10X_17_grch38:CGAATGTGTTGTGGAGx,MS,A,MS121
MS121_A2__10X_17_grch38:CGAATGTTCGTATCAGx,MS,A,MS121
MS121_A2__10X_17_grch38:CGAGCACTCCACTCCAx,MS,A,MS121
MS121_A2__10X_17_grch38:CGAGCACTCGTTACAGx,MS,A,MS121
MS121_A2__10X_17_grch38:CGATGGCAGAGGTTATx,MS,A,MS121
MS121_A2__10X_17_grch38:CGATGTATCTATGTGGx,MS,A,MS121
MS121_A2__10X_17_grch38:CGCCAAGTCAGAGGTGx,MS,A,MS121
MS121_A2__10X_17_grch38:CGCTATCAGTTTGCGTx,MS,A,MS121
MS121_A2__10X_17_grch38:CGCTATCCACAACGCCx,MS,A,MS121
MS121_A2__10X_17_grch38:CGCTATCCACACCGACx,MS,A,MS121
MS121_A2__10X_17_grch38:CGCTGGACACACCGACx,MS,A,MS121
MS121_A2__10X_17_grch38:CGGACACTCTTCTGGCx,MS,A,MS121
MS121_A2__10X_17_grch38:CGGCTAGCACCAGGTCx,MS,A,MS121
MS121_A2__10X_17_grch38:CGGGTCACAATCAGAAx,MS,A,MS121
MS121_A2__10X_17_grch38:CGGGTCATCGCACTCTx,MS,A,MS121
MS121_A2__10X_17_grch38:CGTAGCGCATCCAACAx,MS,A,MS121
MS121_A2__10X_17_grch38:CGTAGCGGTACATGTCx,MS,A,MS121
MS121_A2__10X_17_grch38:CGTAGCGGTTCACCTCx,MS,A,MS121
MS121_A2__10X_17_grch38:CGTCCATAGGATGGAAx,MS,A,MS121
MS121_A2__10X_17_grch38:CGTCCATCAAAGCGGTx,MS,A,MS121
MS121_A2__10X_17_grch38:CGTCCATCATCGATTGx,MS,A,MS121
MS121_A2__10X_17_grch38:CGTCTACGTCTGCAATx,MS,A,MS121
MS121_A2__10X_17_grch38:CGTGAGCGTGGGTCAAx,MS,A,MS121
MS121_A2__10X_17_grch38:CGTGAGCTCGCACTCTx,MS,A,MS121
MS121_A2__10X_17_grch38:CGTGAGCTCGCATGGCx,MS,A,MS121
MS121_A2__10X_17_grch38:CGTTGGGGTTCGAATCx,MS,A,MS121
MS121_A2__10X_17_grch38:CTAATGGAGCTATGCTx,MS,A,MS121
MS121_A2__10X_17_grch38:CTAATGGTCAGGATCTx,MS,A,MS121
MS121_A2__10X_17_grch38:CTACACCAGTTAGCGGx,MS,A,MS121
MS121_A2__10X_17_grch38:CTACACCTCATAAAGGx,MS,A,MS121
MS121_A2__10X_17_grch38:CTACACCTCCAACCAAx,MS,A,MS121
MS121_A2__10X_17_grch38:CTACATTCATAGGATAx,MS,A,MS121
MS121_A2__10X_17_grch38:CTAGCCTCAGACTCGCx,MS,A,MS121
MS121_A2__10X_17_grch38:CTCACACTCAGATAAGx,MS,A,MS121
MS121_A2__10X_17_grch38:CTCACACTCGTGGTCGx,MS,A,MS121
MS121_A2__10X_17_grch38:CTCGGAGAGCTGATAAx,MS,A,MS121
MS121_A2__10X_17_grch38:CTCGGGAAGTTTCCTTx,MS,A,MS121
MS121_A2__10X_17_grch38:CTCTAATAGAGCTGCAx,MS,A,MS121
MS121_A2__10X_17_grch38:CTGAAACGTTTAAGCCx,MS,A,MS121
MS121_A2__10X_17_grch38:CTGGTCTTCGGAGCAAx,MS,A,MS121
MS121_A2__10X_17_grch38:CTGTGCTCATTGGGCCx,MS,A,MS121
MS121_A2__10X_17_grch38:CTTCTCTAGTACGCGAx,MS,A,MS121
MS121_A2__10X_17_grch38:GAAACTCGTCAACATCx,MS,A,MS121
MS121_A2__10X_17_grch38:GAAATGACAAGCTGAGx,MS,A,MS121
MS121_A2__10X_17_grch38:GAACCTAGTAGAAGGAx,MS,A,MS121
MS121_A2__10X_17_grch38:GAACCTAGTCGTCTTCx,MS,A,MS121
MS121_A2__10X_17_grch38:GAACGGAAGGAATCGCx,MS,A,MS121
MS121_A2__10X_17_grch38:GAACGGAAGGGTTCCCx,MS,A,MS121
MS121_A2__10X_17_grch38:GAACGGATCATTTGGGx,MS,A,MS121
MS121_A2__10X_17_grch38:GAATAAGTCTCGTATTx,MS,A,MS121
MS121_A2__10X_17_grch38:GACCTGGTCTAACTTCx,MS,A,MS121
MS121_A2__10X_17_grch38:GAGTCCGTCACTTATCx,MS,A,MS121
MS121_A2__10X_17_grch38:GCATGATTCTGGGCCAx,MS,A,MS121
MS121_A2__10X_17_grch38:GCCAAATTCTATCCCGx,MS,A,MS121
MS121_A2__10X_17_grch38:GCTGGGTAGCGTCAAGx,MS,A,MS121
MS121_A2__10X_17_grch38:GGAATAACAATCCAACx,MS,A,MS121
MS121_A2__10X_17_grch38:GGATGTTAGCGTGTCCx,MS,A,MS121
MS121_A2__10X_17_grch38:GGCGACTTCGTCCAGGx,MS,A,MS121
MS121_A2__10X_17_grch38:GGCGTGTGTCTCTTATx,MS,A,MS121
MS121_A2__10X_17_grch38:GGGATGAGTTCAGGCCx,MS,A,MS121
MS121_A2__10X_17_grch38:GGGTCTGTCCATGAGTx,MS,A,MS121
MS121_A2__10X_17_grch38:GGTGTTAAGGCTACGAx,MS,A,MS121
MS121_A2__10X_17_grch38:GTAACGTGTTTGACTGx,MS,A,MS121
MS121_A2__10X_17_grch38:GTACTCCGTCCCGACAx,MS,A,MS121
MS121_A2__10X_17_grch38:GTACTTTCACCGTTGGx,MS,A,MS121
MS121_A2__10X_17_grch38:GTAGGCCTCCTAGGGCx,MS,A,MS121
MS121_A2__10X_17_grch38:GTAGTCATCAGGCGAAx,MS,A,MS121
MS121_A2__10X_17_grch38:GTATTCTGTTCGTGATx,MS,A,MS121
MS121_A2__10X_17_grch38:GTCAAGTCACTCTGTCx,MS,A,MS121
MS121_A2__10X_17_grch38:GTCAAGTGTTACGACTx,MS,A,MS121
MS121_A2__10X_17_grch38:GTCCTCACAATCTGCAx,MS,A,MS121
MS121_A2__10X_17_grch38:GTCTCGTAGTGCCAGAx,MS,A,MS121
MS121_A2__10X_17_grch38:GTCTCGTTCAGGATCTx,MS,A,MS121
MS121_A2__10X_17_grch38:GTCTCGTTCTGTGCAAx,MS,A,MS121
MS121_A2__10X_17_grch38:GTGCATAAGGATCGCAx,MS,A,MS121
MS121_A2__10X_17_grch38:GTTCATTTCCGCTGTTx,MS,A,MS121
MS121_A2__10X_17_grch38:TACCTTAAGGAGTTGCx,MS,A,MS121
MS121_A2__10X_17_grch38:TAGGCATTCTAACGGTx,MS,A,MS121
MS121_A2__10X_17_grch38:TATCTCAAGGAATTACx,MS,A,MS121
MS121_A2__10X_17_grch38:TCACAAGAGTGCTGCCx,MS,A,MS121
MS121_A2__10X_17_grch38:TCAGGTAGTCGTTGTAx,MS,A,MS121
MS121_A2__10X_17_grch38:TCATTTGAGGGCACTAx,MS,A,MS121
MS121_A2__10X_17_grch38:TCCCGATCACTGAAGGx,MS,A,MS121
MS121_A2__10X_17_grch38:TCCCGATTCCCAACGGx,MS,A,MS121
MS121_A2__10X_17_grch38:TCGGTAATCAATCTCTx,MS,A,MS121
MS121_A2__10X_17_grch38:TCTGGAAGTGAGGGAGx,MS,A,MS121
MS121_A2__10X_17_grch38:TCTTCGGAGTAGCGGTx,MS,A,MS121
MS121_A2__10X_17_grch38:TGACTAGCACAGATTCx,MS,A,MS121
MS121_A2__10X_17_grch38:TGGACGCCAACCGCCAx,MS,A,MS121
MS121_A2__10X_17_grch38:TGGCCAGGTCGAATCTx,MS,A,MS121
MS121_A2__10X_17_grch38:TGGTTCCAGGAGTAGAx,MS,A,MS121
MS121_A2__10X_17_grch38:TTAGGCAAGAGGGATAx,MS,A,MS121
MS121_A2__10X_17_grch38:TTATGCTCAAGCCCACx,MS,A,MS121
MS121_A2__10X_17_grch38:TTATGCTGTGATAAACx,MS,A,MS121
MS121_A2__10X_17_grch38:TTGAACGGTAGAGCTGx,MS,A,MS121
MS121_A2__10X_17_grch38:TTTGCGCGTCGATTGTx,MS,A,MS121
MS121_A2__10X_17_grch38:TTTGCGCGTCGGCATCx,MS,A,MS121
MS121_CA__10X_17_grch38:AACTCAGTCAGGTTCAx,MS,CA,MS121
MS121_CA__10X_17_grch38:ACGCCGAAGATGTGTAx,MS,CA,MS121
MS121_CA__10X_17_grch38:CCACCTAGTAGAAGGAx,MS,CA,MS121
MS121_CA__10X_17_grch38:CGTAGGCTCGCCATAAx,MS,CA,MS121
MS121_CA__10X_17_grch38:CTACACCTCACTCTTAx,MS,CA,MS121
MS121_CA__10X_17_grch38:GACGTTAAGTCTCAACx,MS,CA,MS121
MS121_CA__10X_17_grch38:GAGGTGACAGAAGCACx,MS,CA,MS121
MS121_CA__10X_17_grch38:GATGAAATCAAACCGTx,MS,CA,MS121
MS121_CA__10X_17_grch38:GCCAAATGTGATGCCCx,MS,CA,MS121
MS121_CA__10X_17_grch38:GCGAGAAAGCTCCCAGx,MS,CA,MS121
MS121_CA__10X_17_grch38:GTAGTCATCCGCATCTx,MS,CA,MS121
MS176_CA__10X_17_grch38:AGGCCGTCATATACCGx,MS,CA,MS176
MS122_A__10X_17_grch38:CGATCGGGTTCGTCTCx,MS,A,MS122
MS121_NAWM__10X_17_grch38:ACAGCCGAGCCAGTTTx,MS,NAWM,MS121
MS121_NAWM__10X_17_grch38:CGATGTAAGGTGCTTTx,MS,NAWM,MS121
MS121_NAWM__10X_17_grch38:GATGCTATCAACGGCCx,MS,NAWM,MS121
MS121_NAWM__10X_17_grch38:GGAAAGCAGCTAGCCCx,MS,NAWM,MS121
MS121_NAWM__10X_17_grch38:GTGCAGCCATATACGCx,MS,NAWM,MS121
MS121_NAWM__10X_17_grch38:TCGTAGAGTGGCAAACx,MS,NAWM,MS121
MS121_A3__10X_17_grch38:AACGTTGAGCGTTTACx,MS,A,MS121
MS121_A3__10X_17_grch38:AATCCAGCAGTATCTGx,MS,A,MS121
MS121_A3__10X_17_grch38:ACACCAAGTTCGGCACx,MS,A,MS121
MS121_A3__10X_17_grch38:ACACTGACATCGGTTAx,MS,A,MS121
MS121_A3__10X_17_grch38:ACATCAGCAAGCGTAGx,MS,A,MS121
MS121_A3__10X_17_grch38:ACGCCAGCAGCTGTATx,MS,A,MS121
MS121_A3__10X_17_grch38:ACGGAGAGTTTAGCTGx,MS,A,MS121
MS121_A3__10X_17_grch38:ACTGCTCAGTTAGCGGx,MS,A,MS121
MS121_A3__10X_17_grch38:ACTGCTCGTTTAGCTGx,MS,A,MS121
MS121_A3__10X_17_grch38:AGTAGTCCATCGATTGx,MS,A,MS121
MS121_A3__10X_17_grch38:AGTGAGGTCAAACGGGx,MS,A,MS121
MS121_A3__10X_17_grch38:ATCCACCAGCGTCAAGx,MS,A,MS121
MS121_A3__10X_17_grch38:ATGAGGGTCAGCTTAGx,MS,A,MS121
MS121_A3__10X_17_grch38:ATTGGTGCAGTCCTTCx,MS,A,MS121
MS121_A3__10X_17_grch38:ATTTCTGGTATGAATGx,MS,A,MS121
MS121_A3__10X_17_grch38:CAACCTCAGTTCCACAx,MS,A,MS121
MS121_A3__10X_17_grch38:CAAGAAACAATCAGAAx,MS,A,MS121
MS121_A3__10X_17_grch38:CACCACTCACAAGACGx,MS,A,MS121
MS121_A3__10X_17_grch38:CAGAGAGAGTGTCCCGx,MS,A,MS121
MS121_A3__10X_17_grch38:CAGTAACTCTTGGGTAx,MS,A,MS121
MS121_A3__10X_17_grch38:CATCGGGTCTCTTGATx,MS,A,MS121
MS121_A3__10X_17_grch38:CATGGCGCATCTCGCTx,MS,A,MS121
MS121_A3__10X_17_grch38:CGACTTCTCCAGGGCTx,MS,A,MS121
MS121_A3__10X_17_grch38:CGAGCACAGAATTCCCx,MS,A,MS121
MS121_A3__10X_17_grch38:CGTTGGGAGCTTATCGx,MS,A,MS121
MS121_A3__10X_17_grch38:CTCGAAAAGCTGCCCAx,MS,A,MS121
MS121_A3__10X_17_grch38:CTGATCCAGCTAACTCx,MS,A,MS121
MS121_A3__10X_17_grch38:CTGCTGTGTAGAGGAAx,MS,A,MS121
MS121_A3__10X_17_grch38:GACAGAGAGCTACCTAx,MS,A,MS121
MS121_A3__10X_17_grch38:GATTCAGCATACGCCGx,MS,A,MS121
MS121_A3__10X_17_grch38:GCAGCCACATACTACGx,MS,A,MS121
MS121_A3__10X_17_grch38:GGAAAGCAGGCACATGx,MS,A,MS121
MS121_A3__10X_17_grch38:GGACAAGTCGATGAGGx,MS,A,MS121
MS121_A3__10X_17_grch38:GGACAGAGTAATTGGAx,MS,A,MS121
MS121_A3__10X_17_grch38:GGGATGAAGGCAAAGAx,MS,A,MS121
MS121_A3__10X_17_grch38:GGTATTGGTACAGACGx,MS,A,MS121
MS121_A3__10X_17_grch38:GTAACGTCAAGGACACx,MS,A,MS121
MS121_A3__10X_17_grch38:GTGCATAAGCCGCCTAx,MS,A,MS121
MS121_A3__10X_17_grch38:TACCTATCAGCATGAGx,MS,A,MS121
MS121_A3__10X_17_grch38:TCAGCAATCTTCTGGCx,MS,A,MS121
MS121_A3__10X_17_grch38:TGCCCATGTTCGCGACx,MS,A,MS121
MS121_A3__10X_17_grch38:TTCGAAGGTGACTCATx,MS,A,MS121
MS121_A3__10X_17_grch38:TTCGGTCTCTGCCCTAx,MS,A,MS121
MS121_A3__10X_17_grch38:TTCTTAGCACTTAAGCx,MS,A,MS121
MS121_A3__10X_17_grch38:TTGCCGTAGATGTAACx,MS,A,MS121
MS121_A2__10X_17_grch38:CGATCGGCAACGCACCx,MS,A,MS121
MS121_A2__10X_17_grch38:GACCTGGCAGCTGTATx,MS,A,MS121
MS121_A2__10X_17_grch38:GGTGAAGTCAACACGTx,MS,A,MS121
MS121_A2__10X_17_grch38:TAGTGGTGTGCGGTAAx,MS,A,MS121
MS121_A2__10X_17_grch38:TATGCCCCACAGTCGCx,MS,A,MS121
MS121_CA__10X_17_grch38:AACACGTCACTACAGTx,MS,CA,MS121
MS121_CA__10X_17_grch38:AAGGAGCAGTGAATTGx,MS,CA,MS121
MS121_CA__10X_17_grch38:CCCAATCTCACCTCGTx,MS,CA,MS121
MS121_CA__10X_17_grch38:CCTACACCACTTGGATx,MS,CA,MS121
MS121_CA__10X_17_grch38:GATGCTAAGAGACTTAx,MS,CA,MS121
MS121_CA__10X_17_grch38:GGACAAGCAGGTCTCGx,MS,CA,MS121
MS176_NAWM__10X_17_grch38:GGACAAGAGCTAACAAx,MS,NAWM,MS176
MS176_NAWM__10X_17_grch38:TGGCGCACAGTCCTTCx,MS,NAWM,MS176
MS176_RM__10X_17_grch38:ACCAGTATCAGTTAGCx,MS,RM,MS176
MS176_RM__10X_17_grch38:GCGCGATTCACTCCTGx,MS,RM,MS176
MS176_CI__10X_17_056_roche_grch38_4:GTCAAGTTCAACACTGx,MS,CI,MS176
MS176_CA__10X_17_grch38:AGCGGTCAGGAATGGAx,MS,CA,MS176
MS176_CA__10X_17_grch38:AGCTCTCGTCGCGTGTx,MS,CA,MS176
MS176_CA__10X_17_grch38:CGGACACCAAGTCTACx,MS,CA,MS176
MS176_CA__10X_17_grch38:CTCGAAATCCACGCAGx,MS,CA,MS176
MS176_CA__10X_17_grch38:TTCTCAACAAACTGTCx,MS,CA,MS176
MS176_CA__10X_17_grch38:TTGGCAAAGAAGGTGAx,MS,CA,MS176
CO39__10X_17_grch38:ACGGCCAAGCATGGCAx,normal,Ctrl,CO39
CO39__10X_17_grch38:ACTGAGTGTTCTGTTTx,normal,Ctrl,CO39
CO39__10X_17_grch38:AGATTGCCAGTAGAGCx,normal,Ctrl,CO39
CO39__10X_17_grch38:ATGTGTGCAATGACCTx,normal,Ctrl,CO39
CO39__10X_17_grch38:CATGACAGTGTGCGTCx,normal,Ctrl,CO39
CO39__10X_17_grch38:CTACATTCAAGCGATGx,normal,Ctrl,CO39
CO39__10X_17_grch38:CTTCTCTCATCATCCCx,normal,Ctrl,CO39
CO39__10X_17_grch38:TACCTTAGTCCAGTGCx,normal,Ctrl,CO39
CO39__10X_17_grch38:TGAGAGGAGCCGGTAAx,normal,Ctrl,CO39
CO39__10X_17_grch38:TGTTCCGAGTGTACGGx,normal,Ctrl,CO39
MS242_CA5__10X_17_grch38:CTAGCCTAGTTTCCTTx,MS,CA,MS242
MS242_CA2__10X_17_grch38:AAAGTAGCAGGTCTCGx,MS,CA,MS242
MS242_CA2__10X_17_grch38:AACCGCGCAATCCGATx,MS,CA,MS242
MS242_CA2__10X_17_grch38:ACATCAGCACGAAATAx,MS,CA,MS242
MS242_CA2__10X_17_grch38:CAGTAACCAAAGGTGCx,MS,CA,MS242
MS242_CA2__10X_17_grch38:CGAATGTAGGATTCGGx,MS,CA,MS242
MS242_CA2__10X_17_grch38:CTACCCAGTCCGTTAAx,MS,CA,MS242
MS242_CA2__10X_17_grch38:GATCTAGTCCTTAATCx,MS,CA,MS242
MS242_CA2__10X_17_grch38:GCCAAATAGTGTCCCGx,MS,CA,MS242
MS242_CA2__10X_17_grch38:GGACGTCTCTCGAGTAx,MS,CA,MS242
MS242_CA2__10X_17_grch38:GTACGTATCAACACGTx,MS,CA,MS242
SD48/16__10X_17_grch38:AAACCTGTCTGCAAGTx,normal,Ctrl,SD48/16
SD48/16__10X_17_grch38:AAAGCAAAGCAGACTGx,normal,Ctrl,SD48/16
SD48/16__10X_17_grch38:AACGTTGAGCCTTGATx,normal,Ctrl,SD48/16
SD48/16__10X_17_grch38:AACTCAGCACCAGTTAx,normal,Ctrl,SD48/16
SD48/16__10X_17_grch38:AACTCTTGTCAGAAGCx,normal,Ctrl,SD48/16
SD48/16__10X_17_grch38:AAGGCAGGTTGTACACx,normal,Ctrl,SD48/16
SD48/16__10X_17_grch38:AAGGTTCCATGTCGATx,normal,Ctrl,SD48/16
SD48/16__10X_17_grch38:ACGCCGAGTACTTCTTx,normal,Ctrl,SD48/16
SD48/16__10X_17_grch38:ACTATCTTCTCAAACGx,normal,Ctrl,SD48/16
SD48/16__10X_17_grch38:AGCTCCTAGAGGTTGCx,normal,Ctrl,SD48/16
SD48/16__10X_17_grch38:AGGGAGTCACTAGTACx,normal,Ctrl,SD48/16
SD48/16__10X_17_grch38:ATGAGGGAGTTACCCAx,normal,Ctrl,SD48/16
SD48/16__10X_17_grch38:ATGAGGGGTGAGTGACx,normal,Ctrl,SD48/16
SD48/16__10X_17_grch38:ATGCGATTCGTGGTCGx,normal,Ctrl,SD48/16
SD48/16__10X_17_grch38:CACAGGCCAAAGGAAGx,normal,Ctrl,SD48/16
SD48/16__10X_17_grch38:CACAGTAGTCATACTGx,normal,Ctrl,SD48/16
SD48/16__10X_17_grch38:CACTCCACAATCGGTTx,normal,Ctrl,SD48/16
SD48/16__10X_17_grch38:CCATTCGCACGGTGTCx,normal,Ctrl,SD48/16
SD48/16__10X_17_grch38:CCCATACTCAGCACATx,normal,Ctrl,SD48/16
SD48/16__10X_17_grch38:CCTACCAGTAACGACGx,normal,Ctrl,SD48/16
SD48/16__10X_17_grch38:CCTACCATCCTATTCAx,normal,Ctrl,SD48/16
SD48/16__10X_17_grch38:CCTTCCCGTGTGAAATx,normal,Ctrl,SD48/16
SD48/16__10X_17_grch38:CGAATGTGTTTCGCTCx,normal,Ctrl,SD48/16
SD48/16__10X_17_grch38:CGAGCCATCTTCGGTCx,normal,Ctrl,SD48/16
SD48/16__10X_17_grch38:CGATTGATCAAGAAGTx,normal,Ctrl,SD48/16
SD48/16__10X_17_grch38:CGCCAAGTCTGGTATGx,normal,Ctrl,SD48/16
SD48/16__10X_17_grch38:CGGACTGCACACAGAGx,normal,Ctrl,SD48/16
SD48/16__10X_17_grch38:CGGGTCACAATGAAACx,normal,Ctrl,SD48/16
SD48/16__10X_17_grch38:CGGGTCATCCGTCAAAx,normal,Ctrl,SD48/16
SD48/16__10X_17_grch38:CGTCAGGTCACGCATAx,normal,Ctrl,SD48/16
SD48/16__10X_17_grch38:CTACGTCCATCAGTCAx,normal,Ctrl,SD48/16
SD48/16__10X_17_grch38:CTCAGAACATTATCTCx,normal,Ctrl,SD48/16
SD48/16__10X_17_grch38:GAACATCTCCAATGGTx,normal,Ctrl,SD48/16
SD48/16__10X_17_grch38:GAACGGAAGAACTCGGx,normal,Ctrl,SD48/16
SD48/16__10X_17_grch38:GAAGCAGCACCAGATTx,normal,Ctrl,SD48/16
SD48/16__10X_17_grch38:GACGGCTGTTTGACTGx,normal,Ctrl,SD48/16
SD48/16__10X_17_grch38:GATGAAACACAACTGTx,normal,Ctrl,SD48/16
SD48/16__10X_17_grch38:GATTCAGAGCCAGTAGx,normal,Ctrl,SD48/16
SD48/16__10X_17_grch38:GCAGCCAAGCTTCGCGx,normal,Ctrl,SD48/16
SD48/16__10X_17_grch38:GCAGTTAGTCTCAACAx,normal,Ctrl,SD48/16
SD48/16__10X_17_grch38:GCTCCTATCAAGGCTTx,normal,Ctrl,SD48/16
SD48/16__10X_17_grch38:GGAACTTTCTACTCATx,normal,Ctrl,SD48/16
SD48/16__10X_17_grch38:GGAATAAAGCTGCAAGx,normal,Ctrl,SD48/16
SD48/16__10X_17_grch38:GGTGTTATCCTATTCAx,normal,Ctrl,SD48/16
SD48/16__10X_17_grch38:GTAACTGGTCATTAGCx,normal,Ctrl,SD48/16
SD48/16__10X_17_grch38:GTCGTAAAGTGCGATGx,normal,Ctrl,SD48/16
SD48/16__10X_17_grch38:GTCTCGTCAGCGTCCAx,normal,Ctrl,SD48/16
SD48/16__10X_17_grch38:GTGCATACAGCCTTGGx,normal,Ctrl,SD48/16
SD48/16__10X_17_grch38:GTGCATATCCTTTCTCx,normal,Ctrl,SD48/16
SD48/16__10X_17_grch38:GTTCGGGTCAAGAAGTx,normal,Ctrl,SD48/16
SD48/16__10X_17_grch38:TACGGTATCATCACCCx,normal,Ctrl,SD48/16
SD48/16__10X_17_grch38:TACTTGTAGCCCTAATx,normal,Ctrl,SD48/16
SD48/16__10X_17_grch38:TAGTGGTAGGTTACCTx,normal,Ctrl,SD48/16
SD48/16__10X_17_grch38:TCAGGTATCGGACAAGx,normal,Ctrl,SD48/16
SD48/16__10X_17_grch38:TCATTACAGCGTCTATx,normal,Ctrl,SD48/16
SD48/16__10X_17_grch38:TCGAGGCCAGATGGCAx,normal,Ctrl,SD48/16
SD48/16__10X_17_grch38:TCGGTAAGTATAGGGCx,normal,Ctrl,SD48/16
SD48/16__10X_17_grch38:TCGTACCAGTAGCGGTx,normal,Ctrl,SD48/16
SD48/16__10X_17_grch38:TGAAAGATCACAGTACx,normal,Ctrl,SD48/16
SD48/16__10X_17_grch38:TGAGGGAGTCTCTCTGx,normal,Ctrl,SD48/16
SD48/16__10X_17_grch38:TGCACCTAGACCGGATx,normal,Ctrl,SD48/16
SD48/16__10X_17_grch38:TGCACCTAGCGGATCAx,normal,Ctrl,SD48/16
SD48/16__10X_17_grch38:TGCGGGTCAAGCGAGTx,normal,Ctrl,SD48/16
SD48/16__10X_17_grch38:TGCGTGGTCATCTGCCx,normal,Ctrl,SD48/16
SD48/16__10X_17_grch38:TGTGGTACACTTACGAx,normal,Ctrl,SD48/16
SD48/16__10X_17_grch38:TTGACTTCATGCTAGTx,normal,Ctrl,SD48/16
SD48/16__10X_17_grch38:TTGCCGTAGGCCCTCAx,normal,Ctrl,SD48/16
SD48/16__10X_17_grch38:TTGCGTCCAGGGATTGx,normal,Ctrl,SD48/16
MS122_NAWM__10X_17_grch38:ACGGCCATCAGCTTAGx,MS,NAWM,MS122
MS122_NAWM__10X_17_grch38:TACCTATGTCTCTTTAx,MS,NAWM,MS122
MS122_NAWM__10X_17_grch38:TGCCAAATCGAATGCTx,MS,NAWM,MS122
MS122_CI__10X_17_grch38:AAAGCAAAGACTAAGTx,MS,CI,MS122
MS122_CI__10X_17_grch38:AAGACCTGTCTTGTCCx,MS,CI,MS122
MS122_CI__10X_17_grch38:AATCCAGAGGTAGCCAx,MS,CI,MS122
MS122_CI__10X_17_grch38:ACCCACTCATACAGCTx,MS,CI,MS122
MS122_CI__10X_17_grch38:AGATCTGTCAGCTCTCx,MS,CI,MS122
MS122_CI__10X_17_grch38:AGCATACTCATTTGGGx,MS,CI,MS122
MS122_CI__10X_17_grch38:AGCTCTCTCGTTGCCTx,MS,CI,MS122
MS122_CI__10X_17_grch38:ATTACTCAGACAAAGGx,MS,CI,MS122
MS122_CI__10X_17_grch38:CAAGGCCAGTCGAGTGx,MS,CI,MS122
MS122_CI__10X_17_grch38:CAGTAACGTAACGACGx,MS,CI,MS122
MS122_CI__10X_17_grch38:CATCCACAGCTAGCCCx,MS,CI,MS122
MS122_CI__10X_17_grch38:CGAACATAGGATGGAAx,MS,CI,MS122
MS122_CI__10X_17_grch38:CGTCACTCACCTGGTGx,MS,CI,MS122
MS122_CI__10X_17_grch38:CGTCAGGCATGTCCTCx,MS,CI,MS122
MS122_CI__10X_17_grch38:CGTGTAAAGGTCATCTx,MS,CI,MS122
MS122_CI__10X_17_grch38:CTGTTTAGTACAAGTAx,MS,CI,MS122
MS122_CI__10X_17_grch38:GAATAAGGTACCGGCTx,MS,CI,MS122
MS122_CI__10X_17_grch38:GATCAGTGTACCATCAx,MS,CI,MS122
MS122_CI__10X_17_grch38:GCGCCAATCCGCGTTTx,MS,CI,MS122
MS122_CI__10X_17_grch38:GCTGCGAGTTCTGGTAx,MS,CI,MS122
MS122_CI__10X_17_grch38:GCTTCCACAATGGAATx,MS,CI,MS122
MS122_CI__10X_17_grch38:GGGAGATAGTCGTTTGx,MS,CI,MS122
MS122_CI__10X_17_grch38:GTAACGTTCGTTGCCTx,MS,CI,MS122
MS122_CI__10X_17_grch38:TACAGTGCAAGCTGAGx,MS,CI,MS122
MS122_CI__10X_17_grch38:TAGGCATGTGTTCTTTx,MS,CI,MS122
MS122_CI__10X_17_grch38:TCGTAGATCGGTGTTAx,MS,CI,MS122
MS122_CI__10X_17_grch38:TGAAAGAGTACATCCAx,MS,CI,MS122
MS122_CI__10X_17_grch38:TGAGCATCACCATGTAx,MS,CI,MS122
MS122_CI__10X_17_grch38:TGCGCAGTCTGCCAGGx,MS,CI,MS122
MS122_CI__10X_17_grch38:TGTCCCACATCGACGCx,MS,CI,MS122
MS122_CI__10X_17_grch38:TTAGGACTCAACACACx,MS,CI,MS122
MS122_A__10X_17_grch38:AACTCCCGTTCAGACTx,MS,A,MS122
MS122_A__10X_17_grch38:AACTGGTGTGCTGTATx,MS,A,MS122
MS122_A__10X_17_grch38:ACGGGCTCATGGAATAx,MS,A,MS122
MS122_A__10X_17_grch38:CACCACTTCACATACGx,MS,A,MS122
MS122_A__10X_17_grch38:CAGCATAGTGTCCTCTx,MS,A,MS122
MS122_A__10X_17_grch38:CAGGTGCCATGCCCGAx,MS,A,MS122
MS122_A__10X_17_grch38:CCTATTAAGCGTCTATx,MS,A,MS122
MS122_A__10X_17_grch38:CTCATTACATGAACCTx,MS,A,MS122
MS122_A__10X_17_grch38:CTCTAATGTAAGTTCCx,MS,A,MS122
MS122_A__10X_17_grch38:CTGATAGAGTACGATAx,MS,A,MS122
MS122_A__10X_17_grch38:CTGATCCGTAGAAAGGx,MS,A,MS122
MS122_A__10X_17_grch38:CTGTTTAGTAGTACCTx,MS,A,MS122
MS122_A__10X_17_grch38:GAACATCGTATTCGTGx,MS,A,MS122
MS122_A__10X_17_grch38:GATTCAGGTCATGCCGx,MS,A,MS122
MS122_A__10X_17_grch38:GCATACACACGTCTCTx,MS,A,MS122
MS122_A__10X_17_grch38:GCCAAATTCGAACTGTx,MS,A,MS122
MS122_A__10X_17_grch38:GCGAGAACAAGTCATCx,MS,A,MS122
MS122_A__10X_17_grch38:GCGCAACTCAGAGCTTx,MS,A,MS122
MS122_A__10X_17_grch38:GCTGCTTGTGACCAAGx,MS,A,MS122
MS122_A__10X_17_grch38:GTAACTGGTAAGTTCCx,MS,A,MS122
MS122_A__10X_17_grch38:GTATCTTCACGGCTACx,MS,A,MS122
MS122_A__10X_17_grch38:GTTCATTCACGGTAGAx,MS,A,MS122
MS122_A__10X_17_grch38:TACTTGTTCCACGAATx,MS,A,MS122
MS122_A__10X_17_grch38:TAGTGGTGTGGTGTAGx,MS,A,MS122
MS122_A__10X_17_grch38:TCAGGTACACGGTAGAx,MS,A,MS122
MS122_A__10X_17_grch38:TCATTTGCACTGTCGGx,MS,A,MS122
MS122_A__10X_17_grch38:TCCCGATTCAAACGGGx,MS,A,MS122
MS122_A__10X_17_grch38:TGAAAGACAACAACCTx,MS,A,MS122
MS122_A__10X_17_grch38:TTCTCCTCAGTCACTAx,MS,A,MS122
MS122_A__10X_17_grch38:TTGAACGCAATCGGTTx,MS,A,MS122
MS122_A__10X_17_grch38:TTTACTGAGCTACCTAx,MS,A,MS122
MS121_NAWM__10X_17_grch38:AACTGGTCAAGTAGTAx,MS,NAWM,MS121
MS121_NAWM__10X_17_grch38:AAGGAGCGTTCTCATTx,MS,NAWM,MS121
MS121_NAWM__10X_17_grch38:ACACTGAAGTGTTTGCx,MS,NAWM,MS121
MS121_NAWM__10X_17_grch38:ACGAGCCTCACATACGx,MS,NAWM,MS121
MS121_NAWM__10X_17_grch38:ACTGAACAGCAGCGTAx,MS,NAWM,MS121
MS121_NAWM__10X_17_grch38:ACTGAGTAGACAAGCCx,MS,NAWM,MS121
MS121_NAWM__10X_17_grch38:AGAATAGTCGTCTGCTx,MS,NAWM,MS121
MS121_NAWM__10X_17_grch38:AGATCTGGTCCTCCATx,MS,NAWM,MS121
MS121_NAWM__10X_17_grch38:AGCGTATGTACGCTGCx,MS,NAWM,MS121
MS121_NAWM__10X_17_grch38:AGCTTGATCGGAATCTx,MS,NAWM,MS121
MS121_NAWM__10X_17_grch38:AGTGGGACATCGATTGx,MS,NAWM,MS121
MS121_NAWM__10X_17_grch38:AGTGGGAGTTAAGAACx,MS,NAWM,MS121
MS121_NAWM__10X_17_grch38:AGTGTCAGTGACTACTx,MS,NAWM,MS121
MS121_NAWM__10X_17_grch38:ATCACGATCGTCACGGx,MS,NAWM,MS121
MS121_NAWM__10X_17_grch38:CACAAACTCGATCCCTx,MS,NAWM,MS121
MS121_NAWM__10X_17_grch38:CACATAGAGTCTCCTCx,MS,NAWM,MS121
MS121_NAWM__10X_17_grch38:CAGCATAGTCTAGGTTx,MS,NAWM,MS121
MS121_NAWM__10X_17_grch38:CATCCACGTAGCCTCGx,MS,NAWM,MS121
MS121_NAWM__10X_17_grch38:CATCCACGTCGAATCTx,MS,NAWM,MS121
MS121_NAWM__10X_17_grch38:CATCGAATCCGCATCTx,MS,NAWM,MS121
MS121_NAWM__10X_17_grch38:CCACGGACAGGAATGCx,MS,NAWM,MS121
MS121_NAWM__10X_17_grch38:CCGTGGACATGTTGACx,MS,NAWM,MS121
MS121_NAWM__10X_17_grch38:CGAGCCATCGATCCCTx,MS,NAWM,MS121
MS121_NAWM__10X_17_grch38:CGCGGTAGTTGTGGCCx,MS,NAWM,MS121
MS121_NAWM__10X_17_grch38:CGTCCATAGACTAGGCx,MS,NAWM,MS121
MS121_NAWM__10X_17_grch38:CTACATTAGGCACATGx,MS,NAWM,MS121
MS121_NAWM__10X_17_grch38:GAACATCAGCGTTGCCx,MS,NAWM,MS121
MS121_NAWM__10X_17_grch38:GAAGCAGCACTGTCGGx,MS,NAWM,MS121
MS121_NAWM__10X_17_grch38:GACGTGCGTGCCTTGGx,MS,NAWM,MS121
MS121_NAWM__10X_17_grch38:GACGTTAAGCTCTCGGx,MS,NAWM,MS121
MS121_NAWM__10X_17_grch38:GATGAAAGTCGGGTCTx,MS,NAWM,MS121
MS121_NAWM__10X_17_grch38:GCAGTTAAGTCGCCGTx,MS,NAWM,MS121
MS121_NAWM__10X_17_grch38:GCTGCAGCATACGCCGx,MS,NAWM,MS121
MS121_NAWM__10X_17_grch38:GCTGGGTTCGCGGATCx,MS,NAWM,MS121
MS121_NAWM__10X_17_grch38:GGACGTCGTGCATCTAx,MS,NAWM,MS121
MS121_NAWM__10X_17_grch38:GGCGACTTCAGGTAAAx,MS,NAWM,MS121
MS121_NAWM__10X_17_grch38:GGGCACTTCGCCAAATx,MS,NAWM,MS121
MS121_NAWM__10X_17_grch38:GGTGTTAAGGTCGGATx,MS,NAWM,MS121
MS121_NAWM__10X_17_grch38:GTCAAGTTCGAATCCAx,MS,NAWM,MS121
MS121_NAWM__10X_17_grch38:GTCTTCGGTTAAGAACx,MS,NAWM,MS121
MS121_NAWM__10X_17_grch38:GTTCGGGGTACCATCAx,MS,NAWM,MS121
MS121_NAWM__10X_17_grch38:TACCTATTCAGGATCTx,MS,NAWM,MS121
MS121_NAWM__10X_17_grch38:TACGGATCATCGATTGx,MS,NAWM,MS121
MS121_NAWM__10X_17_grch38:TACGGATGTGCAACGAx,MS,NAWM,MS121
MS121_NAWM__10X_17_grch38:TATCTCACAGACAAATx,MS,NAWM,MS121
MS121_NAWM__10X_17_grch38:TCAGATGTCATAGCACx,MS,NAWM,MS121
MS121_NAWM__10X_17_grch38:TCATTACCATTCTTACx,MS,NAWM,MS121
MS121_NAWM__10X_17_grch38:TCGCGAGAGCATGGCAx,MS,NAWM,MS121
MS121_NAWM__10X_17_grch38:TCGTAGAGTCGCGTGTx,MS,NAWM,MS121
MS121_NAWM__10X_17_grch38:TTAACTCTCTGGTTCCx,MS,NAWM,MS121
MS121_NAWM__10X_17_grch38:TTGAACGTCCCGGATGx,MS,NAWM,MS121
MS121_NAWM__10X_17_grch38:TTTGCGCAGCTACCTAx,MS,NAWM,MS121
MS121_A3__10X_17_grch38:AAAGCAACATGGGAACx,MS,A,MS121
MS121_A3__10X_17_grch38:AAATGCCTCATGGTCAx,MS,A,MS121
MS121_A3__10X_17_grch38:AACTCAGAGCACGCCTx,MS,A,MS121
MS121_A3__10X_17_grch38:ACACTGACACGCTTTCx,MS,A,MS121
MS121_A3__10X_17_grch38:ACAGCCGGTCAACTGTx,MS,A,MS121
MS121_A3__10X_17_grch38:ACATACGGTGATGATAx,MS,A,MS121
MS121_A3__10X_17_grch38:ACATGGTGTTTGACACx,MS,A,MS121
MS121_A3__10X_17_grch38:ACGAGCCCAAGAGTCGx,MS,A,MS121
MS121_A3__10X_17_grch38:ACGCCAGCAAACTGTCx,MS,A,MS121
MS121_A3__10X_17_grch38:ACGGGTCGTTGCGCACx,MS,A,MS121
MS121_A3__10X_17_grch38:ACTGATGGTCGCGAAAx,MS,A,MS121
MS121_A3__10X_17_grch38:ACTGTCCCAAACAACAx,MS,A,MS121
MS121_A3__10X_17_grch38:ACTTTCATCGACCAGCx,MS,A,MS121
MS121_A3__10X_17_grch38:AGACGTTGTTATCACGx,MS,A,MS121
MS121_A3__10X_17_grch38:AGAGCTTCATCCGGGTx,MS,A,MS121
MS121_A3__10X_17_grch38:AGGGTGACAGACGCCTx,MS,A,MS121
MS121_A3__10X_17_grch38:ATTACTCTCATATCGGx,MS,A,MS121
MS121_A3__10X_17_grch38:CAAGAAAGTGTCTGATx,MS,A,MS121
MS121_A3__10X_17_grch38:CAAGTTGCACTGAAGGx,MS,A,MS121
MS121_A3__10X_17_grch38:CAAGTTGTCTCGGACGx,MS,A,MS121
MS121_A3__10X_17_grch38:CAGGTGCCAGCGTTCGx,MS,A,MS121
MS121_A3__10X_17_grch38:CATGCCTGTCAACATCx,MS,A,MS121
MS121_A3__10X_17_grch38:CCATGTCCAGTCGTGCx,MS,A,MS121
MS121_A3__10X_17_grch38:CCTAGCTTCCGTCAAAx,MS,A,MS121
MS121_A3__10X_17_grch38:CCTTTCTAGATACACAx,MS,A,MS121
MS121_A3__10X_17_grch38:CGAACATCATCAGTCAx,MS,A,MS121
MS121_A3__10X_17_grch38:CGAATGTAGAATAGGGx,MS,A,MS121
MS121_A3__10X_17_grch38:CGAATGTAGACCCACCx,MS,A,MS121
MS121_A3__10X_17_grch38:CGACTTCTCTTCGAGAx,MS,A,MS121
MS121_A3__10X_17_grch38:CGATGGCCACAACGCCx,MS,A,MS121
MS121_A3__10X_17_grch38:CGATGTAAGATCCTGTx,MS,A,MS121
MS121_A3__10X_17_grch38:CGATGTAAGCAGATCGx,MS,A,MS121
MS121_A3__10X_17_grch38:CGATGTATCTTTCCTCx,MS,A,MS121
MS121_A3__10X_17_grch38:CGTAGCGGTGTGTGCCx,MS,A,MS121
MS121_A3__10X_17_grch38:CGTAGGCCATATACCGx,MS,A,MS121
MS121_A3__10X_17_grch38:CGTTCTGGTAAGTTCCx,MS,A,MS121
MS121_A3__10X_17_grch38:CTACATTGTCTTGTCCx,MS,A,MS121
MS121_A3__10X_17_grch38:CTCCTAGCAATAACGAx,MS,A,MS121
MS121_A3__10X_17_grch38:CTCGAGGCAATGGTCTx,MS,A,MS121
MS121_A3__10X_17_grch38:CTCGTCACACATTTCTx,MS,A,MS121
MS121_A3__10X_17_grch38:CTGGTCTAGTGTTTGCx,MS,A,MS121
MS121_A3__10X_17_grch38:GAAATGACAGAAGCACx,MS,A,MS121
MS121_A3__10X_17_grch38:GAAATGAGTCGAACAGx,MS,A,MS121
MS121_A3__10X_17_grch38:GAAGCAGTCCTCCTAGx,MS,A,MS121
MS121_A3__10X_17_grch38:GACAGAGCAAACCTACx,MS,A,MS121
MS121_A3__10X_17_grch38:GACCTGGGTTATTCTCx,MS,A,MS121
MS121_A3__10X_17_grch38:GATCGCGTCCGTCAAAx,MS,A,MS121
MS121_A3__10X_17_grch38:GATGAAAAGTAAGTACx,MS,A,MS121
MS121_A3__10X_17_grch38:GCAAACTAGTGCGTGAx,MS,A,MS121
MS121_A3__10X_17_grch38:GCAAACTTCACGACTAx,MS,A,MS121
MS121_A3__10X_17_grch38:GCAATCAAGCCAGTTTx,MS,A,MS121
MS121_A3__10X_17_grch38:GCATACACAAGTTGTCx,MS,A,MS121
MS121_A3__10X_17_grch38:GCCAAATAGCGAAGGGx,MS,A,MS121
MS121_A3__10X_17_grch38:GCGAGAACAACGCACCx,MS,A,MS121
MS121_A3__10X_17_grch38:GCGCGATGTTCACCTCx,MS,A,MS121
MS121_A3__10X_17_grch38:GGACAAGGTGTTGGGAx,MS,A,MS121
MS121_A3__10X_17_grch38:GGACATTCACCACGTGx,MS,A,MS121
MS121_A3__10X_17_grch38:GGACGTCAGGAATCGCx,MS,A,MS121
MS121_A3__10X_17_grch38:GGACGTCGTTAAGGGCx,MS,A,MS121
MS121_A3__10X_17_grch38:GGCAATTAGCTGCGAAx,MS,A,MS121
MS121_A3__10X_17_grch38:GGCTCGAGTGATGCCCx,MS,A,MS121
MS121_A3__10X_17_grch38:GGGATGAGTTTGTTTCx,MS,A,MS121
MS121_A3__10X_17_grch38:GGTGCGTCATACGCTAx,MS,A,MS121
MS121_A3__10X_17_grch38:GTACGTAAGAGGGATAx,MS,A,MS121
MS121_A3__10X_17_grch38:GTATCTTGTGCAGTAGx,MS,A,MS121
MS121_A3__10X_17_grch38:GTATCTTTCCTGCAGGx,MS,A,MS121
MS121_A3__10X_17_grch38:GTCAAGTAGATTACCCx,MS,A,MS121
MS121_A3__10X_17_grch38:GTCACAATCGGCGCTAx,MS,A,MS121
MS121_A3__10X_17_grch38:GTCGTAATCATAAAGGx,MS,A,MS121
MS121_A3__10X_17_grch38:GTTAAGCAGGGAACGGx,MS,A,MS121
MS121_A3__10X_17_grch38:TAAGCGTAGATATACGx,MS,A,MS121
MS121_A3__10X_17_grch38:TACCTATTCAGCCTAAx,MS,A,MS121
MS121_A3__10X_17_grch38:TACTTACCAAAGTGCGx,MS,A,MS121
MS121_A3__10X_17_grch38:TATGCCCGTCTCTTATx,MS,A,MS121
MS121_A3__10X_17_grch38:TATTACCCACACTGCGx,MS,A,MS121
MS121_A3__10X_17_grch38:TCATTACTCAACACGTx,MS,A,MS121
MS121_A3__10X_17_grch38:TCCACACGTACATGTCx,MS,A,MS121
MS121_A3__10X_17_grch38:TCGTACCGTTCTGGTAx,MS,A,MS121
MS121_A3__10X_17_grch38:TCTGGAAAGGGCATGTx,MS,A,MS121
MS121_A3__10X_17_grch38:TGACGGCCAGACGCCTx,MS,A,MS121
MS121_A3__10X_17_grch38:TGACTAGAGGTGCTTTx,MS,A,MS121
MS121_A3__10X_17_grch38:TGCTACCTCGGAATCTx,MS,A,MS121
MS121_A3__10X_17_grch38:TGCTGCTGTATCTGCAx,MS,A,MS121
MS121_A3__10X_17_grch38:TGGCTGGCAAACCTACx,MS,A,MS121
MS121_A3__10X_17_grch38:TGGTTAGCAGGTTTCAx,MS,A,MS121
MS121_A3__10X_17_grch38:TGTATTCAGAGCTATAx,MS,A,MS121
MS121_A3__10X_17_grch38:TTCTCAATCACAGTACx,MS,A,MS121
MS121_A3__10X_17_grch38:TTCTCCTAGCTGATAAx,MS,A,MS121
MS121_A3__10X_17_grch38:TTTACTGTCATAAAGGx,MS,A,MS121
MS121_A3__10X_17_grch38:TTTCCTCTCGGTGTTAx,MS,A,MS121
MS121_A3__10X_17_grch38:TTTGGTTAGGGCTCTCx,MS,A,MS121
MS121_A2__10X_17_grch38:AAAGCAACATGAGCGAx,MS,A,MS121
MS121_A2__10X_17_grch38:AACTCCCTCAAACGGGx,MS,A,MS121
MS121_A2__10X_17_grch38:ACACCCTGTCCGAAGAx,MS,A,MS121
MS121_A2__10X_17_grch38:ACATCAGTCGGTTCGGx,MS,A,MS121
MS121_A2__10X_17_grch38:ACCGTAAAGAAGGTTTx,MS,A,MS121
MS121_A2__10X_17_grch38:ACGTCAAGTTCGCGACx,MS,A,MS121
MS121_A2__10X_17_grch38:ACTATCTAGGCGTACAx,MS,A,MS121
MS121_A2__10X_17_grch38:ACTGTCCTCTCTAAGGx,MS,A,MS121
MS121_A2__10X_17_grch38:AGAGCTTAGTCTCCTCx,MS,A,MS121
MS121_A2__10X_17_grch38:AGATTGCAGTACTTGCx,MS,A,MS121
MS121_A2__10X_17_grch38:AGATTGCGTATAATGGx,MS,A,MS121
MS121_A2__10X_17_grch38:AGCGGTCCACCAGTTAx,MS,A,MS121
MS121_A2__10X_17_grch38:ATAAGAGAGACGCAACx,MS,A,MS121
MS121_A2__10X_17_grch38:ATAGACCAGTCAAGGCx,MS,A,MS121
MS121_A2__10X_17_grch38:ATAGACCGTCCATGATx,MS,A,MS121
MS121_A2__10X_17_grch38:ATCCACCCAGCCAATTx,MS,A,MS121
MS121_A2__10X_17_grch38:ATCTGCCTCAGTCCCTx,MS,A,MS121
MS121_A2__10X_17_grch38:ATTATCCAGCCTCGTGx,MS,A,MS121
MS121_A2__10X_17_grch38:ATTGGTGGTAGCTCCGx,MS,A,MS121
MS121_A2__10X_17_grch38:CAACTAGTCATGTGGTx,MS,A,MS121
MS121_A2__10X_17_grch38:CACACAATCAACGCTAx,MS,A,MS121
MS121_A2__10X_17_grch38:CACATAGAGCCCAACCx,MS,A,MS121
MS121_A2__10X_17_grch38:CACCAGGCATCACCCTx,MS,A,MS121
MS121_A2__10X_17_grch38:CACCAGGGTCAATGTCx,MS,A,MS121
MS121_A2__10X_17_grch38:CACTCCAGTCCCGACAx,MS,A,MS121
MS121_A2__10X_17_grch38:CAGTAACTCAGTCAGTx,MS,A,MS121
MS121_A2__10X_17_grch38:CCATGTCAGATACACAx,MS,A,MS121
MS121_A2__10X_17_grch38:CCCTCCTGTCGACTATx,MS,A,MS121
MS121_A2__10X_17_grch38:CCTTTCTGTCAATGTCx,MS,A,MS121
MS121_A2__10X_17_grch38:CGAGCCAGTTTAGCTGx,MS,A,MS121
MS121_A2__10X_17_grch38:CGAGCCATCGAACTGTx,MS,A,MS121
MS121_A2__10X_17_grch38:CGATCGGTCAGGCGAAx,MS,A,MS121
MS121_A2__10X_17_grch38:CGATGGCTCTCTGCTGx,MS,A,MS121
MS121_A2__10X_17_grch38:CGCGTTTCACAGACTTx,MS,A,MS121
MS121_A2__10X_17_grch38:CGCTGGACAGGAACGTx,MS,A,MS121
MS121_A2__10X_17_grch38:CGGACTGTCAATCTCTx,MS,A,MS121
MS121_A2__10X_17_grch38:CGGAGCTAGCCACGTCx,MS,A,MS121
MS121_A2__10X_17_grch38:CGTTAGACATGGAATAx,MS,A,MS121
MS121_A2__10X_17_grch38:CGTTGGGTCATGTCTTx,MS,A,MS121
MS121_A2__10X_17_grch38:CTAAGACAGCGTGTCCx,MS,A,MS121
MS121_A2__10X_17_grch38:CTCATTACAGACAAGCx,MS,A,MS121
MS121_A2__10X_17_grch38:CTCTGGTTCCGCATCTx,MS,A,MS121
MS121_A2__10X_17_grch38:CTGAAACCATGTTGACx,MS,A,MS121
MS121_A2__10X_17_grch38:CTGATCCGTATGAAACx,MS,A,MS121
MS121_A2__10X_17_grch38:CTTCTCTAGCTAGTTCx,MS,A,MS121
MS121_A2__10X_17_grch38:GAAATGAGTGACTACTx,MS,A,MS121
MS121_A2__10X_17_grch38:GACGCGTAGAGGGCTTx,MS,A,MS121
MS121_A2__10X_17_grch38:GACGCGTTCCCTAATTx,MS,A,MS121
MS121_A2__10X_17_grch38:GACGTTATCGTCACGGx,MS,A,MS121
MS121_A2__10X_17_grch38:GATCGATCACAGACTTx,MS,A,MS121
MS121_A2__10X_17_grch38:GATGAAACACCCATTCx,MS,A,MS121
MS121_A2__10X_17_grch38:GCAATCATCAGTCAGTx,MS,A,MS121
MS121_A2__10X_17_grch38:GCAGTTACACGGTGTCx,MS,A,MS121
MS121_A2__10X_17_grch38:GCATGCGGTCGCCATGx,MS,A,MS121
MS121_A2__10X_17_grch38:GCGACCATCGCGGATCx,MS,A,MS121
MS121_A2__10X_17_grch38:GCGAGAAAGTCTTGCAx,MS,A,MS121
MS121_A2__10X_17_grch38:GCGAGAAGTTCCGGCAx,MS,A,MS121
MS121_A2__10X_17_grch38:GCTCCTATCGTTGCCTx,MS,A,MS121
MS121_A2__10X_17_grch38:GCTGCAGGTAAGTTCCx,MS,A,MS121
MS121_A2__10X_17_grch38:GGAATAAGTTATGTGCx,MS,A,MS121
MS121_A2__10X_17_grch38:GTACTTTCACCACGTGx,MS,A,MS121
MS121_A2__10X_17_grch38:GTACTTTTCGCCAGCAx,MS,A,MS121
MS121_A2__10X_17_grch38:GTATTCTGTCGCCATGx,MS,A,MS121
MS121_A2__10X_17_grch38:GTCAAGTCATCTATGGx,MS,A,MS121
MS121_A2__10X_17_grch38:GTCAAGTTCCTAGAACx,MS,A,MS121
MS121_A2__10X_17_grch38:GTCACGGTCGCAAACTx,MS,A,MS121
MS121_A2__10X_17_grch38:GTCGTAAGTTATGTGCx,MS,A,MS121
MS121_A2__10X_17_grch38:GTGTGCGTCATGCATGx,MS,A,MS121
MS121_A2__10X_17_grch38:GTTAAGCGTTATCACGx,MS,A,MS121
MS121_A2__10X_17_grch38:GTTCATTAGCTGTCTAx,MS,A,MS121
MS121_A2__10X_17_grch38:TACGGGCCATCGATTGx,MS,A,MS121
MS121_A2__10X_17_grch38:TACTTGTGTTAGAACAx,MS,A,MS121
MS121_A2__10X_17_grch38:TAGGCATCACGCATCGx,MS,A,MS121
MS121_A2__10X_17_grch38:TCGCGTTGTAACGCGAx,MS,A,MS121
MS121_A2__10X_17_grch38:TCGGTAAAGGACTGGTx,MS,A,MS121
MS121_A2__10X_17_grch38:TCTCATAGTCGGATCCx,MS,A,MS121
MS121_A2__10X_17_grch38:TCTCTAACATACTACGx,MS,A,MS121
MS121_A2__10X_17_grch38:TCTGAGAGTATAATGGx,MS,A,MS121
MS121_A2__10X_17_grch38:TGAGCATAGAAGGGTAx,MS,A,MS121
MS121_A2__10X_17_grch38:TGAGCATCACGACGAAx,MS,A,MS121
MS121_A2__10X_17_grch38:TGGACGCAGCTCCTCTx,MS,A,MS121
MS121_A2__10X_17_grch38:TGGCGCACATCACGTAx,MS,A,MS121
MS121_A2__10X_17_grch38:TGGCTGGCAATGAATGx,MS,A,MS121
MS121_A2__10X_17_grch38:TGTATTCAGAAGGCCTx,MS,A,MS121
MS121_A2__10X_17_grch38:TGTGTTTGTGTGACCCx,MS,A,MS121
MS121_A2__10X_17_grch38:TGTTCCGCATTACCTTx,MS,A,MS121
MS121_A2__10X_17_grch38:TTAGGACTCGCTAGCGx,MS,A,MS121
MS121_A2__10X_17_grch38:TTATGCTCAGTCACTAx,MS,A,MS121
MS121_A2__10X_17_grch38:TTCCCAGAGATCGATAx,MS,A,MS121
MS121_A2__10X_17_grch38:TTCCCAGCATACAGCTx,MS,A,MS121
MS121_A2__10X_17_grch38:TTCGGTCAGAACTCGGx,MS,A,MS121
MS121_A2__10X_17_grch38:TTCTCAAGTCTCTTATx,MS,A,MS121
MS121_A2__10X_17_grch38:TTCTCCTTCGGTTCGGx,MS,A,MS121
MS121_A2__10X_17_grch38:TTGGCAACATGCCTAAx,MS,A,MS121
MS121_A2__10X_17_grch38:TTTACTGAGGCATGTGx,MS,A,MS121
MS121_A2__10X_17_grch38:TTTATGCCACGCGAAAx,MS,A,MS121
MS121_CA__10X_17_grch38:AAACGGGCATGGATGGx,MS,CA,MS121
MS121_CA__10X_17_grch38:AACTCTTCACTGCCAGx,MS,CA,MS121
MS121_CA__10X_17_grch38:ACACCAACACTTAAGCx,MS,CA,MS121
MS121_CA__10X_17_grch38:ACACTGACAAACCTACx,MS,CA,MS121
MS121_CA__10X_17_grch38:AGAATAGTCTCATTCAx,MS,CA,MS121
MS121_CA__10X_17_grch38:AGAGCTTGTCGGCATCx,MS,CA,MS121
MS121_CA__10X_17_grch38:AGAGTGGTCCCACTTGx,MS,CA,MS121
MS121_CA__10X_17_grch38:AGGTCCGTCGCTAGCGx,MS,CA,MS121
MS121_CA__10X_17_grch38:ATCTGCCCAATCACACx,MS,CA,MS121
MS121_CA__10X_17_grch38:CAACCTCAGTCATGCTx,MS,CA,MS121
MS121_CA__10X_17_grch38:CAGCATAAGACATAACx,MS,CA,MS121
MS121_CA__10X_17_grch38:CAGCGACTCTAGCACAx,MS,CA,MS121
MS121_CA__10X_17_grch38:CTTTGCGCACGAGAGTx,MS,CA,MS121
MS121_CA__10X_17_grch38:GAAATGATCTTGCCGTx,MS,CA,MS121
MS121_CA__10X_17_grch38:GAAGCAGAGTCATGCTx,MS,CA,MS121
MS121_CA__10X_17_grch38:GACTGCGCATGCATGTx,MS,CA,MS121
MS121_CA__10X_17_grch38:GCAATCATCGAACGGAx,MS,CA,MS121
MS121_CA__10X_17_grch38:GCGCAACAGAGAGCTCx,MS,CA,MS121
MS121_CA__10X_17_grch38:GGAATAAAGCTGATAAx,MS,CA,MS121
MS121_CA__10X_17_grch38:GTTCTCGAGCGGATCAx,MS,CA,MS121
MS121_CA__10X_17_grch38:TCATTACAGACGACGTx,MS,CA,MS121
MS121_CA__10X_17_grch38:TGCACCTCATGTAAGAx,MS,CA,MS121
MS121_CA__10X_17_grch38:TTATGCTAGGGATACCx,MS,CA,MS121
MS121_CA__10X_17_grch38:TTTGGTTTCCGCAAGCx,MS,CA,MS121
MS176_NAWM__10X_17_grch38:GTCATTTAGCTGCCCAx,MS,NAWM,MS176
MS242_CA5__10X_17_grch38:TACCTATGTTGCGTTAx,MS,CA,MS242
MS242_CA2__10X_17_grch38:ACGAGGACAAGAAGAGx,MS,CA,MS242
MS242_CA2__10X_17_grch38:ACGGGCTGTGATGTGGx,MS,CA,MS242
MS242_CA2__10X_17_grch38:AGAGCGAAGACTGGGTx,MS,CA,MS242
MS242_CA2__10X_17_grch38:ATCCACCTCACAATGCx,MS,CA,MS242
MS242_CA2__10X_17_grch38:CAACCAAAGCTAGTGGx,MS,CA,MS242
MS242_CA2__10X_17_grch38:CAAGAAATCTCGGACGx,MS,CA,MS242
MS242_CA2__10X_17_grch38:CAAGATCTCGTGACATx,MS,CA,MS242
MS242_CA2__10X_17_grch38:CCAGCGACAAGCGAGTx,MS,CA,MS242
MS242_CA2__10X_17_grch38:CCTATTAGTTCAGCGCx,MS,CA,MS242
MS242_CA2__10X_17_grch38:CCTTCCCAGACATAACx,MS,CA,MS242
MS242_CA2__10X_17_grch38:CTCATTATCATAACCGx,MS,CA,MS242
MS242_CA2__10X_17_grch38:CTCGGAGGTAAACGCGx,MS,CA,MS242
MS242_CA2__10X_17_grch38:CTCGGGAGTAGTACCTx,MS,CA,MS242
MS242_CA2__10X_17_grch38:CTTCTCTCATTAACCGx,MS,CA,MS242
MS242_CA2__10X_17_grch38:GACGCGTGTACTTCTTx,MS,CA,MS242
MS242_CA2__10X_17_grch38:GATCGATAGCAGGCTAx,MS,CA,MS242
MS242_CA2__10X_17_grch38:GCTGCTTAGCCGGTAAx,MS,CA,MS242
MS242_CA2__10X_17_grch38:GCTTCCACATATGCTGx,MS,CA,MS242
MS242_CA2__10X_17_grch38:GGGACCTGTCGCGTGTx,MS,CA,MS242
MS242_CA2__10X_17_grch38:GGTATTGTCTTTACACx,MS,CA,MS242
MS242_CA2__10X_17_grch38:GTCACAATCGGCTACGx,MS,CA,MS242
MS242_CA2__10X_17_grch38:GTCATTTCATGTTGACx,MS,CA,MS242
MS242_CA2__10X_17_grch38:GTCGTAACACTCAGGCx,MS,CA,MS242
MS242_CA2__10X_17_grch38:GTCTTCGAGGCTCAGAx,MS,CA,MS242
MS242_CA2__10X_17_grch38:GTGCATACACTCTGTCx,MS,CA,MS242
MS242_CA2__10X_17_grch38:TAAGAGATCGATCCCTx,MS,CA,MS242
MS242_CA2__10X_17_grch38:TACCTATAGTGGACGTx,MS,CA,MS242
MS242_CA2__10X_17_grch38:TCATTACAGGTCGGATx,MS,CA,MS242
MS242_CA2__10X_17_grch38:TCGTAGAGTGATGTGGx,MS,CA,MS242
MS242_CA2__10X_17_grch38:TGCTACCAGGCAGGTTx,MS,CA,MS242
MS242_CA2__10X_17_grch38:TTCTTAGAGCTTCGCGx,MS,CA,MS242
MS242_CA2__10X_17_grch38:TTTCCTCCAGCTGTTAx,MS,CA,MS242
SD48/16__10X_17_grch38:ATTACTCTCAGTACGTx,normal,Ctrl,SD48/16
SD48/16__10X_17_grch38:GAACATCTCCAGTATGx,normal,Ctrl,SD48/16
SD48/16__10X_17_grch38:GGATTACAGCATGGCAx,normal,Ctrl,SD48/16
MS122_NAWM__10X_17_grch38:AACTCCCAGAAGATTCx,MS,NAWM,MS122
MS122_NAWM__10X_17_grch38:ACGATACGTAGCAAATx,MS,NAWM,MS122
MS122_NAWM__10X_17_grch38:GCATGCGGTGTTCTTTx,MS,NAWM,MS122
MS122_NAWM__10X_17_grch38:TACACGAGTGTGGTTTx,MS,NAWM,MS122
MS122_NAWM__10X_17_grch38:TCACGAACAGACGCCTx,MS,NAWM,MS122
MS122_CI__10X_17_grch38:CACTCCATCTAAGCCAx,MS,CI,MS122
MS122_CI__10X_17_grch38:GTCCTCAAGTTGCAGGx,MS,CI,MS122
MS121_NAWM__10X_17_grch38:GTATCTTAGGATGCGTx,MS,NAWM,MS121
MS121_A3__10X_17_grch38:AAGGCAGAGCGTCTATx,MS,A,MS121
MS121_A3__10X_17_grch38:AATCGGTGTTGCGTTAx,MS,A,MS121
MS121_A3__10X_17_grch38:ACTATCTAGAAACCGCx,MS,A,MS121
MS121_A3__10X_17_grch38:AGAATAGGTCACTGGCx,MS,A,MS121
MS121_A3__10X_17_grch38:AGAGTGGGTATTCTCTx,MS,A,MS121
MS121_A3__10X_17_grch38:AGATTGCTCTCTTATGx,MS,A,MS121
MS121_A3__10X_17_grch38:CACAGGCAGCTCCTCTx,MS,A,MS121
MS121_A3__10X_17_grch38:CAGAATCGTGAGTGACx,MS,A,MS121
MS121_A3__10X_17_grch38:CATATGGTCGGCGGTTx,MS,A,MS121
MS121_A3__10X_17_grch38:CATCAGACAAGGCTCCx,MS,A,MS121
MS121_A3__10X_17_grch38:CGTGTCTAGATGTGGCx,MS,A,MS121
MS121_A3__10X_17_grch38:CTCGGGAGTAAACACAx,MS,A,MS121
MS121_A3__10X_17_grch38:CTCTAATCAAGAGTCGx,MS,A,MS121
MS121_A3__10X_17_grch38:CTCTGGTTCCGCTGTTx,MS,A,MS121
MS121_A3__10X_17_grch38:CTGAAACCATCGTCGGx,MS,A,MS121
MS121_A3__10X_17_grch38:CTTGGCTAGCTTTGGTx,MS,A,MS121
MS121_A3__10X_17_grch38:GAAGCAGCAAGCCGCTx,MS,A,MS121
MS121_A3__10X_17_grch38:GACGGCTAGTATTGGAx,MS,A,MS121
MS121_A3__10X_17_grch38:GATTCAGGTCTGCAATx,MS,A,MS121
MS121_A3__10X_17_grch38:GCATGCGAGGCCCTCAx,MS,A,MS121
MS121_A3__10X_17_grch38:GCCTCTAGTGACTCATx,MS,A,MS121
MS121_A3__10X_17_grch38:GCTCCTAGTTTGGGCCx,MS,A,MS121
MS121_A3__10X_17_grch38:GGAATAAGTCTTGTCCx,MS,A,MS121
MS121_A3__10X_17_grch38:GGCAATTGTTCAGGCCx,MS,A,MS121
MS121_A3__10X_17_grch38:GTAACGTAGCTATGCTx,MS,A,MS121
MS121_A3__10X_17_grch38:TACGGTAAGAAACGAGx,MS,A,MS121
MS121_A3__10X_17_grch38:TCGAGGCTCCGAAGAGx,MS,A,MS121
MS121_A3__10X_17_grch38:TGCGCAGGTTCGGGCTx,MS,A,MS121
MS121_A2__10X_17_grch38:AAGACCTCATTATCTCx,MS,A,MS121
MS121_A2__10X_17_grch38:ACCAGTAGTGTGACCCx,MS,A,MS121
MS121_A2__10X_17_grch38:ACGGGTCGTGTGGTTTx,MS,A,MS121
MS121_A2__10X_17_grch38:ACTTTCATCTCTGTCGx,MS,A,MS121
MS121_A2__10X_17_grch38:AGAATAGGTCCTAGCGx,MS,A,MS121
MS121_A2__10X_17_grch38:AGCGGTCAGACTTGAAx,MS,A,MS121
MS121_A2__10X_17_grch38:AGTGAGGGTAGAAGGAx,MS,A,MS121
MS121_A2__10X_17_grch38:ATGCGATCAGTTTACGx,MS,A,MS121
MS121_A2__10X_17_grch38:CAGCTAATCTGGTGTAx,MS,A,MS121
MS121_A2__10X_17_grch38:CATCAGACACGAAATAx,MS,A,MS121
MS121_A2__10X_17_grch38:CATCCACGTACCGTTAx,MS,A,MS121
MS121_A2__10X_17_grch38:CGAGAAGAGATCGATAx,MS,A,MS121
MS121_A2__10X_17_grch38:CGGAGCTTCACCTCGTx,MS,A,MS121
MS121_A2__10X_17_grch38:CTCGTCATCTGCTTGCx,MS,A,MS121
MS121_A2__10X_17_grch38:GAACCTATCAGCTCGGx,MS,A,MS121
MS121_A2__10X_17_grch38:GCGCGATGTCTTGATGx,MS,A,MS121
MS121_A2__10X_17_grch38:GCGCGATTCGCAAGCCx,MS,A,MS121
MS121_A2__10X_17_grch38:GGAACTTTCGGTGTCGx,MS,A,MS121
MS121_A2__10X_17_grch38:GGAGCAAAGACTACAAx,MS,A,MS121
MS121_A2__10X_17_grch38:GGCGTGTTCTGAGTGTx,MS,A,MS121
MS121_A2__10X_17_grch38:GGCTCGACAGCTCGACx,MS,A,MS121
MS121_A2__10X_17_grch38:GTACTCCCACAAGTAAx,MS,A,MS121
MS121_A2__10X_17_grch38:GTCTCGTAGCACGCCTx,MS,A,MS121
MS121_A2__10X_17_grch38:TAAGTGCTCCTTGGTCx,MS,A,MS121
MS121_A2__10X_17_grch38:TCACAAGTCTCTGCTGx,MS,A,MS121
MS121_A2__10X_17_grch38:TCAGCAACATTAGCCAx,MS,A,MS121
MS121_A2__10X_17_grch38:TCGCGTTAGAGGTTATx,MS,A,MS121
MS121_A2__10X_17_grch38:TCTATTGCAATAGCAAx,MS,A,MS121
MS121_A2__10X_17_grch38:TTAGTTCCACAGGTTTx,MS,A,MS121
MS121_A2__10X_17_grch38:TTCTACACAAACTGCTx,MS,A,MS121
MS121_A2__10X_17_grch38:TTGGAACAGAAACGCCx,MS,A,MS121
MS121_A2__10X_17_grch38:TTTGTCAAGCGTCAAGx,MS,A,MS121
MS121_CA__10X_17_grch38:ACATCAGCAGCTGCTGx,MS,CA,MS121
MS121_CA__10X_17_grch38:AGCTCCTTCACAACGTx,MS,CA,MS121
MS121_CA__10X_17_grch38:AGGCCGTTCGGTTCGGx,MS,CA,MS121
MS121_CA__10X_17_grch38:CGATTGACATCATCCCx,MS,CA,MS121
MS121_CA__10X_17_grch38:CTACACCTCAAGAAGTx,MS,CA,MS121
MS121_CA__10X_17_grch38:CTGGTCTCATTAACCGx,MS,CA,MS121
MS121_CA__10X_17_grch38:TGCCAAATCAGTCCCTx,MS,CA,MS121
CO28__10X_17_grch38:AAACGGGCATTTGCCCx,normal,Ctrl,CO28
CO28__10X_17_grch38:AACTCTTGTCTCCATCx,normal,Ctrl,CO28
CO28__10X_17_grch38:AATCGGTCATCGTCGGx,normal,Ctrl,CO28
CO28__10X_17_grch38:ACAGCTAGTTGGACCCx,normal,Ctrl,CO28
CO28__10X_17_grch38:AGGGTGAGTATGGTTCx,normal,Ctrl,CO28
CO28__10X_17_grch38:ATGTGTGCATATACCGx,normal,Ctrl,CO28
CO28__10X_17_grch38:CAAGAAATCAAACCGTx,normal,Ctrl,CO28
CO28__10X_17_grch38:CACAGGCCATTGGCGCx,normal,Ctrl,CO28
CO28__10X_17_grch38:CACCTTGAGTGGGCTAx,normal,Ctrl,CO28
CO28__10X_17_grch38:CAGCCGAAGCGTTCCGx,normal,Ctrl,CO28
CO28__10X_17_grch38:CAGCGACGTTCACGGCx,normal,Ctrl,CO28
CO28__10X_17_grch38:CATATTCTCGAGGTAGx,normal,Ctrl,CO28
CO28__10X_17_grch38:CATCAAGGTCTAGAGGx,normal,Ctrl,CO28
CO28__10X_17_grch38:CATGCCTTCGGAGGTAx,normal,Ctrl,CO28
CO28__10X_17_grch38:CCTACCAAGCTAACTCx,normal,Ctrl,CO28
CO28__10X_17_grch38:CGACCTTTCGTCTGAAx,normal,Ctrl,CO28
CO28__10X_17_grch38:CGCTGGATCATCGCTCx,normal,Ctrl,CO28
CO28__10X_17_grch38:CGTCCATCATGCAACTx,normal,Ctrl,CO28
CO28__10X_17_grch38:CTCAGAAAGTGTACGGx,normal,Ctrl,CO28
CO28__10X_17_grch38:CTCATTACAGCTCGCAx,normal,Ctrl,CO28
CO28__10X_17_grch38:CTGCTGTAGGAACTGCx,normal,Ctrl,CO28
CO28__10X_17_grch38:CTGCTGTAGTACGCCCx,normal,Ctrl,CO28
CO28__10X_17_grch38:CTTCTCTGTTGGTAAAx,normal,Ctrl,CO28
CO28__10X_17_grch38:CTTTGCGTCAGAGACGx,normal,Ctrl,CO28
CO28__10X_17_grch38:GAACCTATCGTCACGGx,normal,Ctrl,CO28
CO28__10X_17_grch38:GACACGCGTGATGTGGx,normal,Ctrl,CO28
CO28__10X_17_grch38:GACCTGGAGGCTAGACx,normal,Ctrl,CO28
CO28__10X_17_grch38:GATCAGTTCACTCTTAx,normal,Ctrl,CO28
CO28__10X_17_grch38:GCACATACAACTGCTAx,normal,Ctrl,CO28
CO28__10X_17_grch38:GCACTCTTCCGCGTTTx,normal,Ctrl,CO28
CO28__10X_17_grch38:GCATGCGCACGGCTACx,normal,Ctrl,CO28
CO28__10X_17_grch38:GGACAGAAGATCGATAx,normal,Ctrl,CO28
CO28__10X_17_grch38:GGACGTCCAATGGACGx,normal,Ctrl,CO28
CO28__10X_17_grch38:GGGAGATCAGCATGAGx,normal,Ctrl,CO28
CO28__10X_17_grch38:GGGTTGCAGGGATGGGx,normal,Ctrl,CO28
CO28__10X_17_grch38:GTAGTCAGTCAGAGGTx,normal,Ctrl,CO28
CO28__10X_17_grch38:GTTAAGCTCGCCTGTTx,normal,Ctrl,CO28
CO28__10X_17_grch38:TCCACACTCTGCGTAAx,normal,Ctrl,CO28
CO28__10X_17_grch38:TCGTAGAAGGACAGCTx,normal,Ctrl,CO28
CO28__10X_17_grch38:TGAAAGAGTCACCCAGx,normal,Ctrl,CO28
CO28__10X_17_grch38:TGACAACCACCTATCCx,normal,Ctrl,CO28
CO28__10X_17_grch38:TGATTTCTCTTGAGGTx,normal,Ctrl,CO28
CO28__10X_17_grch38:TGCGCAGAGATCCCATx,normal,Ctrl,CO28
CO28__10X_17_grch38:TGTATTCAGGTGCAACx,normal,Ctrl,CO28
CO28__10X_17_grch38:TGTGTTTCATTAGCCAx,normal,Ctrl,CO28
CO25__10X_17_grch38:ATTACTCCATGCAACTx,normal,Ctrl,CO25
CO25__10X_17_grch38:CGAACATCACCGTTGGx,normal,Ctrl,CO25
CO25__10X_17_grch38:CTTTGCGCAAACCTACx,normal,Ctrl,CO25
MS176_NAWM__10X_17_grch38:AAGGAGCAGCTGATAAx,MS,NAWM,MS176
MS176_NAWM__10X_17_grch38:AGTGAGGGTTATCCGAx,MS,NAWM,MS176
MS176_NAWM__10X_17_grch38:ATTGGACGTAGGGACTx,MS,NAWM,MS176
CO39__10X_17_grch38:AACTCCCTCTTCAACTx,normal,Ctrl,CO39
CO39__10X_17_grch38:AAGACCTGTGATGTGGx,normal,Ctrl,CO39
CO39__10X_17_grch38:ACACCGGAGCTAACAAx,normal,Ctrl,CO39
CO39__10X_17_grch38:ACGAGGAGTTAAGATGx,normal,Ctrl,CO39
CO39__10X_17_grch38:ACTTTCAGTTGGTGGAx,normal,Ctrl,CO39
CO39__10X_17_grch38:AGAATAGCACGGCCATx,normal,Ctrl,CO39
CO39__10X_17_grch38:CAAGAAACACACTGCGx,normal,Ctrl,CO39
CO39__10X_17_grch38:CAGATCAAGACGACGTx,normal,Ctrl,CO39
CO39__10X_17_grch38:CAGATCAGTAAGGGAAx,normal,Ctrl,CO39
CO39__10X_17_grch38:CATATTCGTGGCTCCAx,normal,Ctrl,CO39
CO39__10X_17_grch38:CATCGAAGTTCTCATTx,normal,Ctrl,CO39
CO39__10X_17_grch38:CATGACATCTTTAGGGx,normal,Ctrl,CO39
CO39__10X_17_grch38:CCACGGAGTGCCTTGGx,normal,Ctrl,CO39
CO39__10X_17_grch38:CCATGTCAGACTGTAAx,normal,Ctrl,CO39
CO39__10X_17_grch38:CCTTCGACAAGTCTGTx,normal,Ctrl,CO39
CO39__10X_17_grch38:CGAGAAGTCACTTACTx,normal,Ctrl,CO39
CO39__10X_17_grch38:CGTAGCGCAATCTACGx,normal,Ctrl,CO39
CO39__10X_17_grch38:CGTTGGGAGTTCGCATx,normal,Ctrl,CO39
CO39__10X_17_grch38:CTACCCACATTTGCTTx,normal,Ctrl,CO39
CO39__10X_17_grch38:CTCACACAGGTGCACAx,normal,Ctrl,CO39
CO39__10X_17_grch38:CTGCCTAGTCTAGTGTx,normal,Ctrl,CO39
CO39__10X_17_grch38:GCATACAAGTTACCCAx,normal,Ctrl,CO39
CO39__10X_17_grch38:GTAACGTTCATGTCTTx,normal,Ctrl,CO39
CO39__10X_17_grch38:GTAACTGTCTGAGTGTx,normal,Ctrl,CO39
CO39__10X_17_grch38:GTACTCCTCTTGTTTGx,normal,Ctrl,CO39
CO39__10X_17_grch38:GTCGTAAGTCCTCCATx,normal,Ctrl,CO39
CO39__10X_17_grch38:GTGCTTCTCCTGTAGAx,normal,Ctrl,CO39
CO39__10X_17_grch38:GTGGGTCCATTGGGCCx,normal,Ctrl,CO39
CO39__10X_17_grch38:GTTTCTACAGACGTAGx,normal,Ctrl,CO39
CO39__10X_17_grch38:TAAGCGTTCCCAACGGx,normal,Ctrl,CO39
CO39__10X_17_grch38:TATCAGGTCTGTCAAGx,normal,Ctrl,CO39
CO39__10X_17_grch38:TATCTCACATGAAGTAx,normal,Ctrl,CO39
CO39__10X_17_grch38:TCGCGTTGTAGAAAGGx,normal,Ctrl,CO39
CO39__10X_17_grch38:TCGGGACCAGAGCCAAx,normal,Ctrl,CO39
CO39__10X_17_grch38:TGCCCTAGTCGGCTCAx,normal,Ctrl,CO39
CO39__10X_17_grch38:TGCGCAGCAAGTAATGx,normal,Ctrl,CO39
CO39__10X_17_grch38:TGCGTGGGTAATCACCx,normal,Ctrl,CO39
CO39__10X_17_grch38:TGGGAAGTCCTGTAGAx,normal,Ctrl,CO39
CO39__10X_17_grch38:TTCTACATCGCGGATCx,normal,Ctrl,CO39
CO14__10X_17_grch38:ACTGCTCGTAGCGCAAx,normal,Ctrl,CO14
CO14__10X_17_grch38:AGCTTGATCGCCATAAx,normal,Ctrl,CO14
CO14__10X_17_grch38:AGGTCATTCCAGAAGGx,normal,Ctrl,CO14
CO14__10X_17_grch38:AGTGAGGAGAAACCTAx,normal,Ctrl,CO14
CO14__10X_17_grch38:CACAAACCAGGGTACAx,normal,Ctrl,CO14
CO14__10X_17_grch38:CACCAGGTCCTAAGTGx,normal,Ctrl,CO14
CO14__10X_17_grch38:CAGCCGAGTCTCCACTx,normal,Ctrl,CO14
CO14__10X_17_grch38:CGTCAGGGTCCAACTAx,normal,Ctrl,CO14
CO14__10X_17_grch38:GACCAATAGAAGGCCTx,normal,Ctrl,CO14
CO14__10X_17_grch38:GATCGCGAGGCCCTTGx,normal,Ctrl,CO14
CO14__10X_17_grch38:GCTCCTACACACCGACx,normal,Ctrl,CO14
CO14__10X_17_grch38:GGTGCGTTCAGCCTAAx,normal,Ctrl,CO14
CO14__10X_17_grch38:GTTCTCGTCTGCAGTAx,normal,Ctrl,CO14
SD48/16__10X_17_grch38:ACCTTTATCAGGCCCAx,normal,Ctrl,SD48/16
SD48/16__10X_17_grch38:ACGGCCACAATGGACGx,normal,Ctrl,SD48/16
SD48/16__10X_17_grch38:ATCCGAAAGCTAGCCCx,normal,Ctrl,SD48/16
SD48/16__10X_17_grch38:CAGCCGAAGACAAAGGx,normal,Ctrl,SD48/16
SD48/16__10X_17_grch38:CCTAAAGGTCGGATCCx,normal,Ctrl,SD48/16
SD48/16__10X_17_grch38:CCTAGCTGTCCGTCAGx,normal,Ctrl,SD48/16
SD48/16__10X_17_grch38:CGATCGGTCTGGTATGx,normal,Ctrl,SD48/16
SD48/16__10X_17_grch38:CGTGTAATCGGCCGATx,normal,Ctrl,SD48/16
SD48/16__10X_17_grch38:GAAACTCCACACATGTx,normal,Ctrl,SD48/16
SD48/16__10X_17_grch38:GAGCAGACACCGAAAGx,normal,Ctrl,SD48/16
SD48/16__10X_17_grch38:GCACATACAGTATAAGx,normal,Ctrl,SD48/16
SD48/16__10X_17_grch38:GGACAAGTCCACGTTCx,normal,Ctrl,SD48/16
SD48/16__10X_17_grch38:GTCTTCGTCGATAGAAx,normal,Ctrl,SD48/16
SD48/16__10X_17_grch38:TAAGCGTGTTTAAGCCx,normal,Ctrl,SD48/16
SD48/16__10X_17_grch38:TACTCGCAGGATCGCAx,normal,Ctrl,SD48/16
SD48/16__10X_17_grch38:TGATTTCCAGTGGAGTx,normal,Ctrl,SD48/16
MS122_NAWM__10X_17_grch38:AAAGCAAGTACTTAGCx,MS,NAWM,MS122
MS122_NAWM__10X_17_grch38:AAGCCGCCAAACGTGGx,MS,NAWM,MS122
MS122_NAWM__10X_17_grch38:AAGCCGCTCATGTCTTx,MS,NAWM,MS122
MS122_NAWM__10X_17_grch38:AGCATACAGTATCGAAx,MS,NAWM,MS122
MS122_NAWM__10X_17_grch38:AGCATACGTTAAGGGCx,MS,NAWM,MS122
MS122_NAWM__10X_17_grch38:AGGGATGCACACGCTGx,MS,NAWM,MS122
MS122_NAWM__10X_17_grch38:AGTCTTTCATCGACGCx,MS,NAWM,MS122
MS122_NAWM__10X_17_grch38:ATCCACCCAATGTTGCx,MS,NAWM,MS122
MS122_NAWM__10X_17_grch38:CAACCAATCTTGCATTx,MS,NAWM,MS122
MS122_NAWM__10X_17_grch38:CAAGATCTCGCCAAATx,MS,NAWM,MS122
MS122_NAWM__10X_17_grch38:CACATTTCAAAGGCGTx,MS,NAWM,MS122
MS122_NAWM__10X_17_grch38:CATCCACTCCGTTGCTx,MS,NAWM,MS122
MS122_NAWM__10X_17_grch38:CCTCAGTTCACCCTCAx,MS,NAWM,MS122
MS122_NAWM__10X_17_grch38:CGACTTCAGGCTAGCAx,MS,NAWM,MS122
MS122_NAWM__10X_17_grch38:CGCTGGAAGCTGGAACx,MS,NAWM,MS122
MS122_NAWM__10X_17_grch38:CGCTGGAGTCACAAGGx,MS,NAWM,MS122
MS122_NAWM__10X_17_grch38:CGGTTAATCCCATTATx,MS,NAWM,MS122
MS122_NAWM__10X_17_grch38:CTTAACTAGAGTAAGGx,MS,NAWM,MS122
MS122_NAWM__10X_17_grch38:GACGTTACACTTCTGCx,MS,NAWM,MS122
MS122_NAWM__10X_17_grch38:GATGCTACATGACATCx,MS,NAWM,MS122
MS122_NAWM__10X_17_grch38:GTATTCTGTGGTGTAGx,MS,NAWM,MS122
MS122_NAWM__10X_17_grch38:GTCAAGTAGAGTTGGCx,MS,NAWM,MS122
MS122_NAWM__10X_17_grch38:GTCATTTAGAGTTGGCx,MS,NAWM,MS122
MS122_NAWM__10X_17_grch38:GTCATTTAGCATCATCx,MS,NAWM,MS122
MS122_NAWM__10X_17_grch38:TAAGCGTGTCACAAGGx,MS,NAWM,MS122
MS122_NAWM__10X_17_grch38:TAGGCATAGTAGGCCAx,MS,NAWM,MS122
MS122_NAWM__10X_17_grch38:TCTTCGGCACCTATCCx,MS,NAWM,MS122
MS122_CI__10X_17_grch38:ACACCAACAATGAAACx,MS,CI,MS122
MS122_CI__10X_17_grch38:ACACCGGTCCTTTCGGx,MS,CI,MS122
MS122_CI__10X_17_grch38:AGAGCGAAGGATGGAAx,MS,CI,MS122
MS122_CI__10X_17_grch38:AGCTCCTCACGTTGGCx,MS,CI,MS122
MS122_CI__10X_17_grch38:AGGTCATTCCAAATGCx,MS,CI,MS122
MS122_CI__10X_17_grch38:ATCGAGTAGGTGACCAx,MS,CI,MS122
MS122_CI__10X_17_grch38:ATTTCTGGTGCCTGGTx,MS,CI,MS122
MS122_CI__10X_17_grch38:CACATTTGTGTTTGTGx,MS,CI,MS122
MS122_CI__10X_17_grch38:CAGAATCCACACCGCAx,MS,CI,MS122
MS122_CI__10X_17_grch38:CAGCGACCAACGATCTx,MS,CI,MS122
MS122_CI__10X_17_grch38:CAGCTAACACCGGAAAx,MS,CI,MS122
MS122_CI__10X_17_grch38:CCTAGCTGTTCGGCACx,MS,CI,MS122
MS122_CI__10X_17_grch38:CGCCAAGGTCGCTTTCx,MS,CI,MS122
MS122_CI__10X_17_grch38:CTCGTCAAGGCCCTTGx,MS,CI,MS122
MS122_CI__10X_17_grch38:CTCTACGAGGCCATAGx,MS,CI,MS122
MS122_CI__10X_17_grch38:CTGAAACTCCCTCAGTx,MS,CI,MS122
MS122_CI__10X_17_grch38:CTGCGGACAGACAAATx,MS,CI,MS122
MS122_CI__10X_17_grch38:GAATGAAAGGAATCGCx,MS,CI,MS122
MS122_CI__10X_17_grch38:GACCAATAGCCGATTTx,MS,CI,MS122
MS122_CI__10X_17_grch38:GACGTGCCATACGCTAx,MS,CI,MS122
MS122_CI__10X_17_grch38:GCACTCTCAAAGCGGTx,MS,CI,MS122
MS122_CI__10X_17_grch38:GTGCTTCCATAACCTGx,MS,CI,MS122
MS122_CI__10X_17_grch38:TACGGATCACTTGGATx,MS,CI,MS122
MS122_CI__10X_17_grch38:TCTGAGAGTCTTTCATx,MS,CI,MS122
MS122_A__10X_17_grch38:CACACTCTCTGTTGAGx,MS,A,MS122
MS122_A__10X_17_grch38:CAGCGACGTGTGGTTTx,MS,A,MS122
MS122_A__10X_17_grch38:CATCCACCAGGTTTCAx,MS,A,MS122
MS122_A__10X_17_grch38:CCCAATCAGCTCCCAGx,MS,A,MS122
MS122_A__10X_17_grch38:CGTCTACCAAGCGCTCx,MS,A,MS122
MS122_A__10X_17_grch38:CTAAGACTCACCGGGTx,MS,A,MS122
MS122_A__10X_17_grch38:GCATGCGGTCGAGATGx,MS,A,MS122
MS122_A__10X_17_grch38:GCTGCTTTCTTACCGCx,MS,A,MS122
MS122_A__10X_17_grch38:GGACGTCAGGACAGCTx,MS,A,MS122
MS122_A__10X_17_grch38:GTACGTAGTATAAACGx,MS,A,MS122
MS122_A__10X_17_grch38:GTAGTCAAGCACCGTCx,MS,A,MS122
MS122_A__10X_17_grch38:GTCACAACACGGCTACx,MS,A,MS122
MS122_A__10X_17_grch38:TACTCATGTTGGTGGAx,MS,A,MS122
MS121_NAWM__10X_17_grch38:ACTGCTCTCTACCAGAx,MS,NAWM,MS121
MS121_NAWM__10X_17_grch38:CCTTCCCAGCTCTCGGx,MS,NAWM,MS121
MS121_NAWM__10X_17_grch38:CGATGTAGTAAGGGCTx,MS,NAWM,MS121
MS121_NAWM__10X_17_grch38:GGCCGATGTACTTCTTx,MS,NAWM,MS121
MS121_NAWM__10X_17_grch38:GGCTCGATCAGTACGTx,MS,NAWM,MS121
MS121_A3__10X_17_grch38:TTTACTGAGTCGTACTx,MS,A,MS121
MS121_CA__10X_17_grch38:ACATGGTGTTACCGATx,MS,CA,MS121
MS121_CA__10X_17_grch38:ACCGTAACATCGTCGGx,MS,CA,MS121
MS121_CA__10X_17_grch38:AGAGCGAAGGCATGTGx,MS,CA,MS121
MS121_CA__10X_17_grch38:CCATTCGAGGTGCTAGx,MS,CA,MS121
MS121_CA__10X_17_grch38:CGGAGTCCAATCCAACx,MS,CA,MS121
MS121_CA__10X_17_grch38:GCGGGTTTCAGCGACCx,MS,CA,MS121
MS121_CA__10X_17_grch38:TACGGATAGAGCAATTx,MS,CA,MS121
