hgnc_id,DeepLOF_score
HGNC:11858,0.431136
HGNC:17757,0.4819911
HGNC:3005,0.6042821
HGNC:19285,0.6856313
HGNC:25565,0.40926027
HGNC:3697,0.75832844
HGNC:4883,0.77855146
HGNC:4008,0.35219765
HGNC:4311,0.7863235
HGNC:7804,0.8142838
HGNC:28070,0.17256933
HGNC:25233,0.45920157
HGNC:25726,0.93881893
HGNC:3359,0.6557009
HGNC:10728,0.88526005
HGNC:1884,0.047685146
HGNC:22215,0.8846103
HGNC:2649,0.46317124
HGNC:1573,0.69491875
HGNC:9824,0.3007651
HGNC:936,0.33172476
HGNC:18449,0.46778083
HGNC:7082,0.30418086
HGNC:5194,0.58274597
HGNC:80,0.30126476
HGNC:16267,0.3576572
HGNC:22195,0.82452255
HGNC:6762,0.31115788
HGNC:6513,0.9108886
HGNC:14975,0.33455855
HGNC:24930,0.38920003
HGNC:6752,0.6075101
HGNC:22931,0.72640806
HGNC:20581,0.8558175
HGNC:5343,0.67609024
HGNC:28455,0.36442256
HGNC:443,0.60194707
HGNC:1500,0.17286253
HGNC:1876,0.9144562
HGNC:11760,0.68940806
HGNC:28816,0.14916003
HGNC:9902,0.93273073
HGNC:7454,0.32746828
HGNC:11060,0.3759693
HGNC:658,0.9472504
HGNC:17074,0.35538453
HGNC:23781,0.7184576
HGNC:9107,0.9008861
HGNC:362,0.43709493
HGNC:1667,0.30394614
HGNC:3720,0.7195672
HGNC:29079,0.8602553
HGNC:9903,0.91877246
HGNC:1469,0.63895845
HGNC:9948,0.12945807
HGNC:25956,0.76533234
HGNC:26511,0.44548035
HGNC:23085,0.7202395
HGNC:7694,0.69915456
HGNC:8812,0.24547333
HGNC:20302,0.0541929
HGNC:19412,0.44249034
HGNC:46,0.08225739
HGNC:18060,0.89685076
HGNC:10983,0.21126807
HGNC:11351,0.86917496
HGNC:1728,0.84678996
HGNC:11027,0.77243435
HGNC:1440,0.3170892
HGNC:4837,0.8592665
HGNC:3086,0.58388394
HGNC:14368,0.47059703
HGNC:9962,0.92601687
HGNC:15687,0.6481465
HGNC:10991,0.9509792
HGNC:26076,0.20037621
HGNC:5101,0.89661837
HGNC:9197,0.50637406
HGNC:16718,0.5214024
HGNC:7013,0.32220656
HGNC:22207,0.8452343
HGNC:6600,0.5214395
HGNC:26151,0.5196979
HGNC:10522,0.21063077
HGNC:28050,0.50843793
HGNC:19356,0.33153504
HGNC:9392,0.898851
HGNC:7370,0.9371376
HGNC:2348,0.96957284
HGNC:16831,0.726081
HGNC:7218,0.2582301
HGNC:9204,0.19904888
HGNC:1317,0.17967731
HGNC:25770,0.27547705
HGNC:2366,0.12692422
HGNC:45,0.6336537
HGNC:18541,0.972301
HGNC:23082,0.6192806
HGNC:11203,0.7601971
HGNC:17853,0.7106041
HGNC:12986,0.5533085
HGNC:23386,0.9156226
HGNC:13599,0.9145053
HGNC:6148,0.704939
HGNC:8810,0.4945377
HGNC:6139,0.6364565
HGNC:12869,0.9569827
HGNC:6501,0.69354594
HGNC:6138,0.44328684
HGNC:16009,0.12405914
HGNC:29644,0.402359
HGNC:26098,0.35926163
HGNC:2364,0.47372437
HGNC:16387,0.70597184
HGNC:24529,0.56422347
HGNC:17948,0.89395785
HGNC:6450,0.06634796
HGNC:59,0.44164252
HGNC:1407,0.9400131
HGNC:31092,0.3551749
HGNC:563,0.8749447
HGNC:11517,0.72591525
HGNC:13056,0.54007983
HGNC:10647,0.65466785
HGNC:26125,0.43391347
HGNC:1394,0.8566825
HGNC:18152,0.3960393
HGNC:2919,0.92568296
HGNC:6861,0.72185755
HGNC:9839,0.9628797
HGNC:21649,0.56556225
HGNC:22224,0.8701301
HGNC:3490,0.8272552
HGNC:21869,0.28956407
HGNC:410,0.44377053
HGNC:26067,0.25392413
HGNC:13411,0.6806813
HGNC:10625,0.14042723
HGNC:16460,0.16175395
HGNC:12597,0.29070288
HGNC:21705,0.24971038
HGNC:17364,0.82836866
HGNC:11608,0.31357205
HGNC:5456,0.64058083
HGNC:30054,0.122485936
HGNC:2260,0.53270984
HGNC:4661,0.7856647
HGNC:25459,0.68842113
HGNC:12713,0.38177866
HGNC:29096,0.8618316
HGNC:14198,0.26551497
HGNC:21695,0.07900226
HGNC:717,0.51620024
HGNC:24887,0.25880665
HGNC:7571,0.18658876
HGNC:24041,0.81662047
HGNC:15483,0.19899583
HGNC:23061,0.38119936
HGNC:9485,0.19901723
HGNC:13538,0.87249917
HGNC:9454,0.15787208
HGNC:25171,0.5416091
HGNC:28834,0.1162281
HGNC:8574,0.98080724
HGNC:23292,0.45025492
HGNC:2953,0.36340773
HGNC:28960,0.677034
HGNC:10917,0.19922566
HGNC:4169,0.8122022
HGNC:23069,0.23105419
HGNC:6906,0.53237975
HGNC:1819,0.11317587
HGNC:1699,0.8516948
HGNC:10591,0.7278082
HGNC:18441,0.33300054
HGNC:11835,0.91891325
HGNC:8620,0.9527966
HGNC:14173,0.13509095
HGNC:20561,0.4124173
HGNC:6723,0.814767
HGNC:1400,0.8468281
HGNC:948,0.16994584
HGNC:14175,0.30730098
HGNC:14135,0.37675261
HGNC:14122,0.7281613
HGNC:11716,0.8959214
HGNC:10718,0.31445354
HGNC:25570,0.87199205
HGNC:3771,0.07952249
HGNC:21155,0.74837357
HGNC:7889,0.20582676
HGNC:3114,0.7045493
HGNC:9537,0.9261894
HGNC:11494,0.8790752
HGNC:6196,0.9130049
HGNC:11411,0.89479417
HGNC:14585,0.61552656
HGNC:1730,0.15209568
HGNC:29831,0.41602135
HGNC:11743,0.8955022
HGNC:15581,0.88089144
HGNC:2899,0.20907235
HGNC:9504,0.85639626
HGNC:201,0.76164603
HGNC:11507,0.55845046
HGNC:2571,0.72528076
HGNC:14524,0.917958
HGNC:3230,0.8212938
HGNC:17366,0.44393766
HGNC:25562,0.20981294
HGNC:15593,0.36314583
HGNC:25934,0.39777195
HGNC:7061,0.22856903
HGNC:2384,0.52725416
HGNC:8904,0.15338176
HGNC:7788,0.96590793
HGNC:10862,0.73772305
HGNC:14246,0.15193647
HGNC:16830,0.11628258
HGNC:9008,0.86226165
HGNC:6883,0.934103
HGNC:22963,0.5325748
HGNC:18756,0.73614705
HGNC:29273,0.5296645
HGNC:11846,0.8151108
HGNC:10405,0.714711
HGNC:29905,0.9306105
HGNC:16803,0.8865469
HGNC:9968,0.922923
HGNC:8117,0.8735414
HGNC:8621,0.775574
HGNC:6902,0.13901973
HGNC:21071,0.33703172
HGNC:28530,0.5567487
HGNC:30766,0.31929898
HGNC:19743,0.42813486
HGNC:20954,0.40222687
HGNC:12744,0.71290326
HGNC:961,0.9448609
HGNC:13727,0.94096506
HGNC:18160,0.23738581
HGNC:25356,0.87540925
HGNC:24248,0.42292464
HGNC:3095,0.11846888
HGNC:12998,0.7689103
HGNC:12585,0.61134875
HGNC:19169,0.6187092
HGNC:1709,0.5776725
HGNC:13242,0.31129074
HGNC:24305,0.55044556
HGNC:24970,0.5768839
HGNC:4271,0.06532836
HGNC:18458,0.5639378
HGNC:30400,0.19913828
HGNC:18006,0.8081265
HGNC:18628,0.3217072
HGNC:26219,0.4115621
HGNC:11046,0.23366857
HGNC:5389,0.92459023
HGNC:9486,0.09275657
HGNC:12993,0.29698706
HGNC:1678,0.5450498
HGNC:19138,0.2349993
HGNC:1133,0.9685601
HGNC:4886,0.30893147
HGNC:19003,0.6238849
HGNC:4037,0.922048
HGNC:4921,0.9587028
HGNC:3769,0.19670439
HGNC:11620,0.9332051
HGNC:6738,0.8756405
HGNC:2024,0.5695393
HGNC:16875,0.7685088
HGNC:7850,0.307454
HGNC:11054,0.29268086
HGNC:21640,0.7770024
HGNC:18269,0.6593341
HGNC:580,0.2561676
HGNC:7121,0.32982135
HGNC:21396,0.49447858
HGNC:29857,0.67449665
HGNC:19866,0.9736743
HGNC:24274,0.5910384
HGNC:21698,0.60326517
HGNC:26006,0.3224635
HGNC:9583,0.92851865
HGNC:20225,0.87196964
HGNC:11514,0.8467618
HGNC:17095,0.35517323
HGNC:8971,0.73332596
HGNC:9053,0.4216854
HGNC:14082,0.6976551
HGNC:30917,0.88702875
HGNC:17155,0.94866085
HGNC:2705,0.7265408
HGNC:25952,0.26447248
HGNC:9322,0.9035528
HGNC:29076,0.6045557
HGNC:6865,0.76832426
HGNC:16763,0.5333344
HGNC:12449,0.5937591
HGNC:30136,0.23958695
HGNC:4077,0.7319773
HGNC:1100,0.28277665
HGNC:3433,0.39968824
HGNC:1643,0.7509483
HGNC:15455,0.94394064
HGNC:6645,0.57721364
HGNC:6720,0.15955555
HGNC:3518,0.66845477
HGNC:7967,0.6547158
HGNC:21308,0.8345807
HGNC:435,0.56134343
HGNC:11115,0.78432786
HGNC:29306,0.5559172
HGNC:20344,0.7484408
HGNC:6867,0.8243469
HGNC:3244,0.73523015
HGNC:9551,0.8411267
HGNC:29623,0.18703789
HGNC:29326,0.56113195
HGNC:8514,0.865813
HGNC:24279,0.2691878
HGNC:7531,0.48318672
HGNC:17623,0.5885073
HGNC:8907,0.604454
HGNC:21385,0.30179608
HGNC:2068,0.5022485
HGNC:30348,0.46443307
HGNC:19961,0.46480256
HGNC:10058,0.5928685
HGNC:2957,0.6018882
HGNC:2736,0.24719667
HGNC:17176,0.27933168
HGNC:9836,0.2008807
HGNC:2568,0.7250706
HGNC:1691,0.56356263
HGNC:11524,0.47326982
HGNC:23039,0.33501828
HGNC:30073,0.5203719
HGNC:28972,0.69127965
HGNC:1476,0.49507868
HGNC:125,0.09970522
HGNC:6970,0.81035197
HGNC:1329,0.56300616
HGNC:24307,0.19319218
HGNC:2263,0.22509652
HGNC:19967,0.64451736
HGNC:17363,0.8416009
HGNC:16966,0.95297325
HGNC:12731,0.94157404
HGNC:3002,0.20848578
HGNC:1050,0.13759422
HGNC:6912,0.9630357
HGNC:7898,0.2642995
HGNC:15517,0.7942629
HGNC:16078,0.6923068
HGNC:22208,0.72100925
HGNC:6132,0.9124668
HGNC:24288,0.38226599
HGNC:6003,0.4872216
HGNC:2015,0.43379074
HGNC:2018,0.19279349
HGNC:24870,0.34486198
HGNC:13211,0.89031947
HGNC:5464,0.760446
HGNC:18070,0.88963616
HGNC:9841,0.7406126
HGNC:30285,0.73452
HGNC:2171,0.76201916
HGNC:10907,0.09780413
HGNC:24042,0.84528697
HGNC:327,0.95056593
HGNC:26239,0.9531258
HGNC:800,0.73248285
HGNC:25986,0.33528733
HGNC:26421,0.15546805
HGNC:17149,0.2484318
HGNC:23697,0.7376803
HGNC:6895,0.1289888
HGNC:2602,0.07744706
HGNC:13996,0.8101809
HGNC:14962,0.5000064
HGNC:11094,0.88051516
HGNC:1697,0.694481
HGNC:4893,0.84342134
HGNC:18224,0.88059074
HGNC:17597,0.9496644
HGNC:17849,0.54907274
HGNC:15940,0.6444821
HGNC:7181,0.29868984
HGNC:23023,0.89568317
HGNC:10473,0.8748084
HGNC:7230,0.37038207
HGNC:19079,0.38214982
HGNC:3311,0.28196847
HGNC:17450,0.15734833
HGNC:11067,0.27579594
HGNC:11233,0.893911
HGNC:8010,0.9278762
HGNC:16392,0.5623601
HGNC:29513,0.8577832
HGNC:2323,0.6095547
HGNC:1353,0.12092996
HGNC:3702,0.8839661
HGNC:4075,0.8878668
HGNC:22948,0.06717813
HGNC:29196,0.5403559
HGNC:10055,0.74021816
HGNC:20345,0.45303524
HGNC:19160,0.44780815
HGNC:29214,0.868057
HGNC:10049,0.2852888
HGNC:7707,0.44280082
HGNC:15574,0.9186785
HGNC:18311,0.87428
HGNC:396,0.68011487
HGNC:591,0.66701686
HGNC:369,0.74700093
HGNC:16065,0.2643075
HGNC:11134,0.15196216
HGNC:24269,0.333578
HGNC:30796,0.8212897
HGNC:53,0.09197253
HGNC:2760,0.855341
HGNC:24310,0.7068459
HGNC:4312,0.8885857
HGNC:21289,0.84280574
HGNC:3243,0.7339464
HGNC:22949,0.36708808
HGNC:21098,0.20423341
HGNC:19903,0.83746624
HGNC:5225,0.8462145
HGNC:16098,0.8455154
HGNC:23316,0.52774775
HGNC:7966,0.7931139
HGNC:3148,0.37976885
HGNC:25071,0.6170461
HGNC:15746,0.61255944
HGNC:21082,0.6575741
HGNC:6399,0.8939198
HGNC:12692,0.8246047
HGNC:11920,0.78898203
HGNC:21686,0.47499204
HGNC:1681,0.5342907
HGNC:6248,0.7843058
HGNC:20885,0.7149246
HGNC:21394,0.5956775
HGNC:1138,0.23992395
HGNC:7104,0.21784896
HGNC:9403,0.76959443
HGNC:6093,0.22540116
HGNC:5439,0.53491634
HGNC:930,0.30354112
HGNC:10821,0.26842397
HGNC:12719,0.23376036
HGNC:11917,0.67422783
HGNC:18258,0.7098194
HGNC:9213,0.8993884
HGNC:25818,0.6515105
HGNC:11172,0.80161405
HGNC:11589,0.8708467
HGNC:18984,0.3615722
HGNC:16863,0.3083247
HGNC:20182,0.81827295
HGNC:492,0.8832002
HGNC:5341,0.09402168
HGNC:17037,0.30262625
HGNC:17677,0.8416194
HGNC:5004,0.8851497
HGNC:18017,0.6713984
HGNC:949,0.34134543
HGNC:7525,0.50441587
HGNC:13177,0.8583411
HGNC:4601,0.6456777
HGNC:1335,0.75836116
HGNC:29216,0.8760981
HGNC:21347,0.19478297
HGNC:10537,0.90182674
HGNC:9850,0.92063206
HGNC:9885,0.92411435
HGNC:12383,0.66314733
HGNC:16268,0.57906127
HGNC:20606,0.44060218
HGNC:18294,0.2248745
HGNC:25265,0.8002796
HGNC:71,0.70126325
HGNC:29270,0.17800438
HGNC:18531,0.90102434
HGNC:4019,0.7423631
HGNC:25581,0.57180876
HGNC:14458,0.79283315
HGNC:865,0.85145664
HGNC:2752,0.965858
HGNC:11033,0.77872473
HGNC:579,0.7985766
HGNC:6843,0.74882555
HGNC:25678,0.22806585
HGNC:11879,0.6942409
HGNC:25021,0.27966785
HGNC:13432,0.7746632
HGNC:8858,0.6488374
HGNC:13291,0.629357
HGNC:7610,0.26021314
HGNC:29546,0.28130412
HGNC:25911,0.28675735
HGNC:12665,0.76523936
HGNC:24902,0.373937
HGNC:2675,0.25343955
HGNC:8017,0.48336196
HGNC:292,0.7793174
HGNC:24133,0.28302956
HGNC:11821,0.8519933
HGNC:9969,0.7871343
HGNC:25622,0.6047234
HGNC:2553,0.9124948
HGNC:7614,0.02197671
HGNC:8512,0.8204366
HGNC:2641,0.8326637
HGNC:24523,0.9050895
HGNC:10934,0.07960057
HGNC:12618,0.64753526
HGNC:1514,0.69822824
HGNC:12419,0.61192393
HGNC:17050,0.51797444
HGNC:3767,0.9099349
HGNC:25994,0.6302484
HGNC:29249,0.85069966
HGNC:7034,0.39327186
HGNC:28469,0.270581
HGNC:7030,0.4150619
HGNC:5129,0.79435474
HGNC:318,0.259297
HGNC:18215,0.4179694
HGNC:31792,0.8127448
HGNC:6905,0.7020416
HGNC:11843,0.7544949
HGNC:17157,0.76665837
HGNC:12303,0.90693986
HGNC:2464,0.8548479
HGNC:29013,0.76004696
HGNC:7376,0.101870894
HGNC:1748,0.7320614
HGNC:2950,0.37534338
HGNC:20756,0.47568703
HGNC:25836,0.7845667
HGNC:1339,0.22466701
HGNC:14873,0.78817064
HGNC:30635,0.85492086
HGNC:9154,0.22189921
HGNC:17107,0.197079
HGNC:29149,0.6252857
HGNC:26010,0.20145035
HGNC:11371,0.8298971
HGNC:26001,0.4300573
HGNC:2518,0.39332843
HGNC:18601,0.87224567
HGNC:28428,0.9494577
HGNC:1749,0.7681551
HGNC:6074,0.8465272
HGNC:9767,0.5131407
HGNC:9533,0.8366987
HGNC:29822,0.78802687
HGNC:25652,0.29945523
HGNC:273,0.18277764
HGNC:5318,0.64906996
HGNC:20855,0.3926773
HGNC:18884,0.25020325
HGNC:21411,0.2505679
HGNC:25344,0.076807916
HGNC:20423,0.2142297
HGNC:2375,0.5106392
HGNC:25991,0.17923474
HGNC:1474,0.18327236
HGNC:565,0.92837995
HGNC:12601,0.22960925
HGNC:15662,0.43237805
HGNC:11764,0.2070201
HGNC:206,0.10681951
HGNC:956,0.6129066
HGNC:18184,0.8789902
HGNC:22984,0.93471664
HGNC:12873,0.9406704
HGNC:6529,0.80056894
HGNC:20286,0.28869718
HGNC:285,0.4475364
HGNC:4683,0.26693988
HGNC:21024,0.43287516
HGNC:2509,0.83680654
HGNC:8926,0.7688827
HGNC:23432,0.1090377
HGNC:3387,0.6402155
HGNC:5238,0.8721793
HGNC:3049,0.39969397
HGNC:26044,0.8764645
HGNC:2567,0.7952037
HGNC:4461,0.73915344
HGNC:22950,0.5335121
HGNC:31406,0.78611463
HGNC:24721,0.8902997
HGNC:2520,0.8331802
HGNC:18303,0.6217249
HGNC:9188,0.8304601
HGNC:16924,0.5325706
HGNC:12017,0.9256448
HGNC:2295,0.48575342
HGNC:29068,0.2324534
HGNC:17328,0.37413454
HGNC:12811,0.87404096
HGNC:1183,0.30758357
HGNC:1184,0.5556736
HGNC:10580,0.91909236
HGNC:29237,0.895632
HGNC:676,0.8791456
HGNC:29235,0.30581963
HGNC:6862,0.7678963
HGNC:17643,0.64444983
HGNC:10261,0.0658921
HGNC:12625,0.5261404
HGNC:14065,0.8385726
HGNC:13594,0.34858608
HGNC:26934,0.34748662
HGNC:29253,0.34537888
HGNC:17296,0.6293365
HGNC:27267,0.923334
HGNC:11913,0.15513289
HGNC:30542,0.4688145
HGNC:6643,0.86375296
HGNC:14502,0.16750121
HGNC:4678,0.22440517
HGNC:18118,0.981402
HGNC:23595,0.72385263
HGNC:2550,0.95381427
HGNC:13247,0.9122005
HGNC:9757,0.77587336
HGNC:2218,0.5543896
HGNC:6343,0.7946849
HGNC:3439,0.21715808
HGNC:222,0.85982615
HGNC:4795,0.2825396
HGNC:12644,0.4476121
HGNC:8847,0.2957796
HGNC:12636,0.15467781
HGNC:11924,0.40452307
HGNC:18235,0.11684227
HGNC:6714,0.6280084
HGNC:9934,0.48620683
HGNC:3327,0.37891597
HGNC:9970,0.4705094
HGNC:18040,0.94985336
HGNC:24308,0.5894679
HGNC:7728,0.88072956
HGNC:6106,0.9278445
HGNC:14944,0.18261415
HGNC:4879,0.33777475
HGNC:25734,0.21851546
HGNC:29433,0.9063802
HGNC:20184,0.767468
HGNC:2893,0.41045272
HGNC:13209,0.22593737
HGNC:7783,0.20868874
HGNC:21097,0.3448649
HGNC:24636,0.4282447
HGNC:24241,0.5717993
HGNC:11034,0.83895737
HGNC:6494,0.34880245
HGNC:9595,0.71681535
HGNC:19315,0.44551694
HGNC:6886,0.74052393
HGNC:22990,0.32616973
HGNC:971,0.8505244
HGNC:13744,0.8648125
HGNC:17514,0.79469603
HGNC:9817,0.74588
HGNC:9186,0.071593285
HGNC:8976,0.84954417
HGNC:2577,0.52720535
HGNC:19072,0.46451974
HGNC:15716,0.25030947
HGNC:7215,0.52493334
HGNC:30036,0.93494713
HGNC:9491,0.67205745
HGNC:26119,0.61289704
HGNC:29100,0.52748877
HGNC:29280,0.9229046
HGNC:10545,0.5470595
HGNC:25596,0.8437427
HGNC:450,0.7579129
HGNC:21389,0.6989048
HGNC:1928,0.8464452
HGNC:21566,0.26275218
HGNC:389,0.16043472
HGNC:18477,0.66488075
HGNC:7860,0.71451765
HGNC:30882,0.2848423
HGNC:30319,0.2842481
HGNC:23078,0.114372015
HGNC:6483,0.41461724
HGNC:20192,0.35448265
HGNC:19990,0.6760369
HGNC:6294,0.53244233
HGNC:19942,0.67832476
HGNC:22964,0.89430434
HGNC:30033,0.24555433
HGNC:3364,0.12277925
HGNC:6729,0.19677097
HGNC:15550,0.8912419
HGNC:14007,0.41256034
HGNC:10671,0.39897943
HGNC:9676,0.5827198
HGNC:18270,0.32454735
HGNC:16636,0.88590133
HGNC:3800,0.89473754
HGNC:1309,0.74785537
HGNC:17084,0.6775366
HGNC:17733,0.5835134
HGNC:13540,0.8773772
HGNC:11250,0.19778574
HGNC:16231,0.72693187
HGNC:24168,0.37083036
HGNC:28999,0.89618677
HGNC:13764,0.3467195
HGNC:4115,0.34210008
HGNC:29926,0.68287826
HGNC:30232,0.7240474
HGNC:6251,0.8550318
HGNC:2551,0.9513721
HGNC:1333,0.2445671
HGNC:13760,0.9419853
HGNC:17075,0.9352083
HGNC:21074,0.30481976
HGNC:9437,0.63922185
HGNC:20062,0.603375
HGNC:13726,0.91416824
HGNC:13358,0.3150164
HGNC:29400,0.4957553
HGNC:14958,0.8370599
HGNC:14517,0.30212355
HGNC:6169,0.39048064
HGNC:6166,0.08277005
HGNC:26051,0.30005693
HGNC:17277,0.93877596
HGNC:25955,0.9100976
HGNC:4525,0.15210652
HGNC:25161,0.8422121
HGNC:12031,0.5371772
HGNC:21461,0.9032441
HGNC:18015,0.22013521
HGNC:1343,0.41233623
HGNC:4700,0.12360537
HGNC:24627,0.72766083
HGNC:10569,0.05992198
HGNC:11177,0.35065752
HGNC:9024,0.23643625
HGNC:7327,0.22757655
HGNC:3544,0.36364746
HGNC:4227,0.8124352
HGNC:9346,0.85395205
HGNC:589,0.84455097
HGNC:29199,0.4954883
HGNC:25022,0.6042901
HGNC:23784,0.7145486
HGNC:12611,0.4700061
HGNC:13553,0.71993583
HGNC:6493,0.4749899
HGNC:8883,0.54490364
HGNC:18276,0.902326
HGNC:7618,0.9315167
HGNC:9875,0.8787233
HGNC:1461,0.8171371
HGNC:21299,0.3862114
HGNC:30347,0.70087874
HGNC:817,0.7119753
HGNC:29093,0.9072236
HGNC:18999,0.43823063
HGNC:25231,0.34510207
HGNC:25525,0.7558217
HGNC:2853,0.36717415
HGNC:25404,0.11763531
HGNC:14184,0.7581754
HGNC:11609,0.12183392
HGNC:21919,0.48119473
HGNC:9722,0.6494946
HGNC:11568,0.31925267
HGNC:8849,0.3166963
HGNC:6761,0.7771807
HGNC:8750,0.9024359
HGNC:34187,0.4059174
HGNC:11007,0.5994238
HGNC:9507,0.77871263
HGNC:2498,0.6648305
HGNC:2428,0.499906
HGNC:18889,0.17904466
HGNC:14540,0.9217767
HGNC:24236,0.8711347
HGNC:15768,0.6256038
HGNC:4383,0.521072
HGNC:18855,0.21419978
HGNC:26031,0.33916485
HGNC:9683,0.7604618
HGNC:30857,0.79575276
HGNC:30339,0.76698416
HGNC:2186,0.84907025
HGNC:26154,0.8621809
HGNC:21606,0.64411366
HGNC:82,0.36994022
HGNC:976,0.2522738
HGNC:14067,0.85970056
HGNC:13861,0.77388674
HGNC:9350,0.7991457
HGNC:12788,0.5196306
HGNC:11214,0.3665464
HGNC:7666,0.9742852
HGNC:16635,0.23375744
HGNC:10790,0.9026905
HGNC:19297,0.4166963
HGNC:29177,0.7735114
HGNC:1762,0.42512494
HGNC:721,0.08595896
HGNC:29520,0.80076
HGNC:16940,0.31108868
HGNC:12892,0.64241964
HGNC:2422,0.88672245
HGNC:6721,0.10271144
HGNC:14510,0.36019385
HGNC:17233,0.68343925
HGNC:29559,0.8320807
HGNC:622,0.8855041
HGNC:9175,0.63920504
HGNC:15955,0.600064
HGNC:3285,0.93120545
HGNC:13622,0.15708065
HGNC:4332,0.8283413
HGNC:18859,0.41451538
HGNC:10310,0.9358094
HGNC:1370,0.6002133
HGNC:26278,0.20523345
HGNC:23156,0.98197263
HGNC:21604,0.7930397
HGNC:23074,0.43102014
HGNC:346,0.41659516
HGNC:4613,0.18879461
HGNC:13069,0.47752285
HGNC:7449,0.8832361
HGNC:4449,0.5336181
HGNC:19038,0.14827341
HGNC:4805,0.3095125
HGNC:10067,0.8376349
HGNC:1509,0.52552533
HGNC:29191,0.75268763
HGNC:23049,0.4107442
HGNC:2916,0.6675648
HGNC:11210,0.3334841
HGNC:13410,0.2759124
HGNC:12770,0.1844359
HGNC:13909,0.39848214
HGNC:18080,0.3235008
HGNC:29103,0.035030007
HGNC:7809,0.678777
HGNC:17104,0.46937788
HGNC:11536,0.7203598
HGNC:14402,0.9053881
HGNC:17103,0.7049958
HGNC:39979,0.5369489
HGNC:9987,0.42580295
HGNC:26020,0.26192516
HGNC:3168,0.6770017
HGNC:9251,0.42592573
HGNC:18641,0.87739915
HGNC:10911,0.81081253
HGNC:21533,0.42794132
HGNC:3520,0.7270876
HGNC:2156,0.6008925
HGNC:37,0.10337436
HGNC:11139,0.67999864
HGNC:2743,0.21853983
HGNC:1120,0.57500446
HGNC:25531,0.75296223
HGNC:974,0.28718054
HGNC:9210,0.5039955
HGNC:1933,0.1485548
HGNC:29158,0.7280478
HGNC:9121,0.23796457
HGNC:5002,0.7268001
HGNC:16709,0.84811664
HGNC:11544,0.7216078
HGNC:20961,0.7956065
HGNC:568,0.81687254
HGNC:13149,0.24786556
HGNC:11076,0.60056067
HGNC:8028,0.2271164
HGNC:4387,0.70909595
HGNC:6402,0.91843635
HGNC:8091,0.45489305
HGNC:12755,0.43178684
HGNC:9406,0.913762
HGNC:17956,0.818136
HGNC:16855,0.82003975
HGNC:8029,0.8705474
HGNC:4325,0.3343525
HGNC:18043,0.29130632
HGNC:2849,0.78184795
HGNC:3431,0.50505704
HGNC:17692,0.12727809
HGNC:25259,0.7286897
HGNC:228,0.2127698
HGNC:24811,0.35662788
HGNC:21602,0.7300988
HGNC:7699,0.37651157
HGNC:17575,0.96175903
HGNC:7590,0.5963676
HGNC:29528,0.82053185
HGNC:6844,0.92863154
HGNC:14986,0.8687753
HGNC:11088,0.78039634
HGNC:20147,0.3444559
HGNC:2194,0.3288083
HGNC:23064,0.17858768
HGNC:17702,0.6905781
HGNC:9410,0.76908445
HGNC:11838,0.5188022
HGNC:16011,0.57428414
HGNC:23726,0.23648703
HGNC:6983,0.200145
HGNC:11578,0.4580034
HGNC:1733,0.82739484
HGNC:7434,0.5600248
HGNC:17123,0.863134
HGNC:24818,0.84467244
HGNC:8014,0.8934917
HGNC:8780,0.8127251
HGNC:9309,0.81934595
HGNC:2510,0.78184193
HGNC:3312,0.975512
HGNC:11809,0.3391081
HGNC:29284,0.81966156
HGNC:11106,0.9076352
HGNC:22978,0.91293806
HGNC:7806,0.7728604
HGNC:21192,0.33517206
HGNC:11073,0.8141102
HGNC:7807,0.7554971
HGNC:19048,0.3613658
HGNC:1704,0.16888326
HGNC:14418,0.82841134
HGNC:11241,0.92602247
HGNC:13182,0.5537849
HGNC:1180,0.89940137
HGNC:2039,0.27790177
HGNC:16740,0.6540788
HGNC:7106,0.7049267
HGNC:4428,0.6109284
HGNC:3689,0.8619995
HGNC:26004,0.13831347
HGNC:24254,0.3351667
HGNC:3330,0.82272583
HGNC:21080,0.18650985
HGNC:23807,0.17452192
HGNC:23370,0.6476861
HGNC:20226,0.6241941
HGNC:20187,0.6547793
HGNC:15772,0.9208827
HGNC:30931,0.054700613
HGNC:19899,0.6076369
HGNC:29510,0.20800865
HGNC:11356,0.54220825
HGNC:3647,0.59722817
HGNC:7608,0.7708403
HGNC:2699,0.86378694
HGNC:8878,0.29838407
HGNC:5387,0.48734438
HGNC:11206,0.35296345
HGNC:2235,0.9642373
HGNC:9228,0.62538636
HGNC:7754,0.7631894
HGNC:20568,0.8196553
HGNC:8925,0.61200285
HGNC:11916,0.8868743
HGNC:1401,0.78243613
HGNC:3501,0.42288214
HGNC:14560,0.299824
HGNC:9021,0.8173717
HGNC:15815,0.6014986
HGNC:24013,0.36509466
HGNC:28368,0.14979863
HGNC:11999,0.8226683
HGNC:12326,0.54968965
HGNC:24255,0.22257018
HGNC:667,0.94704777
HGNC:2749,0.6943846
HGNC:9412,0.7805383
HGNC:12870,0.7314223
HGNC:29685,0.6970928
HGNC:11509,0.80328345
HGNC:15998,0.86178607
HGNC:5386,0.72634554
HGNC:29478,0.26306808
HGNC:21167,0.79654545
HGNC:816,0.87978256
HGNC:10251,0.897403
HGNC:1539,0.89971924
HGNC:8811,0.78667915
HGNC:5321,0.622949
HGNC:14063,0.97592074
HGNC:9882,0.28900146
HGNC:3690,0.61618185
HGNC:5399,0.1956476
HGNC:24076,0.22662306
HGNC:29932,0.24285495
HGNC:26105,0.41634214
HGNC:6993,0.8518475
HGNC:25402,0.9673754
HGNC:11752,0.8881848
HGNC:8092,0.80465233
HGNC:3571,0.87488735
HGNC:6076,0.8291557
HGNC:30677,0.8437449
HGNC:18706,0.92600495
HGNC:13254,0.94530743
HGNC:25619,0.3833462
HGNC:25786,0.89218247
HGNC:13552,0.66627705
HGNC:17264,0.8212932
HGNC:6924,0.4089654
HGNC:19750,0.16411328
HGNC:17313,0.817448
HGNC:30651,0.20078027
HGNC:25521,0.29456502
HGNC:6318,0.9260379
HGNC:9879,0.7374101
HGNC:20635,0.8822936
HGNC:29262,0.3941692
HGNC:10886,0.39664352
HGNC:25222,0.5764214
HGNC:9310,0.85205334
HGNC:9726,0.37609184
HGNC:4107,0.49123
HGNC:9004,0.8883443
HGNC:20754,0.6336116
HGNC:19037,0.7127201
HGNC:19030,0.70314306
HGNC:19308,0.7395506
HGNC:214,0.09749937
HGNC:18016,0.66099733
HGNC:29923,0.9182034
HGNC:13487,0.8274923
HGNC:14884,0.92049134
HGNC:998,0.8841631
HGNC:6229,0.8209764
HGNC:60,0.6830939
HGNC:4114,0.16999477
HGNC:14351,0.44910163
HGNC:28746,0.5594897
HGNC:6834,0.9379307
HGNC:10258,0.84682316
HGNC:3025,0.11027217
HGNC:11774,0.7025955
HGNC:21019,0.6820065
HGNC:9029,0.06818575
HGNC:16005,0.36253703
HGNC:806,0.76446867
HGNC:7727,0.5141923
HGNC:8959,0.35908914
HGNC:6879,0.794877
HGNC:4401,0.50844634
HGNC:9766,0.31853402
HGNC:1843,0.27175683
HGNC:12520,0.9328897
HGNC:6698,0.78984374
HGNC:4688,0.1597637
HGNC:10607,0.19545579
HGNC:24351,0.70551485
HGNC:8044,0.24026304
HGNC:8882,0.866533
HGNC:9655,0.5706197
HGNC:11274,0.89883626
HGNC:16500,0.72675884
HGNC:3666,0.9282138
HGNC:18798,0.87291986
HGNC:20185,0.18247688
HGNC:17809,0.7944367
HGNC:10696,0.9112039
HGNC:2093,0.25547647
HGNC:3679,0.10138655
HGNC:3973,0.8295236
HGNC:2845,0.5117448
HGNC:21151,0.84389555
HGNC:7188,0.9320785
HGNC:28160,0.43978864
HGNC:19355,0.8295241
HGNC:9174,0.53646994
HGNC:23614,0.2040031
HGNC:25471,0.61942625
HGNC:29159,0.48697597
HGNC:18986,0.36483282
HGNC:7680,0.9153481
HGNC:753,0.5591929
HGNC:570,0.45940304
HGNC:2151,0.08238304
HGNC:10867,0.17534333
HGNC:1912,0.43409908
HGNC:8554,0.91794974
HGNC:11732,0.45668674
HGNC:29523,0.6999558
HGNC:2459,0.93210167
HGNC:9651,0.4928825
HGNC:3259,0.7396796
HGNC:1460,0.90616256
HGNC:11654,0.7895121
HGNC:1736,0.94070226
HGNC:16370,0.60931766
HGNC:3391,0.46058667
HGNC:10912,0.087129
HGNC:18278,0.25655508
HGNC:814,0.96998775
HGNC:14323,0.1755324
HGNC:7665,0.79950714
HGNC:6866,0.9012935
HGNC:7047,0.62488496
HGNC:10334,0.89855504
HGNC:12754,0.9190968
HGNC:21335,0.77509034
HGNC:13370,0.09731138
HGNC:26099,0.33816254
HGNC:10431,0.7278612
HGNC:14587,0.89759904
HGNC:19964,0.7429998
HGNC:6633,0.51291853
HGNC:16405,0.5212754
HGNC:10717,0.81818336
HGNC:12307,0.87617344
HGNC:868,0.9203697
HGNC:11633,0.6963943
HGNC:30809,0.9001851
HGNC:2683,0.9603993
HGNC:6918,0.9306183
HGNC:17945,0.0807215
HGNC:11099,0.2119599
HGNC:18786,0.9378003
HGNC:13749,0.8229814
HGNC:2324,0.6208387
HGNC:15576,0.1640696
HGNC:20797,0.5373937
HGNC:1758,0.13343644
HGNC:8762,0.24972785
HGNC:13621,0.6380505
HGNC:17964,0.24439746
HGNC:9380,0.8979283
HGNC:20973,0.87911975
HGNC:11256,0.06271267
HGNC:163,0.87803364
HGNC:20761,0.50798273
HGNC:10435,0.8599171
HGNC:18639,0.7652492
HGNC:9649,0.3461964
HGNC:16084,0.43912518
HGNC:21263,0.6543274
HGNC:16901,0.7745449
HGNC:6657,0.4706012
HGNC:403,0.47577882
HGNC:11763,0.5904802
HGNC:11289,0.70937407
HGNC:12337,0.92158043
HGNC:17869,0.92750394
HGNC:12474,0.8157962
HGNC:18669,0.73089015
HGNC:18738,0.6769401
HGNC:11111,0.9873344
HGNC:4800,0.9439471
HGNC:3332,0.94562215
HGNC:5012,0.16212666
HGNC:20455,0.639108
HGNC:30748,0.6836027
HGNC:8547,0.56526923
HGNC:3618,0.42690682
HGNC:7777,0.82872266
HGNC:17341,0.34089637
HGNC:92,0.30713987
HGNC:11388,0.4623112
HGNC:13607,0.8844467
HGNC:16467,0.745605
HGNC:2365,0.85078716
HGNC:3497,0.25872523
HGNC:17943,0.8774625
HGNC:25967,0.30367
HGNC:17619,0.58672833
HGNC:7237,0.4853155
HGNC:28462,0.4220459
HGNC:13667,0.83274436
HGNC:9705,0.21130013
HGNC:12828,0.45501494
HGNC:1664,0.6701584
HGNC:20243,0.26407874
HGNC:6944,0.6144974
HGNC:7201,0.428661
HGNC:8600,0.5031141
HGNC:30395,0.18914539
HGNC:15979,0.8662776
HGNC:20917,0.23731434
HGNC:6629,0.46809852
HGNC:8793,0.66593313
HGNC:2022,0.96055186
HGNC:19889,0.5536443
HGNC:10680,0.46230233
HGNC:11109,0.92423666
HGNC:25286,0.19049889
HGNC:23690,0.18837982
HGNC:9886,0.89557314
HGNC:189,0.652386
HGNC:9307,0.71749103
HGNC:15767,0.92447394
HGNC:42,0.48203218
HGNC:16888,0.13766634
HGNC:1690,0.072419286
HGNC:9605,0.8548591
HGNC:28867,0.8317592
HGNC:6852,0.7492215
HGNC:10860,0.67470384
HGNC:11599,0.8924577
HGNC:20367,0.84220636
HGNC:15514,0.88495827
HGNC:8016,0.64348674
HGNC:4318,0.79146856
HGNC:17088,0.8772882
HGNC:16618,0.2970091
HGNC:7883,0.7710643
HGNC:2080,0.62472904
HGNC:9306,0.86973286
HGNC:11715,0.54269266
HGNC:3188,0.93163645
HGNC:18231,0.3055094
HGNC:11140,0.62143844
HGNC:15971,0.7787752
HGNC:24612,0.8828057
HGNC:813,0.58079386
HGNC:1371,0.21099943
HGNC:17038,0.66103625
HGNC:7126,0.79802775
HGNC:1020,0.43491274
HGNC:14311,0.74128926
HGNC:16490,0.83597434
HGNC:10975,0.5446643
HGNC:30940,0.84028006
HGNC:16820,0.5357004
HGNC:6631,0.63330996
HGNC:24175,0.6170423
HGNC:21204,0.62213975
HGNC:29027,0.7765728
HGNC:7890,0.1239599
HGNC:3350,0.58176506
HGNC:10910,0.3201518
HGNC:16948,0.3149457
HGNC:29329,0.7988537
HGNC:20775,0.5141184
HGNC:25540,0.6887028
HGNC:12434,0.41608334
HGNC:29117,0.75598234
HGNC:6296,0.9222839
HGNC:11527,0.25556898
HGNC:24025,0.4062721
HGNC:30750,0.26930737
HGNC:11292,0.27593398
HGNC:3298,0.9367534
HGNC:29929,0.3988099
HGNC:10723,0.84056693
HGNC:13698,0.408917
HGNC:10725,0.6830455
HGNC:26082,0.28866118
HGNC:93,0.3974923
HGNC:29113,0.91944724
HGNC:1850,0.8157309
HGNC:12789,0.5839206
HGNC:17894,0.8755224
HGNC:29680,0.40737307
HGNC:25010,0.35033792
HGNC:244,0.83271503
HGNC:3682,0.5201621
HGNC:9874,0.7743813
HGNC:13526,0.2475788
HGNC:13102,0.22529554
HGNC:6897,0.61844015
HGNC:10989,0.72780734
HGNC:24670,0.97375214
HGNC:3798,0.9380656
HGNC:1409,0.2560146
HGNC:1408,0.732986
HGNC:29127,0.793343
HGNC:30366,0.8299095
HGNC:11148,0.86717296
HGNC:132,0.984552
HGNC:18234,0.18422413
HGNC:9067,0.29070383
HGNC:13816,0.38353777
HGNC:24502,0.34374243
HGNC:2900,0.8216799
HGNC:9788,0.9515946
HGNC:24131,0.45921588
HGNC:23197,0.15061998
HGNC:16860,0.81714356
HGNC:21030,0.35561907
HGNC:24071,0.12633634
HGNC:8616,0.85390073
HGNC:28112,0.34200186
HGNC:17060,0.61310613
HGNC:7113,0.6025044
HGNC:6949,0.8050298
HGNC:17851,0.5574217
HGNC:9904,0.76993734
HGNC:9909,0.40188515
HGNC:962,0.90726477
HGNC:14406,0.7151584
HGNC:7127,0.61776555
HGNC:12572,0.40326953
HGNC:3772,0.20473325
HGNC:25056,0.7563113
HGNC:9993,0.25567746
HGNC:30521,0.6066917
HGNC:9100,0.7038614
HGNC:13452,0.43536818
HGNC:21268,0.61237335
HGNC:12005,0.48391432
HGNC:85,0.27533114
HGNC:12034,0.87368107
HGNC:30043,0.6133364
HGNC:24658,0.43947655
HGNC:5346,0.06712437
HGNC:8022,0.6162078
HGNC:6934,0.6114354
HGNC:4452,0.8417599
HGNC:20564,0.763271
HGNC:29307,0.91225755
HGNC:9858,0.7711594
HGNC:14089,0.80925786
HGNC:681,0.78600943
HGNC:11445,0.4375546
HGNC:6847,0.8930836
HGNC:17871,0.11578524
HGNC:2851,0.7614411
HGNC:15679,0.5338137
HGNC:160,0.6720294
HGNC:9865,0.9589531
HGNC:11990,0.8516647
HGNC:21529,0.95289874
HGNC:7795,0.91736513
HGNC:25009,0.28989875
HGNC:7619,0.6344968
HGNC:24637,0.47937864
HGNC:4664,0.8841901
HGNC:6015,0.4872613
HGNC:20059,0.79722345
HGNC:8592,0.89820504
HGNC:1483,0.78258044
HGNC:2714,0.7725422
HGNC:11151,0.56214195
HGNC:11215,0.30512232
HGNC:24662,0.36654902
HGNC:2964,0.539736
HGNC:17379,0.77453995
HGNC:6691,0.5215632
HGNC:28492,0.7704317
HGNC:14934,0.60199374
HGNC:12442,0.031720996
HGNC:20932,0.8259132
HGNC:164,0.84330535
HGNC:1491,0.9140489
HGNC:11862,0.20841432
HGNC:14526,0.18931746
HGNC:30027,0.892691
HGNC:30557,0.6469307
HGNC:12472,0.9736465
HGNC:3688,0.9056866
HGNC:3722,0.36958295
HGNC:11112,0.7339183
HGNC:3600,0.80135274
HGNC:6144,0.48475564
HGNC:2479,0.10548532
HGNC:6839,0.92965597
HGNC:17311,0.8610207
HGNC:471,0.6067277
HGNC:646,0.8557738
HGNC:6936,0.4098763
HGNC:14582,0.31211126
HGNC:3590,0.24052835
HGNC:16932,0.19353414
HGNC:16066,0.7410642
HGNC:4914,0.97617394
HGNC:8974,0.5523261
HGNC:29851,0.5231437
HGNC:1185,0.7458221
HGNC:12425,0.3908726
HGNC:11504,0.44418538
HGNC:233,0.8493605
HGNC:9311,0.8475145
HGNC:18222,0.82306206
HGNC:4396,0.96215135
HGNC:5109,0.54592776
HGNC:3176,0.7295337
HGNC:16063,0.8889911
HGNC:23486,0.30018884
HGNC:242,0.4421991
HGNC:3677,0.6598635
HGNC:19906,0.79177105
HGNC:6173,0.620033
HGNC:7995,0.74590915
HGNC:12674,0.86560535
HGNC:8727,0.5321086
HGNC:29318,0.926968
HGNC:1536,0.8728726
HGNC:2687,0.835404
HGNC:13890,0.883695
HGNC:9012,0.24798173
HGNC:16104,0.57811856
HGNC:24188,0.6212084
HGNC:15906,0.17268735
HGNC:16177,0.12278068
HGNC:12003,0.8606347
HGNC:16476,0.6780141
HGNC:21647,0.41904414
HGNC:2096,0.1628133
HGNC:1535,0.8420998
HGNC:1756,0.24343997
HGNC:19070,0.87720585
HGNC:3723,0.19543892
HGNC:16388,0.8685013
HGNC:10941,0.850253
HGNC:12833,0.927121
HGNC:13347,0.18553126
HGNC:17133,0.5389421
HGNC:7110,0.3606916
HGNC:11973,0.7292869
HGNC:24616,0.800117
HGNC:10534,0.8063036
HGNC:1718,0.451019
HGNC:16629,0.27869534
HGNC:1814,0.5380601
HGNC:17927,0.8219727
HGNC:19681,0.2533241
HGNC:14214,0.8836074
HGNC:6621,0.33048356
HGNC:3629,0.2620769
HGNC:8576,0.5145306
HGNC:8148,0.9288908
HGNC:316,0.076098084
HGNC:6391,0.42851442
HGNC:16941,0.1459812
HGNC:8905,0.18857813
HGNC:2734,0.7973023
HGNC:2974,0.92005324
HGNC:3379,0.7868028
HGNC:17282,0.7949791
HGNC:21063,0.09090376
HGNC:11442,0.43674582
HGNC:9800,0.2459507
HGNC:23177,0.7023518
HGNC:18677,0.54181355
HGNC:9672,0.10013175
HGNC:2709,0.15805185
HGNC:34427,0.64302105
HGNC:19296,0.77266973
HGNC:10608,0.20430422
HGNC:9984,0.96501637
HGNC:6089,0.9093191
HGNC:18263,0.7637054
HGNC:11030,0.8443721
HGNC:11098,0.90317726
HGNC:14423,0.18647546
HGNC:21595,0.6162841
HGNC:7096,0.74673134
HGNC:14864,0.51716125
HGNC:16974,0.94033116
HGNC:29676,0.11282003
HGNC:2300,0.16471362
HGNC:1957,0.36595654
HGNC:6291,0.91143954
HGNC:7880,0.9420424
HGNC:9508,0.863717
HGNC:2321,0.6976206
HGNC:1322,0.6501036
HGNC:9833,0.10958272
HGNC:5253,0.81245184
HGNC:9893,0.4459077
HGNC:24476,0.8459242
HGNC:32326,0.7737014
HGNC:4890,0.07956147
HGNC:16909,0.53738374
HGNC:573,0.6963479
HGNC:25642,0.76767653
HGNC:29647,0.7357518
HGNC:4603,0.19339836
HGNC:317,0.3149501
HGNC:2206,0.53023547
HGNC:11639,0.66267645
HGNC:21652,0.59461105
HGNC:1766,0.77034605
HGNC:18362,0.37890977
HGNC:30023,0.8146672
HGNC:20217,0.29173398
HGNC:664,0.41160643
HGNC:6996,0.8917736
HGNC:9666,0.8511408
HGNC:1397,0.5875404
HGNC:9023,0.57997245
HGNC:23230,0.6114673
HGNC:11396,0.66252315
HGNC:1719,0.7560215
HGNC:29161,0.29084927
HGNC:6694,0.8070067
HGNC:23780,0.27560174
HGNC:25724,0.15560234
HGNC:3067,0.40703332
HGNC:21298,0.18819106
HGNC:28969,0.20230126
HGNC:10916,0.0935961
HGNC:16018,0.7429763
HGNC:8689,0.117942214
HGNC:8672,0.2140994
HGNC:8700,0.14575118
HGNC:20610,0.82566905
HGNC:3706,0.60620576
HGNC:5972,0.42380786
HGNC:11108,0.81383866
HGNC:25495,0.5409527
HGNC:4036,0.70569277
HGNC:13680,0.17874044
HGNC:13205,0.60023934
HGNC:18380,0.8617902
HGNC:8910,0.7437903
HGNC:14326,0.17391205
HGNC:6984,0.3083477
HGNC:25639,0.39967763
HGNC:1600,0.8221788
HGNC:21084,0.81286657
HGNC:2196,0.24564433
HGNC:3380,0.67068005
HGNC:23571,0.6720126
HGNC:7221,0.9602643
HGNC:6277,0.69677335
HGNC:25236,0.6137678
HGNC:12035,0.3389396
HGNC:14480,0.33659947
HGNC:20043,0.39211148
HGNC:8154,0.38242978
HGNC:7781,0.8899373
HGNC:10737,0.5439602
HGNC:4617,0.9139781
HGNC:6160,0.51840734
HGNC:17072,0.61025304
HGNC:12825,0.9890768
HGNC:13716,0.06856561
HGNC:10057,0.481216
HGNC:17992,0.6694281
HGNC:26144,0.25988883
HGNC:25229,0.19464129
HGNC:987,0.37239176
HGNC:13013,0.9623511
HGNC:25817,0.9355667
HGNC:13480,0.5793383
HGNC:2799,0.8818862
HGNC:6401,0.9704298
HGNC:9081,0.32192576
HGNC:8536,0.14170021
HGNC:6147,0.27747136
HGNC:20604,0.27717865
HGNC:23352,0.42856258
HGNC:20612,0.59454256
HGNC:8057,0.2378062
HGNC:20418,0.897067
HGNC:8527,0.7333414
HGNC:19901,0.85764456
HGNC:3053,0.12641156
HGNC:2584,0.9011819
HGNC:10999,0.16487712
HGNC:14096,0.6911312
HGNC:26279,0.16757381
HGNC:20645,0.6893035
HGNC:25949,0.35981762
HGNC:21036,0.19638526
HGNC:13057,0.3641333
HGNC:10426,0.9607132
HGNC:3595,0.65332574
HGNC:30626,0.9500369
HGNC:24537,0.498466
HGNC:25082,0.6859559
HGNC:9258,0.7601558
HGNC:12877,0.26957935
HGNC:18063,0.7496782
HGNC:28473,0.4326464
HGNC:9966,0.8615682
HGNC:4806,0.12351
HGNC:30579,0.62598884
HGNC:4638,0.4341234
HGNC:598,0.69381475
HGNC:29288,0.61120933
HGNC:10956,0.10451126
HGNC:16461,0.9203718
HGNC:3272,0.85747725
HGNC:25743,0.7222502
HGNC:2193,0.48561293
HGNC:30685,0.8766453
HGNC:603,0.6010364
HGNC:7668,0.85793734
HGNC:26147,0.543647
HGNC:29155,0.7457825
HGNC:6321,0.84366196
HGNC:9759,0.9631135
HGNC:4196,0.13809514
HGNC:4801,0.5837097
HGNC:6892,0.85755193
HGNC:33904,0.81971127
HGNC:1689,0.437454
HGNC:6210,0.27856457
HGNC:25657,0.9148276
HGNC:886,0.93242013
HGNC:11542,0.3384447
HGNC:3623,0.079485655
HGNC:14955,0.7896251
HGNC:3498,0.92050815
HGNC:10563,0.8443113
HGNC:9358,0.7332393
HGNC:21033,0.6873081
HGNC:30379,0.7294755
HGNC:29141,0.7703167
HGNC:20451,0.54948604
HGNC:8524,0.3336789
HGNC:20662,0.3246085
HGNC:6856,0.88292134
HGNC:20396,0.15458632
HGNC:18132,0.44471043
HGNC:40,0.6680876
HGNC:13005,0.44549787
HGNC:381,0.43378413
HGNC:2316,0.12249744
HGNC:30346,0.5309007
HGNC:3338,0.71477807
HGNC:12776,0.70407975
HGNC:7441,0.39230454
HGNC:29106,0.4716426
HGNC:18657,0.6180492
HGNC:3419,0.6837101
HGNC:8487,0.3525892
HGNC:7063,0.46117103
HGNC:16930,0.9822942
HGNC:21498,0.813758
HGNC:20069,0.21420705
HGNC:19139,0.3186369
HGNC:9826,0.25039816
HGNC:19035,0.47276235
HGNC:5229,0.7922095
HGNC:924,0.67925465
HGNC:26942,0.5966599
HGNC:7803,0.69507504
HGNC:639,0.3719622
HGNC:30217,0.3909064
HGNC:20628,0.7070468
HGNC:3788,0.45162314
HGNC:24921,0.5336132
HGNC:16473,0.057505608
HGNC:17572,0.36072838
HGNC:14974,0.298356
HGNC:19685,0.9435206
HGNC:14484,0.22424698
HGNC:4833,0.3107552
HGNC:14897,0.70248246
HGNC:1818,0.28799796
HGNC:3596,0.57437766
HGNC:25503,0.95456684
HGNC:16996,0.9251014
HGNC:14355,0.43239778
HGNC:30164,0.75182813
HGNC:5211,0.18503374
HGNC:18578,0.9004095
HGNC:9243,0.85050696
HGNC:12749,0.35386586
HGNC:30892,0.96894366
HGNC:13194,0.5799538
HGNC:15672,0.5615128
HGNC:7550,0.20815748
HGNC:7891,0.15369552
HGNC:121,0.25521713
HGNC:7450,0.591418
HGNC:14375,0.17123753
HGNC:23238,0.13451165
HGNC:12311,0.5519232
HGNC:108,0.9027865
HGNC:3999,0.17098689
HGNC:24101,0.78448427
HGNC:959,0.68380773
HGNC:29858,0.96624506
HGNC:14937,0.4724995
HGNC:218,0.80337214
HGNC:24465,0.2709735
HGNC:25416,0.9443293
HGNC:30029,0.41300452
HGNC:9552,0.9080973
HGNC:30298,0.5340325
HGNC:1869,0.0925802
HGNC:7166,0.80504286
HGNC:7408,0.5288508
HGNC:26032,0.4014911
HGNC:4389,0.9566084
HGNC:25585,0.18275547
HGNC:10825,0.33067012
HGNC:16821,0.52145433
HGNC:243,0.82153046
HGNC:20499,0.4250449
HGNC:19965,0.5153487
HGNC:23169,0.6256002
HGNC:13389,0.5548314
HGNC:23843,0.53348625
HGNC:10769,0.87122816
HGNC:29252,0.591087
HGNC:4392,0.8014285
HGNC:2973,0.7109139
HGNC:9607,0.7816307
HGNC:15833,0.8517097
HGNC:30208,0.59565324
HGNC:11744,0.87314427
HGNC:11393,0.81765413
HGNC:15878,0.6768141
HGNC:30048,0.13258433
HGNC:30205,0.25038558
HGNC:9983,0.8891237
HGNC:25755,0.13996398
HGNC:11459,0.6453128
HGNC:23157,0.5625648
HGNC:7879,0.9769887
HGNC:14388,0.13606453
HGNC:9656,0.8229297
HGNC:2741,0.70408064
HGNC:6316,0.9697361
HGNC:4379,0.913303
HGNC:14987,0.45778036
HGNC:15877,0.49928474
HGNC:2979,0.7604724
HGNC:15922,0.19914317
HGNC:1249,0.83715093
HGNC:16119,0.39902186
HGNC:3378,0.7843888
HGNC:10920,0.242769
HGNC:14132,0.8574488
HGNC:20265,0.7495003
HGNC:20324,0.23098338
HGNC:2989,0.8903888
HGNC:24837,0.4023592
HGNC:25302,0.32431495
HGNC:25620,0.18174154
HGNC:16666,0.21000814
HGNC:25509,0.39756382
HGNC:16148,0.44623435
HGNC:16206,0.08841705
HGNC:14950,0.8267704
HGNC:885,0.871763
HGNC:15862,0.7584374
HGNC:11127,0.065435946
HGNC:3711,0.909895
HGNC:15912,0.70272696
HGNC:16438,0.428864
HGNC:17721,0.5601214
HGNC:16017,0.33693588
HGNC:29278,0.60993105
HGNC:15771,0.43791032
HGNC:29233,0.25738412
HGNC:30139,0.8628868
HGNC:3529,0.07036972
HGNC:12836,0.7649788
HGNC:15476,0.9434851
HGNC:26065,0.68309784
HGNC:14969,0.57887286
HGNC:10362,0.91471785
HGNC:15757,0.10248506
HGNC:6889,0.78519154
HGNC:8537,0.29435456
HGNC:15898,0.65737844
HGNC:9892,0.42629886
HGNC:15713,0.5380171
HGNC:10974,0.72669065
HGNC:26175,0.18199086
HGNC:15876,0.3548087
HGNC:15858,0.13370371
HGNC:13610,0.8959472
HGNC:15872,0.41443408
HGNC:14216,0.8999093
HGNC:15859,0.7482158
HGNC:8086,0.29349375
HGNC:4199,0.85185534
HGNC:10371,0.8588078
HGNC:9718,0.703825
HGNC:14932,0.20359385
HGNC:17056,0.68235415
HGNC:15869,0.38735062
HGNC:20900,0.5392343
HGNC:1930,0.36088866
HGNC:8630,0.52736336
HGNC:11604,0.93691885
HGNC:1099,0.5943807
HGNC:13799,0.52250576
HGNC:23044,0.878659
HGNC:4010,0.88385165
HGNC:5461,0.92073685
HGNC:4029,0.38595915
HGNC:13848,0.29418832
HGNC:29305,0.6464106
HGNC:4027,0.23852289
HGNC:4866,0.6212873
HGNC:13234,0.7511014
HGNC:19172,0.12100589
HGNC:6253,0.87207186
HGNC:4138,0.84550947
HGNC:24852,0.4927202
HGNC:25617,0.7783475
HGNC:593,0.4350028
HGNC:6476,0.6505724
HGNC:20351,0.14613134
HGNC:13266,0.7309902
HGNC:13112,0.51044303
HGNC:24539,0.69804263
HGNC:674,0.8097911
HGNC:29424,0.299734
HGNC:16717,0.35020298
HGNC:17441,0.9464046
HGNC:20210,0.6031069
HGNC:6717,0.7594222
HGNC:1063,0.26561332
HGNC:11071,0.8271958
HGNC:11277,0.44373047
HGNC:14981,0.91527724
HGNC:1596,0.9382051
HGNC:8652,0.6538188
HGNC:9991,0.5670788
HGNC:18327,0.66501313
HGNC:16634,0.37661767
HGNC:7697,0.24845433
HGNC:8045,0.8078345
HGNC:13731,0.77862066
HGNC:5344,0.56542623
HGNC:15721,0.8510415
HGNC:17020,0.11131537
HGNC:6740,0.36444616
HGNC:10856,0.101388216
HGNC:25762,0.34962118
HGNC:11745,0.9359141
HGNC:8767,0.35395497
HGNC:20373,0.61300147
HGNC:3658,0.10274887
HGNC:14889,0.6666677
HGNC:19317,0.20740277
HGNC:11795,0.7184215
HGNC:1949,0.6591735
HGNC:3766,0.8274569
HGNC:17224,0.845734
HGNC:23026,0.22912514
HGNC:13061,0.31579387
HGNC:4426,0.7178213
HGNC:8557,0.88341033
HGNC:1641,0.155146
HGNC:23747,0.101884365
HGNC:13356,0.6356505
HGNC:18533,0.915565
HGNC:3226,0.9177197
HGNC:30264,0.4110946
HGNC:20,0.6045572
HGNC:4316,0.8734188
HGNC:13339,0.885741
HGNC:11969,0.8963205
HGNC:29515,0.5330707
HGNC:2909,0.45602417
HGNC:28918,0.33449274
HGNC:21044,0.89065224
HGNC:30380,0.6708797
HGNC:29243,0.87085044
HGNC:9220,0.85313725
HGNC:16396,0.74891853
HGNC:15973,0.5119321
HGNC:16412,0.395639
HGNC:26033,0.47923213
HGNC:6491,0.12053251
HGNC:7994,0.73441213
HGNC:6486,0.508854
HGNC:8818,0.121278465
HGNC:3018,0.3427757
HGNC:2898,0.69676685
HGNC:13490,0.8629055
HGNC:12436,0.8259508
HGNC:6017,0.21808934
HGNC:57,0.13669264
HGNC:19177,0.61284757
HGNC:6142,0.6417496
HGNC:16626,0.80402803
HGNC:11122,0.6476523
HGNC:3700,0.7015195
HGNC:29108,0.7035187
HGNC:11740,0.49161607
HGNC:26928,0.7599694
HGNC:7594,0.32653058
HGNC:25996,0.9135257
HGNC:616,0.06636351
HGNC:14374,0.36858845
HGNC:21043,0.87074697
HGNC:11216,0.64837587
HGNC:17151,0.2036835
HGNC:30939,0.8994564
HGNC:16703,0.75331163
HGNC:2296,0.1928953
HGNC:29913,0.55273384
HGNC:3467,0.9097098
HGNC:14088,0.7173627
HGNC:485,0.78347826
HGNC:28653,0.4798782
HGNC:7203,0.7146722
HGNC:30649,0.5854822
HGNC:2097,0.10882616
HGNC:9568,0.727821
HGNC:17485,0.4505309
HGNC:20163,0.6006874
HGNC:20156,0.911506
HGNC:7577,0.5892735
HGNC:1836,0.44578862
HGNC:11066,0.34797525
HGNC:18028,0.48034018
HGNC:23095,0.64456093
HGNC:16031,0.8837552
HGNC:20726,0.8294061
HGNC:20338,0.8024941
HGNC:20157,0.893061
HGNC:5035,0.9328617
HGNC:13436,0.26661694
HGNC:11465,0.95024246
HGNC:20161,0.8402345
HGNC:10884,0.352283
HGNC:11777,0.3092457
HGNC:11824,0.6128014
HGNC:2685,0.8147738
HGNC:18502,0.13891435
HGNC:10738,0.86135775
HGNC:17994,0.58189434
HGNC:12446,0.51175463
HGNC:25773,0.39403677
HGNC:1480,0.27959704
HGNC:11131,0.82430935
HGNC:11594,0.812302
HGNC:8923,0.5345002
HGNC:2219,0.4572574
HGNC:12691,0.7627384
HGNC:7587,0.5830247
HGNC:3262,0.97668564
HGNC:11725,0.18017107
HGNC:19715,0.6795311
HGNC:24821,0.72452414
HGNC:23147,0.37436807
HGNC:25458,0.61358875
HGNC:3014,0.9100796
HGNC:11768,0.92750007
HGNC:25499,0.31435823
HGNC:8065,0.67880464
HGNC:1739,0.5749803
HGNC:2228,0.2085998
HGNC:16431,0.41420114
HGNC:21489,0.28079426
HGNC:6703,0.32182968
HGNC:16828,0.35921144
HGNC:12839,0.13816786
HGNC:14064,0.97393894
HGNC:8207,0.09023595
HGNC:4089,0.14946848
HGNC:6448,0.50891095
HGNC:1744,0.36878008
HGNC:28334,0.8387232
HGNC:1724,0.8436711
HGNC:13666,0.30255938
HGNC:1555,0.9530739
HGNC:3770,0.23047483
HGNC:1240,0.78557044
HGNC:7325,0.7717998
HGNC:6848,0.87000525
HGNC:2869,0.48341715
HGNC:19885,0.28740025
HGNC:28527,0.07039559
HGNC:649,0.94430935
HGNC:19818,0.84159523
HGNC:25535,0.5050322
HGNC:9563,0.386647
HGNC:9604,0.53583586
HGNC:17859,0.78840655
HGNC:2342,0.36618286
HGNC:16884,0.6238096
HGNC:18026,0.41168404
HGNC:16361,0.5130589
HGNC:8787,0.3500129
HGNC:25613,0.27350497
HGNC:10735,0.43351078
HGNC:17307,0.9151709
HGNC:14283,0.83433473
HGNC:14211,0.7711954
HGNC:11844,0.11683667
HGNC:2603,0.27709126
HGNC:11712,0.88145477
HGNC:14565,0.5469954
HGNC:14882,0.563646
HGNC:30251,0.5129595
HGNC:5966,0.2119888
HGNC:7601,0.16811323
HGNC:17327,0.9603826
HGNC:2352,0.72007126
HGNC:8042,0.38104475
HGNC:14118,0.07251024
HGNC:37244,0.20768237
HGNC:4920,0.883379
HGNC:17761,0.18961954
HGNC:14464,0.14565122
HGNC:16904,0.17794347
HGNC:3721,0.7741448
HGNC:11305,0.61582947
HGNC:14256,0.9083332
HGNC:14515,0.31018442
HGNC:8890,0.11157775
HGNC:21076,0.39900756
HGNC:16406,0.21863896
HGNC:6732,0.11388183
HGNC:5258,0.9137567
HGNC:7141,0.20796156
HGNC:1743,0.92806405
HGNC:6182,0.55537146
HGNC:12975,0.7055496
HGNC:3052,0.79946196
HGNC:14929,0.7454191
HGNC:5043,0.91009307
HGNC:21424,0.31929785
HGNC:6192,0.78610945
HGNC:5971,0.24962348
HGNC:76,0.914575
HGNC:24157,0.77596176
HGNC:10833,0.8797646
HGNC:1745,0.42676133
HGNC:25841,0.26579964
HGNC:8747,0.62037677
HGNC:10571,0.85657763
HGNC:17291,0.21943963
HGNC:78,0.78842014
HGNC:23703,0.4210695
HGNC:14244,0.81556976
HGNC:8004,0.8207629
HGNC:23333,0.15907454
HGNC:15846,0.45093143
HGNC:23298,0.46936858
HGNC:14453,0.9137376
HGNC:19036,0.8706182
HGNC:13108,0.23528379
HGNC:26221,0.31965625
HGNC:7609,0.8827615
HGNC:6281,0.23969841
HGNC:25243,0.3201697
HGNC:9566,0.6747731
HGNC:25300,0.9591973
HGNC:18539,0.8988756
HGNC:18324,0.27667058
HGNC:29010,0.9240508
HGNC:1006,0.61793864
HGNC:3222,0.58831316
HGNC:1982,0.77313226
HGNC:837,0.5026727
HGNC:28617,0.571445
HGNC:15813,0.31137788
HGNC:462,0.13310033
HGNC:5468,0.103669286
HGNC:5046,0.9669817
HGNC:28038,0.600685
HGNC:7702,0.37132335
HGNC:4551,0.7440089
HGNC:11816,0.4390468
HGNC:1734,0.89960164
HGNC:7413,0.42801964
HGNC:27000,0.12962013
HGNC:20362,0.80192083
HGNC:9192,0.262621
HGNC:9200,0.22240889
HGNC:4846,0.7664629
HGNC:7521,0.11211026
HGNC:26950,0.10387874
HGNC:1166,0.1352421
HGNC:4096,0.76415277
HGNC:8594,0.6845934
HGNC:6765,0.40159392
HGNC:7111,0.5355754
HGNC:728,0.34634507
HGNC:24974,0.33351457
HGNC:9847,0.89776623
HGNC:18474,0.7904297
HGNC:25888,0.7572388
HGNC:14248,0.8572192
HGNC:4838,0.17454374
HGNC:11133,0.4669417
HGNC:2363,0.82221967
HGNC:6742,0.03443134
HGNC:7157,0.436773
HGNC:1840,0.8866374
HGNC:11103,0.94166785
HGNC:8538,0.22427857
HGNC:14236,0.22960281
HGNC:11062,0.20249933
HGNC:17164,0.4032544
HGNC:33446,0.2290883
HGNC:2732,0.3053519
HGNC:4642,0.31492162
HGNC:8506,0.4354574
HGNC:24187,0.5586631
HGNC:23609,0.61015546
HGNC:30667,0.15266114
HGNC:10765,0.86099213
HGNC:4260,0.2951985
HGNC:33434,0.1977585
HGNC:10699,0.42256117
HGNC:18655,0.08924317
HGNC:29022,0.8131083
HGNC:9261,0.65901864
HGNC:16297,0.14747965
HGNC:12845,0.88515544
HGNC:11160,0.93510497
HGNC:8848,0.757846
HGNC:6871,0.96811116
HGNC:4250,0.5276508
HGNC:9453,0.26618433
HGNC:19388,0.5196047
HGNC:17058,0.50104654
HGNC:11993,0.6486523
HGNC:2400,0.116669
HGNC:9505,0.6348618
HGNC:7038,0.25075996
HGNC:16422,0.693485
HGNC:25323,0.2265743
HGNC:10979,0.7196213
HGNC:290,0.7752774
HGNC:17934,0.17828369
HGNC:6562,0.2016387
HGNC:17842,0.9025293
HGNC:4916,0.9259011
HGNC:10824,0.6579164
HGNC:10763,0.7645608
HGNC:6561,0.38742304
HGNC:15844,0.5180741
HGNC:24942,0.46695095
HGNC:33910,0.15144837
HGNC:13071,0.93613625
HGNC:17009,0.42398405
HGNC:17165,0.41493624
HGNC:4188,0.30385673
HGNC:18596,0.08573854
HGNC:2397,0.45824587
HGNC:25185,0.5369841
HGNC:18138,0.8192806
HGNC:29804,0.4602759
HGNC:9193,0.58800876
HGNC:11190,0.9448129
HGNC:26185,0.16821057
HGNC:18423,0.75157106
HGNC:9394,0.6944468
HGNC:29179,0.88333505
HGNC:16270,0.23491263
HGNC:18352,0.4158479
HGNC:11036,0.50578207
HGNC:11039,0.14744276
HGNC:6306,0.1320194
HGNC:2625,0.049544573
HGNC:2740,0.95406216
HGNC:2927,0.52106345
HGNC:11631,0.9502882
HGNC:28913,0.3908928
HGNC:1307,0.45432228
HGNC:18002,0.80800223
HGNC:13437,0.20930564
HGNC:12801,0.68496776
HGNC:26935,0.6905716
HGNC:28953,0.75197756
HGNC:13586,0.41795862
HGNC:4669,0.8729243
HGNC:23782,0.69672567
HGNC:9775,0.18717939
HGNC:11822,0.834792
HGNC:19253,0.74513483
HGNC:10542,0.8093512
HGNC:14210,0.55182856
HGNC:2873,0.3906312
HGNC:2955,0.42191064
HGNC:26931,0.11231375
HGNC:14522,0.08306342
HGNC:25096,0.034092784
HGNC:1308,0.22795272
HGNC:8571,0.7019528
HGNC:1312,0.48083562
HGNC:16954,0.46279573
HGNC:554,0.86112654
HGNC:5003,0.75950897
HGNC:11982,0.33951712
HGNC:7737,0.24820101
HGNC:1938,0.37735546
HGNC:1051,0.17684603
HGNC:5013,0.35896182
HGNC:29622,0.30669367
HGNC:19074,0.7007774
HGNC:6948,0.6251535
HGNC:24100,0.27541542
HGNC:713,0.23023343
HGNC:1158,0.36235964
HGNC:18229,0.7855567
HGNC:28974,0.2086016
HGNC:1557,0.7774292
HGNC:8800,0.80389476
HGNC:126,0.4452628
HGNC:20834,0.60461366
HGNC:10332,0.90710473
HGNC:28046,0.3746357
HGNC:9906,0.90154415
HGNC:11498,0.6726978
HGNC:18157,0.4586507
HGNC:24103,0.69353056
HGNC:7451,0.83201104
HGNC:25979,0.5658752
HGNC:14867,0.3447572
HGNC:24888,0.17170805
HGNC:618,0.1769427
HGNC:18590,0.23561579
HGNC:7579,0.9561421
HGNC:1396,0.8677181
HGNC:24276,0.43248564
HGNC:17772,0.4280839
HGNC:26264,0.59120125
HGNC:4563,0.5422158
HGNC:3278,0.9245495
HGNC:29190,0.8885299
HGNC:25228,0.323305
HGNC:18626,0.29323626
HGNC:6915,0.36500597
HGNC:1314,0.60206777
HGNC:7662,0.24830586
HGNC:2436,0.7153859
HGNC:10987,0.32995594
HGNC:12580,0.1190995
HGNC:25705,0.6172565
HGNC:11343,0.7894114
HGNC:6009,0.63023376
HGNC:9928,0.96813685
HGNC:3373,0.9439193
HGNC:18594,0.53329736
HGNC:25165,0.2070322
HGNC:9854,0.67298454
HGNC:30869,0.8093394
HGNC:18000,0.97165114
HGNC:118,0.77206707
HGNC:30349,0.32975036
HGNC:25481,0.19037753
HGNC:9114,0.42906082
HGNC:24577,0.59610975
HGNC:19256,0.5300507
HGNC:1102,0.85829186
HGNC:20721,0.7868315
HGNC:17082,0.33775914
HGNC:18128,0.1112594
HGNC:6273,0.6754545
HGNC:20154,0.42026532
HGNC:20166,0.46484363
HGNC:3719,0.48591173
HGNC:20275,0.20115745
HGNC:2532,0.3493768
HGNC:4710,0.1171844
HGNC:4709,0.08277345
HGNC:20155,0.2674442
HGNC:10894,0.9443507
HGNC:2180,0.43692827
HGNC:575,0.31123114
HGNC:9178,0.47993416
HGNC:20352,0.16495228
HGNC:11188,0.85094273
HGNC:1781,0.31182444
HGNC:14906,0.66165304
HGNC:9725,0.31415957
HGNC:16288,0.90757513
HGNC:9553,0.91274047
HGNC:19980,0.5350746
HGNC:19714,0.7822076
HGNC:1791,0.60704195
HGNC:19431,0.8522047
HGNC:15528,0.34248936
HGNC:13527,0.5617681
HGNC:20189,0.23949707
HGNC:19238,0.28152514
HGNC:8964,0.5461151
HGNC:23346,0.103503585
HGNC:9532,0.9153503
HGNC:17793,0.61305094
HGNC:11819,0.5759376
HGNC:4643,0.22201353
HGNC:19960,0.3898635
HGNC:18633,0.495916
HGNC:18631,0.16312909
HGNC:1189,0.921584
HGNC:18142,0.83514327
HGNC:23176,0.14367115
HGNC:11278,0.8068874
HGNC:18751,0.3297776
HGNC:9472,0.58045954
HGNC:17911,0.3321815
HGNC:16696,0.8945952
HGNC:1929,0.44619125
HGNC:6177,0.8671726
HGNC:21524,0.13929749
HGNC:9275,0.9426204
HGNC:10890,0.78911495
HGNC:23233,0.6022096
HGNC:16012,0.20878345
HGNC:20359,0.27579737
HGNC:3447,0.96888
HGNC:4910,0.8496351
HGNC:19956,0.661003
HGNC:10787,0.8584567
HGNC:10905,0.05341351
HGNC:3299,0.8851123
HGNC:8948,0.09400678
HGNC:11070,0.6359296
HGNC:17098,0.9024924
HGNC:20760,0.59187186
HGNC:7432,0.6816919
HGNC:11648,0.13638341
HGNC:20509,0.7669304
HGNC:29099,0.2975726
HGNC:1029,0.28542012
HGNC:20343,0.6830739
HGNC:12718,0.64215237
HGNC:9547,0.9578976
HGNC:19262,0.12779617
HGNC:10434,0.86237967
HGNC:20162,0.6327689
HGNC:9542,0.90750563
HGNC:12856,0.96963996
HGNC:17066,0.88158447
HGNC:19437,0.5029721
HGNC:12305,0.5843132
HGNC:587,0.42277598
HGNC:8565,0.61117417
HGNC:16898,0.24690735
HGNC:675,0.8753189
HGNC:23789,0.4322055
HGNC:18349,0.13670647
HGNC:11301,0.91175044
HGNC:2319,0.76527953
HGNC:20153,0.95513266
HGNC:8725,0.11679649
HGNC:19958,0.26552534
HGNC:20258,0.68202007
HGNC:9535,0.94624037
HGNC:7797,0.92899126
HGNC:20273,0.41591024
HGNC:9569,0.7084236
HGNC:20512,0.7186111
HGNC:16879,0.56143
HGNC:11864,0.4700504
HGNC:10701,0.51692367
HGNC:4377,0.32894433
HGNC:9162,0.7283032
HGNC:9795,0.4152547
HGNC:7778,0.7618751
HGNC:9093,0.3199116
HGNC:16200,0.92397463
HGNC:4624,0.48742682
HGNC:7176,0.26297677
HGNC:12723,0.43404675
HGNC:16181,0.766801
HGNC:9723,0.34702605
HGNC:15868,0.56368804
HGNC:9452,0.4154415
HGNC:28980,0.33961594
HGNC:29163,0.114490926
HGNC:11919,0.7834722
HGNC:15891,0.29818696
HGNC:9397,0.93873817
HGNC:13900,0.20891535
HGNC:15901,0.48145378
HGNC:7548,0.75980574
HGNC:16249,0.14545661
HGNC:5024,0.78837115
HGNC:14462,0.6802007
HGNC:17329,0.39724493
HGNC:15870,0.65734005
HGNC:7776,0.8848517
HGNC:16183,0.82031894
HGNC:15797,0.60049343
HGNC:11408,0.66719663
HGNC:15924,0.94127196
HGNC:15766,0.96011984
HGNC:8868,0.68102515
HGNC:16173,0.54698074
HGNC:2483,0.8947455
HGNC:1074,0.7554441
HGNC:9828,0.8933322
HGNC:12007,0.3725679
HGNC:16235,0.90085256
HGNC:15934,0.7570574
HGNC:2547,0.15891623
HGNC:15860,0.7887279
HGNC:16257,0.27493513
HGNC:5184,0.7033895
HGNC:16239,0.37043136
HGNC:9536,0.9522658
HGNC:10953,0.29654717
HGNC:8039,0.12767124
HGNC:15866,0.87726295
HGNC:11646,0.83007455
HGNC:2680,0.8776218
HGNC:15857,0.9165755
HGNC:16192,0.18231022
HGNC:13702,0.2002362
HGNC:16191,0.41917682
HGNC:15852,0.62036943
HGNC:894,0.49140203
HGNC:14670,0.06960809
HGNC:1958,0.5191146
HGNC:3192,0.95541865
HGNC:9617,0.18838847
HGNC:4371,0.89364564
HGNC:15873,0.38763845
HGNC:15874,0.3293048
HGNC:1726,0.75852036
HGNC:16213,0.60720396
HGNC:13779,0.63080883
HGNC:662,0.7548561
HGNC:15899,0.31265533
HGNC:15897,0.12698412
HGNC:16228,0.17661595
HGNC:9883,0.47075194
HGNC:2457,0.89620745
HGNC:16187,0.6233345
HGNC:487,0.120331705
HGNC:16175,0.15112495
HGNC:1801,0.57602906
HGNC:15836,0.24076533
HGNC:16435,0.8188106
HGNC:15931,0.84958804
HGNC:16243,0.5786591
HGNC:15928,0.16424382
HGNC:10702,0.35347676
HGNC:15889,0.43291217
HGNC:4809,0.13268757
HGNC:8820,0.14889675
HGNC:16153,0.31591654
HGNC:9059,0.6926656
HGNC:15754,0.61610997
HGNC:4840,0.6882956
HGNC:30797,0.8621472
HGNC:16112,0.29159033
HGNC:15762,0.6133473
HGNC:14988,0.80380595
HGNC:15925,0.3931507
HGNC:15916,0.904356
HGNC:6320,0.7489145
HGNC:16125,0.32930958
HGNC:15911,0.77266604
HGNC:15799,0.35442752
HGNC:5385,0.356434
HGNC:6890,0.9025576
HGNC:6188,0.92691123
HGNC:15880,0.1956706
HGNC:11167,0.6056808
HGNC:8528,0.6617524
HGNC:29029,0.41993225
HGNC:3113,0.8963328
HGNC:16209,0.7697957
HGNC:15920,0.3395443
HGNC:16171,0.93068504
HGNC:1095,0.1256262
HGNC:16233,0.05674815
HGNC:11018,0.83940053
HGNC:2475,0.2449131
HGNC:745,0.1881491
HGNC:2476,0.07425821
HGNC:14671,0.32973278
HGNC:15939,0.3761797
HGNC:343,0.7067361
HGNC:15850,0.9001767
HGNC:11248,0.06475204
HGNC:15932,0.11417079
HGNC:15861,0.24106014
HGNC:16160,0.79391825
HGNC:6838,0.60575914
HGNC:15885,0.6978911
HGNC:15791,0.46813345
HGNC:11944,0.61330056
HGNC:15919,0.24957329
HGNC:13238,0.22044373
HGNC:14015,0.9197942
HGNC:28990,0.9092679
HGNC:1760,0.7516022
HGNC:23803,0.74177516
HGNC:26120,0.3029682
HGNC:12612,0.7972024
HGNC:12648,0.79595613
HGNC:24726,0.29096812
HGNC:14450,0.6569202
HGNC:29090,0.89563453
HGNC:7613,0.19609123
HGNC:16701,0.6452363
HGNC:25727,0.49568766
HGNC:17827,0.46287715
HGNC:25515,0.48887897
HGNC:10075,0.46460992
HGNC:6773,0.90234727
HGNC:6623,0.41020513
HGNC:6481,0.48194492
HGNC:21150,0.29338259
HGNC:29135,0.8716588
HGNC:7870,0.90323377
HGNC:9182,0.2232328
HGNC:21086,0.109173775
HGNC:9891,0.42308468
HGNC:11451,0.44836104
HGNC:2484,0.9674201
HGNC:7539,0.7018287
HGNC:28675,0.36693853
HGNC:9555,0.81233644
HGNC:16489,0.86608815
HGNC:11425,0.788517
HGNC:11585,0.8665598
HGNC:20145,0.83108133
HGNC:16090,0.71736234
HGNC:9173,0.97975075
HGNC:7095,0.8821409
HGNC:29873,0.9393312
HGNC:29993,0.5350131
HGNC:18151,0.8732482
HGNC:4691,0.22417676
HGNC:808,0.42748183
HGNC:30881,0.9154031
HGNC:9465,0.93981755
HGNC:15632,0.77916414
HGNC:25235,0.8965437
HGNC:467,0.8192403
HGNC:29861,0.69151855
HGNC:14352,0.9013882
HGNC:11479,0.9474542
HGNC:4108,0.31877947
HGNC:11309,0.42977035
HGNC:4327,0.89006174
HGNC:592,0.8485204
HGNC:11355,0.9699286
HGNC:13554,0.8632033
HGNC:6940,0.8040705
HGNC:3551,0.91868377
HGNC:61,0.9292502
HGNC:28909,0.9550629
HGNC:1393,0.6768404
HGNC:11506,0.81839776
HGNC:9087,0.30810946
HGNC:1079,0.6370283
HGNC:24971,0.12712407
HGNC:9091,0.87745583
HGNC:18704,0.9016467
HGNC:9959,0.7340652
HGNC:3319,0.6843153
HGNC:11097,0.9328827
HGNC:16825,0.10728371
HGNC:17184,0.78410745
HGNC:17407,0.9157437
HGNC:9890,0.9233613
HGNC:6237,0.7191587
HGNC:9936,0.8953292
HGNC:10984,0.9336365
HGNC:3775,0.8114011
HGNC:8987,0.87194824
HGNC:10581,0.94045
HGNC:11022,0.8744037
HGNC:9330,0.8602315
HGNC:10457,0.86917776
HGNC:17301,0.61987036
HGNC:3331,0.7275866
HGNC:25410,0.19255972
HGNC:8896,0.82713675
HGNC:4170,0.88274986
HGNC:28880,0.89432377
HGNC:11123,0.9176588
HGNC:8918,0.9298099
HGNC:12505,0.74714816
HGNC:18237,0.31648695
HGNC:3185,0.7768123
HGNC:4506,0.5967881
HGNC:32036,0.873943
HGNC:22982,0.954281
HGNC:8749,0.88963413
HGNC:12609,0.9223358
HGNC:8755,0.84827965
HGNC:1113,0.8804923
HGNC:5276,0.91265273
HGNC:20985,0.70234334
HGNC:11935,0.7845619
HGNC:11820,0.700361
HGNC:6355,0.7636037
HGNC:4085,0.4464289
HGNC:8656,0.6899134
HGNC:3663,0.9193037
HGNC:8992,0.5095654
HGNC:17652,0.9476834
HGNC:28907,0.05909109
HGNC:16353,0.9210677
HGNC:9900,0.7989801
HGNC:6351,0.5625053
HGNC:30668,0.6631705
HGNC:15588,0.6267295
HGNC:20342,0.8403705
HGNC:3968,0.9166461
HGNC:3032,0.61311233
HGNC:11548,0.82239807
HGNC:28790,0.74862987
HGNC:4296,0.93871033
HGNC:24065,0.74570125
HGNC:25475,0.7045592
HGNC:19082,0.6280397
HGNC:3671,0.87540555
HGNC:5293,0.7827095
HGNC:18537,0.7267977
HGNC:11929,0.9198105
HGNC:20296,0.86219656
HGNC:4495,0.3018999
HGNC:20299,0.28253257
HGNC:20290,0.4415474
HGNC:6349,0.886386
HGNC:11403,0.70446515
HGNC:124,0.62970096
HGNC:9439,0.7033591
HGNC:15664,0.16648918
HGNC:15607,0.9015323
HGNC:3687,0.9205256
HGNC:10809,0.2711382
HGNC:271,0.28757155
HGNC:20596,0.42309242
HGNC:16632,0.34939027
HGNC:10985,0.26746917
HGNC:6396,0.8644258
HGNC:3763,0.83313096
HGNC:20369,0.57861567
HGNC:29071,0.09793192
HGNC:2854,0.74475163
HGNC:28361,0.74950564
HGNC:14879,0.949308
HGNC:25832,0.19794697
HGNC:25926,0.2190615
HGNC:16826,0.8291779
HGNC:2076,0.34861577
HGNC:17190,0.28804183
HGNC:7371,0.07659936
HGNC:20254,0.6802022
HGNC:29008,0.9231084
HGNC:12030,0.67408353
HGNC:5227,0.38961262
HGNC:2252,0.8532666
HGNC:6877,0.69714254
HGNC:28638,0.13211262
HGNC:17289,0.22212863
HGNC:18705,0.103497565
HGNC:8927,0.37337726
HGNC:25074,0.15259051
HGNC:13722,0.9630967
HGNC:28958,0.58590424
HGNC:25787,0.41820985
HGNC:18586,0.06623697
HGNC:7774,0.87980354
HGNC:20598,0.2563331
HGNC:29850,0.76509297
HGNC:1543,0.81854767
HGNC:17146,0.40163255
HGNC:18553,0.40788382
HGNC:16762,0.8984399
HGNC:10621,0.23727268
HGNC:2867,0.5667702
HGNC:10615,0.17808282
HGNC:13723,0.9666519
HGNC:25070,0.22725189
HGNC:9189,0.62628084
HGNC:15943,0.67449915
HGNC:28043,0.6799779
HGNC:7161,0.7232139
HGNC:25792,0.38470972
HGNC:24374,0.5044713
HGNC:25002,0.124150395
HGNC:26336,0.23205566
HGNC:7851,0.18602347
HGNC:14466,0.62702566
HGNC:9565,0.78714764
HGNC:26116,0.09623498
HGNC:25582,0.4398408
HGNC:25507,0.76751226
HGNC:4820,0.8208404
HGNC:25749,0.31299573
HGNC:18620,0.5431025
HGNC:14240,0.74534965
HGNC:25807,0.50546217
HGNC:11064,0.64382
HGNC:17163,0.58810985
HGNC:26152,0.49079347
HGNC:21197,0.67562234
HGNC:25706,0.49590594
HGNC:25020,0.69533426
HGNC:24447,0.35747916
HGNC:903,0.7669552
HGNC:21198,0.26318133
HGNC:14124,0.704979
HGNC:7150,0.4484229
HGNC:7211,0.15771937
HGNC:23746,0.14833969
HGNC:16475,0.56067634
HGNC:11534,0.16714811
HGNC:17378,0.26730388
HGNC:15466,0.14388406
HGNC:29032,0.1306163
HGNC:18304,0.4907276
HGNC:12608,0.82398665
HGNC:25248,0.44394374
HGNC:12363,0.9618213
HGNC:23716,0.41277564
HGNC:7852,0.30368948
HGNC:51,0.7163638
HGNC:25242,0.3374014
HGNC:14154,0.16572654
HGNC:3809,0.9334905
HGNC:14179,0.40594333
HGNC:25778,0.17304748
HGNC:2025,0.7738675
HGNC:14177,0.22623456
HGNC:11063,0.80087245
HGNC:14151,0.42089248
HGNC:16510,0.80927694
HGNC:11427,0.6764488
HGNC:10007,0.716966
HGNC:8041,0.16813087
HGNC:12485,0.975302
HGNC:13188,0.36643505
HGNC:6998,0.21412462
HGNC:2418,0.63860214
HGNC:24615,0.19562411
HGNC:11182,0.8094628
HGNC:28993,0.50874156
HGNC:4621,0.9533991
HGNC:12963,0.62607723
HGNC:19009,0.56299174
HGNC:30565,0.85369104
HGNC:30405,0.2236327
HGNC:29419,0.33086586
HGNC:11619,0.65297306
HGNC:16064,0.40477026
HGNC:642,0.20796454
HGNC:25632,0.19865131
HGNC:20060,0.73048246
HGNC:5014,0.47805703
HGNC:11808,0.6107178
HGNC:44424,0.25254196
HGNC:17613,0.4014988
HGNC:10524,0.90660435
HGNC:11972,0.91403556
HGNC:9894,0.81983346
HGNC:9755,0.4358008
HGNC:15516,0.7902061
HGNC:16608,0.3460288
HGNC:29168,0.25910223
HGNC:6914,0.8407529
HGNC:11439,0.3731135
HGNC:1769,0.63339144
HGNC:16902,0.54875505
HGNC:17933,0.77557695
HGNC:30060,0.2186867
HGNC:6006,0.8711465
HGNC:24119,0.51975787
HGNC:22999,0.46484834
HGNC:24342,0.67265713
HGNC:24641,0.52128667
HGNC:11048,0.7289883
HGNC:16867,0.85925233
HGNC:34404,0.20240098
HGNC:643,0.2271629
HGNC:25662,0.22000962
HGNC:25721,0.23602909
HGNC:16468,0.41424155
HGNC:2256,0.7322341
HGNC:2444,0.95698756
HGNC:4867,0.8105125
HGNC:12310,0.50144076
HGNC:29666,0.22252226
HGNC:30289,0.3665715
HGNC:567,0.7887911
HGNC:29567,0.5927092
HGNC:13770,0.5802751
HGNC:9760,0.9680004
HGNC:2535,0.35750604
HGNC:25730,0.10019666
HGNC:19137,0.2781905
HGNC:3579,0.20559585
HGNC:29213,0.4889602
HGNC:24567,0.41352832
HGNC:17513,0.5100228
HGNC:3245,0.6141671
HGNC:24522,0.7162119
HGNC:12886,0.6942887
HGNC:29298,0.3146016
HGNC:13536,0.14665306
HGNC:8101,0.22449613
HGNC:30926,0.1733582
HGNC:11781,0.08214831
HGNC:29075,0.6618735
HGNC:4074,0.8817955
HGNC:11827,0.9573545
HGNC:24132,0.59598
HGNC:2938,0.88536716
HGNC:13707,0.4713233
HGNC:25556,0.55152833
HGNC:3270,0.83340746
HGNC:11226,0.31546795
HGNC:18313,0.78879434
HGNC:15972,0.74970317
HGNC:20300,0.17269194
HGNC:11015,0.679361
HGNC:8549,0.33167803
HGNC:17940,0.76571506
HGNC:10812,0.5378948
HGNC:8805,0.13450801
HGNC:26193,0.24282551
HGNC:18469,0.6085821
HGNC:17298,0.25362366
HGNC:16285,0.44417375
HGNC:25858,0.21701342
HGNC:10263,0.3791244
HGNC:1373,0.44563478
HGNC:4041,0.74986064
HGNC:25592,0.51637167
HGNC:10020,0.7458686
HGNC:3519,0.8075114
HGNC:7652,0.30700624
HGNC:497,0.10534072
HGNC:16910,0.19015545
HGNC:2753,0.15431237
HGNC:1434,0.73697114
HGNC:26019,0.6325082
HGNC:10776,0.8801538
HGNC:13646,0.18854511
HGNC:25616,0.55896246
HGNC:30129,0.42928004
HGNC:25854,0.17281306
HGNC:5960,0.80533826
HGNC:9051,0.5232206
HGNC:14201,0.7704376
HGNC:2894,0.15939933
HGNC:11406,0.59122
HGNC:15968,0.47128797
HGNC:9763,0.9637619
HGNC:3277,0.748793
HGNC:28963,0.6013388
HGNC:25966,0.85223114
HGNC:7679,0.6627228
HGNC:24277,0.6222609
HGNC:6023,0.613531
HGNC:10577,0.89096725
HGNC:17684,0.7642831
HGNC:12340,0.9303341
HGNC:11212,0.400411
HGNC:13544,0.4586467
HGNC:7655,0.8783378
HGNC:14980,0.35559398
HGNC:4375,0.098591566
HGNC:16806,0.95786595
HGNC:25697,0.19036663
HGNC:12390,0.3031968
HGNC:25846,0.2252878
HGNC:3211,0.3857301
HGNC:536,0.18584365
HGNC:11279,0.7900907
HGNC:26102,0.118567646
HGNC:25548,0.9125942
HGNC:23994,0.44615465
HGNC:20858,0.7289866
HGNC:14596,0.60529387
HGNC:6555,0.77779865
HGNC:16964,0.5816492
HGNC:27329,0.30212486
HGNC:4623,0.41861773
HGNC:11904,0.14031094
HGNC:9300,0.8493458
HGNC:27234,0.13448799
HGNC:7734,0.68968695
HGNC:30242,0.5640787
HGNC:14103,0.2908296
HGNC:25272,0.07691789
HGNC:6947,0.64488834
HGNC:198,0.0669837
HGNC:22401,0.8331326
HGNC:3695,0.051152527
HGNC:735,0.27208138
HGNC:1085,0.7532381
HGNC:6826,0.3072666
HGNC:6293,0.4300946
HGNC:12424,0.14317214
HGNC:8043,0.36201638
HGNC:17887,0.11670208
HGNC:4706,0.66026294
HGNC:6863,0.8231871
HGNC:16722,0.15366226
HGNC:3149,0.33657098
HGNC:5045,0.9327932
HGNC:7798,0.7102303
HGNC:6584,0.34413576
HGNC:1886,0.15349519
HGNC:20774,0.8527476
HGNC:17697,0.39698148
HGNC:6226,0.591273
HGNC:11150,0.940346
HGNC:2087,0.84942037
HGNC:9956,0.8656306
HGNC:17731,0.77642655
HGNC:17788,0.81649697
HGNC:27607,0.86661947
HGNC:3621,0.6102389
HGNC:26075,0.47654468
HGNC:1994,0.43859744
HGNC:17090,0.5998056
HGNC:18838,0.66831696
HGNC:20208,0.1770674
HGNC:3434,0.29605013
HGNC:24948,0.9348416
HGNC:18211,0.45388138
HGNC:16704,0.928233
HGNC:18518,0.5304357
HGNC:20717,0.11654329
HGNC:1666,0.29151726
HGNC:10766,0.8772502
HGNC:464,0.07347679
HGNC:16528,0.18341118
HGNC:6734,0.7859103
HGNC:8095,0.5950389
HGNC:25980,0.36256123
HGNC:11428,0.18244827
HGNC:20389,0.22955179
HGNC:3612,0.12851858
HGNC:2933,0.65351844
HGNC:13523,0.26022887
HGNC:14241,0.2290008
HGNC:25699,0.18715727
HGNC:19094,0.5604256
HGNC:30788,0.48086596
HGNC:28118,0.4483143
HGNC:9632,0.73257583
HGNC:307,0.89231336
HGNC:7887,0.9328037
HGNC:10819,0.8582167
HGNC:6605,0.18780595
HGNC:28845,0.5749948
HGNC:6602,0.06560296
HGNC:11135,0.4199239
HGNC:24991,0.23957288
HGNC:17316,0.617256
HGNC:33629,0.151892
HGNC:17290,0.38095385
HGNC:20996,0.345541
HGNC:11948,0.2992016
HGNC:18996,0.24587274
HGNC:24563,0.66400707
HGNC:29195,0.80040646
HGNC:26141,0.17718297
HGNC:2376,0.7775999
HGNC:17189,0.775599
HGNC:26129,0.3785193
HGNC:378,0.73490006
HGNC:23760,0.09293234
HGNC:6041,0.4099446
HGNC:20648,0.20159906
HGNC:25824,0.75992465
HGNC:1502,0.18250322
HGNC:10944,0.7873523
HGNC:11391,0.5834728
HGNC:30081,0.3608489
HGNC:1589,0.82862556
HGNC:13236,0.50721633
HGNC:8764,0.46970975
HGNC:25310,0.19130766
HGNC:10396,0.86724067
HGNC:23656,0.5895122
HGNC:15449,0.11127925
HGNC:3599,0.84088105
HGNC:3092,0.8432313
HGNC:2014,0.14274323
HGNC:25805,0.19878483
HGNC:4458,0.56039166
HGNC:392,0.8072233
HGNC:17158,0.49613333
HGNC:13797,0.26884967
HGNC:17002,0.9380375
HGNC:8061,0.9069028
HGNC:3129,0.35423958
HGNC:25518,0.46845782
HGNC:30633,0.19202256
HGNC:1989,0.6161521
HGNC:13745,0.6981417
HGNC:9196,0.7925215
HGNC:14186,0.3482377
HGNC:24314,0.8167542
HGNC:29189,0.109550536
HGNC:10943,0.64961183
HGNC:17293,0.89787877
HGNC:11829,0.17069447
HGNC:597,0.69599646
HGNC:29938,0.9351176
HGNC:24560,0.5246749
HGNC:17011,0.91586083
HGNC:24824,0.9367684
HGNC:17868,0.2843657
HGNC:11766,0.74500453
HGNC:29134,0.5268564
HGNC:25496,0.22183192
HGNC:1816,0.12307584
HGNC:16893,0.2516693
HGNC:23212,0.7416558
HGNC:14276,0.25371075
HGNC:10877,0.26462674
HGNC:1698,0.7433904
HGNC:6610,0.23817968
HGNC:5347,0.21757138
HGNC:10402,0.935444
HGNC:4333,0.6012356
HGNC:7830,0.17055106
HGNC:5348,0.65915877
HGNC:3482,0.57793766
HGNC:1659,0.16527009
HGNC:1817,0.3148837
HGNC:2383,0.57518744
HGNC:25008,0.7926065
HGNC:12440,0.57644176
HGNC:11458,0.10596967
HGNC:1735,0.81244993
HGNC:7641,0.7087315
HGNC:9794,0.3865047
HGNC:801,0.96535236
HGNC:29537,0.3764273
HGNC:9681,0.8321439
HGNC:30183,0.29934275
HGNC:17726,0.26113975
HGNC:3233,0.7249539
HGNC:6304,0.89797944
HGNC:9502,0.7623627
HGNC:21270,0.50879455
HGNC:4588,0.91892785
HGNC:11502,0.10535896
HGNC:10576,0.3056612
HGNC:26560,0.23930067
HGNC:17057,0.35551703
HGNC:6598,0.69178206
HGNC:10875,0.4029125
HGNC:12964,0.43675327
HGNC:9037,0.21014786
HGNC:10874,0.22797209
HGNC:13714,0.20426905
HGNC:4818,0.13692558
HGNC:9779,0.4167779
HGNC:2697,0.7941686
HGNC:29631,0.5237638
HGNC:1487,0.15761065
HGNC:25972,0.13363904
HGNC:24716,0.840828
HGNC:13706,0.10921359
HGNC:3678,0.32135564
HGNC:977,0.26083565
HGNC:29210,0.74692434
HGNC:14339,0.3288588
HGNC:9302,0.87952363
HGNC:19998,0.9481737
HGNC:30203,0.62586164
HGNC:13626,0.8120393
HGNC:4189,0.6131188
HGNC:6609,0.08315778
HGNC:6345,0.35821116
HGNC:2960,0.47545087
HGNC:19034,0.9050102
HGNC:15502,0.18342912
HGNC:15446,0.8775947
HGNC:13630,0.3490976
HGNC:6193,0.6523795
HGNC:10311,0.92861193
HGNC:11040,0.59577566
HGNC:6290,0.724494
HGNC:25225,0.21331573
HGNC:8980,0.71228576
HGNC:9777,0.8931757
HGNC:8782,0.45140898
HGNC:29821,0.5087186
HGNC:23114,0.8275539
HGNC:16062,0.7540484
HGNC:2227,0.51143855
HGNC:12577,0.06905198
HGNC:2234,0.699392
HGNC:18684,0.28035784
HGNC:3491,0.21264225
HGNC:819,0.4742869
HGNC:25049,0.19153869
HGNC:30414,0.4952718
HGNC:24864,0.31487125
HGNC:6783,0.7309561
HGNC:13237,0.51017493
HGNC:15598,0.40346658
HGNC:12594,0.9110078
HGNC:29572,0.35702932
HGNC:28420,0.5035249
HGNC:3724,0.9512606
HGNC:18643,0.8259877
HGNC:5155,0.90119517
HGNC:12924,0.34911776
HGNC:10586,0.70057786
HGNC:13403,0.39965093
HGNC:3444,0.9341625
HGNC:4616,0.950637
HGNC:24215,0.81281084
HGNC:26166,0.72120166
HGNC:4583,0.82820064
HGNC:23801,0.872278
HGNC:13160,0.15639758
HGNC:23287,0.34683824
HGNC:30825,0.88827235
HGNC:25763,0.36977994
HGNC:28994,0.6485391
HGNC:30286,0.6310731
HGNC:26107,0.491686
HGNC:25106,0.37417084
HGNC:23181,0.19245309
HGNC:1777,0.93033713
HGNC:9119,0.29211718
HGNC:13192,0.79123247
HGNC:11761,0.27113777
HGNC:14562,0.37674928
HGNC:30092,0.8942179
HGNC:18027,0.67610264
HGNC:8978,0.59695435
HGNC:9206,0.26439315
HGNC:9205,0.3928166
HGNC:6163,0.84056723
HGNC:23200,0.7597121
HGNC:21517,0.3709185
HGNC:11209,0.88436806
HGNC:24997,0.59004
HGNC:2942,0.41629553
HGNC:21225,0.9138136
HGNC:2918,0.77225214
HGNC:15667,0.9027906
HGNC:41907,0.2572906
HGNC:9630,0.64849097
HGNC:7214,0.8077939
HGNC:2810,0.23762494
HGNC:866,0.2568028
HGNC:23721,0.6083933
HGNC:21882,0.5126486
HGNC:8124,0.84777015
HGNC:13782,0.075995564
HGNC:16486,0.7611595
HGNC:11754,0.39312464
HGNC:1528,0.33776563
HGNC:1527,0.5660685
HGNC:7029,0.80747366
HGNC:17118,0.16784024
HGNC:13243,0.47413492
HGNC:12780,0.70355403
HGNC:5099,0.739046
HGNC:14888,0.79294753
HGNC:5103,0.7742524
HGNC:5104,0.7703575
HGNC:6560,0.746417
HGNC:5106,0.7138996
HGNC:5107,0.5620668
HGNC:21701,0.20613933
HGNC:29171,0.0653888
HGNC:18588,0.13945866
HGNC:12695,0.26695848
HGNC:21641,0.7703837
HGNC:11317,0.6259122
HGNC:5102,0.8973795
HGNC:26159,0.20424128
HGNC:3506,0.5005475
HGNC:4907,0.49200356
HGNC:11575,0.5687801
HGNC:14399,0.25224125
HGNC:1944,0.6599294
HGNC:4564,0.81998956
HGNC:16407,0.41662323
HGNC:22199,0.62638247
HGNC:18625,0.21461034
HGNC:30037,0.4430933
HGNC:11433,0.89189804
HGNC:16390,0.20572233
HGNC:2358,0.13530844
HGNC:3396,0.59601563
HGNC:4266,0.3133579
HGNC:1503,0.61258113
HGNC:21645,0.27124596
HGNC:10623,0.37985015
HGNC:5246,0.2494728
HGNC:7953,0.62834024
HGNC:14634,0.7042415
HGNC:29629,0.6659822
HGNC:22198,0.23994267
HGNC:2638,0.1477474
HGNC:13101,0.8689189
HGNC:3280,0.9688969
HGNC:14972,0.62879306
HGNC:8048,0.16288447
HGNC:9685,0.7746146
HGNC:11540,0.51687884
HGNC:12735,0.8417947
HGNC:5323,0.08409655
HGNC:11217,0.17842984
HGNC:20609,0.4171011
HGNC:11762,0.42336774
HGNC:3961,0.22168303
HGNC:25078,0.39311033
HGNC:8618,0.42298424
HGNC:8738,0.34164965
HGNC:13595,0.56253403
HGNC:16973,0.2882778
HGNC:21863,0.3798595
HGNC:20068,0.9323048
HGNC:6052,0.608414
HGNC:5177,0.47053415
HGNC:17162,0.60133857
HGNC:8583,0.61392987
HGNC:559,0.690197
HGNC:23249,0.10842562
HGNC:24337,0.81873655
HGNC:9083,0.40464854
HGNC:10291,0.19827133
HGNC:21688,0.44348776
HGNC:2036,0.5638312
HGNC:22448,0.506049
HGNC:18713,0.70685947
HGNC:29825,0.19828767
HGNC:22203,0.7947551
HGNC:7996,0.9513689
HGNC:22407,0.71354616
HGNC:3527,0.9328469
HGNC:12370,0.43514276
HGNC:34519,0.2937727
HGNC:10778,0.3487721
HGNC:7028,0.8051277
HGNC:7014,0.88533574
HGNC:25370,0.38679588
HGNC:37282,0.24206722
HGNC:21694,0.6189927
HGNC:21643,0.61440593
HGNC:9868,0.34505075
HGNC:328,0.35647082
HGNC:348,0.91443074
HGNC:21906,0.55552065
HGNC:21789,0.2745999
HGNC:29596,0.14665508
HGNC:4319,0.8900431
HGNC:9531,0.8566452
HGNC:14035,0.30133504
HGNC:21868,0.38878882
HGNC:1062,0.45321298
HGNC:30890,0.770192
HGNC:25476,0.75207615
HGNC:10011,0.95264685
HGNC:9386,0.8503367
HGNC:303,0.4816113
HGNC:9176,0.6224451
HGNC:21719,0.21124399
HGNC:4195,0.7874015
HGNC:1005,0.6934201
HGNC:16959,0.721699
HGNC:11586,0.38606465
HGNC:21725,0.068511665
HGNC:2586,0.87979215
HGNC:12741,0.83949405
HGNC:6613,0.8838768
HGNC:25472,0.08232814
HGNC:10939,0.5104922
HGNC:6594,0.91718376
HGNC:3622,0.3978322
HGNC:13753,0.70177865
HGNC:13834,0.3695196
HGNC:11243,0.94700414
HGNC:26057,0.26375258
HGNC:1363,0.61127913
HGNC:25209,0.4024495
HGNC:3234,0.87925327
HGNC:16283,0.5508344
HGNC:2255,0.35375327
HGNC:11772,0.85865766
HGNC:16993,0.6097896
HGNC:1331,0.43731368
HGNC:8126,0.34840447
HGNC:14872,0.3198802
HGNC:3154,0.34356624
HGNC:11840,0.9420135
HGNC:21735,0.88832015
HGNC:18429,0.25661933
HGNC:25413,0.29034472
HGNC:453,0.10607386
HGNC:24108,0.6378536
HGNC:11938,0.71504545
HGNC:2972,0.870466
HGNC:3349,0.8632237
HGNC:361,0.5313045
HGNC:17179,0.8217796
HGNC:10027,0.18090951
HGNC:10026,0.07174313
HGNC:23633,0.17510289
HGNC:25571,0.6077711
HGNC:17686,0.72746694
HGNC:17071,0.6413817
HGNC:19191,0.6351019
HGNC:19309,0.27614158
HGNC:3313,0.908529
HGNC:3953,0.8646427
HGNC:11731,0.85459924
HGNC:18865,0.66425765
HGNC:1383,0.17735183
HGNC:4005,0.80626583
HGNC:12450,0.060059667
HGNC:2347,0.32330894
HGNC:21965,0.3633362
HGNC:7208,0.25676775
HGNC:6595,0.5457673
HGNC:19102,0.19959903
HGNC:3164,0.8559399
HGNC:8995,0.5889823
HGNC:28510,0.53669846
HGNC:937,0.34155178
HGNC:4568,0.86432016
HGNC:7899,0.5446075
HGNC:578,0.7586746
HGNC:445,0.7735093
HGNC:10831,0.64878273
HGNC:9592,0.47185987
HGNC:32,0.8832222
HGNC:10838,0.84755605
HGNC:19907,0.95386004
HGNC:24278,0.86725867
HGNC:17944,0.34643918
HGNC:13008,0.8589045
HGNC:3084,0.47278512
HGNC:2067,0.4057963
HGNC:23434,0.9092809
HGNC:2983,0.21122122
HGNC:4172,0.8888018
HGNC:29063,0.8224334
HGNC:5163,0.4772274
HGNC:8940,0.35725236
HGNC:20793,0.18076944
HGNC:30373,0.42639983
HGNC:29152,0.8171564
HGNC:10672,0.6684102
HGNC:16947,0.7321739
HGNC:3271,0.9226969
HGNC:9011,0.094631255
HGNC:2548,0.44125527
HGNC:2977,0.20370984
HGNC:17906,0.6027517
HGNC:6881,0.921815
HGNC:17018,0.6164537
HGNC:782,0.66757685
HGNC:25935,0.6243947
HGNC:14335,0.51798797
HGNC:23530,0.32374293
HGNC:12568,0.5404803
HGNC:13733,0.6075621
HGNC:30085,0.47450912
HGNC:13564,0.70917857
HGNC:1530,0.29230118
HGNC:9315,0.9664725
HGNC:29197,0.6715626
HGNC:1076,0.84341556
HGNC:7102,0.5639506
HGNC:130,0.8656146
HGNC:6617,0.29928905
HGNC:5056,0.8320956
HGNC:29381,0.6879193
HGNC:16087,0.28389043
HGNC:25460,0.2246635
HGNC:10847,0.5919092
HGNC:3686,0.8549012
HGNC:7931,0.37508702
HGNC:15677,0.699732
HGNC:9006,0.83755565
HGNC:4181,0.58939564
HGNC:23725,0.8661025
HGNC:21746,0.8781937
HGNC:28155,0.60979474
HGNC:28352,0.6920027
HGNC:16466,0.95919544
HGNC:29186,0.35445535
HGNC:23338,0.6705073
HGNC:30042,0.25319815
HGNC:28987,0.93166655
HGNC:21535,0.91988635
HGNC:24640,0.72885257
HGNC:978,0.48518276
HGNC:25532,0.8668826
HGNC:7761,0.7207233
HGNC:23664,0.79737896
HGNC:17663,0.2530433
HGNC:26200,0.2510956
HGNC:6860,0.8591834
HGNC:2891,0.64723265
HGNC:19087,0.9574861
HGNC:15987,0.6826562
HGNC:16697,0.76718324
HGNC:12822,0.7615329
HGNC:2468,0.9831548
HGNC:15454,0.9595016
HGNC:11741,0.6554935
HGNC:18782,0.85012555
HGNC:2552,0.9561956
HGNC:23354,0.84746104
HGNC:17895,0.77710885
HGNC:10330,0.7330251
HGNC:16493,0.88235044
HGNC:28908,0.19216454
HGNC:9259,0.3427843
HGNC:23301,0.25727046
HGNC:23303,0.87644887
HGNC:6572,0.92414695
HGNC:29082,0.6168976
HGNC:2620,0.13678217
HGNC:6438,0.13799965
HGNC:2394,0.40387863
HGNC:17634,0.92563355
HGNC:4272,0.89220357
HGNC:10312,0.94393045
HGNC:24679,0.90777403
HGNC:16984,0.7795638
HGNC:12511,0.9812629
HGNC:2438,0.61007947
HGNC:9560,0.9513764
HGNC:17040,0.78702515
HGNC:17428,0.7447276
HGNC:10004,0.3703795
HGNC:18505,0.7722222
HGNC:12782,0.89280343
HGNC:756,0.35949528
HGNC:9820,0.18029165
HGNC:7452,0.84826267
HGNC:7523,0.5324353
HGNC:8533,0.33085734
HGNC:18018,0.7923038
HGNC:6455,0.09911251
HGNC:16811,0.43663335
HGNC:6400,0.97580343
HGNC:4431,0.31629097
HGNC:30260,0.22787797
HGNC:10436,0.8893413
HGNC:32670,0.22705734
HGNC:18673,0.2705502
HGNC:1551,0.94318223
HGNC:9950,0.26576233
HGNC:8966,0.36669642
HGNC:4118,0.36098516
HGNC:29241,0.8215263
HGNC:18807,0.82559747
HGNC:22474,0.98408675
HGNC:5117,0.6230029
HGNC:3354,0.1286192
HGNC:8881,0.95788616
HGNC:24544,0.6766652
HGNC:10981,0.86323595
HGNC:15828,0.42250562
HGNC:1966,0.25157386
HGNC:9834,0.92316043
HGNC:8067,0.44297338
HGNC:1243,0.3732239
HGNC:11050,0.7392956
HGNC:1059,0.71904266
HGNC:2301,0.7125522
HGNC:4430,0.59432423
HGNC:24856,0.53695595
HGNC:24260,0.63479054
HGNC:3030,0.524561
HGNC:17136,0.7202372
HGNC:368,0.7447967
HGNC:405,0.13905966
HGNC:11107,0.6813647
HGNC:5345,0.32862592
HGNC:11499,0.421283
HGNC:24123,0.49204528
HGNC:18279,0.48237807
HGNC:2746,0.96904874
HGNC:30173,0.67137647
HGNC:9501,0.93481785
HGNC:9556,0.93936086
HGNC:6564,0.20616871
HGNC:99,0.89592427
HGNC:10634,0.13290226
HGNC:10618,0.80454564
HGNC:10635,0.15503955
HGNC:10609,0.14047927
HGNC:8854,0.2154535
HGNC:6449,0.05349952
HGNC:29517,0.15413523
HGNC:4201,0.80664045
HGNC:9785,0.81118894
HGNC:7632,0.4729594
HGNC:5210,0.18046486
HGNC:11645,0.68909836
HGNC:8011,0.69910234
HGNC:29859,0.34865367
HGNC:3526,0.7775408
HGNC:2917,0.4409175
HGNC:9298,0.8596514
HGNC:2197,0.9360564
HGNC:10805,0.49053377
HGNC:43946,0.292732
HGNC:14483,0.34290582
HGNC:16919,0.5043242
HGNC:28817,0.71207076
HGNC:18315,0.37945223
HGNC:429,0.24001539
HGNC:14068,0.92123973
HGNC:54,0.28157008
HGNC:24309,0.9684469
HGNC:9327,0.31902605
HGNC:7220,0.4913659
HGNC:16809,0.81894696
HGNC:3069,0.70707613
HGNC:1405,0.13014442
HGNC:30858,0.9556139
HGNC:4977,0.91271615
HGNC:10927,0.60110766
HGNC:9388,0.96927613
HGNC:3228,0.7347282
HGNC:23015,0.40247077
HGNC:12851,0.962224
HGNC:7153,0.6523881
HGNC:17679,0.25309706
HGNC:3003,0.22431993
HGNC:6846,0.84944564
HGNC:24547,0.22867656
HGNC:19221,0.7029708
HGNC:9937,0.10694653
HGNC:7567,0.1024254
HGNC:11075,0.38242292
HGNC:7573,0.5139446
HGNC:23133,0.30948448
HGNC:25984,0.46383458
HGNC:12724,0.25980616
HGNC:11894,0.6796851
HGNC:30989,0.45645785
HGNC:28106,0.30243027
HGNC:29999,0.5138885
HGNC:9118,0.8561648
HGNC:12765,0.79481053
HGNC:12565,0.38981855
HGNC:418,0.6893337
HGNC:11470,0.9531703
HGNC:16519,0.46938717
HGNC:20816,0.93364275
HGNC:9143,0.9464435
HGNC:25541,0.50239754
HGNC:4078,0.8226197
HGNC:4421,0.40812778
HGNC:29282,0.78942084
HGNC:16074,0.43237597
HGNC:12544,0.10485321
HGNC:26133,0.14412248
HGNC:28998,0.7839621
HGNC:20075,0.8677629
HGNC:11377,0.21714872
HGNC:26043,0.08038938
HGNC:19216,0.053288102
HGNC:1935,0.82349473
HGNC:7859,0.35666573
HGNC:29219,0.5808271
HGNC:15606,0.6279892
HGNC:8862,0.10973787
HGNC:7794,0.93683374
HGNC:651,0.6605644
HGNC:6831,0.28317964
HGNC:12476,0.913535
HGNC:6872,0.8051362
HGNC:3317,0.87055963
HGNC:7705,0.38572383
HGNC:12517,0.17266017
HGNC:21710,0.69955295
HGNC:15462,0.6185006
HGNC:6075,0.7567303
HGNC:4066,0.7849698
HGNC:6353,0.915135
HGNC:6001,0.71481663
HGNC:2303,0.81707096
HGNC:10340,0.86672354
HGNC:12762,0.06391919
HGNC:534,0.11289269
HGNC:19696,0.6326883
HGNC:14264,0.4654516
HGNC:3954,0.27061713
HGNC:2021,0.89702445
HGNC:17929,0.7539536
HGNC:4129,0.61195064
HGNC:2738,0.9685399
HGNC:11181,0.4606828
HGNC:30605,0.34926915
HGNC:2333,0.044821978
HGNC:15974,0.8506184
HGNC:13446,0.24338597
HGNC:16712,0.89936435
HGNC:24573,0.19555157
HGNC:25624,0.66049373
HGNC:17438,0.05908811
HGNC:12766,0.9362303
HGNC:30418,0.51896155
HGNC:19205,0.8343977
HGNC:951,0.70637774
HGNC:16894,0.17228425
HGNC:4329,0.6055336
HGNC:1118,0.15860677
HGNC:16854,0.8854302
HGNC:4894,0.1963687
HGNC:21883,0.60703605
HGNC:25434,0.3682959
HGNC:25640,0.40463156
HGNC:16516,0.88686067
HGNC:6356,0.5679346
HGNC:24527,0.4210568
HGNC:24304,0.5462447
HGNC:12525,0.6716549
HGNC:9237,0.8347789
HGNC:18698,0.22667944
HGNC:2389,0.53676516
HGNC:33185,0.74973243
HGNC:16637,0.1398955
HGNC:2528,0.2685182
HGNC:25079,0.24886048
HGNC:12930,0.93706465
HGNC:1171,0.30829883
HGNC:13051,0.35165995
HGNC:17587,0.667116
HGNC:19752,0.9130136
HGNC:11720,0.5385151
HGNC:10547,0.493528
HGNC:24313,0.16632712
HGNC:26288,0.24513918
HGNC:921,0.7618989
HGNC:5241,0.9588671
HGNC:8534,0.38516635
HGNC:6658,0.099730134
HGNC:5271,0.14548683
HGNC:18187,0.30842042
HGNC:14978,0.35132962
HGNC:14061,0.48963392
HGNC:29151,0.73319626
HGNC:29028,0.72571903
HGNC:3242,0.88329685
HGNC:8503,0.8723153
HGNC:13481,0.6591936
HGNC:25461,0.29795897
HGNC:29812,0.22479653
HGNC:24283,0.95994705
HGNC:26927,0.1893031
HGNC:1173,0.83161086
HGNC:8009,0.83452713
HGNC:13375,0.09311879
HGNC:13371,0.20166594
HGNC:10864,0.69950426
HGNC:2328,0.590902
HGNC:1582,0.87257224
HGNC:28359,0.33748525
HGNC:17896,0.9729719
HGNC:28771,0.5088336
HGNC:1571,0.33833802
HGNC:5171,0.23779023
HGNC:10064,0.87006164
HGNC:14525,0.7026578
HGNC:3791,0.6274555
HGNC:24531,0.73831344
HGNC:3795,0.45658076
HGNC:8599,0.25255382
HGNC:21726,0.7911051
HGNC:17288,0.1913917
HGNC:602,0.19426405
HGNC:610,0.20421463
HGNC:29182,0.3187207
HGNC:21159,0.47225022
HGNC:29264,0.23821819
HGNC:3297,0.9581146
HGNC:5964,0.56772375
HGNC:30488,0.63605845
HGNC:590,0.7572055
HGNC:12499,0.71732
HGNC:2747,0.94547
HGNC:12579,0.116015136
HGNC:1541,0.67150056
HGNC:4915,0.7702179
HGNC:24836,0.5950088
HGNC:13582,0.8220781
HGNC:21350,0.4170637
HGNC:10940,0.7991166
HGNC:25014,0.4758711
HGNC:18068,0.18739057
HGNC:1685,0.239739
HGNC:23989,0.27974844
HGNC:7050,0.09985477
HGNC:6972,0.59243023
HGNC:25990,0.92379886
HGNC:6766,0.5665439
HGNC:26965,0.30717987
HGNC:25845,0.39119357
HGNC:1493,0.6060947
HGNC:1701,0.81133664
HGNC:23615,0.4047004
HGNC:13231,0.59289
HGNC:25334,0.7395065
HGNC:1437,0.20902109
HGNC:16421,0.8964108
HGNC:16990,0.7788441
HGNC:9003,0.7294534
HGNC:10386,0.90484405
HGNC:358,0.68250036
HGNC:8068,0.92908454
HGNC:7715,0.7293241
HGNC:11647,0.3608697
HGNC:1937,0.741895
HGNC:30578,0.21910667
HGNC:17022,0.44238073
HGNC:4655,0.84622324
HGNC:9211,0.7255846
HGNC:9657,0.64406794
HGNC:12726,0.5194609
HGNC:9567,0.39361513
HGNC:19318,0.3242883
HGNC:9249,0.39204425
HGNC:25031,0.8326074
HGNC:1694,0.38461977
HGNC:9348,0.70873475
HGNC:2053,0.42642653
HGNC:28722,0.40803182
HGNC:10722,0.30020297
HGNC:2254,0.9178591
HGNC:100,0.8125819
HGNC:21259,0.7344142
HGNC:30795,0.15741098
HGNC:23236,0.810737
HGNC:10908,0.711918
HGNC:28973,0.8499461
HGNC:7530,0.6000266
HGNC:16006,0.8690895
HGNC:1470,0.7072139
HGNC:1053,0.33165538
HGNC:15488,0.62027216
HGNC:16049,0.9262276
HGNC:19266,0.44763446
HGNC:1004,0.5423787
HGNC:30559,0.9031615
HGNC:2606,0.38994634
HGNC:7566,0.57846004
HGNC:7565,0.46626043
HGNC:17787,0.40129906
HGNC:6430,0.7481043
HGNC:24723,0.32152915
HGNC:19737,0.6144401
HGNC:4317,0.4116251
HGNC:18583,0.77533925
HGNC:16672,0.73554087
HGNC:6710,0.47032356
HGNC:3325,0.6920571
HGNC:11045,0.48239386
HGNC:16265,0.7955822
HGNC:25504,0.5940181
HGNC:18083,0.37103474
HGNC:30879,0.34955788
HGNC:3818,0.61966944
HGNC:18020,0.1212157
HGNC:5188,0.9011611
HGNC:1186,0.3621173
HGNC:706,0.66547734
HGNC:30186,0.3444804
HGNC:14340,0.8078919
HGNC:3684,0.22480094
HGNC:7583,0.24305296
HGNC:16956,0.4122635
HGNC:19347,0.89343756
HGNC:29605,0.45733476
HGNC:373,0.63875175
HGNC:25505,0.3508427
HGNC:6218,0.86681736
HGNC:17909,0.7366258
HGNC:2350,0.85473406
HGNC:21597,0.14396483
HGNC:404,0.29936123
HGNC:1785,0.65164125
HGNC:13310,0.40308905
HGNC:25783,0.92813814
HGNC:19716,0.29741335
HGNC:10599,0.34662044
HGNC:6718,0.76137006
HGNC:25823,0.11026472
HGNC:14002,0.82985324
HGNC:8088,0.09943628
HGNC:8087,0.12147266
HGNC:726,0.22385693
HGNC:7060,0.22621822
HGNC:9873,0.23238522
HGNC:679,0.36128497
HGNC:4657,0.31830812
HGNC:3257,0.5003479
HGNC:20085,0.3520956
HGNC:13447,0.8328718
HGNC:26213,0.07765424
HGNC:14369,0.15974164
HGNC:26128,0.41482037
HGNC:12679,0.60329705
HGNC:4039,0.5230163
HGNC:9973,0.5462092
HGNC:3403,0.29823923
HGNC:19893,0.3648556
HGNC:2243,0.76452947
HGNC:29164,0.77748257
HGNC:30688,0.9554534
HGNC:17119,0.13882196
HGNC:5438,0.783797
HGNC:9784,0.7090241
HGNC:29917,0.29165995
HGNC:29914,0.57050014
HGNC:7878,0.9295694
HGNC:11813,0.20166838
HGNC:13871,0.9446471
HGNC:5176,0.49580014
HGNC:14044,0.4773299
HGNC:4141,0.78242457
HGNC:7867,0.8818689
HGNC:1919,0.9119772
HGNC:17195,0.37608016
HGNC:29102,0.701069
HGNC:16758,0.7229656
HGNC:19423,0.6858858
HGNC:4400,0.234514
HGNC:14624,0.6539004
HGNC:17852,0.40932715
HGNC:12628,0.8291315
HGNC:12009,0.6329263
HGNC:29670,0.41138667
HGNC:29522,0.25769913
HGNC:3353,0.77962184
HGNC:3033,0.8877525
HGNC:29521,0.30806422
HGNC:9658,0.9289865
HGNC:30244,0.8701091
HGNC:30826,0.4837051
HGNC:10961,0.065784395
HGNC:604,0.15021402
HGNC:20857,0.6576726
HGNC:29545,0.67576337
HGNC:20175,0.7789831
HGNC:4707,0.17315018
HGNC:6541,0.47066367
HGNC:9378,0.5980014
HGNC:18290,0.77829075
HGNC:24972,0.90039045
HGNC:10869,0.77729994
HGNC:13257,0.20434749
HGNC:29062,0.5526986
HGNC:13203,0.29000473
HGNC:9774,0.94310904
HGNC:3182,0.8557457
HGNC:2277,0.2334528
HGNC:9985,0.9214274
HGNC:25555,0.8965979
HGNC:10791,0.85169756
HGNC:23098,0.5000491
HGNC:6373,0.19392502
HGNC:2188,0.77622557
HGNC:1140,0.09310073
HGNC:17768,0.2584679
HGNC:3955,0.28758967
HGNC:21144,0.78585094
HGNC:20993,0.7856544
HGNC:21558,0.27517158
HGNC:6816,0.17464244
HGNC:20952,0.43877143
HGNC:20882,0.6826147
HGNC:4204,0.3484766
HGNC:21401,0.2698561
HGNC:7733,0.7163714
HGNC:21638,0.5181333
HGNC:21214,0.15916598
HGNC:20995,0.92116684
HGNC:21484,0.33704865
HGNC:20991,0.30549443
HGNC:10073,0.7636617
HGNC:6821,0.7789212
HGNC:4091,0.23813438
HGNC:13464,0.61367226
HGNC:21078,0.25255
HGNC:12006,0.42133808
HGNC:18468,0.2448138
HGNC:21081,0.5858909
HGNC:19182,0.6715404
HGNC:17223,0.7397796
HGNC:14893,0.18963444
HGNC:13584,0.81438994
HGNC:21051,0.1493445
HGNC:9235,0.92421025
HGNC:8156,0.13558388
HGNC:3586,0.34134746
HGNC:12423,0.53243184
HGNC:14468,0.3161503
HGNC:6876,0.86232483
HGNC:10006,0.6193054
HGNC:21052,0.56905437
HGNC:17847,0.66971576
HGNC:10785,0.97133344
HGNC:11180,0.6456043
HGNC:14477,0.39244807
HGNC:5981,0.3356732
HGNC:16404,0.15548968
HGNC:6945,0.4788304
HGNC:10071,0.90975386
HGNC:20990,0.7453543
HGNC:19267,0.8141829
HGNC:21219,0.582308
HGNC:13588,0.60516334
HGNC:1703,0.322816
HGNC:18302,0.72773063
HGNC:4324,0.6859602
HGNC:21025,0.2646441
HGNC:1072,0.65810204
HGNC:14078,0.9001991
HGNC:21539,0.63443565
HGNC:8952,0.7711027
HGNC:21092,0.11642468
HGNC:21091,0.44439238
HGNC:938,0.62819934
HGNC:14263,0.4811207
HGNC:21256,0.3009326
HGNC:17371,0.14011133
HGNC:13302,0.6280938
HGNC:18114,0.6479016
HGNC:13601,0.47064877
HGNC:1581,0.9503895
HGNC:13998,0.7252059
HGNC:3115,0.8891387
HGNC:9634,0.888627
HGNC:10882,0.8317771
HGNC:18697,0.5524223
HGNC:21095,0.4059577
HGNC:1152,0.44340646
HGNC:2217,0.3965503
HGNC:2372,0.67237365
HGNC:12732,0.9007467
HGNC:4459,0.2651763
HGNC:408,0.45853275
HGNC:12705,0.1833514
HGNC:12706,0.109475136
HGNC:20999,0.21408331
HGNC:19651,0.85546625
HGNC:10385,0.90701157
HGNC:20998,0.9254075
HGNC:922,0.455382
HGNC:17493,0.59719616
HGNC:3522,0.7359301
HGNC:29256,0.9185513
HGNC:7973,0.95203155
HGNC:11174,0.8378987
HGNC:10930,0.4032035
HGNC:4834,0.48108447
HGNC:10059,0.22987556
HGNC:8860,0.29831636
HGNC:21143,0.66224754
HGNC:16873,0.24093038
HGNC:17637,0.47145295
HGNC:17027,0.7104754
HGNC:21041,0.7884102
HGNC:13841,0.66634995
HGNC:20956,0.55606794
HGNC:3413,0.33167684
HGNC:13963,0.07535297
HGNC:4927,0.6840967
HGNC:1607,0.6035306
HGNC:12570,0.07586467
HGNC:10966,0.15476882
HGNC:8919,0.89636654
HGNC:21101,0.24242449
HGNC:19152,0.30384362
HGNC:21100,0.89509755
HGNC:21233,0.061459422
HGNC:8772,0.887538
HGNC:6967,0.59929013
HGNC:11753,0.8465555
HGNC:20323,0.5807216
HGNC:1585,0.8737544
HGNC:1157,0.49624133
HGNC:21109,0.50254345
HGNC:11588,0.7369608
HGNC:4679,0.24118888
HGNC:9942,0.6003516
HGNC:9312,0.92621607
HGNC:14056,0.27532166
HGNC:9618,0.8288278
HGNC:11291,0.9200812
HGNC:15982,0.79098725
HGNC:21218,0.5209073
HGNC:16077,0.37054503
HGNC:24968,0.59942114
HGNC:2288,0.27074492
HGNC:4369,0.86267906
HGNC:20944,0.86176157
HGNC:6055,0.049224257
HGNC:12680,0.6071788
HGNC:17346,0.91388965
HGNC:12401,0.64796066
HGNC:11003,0.76794344
HGNC:12771,0.24629223
HGNC:1136,0.0810653
HGNC:6484,0.42256814
HGNC:13517,0.30146056
HGNC:29308,0.5918025
HGNC:13717,0.22091162
HGNC:16837,0.18143523
HGNC:9480,0.35276407
HGNC:7015,0.27144825
HGNC:11595,0.8920616
HGNC:15842,0.8217369
HGNC:8687,0.19737518
HGNC:4817,0.51846683
HGNC:18826,0.18002015
HGNC:25547,0.11349326
HGNC:6824,0.5855752
HGNC:10736,0.6644466
HGNC:1346,0.252743
HGNC:4263,0.5281908
HGNC:5007,0.93342865
HGNC:2672,0.45926976
HGNC:7853,0.30602622
HGNC:19874,0.6297034
HGNC:9787,0.4137296
HGNC:7863,0.804449
HGNC:8769,0.288342
HGNC:5244,0.8300344
HGNC:14512,0.4194615
HGNC:8866,0.77574164
HGNC:3059,0.6909651
HGNC:11035,0.13570029
HGNC:6664,0.8559437
HGNC:4711,0.20407653
HGNC:1768,0.7875399
HGNC:20708,0.3254878
HGNC:28814,0.2957704
HGNC:11219,0.77679896
HGNC:5958,0.6698984
HGNC:5006,0.85980904
HGNC:2205,0.79595816
HGNC:24666,0.90188885
HGNC:4807,0.7027288
HGNC:8688,0.17425913
HGNC:8690,0.2228936
HGNC:8691,0.11859971
HGNC:8692,0.07038921
HGNC:8794,0.8681726
HGNC:13659,0.63507104
HGNC:8686,0.17537594
HGNC:17866,0.14590156
HGNC:4598,0.1241734
HGNC:6171,0.5910669
HGNC:18280,0.65413034
HGNC:26053,0.27342725
HGNC:714,0.4275657
HGNC:23186,0.76869345
HGNC:11788,0.27200735
HGNC:14099,0.7347767
HGNC:5970,0.46362638
HGNC:26131,0.201478
HGNC:12391,0.39513826
HGNC:7326,0.17141783
HGNC:9876,0.7627379
HGNC:4087,0.82753015
HGNC:1592,0.4283263
HGNC:30075,0.12906605
HGNC:17904,0.7551543
HGNC:1765,0.80277777
HGNC:6637,0.7579135
HGNC:29263,0.8887923
HGNC:15452,0.7893491
HGNC:19985,0.90476775
HGNC:7945,0.5740945
HGNC:11000,0.11791146
HGNC:11572,0.42559063
HGNC:6129,0.6229533
HGNC:6656,0.83869684
HGNC:8783,0.87661624
HGNC:9806,0.4204644
HGNC:24170,0.72982943
HGNC:14412,0.052540004
HGNC:9446,0.8228541
HGNC:10915,0.3771543
HGNC:6014,0.33344817
HGNC:9816,0.32320023
HGNC:6016,0.12362689
HGNC:10871,0.6704993
HGNC:4417,0.42277372
HGNC:8657,0.28766602
HGNC:10899,0.8959125
HGNC:8063,0.73794746
HGNC:9299,0.9656765
HGNC:3665,0.6483241
HGNC:7978,0.88238835
HGNC:20656,0.3170408
HGNC:28954,0.6006005
HGNC:6597,0.48200536
HGNC:660,0.6702933
HGNC:25828,0.62784195
HGNC:1358,0.07565749
HGNC:10703,0.52400523
HGNC:20652,0.42837203
HGNC:29959,0.31358016
HGNC:9870,0.44005597
HGNC:29435,0.6886948
HGNC:4740,0.8939549
HGNC:15630,0.871623
HGNC:3015,0.8756334
HGNC:6771,0.91502666
HGNC:2451,0.96237475
HGNC:28982,0.8345391
HGNC:29205,0.73193115
HGNC:8804,0.7836211
HGNC:1805,0.5358355
HGNC:863,0.42679167
HGNC:1082,0.21734607
HGNC:11374,0.7290098
HGNC:21747,0.8616662
HGNC:5183,0.7614666
HGNC:2695,0.8521918
HGNC:16403,0.64827335
HGNC:12567,0.8490765
HGNC:3247,0.24024332
HGNC:2173,0.60367477
HGNC:14013,0.6570265
HGNC:30394,0.43360913
HGNC:14672,0.29749274
HGNC:25546,0.5407052
HGNC:1321,0.24418294
HGNC:30185,0.6171472
HGNC:6383,0.2084775
HGNC:5181,0.09494686
HGNC:1001,0.88866884
HGNC:4892,0.35798728
HGNC:2037,0.30741715
HGNC:13210,0.5193084
HGNC:7907,0.51543236
HGNC:1705,0.80232275
HGNC:17812,0.7313154
HGNC:29878,0.14822114
HGNC:17865,0.28006327
HGNC:8125,0.17565227
HGNC:6394,0.8859266
HGNC:8654,0.37237644
HGNC:12496,0.9263672
HGNC:24999,0.90001184
HGNC:29972,0.21531248
HGNC:9920,0.17921627
HGNC:9919,0.29664147
HGNC:25554,0.7618775
HGNC:17031,0.14628536
HGNC:10070,0.7141805
HGNC:11751,0.8898849
HGNC:30654,0.8660313
HGNC:8638,0.8264922
HGNC:983,0.10520589
HGNC:8945,0.089551926
HGNC:8761,0.8767687
HGNC:26261,0.25253123
HGNC:12784,0.8921757
HGNC:8875,0.37359476
HGNC:2214,0.498464
HGNC:3668,0.82603014
HGNC:9391,0.7116107
HGNC:5192,0.8443123
HGNC:12627,0.5157855
HGNC:16469,0.8059412
HGNC:3155,0.5283884
HGNC:4393,0.12713587
HGNC:4385,0.9004982
HGNC:11758,0.71433264
HGNC:12633,0.53037137
HGNC:5320,0.35700595
HGNC:17034,0.80224603
HGNC:24969,0.77226603
HGNC:10325,0.8550784
HGNC:30253,0.46511412
HGNC:25024,0.22656727
HGNC:4023,0.9412173
HGNC:1542,0.84308696
HGNC:14422,0.78378654
HGNC:17367,0.2891863
HGNC:20731,0.7392169
HGNC:4905,0.26578873
HGNC:25251,0.09326565
HGNC:4180,0.31146836
HGNC:7198,0.60537106
HGNC:12563,0.5568985
HGNC:7659,0.8435433
HGNC:11175,0.44442785
HGNC:26255,0.18586129
HGNC:24886,0.7373616
HGNC:31046,0.1824609
HGNC:31927,0.16804075
HGNC:9099,0.82702315
HGNC:851,0.85458946
HGNC:18275,0.497522
HGNC:17936,0.84705067
HGNC:12578,0.18924493
HGNC:2467,0.53477836
HGNC:29120,0.7051679
HGNC:30634,0.6312684
HGNC:25692,0.20881575
HGNC:29231,0.21603161
HGNC:18593,0.107539594
HGNC:10379,0.22371
HGNC:16497,0.31611955
HGNC:24923,0.3413027
HGNC:1984,0.36520463
HGNC:6888,0.3900959
HGNC:174,0.81572866
HGNC:30914,0.8828002
HGNC:24993,0.35103023
HGNC:16769,0.5189086
HGNC:30024,0.7421838
HGNC:16829,0.71054375
HGNC:56,0.7343571
HGNC:17,0.27083528
HGNC:28235,0.25921226
HGNC:30792,0.88012147
HGNC:38856,0.36119187
HGNC:24490,0.28678948
HGNC:25947,0.74614954
HGNC:29185,0.76288664
HGNC:12694,0.07403648
HGNC:2940,0.5897809
HGNC:11325,0.743318
HGNC:26955,0.9359327
HGNC:11943,0.8677995
HGNC:7833,0.7721647
HGNC:2020,0.483415
HGNC:3823,0.90422386
HGNC:3296,0.9650122
HGNC:23401,0.5387957
HGNC:11399,0.1783331
HGNC:11029,0.6423045
HGNC:25997,0.8876126
HGNC:3208,0.67839986
HGNC:202,0.82980555
HGNC:2858,0.29614365
HGNC:16015,0.8768955
HGNC:25473,0.9104689
HGNC:19263,0.2617607
HGNC:10466,0.55594164
HGNC:21586,0.74278796
HGNC:5991,0.25710613
HGNC:10619,0.26879936
HGNC:23785,0.6969254
HGNC:15523,0.546678
HGNC:24252,0.26927114
HGNC:7667,0.912102
HGNC:168,0.6434956
HGNC:23617,0.4573208
HGNC:12858,0.7988125
HGNC:170,0.9697538
HGNC:24592,0.16720319
HGNC:19819,0.68332124
HGNC:17925,0.92023176
HGNC:30096,0.7063915
HGNC:19373,0.18681264
HGNC:30290,0.4005834
HGNC:9201,0.13870955
HGNC:11358,0.4867617
HGNC:8515,0.28796655
HGNC:4456,0.41325825
HGNC:1851,0.6748234
HGNC:9506,0.5277419
HGNC:171,0.7958644
HGNC:29364,0.69736195
HGNC:11014,0.75755334
HGNC:7224,0.25633693
HGNC:4665,0.82630163
HGNC:3260,0.8286475
HGNC:7993,0.94955647
HGNC:6161,0.16250563
HGNC:20239,0.8019517
HGNC:6140,0.6801635
HGNC:16889,0.93445754
HGNC:14979,0.67287284
HGNC:40043,0.4260298
HGNC:9278,0.881232
HGNC:8774,0.67415196
HGNC:30078,0.24623346
HGNC:8746,0.29308426
HGNC:4191,0.33988786
HGNC:24036,0.8437983
HGNC:18873,0.056867957
HGNC:10388,0.92381144
HGNC:15990,0.37255764
HGNC:13324,0.738052
HGNC:24862,0.3498757
HGNC:25759,0.11715919
HGNC:7714,0.8576459
HGNC:17615,0.93052185
HGNC:4565,0.61634916
HGNC:26108,0.42616278
HGNC:5057,0.5901389
HGNC:11275,0.94377923
HGNC:891,0.60894597
HGNC:14085,0.7420907
HGNC:14348,0.7565083
HGNC:13869,0.48661733
HGNC:2990,0.5408529
HGNC:4125,0.45121837
HGNC:18755,0.3110174
HGNC:11526,0.51012516
HGNC:25523,0.91498494
HGNC:88,0.24928498
HGNC:25816,0.33052933
HGNC:14052,0.47123837
HGNC:6508,0.19594032
HGNC:25725,0.5781986
HGNC:3218,0.9330661
HGNC:9951,0.25771272
HGNC:20748,0.16213924
HGNC:3778,0.7444685
HGNC:11362,0.92863744
HGNC:4331,0.86053807
HGNC:14982,0.83895516
HGNC:2951,0.5010496
HGNC:18281,0.26919246
HGNC:16046,0.5403641
HGNC:5471,0.70027375
HGNC:26158,0.11783028
HGNC:5474,0.8614993
HGNC:20066,0.9386934
HGNC:29556,0.36893892
HGNC:6259,0.59853286
HGNC:1617,0.88341635
HGNC:4247,0.388112
HGNC:7759,0.06773442
HGNC:29144,0.7663189
HGNC:8521,0.88664806
HGNC:24110,0.7139686
HGNC:25819,0.65489185
HGNC:4414,0.103396654
HGNC:10768,0.9778602
HGNC:10872,0.5837116
HGNC:19650,0.558585
HGNC:28860,0.21519125
HGNC:17261,0.7315297
HGNC:5269,0.9000689
HGNC:20815,0.86198056
HGNC:9062,0.30264467
HGNC:29865,0.55566984
HGNC:12927,0.36264122
HGNC:5994,0.11142278
HGNC:9387,0.15709245
HGNC:20986,0.21959901
HGNC:5993,0.7310566
HGNC:12785,0.65555286
HGNC:5999,0.2415002
HGNC:5998,0.17522883
HGNC:5988,0.46344686
HGNC:5989,0.5460019
HGNC:11072,0.689769
HGNC:3703,0.44320297
HGNC:29643,0.33588094
HGNC:25220,0.29831922
HGNC:17729,0.7133317
HGNC:47,0.26110727
HGNC:11394,0.477432
HGNC:14025,0.7104329
HGNC:4857,0.9123723
HGNC:9295,0.8842795
HGNC:17270,0.2695099
HGNC:11404,0.7319114
HGNC:12015,0.1562674
HGNC:9451,0.43840337
HGNC:5361,0.8405729
HGNC:11533,0.29559106
HGNC:5145,0.90686935
HGNC:8109,0.7322295
HGNC:13516,0.9283773
HGNC:25862,0.65646
HGNC:19236,0.2920367
HGNC:17500,0.80936074
HGNC:11424,0.781916
HGNC:24218,0.5602985
HGNC:9408,0.7220416
HGNC:25784,0.47983658
HGNC:9753,0.15395784
HGNC:17063,0.60114384
HGNC:10982,0.76839495
HGNC:26567,0.10470474
HGNC:2915,0.9000898
HGNC:6530,0.7401444
HGNC:2678,0.52273893
HGNC:10789,0.91935337
HGNC:10658,0.41559845
HGNC:9063,0.6980779
HGNC:10942,0.6867095
HGNC:11187,0.9284716
HGNC:6469,0.13715112
HGNC:12736,0.7442221
HGNC:8488,0.7015642
HGNC:2289,0.26663637
HGNC:32790,0.56414515
HGNC:8490,0.25462097
HGNC:9070,0.5182052
HGNC:671,0.88518834
HGNC:784,0.8689599
HGNC:19217,0.1720823
HGNC:19679,0.9247202
HGNC:13206,0.38510126
HGNC:26056,0.6432327
HGNC:11802,0.7798785
HGNC:20588,0.18054247
HGNC:4510,0.50515217
HGNC:3374,0.79946226
HGNC:3031,0.855615
HGNC:12502,0.92251706
HGNC:17935,0.28513157
HGNC:16768,0.21106577
HGNC:12661,0.6076871
HGNC:853,0.38474274
HGNC:7782,0.70800775
HGNC:7329,0.65826124
HGNC:14338,0.6458248
HGNC:11257,0.4703262
HGNC:3388,0.89575636
HGNC:14446,0.43173766
HGNC:17800,0.60764444
HGNC:428,0.2539962
HGNC:1008,0.6991881
HGNC:9142,0.80673087
HGNC:2859,0.6975416
HGNC:29157,0.37830168
HGNC:6896,0.7850285
HGNC:11953,0.7545986
HGNC:25852,0.19037777
HGNC:4559,0.26026833
HGNC:30423,0.82526636
HGNC:10606,0.5091163
HGNC:14134,0.048921585
HGNC:14615,0.61814654
HGNC:30279,0.78686076
HGNC:489,0.20032334
HGNC:24866,0.4092849
HGNC:23017,0.52707964
HGNC:26494,0.19661653
HGNC:1239,0.21039742
HGNC:28792,0.22804326
HGNC:12759,0.3942542
HGNC:13394,0.24610043
HGNC:14034,0.2829827
HGNC:5350,0.85749435
HGNC:10315,0.7875374
HGNC:12790,0.90117323
HGNC:9756,0.4878999
HGNC:11446,0.626089
HGNC:22983,0.89813304
HGNC:18185,0.6293908
HGNC:16369,0.7062038
HGNC:29618,0.46225858
HGNC:8153,0.39951193
HGNC:469,0.5810021
HGNC:10786,0.85524625
HGNC:19691,0.34441966
HGNC:6236,0.6755157
HGNC:16787,0.6985899
HGNC:29652,0.51752174
HGNC:840,0.4692459
HGNC:9855,0.8945812
HGNC:4852,0.81981546
HGNC:1488,0.84155136
HGNC:25768,0.6968626
HGNC:26886,0.81747687
HGNC:10565,0.5161607
HGNC:25574,0.38650513
HGNC:19088,0.9636761
HGNC:30368,0.91839993
HGNC:10774,0.9352569
HGNC:17794,0.70749193
HGNC:25973,0.7807814
HGNC:682,0.915167
HGNC:29796,0.8233719
HGNC:6997,0.89255893
HGNC:19190,0.7103599
HGNC:11296,0.81690055
HGNC:13225,0.47732794
HGNC:13581,0.4166761
HGNC:13585,0.4483443
HGNC:15494,0.8064729
HGNC:16785,0.8296582
HGNC:6764,0.72745764
HGNC:15469,0.8575002
HGNC:6554,0.8060813
HGNC:16951,0.8560842
HGNC:28513,0.62386906
HGNC:16877,0.8508434
HGNC:9364,0.42199528
HGNC:25715,0.09311706
HGNC:16792,0.8642849
HGNC:7661,0.528694
HGNC:8759,0.19385064
HGNC:20800,0.53488696
HGNC:9035,0.6433435
HGNC:4095,0.7227096
HGNC:28840,0.04497111
HGNC:22125,0.07775015
HGNC:30238,0.6769628
HGNC:9347,0.85534865
HGNC:9998,0.40104437
HGNC:10294,0.15539342
HGNC:468,0.12628794
HGNC:19678,0.6710361
HGNC:975,0.3379736
HGNC:10782,0.88997865
HGNC:2501,0.3724385
HGNC:18407,0.20437813
HGNC:24956,0.24354434
HGNC:19661,0.07934886
HGNC:16980,0.1018188
HGNC:29131,0.6072612
HGNC:2419,0.10025656
HGNC:8939,0.16948539
HGNC:12936,0.8452505
HGNC:1688,0.57196796
HGNC:30774,0.38855875
HGNC:1639,0.55286354
HGNC:12398,0.24685752
HGNC:7984,0.77346146
HGNC:29442,0.68795604
HGNC:18823,0.63478905
HGNC:21304,0.44961274
HGNC:25514,0.79473835
HGNC:12730,0.56852305
HGNC:4810,0.22323513
HGNC:29971,0.27088636
HGNC:14504,0.21377027
HGNC:24659,0.9261772
HGNC:4416,0.7139803
HGNC:12380,0.74526197
HGNC:26039,0.25875425
HGNC:19902,0.8958699
HGNC:11582,0.43054026
HGNC:7821,0.49917883
HGNC:6569,0.23905492
HGNC:17819,0.45803094
HGNC:18212,0.45664144
HGNC:7468,0.57230425
HGNC:1075,0.35244393
HGNC:7555,0.715219
HGNC:23800,0.8051791
HGNC:15770,0.08255637
HGNC:10025,0.9717046
HGNC:6381,0.5543479
HGNC:28418,0.28991652
HGNC:6298,0.76686573
HGNC:21292,0.47361118
HGNC:393,0.93556976
HGNC:3492,0.8718107
HGNC:89,0.3427074
HGNC:19342,0.72571635
HGNC:10903,0.5507148
HGNC:1683,0.34588522
HGNC:18341,0.35740352
HGNC:10681,0.47803766
HGNC:7033,0.38522035
HGNC:30350,0.30697805
HGNC:18039,0.5697982
HGNC:12457,0.65843827
HGNC:24018,0.45816147
HGNC:2496,0.22986835
HGNC:10000,0.30366337
HGNC:19360,0.73107606
HGNC:28246,0.70785224
HGNC:16509,0.41226596
HGNC:26089,0.20153737
HGNC:9033,0.12976485
HGNC:9888,0.9128982
HGNC:4184,0.17759162
HGNC:4182,0.16861004
HGNC:19167,0.23376644
HGNC:31984,0.16716099
HGNC:8751,0.33550376
HGNC:9789,0.7042277
HGNC:17013,0.26369882
HGNC:3146,0.8336643
HGNC:5005,0.37063003
HGNC:4116,0.27872694
HGNC:5362,0.8682155
HGNC:2336,0.3331697
HGNC:6953,0.36572516
HGNC:17348,0.9793429
HGNC:29509,0.863854
HGNC:19316,0.23352164
HGNC:11005,0.9099535
HGNC:15531,0.31912374
HGNC:1723,0.46712828
HGNC:7217,0.32355034
HGNC:727,0.60704464
HGNC:16853,0.89227337
HGNC:861,0.8841042
HGNC:925,0.75119394
HGNC:17276,0.7619272
HGNC:9586,0.35894108
HGNC:380,0.27870196
HGNC:9352,0.25725794
HGNC:8981,0.44486785
HGNC:20657,0.31352764
HGNC:1065,0.35551268
HGNC:28051,0.20873916
HGNC:10938,0.41409373
HGNC:3553,0.26579
HGNC:31802,0.32676423
HGNC:24251,0.27706397
HGNC:26287,0.11441499
HGNC:3017,0.94482595
HGNC:24024,0.3388937
HGNC:2157,0.85362035
HGNC:24903,0.91062677
HGNC:3541,0.5623754
HGNC:67,0.76245165
HGNC:12645,0.61203396
HGNC:24270,0.27157193
HGNC:11936,0.5190733
HGNC:17662,0.91804045
HGNC:11934,0.56135553
HGNC:16753,0.5362608
HGNC:25538,0.39536488
HGNC:5208,0.67568684
HGNC:6121,0.9500758
HGNC:775,0.8931556
HGNC:3042,0.3289491
HGNC:19824,0.51107895
HGNC:25234,0.1701287
HGNC:11023,0.6072699
HGNC:25594,0.89337575
HGNC:6510,0.8132527
HGNC:28836,0.6474167
HGNC:19080,0.69206524
HGNC:7745,0.48873067
HGNC:10430,0.7310349
HGNC:20603,0.74489194
HGNC:30384,0.28659463
HGNC:24548,0.4213627
HGNC:9459,0.92727184
HGNC:11110,0.96747905
HGNC:1857,0.36491448
HGNC:10290,0.70336115
HGNC:9296,0.93410176
HGNC:11430,0.8288348
HGNC:22146,0.09436786
HGNC:16386,0.8245188
HGNC:24626,0.36276305
HGNC:22211,0.597297
HGNC:24219,0.29270017
HGNC:13520,0.4201715
HGNC:9935,0.61863655
HGNC:1964,0.6373749
HGNC:7516,0.79482245
HGNC:2529,0.63654417
HGNC:17213,0.5719687
HGNC:14107,0.94338703
HGNC:17968,0.43472314
HGNC:11389,0.9116838
HGNC:7132,0.965222
HGNC:12266,0.25223362
HGNC:26146,0.67745256
HGNC:7175,0.07237357
HGNC:600,0.3760171
HGNC:25294,0.917447
HGNC:11069,0.87489027
HGNC:6404,0.44122922
HGNC:10413,0.95251447
HGNC:19181,0.6532793
HGNC:11949,0.57353806
HGNC:25360,0.38986433
HGNC:29188,0.8645042
HGNC:791,0.49171698
HGNC:2411,0.22422951
HGNC:25478,0.19039094
HGNC:11951,0.16639382
HGNC:29160,0.4929536
HGNC:7751,0.70863247
HGNC:2345,0.9450712
HGNC:6350,0.96014637
HGNC:12405,0.7051582
HGNC:929,0.8119976
HGNC:26258,0.2122246
HGNC:1372,0.12501526
HGNC:6690,0.34165275
HGNC:13543,0.18469137
HGNC:28962,0.8630502
HGNC:20061,0.44536734
HGNC:14415,0.8075477
HGNC:21015,0.4880041
HGNC:12312,0.6312137
HGNC:21381,0.33271885
HGNC:8662,0.84135675
HGNC:14967,0.23476648
HGNC:25374,0.87269604
HGNC:25412,0.87828046
HGNC:8921,0.8060243
HGNC:21174,0.07261169
HGNC:21212,0.37081003
HGNC:9046,0.8010464
HGNC:15600,0.756615
HGNC:11896,0.89231706
HGNC:377,0.24245626
HGNC:9772,0.33044028
HGNC:7545,0.80797464
HGNC:15471,0.1204052
HGNC:10810,0.6770769
HGNC:21336,0.8127419
HGNC:663,0.20788836
HGNC:2500,0.51377624
HGNC:11632,0.90884054
HGNC:17728,0.14196932
HGNC:13602,0.8595494
HGNC:24628,0.37518698
HGNC:10928,0.5187579
HGNC:13530,0.36743897
HGNC:20808,0.46696806
HGNC:12647,0.6083276
HGNC:17641,0.66139114
HGNC:29827,0.82692564
HGNC:3821,0.9091422
HGNC:23045,0.35712332
HGNC:4265,0.36340177
HGNC:10382,0.72130835
HGNC:15764,0.72405136
HGNC:1513,0.22968274
HGNC:17990,0.6330922
HGNC:9009,0.66958207
HGNC:74,0.05925989
HGNC:11255,0.19306457
HGNC:44667,0.120633125
HGNC:1595,0.7946845
HGNC:9867,0.22132969
HGNC:25874,0.18088758
HGNC:17168,0.7705304
HGNC:32221,0.13343406
HGNC:9273,0.18103254
HGNC:12506,0.88617617
HGNC:6346,0.9261631
HGNC:12515,0.44873738
HGNC:14267,0.82143325
HGNC:24979,0.23472917
HGNC:26145,0.32098132
HGNC:29250,0.36583704
HGNC:1583,0.926247
HGNC:3680,0.34577066
HGNC:17064,0.8688933
HGNC:18661,0.25381386
HGNC:20576,0.2084983
HGNC:7698,0.2893306
HGNC:4666,0.6052192
HGNC:21637,0.9738662
HGNC:12473,0.8351369
HGNC:17995,0.64801854
HGNC:4212,0.8646089
HGNC:1123,0.9388076
HGNC:11828,0.5155929
HGNC:24642,0.29579282
HGNC:23927,0.44104123
HGNC:2326,0.61366385
HGNC:30596,0.2772931
HGNC:28407,0.8987448
HGNC:29563,0.6974546
HGNC:25900,0.49602842
HGNC:31859,0.80664283
HGNC:25517,0.88924277
HGNC:10253,0.82109
HGNC:9813,0.90567046
HGNC:23397,0.5215495
HGNC:2512,0.39528644
HGNC:28296,0.31055468
HGNC:10760,0.9443902
HGNC:9308,0.8566776
HGNC:4315,0.46692103
HGNC:16524,0.9688045
HGNC:1858,0.25896728
HGNC:16380,0.596608
HGNC:13608,0.94262666
HGNC:24566,0.89870244
HGNC:7749,0.7526256
HGNC:18232,0.21729976
HGNC:9323,0.8591298
HGNC:7692,0.6609039
HGNC:28171,0.265077
HGNC:28413,0.3760255
HGNC:16055,0.12785852
HGNC:18572,0.41570622
HGNC:18752,0.93415016
HGNC:7982,0.9019841
HGNC:17870,0.33437467
HGNC:19877,0.37601632
HGNC:29324,0.85808617
HGNC:23159,0.36632222
HGNC:2439,0.4790392
HGNC:4021,0.6532124
HGNC:10895,0.7603768
HGNC:8139,0.8314361
HGNC:26711,0.32665962
HGNC:23715,0.42359304
HGNC:17798,0.8098
HGNC:20229,0.4512285
HGNC:26715,0.09836078
HGNC:1975,0.50411737
HGNC:20220,0.60397726
HGNC:8893,0.57000506
HGNC:19753,0.19102538
HGNC:18591,0.39839023
HGNC:179,0.31564796
HGNC:29669,0.20276248
HGNC:14537,0.46248233
HGNC:23247,0.56111026
HGNC:14282,0.7946889
HGNC:18431,0.21505415
HGNC:6715,0.701705
HGNC:20363,0.5781517
HGNC:7128,0.5160724
HGNC:19963,0.37936008
HGNC:20105,0.41791618
HGNC:68,0.32227385
HGNC:2911,0.70905423
HGNC:23788,0.54418457
HGNC:11769,0.8925424
HGNC:20354,0.14978367
HGNC:20495,0.20017958
HGNC:23244,0.96718955
HGNC:7179,0.39119053
HGNC:4519,0.44723576
HGNC:3473,0.71854746
HGNC:3258,0.33111113
HGNC:20186,0.3879105
HGNC:20233,0.31334138
HGNC:20144,0.762452
HGNC:17736,0.8588804
HGNC:4526,0.3609929
HGNC:30632,0.6398343
HGNC:29404,0.85534245
HGNC:2978,0.12342006
HGNC:25983,0.390975
HGNC:29230,0.9075436
HGNC:3712,0.6598135
HGNC:24047,0.740896
HGNC:18329,0.9190472
HGNC:24520,0.7360897
HGNC:28145,0.6389966
HGNC:25951,0.91999125
HGNC:25012,0.62397957
HGNC:24546,0.5706409
HGNC:13221,0.8980013
HGNC:14312,0.3651421
HGNC:11529,0.30221927
HGNC:10933,0.3515811
HGNC:21378,0.60770965
HGNC:5381,0.7172084
HGNC:11721,0.14753503
HGNC:18047,0.4627465
HGNC:5411,0.4928189
HGNC:7836,0.84720975
HGNC:5409,0.54440403
HGNC:24865,0.54107356
HGNC:24271,0.39911538
HGNC:9293,0.48758358
HGNC:23517,0.13536799
HGNC:102,0.68211627
HGNC:7534,0.66082674
HGNC:16900,0.8713988
HGNC:25822,0.47837
HGNC:4861,0.8510669
HGNC:4464,0.18034339
HGNC:24519,0.24854231
HGNC:31793,0.37584746
HGNC:30898,0.16031754
HGNC:15673,0.60992575
HGNC:25788,0.6584179
HGNC:15522,0.6419134
HGNC:26676,0.17114687
HGNC:4432,0.6495007
HGNC:2312,0.2950207
HGNC:25880,0.15927243
HGNC:10779,0.3001961
HGNC:4381,0.8925709
HGNC:5119,0.8568716
HGNC:24565,0.8668925
HGNC:5116,0.74919415
HGNC:2357,0.6201516
HGNC:5114,0.75724757
HGNC:5111,0.70743567
HGNC:3064,0.72761303
HGNC:19365,0.69160515
HGNC:7392,0.73312795
HGNC:11724,0.8994763
HGNC:17687,0.6471047
HGNC:25834,0.6239824
HGNC:1359,0.060102582
HGNC:23825,0.70295966
HGNC:6087,0.06783569
HGNC:7124,0.14440858
HGNC:17635,0.64916813
HGNC:4572,0.90540326
HGNC:21182,0.4247613
HGNC:21055,0.47701633
HGNC:16936,0.48593712
HGNC:21177,0.1131596
HGNC:8728,0.8487824
HGNC:20884,0.6775251
HGNC:23172,0.26842463
HGNC:25667,0.8204044
HGNC:30239,0.4165548
HGNC:25971,0.21149313
HGNC:24097,0.68960875
HGNC:8693,0.19907212
HGNC:8681,0.18399286
HGNC:8685,0.11609173
HGNC:8683,0.14555836
HGNC:22921,0.16139692
HGNC:22942,0.13079482
HGNC:14049,0.36803555
HGNC:17879,0.61308074
HGNC:11932,0.13438118
HGNC:30301,0.21429932
HGNC:25676,0.3822267
HGNC:4486,0.108207345
HGNC:94,0.36382866
HGNC:11655,0.8927179
HGNC:21211,0.13624454
HGNC:21532,0.36327308
HGNC:6266,0.57033765
HGNC:26266,0.85818386
HGNC:29984,0.10972816
HGNC:11733,0.9653825
HGNC:710,0.61113137
HGNC:28034,0.8067223
HGNC:23088,0.5292494
HGNC:24306,0.32483506
HGNC:24449,0.91474384
HGNC:19042,0.3644637
HGNC:25428,0.6774107
HGNC:30502,0.059336126
HGNC:21013,0.7281478
HGNC:19876,0.935413
HGNC:29193,0.64986765
HGNC:28203,0.1560008
HGNC:11545,0.90485585
HGNC:25474,0.6173542
HGNC:11926,0.6031171
HGNC:7469,0.2570086
HGNC:26026,0.5707313
HGNC:20325,0.15728772
HGNC:20291,0.75857383
HGNC:20597,0.4820875
HGNC:12739,0.35118586
HGNC:3316,0.6580642
HGNC:6774,0.5728998
HGNC:16969,0.8361916
HGNC:25266,0.54546654
HGNC:20266,0.7047808
HGNC:17035,0.31094074
HGNC:3477,0.94500864
HGNC:11771,0.46584862
HGNC:1336,0.70270085
HGNC:24624,0.5974308
HGNC:17970,0.8370328
HGNC:12399,0.28031504
HGNC:1337,0.9703377
HGNC:3238,0.86983967
HGNC:10759,0.70480365
HGNC:9090,0.55413306
HGNC:29555,0.38497758
HGNC:7971,0.7565799
HGNC:17897,0.60202384
HGNC:11875,0.40650713
HGNC:692,0.8259081
HGNC:24890,0.17245728
HGNC:30779,0.24153715
HGNC:19382,0.76899064
HGNC:7805,0.7621082
HGNC:24256,0.4207422
HGNC:576,0.6646898
HGNC:3070,0.7999587
HGNC:2095,0.57996625
HGNC:11905,0.3563167
HGNC:30907,0.4015658
HGNC:9612,0.78272676
HGNC:1956,0.2233668
HGNC:277,0.28464556
HGNC:9316,0.72418606
HGNC:13992,0.39639008
HGNC:3402,0.18361682
HGNC:25358,0.7825413
HGNC:7940,0.11523986
HGNC:30791,0.6516604
HGNC:11571,0.9442705
HGNC:11923,0.71841717
HGNC:28841,0.040535152
HGNC:24992,0.94737923
HGNC:6737,0.5195182
HGNC:18206,0.4044143
HGNC:2240,0.96144575
HGNC:19975,0.9569314
HGNC:3423,0.12720329
HGNC:367,0.7756165
HGNC:2184,0.5525118
HGNC:12932,0.6035265
HGNC:29507,0.29467964
HGNC:11254,0.97812927
HGNC:11597,0.8891907
HGNC:20798,0.45116192
HGNC:11603,0.80801773
HGNC:11737,0.1673168
HGNC:24179,0.53771204
HGNC:1112,0.5845861
HGNC:6685,0.45291615
HGNC:29146,0.7885606
HGNC:24839,0.27069205
HGNC:16277,0.18459243
HGNC:14639,0.058098674
HGNC:30758,0.9282385
HGNC:238,0.61696845
HGNC:25907,0.11468589
HGNC:30700,0.86339635
HGNC:23408,0.2295677
HGNC:26215,0.2546215
HGNC:9338,0.03341484
HGNC:26162,0.3165025
HGNC:5329,0.21962178
HGNC:6269,0.87289125
HGNC:14913,0.108269274
HGNC:16657,0.21223569
HGNC:20320,0.8941645
HGNC:26632,0.2892204
HGNC:5,0.14541757
HGNC:21037,0.5981768
HGNC:13003,0.26909238
HGNC:17704,0.77819484
HGNC:18636,0.41121042
HGNC:21734,0.7411697
HGNC:10061,0.96055764
HGNC:16782,0.78252184
HGNC:20260,0.2726674
HGNC:2481,0.25830173
HGNC:19200,0.46873176
HGNC:17648,0.30034786
HGNC:927,0.40859067
HGNC:29533,0.88564014
HGNC:1700,0.47680604
HGNC:29441,0.6409126
HGNC:4281,0.3775884
HGNC:24264,0.88049585
HGNC:6882,0.90959674
HGNC:2385,0.6414262
HGNC:8857,0.5403551
HGNC:29899,0.22315764
HGNC:1516,0.2875415
HGNC:18297,0.23733294
HGNC:12989,0.79246765
HGNC:4288,0.33506274
HGNC:4277,0.45247304
HGNC:25694,0.68390083
HGNC:944,0.8368896
HGNC:4848,0.39162385
HGNC:30246,0.4906839
HGNC:3557,0.58847964
HGNC:18116,0.91238827
HGNC:25510,0.6487253
HGNC:1612,0.23720574
HGNC:1603,0.51913124
HGNC:28466,0.44116676
HGNC:4267,0.38204306
HGNC:11925,0.55923057
HGNC:30950,0.6217262
HGNC:23501,0.82530737
HGNC:8975,0.95673406
HGNC:29088,0.8974054
HGNC:26260,0.16686738
HGNC:16429,0.56226563
HGNC:26977,0.2695998
HGNC:24143,0.47982973
HGNC:13093,0.6460515
HGNC:5144,0.8744316
HGNC:30299,0.4860798
HGNC:268,0.23799318
HGNC:29675,0.56536055
HGNC:29501,0.41977942
HGNC:20887,0.24690896
HGNC:2561,0.8403539
HGNC:25249,0.24492896
HGNC:173,0.9347045
HGNC:9183,0.34170878
HGNC:30670,0.56522673
HGNC:3765,0.7234652
HGNC:10313,0.8884271
HGNC:29788,0.29449975
HGNC:4662,0.17800307
HGNC:23802,0.39415407
HGNC:12504,0.85945857
HGNC:25407,0.65995914
HGNC:28785,0.3295495
HGNC:12823,0.19773221
HGNC:15975,0.784612
HGNC:8108,0.94005156
HGNC:8573,0.10089183
HGNC:23380,0.105979204
HGNC:14495,0.30464363
HGNC:11600,0.880193
HGNC:3774,0.4338069
HGNC:7612,0.8418205
HGNC:26005,0.26618385
HGNC:9071,0.6892748
HGNC:29209,0.44043994
HGNC:2230,0.9425955
HGNC:18171,0.57462823
HGNC:6730,0.16715598
HGNC:5195,0.76130474
HGNC:9889,0.96020913
HGNC:30959,0.9364172
HGNC:9448,0.16410291
HGNC:21061,0.5754728
HGNC:535,0.2746914
HGNC:15710,0.5111392
HGNC:14449,0.11632848
HGNC:28773,0.43410188
HGNC:12996,0.6648594
HGNC:25875,0.71142584
HGNC:10360,0.95502394
HGNC:29225,0.14499545
HGNC:9600,0.6556348
HGNC:25502,0.3256268
HGNC:28228,0.17880332
HGNC:21393,0.46177566
HGNC:29222,0.8796437
HGNC:30370,0.25017464
HGNC:25791,0.42327952
HGNC:26188,0.43906647
HGNC:30000,0.37827933
HGNC:9122,0.17190689
HGNC:22229,0.8591061
HGNC:8105,0.11998433
HGNC:22223,0.6509861
HGNC:22191,0.34097385
HGNC:15646,0.7338341
HGNC:21915,0.8054981
HGNC:1553,0.9030597
HGNC:5033,0.9580655
HGNC:22004,0.351025
HGNC:20693,0.7818619
HGNC:7955,0.64463186
HGNC:24587,0.7310512
HGNC:5108,0.5999063
HGNC:6066,0.92411286
HGNC:3725,0.5347023
HGNC:17820,0.5266084
HGNC:695,0.8687594
HGNC:21691,0.37407494
HGNC:9185,0.2892974
HGNC:9845,0.5275496
HGNC:16352,0.28202653
HGNC:12428,0.8512864
HGNC:18247,0.97681355
HGNC:18007,0.34152764
HGNC:23323,0.69682425
HGNC:2090,0.8250443
HGNC:11345,0.51255035
HGNC:16646,0.2876014
HGNC:8276,0.16029334
HGNC:18056,0.77201176
HGNC:117,0.3285179
HGNC:29180,0.62723774
HGNC:2954,0.45036733
HGNC:23686,0.8217744
HGNC:2170,0.83952427
HGNC:22219,0.7567859
HGNC:11812,0.9393745
HGNC:22432,0.30244964
HGNC:1441,0.7936313
HGNC:388,0.21084929
HGNC:17621,0.6421926
HGNC:10798,0.13531333
HGNC:13806,0.37941986
HGNC:9052,0.4586742
HGNC:9361,0.42610407
HGNC:1971,0.44552445
HGNC:19351,0.7723662
HGNC:30880,0.59034896
HGNC:3239,0.8366661
HGNC:17029,0.28697157
HGNC:8546,0.82561016
HGNC:10986,0.33320624
HGNC:13195,0.22948217
HGNC:12711,0.7837567
HGNC:29098,0.39956832
HGNC:1985,0.80362654
HGNC:14313,0.37581992
HGNC:90,0.35741568
HGNC:28240,0.75591683
HGNC:20084,0.46754622
HGNC:22962,0.9630277
HGNC:1789,0.82137215
HGNC:10056,0.8517679
HGNC:13232,0.80916524
HGNC:16617,0.86483383
HGNC:11322,0.4868735
HGNC:6181,0.5199015
HGNC:24855,0.41371846
HGNC:20983,0.61976415
HGNC:17004,0.84912986
HGNC:17152,0.34212267
HGNC:17169,0.5944905
HGNC:17821,0.80717254
HGNC:9405,0.74297446
HGNC:28424,0.83434767
HGNC:1711,0.51195705
HGNC:32672,0.18932468
HGNC:1226,0.5030136
HGNC:24027,0.15655005
HGNC:25303,0.104233146
HGNC:14297,0.48062944
HGNC:18061,0.3222409
HGNC:870,0.15349966
HGNC:20368,0.8543037
HGNC:16058,0.30742776
HGNC:29479,0.16822779
HGNC:17142,0.25932932
HGNC:21449,0.27565575
HGNC:783,0.7697642
HGNC:12367,0.15880823
HGNC:13802,0.44613945
HGNC:14130,0.42528784
HGNC:4862,0.7805815
HGNC:7165,0.108971596
HGNC:8869,0.3756411
HGNC:18650,0.80332154
HGNC:16037,0.60794735
HGNC:7980,0.76797783
HGNC:8775,0.7688195
HGNC:5125,0.5543476
HGNC:1771,0.82403123
HGNC:6692,0.96050423
HGNC:5123,0.6189289
HGNC:25679,0.7076192
HGNC:7780,0.79789305
HGNC:5124,0.21311867
HGNC:13179,0.8170441
HGNC:17148,0.3907358
HGNC:18809,0.9667191
HGNC:23761,0.5264824
HGNC:10536,0.33460248
HGNC:2689,0.20629156
HGNC:18803,0.59636754
HGNC:10879,0.7201665
HGNC:25444,0.42367572
HGNC:5975,0.23618251
HGNC:2185,0.18358958
HGNC:457,0.9202314
HGNC:21034,0.50627893
HGNC:20080,0.23620808
HGNC:9086,0.92326796
HGNC:11583,0.27304155
HGNC:16849,0.90786934
HGNC:27252,0.17310345
HGNC:14090,0.92447764
HGNC:25391,0.8091643
HGNC:25195,0.8552327
HGNC:14865,0.5599894
HGNC:9792,0.9096383
HGNC:25856,0.3472345
HGNC:25660,0.31445843
HGNC:7854,0.30049872
HGNC:11898,0.32621193
HGNC:18123,0.6720451
HGNC:963,0.78899634
HGNC:18761,0.47137964
HGNC:28985,0.864645
HGNC:28915,0.6980169
HGNC:30229,0.3082543
HGNC:6263,0.869625
HGNC:21165,0.85443926
HGNC:9137,0.2542668
HGNC:18554,0.256746
HGNC:28636,0.24781919
HGNC:19041,0.26710647
HGNC:8873,0.5927488
HGNC:1325,0.71351206
HGNC:1328,0.2608269
HGNC:9776,0.30566025
HGNC:4523,0.28853363
HGNC:3263,0.9658402
HGNC:13906,0.8188685
HGNC:2000,0.74562436
HGNC:26383,0.32176667
HGNC:3570,0.6702357
HGNC:24291,0.7045454
HGNC:2981,0.37258095
HGNC:6065,0.48475516
HGNC:18210,0.09668666
HGNC:29092,0.27810323
HGNC:26224,0.20209926
HGNC:10913,0.51169956
HGNC:25246,0.2515248
HGNC:6931,0.121073246
HGNC:16099,0.4903224
HGNC:16234,0.5540841
HGNC:8947,0.20432591
HGNC:16100,0.1334647
HGNC:16154,0.17098844
HGNC:11092,0.20963961
HGNC:15957,0.1228556
HGNC:16114,0.62974715
HGNC:32594,0.93884313
HGNC:6300,0.3400998
HGNC:13818,0.90386
HGNC:16226,0.42180753
HGNC:10661,0.39169633
HGNC:7670,0.7607347
HGNC:14938,0.31755418
HGNC:10743,0.054993927
HGNC:6910,0.2062782
HGNC:15909,0.8912147
HGNC:12649,0.80794334
HGNC:16245,0.85718375
HGNC:838,0.4156574
HGNC:19057,0.95668554
HGNC:9065,0.74070674
HGNC:16095,0.556667
HGNC:10788,0.8571689
HGNC:4213,0.7339556
HGNC:16198,0.096339226
HGNC:15853,0.82804346
HGNC:29271,0.83160937
HGNC:16167,0.31644082
HGNC:3178,0.26952738
HGNC:2431,0.9323285
HGNC:33521,0.70736986
HGNC:9764,0.7460195
HGNC:9603,0.25017512
HGNC:11370,0.9268092
HGNC:15902,0.08834052
HGNC:11128,0.744254
HGNC:15765,0.33896232
HGNC:11431,0.7456484
HGNC:13094,0.67718816
HGNC:16217,0.29718494
HGNC:15837,0.77204627
HGNC:13761,0.18291599
HGNC:10742,0.0839324
HGNC:16216,0.12426579
HGNC:14367,0.1933145
HGNC:13814,0.28280663
HGNC:15856,0.14213967
HGNC:8724,0.22060865
HGNC:16176,0.12089491
HGNC:16156,0.1947397
HGNC:7473,0.3154601
HGNC:28758,0.32487798
HGNC:8840,0.20353484
HGNC:15993,0.4493767
HGNC:29059,0.9406026
HGNC:11486,0.615131
HGNC:6030,0.04742205
HGNC:12806,0.12319648
HGNC:16950,0.5209415
HGNC:17174,0.26038253
HGNC:16732,0.56678617
HGNC:29200,0.43383217
HGNC:30240,0.5665677
HGNC:7213,0.71907425
HGNC:5983,0.19474626
HGNC:13531,0.75497675
HGNC:12621,0.8393309
HGNC:13711,0.26202375
HGNC:15825,0.6167845
HGNC:28357,0.36825937
HGNC:28835,0.42292476
HGNC:13111,0.39108825
HGNC:24880,0.11818075
HGNC:9525,0.035577536
HGNC:1820,0.1230939
HGNC:7678,0.8478223
HGNC:12632,0.97977066
HGNC:12024,0.08011025
HGNC:3531,0.53634465
HGNC:4596,0.83458656
HGNC:18273,0.93984026
HGNC:8570,0.88723975
HGNC:1137,0.19296265
HGNC:14933,0.23237407
HGNC:13785,0.32370365
HGNC:20876,0.6325624
HGNC:21374,0.110268295
HGNC:1135,0.2736017
HGNC:11157,0.890161
HGNC:10931,0.07848346
HGNC:10929,0.09228712
HGNC:8950,0.48523653
HGNC:17675,0.8396714
HGNC:52,0.23605686
HGNC:8859,0.5753893
HGNC:7856,0.25421357
HGNC:16805,0.24892372
HGNC:21257,0.45564985
HGNC:21203,0.1833846
HGNC:21022,0.3612768
HGNC:18779,0.21261573
HGNC:10383,0.939297
HGNC:7190,0.31735587
HGNC:16840,0.71867573
HGNC:8241,0.06504214
HGNC:11580,0.30448967
HGNC:17257,0.820235
HGNC:11658,0.25474352
HGNC:21059,0.24250531
HGNC:605,0.2749548
HGNC:20704,0.95828474
HGNC:4415,0.42112464
HGNC:2952,0.4108411
HGNC:17760,0.30163407
HGNC:6986,0.29664755
HGNC:21353,0.4320619
HGNC:17025,0.22459513
HGNC:1784,0.5119403
HGNC:11200,0.90801954
HGNC:4323,0.24205542
HGNC:2318,0.70764005
HGNC:14465,0.16242695
HGNC:10449,0.8840848
HGNC:11323,0.76811504
HGNC:18656,0.3162629
HGNC:17972,0.8255541
HGNC:21601,0.21526313
HGNC:20992,0.36677754
HGNC:10548,0.86688817
HGNC:8062,0.8790398
HGNC:2768,0.7228273
HGNC:3212,0.58753693
HGNC:304,0.11136073
HGNC:10472,0.8586841
HGNC:19992,0.7894555
HGNC:4198,0.54040444
HGNC:6702,0.4736619
HGNC:16523,0.34710753
HGNC:10643,0.124693155
HGNC:3443,0.19541931
HGNC:19023,0.165052
HGNC:1181,0.9276447
HGNC:18396,0.08756173
HGNC:7051,0.17541885
HGNC:347,0.7690532
HGNC:23999,0.794964
HGNC:24809,0.1748429
HGNC:12774,0.67892385
HGNC:26009,0.08218837
HGNC:7877,0.9824383
HGNC:967,0.3236807
HGNC:7399,0.19812435
HGNC:7406,0.39073873
HGNC:4433,0.6419662
HGNC:19868,0.67643315
HGNC:9007,0.42343587
HGNC:4472,0.1451037
HGNC:18355,0.19022298
HGNC:25904,0.4320404
HGNC:9861,0.93796766
HGNC:10906,0.05283177
HGNC:55,0.6087965
HGNC:3227,0.9315739
HGNC:11197,0.86240864
HGNC:11865,0.95529455
HGNC:28460,0.29952228
HGNC:6390,0.16315383
HGNC:6116,0.8919251
HGNC:20439,0.8856796
HGNC:12974,0.8880451
HGNC:15848,0.8340612
HGNC:26086,0.46837306
HGNC:7683,0.8531321
HGNC:461,0.628763
HGNC:18799,0.19613564
HGNC:1071,0.87812716
HGNC:9594,0.42171842
HGNC:16822,0.8849192
HGNC:4543,0.16757166
HGNC:11204,0.9317354
HGNC:14293,0.1137588
HGNC:7572,0.44962537
HGNC:5198,0.5241852
HGNC:31921,0.16598612
HGNC:14499,0.4646604
HGNC:17079,0.4863901
HGNC:26168,0.31532836
HGNC:8734,0.92553496
HGNC:14409,0.7331929
HGNC:24030,0.27652735
HGNC:17144,0.30224234
HGNC:29678,0.24908882
HGNC:30780,0.17777741
HGNC:12397,0.32070595
HGNC:4667,0.78301805
HGNC:16715,0.37284452
HGNC:953,0.7357674
HGNC:6329,0.049337626
HGNC:14947,0.73353624
HGNC:15505,0.6995382
HGNC:11298,0.09324074
HGNC:8155,0.7514083
HGNC:15930,0.6004197
HGNC:4530,0.1713109
HGNC:28764,0.28132898
HGNC:16093,0.6761597
HGNC:16142,0.23856997
HGNC:5992,0.6924789
HGNC:9073,0.08082813
HGNC:15563,0.089148164
HGNC:17840,0.35695064
HGNC:8622,0.8965118
HGNC:20452,0.7805201
HGNC:20454,0.86031306
HGNC:25611,0.5869749
HGNC:19096,0.72698843
HGNC:19375,0.64503366
HGNC:9579,0.26050258
HGNC:4652,0.5160674
HGNC:21306,0.18975735
HGNC:2084,0.7530546
HGNC:11939,0.28170288
HGNC:4573,0.9258059
HGNC:19073,0.9714341
HGNC:6919,0.9423818
HGNC:10316,0.8920289
HGNC:16040,0.14601469
HGNC:11937,0.54304934
HGNC:1318,0.78315854
HGNC:16885,0.20725358
HGNC:12304,0.53193253
HGNC:17829,0.2808715
HGNC:11930,0.52208644
HGNC:3797,0.87495893
HGNC:8142,0.5588531
HGNC:11159,0.96051323
HGNC:10468,0.72002137
HGNC:18035,0.2368201
HGNC:12652,0.8472468
HGNC:22935,0.89461946
HGNC:26957,0.7298808
HGNC:15756,0.19406289
HGNC:15894,0.47865146
HGNC:11779,0.43290275
HGNC:4420,0.106603384
HGNC:15900,0.11466849
HGNC:5022,0.85331535
HGNC:15855,0.2533034
HGNC:15808,0.6104098
HGNC:8615,0.7746341
HGNC:15751,0.70448476
HGNC:2480,0.0988422
HGNC:7837,0.34655285
HGNC:1852,0.9215025
HGNC:9571,0.32494235
HGNC:7835,0.8311183
HGNC:16219,0.5932981
HGNC:15958,0.09329742
HGNC:15864,0.7345251
HGNC:25237,0.6225027
HGNC:15959,0.11998415
HGNC:16254,0.8521938
HGNC:11153,0.80259144
HGNC:16229,0.31500924
HGNC:15875,0.23847765
HGNC:10448,0.49843258
HGNC:1069,0.90446126
HGNC:12917,0.6709858
HGNC:3762,0.76479477
HGNC:15804,0.7683985
HGNC:8744,0.90220666
HGNC:13821,0.1450581
HGNC:7108,0.3204826
HGNC:1040,0.29871023
HGNC:15750,0.78535825
HGNC:16097,0.19179702
HGNC:11155,0.7377206
HGNC:16205,0.45566458
HGNC:16208,0.15335405
HGNC:16133,0.81455815
HGNC:6176,0.32664114
HGNC:11627,0.72569597
HGNC:8517,0.1203205
HGNC:16147,0.30648673
HGNC:16172,0.24619508
HGNC:15893,0.20331478
HGNC:16188,0.38472152
HGNC:16180,0.24720728
HGNC:16248,0.07167673
HGNC:14045,0.3173405
HGNC:16218,0.13617897
HGNC:3170,0.34327912
HGNC:26923,0.79042625
HGNC:1986,0.51389384
HGNC:5047,0.94196934
HGNC:20814,0.66648924
HGNC:6913,0.89979815
HGNC:42960,0.5619403
HGNC:25772,0.62669396
HGNC:4220,0.7054984
HGNC:7172,0.755265
HGNC:15851,0.45901966
HGNC:5360,0.441198
HGNC:15921,0.739026
HGNC:15468,0.66709006
HGNC:16166,0.24312413
HGNC:3266,0.9046645
HGNC:15927,0.54124355
HGNC:16185,0.7568164
HGNC:16108,0.27473974
HGNC:1859,0.44084823
HGNC:9047,0.91042876
HGNC:4609,0.6547727
HGNC:11114,0.91953564
HGNC:17810,0.8485657
HGNC:30055,0.8001686
HGNC:9539,0.8646642
HGNC:18421,0.91014504
HGNC:12591,0.4256097
HGNC:10866,0.6542
HGNC:26186,0.5558977
HGNC:26117,0.7480024
HGNC:6387,0.77817583
HGNC:12830,0.23599738
HGNC:18598,0.76941854
HGNC:14576,0.64025956
HGNC:3528,0.42504203
HGNC:25653,0.36276913
HGNC:9460,0.074838996
HGNC:18746,0.3074754
HGNC:28370,0.8616905
HGNC:23620,0.164024
HGNC:1481,0.44488215
HGNC:28194,0.36601293
HGNC:4500,0.3377725
HGNC:28117,0.7923146
HGNC:18816,0.2849561
HGNC:30661,0.8861898
HGNC:4501,0.2608416
HGNC:16977,0.31149936
HGNC:4498,0.26136458
HGNC:2280,0.68293524
HGNC:6454,0.164944
HGNC:11796,0.85519433
HGNC:1608,0.7005686
HGNC:7962,0.8301718
HGNC:25462,0.527498
HGNC:9355,0.4183244
HGNC:13787,0.18682551
HGNC:6118,0.53843963
HGNC:5187,0.9591639
HGNC:10447,0.66334313
HGNC:9470,0.21270448
HGNC:30403,0.8567939
HGNC:29217,0.9817845
HGNC:30719,0.78319645
HGNC:3760,0.6825402
HGNC:746,0.3818468
HGNC:19440,0.51191795
HGNC:2445,0.052216887
HGNC:11369,0.06635797
HGNC:5283,0.07433498
HGNC:11366,0.8906651
HGNC:14544,0.22686744
HGNC:1034,0.8032875
HGNC:9402,0.90249056
HGNC:16264,0.11873186
HGNC:29450,0.83330405
HGNC:25305,0.58938706
HGNC:15470,0.71250904
HGNC:25230,0.9702744
HGNC:4054,0.34693205
HGNC:16814,0.6275034
HGNC:11955,0.92728317
HGNC:16912,0.42658705
HGNC:11335,0.013768911
HGNC:12641,0.84992075
HGNC:8864,0.77362525
HGNC:3321,0.90873826
HGNC:17310,0.6974826
HGNC:19962,0.71153355
HGNC:6467,0.72438705
HGNC:10887,0.85258466
HGNC:688,0.42626834
HGNC:16864,0.25285673
HGNC:20488,0.25035644
HGNC:5235,0.7784756
HGNC:20259,0.9136002
HGNC:23141,0.6587081
HGNC:17720,0.4802962
HGNC:20364,0.5361278
HGNC:9750,0.13713908
HGNC:9351,0.07993734
HGNC:21168,0.7930474
HGNC:3499,0.35248196
HGNC:8135,0.92461884
HGNC:21862,0.4912033
HGNC:28904,0.42344165
HGNC:25465,0.7914922
HGNC:8064,0.7223995
HGNC:2492,0.16103292
HGNC:897,0.763622
HGNC:22979,0.86616147
HGNC:6842,0.87746906
HGNC:5042,0.96875566
HGNC:18073,0.71889544
HGNC:25864,0.818228
HGNC:8075,0.18436956
HGNC:11817,0.8654775
HGNC:24931,0.92604476
HGNC:1473,0.79908276
HGNC:26052,0.31802922
HGNC:9995,0.15612018
HGNC:14645,0.7570168
HGNC:23385,0.47756803
HGNC:8134,0.21963662
HGNC:16027,0.54338336
HGNC:13561,0.77736163
HGNC:25686,0.57485574
HGNC:3177,0.40866506
HGNC:13222,0.91390944
HGNC:2292,0.67989665
HGNC:11562,0.9480182
HGNC:23759,0.8488545
HGNC:6901,0.3622514
HGNC:25422,0.25092626
HGNC:14922,0.21345109
HGNC:17196,0.13222367
HGNC:9857,0.9542047
HGNC:14900,0.1367749
HGNC:11855,0.5017175
HGNC:17105,0.11477959
HGNC:16508,0.46545732
HGNC:9665,0.7623483
HGNC:3093,0.93052995
HGNC:24859,0.57802355
HGNC:14910,0.056688845
HGNC:14911,0.08040804
HGNC:14912,0.2272799
HGNC:20458,0.13607681
HGNC:21704,0.246104
HGNC:3145,0.14591539
HGNC:5391,0.19919622
HGNC:3693,0.52745
HGNC:28709,0.22799414
HGNC:28363,0.16653341
HGNC:8988,0.8174283
HGNC:13611,0.5613171
HGNC:28957,0.30669898
HGNC:9038,0.2800036
HGNC:30313,0.9327841
HGNC:24973,0.88158166
HGNC:3337,0.17141783
HGNC:19354,0.8927982
HGNC:8356,0.093657374
HGNC:20803,0.6907039
HGNC:24634,0.83629084
HGNC:6347,0.890976
HGNC:8374,0.06692964
HGNC:3540,0.19356143
HGNC:30862,0.33522892
HGNC:4236,0.30070198
HGNC:11501,0.68867224
HGNC:29650,0.6976706
HGNC:30912,0.19826782
HGNC:20852,0.66798055
HGNC:14150,0.8791834
HGNC:18435,0.12799662
HGNC:14131,0.22165644
HGNC:13664,0.93826103
HGNC:11100,0.9797562
HGNC:29136,0.9102034
HGNC:26228,0.20664006
HGNC:5982,0.22092974
HGNC:28430,0.7961493
HGNC:8190,0.104120374
HGNC:28484,0.80730283
HGNC:12407,0.8526392
HGNC:12690,0.29062372
HGNC:18,0.8275831
HGNC:9153,0.35054088
HGNC:11915,0.54137576
HGNC:10069,0.6803362
HGNC:3151,0.5924511
HGNC:379,0.65885735
HGNC:4403,0.7356457
HGNC:4411,0.2749446
HGNC:4913,0.77040374
HGNC:9645,0.8994862
HGNC:9208,0.34707183
HGNC:3696,0.47647166
HGNC:18165,0.22152478
HGNC:21923,0.34507
HGNC:4384,0.8551367
HGNC:8850,0.49828625
HGNC:21463,0.19012547
HGNC:10808,0.7002493
HGNC:21785,0.23795664
HGNC:16014,0.7521971
HGNC:33109,0.1907872
HGNC:29290,0.8292136
HGNC:12862,0.8019412
HGNC:25812,0.46447515
HGNC:11245,0.404059
HGNC:23804,0.5902898
HGNC:8587,0.5012275
HGNC:6307,0.84174263
HGNC:9238,0.8611002
HGNC:18127,0.24606669
HGNC:28898,0.266909
HGNC:18551,0.306567
HGNC:2847,0.89943016
HGNC:30437,0.7812798
HGNC:12710,0.21309757
HGNC:10676,0.66799664
HGNC:24240,0.77461696
HGNC:12853,0.91188926
HGNC:9977,0.17860591
HGNC:9979,0.12669677
HGNC:23051,0.34275854
HGNC:4395,0.944107
HGNC:7046,0.7742576
HGNC:263,0.77927804
HGNC:786,0.49949455
HGNC:18149,0.26197803
HGNC:9980,0.1302501
HGNC:17014,0.1728574
HGNC:14868,0.22880387
HGNC:4479,0.24050426
HGNC:12021,0.6526483
HGNC:26203,0.20614827
HGNC:7223,0.39941776
HGNC:4134,0.16626054
HGNC:12388,0.3862511
HGNC:14869,0.14877528
HGNC:5870,0.21395046
HGNC:619,0.23981631
HGNC:9802,0.9484244
HGNC:6596,0.7667664
HGNC:18589,0.12219471
HGNC:17343,0.23065424
HGNC:17356,0.2372595
HGNC:13241,0.20455301
HGNC:6427,0.28105426
HGNC:28032,0.78673184
HGNC:12968,0.6582812
HGNC:30615,0.629449
HGNC:15740,0.14762986
HGNC:19192,0.77405083
HGNC:17284,0.77704626
HGNC:16832,0.42202425
HGNC:20471,0.65757775
HGNC:26308,0.086164236
HGNC:21894,0.19167328
HGNC:12684,0.5636197
HGNC:9171,0.5073362
HGNC:13875,0.8780341
HGNC:22209,0.3517573
HGNC:21895,0.53826505
HGNC:7109,0.89568913
HGNC:6968,0.5564714
HGNC:3756,0.8155477
HGNC:15586,0.9554158
HGNC:1458,0.6345906
HGNC:22225,0.39564967
HGNC:11119,0.63211787
HGNC:6120,0.7279417
HGNC:16895,0.24188662
HGNC:22194,0.8803339
HGNC:7688,0.32523406
HGNC:22788,0.8809633
HGNC:1012,0.36450648
HGNC:10380,0.3728829
HGNC:7596,0.69682974
HGNC:5132,0.5218466
HGNC:5137,0.8005444
HGNC:7506,0.62835264
HGNC:8773,0.09433377
HGNC:1943,0.6727044
HGNC:4092,0.77666837
HGNC:23075,0.27933848
HGNC:16036,0.5411777
HGNC:4821,0.76142895
HGNC:5140,0.5588879
HGNC:5133,0.7888343
HGNC:5134,0.5057974
HGNC:5136,0.74120903
HGNC:4868,0.8446624
HGNC:11164,0.7736106
HGNC:24929,0.35577643
HGNC:12429,0.5453751
HGNC:30320,0.38641608
HGNC:29323,0.7508275
HGNC:19687,0.5502497
HGNC:7604,0.28471565
HGNC:25931,0.10150033
HGNC:11872,0.5505127
HGNC:19141,0.84409696
HGNC:23113,0.24321735
HGNC:28295,0.5876658
HGNC:26956,0.9570097
HGNC:29885,0.28520143
HGNC:2910,0.9365794
HGNC:15472,0.8231499
HGNC:26954,0.5892323
HGNC:6186,0.2915337
HGNC:30767,0.31399262
HGNC:3078,0.4286945
HGNC:28680,0.41800714
HGNC:2077,0.45679492
HGNC:16967,0.7656234
HGNC:23594,0.40796643
HGNC:18445,0.16900754
HGNC:6133,0.37146533
HGNC:23193,0.2794255
HGNC:6665,0.7530116
HGNC:1611,0.1624757
HGNC:24540,0.37868184
HGNC:2231,0.8650558
HGNC:9530,0.90596175
HGNC:20415,0.20472527
HGNC:17068,0.6329115
HGNC:26212,0.9119698
HGNC:964,0.13394606
HGNC:7611,0.5257078
HGNC:17499,0.21177524
HGNC:6233,0.9353181
HGNC:12008,0.3847394
HGNC:2472,0.30393267
HGNC:24727,0.7628906
HGNC:2710,0.42008746
HGNC:11196,0.41608733
HGNC:25483,0.30752718
HGNC:28641,0.15390444
HGNC:12629,0.17280233
HGNC:10839,0.32724345
HGNC:9068,0.18191731
HGNC:359,0.34704876
HGNC:1693,0.33853215
HGNC:28218,0.3746435
HGNC:805,0.6783438
HGNC:4024,0.90834594
HGNC:6317,0.7731562
HGNC:7207,0.32779157
HGNC:24280,0.8706354
HGNC:16725,0.18003678
HGNC:1599,0.71934813
HGNC:25276,0.3026036
HGNC:25769,0.33717448
HGNC:6038,0.9566983
HGNC:17292,0.6476537
HGNC:558,0.31051153
HGNC:1790,0.6665384
HGNC:29789,0.43590593
HGNC:6362,0.12864101
HGNC:10878,0.29841352
HGNC:6358,0.18808854
HGNC:6369,0.4254961
HGNC:20271,0.26118457
HGNC:10021,0.1826176
HGNC:235,0.3836035
HGNC:20246,0.6013067
HGNC:995,0.7438847
HGNC:20250,0.79707026
HGNC:20277,0.4506327
HGNC:272,0.31779397
HGNC:20276,0.5440777
HGNC:5021,0.7526712
HGNC:14970,0.77381283
HGNC:19312,0.19771266
HGNC:14661,0.65530896
HGNC:20190,0.36582756
HGNC:8002,0.6670476
HGNC:10044,0.5181545
HGNC:7732,0.90141225
HGNC:2664,0.7668785
HGNC:11726,0.2674955
HGNC:13278,0.20427352
HGNC:1795,0.47636646
HGNC:30077,0.44671935
HGNC:30697,0.71221685
HGNC:25326,0.23276323
HGNC:3816,0.85723066
HGNC:10698,0.7860403
HGNC:20788,0.6639674
HGNC:19,0.24840927
HGNC:685,0.9381761
HGNC:25742,0.25683928
HGNC:3670,0.84977794
HGNC:744,0.8984324
HGNC:26262,0.32951337
HGNC:723,0.09239656
HGNC:13800,0.1346739
HGNC:1786,0.8133571
HGNC:25088,0.16759896
HGNC:10425,0.8043584
HGNC:1754,0.30914217
HGNC:16857,0.7576789
HGNC:28662,0.37532037
HGNC:29140,0.95079327
HGNC:29869,0.20417786
HGNC:33527,0.35239255
HGNC:28756,0.665963
HGNC:6517,0.11437404
HGNC:11513,0.48275983
HGNC:11947,0.6815428
HGNC:1537,0.69126076
HGNC:4136,0.37501913
HGNC:21056,0.19600016
HGNC:18250,0.60637426
HGNC:30798,0.18278003
HGNC:4130,0.09249973
HGNC:6224,0.50875205
HGNC:28657,0.32568127
HGNC:30482,0.31099284
HGNC:19161,0.6704592
HGNC:25974,0.7435934
HGNC:10540,0.9257586
HGNC:25553,0.89076734
HGNC:10826,0.6601894
HGNC:28381,0.89261717
HGNC:19189,0.425833
HGNC:29548,0.38548213
HGNC:6547,0.2681747
HGNC:28691,0.66273916
HGNC:30725,0.12079054
HGNC:24933,0.20735908
HGNC:9411,0.51581657
HGNC:2155,0.6479759
HGNC:1720,0.7708345
HGNC:12997,0.5155711
HGNC:29656,0.5114481
HGNC:30162,0.5939193
HGNC:613,0.33086622
HGNC:18001,0.9327808
HGNC:607,0.33474958
HGNC:4097,0.88309795
HGNC:29292,0.874813
HGNC:3010,0.74306965
HGNC:14108,0.9430949
HGNC:13557,0.85334444
HGNC:27119,0.2129938
HGNC:21605,0.85208714
HGNC:13631,0.92908216
HGNC:13535,0.18484175
HGNC:4214,0.47390944
HGNC:2465,0.71634775
HGNC:888,0.9133719
HGNC:14880,0.23056042
HGNC:13635,0.3936044
HGNC:1119,0.23147619
HGNC:10995,0.17613435
HGNC:16385,0.16236788
HGNC:24058,0.22389948
HGNC:26182,0.40247154
HGNC:28360,0.9039856
HGNC:14488,0.26262122
HGNC:8903,0.413208
HGNC:20470,0.79861045
HGNC:15530,0.9317821
HGNC:14973,0.79559124
HGNC:18647,0.37658894
HGNC:21020,0.44093478
HGNC:17971,0.29152352
HGNC:21054,0.25418103
HGNC:6899,0.26453364
HGNC:24174,0.23059833
HGNC:7134,0.88304895
HGNC:1068,0.2642926
HGNC:7137,0.85011613
HGNC:166,0.96338123
HGNC:14568,0.50320876
HGNC:7684,0.35512352
HGNC:704,0.6544145
HGNC:13625,0.18981141
HGNC:29316,0.9651992
HGNC:29002,0.80922925
HGNC:23150,0.893583
HGNC:15715,0.70598763
HGNC:25145,0.25624543
HGNC:10604,0.26221526
HGNC:14966,0.636559
HGNC:15676,0.69668317
HGNC:30142,0.14592159
HGNC:13568,0.35298586
HGNC:29350,0.337088
HGNC:17259,0.65379465
HGNC:6206,0.87937665
HGNC:5178,0.2827227
HGNC:17993,0.1731202
HGNC:15404,0.04868418
HGNC:14903,0.86307925
HGNC:28632,0.42661458
HGNC:20237,0.61025965
HGNC:17187,0.9065979
HGNC:19946,0.85058856
HGNC:30221,0.5279821
HGNC:10521,0.12112236
HGNC:16094,0.8389709
HGNC:30021,0.6198164
HGNC:16129,0.49079108
HGNC:6707,0.37358195
HGNC:11950,0.4126501
HGNC:11946,0.55790013
HGNC:2209,0.9604116
HGNC:10549,0.47595817
HGNC:18599,0.51912034
HGNC:17938,0.50164217
HGNC:2631,0.23323643
HGNC:24768,0.16681767
HGNC:4835,0.26393795
HGNC:16059,0.5431784
HGNC:4979,0.76366115
HGNC:15809,0.38561535
HGNC:25309,0.5747187
HGNC:11537,0.9661411
HGNC:15802,0.6775769
HGNC:16144,0.52346516
HGNC:6485,0.75039345
HGNC:15761,0.7638824
HGNC:15759,0.914269
HGNC:758,0.4894396
HGNC:13997,0.8417943
HGNC:17097,0.40208012
HGNC:9202,0.3611921
HGNC:14859,0.42765677
HGNC:25922,0.14947581
HGNC:28121,0.866645
HGNC:30216,0.6547714
HGNC:12491,0.91214186
HGNC:16384,0.96666944
HGNC:14141,0.30775845
HGNC:28476,0.21949875
HGNC:20789,0.53991866
HGNC:3267,0.9365563
HGNC:26042,0.5416742
HGNC:17808,0.9783785
HGNC:7894,0.8365913
HGNC:4374,0.23280394
HGNC:6849,0.7709353
HGNC:15515,0.25940824
HGNC:29207,0.7944334
HGNC:20746,0.52191794
HGNC:21416,0.23955506
HGNC:871,0.28245127
HGNC:25944,0.5023551
HGNC:16839,0.46754146
HGNC:10461,0.7724822
HGNC:30723,0.22879606
HGNC:18415,0.40805805
HGNC:13507,0.6022885
HGNC:9227,0.15071666
HGNC:3274,0.8903598
HGNC:23140,0.22409856
HGNC:25649,0.76356804
HGNC:2976,0.9184729
HGNC:20725,0.2798959
HGNC:11055,0.91011816
HGNC:13415,0.41972792
HGNC:2890,0.9415198
HGNC:9101,0.7486061
HGNC:3076,0.81495667
HGNC:7219,0.87154686
HGNC:15489,0.88447833
HGNC:13028,0.8918825
HGNC:11058,0.5209789
HGNC:6695,0.5732205
HGNC:26784,0.45190883
HGNC:24557,0.47498417
HGNC:12500,0.912894
HGNC:26002,0.90565556
HGNC:9015,0.25322545
HGNC:5212,0.21244359
HGNC:23450,0.066628516
HGNC:17062,0.59825706
HGNC:3607,0.24085617
HGNC:20799,0.1406191
HGNC:9469,0.56649613
HGNC:12469,0.9550365
HGNC:9989,0.31477195
HGNC:18870,0.06438434
HGNC:15702,0.46061248
HGNC:14894,0.12221873
HGNC:370,0.67272943
HGNC:17089,0.62500805
HGNC:14895,0.11891949
HGNC:6514,0.8632549
HGNC:21295,0.21640241
HGNC:6606,0.17449093
HGNC:15886,0.4003328
HGNC:16118,0.1534301
HGNC:16203,0.08360851
HGNC:15923,0.93779296
HGNC:16232,0.23503077
HGNC:16204,0.05057919
HGNC:15992,0.5536008
HGNC:4259,0.8123377
HGNC:16196,0.07508445
HGNC:15814,0.35759556
HGNC:17756,0.34037602
HGNC:14561,0.9625958
HGNC:24182,0.2901045
HGNC:4235,0.405555
HGNC:9748,0.263394
HGNC:24318,0.17473412
HGNC:857,0.788623
HGNC:13020,0.29272473
HGNC:20804,0.6248574
HGNC:30722,0.17580748
HGNC:12926,0.5198304
HGNC:10624,0.42998636
HGNC:2265,0.7861054
HGNC:7864,0.8361777
HGNC:28979,0.9150285
HGNC:24575,0.19353294
HGNC:8740,0.52259046
HGNC:10823,0.72104645
HGNC:2291,0.8304403
HGNC:11019,0.06446791
HGNC:3530,0.34193826
HGNC:28130,0.81852067
HGNC:7775,0.72388417
HGNC:6059,0.22228658
HGNC:19155,0.109318376
HGNC:9325,0.4789971
HGNC:30267,0.8140217
HGNC:13429,0.9131727
HGNC:1808,0.40380406
HGNC:48,0.9683386
HGNC:12033,0.9045999
HGNC:30532,0.3252992
HGNC:23647,0.10337877
HGNC:14511,0.42274553
HGNC:10827,0.6783938
HGNC:17856,0.23903668
HGNC:19166,0.3223406
HGNC:1484,0.47770596
HGNC:30278,0.39788908
HGNC:25320,0.1458022
HGNC:20759,0.69232523
HGNC:21531,0.14162552
HGNC:11052,0.88253254
HGNC:6235,0.76466566
HGNC:13395,0.09028351
HGNC:7965,0.7473569
HGNC:25042,0.8328426
HGNC:16501,0.8090235
HGNC:6319,0.8053106
HGNC:7044,0.9296102
HGNC:4242,0.5386596
HGNC:12417,0.8369323
HGNC:9570,0.9494586
HGNC:10328,0.9069258
HGNC:17928,0.33388323
HGNC:550,0.2555039
HGNC:115,0.7572638
HGNC:28122,0.68720144
HGNC:9844,0.48590064
HGNC:549,0.11178386
HGNC:7685,0.64282984
HGNC:24714,0.9332358
HGNC:2876,0.7998362
HGNC:17592,0.9100211
HGNC:12475,0.97864413
HGNC:30389,0.40897936
HGNC:16754,0.62584686
HGNC:26062,0.2500314
HGNC:21625,0.76917064
HGNC:9245,0.95227766
HGNC:14158,0.8473127
HGNC:18797,0.46770525
HGNC:28369,0.61883897
HGNC:20456,0.7796491
HGNC:955,0.7740741
HGNC:7824,0.5413847
HGNC:1380,0.24742067
HGNC:19104,0.20709419
HGNC:6836,0.9049289
HGNC:30011,0.20585835
HGNC:5974,0.8538023
HGNC:30512,0.91139036
HGNC:1996,0.20734191
HGNC:25424,0.50123125
HGNC:6452,0.19611919
HGNC:6451,0.06693733
HGNC:24352,0.3866526
HGNC:11989,0.8129443
HGNC:17579,0.58699375
HGNC:9864,0.9159445
HGNC:9287,0.6035136
HGNC:18117,0.7163676
HGNC:1916,0.12959623
HGNC:8853,0.3341517
HGNC:3773,0.12422788
HGNC:16861,0.830586
HGNC:9379,0.7810123
HGNC:3964,0.541104
HGNC:8806,0.9170188
HGNC:9835,0.72318894
HGNC:6937,0.40306097
HGNC:13505,0.7061503
HGNC:23710,0.6071067
HGNC:12916,0.25967723
HGNC:30396,0.1630646
HGNC:17198,0.78704405
HGNC:11152,0.9221168
HGNC:6628,0.64161944
HGNC:7961,0.17475271
HGNC:15986,0.7086865
HGNC:20856,0.8243932
HGNC:19974,0.4959156
HGNC:25443,0.50717807
HGNC:28467,0.15259385
HGNC:19848,0.1845879
HGNC:17372,0.5697025
HGNC:19837,0.09631258
HGNC:4193,0.8136954
HGNC:6563,0.27139747
HGNC:26275,0.12633753
HGNC:5270,0.5718368
HGNC:25704,0.6136533
HGNC:28136,0.2735324
HGNC:9982,0.84320897
HGNC:12992,0.376104
HGNC:28153,0.3450926
HGNC:25095,0.8625298
HGNC:30237,0.68356854
HGNC:30310,0.12496507
HGNC:6909,0.25396615
HGNC:11312,0.35481477
HGNC:18309,0.10429263
HGNC:16917,0.90874076
HGNC:1621,0.176516
HGNC:16716,0.94977665
HGNC:9829,0.8215653
HGNC:11044,0.63539517
HGNC:9236,0.77142304
HGNC:30052,0.4094385
HGNC:18504,0.14518505
HGNC:5215,0.34863538
HGNC:30365,0.1315192
HGNC:19881,0.2526269
HGNC:20922,0.3054769
HGNC:17160,0.82442963
HGNC:16276,0.2080459
HGNC:2152,0.39142793
HGNC:16379,0.3624015
HGNC:29030,0.17274249
HGNC:4022,0.20214689
HGNC:28970,0.48974574
HGNC:4904,0.18128884
HGNC:24717,0.1898486
HGNC:6047,0.6577616
HGNC:14489,0.35335743
HGNC:15566,0.8627547
HGNC:8846,0.75925803
HGNC:9843,0.39166206
HGNC:18161,0.18342358
HGNC:9669,0.6841155
HGNC:9846,0.98069584
HGNC:9376,0.77046466
HGNC:16394,0.15317154
HGNC:29176,0.8132366
HGNC:29094,0.8201087
HGNC:33882,0.5360249
HGNC:7546,0.09750402
HGNC:10289,0.71796674
HGNC:8824,0.30577463
HGNC:12482,0.93030536
HGNC:24614,0.32650244
HGNC:29246,0.7264968
HGNC:28201,0.37001836
HGNC:18175,0.15277326
HGNC:21222,0.884348
HGNC:17649,0.50135446
HGNC:18277,0.8653819
HGNC:6509,0.7001839
HGNC:13286,0.33507127
HGNC:2719,0.38846517
HGNC:4610,0.23605788
HGNC:3344,0.2299056
HGNC:5713,0.30168438
HGNC:23575,0.9679651
HGNC:24477,0.5062775
HGNC:6158,0.49353623
HGNC:12738,0.5778572
HGNC:4765,0.9775411
HGNC:29369,0.9159734
HGNC:19020,0.44376457
HGNC:13058,0.9247105
HGNC:3300,0.95189625
HGNC:29012,0.9216768
HGNC:16916,0.24039441
HGNC:30225,0.16329944
HGNC:4689,0.46135044
HGNC:4550,0.7223456
HGNC:30932,0.14093828
HGNC:2903,0.8981964
HGNC:16897,0.3127259
HGNC:2183,0.4478354
HGNC:24499,0.19227725
HGNC:6908,0.36290848
HGNC:17975,0.748886
HGNC:24474,0.3245461
HGNC:10675,0.644906
HGNC:3758,0.60573673
HGNC:3424,0.31898415
HGNC:25557,0.30785644
HGNC:24328,0.61906075
HGNC:11729,0.8662119
HGNC:13488,0.8017183
HGNC:25094,0.8117343
HGNC:16193,0.55798566
HGNC:15803,0.29237068
HGNC:16211,0.11351395
HGNC:16212,0.7248071
HGNC:11132,0.9516593
HGNC:15854,0.77890205
HGNC:8729,0.92215455
HGNC:15913,0.88115966
HGNC:15763,0.5061517
HGNC:18750,0.6275355
HGNC:9664,0.8997109
HGNC:11333,0.10975993
HGNC:2673,0.35508692
HGNC:14572,0.20396668
HGNC:29145,0.80723804
HGNC:14073,0.25453037
HGNC:7756,0.59017295
HGNC:23059,0.566681
HGNC:9264,0.25794584
HGNC:14580,0.8476356
HGNC:18238,0.23114592
HGNC:17410,0.26272404
HGNC:584,0.24882317
HGNC:14875,0.17926365
HGNC:24891,0.89433795
HGNC:19239,0.8186332
HGNC:5542,0.26848555
HGNC:24104,0.17146027
HGNC:411,0.102544665
HGNC:7446,0.28548396
HGNC:24525,0.096871674
HGNC:3004,0.35529327
HGNC:15954,0.22814488
HGNC:7644,0.83701724
HGNC:7527,0.15620643
HGNC:15879,0.6925725
HGNC:14451,0.3333227
HGNC:16157,0.544261
HGNC:15818,0.7813056
HGNC:16096,0.5318383
HGNC:16105,0.5983597
HGNC:11699,0.6398838
HGNC:9294,0.28265333
HGNC:24475,0.16981602
HGNC:1048,0.12695122
HGNC:566,0.765422
HGNC:20711,0.27530313
HGNC:28881,0.1349166
HGNC:27263,0.3690644
HGNC:491,0.07254571
HGNC:11512,0.730422
HGNC:10919,0.2312752
HGNC:24847,0.2980187
HGNC:1511,0.3379811
HGNC:16454,0.23047352
HGNC:15518,0.71969885
HGNC:8785,0.15592527
HGNC:13533,0.57760656
HGNC:20595,0.7379711
HGNC:13029,0.35817719
HGNC:20294,0.666479
HGNC:17796,0.91469723
HGNC:17299,0.113170624
HGNC:20330,0.8177855
HGNC:1779,0.84922475
HGNC:436,0.6576793
HGNC:12734,0.75047684
HGNC:10060,0.9417685
HGNC:4466,0.7749716
HGNC:1952,0.9137664
HGNC:7578,0.16217983
HGNC:7568,0.89936405
HGNC:8830,0.43993795
HGNC:10603,0.44617438
HGNC:30321,0.8018539
HGNC:1932,0.2678913
HGNC:7552,0.1530652
HGNC:8972,0.80997133
HGNC:29043,0.74628943
HGNC:1936,0.11366516
HGNC:19429,0.81511915
HGNC:19719,0.5466349
HGNC:24239,0.7466966
HGNC:2700,0.895312
HGNC:1577,0.5890056
HGNC:18621,0.29709375
HGNC:18514,0.40847343
HGNC:17318,0.2633826
HGNC:16465,0.07262707
HGNC:12336,0.7776635
HGNC:16953,0.45373642
HGNC:9988,0.5055935
HGNC:12022,0.87797767
HGNC:20298,0.24719691
HGNC:19420,0.10019219
HGNC:6344,0.6130885
HGNC:9971,0.3629428
HGNC:19164,0.5544156
HGNC:6128,0.759198
HGNC:23485,0.8610662
HGNC:30933,0.4253137
HGNC:21153,0.63136804
HGNC:24826,0.572687
HGNC:24715,0.39976507
HGNC:26121,0.8015628
HGNC:1036,0.76825714
HGNC:25918,0.46618915
HGNC:14463,0.1300025
HGNC:3393,0.8948914
HGNC:16638,0.92046756
HGNC:15504,0.801738
HGNC:30091,0.40299636
HGNC:28405,0.76494324
HGNC:20630,0.42627007
HGNC:8786,0.17816842
HGNC:24989,0.5903753
HGNC:2455,0.9196649
HGNC:24437,0.31936407
HGNC:29598,0.61292076
HGNC:25529,0.3713733
HGNC:15788,0.11049783
HGNC:10469,0.55159014
HGNC:9869,0.28820843
HGNC:17824,0.32756603
HGNC:7569,0.78156507
HGNC:28760,0.5856851
HGNC:18486,0.7958949
HGNC:23573,0.8869474
HGNC:6511,0.8522334
HGNC:33437,0.42321706
HGNC:18150,0.38201642
HGNC:14239,0.16488719
HGNC:14343,0.20506406
HGNC:25148,0.24850082
HGNC:20627,0.17789239
HGNC:21918,0.45596206
HGNC:21872,0.20284283
HGNC:19039,0.3330112
HGNC:7112,0.87219757
HGNC:16923,0.79862285
HGNC:22228,0.30048072
HGNC:17256,0.89579326
HGNC:8038,0.13656998
HGNC:1130,0.8988115
HGNC:25708,0.18170321
HGNC:25322,0.3302325
HGNC:24113,0.86938107
HGNC:10803,0.32469594
HGNC:23468,0.2178843
HGNC:25804,0.20208251
HGNC:24099,0.5200457
HGNC:6407,0.7920283
HGNC:9853,0.7463124
HGNC:6512,0.6125711
HGNC:15464,0.19584262
HGNC:6050,0.42835414
HGNC:29373,0.20480466
HGNC:3119,0.79123664
HGNC:1368,0.11182803
HGNC:25005,0.15451074
HGNC:17070,0.73226196
HGNC:701,0.9014447
HGNC:14687,0.19251907
HGNC:470,0.415241
HGNC:24693,0.0734877
HGNC:2135,0.6556847
HGNC:17271,0.9112463
HGNC:5213,0.44473118
HGNC:28328,0.89601105
HGNC:11738,0.31426132
HGNC:28789,0.4931283
HGNC:21147,0.60210836
HGNC:28161,0.5139189
HGNC:9964,0.9417129
HGNC:7010,0.93592
HGNC:1187,0.77184415
HGNC:4612,0.78377664
HGNC:20498,0.09589577
HGNC:19966,0.89760077
HGNC:8060,0.6655576
HGNC:20500,0.25061154
HGNC:20223,0.8830342
HGNC:20213,0.2758447
HGNC:20267,0.5616156
HGNC:19970,0.55979174
HGNC:3265,0.9071979
HGNC:6666,0.556368
HGNC:20696,0.4337471
HGNC:28319,0.19517428
HGNC:16299,0.104525864
HGNC:23925,0.9304644
HGNC:24121,0.2058618
HGNC:6917,0.78041697
HGNC:18550,0.5069667
HGNC:16631,0.50353813
HGNC:1579,0.64205056
HGNC:1778,0.5178996
HGNC:6726,0.28453147
HGNC:6113,0.12239802
HGNC:1459,0.517236
HGNC:24493,0.19838929
HGNC:12687,0.5694301
HGNC:1046,0.9340723
HGNC:25564,0.8344244
HGNC:18967,0.4243965
HGNC:2176,0.14408576
HGNC:1939,0.52096164
HGNC:7001,0.95700765
HGNC:30543,0.3999145
HGNC:26199,0.67287135
HGNC:24301,0.84731555
HGNC:7146,0.15098965
HGNC:4394,0.3583411
HGNC:4632,0.48353684
HGNC:25512,0.83077896
HGNC:22977,0.23781705
HGNC:20659,0.41754776
HGNC:12372,0.3087225
HGNC:4637,0.16996872
HGNC:4635,0.42830527
HGNC:18638,0.64065903
HGNC:12659,0.5098088
HGNC:17432,0.1280058
HGNC:24472,0.19268644
HGNC:5008,0.25434744
HGNC:9652,0.19022322
HGNC:11186,0.8691905
HGNC:12781,0.7491072
HGNC:9601,0.66810215
HGNC:17955,0.27442503
HGNC:7882,0.9327124
HGNC:19018,0.29859972
HGNC:24289,0.90153277
HGNC:5949,0.27563846
HGNC:28873,0.15276831
HGNC:7808,0.8382871
HGNC:572,0.39474344
HGNC:7642,0.58834624
HGNC:30622,0.7068585
HGNC:19369,0.40914804
HGNC:18624,0.15580857
HGNC:654,0.56290716
HGNC:28775,0.27309722
HGNC:13448,0.88928044
HGNC:12854,0.84989905
HGNC:29508,0.7391834
HGNC:17923,0.76598305
HGNC:10252,0.87674975
HGNC:30908,0.10933262
HGNC:7559,0.8694017
HGNC:13345,0.4278034
HGNC:27015,0.21201885
HGNC:27696,0.39458627
HGNC:6535,0.71245205
HGNC:10514,0.13365495
HGNC:14004,0.45977688
HGNC:6021,0.8649212
HGNC:3971,0.8761859
HGNC:16979,0.07258344
HGNC:15989,0.94905466
HGNC:16783,0.92672396
HGNC:17315,0.6184959
HGNC:2343,0.35771716
HGNC:24668,0.03927064
HGNC:16942,0.14562142
HGNC:10389,0.96638656
HGNC:18662,0.6818131
HGNC:7643,0.47870433
HGNC:4605,0.23814082
HGNC:29289,0.85457104
HGNC:13620,0.696214
HGNC:16944,0.958042
HGNC:6008,0.5931889
HGNC:23471,0.19708067
HGNC:23489,0.17516518
HGNC:5978,0.20306534
HGNC:1594,0.45902348
HGNC:17383,0.09208739
HGNC:18249,0.9121648
HGNC:25097,0.6873038
HGNC:2988,0.8143994
HGNC:3333,0.5814374
HGNC:11201,0.9413872
HGNC:15980,0.32889998
HGNC:10959,0.051734447
HGNC:6378,0.26937813
HGNC:6374,0.169819
HGNC:28139,0.25360972
HGNC:9367,0.082455516
HGNC:6696,0.73222566
HGNC:7551,0.52686596
HGNC:2718,0.5512402
HGNC:123,0.47788322
HGNC:9773,0.8902763
HGNC:11199,0.815141
HGNC:24282,0.8799243
HGNC:18174,0.6995287
HGNC:18444,0.5509757
HGNC:7464,0.12821919
HGNC:14957,0.9333743
HGNC:26338,0.29896456
HGNC:12840,0.6685612
HGNC:3183,0.7883039
HGNC:14629,0.5540893
HGNC:29925,0.52523977
HGNC:18424,0.88427097
HGNC:19884,0.51444536
HGNC:2634,0.15662068
HGNC:30547,0.85975033
HGNC:28981,0.93564504
HGNC:25930,0.82242996
HGNC:3036,0.5304595
HGNC:3050,0.18773413
HGNC:17765,0.83487356
HGNC:18248,0.36066777
HGNC:3048,0.74280345
HGNC:3035,0.20204496
HGNC:3057,0.77160096
HGNC:26178,0.72237694
HGNC:24561,0.32262814
HGNC:1165,0.90712816
HGNC:17466,0.4359368
HGNC:11814,0.48024088
HGNC:7097,0.4040928
HGNC:16719,0.35870886
HGNC:339,0.77830136
HGNC:3575,0.8996394
HGNC:1164,0.31464493
HGNC:11652,0.059538484
HGNC:4527,0.4246421
HGNC:30760,0.74127424
HGNC:2082,0.85313785
HGNC:8803,0.8960793
HGNC:25100,0.2264272
HGNC:2203,0.59152395
HGNC:2033,0.422693
HGNC:20908,0.23784405
HGNC:20486,0.6699802
HGNC:25482,0.866814
HGNC:16034,0.5846064
HGNC:3437,0.3261624
HGNC:12016,0.833331
HGNC:19350,0.36541653
HGNC:25695,0.3242079
HGNC:17399,0.82849795
HGNC:6172,0.72986686
HGNC:224,0.3316658
HGNC:127,0.20833212
HGNC:3488,0.89699674
HGNC:20644,0.2541954
HGNC:15527,0.71148986
HGNC:24253,0.7868815
HGNC:583,0.88701046
HGNC:16834,0.29928172
HGNC:30696,0.6672338
HGNC:8510,0.5918265
HGNC:30324,0.54752374
HGNC:12508,0.9028295
HGNC:24340,0.93057346
HGNC:23433,0.4009503
HGNC:533,0.31865555
HGNC:2537,0.45119196
HGNC:11869,0.5119008
HGNC:17258,0.75711274
HGNC:15451,0.41463697
HGNC:19129,0.39879274
HGNC:28660,0.6336769
HGNC:197,0.64827955
HGNC:18437,0.5136379
HGNC:25876,0.33898997
HGNC:18133,0.85425496
HGNC:20065,0.57926375
HGNC:10691,0.34674954
HGNC:7330,0.88265735
HGNC:11621,0.8217714
HGNC:13592,0.84223646
HGNC:11602,0.8836272
HGNC:8090,0.12480515
HGNC:5185,0.435722
HGNC:25905,0.52760804
HGNC:8535,0.27018
HGNC:28095,0.7859129
HGNC:3060,0.623357
HGNC:24808,0.35139954
HGNC:14603,0.83143395
HGNC:34396,0.08741677
HGNC:21707,0.4246453
HGNC:29296,0.17456245
HGNC:21754,0.77182263
HGNC:1663,0.023793936
HGNC:28528,0.07951248
HGNC:2447,0.040830076
HGNC:13479,0.038896978
HGNC:28900,0.616294
HGNC:28859,0.44550622
HGNC:21876,0.40640628
HGNC:11306,0.8769883
HGNC:14620,0.26346695
HGNC:28870,0.43765342
HGNC:19261,0.5011265
HGNC:945,0.90694964
HGNC:17280,0.3312863
HGNC:5287,0.7268889
HGNC:21366,0.12173766
HGNC:21107,0.1921941
HGNC:16918,0.9526314
HGNC:14977,0.44801998
HGNC:8021,0.2622422
HGNC:21232,0.19008934
HGNC:3390,0.91664624
HGNC:21407,0.88216877
HGNC:8489,0.4372995
HGNC:31923,0.5091923
HGNC:6859,0.9049661
HGNC:1885,0.68006766
HGNC:25878,0.6802229
HGNC:6642,0.68554467
HGNC:24156,0.98064744
HGNC:29830,0.3327301
HGNC:3246,0.7996295
HGNC:3320,0.42276263
HGNC:30799,0.6391145
HGNC:6743,0.8263624
HGNC:842,0.4702822
HGNC:24581,0.92545325
HGNC:1692,0.55472076
HGNC:9461,0.15213215
HGNC:14188,0.33438253
HGNC:465,0.34806395
HGNC:16430,0.107004225
HGNC:4216,0.8759736
HGNC:29570,0.48216534
HGNC:6143,0.42677665
HGNC:29109,0.51835626
HGNC:25296,0.08971083
HGNC:9940,0.19928133
HGNC:16921,0.8313513
HGNC:4200,0.66029984
HGNC:6462,0.45730883
HGNC:1773,0.7557805
HGNC:9286,0.4484774
HGNC:12327,0.34604883
HGNC:10539,0.6159486
HGNC:4117,0.5085455
HGNC:11748,0.66070235
HGNC:26515,0.3210551
HGNC:17067,0.535529
HGNC:20074,0.79871
HGNC:16856,0.8973409
HGNC:6445,0.20728195
HGNC:25893,0.780668
HGNC:5031,0.9681477
HGNC:14470,0.16796052
HGNC:172,0.93533385
HGNC:16994,0.47893548
HGNC:7103,0.596255
HGNC:6252,0.85948133
HGNC:21173,0.37423646
HGNC:6869,0.70259726
HGNC:1632,0.57116264
HGNC:16411,0.2472226
HGNC:21021,0.7280477
HGNC:21575,0.2809558
HGNC:4881,0.8333255
HGNC:9018,0.38186485
HGNC:30236,0.07468128
HGNC:7843,0.086461544
HGNC:11121,0.1453954
HGNC:20619,0.26080418
HGNC:15578,0.8087211
HGNC:11429,0.29060924
HGNC:11719,0.51284355
HGNC:16047,0.298553
HGNC:10734,0.30075645
HGNC:1622,0.8477157
HGNC:3241,0.3743074
HGNC:24845,0.5479009
HGNC:16258,0.5523259
HGNC:3097,0.40250015
HGNC:25889,0.2899509
HGNC:3340,0.93451446
HGNC:6289,0.8932368
HGNC:12613,0.87374604
HGNC:4422,0.63129246
HGNC:2311,0.5001123
HGNC:6973,0.9361748
HGNC:17844,0.80169237
HGNC:13815,0.32094693
HGNC:1973,0.36234325
HGNC:29058,0.64022666
HGNC:2966,0.842459
HGNC:17875,0.17362094
HGNC:17905,0.31079376
HGNC:28097,0.49699563
HGNC:11078,0.57390666
HGNC:333,0.2872519
HGNC:28167,0.18775946
HGNC:8736,0.43803114
HGNC:6272,0.6256591
HGNC:28967,0.33318615
HGNC:1232,0.87193584
HGNC:1486,0.11640918
HGNC:6546,0.5720519
HGNC:41,0.46121222
HGNC:28204,0.36037493
HGNC:17304,0.91575
HGNC:4341,0.9050079
HGNC:11441,0.5516954
HGNC:16810,0.68793136
HGNC:10050,0.20389295
HGNC:2750,0.9531039
HGNC:29327,0.2066611
HGNC:24238,0.8577162
HGNC:16781,0.2668261
HGNC:8960,0.49759483
HGNC:6492,0.8729944
HGNC:29434,0.8182023
HGNC:4511,0.36482072
HGNC:5401,0.3302425
HGNC:16650,0.23441398
HGNC:1965,0.27948487
HGNC:8617,0.824075
HGNC:23479,0.6946317
HGNC:28976,0.4539904
HGNC:20063,0.88128066
HGNC:5294,0.15588099
HGNC:6175,0.6752357
HGNC:16266,0.39740348
HGNC:8951,0.78139496
HGNC:5228,0.40821087
HGNC:13829,0.18088067
HGNC:23410,0.3689289
HGNC:2605,0.1635145
HGNC:3293,0.8562939
HGNC:20730,0.2512517
HGNC:20292,0.7785162
HGNC:2269,0.6395512
HGNC:14060,0.83926815
HGNC:14927,0.7022623
HGNC:28158,0.13758767
HGNC:26038,0.61476743
HGNC:2895,0.39288545
HGNC:16836,0.71263975
HGNC:23218,0.64918804
HGNC:14501,0.28335178
HGNC:4503,0.57141584
HGNC:28772,0.34358698
HGNC:24079,0.032684863
HGNC:24543,0.9236877
HGNC:684,0.6318387
HGNC:29882,0.6448169
HGNC:26777,0.3115673
HGNC:18629,0.17584527
HGNC:20064,0.2466191
HGNC:19286,0.7148996
HGNC:16991,0.7487974
HGNC:9106,0.83142406
HGNC:17015,0.31925017
HGNC:25645,0.6828659
HGNC:29174,0.6655321
HGNC:31045,0.81471366
HGNC:30906,0.17189264
HGNC:3755,0.66022694
HGNC:7746,0.118025124
HGNC:8660,0.6555766
HGNC:20312,0.7072141
HGNC:25671,0.26427275
HGNC:1990,0.18274486
HGNC:19165,0.35020375
HGNC:17754,0.41082954
HGNC:24724,0.57643837
HGNC:20309,0.82146204
HGNC:11448,0.61744994
HGNC:18243,0.438905
HGNC:17903,0.6004186
HGNC:17024,0.22643316
HGNC:18619,0.8594129
HGNC:6646,0.6693119
HGNC:10573,0.17942715
HGNC:6174,0.8068367
HGNC:11270,0.9266352
HGNC:23063,0.27686822
HGNC:3180,0.673169
HGNC:1914,0.2844563
HGNC:6528,0.76461524
HGNC:20263,0.61111504
HGNC:22192,0.62236404
HGNC:21703,0.74397004
HGNC:21616,0.86540186
HGNC:16408,0.13420117
HGNC:17423,0.45207942
HGNC:28868,0.94413954
HGNC:4462,0.12321639
HGNC:16862,0.79754996
HGNC:9801,0.91674024
HGNC:6305,0.71193403
HGNC:17010,0.2120657
HGNC:6018,0.5883664
HGNC:18471,0.18060124
HGNC:548,0.25449026
HGNC:18808,0.7829693
HGNC:2850,0.76981646
HGNC:17443,0.5164074
HGNC:18193,0.37121218
HGNC:5309,0.32141984
HGNC:22196,0.7140893
HGNC:21911,0.1564278
HGNC:2696,0.6498461
HGNC:21708,0.6634468
HGNC:13880,0.52545464
HGNC:22222,0.8276407
HGNC:30133,0.2794541
HGNC:1977,0.14210945
HGNC:19274,0.44523692
HGNC:16364,0.4121753
HGNC:11825,0.8322649
HGNC:20152,0.8211808
HGNC:7437,0.34068698
HGNC:223,0.48789537
HGNC:26925,0.91959685
HGNC:6115,0.8471307
HGNC:17574,0.22092456
HGNC:11860,0.4022876
HGNC:24579,0.45377278
HGNC:29912,0.50277567
HGNC:25634,0.27379584
HGNC:7857,0.8873982
HGNC:19677,0.47029948
HGNC:10780,0.9824685
HGNC:12949,0.94189733
HGNC:1909,0.43188983
HGNC:24316,0.3274765
HGNC:30884,0.6563897
HGNC:30915,0.8578596
HGNC:4262,0.3904661
HGNC:2440,0.15622449
HGNC:28142,0.64602184
HGNC:20473,0.39077324
HGNC:17016,0.9604807
HGNC:23992,0.3166179
HGNC:24124,0.8992742
HGNC:7700,0.3207513
HGNC:16652,0.37739706
HGNC:10781,0.9484395
HGNC:10588,0.9276911
HGNC:11590,0.9429703
HGNC:29208,0.2612511
HGNC:4127,0.22866946
HGNC:10594,0.36554092
HGNC:1057,0.20394945
HGNC:4173,0.86348075
HGNC:10897,0.84623736
HGNC:4978,0.78817856
HGNC:14579,0.58129305
HGNC:5962,0.5721046
HGNC:21305,0.7450535
HGNC:10439,0.6417452
HGNC:17907,0.30805492
HGNC:15741,0.14068496
HGNC:6000,0.47522068
HGNC:15562,0.17134869
HGNC:15561,0.14903569
HGNC:15564,0.09523767
HGNC:15552,0.07221389
HGNC:18292,0.15896285
HGNC:32949,0.32293475
HGNC:25651,0.8680333
HGNC:28178,0.19651651
HGNC:29813,0.91284764
HGNC:1052,0.8042286
HGNC:30856,0.43299323
HGNC:5201,0.87322503
HGNC:15663,0.62623405
HGNC:4704,0.36956072
HGNC:11357,0.77044076
HGNC:4093,0.7755723
HGNC:11320,0.8063339
HGNC:12843,0.7459195
HGNC:20090,0.4392923
HGNC:23619,0.14200401
HGNC:19027,0.8754677
HGNC:1780,0.6067668
HGNC:12435,0.69306105
HGNC:8114,0.6967771
HGNC:29020,0.8645782
HGNC:11995,0.60276663
HGNC:24932,0.5825223
HGNC:14011,0.84167904
HGNC:6348,0.8599173
HGNC:3098,0.4643594
HGNC:16851,0.9327633
HGNC:8208,0.10230011
HGNC:15104,0.10765922
HGNC:17846,0.30083454
HGNC:11871,0.7112288
HGNC:17294,0.8847357
HGNC:11444,0.9697863
HGNC:13812,0.2602014
HGNC:490,0.6322666
HGNC:18672,0.4516139
HGNC:12863,0.28553486
HGNC:11017,0.33826584
HGNC:11016,0.6497879
HGNC:11850,0.37975168
HGNC:12980,0.6222314
HGNC:417,0.1360057
HGNC:11432,0.38705838
HGNC:17349,0.871247
HGNC:3824,0.5264576
HGNC:12619,0.66718817
HGNC:932,0.17973506
HGNC:21495,0.33234656
HGNC:864,0.49561262
HGNC:25988,0.8786378
HGNC:25425,0.63520634
HGNC:16654,0.23624909
HGNC:3006,0.5262651
HGNC:23745,0.18817097
HGNC:30087,0.2043885
HGNC:4507,0.90935874
HGNC:17509,0.14551282
HGNC:9544,0.86896807
HGNC:7983,0.89784884
HGNC:30967,0.24685311
HGNC:16896,0.184739
HGNC:4424,0.6206634
HGNC:12814,0.38366073
HGNC:7658,0.9607637
HGNC:16677,0.87490624
HGNC:8216,0.0753274
HGNC:8770,0.73391265
HGNC:10344,0.87085086
HGNC:2538,0.33171105
HGNC:6654,0.8535975
HGNC:23366,0.7909061
HGNC:3357,0.70609134
HGNC:24453,0.48680902
HGNC:28454,0.51348156
HGNC:7553,0.92150545
HGNC:16028,0.15581393
HGNC:9851,0.63129103
HGNC:17631,0.40686154
HGNC:9043,0.74120796
HGNC:5967,0.14397132
HGNC:14185,0.5737547
HGNC:15984,0.23491633
HGNC:18052,0.91785777
HGNC:11845,0.9197118
HGNC:10620,0.40026093
HGNC:17710,0.52070355
HGNC:2934,0.79823124
HGNC:14887,0.84406865
HGNC:14105,0.19672275
HGNC:2713,0.29831195
HGNC:1696,0.53750384
HGNC:21427,0.4804548
HGNC:4570,0.34035504
HGNC:407,0.23984164
HGNC:18344,0.27368736
HGNC:25909,0.1965999
HGNC:20081,0.176206
HGNC:26079,0.6755347
HGNC:10429,0.952914
HGNC:11968,0.6677531
HGNC:20842,0.8484596
HGNC:9260,0.5871796
HGNC:21624,0.6230526
HGNC:14566,0.83343804
HGNC:12984,0.18376517
HGNC:8986,0.8811675
HGNC:4376,0.4315498
HGNC:21077,0.8157737
HGNC:11742,0.9235629
HGNC:10971,0.26317722
HGNC:21023,0.641842
HGNC:21384,0.19329882
HGNC:17735,0.9144863
HGNC:16970,0.701239
HGNC:17949,0.35568094
HGNC:1478,0.10430813
HGNC:14599,0.06419438
HGNC:4849,0.66184044
HGNC:21580,0.19210315
HGNC:6119,0.86885285
HGNC:21106,0.77670527
HGNC:12412,0.9423542
HGNC:14307,0.80610824
HGNC:4197,0.9522495
HGNC:3810,0.83020437
HGNC:1094,0.2048099
HGNC:10019,0.6412931
HGNC:30829,0.97499144
HGNC:21237,0.41482854
HGNC:5010,0.9412627
HGNC:11629,0.34643072
HGNC:3757,0.4975208
HGNC:5392,0.76744276
HGNC:21163,0.5818037
HGNC:19398,0.25000376
HGNC:21186,0.4427188
HGNC:12014,0.29674333
HGNC:2085,0.17162383
HGNC:21578,0.26861906
HGNC:8003,0.44424272
HGNC:17586,0.7904916
HGNC:21642,0.4386407
HGNC:17300,0.24520904
HGNC:16372,0.5711752
HGNC:20881,0.19407052
HGNC:19695,0.23097908
HGNC:29451,0.16114926
HGNC:21745,0.72785246
HGNC:29363,0.54281986
HGNC:11848,0.24991202
HGNC:29969,0.11866987
HGNC:29936,0.19812149
HGNC:7606,0.31177175
HGNC:29114,0.777104
HGNC:711,0.87987846
HGNC:10962,0.5056256
HGNC:9440,0.8405771
HGNC:26752,0.2134322
HGNC:5987,0.11879611
HGNC:8059,0.8348877
HGNC:28108,0.27579898
HGNC:15585,0.1884042
HGNC:9770,0.8982185
HGNC:24905,0.7524829
HGNC:4161,0.54427886
HGNC:9344,0.2132721
HGNC:26274,0.36464965
HGNC:21070,0.7501972
HGNC:14054,0.31480062
HGNC:8946,0.5821018
HGNC:12404,0.41397774
HGNC:4248,0.65158975
HGNC:19046,0.53689283
HGNC:20391,0.70103896
HGNC:17843,0.283149
HGNC:10662,0.54334974
HGNC:7744,0.3184194
HGNC:25942,0.47603095
HGNC:23117,0.09190112
HGNC:11185,0.66188514
HGNC:11878,0.18982738
HGNC:28199,0.41494584
HGNC:12338,0.60985404
HGNC:7174,0.11230528
HGNC:7167,0.115231514
HGNC:14250,0.067172766
HGNC:28188,0.20760995
HGNC:28409,0.9139772
HGNC:16262,0.9100884
HGNC:17274,0.35963023
HGNC:4061,0.45799696
HGNC:13862,0.40847158
HGNC:19864,0.45476007
HGNC:9944,0.8072215
HGNC:9303,0.31504667
HGNC:3638,0.40043628
HGNC:1163,0.17870307
HGNC:4030,0.67121714
HGNC:18357,0.71322227
HGNC:4026,0.28367698
HGNC:7159,0.13415003
HGNC:29808,0.36830515
HGNC:1499,0.4509071
HGNC:1506,0.12612474
HGNC:25189,0.3606305
HGNC:6845,0.70977426
HGNC:23149,0.5629282
HGNC:20390,0.3673389
HGNC:26936,0.9334855
HGNC:20709,0.8390989
HGNC:11785,0.8548999
HGNC:29536,0.70903397
HGNC:18538,0.57920194
HGNC:18828,0.438622
HGNC:6392,0.9093714
HGNC:6136,0.58360064
HGNC:25530,0.22937357
HGNC:28996,0.96282864
HGNC:26921,0.89351076
HGNC:10372,0.7620666
HGNC:29645,0.6105481
HGNC:25965,0.5837145
HGNC:16691,0.56097233
HGNC:25550,0.5115161
HGNC:6178,0.7652075
HGNC:15947,0.26127416
HGNC:6772,0.17007542
HGNC:9055,0.3808825
HGNC:26269,0.28700805
HGNC:16061,0.52065814
HGNC:188,0.95942
HGNC:3062,0.26697594
HGNC:11002,0.05455053
HGNC:30650,0.42771333
HGNC:2594,0.44752628
HGNC:25953,0.7311459
HGNC:16770,0.7999238
HGNC:993,0.19125426
HGNC:18479,0.7748491
HGNC:15680,0.11388844
HGNC:26424,0.1565547
HGNC:4194,0.47272676
HGNC:973,0.7130033
HGNC:26242,0.71251726
HGNC:20851,0.80846727
HGNC:33238,0.1854598
HGNC:4648,0.6790999
HGNC:1105,0.3827815
HGNC:9796,0.67034274
HGNC:17817,0.11679232
HGNC:18177,0.14260304
HGNC:30207,0.8304228
HGNC:16938,0.1100958
HGNC:28524,0.6300167
HGNC:2016,0.101118445
HGNC:28875,0.079452574
HGNC:2698,0.44849092
HGNC:17981,0.21896642
HGNC:30391,0.41372842
HGNC:29361,0.78129715
HGNC:16962,0.16121578
HGNC:4803,0.34220737
HGNC:6315,0.17282128
HGNC:234,0.57338154
HGNC:9276,0.77818465
HGNC:23166,0.67086303
HGNC:24595,0.22749662
HGNC:6585,0.43134534
HGNC:14890,0.24654841
HGNC:2597,0.33419693
HGNC:33433,0.054973602
HGNC:9758,0.9357423
HGNC:169,0.94923043
HGNC:9356,0.50753605
HGNC:11041,0.6682132
HGNC:13886,0.12556064
HGNC:30228,0.2557
HGNC:11025,0.07691181
HGNC:19880,0.6280546
HGNC:13590,0.9688873
HGNC:10889,0.9594376
HGNC:24090,0.28904283
HGNC:28152,0.2087614
HGNC:15714,0.60234535
HGNC:16008,0.13692617
HGNC:3058,0.41405398
HGNC:167,0.9091968
HGNC:2623,0.08848184
HGNC:2622,0.058650732
HGNC:3656,0.22911477
HGNC:17171,0.17433643
HGNC:24105,0.2732836
HGNC:1907,0.6574431
HGNC:16960,0.84525895
HGNC:25903,0.6613091
HGNC:26340,0.114810824
HGNC:6388,0.93352616
HGNC:17937,0.17136586
HGNC:11523,0.4483359
HGNC:3071,0.6256511
HGNC:23493,0.2002514
HGNC:694,0.5943491
HGNC:1161,0.2650525
HGNC:7212,0.40169346
HGNC:3363,0.62364835
HGNC:23196,0.596711
HGNC:17175,0.6373348
HGNC:9922,0.74348813
HGNC:15594,0.40651464
HGNC:30343,0.8513477
HGNC:4538,0.17916095
HGNC:545,0.32492518
HGNC:29162,0.22164404
HGNC:24268,0.27453
HGNC:18555,0.44071102
HGNC:18194,0.608297
HGNC:29953,0.1785261
HGNC:14899,0.41354436
HGNC:10411,0.84664285
HGNC:29484,0.88209826
HGNC:2939,0.31449068
HGNC:23246,0.61197644
HGNC:553,0.20073241
HGNC:794,0.2194519
HGNC:11102,0.5443623
HGNC:952,0.14859343
HGNC:11365,0.8070787
HGNC:4223,0.7057919
HGNC:14435,0.4880377
HGNC:24910,0.19555557
HGNC:25006,0.376297
HGNC:11316,0.7318917
HGNC:7626,0.73883486
HGNC:14434,0.1205309
HGNC:14650,0.8028648
HGNC:26150,0.109807074
HGNC:17836,0.17804885
HGNC:29853,0.8297243
HGNC:5382,0.27340317
HGNC:28833,0.6946697
HGNC:24217,0.440668
HGNC:11319,0.5796125
HGNC:1955,0.33624113
HGNC:14440,0.69923496
HGNC:14098,0.54592514
HGNC:24011,0.7964863
HGNC:6150,0.68166393
HGNC:10909,0.85397977
HGNC:20792,0.3434989
HGNC:16628,0.4126143
HGNC:30402,0.7306722
HGNC:4680,0.0919826
HGNC:30703,0.13325936
HGNC:2264,0.5394697
HGNC:24118,0.42973733
HGNC:29636,0.12454873
HGNC:12631,0.92870075
HGNC:28997,0.752386
HGNC:11873,0.578265
HGNC:30227,0.5935029
HGNC:17855,0.7975844
HGNC:25116,0.6687169
HGNC:24080,0.22284567
HGNC:1980,0.10401046
HGNC:26040,0.20947719
HGNC:28107,0.27558136
HGNC:16882,0.8757016
HGNC:10741,0.75606304
HGNC:28221,0.55414134
HGNC:25361,0.40707177
HGNC:19367,0.3476225
HGNC:4876,0.7610098
HGNC:26072,0.26668906
HGNC:24368,0.4486797
HGNC:13404,0.7879025
HGNC:20779,0.5384927
HGNC:25654,0.2166509
HGNC:28808,0.7017789
HGNC:16702,0.9311624
HGNC:5036,0.93600404
HGNC:9416,0.7868437
HGNC:24881,0.80168605
HGNC:17052,0.6556055
HGNC:3683,0.13506138
HGNC:28157,0.2622167
HGNC:6005,0.778859
HGNC:3676,0.5690923
HGNC:18758,0.4803809
HGNC:26953,0.65625215
HGNC:1077,0.8620825
HGNC:9859,0.7807294
HGNC:24704,0.47491628
HGNC:7178,0.11846018
HGNC:8784,0.66219306
HGNC:9349,0.50194645
HGNC:12335,0.626118
HGNC:736,0.2573626
HGNC:17359,0.7525276
HGNC:7098,0.2243079
HGNC:18041,0.69794613
HGNC:30291,0.94251114
HGNC:25589,0.8419424
HGNC:19185,0.4322253
HGNC:1665,0.56675905
HGNC:1593,0.6431681
HGNC:18042,0.9185089
HGNC:30904,0.74689174
HGNC:1782,0.098243475
HGNC:30422,0.7325316
HGNC:541,0.26406753
HGNC:28883,0.26452243
HGNC:1856,0.7560693
HGNC:25806,0.3807931
HGNC:25067,0.770343
HGNC:3355,0.10763371
HGNC:1507,0.32655454
HGNC:6551,0.91285866
HGNC:4799,0.50413877
HGNC:3229,0.45858216
HGNC:8603,0.55472124
HGNC:10704,0.8805943
HGNC:25274,0.10382295
HGNC:9314,0.95155203
HGNC:20862,0.7549106
HGNC:7494,0.59407544
HGNC:3604,0.84887975
HGNC:6884,0.9065007
HGNC:9999,0.5151102
HGNC:14237,0.60032433
HGNC:34000,0.28280878
HGNC:26783,0.6974298
HGNC:29335,0.54430544
HGNC:14654,0.37134373
HGNC:24137,0.43776894
HGNC:8790,0.19255584
HGNC:26495,0.091349244
HGNC:3495,0.877386
HGNC:4068,0.8354604
HGNC:19349,0.6725512
HGNC:23498,0.6978801
HGNC:24249,0.32101226
HGNC:19125,0.7158787
HGNC:23162,0.38119578
HGNC:8973,0.08586323
HGNC:19218,0.14698827
HGNC:24051,0.95546174
HGNC:13819,0.236687
HGNC:24649,0.81602377
HGNC:29620,0.5581606
HGNC:25308,0.56562257
HGNC:17019,0.9278703
HGNC:21265,0.2066108
HGNC:7693,0.52174824
HGNC:18371,0.77314997
HGNC:6380,0.32543993
HGNC:12642,0.5845856
HGNC:30683,0.20975494
HGNC:11922,0.31609833
HGNC:15847,0.26696587
HGNC:9719,0.61427456
HGNC:25338,0.7185789
HGNC:14679,0.7433633
HGNC:24073,0.7695331
HGNC:10784,0.8681609
HGNC:2200,0.919106
HGNC:9246,0.9068462
HGNC:28229,0.45349276
HGNC:30991,0.5605365
HGNC:25139,0.74005777
HGNC:24029,0.22209668
HGNC:17001,0.1467591
HGNC:20692,0.49412656
HGNC:8933,0.5298888
HGNC:25605,0.4392643
HGNC:4504,0.49543363
HGNC:9679,0.43516517
HGNC:3072,0.908127
HGNC:30836,0.3238371
HGNC:26899,0.6200125
HGNC:6724,0.69827586
HGNC:6309,0.12281108
HGNC:11162,0.90363854
HGNC:28577,0.22017282
HGNC:7723,0.6436908
HGNC:18130,0.27536845
HGNC:738,0.875702
HGNC:27475,0.19981897
HGNC:29397,0.8391886
HGNC:23090,0.4299662
HGNC:11700,0.5015069
HGNC:25925,0.25174117
HGNC:30404,0.11085045
HGNC:19331,0.33402187
HGNC:24867,0.4894688
HGNC:4273,0.8355197
HGNC:28135,0.20878214
HGNC:25915,0.7501514
HGNC:21399,0.7498223
HGNC:20261,0.7464056
HGNC:7453,0.47033715
HGNC:27501,0.22724688
HGNC:11057,0.88670915
HGNC:6107,0.6626293
HGNC:20421,0.5791255
HGNC:11460,0.35833675
HGNC:29937,0.16031432
HGNC:20502,0.15265149
HGNC:11569,0.78603816
HGNC:29674,0.15145874
HGNC:2865,0.7087419
HGNC:175,0.73980665
HGNC:4535,0.14639425
HGNC:7901,0.16082036
HGNC:28412,0.9083676
HGNC:25037,0.785012
HGNC:3308,0.2181015
HGNC:11105,0.9410125
HGNC:1101,0.45869124
HGNC:26024,0.79349005
HGNC:23749,0.39385235
HGNC:6851,0.95571464
HGNC:6162,0.5440028
HGNC:4128,0.35697544
HGNC:18966,0.33643568
HGNC:18268,0.31131434
HGNC:17590,0.24805832
HGNC:29534,0.53507006
HGNC:11723,0.56655556
HGNC:26614,0.9596205
HGNC:28927,0.28623974
HGNC:27465,0.8068898
HGNC:28776,0.3622892
HGNC:20482,0.44171906
HGNC:27067,0.26634943
HGNC:15520,0.26062745
HGNC:3465,0.29333377
HGNC:9884,0.9265088
HGNC:22973,0.95458674
HGNC:29807,0.22485495
HGNC:29187,0.93538463
HGNC:18179,0.7318948
HGNC:25754,0.46880364
HGNC:15703,0.48325372
HGNC:2769,0.8106516
HGNC:15480,0.41393143
HGNC:26387,0.807917
HGNC:20327,0.93598485
HGNC:29389,0.7257616
HGNC:33717,0.12306094
HGNC:16746,0.8763306
HGNC:17267,0.6545116
HGNC:20322,0.82837605
HGNC:20293,0.81727916
HGNC:18260,0.43029702
HGNC:20310,0.13543737
HGNC:2554,0.9491022
HGNC:19739,0.33106673
HGNC:11330,0.8011839
HGNC:14265,0.5107849
HGNC:20248,0.24202096
HGNC:20146,0.33094668
HGNC:19825,0.17711872
HGNC:7886,0.90676653
HGNC:33714,0.2431503
HGNC:19835,0.8695266
HGNC:15487,0.41005278
HGNC:19839,0.7102058
HGNC:8828,0.8178247
HGNC:10467,0.79375213
HGNC:19846,0.38783503
HGNC:23142,0.44412565
HGNC:19863,0.12089217
HGNC:19844,0.91487837
HGNC:200,0.12614304
HGNC:19977,0.24296117
HGNC:20224,0.9632602
HGNC:20150,0.6298999
HGNC:20489,0.46517843
HGNC:3468,0.4015236
HGNC:6254,0.7252953
HGNC:30652,0.52653134
HGNC:20357,0.25959325
HGNC:4517,0.60084444
HGNC:20149,0.29157048
HGNC:17546,0.6993533
HGNC:20091,0.31096357
HGNC:20491,0.25785005
HGNC:10978,0.36163998
HGNC:3602,0.90466785
HGNC:15996,0.12082362
HGNC:20126,0.10333407
HGNC:20115,0.08897883
HGNC:19667,0.8397126
HGNC:17044,0.76074356
HGNC:10914,0.75423914
HGNC:26507,0.36208713
HGNC:7032,0.82322013
HGNC:11623,0.80743957
HGNC:11184,0.23023999
HGNC:10757,0.56280607
HGNC:26673,0.3573954
HGNC:32698,0.07443392
HGNC:13273,0.11701375
HGNC:28571,0.4156167
HGNC:10996,0.3138399
HGNC:3685,0.80311173
HGNC:4855,0.6390774
HGNC:4205,0.28270578
HGNC:1083,0.5103719
HGNC:4647,0.7351373
HGNC:11299,0.87942636
HGNC:29153,0.81700295
HGNC:19712,0.67456675
HGNC:1713,0.49924636
HGNC:11839,0.97124225
HGNC:13233,0.96616673
HGNC:26027,0.34788847
HGNC:19248,0.4538986
HGNC:9580,0.5137514
HGNC:3481,0.55856526
HGNC:991,0.6464881
HGNC:5001,0.81602275
HGNC:13081,0.72925824
HGNC:17752,0.73665833
HGNC:30300,0.6596243
HGNC:7669,0.93724644
HGNC:18448,0.30399317
HGNC:6827,0.18117213
HGNC:14885,0.540982
HGNC:13519,0.7945858
HGNC:12010,0.7969013
HGNC:5465,0.83057296
HGNC:28087,0.41759217
HGNC:26220,0.1747793
HGNC:12626,0.91320854
HGNC:2590,0.43375725
HGNC:969,0.23776162
HGNC:9113,0.6739473
HGNC:2595,0.07771295
HGNC:17109,0.46038175
HGNC:19703,0.5856662
HGNC:32204,0.049452484
HGNC:8569,0.4898091
HGNC:26552,0.14132488
HGNC:14059,0.609191
HGNC:10564,0.7086369
HGNC:2596,0.12483466
HGNC:6632,0.18579662
HGNC:21446,0.33199936
HGNC:18140,0.4139148
HGNC:9179,0.6006712
HGNC:10024,0.26489615
HGNC:25568,0.21921968
HGNC:18717,0.80039907
HGNC:26924,0.16385996
HGNC:28704,0.49451184
HGNC:8033,0.90310514
HGNC:25477,0.7656485
HGNC:7036,0.44375825
HGNC:25352,0.9190612
HGNC:30594,0.4637031
HGNC:10870,0.7442257
HGNC:25636,0.04360509
HGNC:8568,0.8945551
HGNC:6110,0.8063626
HGNC:26148,0.75325423
HGNC:25789,0.5758382
HGNC:10832,0.5186397
HGNC:17718,0.70201343
HGNC:26348,0.08703232
HGNC:24434,0.92898
HGNC:9115,0.15926206
HGNC:11037,0.1544925
HGNC:6152,0.398318
HGNC:11767,0.6056667
HGNC:25848,0.15925759
HGNC:25781,0.70522434
HGNC:8609,0.65387845
HGNC:24678,0.44864237
HGNC:12586,0.43634593
HGNC:1799,0.442617
HGNC:5953,0.25470972
HGNC:18239,0.71602434
HGNC:29826,0.3847115
HGNC:14640,0.04706943
HGNC:17045,0.81980157
HGNC:17211,0.5596955
HGNC:26041,0.29180014
HGNC:30525,0.21860242
HGNC:1972,0.17074394
HGNC:777,0.9060643
HGNC:33849,0.24385118
HGNC:2315,0.6612348
HGNC:29933,0.63607836
HGNC:6217,0.6071498
HGNC:6326,0.6964766
HGNC:17110,0.31271017
HGNC:8054,0.17753726
HGNC:4208,0.47722244
HGNC:19174,0.3782156
HGNC:19173,0.12859702
HGNC:1750,0.9116354
HGNC:7869,0.21433479
HGNC:13352,0.559873
HGNC:15456,0.6023841
HGNC:1753,0.67277676
HGNC:24134,0.83824414
HGNC:30714,0.15723658
HGNC:30093,0.33493447
HGNC:5358,0.8810011
HGNC:21169,0.09733474
HGNC:10351,0.17825782
HGNC:20812,0.19812381
HGNC:10404,0.9124434
HGNC:7696,0.40802372
HGNC:8816,0.90522677
HGNC:18331,0.28498107
HGNC:25969,0.68294376
HGNC:29181,0.7485295
HGNC:4122,0.3299697
HGNC:25487,0.6680683
HGNC:7672,0.8825509
HGNC:2239,0.9260125
HGNC:28453,0.8329301
HGNC:13502,0.7819387
HGNC:16067,0.71989614
HGNC:6465,0.72707516
HGNC:1983,0.5903948
HGNC:29285,0.8153453
HGNC:2524,0.13964331
HGNC:23029,0.16455263
HGNC:28159,0.5964908
HGNC:29540,0.20618296
HGNC:9467,0.682889
HGNC:14304,0.24614334
HGNC:8752,0.12882817
HGNC:8293,0.21779573
HGNC:11983,0.26756543
HGNC:29443,0.09653288
HGNC:29601,0.25832415
HGNC:11979,0.9031729
HGNC:25608,0.58664536
HGNC:30705,0.34586608
HGNC:29026,0.58006215
HGNC:7900,0.97769636
HGNC:15605,0.32825398
HGNC:25047,0.34089535
HGNC:30381,0.26748484
HGNC:30580,0.8288944
HGNC:16502,0.41323495
HGNC:16260,0.16224039
HGNC:24102,0.34233052
HGNC:38,0.079944074
HGNC:24861,0.48550832
HGNC:2092,0.955995
HGNC:26990,0.09891325
HGNC:14347,0.6888949
HGNC:24265,0.44689763
HGNC:11340,0.7883617
HGNC:11538,0.7136818
HGNC:315,0.6028332
HGNC:6051,0.47124237
HGNC:4388,0.9224682
HGNC:18607,0.54417694
HGNC:25560,0.7540467
HGNC:28802,0.27977622
HGNC:4123,0.64565146
HGNC:29357,0.86687195
HGNC:241,0.5869672
HGNC:7020,0.0790323
HGNC:23324,0.088532686
HGNC:24645,0.9036744
HGNC:16398,0.62949276
HGNC:4174,0.9061177
HGNC:31042,0.94793385
HGNC:30134,0.9176738
HGNC:7897,0.65056396
HGNC:10918,0.21153939
HGNC:712,0.81658685
HGNC:23089,0.5453228
HGNC:20997,0.47688067
HGNC:25522,0.5296221
HGNC:17565,0.9263656
HGNC:23160,0.22509015
HGNC:742,0.12127817
HGNC:30035,0.76246715
HGNC:11998,0.7873598
HGNC:26090,0.349226
HGNC:678,0.7208856
HGNC:18021,0.3889395
HGNC:10924,0.53538036
HGNC:16446,0.18559349
HGNC:13877,0.5000906
HGNC:18284,0.3487488
HGNC:18683,0.98049605
HGNC:2452,0.9120736
HGNC:14452,0.7140293
HGNC:11581,0.64151704
HGNC:25700,0.20680141
HGNC:29916,0.23252726
HGNC:30287,0.9478435
HGNC:6036,0.58841044
HGNC:27316,0.08316994
HGNC:15962,0.8861019
HGNC:10707,0.3652364
HGNC:29402,0.47773463
HGNC:29511,0.33790195
HGNC:25843,0.7713822
HGNC:25072,0.7494625
HGNC:1554,0.8822186
HGNC:31696,0.8977991
HGNC:21317,0.39390272
HGNC:6878,0.73183
HGNC:14197,0.48662448
HGNC:6916,0.85743177
HGNC:6770,0.93790364
HGNC:11908,0.6384903
HGNC:22916,0.811109
HGNC:13617,0.67850685
HGNC:1544,0.7374297
HGNC:9108,0.43607813
HGNC:16946,0.19487369
HGNC:28300,0.25275636
HGNC:27258,0.6597826
HGNC:3430,0.7411969
HGNC:4567,0.52094305
HGNC:28230,0.5525469
HGNC:9160,0.34753382
HGNC:31111,0.3703245
HGNC:23990,0.30331862
HGNC:5473,0.50728
HGNC:18169,0.48838574
HGNC:30551,0.8147199
HGNC:1388,0.9127096
HGNC:17958,0.74981964
HGNC:13575,0.9816799
HGNC:17128,0.602675
HGNC:7786,0.7907994
HGNC:25058,0.541486
HGNC:9230,0.5294608
HGNC:16366,0.16033828
HGNC:13999,0.6762067
HGNC:8876,0.36434627
HGNC:16934,0.35534394
HGNC:12657,0.8689927
HGNC:25153,0.26605695
HGNC:24580,0.110153675
HGNC:10830,0.69267523
HGNC:26920,0.40463883
HGNC:18648,0.81025815
HGNC:13911,0.62817544
HGNC:28289,0.17061675
HGNC:32393,0.35705173
HGNC:29312,0.59256935
HGNC:14931,0.24799317
HGNC:5414,0.54337645
HGNC:26210,0.2948389
HGNC:13326,0.84447116
HGNC:2211,0.85576785
HGNC:5432,0.23443466
HGNC:11179,0.6788333
HGNC:2212,0.57510054
HGNC:11142,0.80261445
HGNC:2980,0.13077301
HGNC:12339,0.12008196
HGNC:14372,0.51831657
HGNC:1280,0.61374825
HGNC:620,0.74466884
HGNC:17344,0.49981558
HGNC:391,0.8771796
HGNC:5990,0.23966521
HGNC:3335,0.30524772
HGNC:30660,0.85398424
HGNC:25208,0.09747684
HGNC:19295,0.8906709
HGNC:20045,0.44344103
HGNC:15961,0.16001594
HGNC:20964,0.3854583
HGNC:13201,0.8109243
HGNC:11049,0.8869756
HGNC:10079,0.53758895
HGNC:1477,0.363923
HGNC:7600,0.6399234
HGNC:22938,0.08164644
HGNC:13628,0.8485875
HGNC:26998,0.8426723
HGNC:25152,0.24621737
HGNC:18794,0.3431543
HGNC:23393,0.9692694
HGNC:30464,0.8862341
HGNC:11857,0.43468463
HGNC:25588,0.17713058
HGNC:9543,0.70635265
HGNC:15620,0.5334794
HGNC:14376,0.1106503
HGNC:6364,0.12688297
HGNC:23239,0.7244836
HGNC:25107,0.186127
HGNC:10384,0.9500728
HGNC:30828,0.12843847
HGNC:10304,0.84581286
HGNC:29590,0.3524034
HGNC:17946,0.5279478
HGNC:34550,0.6924438
HGNC:21145,0.15027595
HGNC:24722,0.36332297
HGNC:11010,0.25186223
HGNC:9965,0.93493056
HGNC:14668,0.17660904
HGNC:29368,0.43116713
HGNC:14000,0.88507944
HGNC:24609,0.073354006
HGNC:18337,0.18284643
HGNC:29408,0.39737225
HGNC:18367,0.12926745
HGNC:3386,0.65984184
HGNC:26604,0.21205395
HGNC:28670,0.4595914
HGNC:8856,0.68402725
HGNC:8891,0.844399
HGNC:26679,0.088508606
HGNC:15568,0.646543
HGNC:19700,0.14063859
HGNC:10301,0.9505183
HGNC:13700,0.4606775
HGNC:30943,0.26512814
HGNC:26800,0.36062002
HGNC:30071,0.7102592
HGNC:25558,0.54268295
HGNC:28250,0.500195
HGNC:13908,0.70510036
HGNC:11397,0.59481734
HGNC:6858,0.3706507
HGNC:3625,0.18208218
HGNC:25513,0.46571767
HGNC:15584,0.24916154
HGNC:29175,0.90580916
HGNC:15944,0.15530634
HGNC:25076,0.16262281
HGNC:5273,0.6569697
HGNC:6157,0.2054919
HGNC:17860,0.9167021
HGNC:989,0.74206626
HGNC:9381,0.82381946
HGNC:8965,0.43642002
HGNC:19168,0.62665915
HGNC:29957,0.31282783
HGNC:10441,0.9585406
HGNC:6393,0.6170013
HGNC:9670,0.86734575
HGNC:17106,0.4621213
HGNC:29800,0.25401235
HGNC:2644,0.18615687
HGNC:27296,0.1460818
HGNC:13913,0.43162078
HGNC:6644,0.93359476
HGNC:27638,0.3443694
HGNC:954,0.77866983
HGNC:29535,0.9022583
HGNC:28689,0.14124072
HGNC:5950,0.74166465
HGNC:32034,0.5360303
HGNC:25330,0.60480523
HGNC:25916,0.62740195
HGNC:6219,0.23750114
HGNC:9534,0.96044785
HGNC:26668,0.1906296
HGNC:28344,0.25668132
HGNC:1686,0.52924234
HGNC:18454,0.14379084
HGNC:3231,0.8149571
HGNC:6135,0.36726487
HGNC:23694,0.5707884
HGNC:412,0.19128442
HGNC:804,0.9204736
HGNC:30231,0.8101361
HGNC:20461,0.3344407
HGNC:18800,0.8673526
HGNC:24515,0.79849
HGNC:2351,0.2784418
HGNC:30002,0.746004
HGNC:4445,0.19668019
HGNC:10479,0.77812135
HGNC:11596,0.42629868
HGNC:12562,0.88246137
HGNC:18188,0.48769248
HGNC:10645,0.106116176
HGNC:10646,0.12704158
HGNC:9212,0.835099
HGNC:25929,0.58266354
HGNC:18131,0.74584365
HGNC:3011,0.32175177
HGNC:7064,0.56257397
HGNC:21285,0.15186131
HGNC:17440,0.901108
HGNC:19688,0.7677452
HGNC:26941,0.46776557
HGNC:9280,0.6837228
HGNC:3616,0.31663215
HGNC:14621,0.5472871
HGNC:10001,0.32671648
HGNC:10682,0.5000528
HGNC:8867,0.7316042
HGNC:7969,0.25461912
HGNC:12620,0.6986109
HGNC:3534,0.19145077
HGNC:9343,0.825098
HGNC:18508,0.20356596
HGNC:14037,0.33912277
HGNC:18858,0.31703126
HGNC:1512,0.121766925
HGNC:25745,0.65076494
HGNC:2339,0.41059518
HGNC:4856,0.734074
HGNC:77,0.6215106
HGNC:12827,0.9333408
HGNC:9997,0.3172506
HGNC:29456,0.3971454
HGNC:28274,0.5530515
HGNC:19194,0.58385813
HGNC:30281,0.81883967
HGNC:20440,0.17427826
HGNC:14222,0.8911739
HGNC:13420,0.6603842
HGNC:10260,0.9133835
HGNC:12422,0.5277278
HGNC:10771,0.9535424
HGNC:3153,0.17920166
HGNC:29277,0.8232417
HGNC:30740,0.4110989
HGNC:17429,0.24168158
HGNC:20073,0.8837912
HGNC:10761,0.8853036
HGNC:19706,0.19244951
HGNC:6943,0.88076794
HGNC:2536,0.46917313
HGNC:9986,0.37729496
HGNC:8984,0.8372514
HGNC:8994,0.71740246
HGNC:16673,0.8531727
HGNC:25648,0.20489168
HGNC:547,0.16970181
HGNC:10719,0.16965318
HGNC:14076,0.7637923
HGNC:3360,0.7469385
HGNC:10740,0.5622897
HGNC:14277,0.31661916
HGNC:700,0.84641266
HGNC:18801,0.93452096
HGNC:26045,0.15972292
HGNC:8097,0.1778636
HGNC:25245,0.7259637
HGNC:24882,0.51162696
HGNC:23143,0.7846541
HGNC:6250,0.7994244
HGNC:30288,0.6673087
HGNC:3094,0.33747202
HGNC:6583,0.4652905
HGNC:24484,0.6363231
HGNC:25723,0.5917235
HGNC:11532,0.31263506
HGNC:20982,0.52289057
HGNC:25470,0.57179344
HGNC:3065,0.8265797
HGNC:25842,0.09962481
HGNC:12000,0.6962083
HGNC:13534,0.72842294
HGNC:33276,0.16834795
HGNC:1230,0.11234361
HGNC:193,0.33071035
HGNC:6201,0.7322983
HGNC:9762,0.62923706
HGNC:10498,0.45874047
HGNC:12012,0.7632117
HGNC:29915,0.71385294
HGNC:17145,0.4584837
HGNC:10997,0.07875013
HGNC:10497,0.22708726
HGNC:29877,0.952685
HGNC:12876,0.6576786
HGNC:16915,0.29705465
HGNC:18854,0.30628067
HGNC:3223,0.55423677
HGNC:16029,0.4141059
HGNC:6292,0.8395882
HGNC:29876,0.5865382
HGNC:30778,0.9626131
HGNC:6037,0.91559637
HGNC:10023,0.73274326
HGNC:26153,0.8546623
HGNC:9020,0.37670934
HGNC:19183,0.47826135
HGNC:3748,0.07223368
HGNC:129,0.8367093
HGNC:25332,0.12010932
HGNC:4124,0.72036195
HGNC:26204,0.66371465
HGNC:24275,0.3395685
HGNC:1968,0.7515776
HGNC:28920,0.8806143
HGNC:122,0.20487368
HGNC:30669,0.3566029
HGNC:11304,0.5853108
HGNC:8070,0.29008287
HGNC:26643,0.40732795
HGNC:13709,0.5864502
HGNC:29046,0.89530885
HGNC:652,0.97384936
HGNC:3122,0.29915565
HGNC:25013,0.52741945
HGNC:6179,0.9092193
HGNC:4693,0.30993676
HGNC:1737,0.8037417
HGNC:26802,0.8101457
HGNC:19032,0.28311408
HGNC:25193,0.766731
HGNC:270,0.6858514
HGNC:9509,0.5671536
HGNC:30262,0.3804916
HGNC:6518,0.6970916
HGNC:12778,0.7803339
HGNC:3401,0.28346884
HGNC:9958,0.3933941
HGNC:11192,0.8041923
HGNC:25575,0.44811416
HGNC:9248,0.5939247
HGNC:17053,0.66129935
HGNC:9659,0.23991865
HGNC:11510,0.83695734
HGNC:25192,0.93677986
HGNC:8111,0.9322005
HGNC:4222,0.777025
HGNC:30168,0.6473001
HGNC:668,0.8551637
HGNC:18264,0.3582136
HGNC:25127,0.85647464
HGNC:24063,0.25288594
HGNC:26276,0.16626966
HGNC:13887,0.122911096
HGNC:1316,0.7018484
HGNC:1445,0.97651446
HGNC:32363,0.14735103
HGNC:10417,0.9250074
HGNC:28027,0.45016295
HGNC:18652,0.851604
HGNC:29595,0.08538318
HGNC:23805,0.9139205
HGNC:24648,0.55479133
HGNC:11163,0.9190146
HGNC:17553,0.055347383
HGNC:7000,0.9792261
HGNC:19015,0.0682739
HGNC:14280,0.5730307
HGNC:25894,0.25373524
HGNC:30859,0.9522672
HGNC:14498,0.53053296
HGNC:25691,0.20419645
HGNC:24259,0.39628613
HGNC:17085,0.73826665
HGNC:16073,0.5571842
HGNC:30712,0.75037
HGNC:20410,0.19516307
HGNC:3066,0.32556272
HGNC:10861,0.53377604
HGNC:7905,0.27668458
HGNC:6818,0.7250526
HGNC:25602,0.2645868
HGNC:9840,0.6980206
HGNC:24181,0.64801055
HGNC:28143,0.34090543
HGNC:27678,0.3562448
HGNC:9799,0.18538952
HGNC:10946,0.74711704
HGNC:26740,0.4109807
HGNC:30941,0.6280192
HGNC:29569,0.19277883
HGNC:2150,0.14127648
HGNC:25318,0.22324431
HGNC:27014,0.19964576
HGNC:6473,0.85159016
HGNC:14860,0.74767077
HGNC:8076,0.7957623
HGNC:27934,0.67253983
HGNC:29348,0.49876118
HGNC:4471,0.35115707
HGNC:9191,0.77532184
HGNC:28658,0.90647835
HGNC:23242,0.826569
HGNC:9026,0.5476361
HGNC:10585,0.9662741
HGNC:13811,0.78160864
HGNC:30382,0.20959598
HGNC:21610,0.5176935
HGNC:26332,0.59802914
HGNC:11867,0.64244765
HGNC:14628,0.66997856
HGNC:2914,0.9556806
HGNC:30467,0.92024666
HGNC:28316,0.38646245
HGNC:18649,0.7561612
HGNC:29412,0.7392947
HGNC:5261,0.88464797
HGNC:26834,0.12213206
HGNC:30476,0.30105668
HGNC:26582,0.7601744
HGNC:9609,0.07950938
HGNC:21011,0.08406651
HGNC:20681,0.4449911
HGNC:26310,0.7249265
HGNC:23225,0.07120454
HGNC:14637,0.6032177
HGNC:20376,0.42292154
HGNC:29291,0.54643303
HGNC:23081,0.19916749
HGNC:23692,0.7861047
HGNC:17961,0.17365158
HGNC:18254,0.52750975
HGNC:27937,0.2600243
HGNC:20987,0.12322515
HGNC:16760,0.8316847
HGNC:28648,0.7608304
HGNC:24336,0.5565919
HGNC:3585,0.31335354
HGNC:25187,0.390737
HGNC:28966,0.55285597
HGNC:9783,0.789805
HGNC:21614,0.88260114
HGNC:10445,0.9362752
HGNC:29269,0.74705017
HGNC:19184,0.3273961
HGNC:22923,0.5267606
HGNC:20907,0.591577
HGNC:2174,0.66047794
HGNC:18745,0.82116526
HGNC:13427,0.7275476
HGNC:27949,0.080251694
HGNC:16395,0.5435336
HGNC:25902,0.4906516
HGNC:1565,0.25811225
HGNC:14300,0.66973966
HGNC:26054,0.43394542
HGNC:6145,0.72156113
HGNC:8495,0.10983056
HGNC:4427,0.58073664
HGNC:16890,0.68275934
HGNC:11353,0.2974174
HGNC:29112,0.86140686
HGNC:30689,0.30147856
HGNC:10336,0.90309393
HGNC:9671,0.6792517
HGNC:17616,0.4092372
HGNC:25543,0.21574974
HGNC:20661,0.30802232
HGNC:12470,0.7607509
HGNC:16937,0.5806912
HGNC:11870,0.625042
HGNC:17360,0.7230188
HGNC:25023,0.0753845
HGNC:6612,0.7113542
HGNC:26720,0.21122521
HGNC:29805,0.8952805
HGNC:2215,0.75145215
HGNC:28238,0.60120595
HGNC:19241,0.14208102
HGNC:31073,0.077343166
HGNC:29573,0.5611075
HGNC:25656,0.3615343
HGNC:29868,0.7409768
HGNC:17661,0.17039949
HGNC:18072,0.5524355
HGNC:269,0.20886934
HGNC:16669,0.6135419
HGNC:20962,0.7000047
HGNC:7968,0.20017326
HGNC:17173,0.5984607
HGNC:24085,0.37807745
HGNC:28451,0.8637059
HGNC:336,0.37511057
HGNC:16050,0.871835
HGNC:3254,0.40836382
HGNC:3978,0.3960411
HGNC:16397,0.79299843
HGNC:12333,0.74744534
HGNC:29260,0.60244364
HGNC:29935,0.17870986
HGNC:32222,0.083054304
HGNC:6679,0.56873643
HGNC:25120,0.105338216
HGNC:28991,0.46662492
HGNC:473,0.5079875
HGNC:11692,0.3108002
HGNC:18317,0.47827983
HGNC:18414,0.20601726
HGNC:30911,0.962675
HGNC:15461,0.55076027
HGNC:25244,0.41144383
HGNC:30757,0.82602596
HGNC:23115,0.21464348
HGNC:28741,0.25874138
HGNC:25167,0.17493248
HGNC:7514,0.117571
HGNC:11086,0.8897913
HGNC:3261,0.71966743
HGNC:349,0.09675044
HGNC:13275,0.21053755
HGNC:25144,0.54535246
HGNC:2856,0.43793714
HGNC:19124,0.82590157
HGNC:10993,0.15507972
HGNC:26021,0.2807575
HGNC:1854,0.56604975
HGNC:3389,0.6750351
HGNC:19012,0.07948685
HGNC:13549,0.3780331
HGNC:28685,0.26026332
HGNC:22980,0.46171546
HGNC:30603,0.17432195
HGNC:21088,0.5806817
HGNC:19254,0.6540758
HGNC:24599,0.6956977
HGNC:30710,0.06488192
HGNC:4187,0.20656323
HGNC:28403,0.29448283
HGNC:18644,0.55741036
HGNC:11138,0.81733894
HGNC:44317,0.45390558
HGNC:28261,0.32435775
HGNC:1462,0.7542926
HGNC:24212,0.7656816
HGNC:30555,0.2073701
HGNC:493,0.92646277
HGNC:19075,0.55841583
HGNC:18119,0.27238548
HGNC:3556,0.23076963
HGNC:1578,0.93938583
HGNC:29330,0.67120004
HGNC:29255,0.38912606
HGNC:30412,0.65430653
HGNC:25126,0.6952883
HGNC:26077,0.6569989
HGNC:10777,0.69690764
HGNC:10421,0.94173276
HGNC:27735,0.12695521
HGNC:8801,0.91530627
HGNC:25891,0.26149595
HGNC:4328,0.5302291
HGNC:23198,0.2512505
HGNC:24060,0.18780088
HGNC:7713,0.5226815
HGNC:30550,0.9138376
HGNC:17046,0.1263085
HGNC:1757,0.7148222
HGNC:17108,0.6799562
HGNC:11284,0.31998974
HGNC:7593,0.7212454
HGNC:25629,0.28010523
HGNC:10347,0.73602015
HGNC:10901,0.8305156
HGNC:8507,0.26571977
HGNC:26625,0.12420595
HGNC:19699,0.9200784
HGNC:34236,0.20756
HGNC:4708,0.14655757
HGNC:8979,0.88611364
HGNC:2380,0.75971943
HGNC:6588,0.65929896
HGNC:15831,0.9137424
HGNC:1047,0.11348009
HGNC:26853,0.32341135
HGNC:6111,0.35600996
HGNC:2356,0.6779876
HGNC:9871,0.93055844
HGNC:18581,0.42490923
HGNC:25959,0.42519736
HGNC:29035,0.45961004
HGNC:8596,0.61571085
HGNC:13652,0.49650455
HGNC:4656,0.19812512
HGNC:19089,0.699435
HGNC:1125,0.8758161
HGNC:13615,0.9482506
HGNC:22988,0.15235603
HGNC:30743,0.34175855
HGNC:17260,0.73800576
HGNC:16933,0.82035714
HGNC:30201,0.1713463
HGNC:588,0.29098523
HGNC:29634,0.7299022
HGNC:17111,0.6419816
HGNC:24877,0.79903203
HGNC:17073,0.83426774
HGNC:10640,0.57081544
HGNC:6550,0.17048222
HGNC:30451,0.27145946
HGNC:18681,0.9267462
HGNC:6029,0.09987122
HGNC:25132,0.1090554
HGNC:20853,0.8717499
HGNC:14325,0.26592636
HGNC:4080,0.09953499
HGNC:4082,0.8749149
HGNC:28844,0.8199673
HGNC:24643,0.16279697
HGNC:28477,0.29222912
HGNC:4326,0.61614394
HGNC:16903,0.7278564
HGNC:30292,0.7616309
HGNC:13091,0.38701385
HGNC:29852,0.43404204
HGNC:14377,0.45015544
HGNC:26181,0.32940447
HGNC:25114,0.7594539
HGNC:2310,0.62102973
HGNC:29943,0.85070133
HGNC:6285,0.18873072
HGNC:18789,0.69006455
HGNC:27972,0.13359904
HGNC:21362,0.12749577
HGNC:21066,0.2266792
HGNC:21062,0.3711375
HGNC:21096,0.8296442
HGNC:21050,0.6304594
HGNC:19092,0.53702354
HGNC:19409,0.8273456
HGNC:26433,0.94276935
HGNC:4245,0.6468088
HGNC:6354,0.8194064
HGNC:18141,0.2576666
HGNC:10932,0.19160002
HGNC:18730,0.17062539
HGNC:21031,0.19294143
HGNC:16278,0.46423173
HGNC:19013,0.8096012
HGNC:28311,0.44291228
HGNC:25524,0.7451293
HGNC:9040,0.08160257
HGNC:13469,0.6896267
HGNC:19180,0.6529169
HGNC:7526,0.2503689
HGNC:27400,0.56011814
HGNC:24583,0.4030167
HGNC:17369,0.5339737
HGNC:29413,0.57755333
HGNC:18143,0.94008166
HGNC:9370,0.37758374
HGNC:21355,0.11054593
HGNC:21359,0.19785261
HGNC:21016,0.096735835
HGNC:3664,0.37087685
HGNC:13655,0.8475876
HGNC:31677,0.058866918
HGNC:17751,0.25476408
HGNC:19140,0.85699534
HGNC:11693,0.17362368
HGNC:21370,0.3992771
HGNC:7799,0.77740407
HGNC:17449,0.122196674
HGNC:12004,0.45265496
HGNC:17368,0.21857798
HGNC:21387,0.15839165
HGNC:21475,0.64937186
HGNC:20742,0.8115762
HGNC:4090,0.24892902
HGNC:17278,0.85685444
HGNC:21408,0.5047105
HGNC:21406,0.32526487
HGNC:21397,0.32662868
HGNC:21485,0.25191975
HGNC:23046,0.75067514
HGNC:4515,0.6564486
HGNC:21487,0.54589725
HGNC:20866,0.7128907
HGNC:21035,0.37528032
HGNC:4514,0.08202863
HGNC:20978,0.1599285
HGNC:14964,0.16868567
HGNC:21230,0.627808
HGNC:17734,0.115549326
HGNC:21573,0.120432615
HGNC:21115,0.22507417
HGNC:18067,0.49684608
HGNC:19336,0.6786947
HGNC:21607,0.36179137
HGNC:11697,0.40679455
HGNC:11806,0.674003
HGNC:20958,0.62354565
HGNC:21185,0.2505591
HGNC:16846,0.95469433
HGNC:13055,0.892366
HGNC:12693,0.18383789
HGNC:10967,0.28673613
HGNC:21897,0.13396841
HGNC:4380,0.93571234
HGNC:22421,0.16255552
HGNC:19307,0.6841073
HGNC:21717,0.29241556
HGNC:21702,0.8448372
HGNC:17680,0.44768
HGNC:16844,0.7534366
HGNC:16660,0.50256515
HGNC:3236,0.7847352
HGNC:14626,0.3088658
HGNC:5472,0.7859179
HGNC:9702,0.8406553
HGNC:5469,0.22517186
HGNC:14461,0.17855603
HGNC:6971,0.4177993
HGNC:9203,0.24246562
HGNC:4179,0.42861617
HGNC:1620,0.87491655
HGNC:9577,0.54753196
HGNC:19017,0.17666054
HGNC:13168,0.27282697
HGNC:22210,0.8955972
HGNC:25826,0.5770288
HGNC:19767,0.12626135
HGNC:17435,0.34545577
HGNC:9126,0.64301395
HGNC:16275,0.21496129
HGNC:20247,0.92117923
HGNC:12857,0.14954221
HGNC:21898,0.33805203
HGNC:27981,0.20055437
HGNC:30653,0.23546064
HGNC:22423,0.30045438
HGNC:21870,0.29428935
HGNC:11842,0.9493973
HGNC:3385,0.2643729
HGNC:13244,0.31622624
HGNC:27786,0.14807111
HGNC:21904,0.7928403
HGNC:17185,0.10059601
HGNC:14287,0.89978325
HGNC:630,0.59254295
HGNC:19982,0.24045902
HGNC:44671,0.8258269
HGNC:22212,0.7269265
HGNC:29437,0.1592713
HGNC:13867,0.92987704
HGNC:18515,0.7595945
HGNC:24767,0.44950902
HGNC:15589,0.46928233
HGNC:1497,0.97811836
HGNC:12637,0.91586816
HGNC:20694,0.14987212
HGNC:7373,0.9626727
HGNC:374,0.8511121
HGNC:18709,0.7674365
HGNC:13315,0.92443264
HGNC:10923,0.9323503
HGNC:25866,0.21092206
HGNC:12942,0.24337602
HGNC:13001,0.8588778
HGNC:13817,0.5213165
HGNC:20372,0.7947424
HGNC:13107,0.66878045
HGNC:18293,0.23893738
HGNC:13054,0.9556529
HGNC:11535,0.98379326
HGNC:30245,0.7738717
HGNC:7871,0.9302641
HGNC:28910,0.5380726
HGNC:4478,0.5597985
HGNC:4298,0.8827057
HGNC:23251,0.6544281
HGNC:8127,0.9829395
HGNC:14976,0.91885805
HGNC:6154,0.24179709
HGNC:6010,0.89488167
HGNC:15805,0.7926763
HGNC:13128,0.8781181
HGNC:2877,0.83381486
HGNC:8073,0.64015174
HGNC:25117,0.21669114
HGNC:9462,0.97338337
HGNC:25486,0.6148331
HGNC:29382,0.6581574
HGNC:5295,0.61305016
HGNC:23483,0.7325963
HGNC:5948,0.8670466
HGNC:26388,0.8044504
HGNC:4451,0.92226136
HGNC:19060,0.43166244
HGNC:9910,0.87574416
HGNC:6954,0.11430895
HGNC:16982,0.46646023
HGNC:13596,0.55154264
HGNC:24683,0.18965232
HGNC:13398,0.912323
HGNC:12976,0.15743423
HGNC:1867,0.82623327
HGNC:10298,0.9678488
HGNC:24290,0.29137564
HGNC:854,0.86983293
HGNC:25591,0.6477438
HGNC:26137,0.9185577
HGNC:1963,0.3133484
HGNC:15963,0.23107052
HGNC:4419,0.3406399
HGNC:1054,0.21411312
HGNC:2991,0.32807887
HGNC:29786,0.7185252
HGNC:28439,0.8032092
HGNC:23476,0.6489458
HGNC:11359,0.24982369
HGNC:9457,0.5714674
HGNC:1356,0.6811668
HGNC:13740,0.7048003
HGNC:26359,0.09021598
HGNC:18695,0.7866029
HGNC:14600,0.44410247
HGNC:11522,0.61569524
HGNC:24876,0.7763699
HGNC:25026,0.12125814
HGNC:28226,0.40690106
HGNC:12767,0.91614544
HGNC:24138,0.18960011
HGNC:2355,0.7524405
HGNC:14215,0.18506044
HGNC:16354,0.25695002
HGNC:14513,0.24977815
HGNC:9117,0.27155745
HGNC:18512,0.34031785
HGNC:14001,0.71925205
HGNC:11728,0.76450264
HGNC:10363,0.95397973
HGNC:14467,0.29062557
HGNC:18997,0.12560081
HGNC:18266,0.101837635
HGNC:26011,0.5829244
HGNC:3013,0.24409568
HGNC:29608,0.7099508
HGNC:31708,0.8404254
HGNC:3123,0.624591
HGNC:28583,0.55753684
HGNC:9198,0.53518575
HGNC:13634,0.59546256
HGNC:3273,0.6490396
HGNC:28224,0.45727098
HGNC:7704,0.39444935
HGNC:24220,0.13929725
HGNC:28210,0.15368962
HGNC:7151,0.10208893
HGNC:28029,0.84717107
HGNC:13139,0.5106466
HGNC:29351,0.7142992
HGNC:17129,0.46029752
HGNC:30450,0.09740102
HGNC:12698,0.5574731
HGNC:17376,0.28347182
HGNC:12557,0.88350534
HGNC:7785,0.9297548
HGNC:1320,0.28077084
HGNC:248,0.30120134
HGNC:25948,0.25364
HGNC:1788,0.2827574
HGNC:1787,0.4546101
HGNC:28337,0.42643392
HGNC:21714,0.08584297
HGNC:26209,0.31539214
HGNC:13589,0.5655037
HGNC:8157,0.69110525
HGNC:24584,0.17792338
HGNC:25740,0.22888881
HGNC:8032,0.93970734
HGNC:31367,0.40446252
HGNC:18181,0.6756482
HGNC:890,0.4004016
HGNC:1361,0.2679839
HGNC:14722,0.16237628
HGNC:21684,0.9458139
HGNC:24994,0.6350017
HGNC:12524,0.8691653
HGNC:162,0.12124562
HGNC:23685,0.64231545
HGNC:3383,0.5704338
HGNC:4620,0.47493768
HGNC:7234,0.32855612
HGNC:7985,0.86142427
HGNC:18688,0.33087176
HGNC:8331,0.097759604
HGNC:395,0.55934834
HGNC:17021,0.8365566
HGNC:21421,0.18452239
HGNC:13546,0.5011922
HGNC:11476,0.8488771
HGNC:20460,0.1356008
HGNC:11474,0.13445508
HGNC:11475,0.17530566
HGNC:11478,0.1901182
HGNC:11477,0.43703783
HGNC:12820,0.35754877
HGNC:10364,0.93989795
HGNC:4668,0.40231335
HGNC:17181,0.42539108
HGNC:17822,0.25941062
HGNC:23373,0.65803766
HGNC:16744,0.71578056
HGNC:20663,0.64622205
HGNC:10834,0.56368697
HGNC:9599,0.81043833
HGNC:6526,0.12337887
HGNC:25135,0.4122008
HGNC:21293,0.33521962
HGNC:17830,0.72336245
HGNC:27849,0.39972466
HGNC:23487,0.06647885
HGNC:21474,0.6024435
HGNC:17442,0.18768954
HGNC:29006,0.7483856
HGNC:25199,0.21256697
HGNC:7881,0.94196
HGNC:1389,0.831095
HGNC:23846,0.7567919
HGNC:23728,0.14066106
HGNC:16858,0.6992712
HGNC:23332,0.3866865
HGNC:17061,0.2957033
HGNC:17759,0.5212194
HGNC:23522,0.8002806
HGNC:20860,0.3981986
HGNC:23473,0.099116266
HGNC:10464,0.5169469
HGNC:23317,0.21997523
HGNC:16051,0.78689134
HGNC:17234,0.030522108
HGNC:11642,0.8578862
HGNC:19371,0.6379669
HGNC:19692,0.35476482
HGNC:24086,0.3959552
HGNC:14550,0.14558756
HGNC:23404,0.07932097
HGNC:31911,0.12703598
HGNC:30074,0.38740456
HGNC:24521,0.87680817
HGNC:23405,0.23572767
HGNC:1463,0.8946122
HGNC:24043,0.3502642
HGNC:4335,0.75854933
HGNC:15819,0.22911155
HGNC:5302,0.71323764
HGNC:17688,0.26432228
HGNC:1162,0.28240764
HGNC:245,0.84129405
HGNC:4798,0.10066259
HGNC:12660,0.8242841
HGNC:14891,0.74266946
HGNC:3289,0.52074575
HGNC:17425,0.09309363
HGNC:26285,0.06661761
HGNC:11641,0.8603469
HGNC:7107,0.3392011
HGNC:2593,0.4520315
HGNC:6057,0.41008425
HGNC:24733,0.2357592
HGNC:29346,0.099989414
HGNC:32159,0.5460131
HGNC:19321,0.4003718
HGNC:20837,0.15771925
HGNC:13312,0.2571563
HGNC:11539,0.8905445
HGNC:30025,0.9107823
HGNC:29370,0.17127621
HGNC:103,0.9337906
HGNC:13408,0.50825006
HGNC:190,0.56586623
HGNC:9992,0.813544
HGNC:21445,0.7621367
HGNC:259,0.63423336
HGNC:4167,0.54247975
HGNC:28750,0.47620893
HGNC:17789,0.61307335
HGNC:29317,0.8874469
HGNC:26317,0.23491722
HGNC:10516,0.1411426
HGNC:17893,0.8223905
HGNC:26184,0.36089224
HGNC:12523,0.15955937
HGNC:19264,0.05510187
HGNC:13006,0.17972791
HGNC:13007,0.23151898
HGNC:18646,0.404907
HGNC:17581,0.19925058
HGNC:24554,0.082621336
HGNC:2857,0.7486901
HGNC:24460,0.6388252
HGNC:19081,0.71071607
HGNC:13734,0.1020025
HGNC:1228,0.8056878
HGNC:8343,0.07276231
HGNC:11327,0.87445235
HGNC:9225,0.4775883
HGNC:9673,0.52011657
HGNC:28720,0.19012749
HGNC:13504,0.6489503
HGNC:2549,0.9484095
HGNC:26938,0.60366726
HGNC:26281,0.106096625
HGNC:23060,0.83617115
HGNC:29129,0.19248676
HGNC:26282,0.34942842
HGNC:26597,0.0893805
HGNC:29945,0.8849383
HGNC:1546,0.5478477
HGNC:1482,0.43968368
HGNC:25048,0.4659115
HGNC:8590,0.7464108
HGNC:10420,0.90486187
HGNC:29362,0.8586069
HGNC:23700,0.17473722
HGNC:7656,0.8749701
HGNC:3023,0.8332877
HGNC:30531,0.25552368
HGNC:5298,0.1799503
HGNC:7896,0.7134216
HGNC:795,0.41317368
HGNC:14235,0.5458088
HGNC:25129,0.15491384
HGNC:16225,0.18096071
HGNC:26068,0.768885
HGNC:30135,0.29122043
HGNC:4582,0.73263603
HGNC:11344,0.77153534
HGNC:16931,0.787923
HGNC:16437,0.1433838
HGNC:16210,0.11470312
HGNC:15478,0.25424004
HGNC:10972,0.30551648
HGNC:15904,0.43073845
HGNC:24552,0.20015585
HGNC:7411,0.85393643
HGNC:26944,0.44049454
HGNC:3574,0.7991556
HGNC:16527,0.102256894
HGNC:10254,0.30684078
HGNC:26666,0.62836456
HGNC:6058,0.76551485
HGNC:13187,0.07730901
HGNC:26699,0.10201663
HGNC:7317,0.14937627
HGNC:29037,0.3169409
HGNC:30098,0.91777325
HGNC:7316,0.103272915
HGNC:923,0.37849963
HGNC:13276,0.7306879
HGNC:25798,0.16595
HGNC:1925,0.43740082
HGNC:3659,0.77540433
HGNC:17474,0.5648593
HGNC:23204,0.8284552
HGNC:3496,0.12854636
HGNC:10589,0.4400227
HGNC:24272,0.58212554
HGNC:25890,0.14401102
HGNC:11553,0.55556726
HGNC:14202,0.53059447
HGNC:16236,0.20467758
HGNC:16223,0.2818954
HGNC:16137,0.10070658
HGNC:29372,0.18271405
HGNC:16158,0.1861912
HGNC:16116,0.37807167
HGNC:16165,0.22945821
HGNC:16145,0.10384065
HGNC:16130,0.06631589
HGNC:13251,0.7477983
HGNC:15887,0.8809883
HGNC:15867,0.86422455
HGNC:16143,0.5068312
HGNC:17589,0.26219726
HGNC:18054,0.14118207
HGNC:16261,0.075971425
HGNC:20316,0.37133574
HGNC:28189,0.31656522
HGNC:23151,0.65171033
HGNC:9056,0.79896235
HGNC:1176,0.312423
HGNC:16263,0.49027842
HGNC:3597,0.91557837
HGNC:11863,0.31252843
HGNC:1172,0.4384191
HGNC:11605,0.6507927
HGNC:9319,0.8595102
HGNC:414,0.6012489
HGNC:25295,0.7191093
HGNC:2985,0.6283593
HGNC:4917,0.3082335
HGNC:16835,0.85584736
HGNC:25201,0.30764878
HGNC:5009,0.8821801
HGNC:7173,0.10153437
HGNC:19701,0.9068779
HGNC:2175,0.62459874
HGNC:13342,0.12658507
HGNC:24355,0.0820325
HGNC:23729,0.77771187
HGNC:26542,0.34255075
HGNC:6153,0.8585758
HGNC:4028,0.18703341
HGNC:19021,0.03654003
HGNC:14831,0.08889854
HGNC:15294,0.06900728
HGNC:14674,0.33240402
HGNC:2499,0.27536952
HGNC:26939,0.86276513
HGNC:3613,0.2441817
HGNC:17362,0.9258644
HGNC:6352,0.5184631
HGNC:1767,0.8422027
HGNC:20328,0.26057786
HGNC:27344,0.3634926
HGNC:17192,0.18170118
HGNC:27351,0.21530223
HGNC:6515,0.8383822
HGNC:10530,0.70993024
HGNC:20974,0.8875884
HGNC:29248,0.32690918
HGNC:26413,0.23887515
HGNC:18432,0.35723662
HGNC:5028,0.47920537
HGNC:28431,0.38652396
HGNC:27018,0.37277776
HGNC:8763,0.39538157
HGNC:281,0.5039083
HGNC:4460,0.861197
HGNC:16661,0.28769517
HGNC:17333,0.13028705
HGNC:12682,0.7498475
HGNC:26295,0.13055474
HGNC:16961,0.6146693
HGNC:20675,0.26672328
HGNC:21674,0.12799823
HGNC:28535,0.15389168
HGNC:14261,0.20683485
HGNC:14370,0.46999907
HGNC:18191,0.82025826
HGNC:14940,0.28925967
HGNC:30527,0.109502554
HGNC:1618,0.9162496
HGNC:27029,0.16328847
HGNC:2987,0.74442136
HGNC:23695,0.4868207
HGNC:2896,0.41473734
HGNC:25210,0.16535413
HGNC:25569,0.56182075
HGNC:11818,0.25218403
HGNC:5986,0.5697065
HGNC:11734,0.22177666
HGNC:9689,0.26206517
HGNC:8997,0.7614455
HGNC:26324,0.16455483
HGNC:25396,0.63221025
HGNC:3819,0.9271455
HGNC:2359,0.8619484
HGNC:10706,0.5794492
HGNC:50,0.52900183
HGNC:28787,0.41332054
HGNC:17210,0.8040991
HGNC:12468,0.8130999
HGNC:6180,0.9184812
HGNC:25313,0.21174687
HGNC:34407,0.09543705
HGNC:11059,0.46897632
HGNC:14254,0.63039565
HGNC:28388,0.21408248
HGNC:23689,0.6535349
HGNC:29613,0.057118654
HGNC:20202,0.17469084
HGNC:24451,0.26112622
HGNC:1390,0.93680334
HGNC:6225,0.8250022
HGNC:11799,0.9246361
HGNC:17646,0.28649735
HGNC:26063,0.39581573
HGNC:30866,0.30809754
HGNC:26890,0.65040946
HGNC:28628,0.23836768
HGNC:28281,0.70358956
HGNC:23844,0.8657797
HGNC:13478,0.57835543
HGNC:494,0.9392886
HGNC:20739,0.83984685
HGNC:21700,0.14334553
HGNC:27283,0.31340086
HGNC:2904,0.8208983
HGNC:6903,0.58514607
HGNC:15956,0.78356385
HGNC:27482,0.6607786
HGNC:9620,0.4805869
HGNC:29150,0.9142859
HGNC:3287,0.8917683
HGNC:946,0.75757134
HGNC:25188,0.24676466
HGNC:2456,0.9135901
HGNC:26333,0.15049058
HGNC:376,0.80543715
HGNC:19311,0.8765346
HGNC:19829,0.32902074
HGNC:20427,0.3647368
HGNC:21460,0.2528413
HGNC:3513,0.47191483
HGNC:25257,0.3257786
HGNC:17377,0.09108782
HGNC:23295,0.35627204
HGNC:11800,0.15871513
HGNC:7706,0.5765625
HGNC:6985,0.37558764
HGNC:14907,0.2468965
HGNC:14605,0.45148116
HGNC:20278,0.5127925
HGNC:13386,0.844419
HGNC:18265,0.2646196
HGNC:3655,0.77415293
HGNC:20347,0.5030037
HGNC:29223,0.8001183
HGNC:17854,0.9502797
HGNC:16827,0.5834622
HGNC:26406,0.26559865
HGNC:23813,0.328125
HGNC:27025,0.28329575
HGNC:25491,0.91254437
HGNC:25319,0.1307441
HGNC:9678,0.67143965
HGNC:3420,0.7876941
HGNC:87,0.27805018
HGNC:29560,0.13068366
HGNC:28119,0.8814339
HGNC:28952,0.63049966
HGNC:17792,0.5051681
HGNC:9752,0.4375131
HGNC:23837,0.7120884
HGNC:29585,0.09372139
HGNC:25771,0.24314857
HGNC:3024,0.5754398
HGNC:18871,0.29832768
HGNC:27193,0.87484443
HGNC:9219,0.7176758
HGNC:3179,0.91021657
HGNC:7979,0.8740492
HGNC:385,0.19391608
HGNC:3016,0.5064584
HGNC:13639,0.15859509
HGNC:215,0.35406512
HGNC:6167,0.12550253
HGNC:6327,0.4920904
HGNC:8962,0.33882093
HGNC:26350,0.121797144
HGNC:6071,0.38810706
HGNC:24711,0.55707747
HGNC:20457,0.8347153
HGNC:2721,0.8527286
HGNC:195,0.83042884
HGNC:3749,0.9092845
HGNC:6255,0.18313909
HGNC:25194,0.13903087
HGNC:24148,0.5878229
HGNC:21348,0.3085578
HGNC:3569,0.6621696
HGNC:10990,0.8643554
HGNC:27281,0.66720235
HGNC:1049,0.651483
HGNC:17795,0.5285246
HGNC:26478,0.22350729
HGNC:20607,0.7093027
HGNC:15625,0.33638477
HGNC:26191,0.7951684
HGNC:11708,0.15072483
HGNC:25799,0.22301543
HGNC:19845,0.5852275
HGNC:4076,0.91448087
HGNC:10519,0.56233907
HGNC:19847,0.36741126
HGNC:8556,0.191279
HGNC:13583,0.35324943
HGNC:26139,0.21462178
HGNC:17700,0.39195418
HGNC:26124,0.74753314
HGNC:4243,0.72758234
HGNC:23727,0.84180325
HGNC:1090,0.8547069
HGNC:20871,0.4491409
HGNC:11804,0.95826024
HGNC:939,0.7156429
HGNC:26483,0.17481613
HGNC:29411,0.8608215
HGNC:28401,0.7305375
HGNC:15678,0.86347413
HGNC:20867,0.3807413
HGNC:6244,0.6041082
HGNC:18971,0.49740362
HGNC:24663,0.67468846
HGNC:25267,0.11956537
HGNC:26477,0.7294191
HGNC:25886,0.386598
HGNC:20765,0.11346489
HGNC:773,0.85500574
HGNC:27016,0.7010157
HGNC:9647,0.7466999
HGNC:7049,0.90547484
HGNC:25380,0.68386406
HGNC:26768,0.39382023
HGNC:30171,0.46645606
HGNC:20044,0.20857394
HGNC:28517,0.81266713
HGNC:9218,0.9390068
HGNC:18274,0.121905744
HGNC:4576,0.89544016
HGNC:24046,0.17298663
HGNC:10017,0.4270813
HGNC:15573,0.92836845
HGNC:26798,0.6252121
HGNC:29331,0.62192464
HGNC:9581,0.6672209
HGNC:25174,0.26925802
HGNC:28172,0.7871863
HGNC:24031,0.5491014
HGNC:28906,0.085779905
HGNC:8809,0.5332789
HGNC:9606,0.1949414
HGNC:8779,0.6237261
HGNC:11640,0.75430954
HGNC:15450,0.32726753
HGNC:30439,0.20031178
HGNC:6275,0.6257143
HGNC:19683,0.756059
HGNC:20315,0.23683262
HGNC:26658,0.26795453
HGNC:11251,0.77512467
HGNC:33716,0.1904828
HGNC:30631,0.66230947
HGNC:4684,0.7716278
HGNC:26508,0.2875235
HGNC:28916,0.8162055
HGNC:17512,0.9394974
HGNC:12831,0.24524438
HGNC:14273,0.5487655
HGNC:26432,0.26677024
HGNC:30487,0.1782772
HGNC:26765,0.38407266
HGNC:13049,0.39063656
HGNC:17287,0.8676127
HGNC:17642,0.5341102
HGNC:25625,0.08548248
HGNC:30329,0.3448441
HGNC:7858,0.7414211
HGNC:23712,0.21501815
HGNC:25164,0.146397
HGNC:20485,0.89812946
HGNC:18111,0.47199017
HGNC:1464,0.76660216
HGNC:16280,0.5704924
HGNC:1108,0.8565229
HGNC:29991,0.92053205
HGNC:30506,0.23669541
HGNC:8877,0.42405367
HGNC:30138,0.42999786
HGNC:4574,0.7493317
HGNC:26384,0.07069337
HGNC:26293,0.38950366
HGNC:11220,0.26880002
HGNC:3054,0.17008406
HGNC:2932,0.22921479
HGNC:13361,0.20260382
HGNC:6923,0.8462601
HGNC:28375,0.082570076
HGNC:26404,0.72309244
HGNC:28956,0.6426932
HGNC:4274,0.8158587
HGNC:18576,0.3391506
HGNC:18700,0.8331979
HGNC:25357,0.12895525
HGNC:19305,0.38402963
HGNC:8829,0.554513
HGNC:14545,0.66694564
HGNC:10535,0.59835213
HGNC:20819,0.17365927
HGNC:28899,0.2509396
HGNC:26882,0.2653514
HGNC:26252,0.24949205
HGNC:28321,0.12577242
HGNC:3591,0.6272445
HGNC:13328,0.39452314
HGNC:23094,0.6718116
HGNC:8598,0.6391972
HGNC:13993,0.72607756
HGNC:1070,0.56348896
HGNC:5037,0.7601676
HGNC:4901,0.75605434
HGNC:12635,0.6424082
HGNC:4593,0.7685013
HGNC:9674,0.8083788
HGNC:4249,0.7907397
HGNC:18747,0.62134707
HGNC:12897,0.16897011
HGNC:30269,0.5667202
HGNC:26683,0.1432243
HGNC:26401,0.23066735
HGNC:9807,0.6772224
HGNC:11473,0.53457266
HGNC:9082,0.5479236
HGNC:14217,0.29997957
HGNC:17881,0.29645967
HGNC:26460,0.85704863
HGNC:12872,0.9565758
HGNC:13839,0.74916124
HGNC:2299,0.08045781
HGNC:26716,0.41726708
HGNC:18710,0.57360256
HGNC:10664,0.41875494
HGNC:4975,0.09288567
HGNC:11300,0.6095898
HGNC:17268,0.24244887
HGNC:1811,0.9254789
HGNC:17150,0.21266675
HGNC:26554,0.058119357
HGNC:18233,0.259681
HGNC:28030,0.4319234
HGNC:2662,0.7390573
HGNC:19288,0.14694625
HGNC:25621,0.21873218
HGNC:994,0.7021288
HGNC:19988,0.76616323
HGNC:1515,0.34227633
HGNC:20335,0.46670574
HGNC:2060,0.3164994
HGNC:1868,0.37462544
HGNC:11101,0.9702782
HGNC:21537,0.2464422
HGNC:1073,0.69342613
HGNC:32416,0.030507445
HGNC:14271,0.38012505
HGNC:5048,0.9626125
HGNC:9848,0.9026277
HGNC:24618,0.9033721
HGNC:7027,0.45637512
HGNC:25913,0.2650293
HGNC:9680,0.5145001
HGNC:7981,0.93342346
HGNC:25191,0.059462428
HGNC:9042,0.2559809
HGNC:9907,0.75972724
HGNC:10590,0.89032173
HGNC:13506,0.94545466
HGNC:16892,0.20953405
HGNC:21065,0.5940785
HGNC:18990,0.14546287
HGNC:19011,0.16062611
HGNC:21240,0.10649109
HGNC:25216,0.91136783
HGNC:2720,0.88421667
HGNC:29169,0.9133699
HGNC:26335,0.13331759
HGNC:26994,0.3571337
HGNC:25718,0.7049136
HGNC:29399,0.08192557
HGNC:24987,0.2436223
HGNC:29576,0.89619595
HGNC:28687,0.09489131
HGNC:6062,0.69800866
HGNC:20370,0.13097483
HGNC:29575,0.08763194
HGNC:21303,0.16702306
HGNC:19178,0.63116264
HGNC:13598,0.7276747
HGNC:12507,0.9498334
HGNC:25850,0.8444371
HGNC:1706,0.2325806
HGNC:10297,0.56251794
HGNC:32378,0.24337852
HGNC:9668,0.92797625
HGNC:31452,0.37571585
HGNC:23034,0.59693027
HGNC:4650,0.8186309
HGNC:1873,0.59158677
HGNC:18459,0.60182923
HGNC:24781,0.105083466
HGNC:21722,0.21459502
HGNC:24059,0.29744077
HGNC:28917,0.86243737
HGNC:24319,0.93187994
HGNC:30619,0.7425764
HGNC:6262,0.16403115
HGNC:26084,0.47114325
HGNC:12306,0.9703814
HGNC:27020,0.26848567
HGNC:1837,0.60158086
HGNC:23297,0.6349338
HGNC:26408,0.31188655
HGNC:13357,0.29904377
HGNC:18712,0.5252384
HGNC:2715,0.59917283
HGNC:17882,0.8218508
HGNC:1915,0.8915781
HGNC:26766,0.42072427
HGNC:2852,0.5305918
HGNC:5193,0.8004423
HGNC:18585,0.8824264
HGNC:1399,0.8484761
HGNC:5196,0.41253614
HGNC:20883,0.6086528
HGNC:21042,0.89637756
HGNC:10726,0.52225316
HGNC:9313,0.9759059
HGNC:19769,0.05732757
HGNC:4562,0.43457162
HGNC:23155,0.14487815
HGNC:365,0.67422533
HGNC:15569,0.22854066
HGNC:20387,0.26432478
HGNC:27110,0.2484175
HGNC:20957,0.3258847
HGNC:19898,0.2587049
HGNC:11801,0.6015853
HGNC:30539,0.3666309
HGNC:23362,0.4917376
HGNC:28115,0.8755492
HGNC:14203,0.8869008
HGNC:15492,0.8144955
HGNC:25118,0.7411363
HGNC:29884,0.6194915
HGNC:17985,0.3037786
HGNC:13433,0.4825083
HGNC:20573,0.20694506
HGNC:29551,0.33014518
HGNC:8000,0.6912005
HGNC:25964,0.48412228
HGNC:1751,0.6000588
HGNC:4469,0.15630382
HGNC:11985,0.8700012
HGNC:17265,0.55211616
HGNC:484,0.8176096
HGNC:21045,0.9181672
HGNC:29386,0.2308619
HGNC:23752,0.56819355
HGNC:9393,0.8087635
HGNC:18608,0.6364373
HGNC:28514,0.11239445
HGNC:24869,0.0836274
HGNC:39,0.15161371
HGNC:36,0.24161708
HGNC:30,0.16084445
HGNC:35,0.29813218
HGNC:3358,0.18703127
HGNC:25618,0.26508307
HGNC:12513,0.87158763
HGNC:24008,0.7252234
HGNC:19711,0.58151907
HGNC:30765,0.88754004
HGNC:15549,0.1248166
HGNC:18956,0.20223081
HGNC:8908,0.5497182
HGNC:15983,0.85228014
HGNC:15719,0.19230592
HGNC:26302,0.81809837
HGNC:16281,0.8217597
HGNC:18271,0.91028893
HGNC:9291,0.20992172
HGNC:29578,0.6778131
HGNC:1350,0.13412738
HGNC:17650,0.69997424
HGNC:19895,0.25054073
HGNC:1151,0.838115
HGNC:4481,0.79741776
HGNC:14357,0.17587292
HGNC:26563,0.13115919
HGNC:32213,0.8113403
HGNC:843,0.7595062
HGNC:32035,0.045939088
HGNC:23793,0.22919607
HGNC:21220,0.6091539
HGNC:20767,0.2514643
HGNC:24098,0.6964503
HGNC:11617,0.9307331
HGNC:17156,0.22896874
HGNC:22985,0.29713959
HGNC:11882,0.5394635
HGNC:2559,0.72541565
HGNC:1132,0.87159306
HGNC:16459,0.48843992
HGNC:17807,0.20040756
HGNC:9490,0.08758432
HGNC:7657,0.7624316
HGNC:26677,0.35677922
HGNC:8776,0.5510832
HGNC:17676,0.6100118
HGNC:14027,0.33958107
HGNC:14686,0.57715213
HGNC:4071,0.9342047
HGNC:217,0.74831676
HGNC:221,0.52320844
HGNC:28422,0.20730811
HGNC:26481,0.15552962
HGNC:12786,0.76008546
HGNC:12816,0.38474077
HGNC:28033,0.36212385
HGNC:19117,0.8902603
HGNC:27310,0.7446353
HGNC:27717,0.3928597
HGNC:25128,0.21823257
HGNC:9064,0.94350183
HGNC:24343,0.8253747
HGNC:28109,0.3271379
HGNC:9320,0.84560585
HGNC:15718,0.6408382
HGNC:26270,0.70496166
HGNC:15988,0.21048355
HGNC:20072,0.73115057
HGNC:14902,0.912259
HGNC:24965,0.13618219
HGNC:3392,0.84729934
HGNC:16091,0.5423231
HGNC:28233,0.73802644
HGNC:12969,0.4177401
HGNC:1369,0.7853471
HGNC:34518,0.4587543
HGNC:33280,0.14185607
HGNC:24009,0.48698473
HGNC:2892,0.759593
HGNC:20582,0.43311834
HGNC:27362,0.13955939
HGNC:21874,0.5075654
HGNC:18748,0.7968862
HGNC:20685,0.30215037
HGNC:33814,0.38750923
HGNC:8113,0.79092103
HGNC:11810,0.73938656
HGNC:9677,0.5577462
HGNC:16432,0.89672387
HGNC:856,0.65029967
HGNC:25452,0.56251013
HGNC:24281,0.31457996
HGNC:19338,0.93946755
HGNC:20872,0.27462143
HGNC:23704,0.26198906
HGNC:20886,0.489403
HGNC:13824,0.7134422
HGNC:14726,0.05587852
HGNC:30031,0.83247215
HGNC:28674,0.68691313
HGNC:26559,0.3514468
HGNC:31668,0.55400074
HGNC:4528,0.09414172
HGNC:26653,0.102641225
HGNC:23472,0.92369854
HGNC:11375,0.6775251
HGNC:10528,0.21684664
HGNC:12624,0.7807007
HGNC:24911,0.28268546
HGNC:25954,0.38348174
HGNC:33754,0.63335425
HGNC:7200,0.7857808
HGNC:669,0.8701652
HGNC:20785,0.27849388
HGNC:2690,0.24651599
HGNC:10922,0.6231034
HGNC:26087,0.48537123
HGNC:17453,0.31231844
HGNC:17838,0.2934577
HGNC:8526,0.26085258
HGNC:11065,0.42433727
HGNC:6812,0.11698395
HGNC:29531,0.91831255
HGNC:9207,0.79999983
HGNC:4571,0.8756746
HGNC:21964,0.23241055
HGNC:28508,0.31845212
HGNC:26678,0.89509135
HGNC:18658,0.8113096
HGNC:25677,0.58831555
HGNC:28784,0.2462591
HGNC:30034,0.9143946
HGNC:24468,0.37239408
HGNC:29503,0.890743
HGNC:12403,0.6696524
HGNC:17032,0.18452573
HGNC:30167,0.6271599
HGNC:25840,0.38410372
HGNC:28740,0.24796093
HGNC:16378,0.2856213
HGNC:26446,0.16993475
HGNC:28593,0.7197326
HGNC:14439,0.07944119
HGNC:14432,0.22064275
HGNC:4045,0.71872747
HGNC:26620,0.4444151
HGNC:22953,0.15799123
HGNC:14074,0.80421644
HGNC:10062,0.58405185
HGNC:2583,0.07200754
HGNC:30022,0.7205857
HGNC:16286,0.80995786
HGNC:10994,0.2971846
HGNC:30860,0.6623688
HGNC:2378,0.59236234
HGNC:16963,0.923863
HGNC:10976,0.7002076
HGNC:19014,0.12110293
HGNC:26303,0.5476877
HGNC:239,0.63918495
HGNC:9872,0.3056332
HGNC:21176,0.38812768
HGNC:16798,0.08655441
HGNC:10902,0.732363
HGNC:24257,0.40385056
HGNC:12662,0.91549766
HGNC:16499,0.9186857
HGNC:2063,0.6818645
HGNC:3776,0.83907664
HGNC:27820,0.42251557
HGNC:18708,0.7645242
HGNC:24928,0.60405207
HGNC:6323,0.863019
HGNC:7646,0.119315624
HGNC:19093,0.6856562
HGNC:23435,0.688709
HGNC:23526,0.86203706
HGNC:30726,0.60176086
HGNC:4382,0.13259614
HGNC:19854,0.17929417
HGNC:4390,0.93405807
HGNC:18081,0.26378888
HGNC:12553,0.1438052
HGNC:13300,0.7833789
HGNC:7162,0.87952906
HGNC:257,0.59994614
HGNC:6284,0.83844686
HGNC:958,0.88239783
HGNC:2704,0.45400143
HGNC:219,0.5516879
HGNC:449,0.6101776
HGNC:27829,0.19351959
HGNC:28625,0.29196846
HGNC:28769,0.47164077
HGNC:27232,0.22049993
HGNC:9244,0.18514228
HGNC:26782,0.28466463
HGNC:14633,0.45989984
HGNC:725,0.14840049
HGNC:11001,0.123137176
HGNC:30493,0.22286332
HGNC:10639,0.4984175
HGNC:1302,0.21980399
HGNC:12614,0.44935358
HGNC:1623,0.76168543
HGNC:16457,0.2535622
HGNC:28125,0.22272205
HGNC:935,0.72931385
HGNC:2038,0.16039056
HGNC:2050,0.24965554
HGNC:11854,0.7817912
HGNC:11805,0.78747845
HGNC:19304,0.94352555
HGNC:10295,0.8950421
HGNC:21420,0.11086166
HGNC:21156,0.4942934
HGNC:20096,0.44820523
HGNC:29574,0.16050756
HGNC:16699,0.66980296
HGNC:16086,0.4464131
HGNC:20122,0.45833915
HGNC:3674,0.9148664
HGNC:8655,0.86615753
HGNC:26299,0.17368579
HGNC:4221,0.8652102
HGNC:12582,0.46031475
HGNC:24258,0.2561217
HGNC:9587,0.7453699
HGNC:9305,0.8657738
HGNC:10333,0.9601448
HGNC:6301,0.6979142
HGNC:25202,0.15891105
HGNC:11471,0.68523175
HGNC:30490,0.8059507
HGNC:3189,0.9373845
HGNC:28521,0.3896882
HGNC:23302,0.2518375
HGNC:4922,0.8185116
HGNC:28531,0.31056118
HGNC:18145,0.96389425
HGNC:21685,0.0782724
HGNC:21226,0.70481503
HGNC:7865,0.83423054
HGNC:9363,0.092846334
HGNC:12490,0.4384886
HGNC:18472,0.95412487
HGNC:29600,0.8204658
HGNC:18019,0.8594023
HGNC:17867,0.9086326
HGNC:17582,0.9325195
HGNC:26320,0.74044365
HGNC:30265,0.38305992
HGNC:18634,0.7965532
HGNC:24178,0.097097754
HGNC:10665,0.9102921
HGNC:8768,0.9060624
HGNC:6875,0.31265128
HGNC:940,0.5040094
HGNC:7315,0.33241737
HGNC:30888,0.28560305
HGNC:30123,0.7996987
HGNC:16731,0.8718878
HGNC:26513,0.5355803
HGNC:25173,0.70888096
HGNC:28458,0.68268096
HGNC:20442,0.9134083
HGNC:27622,0.3161732
HGNC:8931,0.57920766
HGNC:25403,0.48883545
HGNC:2279,0.24881023
HGNC:6146,0.21331096
HGNC:18992,0.10585374
HGNC:12874,0.93607
HGNC:21721,0.15158045
HGNC:29122,0.6329367
HGNC:4119,0.17461014
HGNC:6589,0.84758574
HGNC:18811,0.762188
HGNC:26827,0.15786636
HGNC:1149,0.56438565
HGNC:8788,0.75054246
HGNC:3284,0.9590337
HGNC:14255,0.9082073
HGNC:28437,0.31564987
HGNC:11329,0.69664615
HGNC:28988,0.4488684
HGNC:18129,0.07610345
HGNC:10697,0.6114239
HGNC:3347,0.14785916
HGNC:29909,0.31000805
HGNC:16788,0.08378035
HGNC:16789,0.8537871
HGNC:6775,0.7884049
HGNC:815,0.92354906
HGNC:28387,0.23428094
HGNC:11042,0.9339698
HGNC:30045,0.9672336
HGNC:25180,0.8524494
HGNC:19097,0.873574
HGNC:27031,0.14907873
HGNC:30372,0.2955926
HGNC:1352,0.14075243
HGNC:11823,0.30515087
HGNC:7997,0.8511538
HGNC:24299,0.39797163
HGNC:2330,0.30082268
HGNC:25528,0.23146981
HGNC:6700,0.8595073
HGNC:27297,0.08704257
HGNC:8624,0.9497576
HGNC:17885,0.39574766
HGNC:15674,0.93162304
HGNC:5300,0.4334756
HGNC:2034,0.65860856
HGNC:7160,0.8619072
HGNC:4038,0.7169339
HGNC:29941,0.7268577
HGNC:28391,0.4240427
HGNC:28331,0.1625104
HGNC:30388,0.13097978
HGNC:16985,0.18407571
HGNC:28567,0.1166994
HGNC:28538,0.100344
HGNC:21099,0.26343572
HGNC:2742,0.5429674
HGNC:10863,0.84381115
HGNC:29500,0.21779048
HGNC:28529,0.64593923
HGNC:16445,0.14221525
HGNC:1391,0.8725398
HGNC:6342,0.82173985
HGNC:19368,0.5621841
HGNC:23993,0.36072987
HGNC:12981,0.27988464
HGNC:15460,0.7646897
HGNC:17384,0.8704001
HGNC:1580,0.28235638
HGNC:28379,0.751017
HGNC:7599,0.7104919
HGNC:24035,0.74060595
HGNC:26583,0.6590607
HGNC:26714,0.3016758
HGNC:3051,0.77884716
HGNC:3044,0.4496466
HGNC:3091,0.93175673
HGNC:6267,0.880988
HGNC:6261,0.6216817
HGNC:3446,0.86951894
HGNC:3489,0.9158964
HGNC:20660,0.57130945
HGNC:1255,0.22402948
HGNC:16872,0.60590845
HGNC:26217,0.92843413
HGNC:7532,0.25703704
HGNC:18856,0.81254226
HGNC:1266,0.4873141
HGNC:30681,0.76759326
HGNC:28237,0.32294488
HGNC:23570,0.20303571
HGNC:33529,0.5894288
HGNC:29416,0.8665329
HGNC:2855,0.80441153
HGNC:24513,0.2718528
HGNC:27034,0.23070991
HGNC:16315,0.34021032
HGNC:21931,0.87176543
HGNC:1097,0.8945689
HGNC:11020,0.3191809
HGNC:319,0.85490894
HGNC:22420,0.6909566
HGNC:1384,0.8010597
HGNC:18340,0.5604001
HGNC:20651,0.29688525
HGNC:571,0.3424102
HGNC:18267,0.82086176
HGNC:30424,0.9516728
HGNC:20637,0.9169482
HGNC:24245,0.15051347
HGNC:9768,0.5051328
HGNC:11912,0.7348339
HGNC:19366,0.8132206
HGNC:33703,0.10280985
HGNC:29635,0.13546854
HGNC:25719,0.22899503
HGNC:8851,0.42445695
HGNC:30309,0.8089024
HGNC:22226,0.14874089
HGNC:10896,0.92741495
HGNC:32225,0.69750595
HGNC:18640,0.2861809
HGNC:16922,0.84667176
HGNC:28943,0.18371391
HGNC:22467,0.351031
HGNC:8579,0.1897515
HGNC:3515,0.2535435
HGNC:11013,0.58042526
HGNC:1106,0.75593185
HGNC:16007,0.11824262
HGNC:28506,0.40031922
HGNC:14053,0.3962912
HGNC:3068,0.29916322
HGNC:25839,0.86696094
HGNC:30600,0.2089346
HGNC:22939,0.07896757
HGNC:30184,0.5151043
HGNC:22946,0.23700881
HGNC:7664,0.6237798
HGNC:5147,0.575798
HGNC:19973,0.21447712
HGNC:27007,0.27412665
HGNC:28562,0.11535543
HGNC:12805,0.26838654
HGNC:25508,0.29202187
HGNC:105,0.5583042
HGNC:3521,0.83148783
HGNC:26551,0.11473107
HGNC:30744,0.283419
HGNC:3584,0.31386054
HGNC:7227,0.9190443
HGNC:12733,0.8554925
HGNC:18718,0.27241743
HGNC:24295,0.19270134
HGNC:18703,0.22793412
HGNC:28273,0.573491
HGNC:17448,0.56624687
HGNC:16016,0.7914003
HGNC:32947,0.2813416
HGNC:2555,0.97409564
HGNC:23618,0.25255108
HGNC:14430,0.42608368
HGNC:25169,0.85344064
HGNC:16083,0.17562169
HGNC:14262,0.8281092
HGNC:29215,0.8618101
HGNC:1727,0.13783133
HGNC:25207,0.37931466
HGNC:30793,0.84699315
HGNC:26537,0.74099344
HGNC:28612,0.57434374
HGNC:25062,0.16486484
HGNC:25217,0.7917008
HGNC:6231,0.9526851
HGNC:28743,0.48843086
HGNC:7998,0.85823035
HGNC:22204,0.8405385
HGNC:928,0.94585377
HGNC:1637,0.28522646
HGNC:1634,0.10491121
HGNC:14681,0.83162344
HGNC:1636,0.25909245
HGNC:1635,0.19048548
HGNC:2949,0.28970355
HGNC:1638,0.087421656
HGNC:29677,0.081026554
HGNC:2297,0.10478866
HGNC:7660,0.22097456
HGNC:15722,0.34746283
HGNC:25455,0.83635175
HGNC:14946,0.6475097
HGNC:25091,0.9266723
HGNC:25206,0.43976474
HGNC:13973,0.2257241
HGNC:28804,0.6417335
HGNC:2963,0.5730505
HGNC:8872,0.38024104
HGNC:397,0.9182758
HGNC:22301,0.6908873
HGNC:14951,0.6021459
HGNC:2237,0.5721093
HGNC:18071,0.91350347
HGNC:29992,0.47544986
HGNC:20880,0.75616926
HGNC:18053,0.35273552
HGNC:13172,0.48579055
HGNC:11554,0.65293837
HGNC:3326,0.60677636
HGNC:21391,0.21546263
HGNC:8642,0.57804406
HGNC:21480,0.36018217
HGNC:28856,0.76556164
HGNC:7650,0.3001423
HGNC:5301,0.3066882
HGNC:20599,0.15219808
HGNC:14685,0.43346298
HGNC:12593,0.7623458
HGNC:30040,0.088505745
HGNC:28393,0.5549904
HGNC:7828,0.26957
HGNC:2755,0.90947175
HGNC:23330,0.5590706
HGNC:7930,0.2893442
HGNC:3157,0.8919441
HGNC:3673,0.8946775
HGNC:26538,0.15979469
HGNC:1712,0.2969085
HGNC:14581,0.25026023
HGNC:926,0.66955507
HGNC:3382,0.8065195
HGNC:220,0.5335169
HGNC:7708,0.69246125
HGNC:23091,0.20409644
HGNC:3611,0.6908433
HGNC:601,0.37854528
HGNC:25756,0.774729
HGNC:7225,0.7671886
HGNC:16163,0.09999561
HGNC:23360,0.8009153
HGNC:12779,0.69937056
HGNC:29314,0.5984664
HGNC:18547,0.8939795
HGNC:20655,0.7921666
HGNC:3377,0.62688637
HGNC:1286,0.34200191
HGNC:23161,0.38144696
HGNC:13613,0.11413002
HGNC:11503,0.7572169
HGNC:13579,0.8901616
HGNC:5433,0.3526575
HGNC:14055,0.4010105
HGNC:5440,0.8087762
HGNC:4163,0.6674516
HGNC:11183,0.9246613
HGNC:2993,0.3123786
HGNC:20566,0.75582534
HGNC:6472,0.1422981
HGNC:11373,0.78550756
HGNC:11945,0.5292196
HGNC:2469,0.3272618
HGNC:30591,0.1595959
HGNC:5112,0.34364533
HGNC:1245,0.5419742
HGNC:6242,0.23792541
HGNC:3040,0.60007954
HGNC:25847,0.89451504
HGNC:25200,0.7359759
HGNC:17028,0.5847118
HGNC:2065,0.25889432
HGNC:28688,0.24022824
HGNC:10471,0.79979163
HGNC:28866,0.9079881
HGNC:4270,0.28509867
HGNC:1548,0.2120117
HGNC:1549,0.16037846
HGNC:34350,0.63790995
HGNC:19154,0.85055125
HGNC:143,0.8988733
HGNC:23572,0.8781553
HGNC:1911,0.7456385
HGNC:2035,0.2005229
HGNC:10883,0.69217235
HGNC:4976,0.38976884
HGNC:13567,0.07586837
HGNC:13441,0.77272886
HGNC:31813,0.64086366
HGNC:25250,0.57223463
HGNC:9629,0.68667614
HGNC:30038,0.2077167
HGNC:18368,0.11621022
HGNC:24040,0.79905176
HGNC:13397,0.2692603
HGNC:9561,0.95805734
HGNC:30213,0.5771123
HGNC:25183,0.14603508
HGNC:9541,0.6590094
HGNC:14675,0.1717124
HGNC:1131,0.72002494
HGNC:26459,0.052463114
HGNC:4923,0.71903664
HGNC:1246,0.7488805
HGNC:11967,0.84168756
HGNC:406,0.46307302
HGNC:19162,0.4622439
HGNC:17947,0.18038881
HGNC:11791,0.18847525
HGNC:16610,0.11056256
HGNC:16808,0.7426281
HGNC:463,0.6109837
HGNC:19971,0.43563437
HGNC:30790,0.11379087
HGNC:30014,0.18091744
HGNC:18524,0.75246155
HGNC:29420,0.9248838
HGNC:26574,0.08579773
HGNC:28843,0.6268579
HGNC:621,0.38250256
HGNC:28035,0.29950202
HGNC:19010,0.5969031
HGNC:25289,0.26566803
HGNC:2707,0.15510118
HGNC:33745,0.22437108
HGNC:26444,0.20499313
HGNC:29051,0.36385226
HGNC:11253,0.09879023
HGNC:28184,0.18498898
HGNC:2494,0.9135519
HGNC:25615,0.26295084
HGNC:24162,0.6911431
HGNC:17916,0.24021477
HGNC:13724,0.9138109
HGNC:330,0.25825518
HGNC:29334,0.70410264
HGNC:27089,0.5851654
HGNC:33755,0.32959366
HGNC:8993,0.119534016
HGNC:22202,0.83872616
HGNC:9994,0.5519853
HGNC:9529,0.7829485
HGNC:13200,0.32003307
HGNC:81,0.8358696
HGNC:26397,0.26537025
HGNC:26599,0.5333279
HGNC:13024,0.22622085
HGNC:28465,0.24920899
HGNC:13015,0.29473466
HGNC:7944,0.6990464
HGNC:13014,0.24646133
HGNC:30946,0.24324971
HGNC:12866,0.39209634
HGNC:23657,0.36343277
HGNC:17755,0.38576996
HGNC:8284,0.08658469
HGNC:4591,0.9883881
HGNC:9602,0.22633147
HGNC:1449,0.9752959
HGNC:2772,0.32574534
HGNC:28163,0.19780493
HGNC:25545,0.185125
HGNC:28837,0.1589098
HGNC:25501,0.6083975
HGNC:24172,0.6601638
HGNC:24007,0.09004122
HGNC:25016,0.9318547
HGNC:19268,0.858181
HGNC:18079,0.91024137
HGNC:20240,0.67774063
HGNC:23228,0.42233872
HGNC:7977,0.78886884
HGNC:26812,0.18484086
HGNC:31136,0.5182113
HGNC:22082,0.790558
HGNC:4814,0.89535487
HGNC:24213,0.38442445
HGNC:73,0.74186724
HGNC:11757,0.28221107
HGNC:11756,0.17788184
HGNC:11755,0.13136864
HGNC:11877,0.22467798
HGNC:12462,0.28535283
HGNC:12371,0.31664878
HGNC:11024,0.6032864
HGNC:8795,0.67197
HGNC:12756,0.19518799
HGNC:7719,0.10746944
HGNC:9022,0.8715406
HGNC:1550,0.5740915
HGNC:12453,0.9716323
HGNC:2388,0.5989219
HGNC:5226,0.12054336
HGNC:23818,0.43072093
HGNC:8819,0.7844708
HGNC:4057,0.87629664
HGNC:2482,0.31150156
HGNC:18785,0.4297573
HGNC:326,0.9344499
HGNC:11868,0.87146574
HGNC:17515,0.78094023
HGNC:17087,0.47181356
HGNC:360,0.33844006
HGNC:1260,0.20142353
HGNC:13135,0.5238554
HGNC:14965,0.32297957
HGNC:6155,0.465209
HGNC:9842,0.79073226
HGNC:3974,0.12593925
HGNC:1298,0.18280119
HGNC:6708,0.5514127
HGNC:12658,0.6624873
HGNC:6946,0.62488717
HGNC:1300,0.14491254
HGNC:16068,0.29673028
HGNC:17217,0.7513389
HGNC:10500,0.40750813
HGNC:5186,0.63890874
HGNC:28511,0.17728877
HGNC:12999,0.12966079
HGNC:1366,0.50369644
HGNC:1365,0.25586933
HGNC:11011,0.3752036
HGNC:3624,0.11291063
HGNC:28435,0.21044332
HGNC:6525,0.07822633
HGNC:27124,0.20281553
HGNC:17858,0.52094364
HGNC:26723,0.633981
HGNC:19007,0.486322
HGNC:27843,0.1696071
HGNC:11996,0.40374833
HGNC:23364,0.58829343
HGNC:19214,0.5426363
HGNC:19978,0.15429968
HGNC:30960,0.92056704
HGNC:19159,0.3134768
HGNC:17999,0.31426322
HGNC:14896,0.86125064
HGNC:18994,0.89727473
HGNC:24380,0.2054106
HGNC:29632,0.34186912
HGNC:22943,0.40897888
HGNC:29259,0.8634732
HGNC:2377,0.5056945
HGNC:24450,0.63925874
HGNC:29165,0.9288136
HGNC:27279,0.100001454
HGNC:19084,0.46717083
HGNC:13387,0.51810557
HGNC:25177,0.41773093
HGNC:8748,0.6757324
HGNC:10520,0.925597
HGNC:1675,0.3249898
HGNC:10486,0.29249203
HGNC:24511,0.8263179
HGNC:1060,0.77488935
HGNC:18668,0.8233998
HGNC:24671,0.51845765
HGNC:10840,0.6580087
HGNC:14583,0.6155514
HGNC:29890,0.16066325
HGNC:225,0.7496826
HGNC:6019,0.45755816
HGNC:15698,0.94680095
HGNC:1962,0.59366894
HGNC:27301,0.8571868
HGNC:25519,0.2615316
HGNC:3631,0.58391154
HGNC:17153,0.7645034
HGNC:30132,0.19613886
HGNC:9112,0.16325355
HGNC:29036,0.61401176
HGNC:6636,0.8974807
HGNC:1606,0.094809294
HGNC:31928,0.74737984
HGNC:28332,0.6014408
HGNC:9608,0.76764953
HGNC:1237,0.85323715
HGNC:7584,0.56759804
HGNC:28320,0.23454022
HGNC:25982,0.3359732
HGNC:26556,0.2922243
HGNC:18506,0.08063269
HGNC:910,0.18255752
HGNC:3691,0.40192813
HGNC:2637,0.18820846
HGNC:2640,0.128232
HGNC:20967,0.94616663
HGNC:2591,0.17964643
HGNC:4925,0.13757986
HGNC:24225,0.15804708
HGNC:28871,0.6580009
HGNC:18832,0.3584472
HGNC:2327,0.8145882
HGNC:6727,0.42760974
HGNC:18178,0.68536353
HGNC:7801,0.42348206
HGNC:9593,0.36079645
HGNC:9949,0.17806572
HGNC:20419,0.54546046
HGNC:15624,0.25483382
HGNC:18038,0.34639812
HGNC:14941,0.48337996
HGNC:3814,0.5311393
HGNC:21667,0.7462207
HGNC:21900,0.40285367
HGNC:26866,0.1587627
HGNC:17381,0.45553666
HGNC:30817,0.22274393
HGNC:11280,0.46635354
HGNC:7048,0.77569234
HGNC:10368,0.93594277
HGNC:13632,0.88644445
HGNC:30013,0.14235824
HGNC:21769,0.104255915
HGNC:21658,0.24778831
HGNC:21683,0.3415326
HGNC:18384,0.24948132
HGNC:9548,0.97129655
HGNC:14058,0.93248445
HGNC:28299,0.10170746
HGNC:20070,0.2668575
HGNC:27158,0.41236544
HGNC:26688,0.25744325
HGNC:3087,0.7678214
HGNC:564,0.95916957
HGNC:72,0.6295831
HGNC:8754,0.5960736
HGNC:18753,0.14754945
HGNC:25063,0.23128462
HGNC:23020,0.1759522
HGNC:1027,0.25948524
HGNC:7908,0.4558499
HGNC:23191,0.16060007
HGNC:2287,0.20852113
HGNC:17409,0.6758102
HGNC:25430,0.18918908
HGNC:20945,0.3806659
HGNC:23719,0.40888602
HGNC:13178,0.8554656
HGNC:4587,0.54071844
HGNC:3642,0.43426365
HGNC:30785,0.6049877
HGNC:119,0.7448252
HGNC:9466,0.43181372
HGNC:16505,0.61861145
HGNC:10783,0.9111054
HGNC:28673,0.25891328
HGNC:25603,0.13170666
HGNC:18829,0.86900914
HGNC:26520,0.37978804
HGNC:4847,0.2569307
HGNC:28114,0.18070054
HGNC:14669,0.0709002
HGNC:6141,0.7708346
HGNC:15622,0.05346155
HGNC:17521,0.74379444
HGNC:30455,0.2450732
HGNC:28518,0.1180501
HGNC:17996,0.400159
HGNC:26407,0.9072203
HGNC:19768,0.07980567
HGNC:27609,0.14233732
HGNC:28853,0.46088254
HGNC:15474,0.88572705
HGNC:30480,0.7103696
HGNC:17883,0.18101811
HGNC:9061,0.48281896
HGNC:23698,0.76873636
HGNC:638,0.35190767
HGNC:9804,0.6870513
HGNC:24320,0.7890071
HGNC:18707,0.800087
HGNC:30296,0.7968483
HGNC:6461,0.14868844
HGNC:6459,0.07409513
HGNC:27411,0.58499575
HGNC:26913,0.35931134
HGNC:17269,0.19931227
HGNC:21244,0.7393516
HGNC:433,0.11591411
HGNC:20434,0.10461819
HGNC:25196,0.6373258
HGNC:32687,0.22624576
HGNC:16642,0.3264253
HGNC:33504,0.23744261
HGNC:44419,0.49455512
HGNC:1002,0.68558925
HGNC:743,0.1655209
HGNC:11928,0.71115065
HGNC:17862,0.7807597
HGNC:3667,0.37596798
HGNC:3282,0.98197997
HGNC:10327,0.8958477
HGNC:26528,0.2689252
HGNC:14121,0.41699737
HGNC:14161,0.4700418
HGNC:14139,0.41121536
HGNC:26960,0.058172464
HGNC:14148,0.12381852
HGNC:14153,0.055089712
HGNC:14170,0.16687357
HGNC:11334,0.33678257
HGNC:30629,0.6508423
HGNC:28569,0.19071245
HGNC:14178,0.37282372
HGNC:25849,0.13531888
HGNC:1591,0.7230861
HGNC:29203,0.52650255
HGNC:24262,0.58790946
HGNC:8030,0.27143288
HGNC:33584,0.22126669
HGNC:26386,0.29193676
HGNC:25178,0.61737883
HGNC:30456,0.14252937
HGNC:13146,0.42168224
HGNC:240,0.82328844
HGNC:14295,0.6623467
HGNC:30664,0.5963602
HGNC:7760,0.18810809
HGNC:23014,0.47000295
HGNC:16448,0.27264345
HGNC:4405,0.85230964
HGNC:18402,0.77787393
HGNC:28351,0.24872196
HGNC:28432,0.38767815
HGNC:17305,0.6324292
HGNC:8071,0.8208212
HGNC:11440,0.7404896
HGNC:27442,0.22210503
HGNC:10331,0.69803935
HGNC:6168,0.19828743
HGNC:20738,0.9194171
HGNC:12868,0.4407053
HGNC:10433,0.8537599
HGNC:6697,0.7642885
HGNC:20820,0.4304905
HGNC:3675,0.5535382
HGNC:20575,0.029842257
HGNC:16887,0.3274927
HGNC:11556,0.80729187
HGNC:18170,0.8347473
HGNC:25668,0.6750411
HGNC:3315,0.86284375
HGNC:25716,0.43890178
HGNC:25820,0.8711946
HGNC:10945,0.14278746
HGNC:26059,0.30864537
HGNC:6815,0.9264152
HGNC:18156,0.18628305
HGNC:25032,0.07026571
HGNC:30563,0.34214634
HGNC:16512,0.11342198
HGNC:12623,0.895012
HGNC:9229,0.8410427
HGNC:26265,0.66730237
HGNC:9377,0.5339358
HGNC:29041,0.5450565
HGNC:29299,0.7302172
HGNC:4370,0.88723135
HGNC:17939,0.5844198
HGNC:363,0.73714435
HGNC:6190,0.88133097
HGNC:25577,0.41926634
HGNC:2523,0.09325725
HGNC:17497,0.5024967
HGNC:30316,0.71878505
HGNC:26488,0.11923826
HGNC:24686,0.27150464
HGNC:32350,0.1466496
HGNC:27653,0.192132
HGNC:390,0.06428182
HGNC:25054,0.296314
HGNC:29602,0.25181103
HGNC:27005,0.43035603
HGNC:17693,0.78786075
HGNC:6907,0.35651422
HGNC:29612,0.6647256
HGNC:10660,0.5248299
HGNC:30009,0.41463244
HGNC:28897,0.39646327
HGNC:9887,0.93375707
HGNC:29301,0.55769217
HGNC:15473,0.37339383
HGNC:27393,0.12286508
HGNC:26354,0.3907869
HGNC:24190,0.7994815
HGNC:438,0.5303384
HGNC:12783,0.80381525
HGNC:26693,0.18299103
HGNC:10601,0.05179113
HGNC:7542,0.3131082
HGNC:26428,0.2625066
HGNC:3232,0.2527231
HGNC:26546,0.072089195
HGNC:19100,0.57149106
HGNC:28547,0.08012432
HGNC:7784,0.91523886
HGNC:29661,0.2174691
HGNC:29401,0.68554014
HGNC:24142,0.4238621
HGNC:12607,0.8649266
HGNC:4004,0.94430923
HGNC:29557,0.366417
HGNC:14886,0.6193827
HGNC:20822,0.26777482
HGNC:28318,0.12511504
HGNC:25255,0.2077303
HGNC:24757,0.24953258
HGNC:28838,0.81456745
HGNC:14971,0.41877216
HGNC:917,0.82380766
HGNC:23319,0.85188764
HGNC:27637,0.59912485
HGNC:26400,0.14040905
HGNC:28398,0.09012467
HGNC:24871,0.3556707
HGNC:30711,0.41871977
HGNC:4183,0.30225742
HGNC:28713,0.7192672
HGNC:20480,0.22107124
HGNC:14104,0.81255496
HGNC:20193,0.24932641
HGNC:22393,0.7289114
HGNC:4237,0.7898148
HGNC:18866,0.76782805
HGNC:321,0.3377006
HGNC:12663,0.7605381
HGNC:3516,0.43269897
HGNC:19306,0.36650145
HGNC:13075,0.90676904
HGNC:708,0.92632604
HGNC:17601,0.83404446
HGNC:16400,0.66555196
HGNC:23713,0.8421221
HGNC:24150,0.15136486
HGNC:18430,0.2093606
HGNC:6270,0.8210658
HGNC:17813,0.3319317
HGNC:2731,0.78232384
HGNC:8822,0.94693047
HGNC:9713,0.306072
HGNC:17091,0.877724
HGNC:15511,0.8291762
HGNC:21392,0.5716461
HGNC:24558,0.23267221
HGNC:26431,0.10493708
HGNC:3620,0.059545755
HGNC:28664,0.6333512
HGNC:28489,0.16237664
HGNC:26319,0.41315526
HGNC:6653,0.88833225
HGNC:32156,0.20136046
HGNC:24682,0.57609516
HGNC:785,0.74478114
HGNC:14959,0.8650006
HGNC:26192,0.63013875
HGNC:26564,0.15906179
HGNC:20614,0.8057797
HGNC:5393,0.7318682
HGNC:24696,0.7713796
HGNC:1096,0.48511994
HGNC:25184,0.3406431
HGNC:25873,0.34104216
HGNC:26512,0.36654305
HGNC:31990,0.105481446
HGNC:29609,0.15831852
HGNC:26570,0.17847621
HGNC:25484,0.8522173
HGNC:18559,0.34967518
HGNC:26486,0.51440364
HGNC:30595,0.44556022
HGNC:25573,0.3067702
HGNC:26518,0.100694835
HGNC:25123,0.41685367
HGNC:24884,0.08983958
HGNC:4796,0.28763986
HGNC:28596,0.49375403
HGNC:32061,0.37290746
HGNC:6887,0.9399144
HGNC:6002,0.12750661
HGNC:11346,0.16670352
HGNC:14315,0.33661997
HGNC:8968,0.73988783
HGNC:24692,0.18297625
HGNC:1479,0.27281755
HGNC:16686,0.46861494
HGNC:32047,0.30023468
HGNC:21208,0.9641277
HGNC:9954,0.888563
HGNC:26505,0.22282988
HGNC:8855,0.49646795
HGNC:29387,0.45950878
HGNC:13430,0.23829454
HGNC:26402,0.42976606
HGNC:2888,0.47763747
HGNC:16663,0.11658418
HGNC:19408,0.8223357
HGNC:14014,0.9400425
HGNC:24590,0.81931573
HGNC:26754,0.19609678
HGNC:26198,0.24042153
HGNC:6246,0.84127855
HGNC:696,0.67166215
HGNC:20743,0.8178789
HGNC:6264,0.93287635
HGNC:7762,0.8236632
HGNC:26453,0.11329049
HGNC:3959,0.51207286
HGNC:18894,0.32627237
HGNC:30540,0.38872278
HGNC:29797,0.58735335
HGNC:26531,0.25067693
HGNC:10452,0.19694757
HGNC:30990,0.107997656
HGNC:29409,0.8710083
HGNC:145,0.7736696
HGNC:26157,0.4687627
HGNC:20466,0.6544347
HGNC:12722,0.88401425
HGNC:25197,0.0747031
HGNC:26417,0.62188625
HGNC:31012,0.12140596
HGNC:3342,0.9122411
HGNC:10806,0.3972813
HGNC:29579,0.2242049
HGNC:20203,0.20470107
HGNC:33720,0.3514833
HGNC:19953,0.39786345
HGNC:6067,0.8631984
HGNC:14303,0.17071867
HGNC:970,0.49675143
HGNC:18398,0.9587044
HGNC:17890,0.13204014
HGNC:17468,0.5670127
HGNC:8807,0.18288505
HGNC:28712,0.10051
HGNC:29039,0.96596
HGNC:24470,0.07361841
HGNC:2545,0.7587977
HGNC:7391,0.8051705
HGNC:28442,0.18017411
HGNC:16976,0.20510745
HGNC:14342,0.37938088
HGNC:26277,0.41930032
HGNC:32070,0.37117976
HGNC:23136,0.27896333
HGNC:11874,0.21196926
HGNC:11644,0.5942115
HGNC:3435,0.45903993
HGNC:23137,0.5315297
HGNC:25467,0.82222056
HGNC:24415,0.54088175
HGNC:16943,0.7213444
HGNC:10488,0.37560225
HGNC:16615,0.11283791
HGNC:20086,0.46514452
HGNC:11264,0.11549425
HGNC:20869,0.8191052
HGNC:30015,0.08310771
HGNC:28951,0.7429302
HGNC:10499,0.47596335
HGNC:10489,0.14526486
HGNC:11765,0.6698058
HGNC:25316,0.42778957
HGNC:26868,0.7940822
HGNC:4043,0.9097728
HGNC:2410,0.23789823
HGNC:25987,0.4939475
HGNC:32305,0.08494127
HGNC:7941,0.29567897
HGNC:21526,0.5796156
HGNC:439,0.11095691
HGNC:4086,0.5396956
HGNC:441,0.13499635
HGNC:4081,0.8736961
HGNC:30130,0.45111305
HGNC:27194,0.1603061
HGNC:437,0.11047745
HGNC:21732,0.70810866
HGNC:18536,0.3976773
HGNC:16633,0.33623546
HGNC:1888,0.9127164
HGNC:22951,0.34199798
HGNC:21490,0.15739846
HGNC:9141,0.27633405
HGNC:21199,0.2801627
HGNC:2032,0.4090796
HGNC:30257,0.89583164
HGNC:19006,0.9385626
HGNC:14429,0.15644103
HGNC:26562,0.26792586
HGNC:26539,0.11579251
HGNC:2213,0.5570287
HGNC:25599,0.42618787
HGNC:30935,0.14490765
HGNC:30691,0.5862392
HGNC:21591,0.3020351
HGNC:28526,0.35585427
HGNC:6649,0.22388172
HGNC:18453,0.35386145
HGNC:22954,0.43832707
HGNC:20301,0.36144412
HGNC:1570,0.37313223
HGNC:24607,0.15593338
HGNC:799,0.9550823
HGNC:10921,0.19340372
HGNC:31837,0.505633
HGNC:18455,0.32323813
HGNC:26553,0.1822741
HGNC:26968,0.6093457
HGNC:3972,0.75752085
HGNC:6647,0.7631883
HGNC:3318,0.8757249
HGNC:29524,0.14491045
HGNC:20173,0.7887666
HGNC:25130,0.5435749
HGNC:5476,0.5288601
HGNC:19019,0.8797363
HGNC:28942,0.46199322
HGNC:6026,0.13510591
HGNC:705,0.96126777
HGNC:30636,0.2469483
HGNC:1616,0.9376337
HGNC:28196,0.20957845
HGNC:11324,0.652461
HGNC:14662,0.6073636
HGNC:17209,0.30880105
HGNC:262,0.725288
HGNC:18592,0.41676193
HGNC:26821,0.2252388
HGNC:18562,0.5614776
HGNC:2395,0.30306113
HGNC:5956,0.8079661
HGNC:29302,0.35032558
HGNC:3372,0.8712105
HGNC:29322,0.63788474
HGNC:24002,0.615903
HGNC:11773,0.7801593
HGNC:20388,0.1481688
HGNC:25527,0.1240412
HGNC:19086,0.65328175
HGNC:18507,0.13490868
HGNC:30698,0.41553032
HGNC:3601,0.61736
HGNC:28129,0.24019873
HGNC:30611,0.89677954
HGNC:26467,0.6118379
HGNC:19197,0.11976594
HGNC:29866,0.8577189
HGNC:18509,0.32393223
HGNC:30812,0.4583435
HGNC:8943,0.6471818
HGNC:17078,0.85937285
HGNC:11449,0.43472636
HGNC:29558,0.43146002
HGNC:11272,0.5796076
HGNC:9404,0.7542678
HGNC:7183,0.065019965
HGNC:28894,0.14434451
HGNC:5395,0.26300853
HGNC:357,0.16027784
HGNC:26330,0.12554926
HGNC:3301,0.55539
HGNC:11006,0.36117744
HGNC:27610,0.41969657
HGNC:3555,0.20030916
HGNC:16381,0.82372046
HGNC:14442,0.56122553
HGNC:2505,0.8486471
HGNC:5351,0.6146822
HGNC:10480,0.670897
HGNC:18296,0.9079588
HGNC:24235,0.16460222
HGNC:25007,0.175304
HGNC:25083,0.29741454
HGNC:29272,0.10767013
HGNC:1426,0.7175583
HGNC:7839,0.790972
HGNC:1800,0.61960614
HGNC:20751,0.950637
HGNC:26801,0.14342111
HGNC:9646,0.45815396
HGNC:16507,0.48757845
HGNC:399,0.67355907
HGNC:25190,0.18224394
HGNC:28386,0.20637679
HGNC:29874,0.60018885
HGNC:10560,0.7957904
HGNC:9564,0.89960647
HGNC:20340,0.8449699
HGNC:13202,0.70017
HGNC:25415,0.42637002
HGNC:28602,0.05414343
HGNC:12605,0.16385877
HGNC:4378,0.84753484
HGNC:23696,0.9529346
HGNC:20569,0.8903812
HGNC:9692,0.30171853
HGNC:4877,0.40624613
HGNC:19005,0.66645646
HGNC:16643,0.8588545
HGNC:10369,0.92933214
HGNC:27321,0.8390033
HGNC:30327,0.45450222
HGNC:21398,0.4733162
HGNC:2959,0.28860378
HGNC:24763,0.35620618
HGNC:30358,0.85426366
HGNC:582,0.75015473
HGNC:18439,0.46788025
HGNC:18358,0.36065245
HGNC:14630,0.3806982
HGNC:26591,0.44220722
HGNC:28623,0.26788878
HGNC:8739,0.25949872
HGNC:30855,0.9594746
HGNC:26190,0.53376937
HGNC:24697,0.42816812
HGNC:4604,0.28279442
HGNC:10642,0.18899584
HGNC:9240,0.15181816
HGNC:8861,0.26496577
HGNC:31865,0.31571358
HGNC:4602,0.5973462
HGNC:17479,0.67464405
HGNC:16494,0.29569364
HGNC:26374,0.103527784
HGNC:2298,0.11562252
HGNC:4699,0.19559991
HGNC:15597,0.24688107
HGNC:25181,0.19830203
HGNC:17008,0.94086766
HGNC:10481,0.8140193
HGNC:30598,0.9386994
HGNC:18602,0.18988478
HGNC:24844,0.15734172
HGNC:12516,0.24917829
HGNC:26498,0.82454807
HGNC:13813,0.39334458
HGNC:30041,0.066610575
HGNC:30613,0.73119944
HGNC:29198,0.30196893
HGNC:17273,0.3355674
HGNC:11780,0.07995182
HGNC:28945,0.9006871
HGNC:18470,0.7297768
HGNC:24357,0.60529774
HGNC:11891,0.41484338
HGNC:30927,0.18350971
HGNC:6741,0.6727581
HGNC:14673,0.2633536
HGNC:1602,0.6767005
HGNC:15572,0.16453302
HGNC:14676,0.3186642
HGNC:25976,0.42518765
HGNC:29816,0.25491536
HGNC:30323,0.38102758
HGNC:12933,0.9710163
HGNC:20989,0.16233385
HGNC:25154,0.5696099
HGNC:13050,0.46398103
HGNC:30413,0.55549
HGNC:25489,0.79070675
HGNC:4581,0.89418083
HGNC:26259,0.73235226
HGNC:25674,0.77841246
HGNC:30587,0.7301439
HGNC:14353,0.16494209
HGNC:9195,0.83658576
HGNC:14536,0.7035768
HGNC:26842,0.13851047
HGNC:24197,0.56294024
HGNC:18483,0.16796148
HGNC:30544,0.2836815
HGNC:10381,0.7000911
HGNC:23116,0.79582834
HGNC:4882,0.31394744
HGNC:13556,0.36590552
HGNC:10012,0.36311936
HGNC:32674,0.42549622
HGNC:9972,0.37509477
HGNC:950,0.85960346
HGNC:11834,0.61478364
HGNC:9399,0.91065
HGNC:30220,0.24598485
HGNC:20255,0.7873659
HGNC:29931,0.2048409
HGNC:30064,0.9269063
HGNC:29304,0.077934265
HGNC:683,0.7036228
HGNC:10904,0.613011
HGNC:6701,0.21341532
HGNC:20713,0.3975358
HGNC:29955,0.3764987
HGNC:29119,0.9583721
HGNC:26661,0.1929577
HGNC:26046,0.35661852
HGNC:7037,0.18786752
HGNC:19656,0.1110481
HGNC:10504,0.20316702
HGNC:19195,0.65380466
HGNC:26115,0.34476364
HGNC:2040,0.4573648
HGNC:28795,0.39341605
HGNC:15743,0.19888526
HGNC:28028,0.6665406
HGNC:10648,0.31882608
HGNC:28395,0.661094
HGNC:15789,0.74765927
HGNC:25881,0.82807505
HGNC:16041,0.23467207
HGNC:24244,0.34798163
HGNC:25143,0.30019897
HGNC:32389,0.21965998
HGNC:16089,0.77595043
HGNC:1725,0.788138
HGNC:1472,0.16764462
HGNC:16747,0.26261967
HGNC:20729,0.19349813
HGNC:9103,0.7263218
HGNC:25714,0.3121755
HGNC:33499,0.50818276
HGNC:30376,0.19999576
HGNC:11269,0.39408702
HGNC:1117,0.8597182
HGNC:586,0.40433836
HGNC:29239,0.49309474
HGNC:21148,0.68734765
HGNC:17041,0.5260099
HGNC:28486,0.36322594
HGNC:26111,0.2542534
HGNC:28788,0.89207345
HGNC:28207,0.328573
HGNC:7381,0.08620387
HGNC:29123,0.9474819
HGNC:30247,0.54060006
HGNC:4594,0.71706384
HGNC:3073,0.818004
HGNC:24488,0.4120034
HGNC:26506,0.4244761
HGNC:14404,0.5425353
HGNC:28826,0.9135682
HGNC:9005,0.9101294
HGNC:19225,0.40616488
HGNC:9477,0.18641591
HGNC:7682,0.62769884
HGNC:5000,0.90262246
HGNC:10532,0.7252209
HGNC:17036,0.3611653
HGNC:4808,0.87785786
HGNC:6763,0.5217799
HGNC:543,0.23381084
HGNC:30713,0.62855786
HGNC:26118,0.15777493
HGNC:13587,0.8007661
HGNC:29356,0.22390991
HGNC:5154,0.24271405
HGNC:17180,0.13909888
HGNC:26342,0.09589517
HGNC:25633,0.14912176
HGNC:7956,0.6656802
HGNC:7958,0.54043734
HGNC:30782,0.85051286
HGNC:5977,0.6059243
HGNC:34237,0.52127725
HGNC:21496,0.47714
HGNC:29154,0.88462806
HGNC:14866,0.80313563
HGNC:24077,0.5693114
HGNC:69,0.8641292
HGNC:24949,0.8766901
HGNC:17017,0.908527
HGNC:25587,0.73511976
HGNC:25099,0.42322135
HGNC:6137,0.5880884
HGNC:7193,0.32042772
HGNC:16472,0.17952883
HGNC:3173,0.63183945
HGNC:28483,0.5603389
HGNC:26292,0.53938997
HGNC:28086,0.2247783
HGNC:23245,0.28000897
HGNC:25287,0.6534847
HGNC:26353,0.16106021
HGNC:28862,0.9856562
HGNC:27752,0.46814954
HGNC:25198,0.5473778
HGNC:18058,0.25363088
HGNC:8895,0.6719674
HGNC:3539,0.17331445
HGNC:28599,0.63816565
HGNC:35240,0.61234766
HGNC:25090,0.2791432
HGNC:40051,0.27372885
HGNC:28164,0.27752805
HGNC:3538,0.41815805
HGNC:24684,0.6079861
HGNC:25601,0.26665038
HGNC:13994,0.17674404
HGNC:7711,0.4354673
HGNC:18391,0.1591922
HGNC:11244,0.14550406
HGNC:5299,0.554085
HGNC:3466,0.66835964
HGNC:21060,0.46609914
HGNC:24222,0.26212752
HGNC:25239,0.2220397
HGNC:18757,0.59485364
HGNC:33100,0.45634806
HGNC:18332,0.2998429
HGNC:18825,0.51317585
HGNC:23409,0.20659286
HGNC:21622,0.28066057
HGNC:1504,0.6681572
HGNC:26575,0.13456893
HGNC:18173,0.21928322
HGNC:29499,0.12337726
HGNC:14305,0.18275201
HGNC:26810,0.28351808
HGNC:29276,0.2978478
HGNC:28187,0.32328546
HGNC:24323,0.40578473
HGNC:28611,0.9015105
HGNC:26776,0.48948705
HGNC:3126,0.9067328
HGNC:13208,0.4009664
HGNC:28110,0.7341448
HGNC:25758,0.86967516
HGNC:11849,0.47097152
HGNC:6371,0.27208364
HGNC:30728,0.54825515
HGNC:29682,0.306383
HGNC:11730,0.82904124
HGNC:26441,0.063777745
HGNC:30520,0.4700507
HGNC:20951,0.45026958
HGNC:16496,0.6861744
HGNC:6011,0.094231725
HGNC:2434,0.6903346
HGNC:16511,0.6989999
HGNC:24084,0.45124114
HGNC:4224,0.26019508
HGNC:29594,0.38548595
HGNC:29571,0.21465498
HGNC:16690,0.13534296
HGNC:11021,0.7632538
HGNC:4580,0.84966195
HGNC:3562,0.47811598
HGNC:13532,0.8335945
HGNC:21617,0.16303736
HGNC:1987,0.8140586
HGNC:11515,0.7427071
HGNC:24050,0.9332459
HGNC:21479,0.42372453
HGNC:16085,0.49650812
HGNC:21574,0.1736874
HGNC:21075,0.778068
HGNC:14901,0.06056118
HGNC:21231,0.28848976
HGNC:23041,0.41076332
HGNC:19665,0.8470677
HGNC:18729,0.115761876
HGNC:18969,0.24674606
HGNC:25681,0.3673967
HGNC:16793,0.1304025
HGNC:21245,0.22857761
HGNC:11598,0.8838488
HGNC:28923,0.2671591
HGNC:22206,0.46219522
HGNC:11395,0.56340075
HGNC:16645,0.78765774
HGNC:19873,0.5935013
HGNC:25663,0.6431947
HGNC:10387,0.9279034
HGNC:4845,0.92347133
HGNC:18565,0.21466178
HGNC:14857,0.3120094
HGNC:13804,0.8911271
HGNC:4536,0.84454703
HGNC:16939,0.50683063
HGNC:10288,0.50582826
HGNC:9690,0.5151378
HGNC:1471,0.42984682
HGNC:24154,0.5732053
HGNC:26902,0.52269435
HGNC:6280,0.73762393
HGNC:21202,0.15145004
HGNC:12902,0.7192905
HGNC:23097,0.36225367
HGNC:22402,0.10031474
HGNC:11378,0.317456
HGNC:30777,0.5796864
HGNC:19196,0.9507941
HGNC:21905,0.57278377
HGNC:21945,0.62797785
HGNC:20078,0.82165545
HGNC:15587,0.13029784
HGNC:21995,0.20815611
HGNC:4880,0.6567271
HGNC:32291,0.90704215
HGNC:3560,0.35678816
HGNC:10848,0.93024164
HGNC:15669,0.74847347
HGNC:2198,0.86252695
HGNC:21184,0.5041651
HGNC:30599,0.20883906
HGNC:15827,0.7318686
HGNC:8889,0.17434067
HGNC:1109,0.42631555
HGNC:17880,0.85439265
HGNC:2527,0.24537659
HGNC:18122,0.8079014
HGNC:2897,0.8233343
HGNC:232,0.85817194
HGNC:26345,0.23138076
HGNC:22429,0.0926702
HGNC:22247,0.11034989
HGNC:5026,0.73413956
HGNC:9717,0.47117865
HGNC:9811,0.8853437
HGNC:20303,0.14356887
HGNC:23032,0.67939746
HGNC:11909,0.7082756
HGNC:30362,0.26668978
HGNC:8930,0.15258145
HGNC:3343,0.8478036
HGNC:18861,0.91496426
HGNC:19291,0.7612214
HGNC:28971,0.18771887
HGNC:8491,0.4616521
HGNC:2764,0.057700515
HGNC:26013,0.31948
HGNC:2763,0.07995379
HGNC:2765,0.0778299
HGNC:1355,0.7830151
HGNC:2766,0.10157025
HGNC:18587,0.6320268
HGNC:15822,0.7330428
HGNC:26409,0.3308937
HGNC:21718,0.36124122
HGNC:4485,0.7559178
HGNC:33194,0.79786265
HGNC:28797,0.1531235
HGNC:7876,0.62475145
HGNC:14534,0.062497735
HGNC:29672,0.09849858
HGNC:1374,0.45110267
HGNC:24555,0.6375312
HGNC:1774,0.8520367
HGNC:11028,0.81550395
HGNC:23092,0.059361577
HGNC:24676,0.67859596
HGNC:21709,0.4723752
HGNC:26946,0.43521476
HGNC:4185,0.7969132
HGNC:10241,0.4263476
HGNC:877,0.2331227
HGNC:23480,0.8160426
HGNC:2285,0.40365887
HGNC:15830,0.871084
HGNC:12855,0.95000684
HGNC:14333,0.25402415
HGNC:4044,0.41348398
HGNC:18831,0.48729074
HGNC:29683,0.31463856
HGNC:24535,0.38944745
HGNC:18549,0.19680643
HGNC:18022,0.33060765
HGNC:26048,0.78651476
HGNC:24500,0.79987156
HGNC:23399,0.10458112
HGNC:4234,0.31420082
HGNC:9279,0.7846001
HGNC:28396,0.2870354
HGNC:19909,0.60161436
HGNC:19920,0.8401364
HGNC:19919,0.21593618
HGNC:11136,0.4083475
HGNC:19918,0.3274576
HGNC:8049,0.28776163
HGNC:25203,0.6738105
HGNC:9527,0.8671911
HGNC:29828,0.112496495
HGNC:12461,0.78631556
HGNC:19323,0.8030227
HGNC:11491,0.9130078
HGNC:23641,0.22224784
HGNC:29,0.6241629
HGNC:7787,0.8510251
HGNC:14648,0.10955334
HGNC:18272,0.20445788
HGNC:3951,0.5218416
HGNC:25844,0.7071686
HGNC:26328,0.24399245
HGNC:26572,0.12444204
HGNC:23673,0.3808514
HGNC:29211,0.08730221
HGNC:17245,0.120381
HGNC:30905,0.2704444
HGNC:16513,0.26431215
HGNC:402,0.8225902
HGNC:21577,0.68139595
HGNC:26527,0.49857014
HGNC:26464,0.4049251
HGNC:17496,0.69664764
HGNC:18632,0.29036784
HGNC:28144,0.26635945
HGNC:5044,0.97568095
HGNC:29580,0.09655762
HGNC:15985,0.8032419
HGNC:14006,0.5390502
HGNC:26724,0.48279607
HGNC:3606,0.53723806
HGNC:12871,0.79491985
HGNC:2578,0.9130511
HGNC:11694,0.7260308
HGNC:19068,0.20830297
HGNC:20715,0.764799
HGNC:26535,0.23367184
HGNC:26356,0.14885247
HGNC:23427,0.6832555
HGNC:26392,0.9012316
HGNC:28721,0.18088675
HGNC:17186,0.15208226
HGNC:14270,0.9392914
HGNC:8957,0.9346835
HGNC:3708,0.26839072
HGNC:8223,0.16226667
HGNC:8212,0.15570962
HGNC:16462,0.89912057
HGNC:2045,0.66810954
HGNC:23375,0.9223219
HGNC:28148,0.18897551
HGNC:14542,0.8552706
HGNC:869,0.8862337
HGNC:18320,0.8496624
HGNC:15529,0.3323897
HGNC:26411,0.6555028
HGNC:7701,0.26669604
HGNC:640,0.11503804
HGNC:19910,0.8707186
HGNC:636,0.69908065
HGNC:26454,0.2624548
HGNC:12666,0.96762234
HGNC:23215,0.39511102
HGNC:14559,0.7152716
HGNC:17342,0.96167535
HGNC:20295,0.83486676
HGNC:16870,0.17328304
HGNC:30964,0.2956257
HGNC:27346,0.79239905
HGNC:16348,0.6061743
HGNC:23112,0.7991537
HGNC:26344,0.21638626
HGNC:26736,0.8978003
HGNC:11061,0.92465293
HGNC:19833,0.8809339
HGNC:27334,0.92045265
HGNC:14963,0.7238129
HGNC:2041,0.8458022
HGNC:20360,0.81351864
HGNC:23199,0.112522304
HGNC:20361,0.6595779
HGNC:12791,0.27004325
HGNC:12373,0.23875225
HGNC:1875,0.77031374
HGNC:16987,0.68806314
HGNC:4646,0.9085736
HGNC:26911,0.8593619
HGNC:20898,0.6953977
HGNC:29378,0.79804564
HGNC:23520,0.5143881
HGNC:3793,0.17018259
HGNC:6080,0.7113845
HGNC:691,0.7099317
HGNC:6922,0.12981504
HGNC:4284,0.10533452
HGNC:18246,0.3204577
HGNC:23711,0.6382592
HGNC:26361,0.81429815
HGNC:20262,0.2202943
HGNC:31830,0.17686665
HGNC:26351,0.3155781
HGNC:30097,0.9833754
HGNC:16714,0.8746031
HGNC:17976,0.31079078
HGNC:19742,0.27157438
HGNC:10346,0.83768886
HGNC:20188,0.27402914
HGNC:23355,0.33030534
HGNC:23798,0.06946844
HGNC:23509,0.12701738
HGNC:13012,0.557136
HGNC:20231,0.68818945
HGNC:18197,0.6859077
HGNC:10663,0.70991683
HGNC:25898,0.19853657
HGNC:659,0.9679988
HGNC:20087,0.46368265
HGNC:23787,0.7166251
HGNC:14077,0.23723054
HGNC:20487,0.20242834
HGNC:1806,0.75591445
HGNC:26360,0.5819887
HGNC:23437,0.1871674
HGNC:25340,0.87819225
HGNC:11339,0.103155494
HGNC:11337,0.33588934
HGNC:8522,0.89349484
HGNC:26440,0.059877634
HGNC:21536,0.5619062
HGNC:8052,0.5260011
HGNC:17748,0.6686641
HGNC:4531,0.23049057
HGNC:25205,0.11803079
HGNC:23514,0.6165544
HGNC:17351,0.6752681
HGNC:17303,0.9250281
HGNC:26470,0.5152739
HGNC:12672,0.76315445
HGNC:27845,0.28645104
HGNC:26309,0.35124773
HGNC:10935,0.6906552
HGNC:26974,0.88156134
HGNC:23589,0.71673506
HGNC:30249,0.3896556
HGNC:25794,0.59275717
HGNC:14234,0.94936395
HGNC:9354,0.41986692
HGNC:2259,0.46901703
HGNC:17281,0.47843683
HGNC:24356,0.15127087
HGNC:11137,0.26052368
HGNC:26438,0.21474385
HGNC:18667,0.32689244
HGNC:10667,0.13864744
HGNC:8079,0.77735573
HGNC:26526,0.26824117
HGNC:1367,0.19456065
HGNC:12362,0.9400098
HGNC:4238,0.6301991
HGNC:5157,0.9519024
HGNC:17950,0.5184894
HGNC:28290,0.42673755
HGNC:21146,0.8656441
HGNC:23508,0.2320087
HGNC:9967,0.9170285
HGNC:2744,0.9032867
HGNC:23505,0.6472176
HGNC:21332,0.7711904
HGNC:29283,0.64268154
HGNC:14728,0.07294601
HGNC:24925,0.58211637
HGNC:19280,0.30386376
HGNC:17127,0.16487539
HGNC:14460,0.5564884
HGNC:19278,0.38054788
HGNC:25516,0.6326941
HGNC:29843,0.76317745
HGNC:13011,0.9332054
HGNC:26665,0.2533024
HGNC:1508,0.44095325
HGNC:20097,0.1531207
HGNC:24176,0.14202416
HGNC:24349,0.6724651
HGNC:24709,0.22833925
HGNC:17563,0.6697959
HGNC:10526,0.624274
HGNC:23304,0.26867795
HGNC:16060,0.20875192
HGNC:26523,0.16308284
HGNC:2621,0.0608052
HGNC:13180,0.76066136
HGNC:28500,0.48595494
HGNC:19022,0.82982606
HGNC:3944,0.4747008
HGNC:25683,0.8205257
HGNC:495,0.1681869
HGNC:23820,0.8223929
HGNC:26545,0.89878976
HGNC:19857,0.1912049
HGNC:26901,0.24264014
HGNC:16522,0.25333297
HGNC:8572,0.6080947
HGNC:19858,0.889537
HGNC:20859,0.5848735
HGNC:9549,0.8909278
HGNC:9863,0.5272125
HGNC:26296,0.26408875
HGNC:19859,0.26047325
HGNC:2325,0.58766705
HGNC:34448,0.13890028
HGNC:16658,0.21469837
HGNC:19754,0.42158246
HGNC:5397,0.2624107
HGNC:18359,0.10922003
HGNC:19972,0.46214604
HGNC:30552,0.51935655
HGNC:11051,0.36578578
HGNC:26843,0.15805972
HGNC:7750,0.4586311
HGNC:9590,0.1192565
HGNC:19359,0.8669239
HGNC:1402,0.6036695
HGNC:9639,0.27493608
HGNC:23052,0.7101602
HGNC:24810,0.51547825
HGNC:29366,0.56274426
HGNC:6234,0.8122578
HGNC:28759,0.27173996
HGNC:23842,0.66217476
HGNC:23512,0.27158928
HGNC:17811,0.66518277
HGNC:9476,0.64822817
HGNC:6619,0.28814054
HGNC:30794,0.6751359
HGNC:28627,0.1680575
HGNC:20686,0.7071537
HGNC:20249,0.86091715
HGNC:28558,0.18078232
HGNC:32370,0.5734116
HGNC:15532,0.5692665
HGNC:13765,0.16061848
HGNC:19176,0.4811545
HGNC:25147,0.112395525
HGNC:16305,0.47423834
HGNC:25417,0.88772535
HGNC:30614,0.09691137
HGNC:18062,0.6274885
HGNC:14604,0.40043867
HGNC:30273,0.6970558
HGNC:26430,0.19663864
HGNC:24180,0.31859696
HGNC:17113,0.7204815
HGNC:7703,0.44844282
HGNC:20758,0.20285833
HGNC:14953,0.1751225
HGNC:11246,0.46065402
HGNC:3603,0.9717316
HGNC:895,0.44782495
HGNC:28479,0.08869326
HGNC:22952,0.10088885
HGNC:32443,0.7945608
HGNC:26952,0.6439235
HGNC:14310,0.8341315
HGNC:1991,0.7543616
HGNC:23790,0.49192846
HGNC:1144,0.73639417
HGNC:9184,0.2580049
HGNC:941,0.37804258
HGNC:24542,0.42874384
HGNC:24012,0.76154596
HGNC:594,0.9526085
HGNC:20123,0.22655916
HGNC:13644,0.88831526
HGNC:18817,0.58259976
HGNC:22992,0.5185999
HGNC:15608,0.5172161
HGNC:30141,0.18133628
HGNC:30747,0.9838282
HGNC:4083,0.90308267
HGNC:29549,0.65260756
HGNC:23511,0.104085684
HGNC:10817,0.6359491
HGNC:16971,0.89192694
HGNC:1615,0.86545026
HGNC:8646,0.44849163
HGNC:689,0.95002073
HGNC:25081,0.108721375
HGNC:24039,0.3857401
HGNC:20665,0.70733774
HGNC:2261,0.53785586
HGNC:12994,0.74914825
HGNC:26543,0.10437977
HGNC:19694,0.22708386
HGNC:16274,0.17997247
HGNC:2556,0.9264923
HGNC:26316,0.24055552
HGNC:23510,0.73947465
HGNC:23516,0.3010165
HGNC:1248,0.28436482
HGNC:20764,0.29571575
HGNC:25607,0.77720356
HGNC:26976,0.61219966
HGNC:11120,0.38676596
HGNC:581,0.81604207
HGNC:23532,0.24778235
HGNC:18827,0.15339708
HGNC:28519,0.13583732
HGNC:19016,0.7176897
HGNC:49392,0.54004604
HGNC:6040,0.56962454
HGNC:11543,0.8921248
HGNC:2073,0.48769456
HGNC:13681,0.8285337
HGNC:13823,0.7301013
HGNC:21000,0.15275067
HGNC:2570,0.33706367
HGNC:23513,0.60359037
HGNC:9831,0.5608777
HGNC:23822,0.17012513
HGNC:25142,0.18256605
HGNC:26999,0.12531751
HGNC:15131,0.1878835
HGNC:8244,0.05644214
HGNC:13541,0.48256606
HGNC:9250,0.13115501
HGNC:23248,0.34366405
HGNC:24376,0.1836021
HGNC:13902,0.14320081
HGNC:29016,0.8138528
HGNC:12406,0.6626007
HGNC:30338,0.28247505
HGNC:6641,0.76233524
HGNC:5384,0.75298274
HGNC:26790,0.18619817
HGNC:2338,0.48293304
HGNC:23792,0.14287275
HGNC:29377,0.5826786
HGNC:18868,0.3376481
HGNC:29005,0.48471057
HGNC:26961,0.66976595
HGNC:10329,0.9281934
HGNC:11350,0.8529362
HGNC:23030,0.6747026
HGNC:25429,0.1817646
HGNC:26373,0.60678613
HGNC:30873,0.5751282
HGNC:1170,0.2005058
HGNC:29034,0.50727665
HGNC:26525,0.13820988
HGNC:28948,0.7025972
HGNC:21715,0.12760359
HGNC:30401,0.8114753
HGNC:12928,0.6885353
HGNC:24718,0.6547025
HGNC:7035,0.63296455
HGNC:12761,0.9164756
HGNC:6880,0.6665707
HGNC:9395,0.94805104
HGNC:7681,0.7318875
HGNC:6950,0.20815456
HGNC:2052,0.0678646
HGNC:24350,0.15163624
HGNC:14555,0.20660394
HGNC:13089,0.54245204
HGNC:14554,0.12114805
HGNC:13104,0.16400898
HGNC:29228,0.8504077
HGNC:23336,0.20049655
HGNC:24160,0.28317308
HGNC:11831,0.40180117
HGNC:28889,0.46561736
HGNC:32434,0.0618937
HGNC:23400,0.8395363
HGNC:24330,0.118180096
HGNC:4132,0.27544773
HGNC:26167,0.780725
HGNC:17620,0.88544106
HGNC:29920,0.70835674
HGNC:1755,0.098541856
HGNC:10446,0.6939249
HGNC:24261,0.43232256
HGNC:16053,0.13798511
HGNC:12028,0.8531903
HGNC:6932,0.25802696
HGNC:1055,0.8045948
HGNC:14220,0.049887896
HGNC:15781,0.12577546
HGNC:20397,0.64108974
HGNC:7156,0.091895044
HGNC:20398,0.24435419
HGNC:13388,0.8151927
HGNC:14908,0.19736564
HGNC:6545,0.5455854
HGNC:27049,0.57160383
HGNC:25879,0.7338044
HGNC:32459,0.6192502
HGNC:914,0.7471727
HGNC:28986,0.932807
HGNC:24892,0.5958437
HGNC:5297,0.13856387
HGNC:7861,0.12560421
HGNC:18049,0.09478867
HGNC:555,0.89304924
HGNC:26504,0.10028905
HGNC:28286,0.26394582
HGNC:18810,0.16397959
HGNC:19213,0.50008905
HGNC:29562,0.9200559
HGNC:25158,0.34218514
HGNC:18328,0.7944429
HGNC:9255,0.38277042
HGNC:6544,0.15888596
HGNC:26235,0.35645497
HGNC:28335,0.10182828
HGNC:24725,0.21693516
HGNC:28961,0.5362259
HGNC:30497,0.27731824
HGNC:19708,0.27890432
HGNC:9076,0.16059124
HGNC:8852,0.27614933
HGNC:29577,0.46173334
HGNC:29658,0.19079196
HGNC:500,0.57395035
HGNC:10602,0.7215374
HGNC:19098,0.8246957
HGNC:15997,0.8282234
HGNC:28002,0.17106295
HGNC:30519,0.2876163
HGNC:13796,0.2279234
HGNC:24594,0.6781111
HGNC:19246,0.41561675
HGNC:9077,0.8489315
HGNC:2088,0.79901546
HGNC:29014,0.47896218
HGNC:1406,0.8951181
HGNC:11521,0.38200498
HGNC:7595,0.055964172
HGNC:24927,0.20203692
HGNC:15175,0.119188786
HGNC:7627,0.8419533
HGNC:20593,0.5335735
HGNC:11368,0.8308693
HGNC:26721,0.803533
HGNC:29452,0.33770734
HGNC:29396,0.8385192
HGNC:11438,0.5836783
HGNC:14476,0.31730402
HGNC:23786,0.658672
HGNC:25999,0.54874
HGNC:12849,0.9277705
HGNC:29898,0.24112904
HGNC:10816,0.38590878
HGNC:2001,0.84822387
HGNC:22009,0.8676846
HGNC:21696,0.86783886
HGNC:14285,0.11972737
HGNC:13378,0.16038263
HGNC:30706,0.11464113
HGNC:13374,0.041618228
HGNC:28698,0.2998382
HGNC:1587,0.38361216
HGNC:3381,0.43999302
HGNC:16255,0.06710452
HGNC:6769,0.9235331
HGNC:13380,0.15380466
HGNC:29588,0.12427139
HGNC:28573,0.17138052
HGNC:6835,0.8679678
HGNC:30457,0.14734805
HGNC:16710,0.75977445
HGNC:6891,0.8954912
HGNC:13239,0.5408311
HGNC:21254,0.0983094
HGNC:6898,0.44624662
HGNC:20445,0.82540786
HGNC:28631,0.13624382
HGNC:4606,0.8827875
HGNC:13870,0.97551984
HGNC:22030,0.12245166
HGNC:28520,0.1441279
HGNC:7838,0.47462666
HGNC:29410,0.65458
HGNC:18484,0.4120937
HGNC:11722,0.87400126
HGNC:28613,0.47362328
HGNC:24136,0.0925256
HGNC:8634,0.8634511
HGNC:4412,0.5182993
HGNC:8912,0.84166706
HGNC:11158,0.9531222
HGNC:26536,0.11215162
HGNC:16252,0.10143089
HGNC:27312,0.48889726
HGNC:28711,0.28783894
HGNC:16504,0.09383619
HGNC:26579,0.22730434
HGNC:26101,0.53842276
HGNC:4425,0.7777781
HGNC:17170,0.26271915
HGNC:19693,0.22332013
HGNC:10998,0.55800045
HGNC:28378,0.4484365
HGNC:23723,0.4137448
HGNC:29565,0.7560587
HGNC:32700,0.3353216
HGNC:3346,0.35453534
HGNC:28536,0.19794786
HGNC:21338,0.5020202
HGNC:12538,0.18464851
HGNC:24497,0.49453485
HGNC:29286,0.68473804
HGNC:11207,0.9036071
HGNC:28149,0.35815322
HGNC:2244,0.18894827
HGNC:13308,0.6876614
HGNC:2362,0.9103228
HGNC:26346,0.20933616
HGNC:32206,0.10754073
HGNC:13593,0.77623653
HGNC:29183,0.4984147
HGNC:5331,0.09059465
HGNC:30390,0.18233132
HGNC:26521,0.20310915
HGNC:25387,0.40154183
HGNC:25364,0.26606655
HGNC:13166,0.46719265
HGNC:5466,0.6160486
HGNC:25335,0.79695904
HGNC:24224,0.9342702
HGNC:23028,0.22166109
HGNC:26014,0.42928714
HGNC:17689,0.3068303
HGNC:24622,0.11728299
HGNC:27097,0.93525
HGNC:14247,0.40789247
HGNC:1673,0.26499748
HGNC:28356,0.4649135
HGNC:7603,0.47335804
HGNC:24049,0.34245032
HGNC:83,0.19145566
HGNC:11386,0.8032106
HGNC:10451,0.95277214
HGNC:15195,0.13038826
HGNC:21161,0.24448252
HGNC:14249,0.06628358
HGNC:15200,0.08861208
HGNC:14851,0.0812279
HGNC:24822,0.21405578
HGNC:30500,0.70109403
HGNC:13023,0.2731489
HGNC:24868,0.449813
HGNC:13019,0.2055515
HGNC:12970,0.40467882
HGNC:13417,0.37557364
HGNC:25821,0.7115124
HGNC:29004,0.5880541
HGNC:23663,0.5866276
HGNC:19664,0.41065276
HGNC:6678,0.1380266
HGNC:1375,0.2455939
HGNC:25551,0.7009851
HGNC:12013,0.6837357
HGNC:7007,0.9333251
HGNC:4556,0.32889313
HGNC:16298,0.6661494
HGNC:24963,0.09917605
HGNC:24130,0.14522499
HGNC:25623,0.36839807
HGNC:29989,0.8850435
HGNC:7529,0.178828
HGNC:24576,0.20406449
HGNC:30887,0.21198338
HGNC:21316,0.9387254
HGNC:26463,0.14310199
HGNC:28600,0.14554185
HGNC:10303,0.87325346
HGNC:31834,0.6260134
HGNC:6480,0.40306234
HGNC:1403,0.6776064
HGNC:28326,0.34519285
HGNC:25102,0.35572147
HGNC:7133,0.92867726
HGNC:21356,0.3802451
HGNC:21166,0.32666445
HGNC:20766,0.96996784
HGNC:20768,0.7481994
HGNC:26687,0.1872201
HGNC:29384,0.17095143
HGNC:25597,0.16641021
HGNC:17931,0.3020208
HGNC:29321,0.7162304
HGNC:9782,0.74068666
HGNC:634,0.33587283
HGNC:4455,0.41265023
HGNC:25204,0.34858125
HGNC:15654,0.4766208
HGNC:905,0.70394534
HGNC:15671,0.77952087
HGNC:22998,0.27798998
HGNC:13788,0.06604612
HGNC:6477,0.21754402
HGNC:13476,0.8046782
HGNC:15500,0.85489357
HGNC:17408,0.4002874
HGNC:6478,0.09438801
HGNC:26912,0.4734298
HGNC:29415,0.6983133
HGNC:30832,0.4670369
HGNC:6338,0.06404376
HGNC:22947,0.24078417
HGNC:12931,0.95660245
HGNC:13077,0.32547694
HGNC:14871,0.45803225
HGNC:11247,0.55254686
HGNC:16668,0.64671636
HGNC:30511,0.44477218
HGNC:30492,0.2537781
HGNC:9500,0.22006011
HGNC:779,0.74409515
HGNC:13348,0.2671829
HGNC:2676,0.66630036
HGNC:3214,0.93162495
HGNC:28324,0.2302345
HGNC:1910,0.9378014
HGNC:14928,0.41584545
HGNC:29393,0.12255359
HGNC:10739,0.7113361
HGNC:16052,0.5249718
HGNC:18008,0.8959556
HGNC:29646,0.6540894
HGNC:14111,0.21108985
HGNC:25157,0.10799092
HGNC:4552,0.08408654
HGNC:29530,0.33897483
HGNC:23087,0.67039937
HGNC:30266,0.14770448
HGNC:9075,0.63462985
HGNC:26600,0.6428609
HGNC:14398,0.5461339
HGNC:25542,0.24943602
HGNC:18084,0.18276024
HGNC:30419,0.3833905
HGNC:28471,0.23482186
HGNC:26891,0.17717242
HGNC:6357,0.15119684
HGNC:6365,0.13013816
HGNC:6363,0.12919569
HGNC:6366,0.324098
HGNC:6359,0.39273316
HGNC:6361,0.36112207
HGNC:27056,0.28949225
HGNC:6412,0.6900951
HGNC:18356,0.1993326
HGNC:23077,0.9064208
HGNC:27455,0.8111527
HGNC:16039,0.2635144
HGNC:16692,0.4037001
HGNC:25920,0.73691356
HGNC:5475,0.5583032
HGNC:11178,0.10942334
HGNC:26422,0.52712446
HGNC:1385,0.1883744
HGNC:7716,0.39034235
HGNC:30833,0.9030106
HGNC:8055,0.20086646
HGNC:11593,0.20776486
HGNC:9353,0.63908386
HGNC:15312,0.102687955
HGNC:8347,0.06862426
HGNC:13026,0.44258326
HGNC:24967,0.6320202
HGNC:19320,0.18065405
HGNC:19319,0.23138475
HGNC:15534,0.24548101
HGNC:15736,0.7113077
HGNC:5359,0.21284395
HGNC:845,0.48996258
HGNC:32371,0.56345904
HGNC:3503,0.36422944
HGNC:11302,0.7487756
HGNC:24140,0.7211294
HGNC:20474,0.35326952
HGNC:11830,0.65770143
HGNC:26510,0.5853247
HGNC:2651,0.24979722
HGNC:13311,0.109610915
HGNC:18527,0.10996783
HGNC:24438,0.28985322
HGNC:13771,0.5931939
HGNC:37230,0.06700075
HGNC:28079,0.7208549
HGNC:14259,0.17423719
HGNC:24825,0.7301779
HGNC:3121,0.73413736
HGNC:2958,0.14038491
HGNC:2703,0.15726167
HGNC:20879,0.8963953
HGNC:33,0.64453524
HGNC:21423,0.8019053
HGNC:16639,0.91307354
HGNC:26573,0.42861557
HGNC:29889,0.16464925
HGNC:26034,0.41800523
HGNC:2717,0.86239815
HGNC:26097,0.47183985
HGNC:26487,0.35679471
HGNC:9780,0.4382826
HGNC:12703,0.22064865
HGNC:3976,0.7302261
HGNC:15832,0.40718704
HGNC:9194,0.5420692
HGNC:11026,0.389664
HGNC:24978,0.29901707
HGNC:25115,0.8765135
HGNC:25464,0.22811759
HGNC:24564,0.4762004
HGNC:29011,0.4737391
HGNC:30761,0.27553403
HGNC:6502,0.9222021
HGNC:3365,0.09505576
HGNC:2514,0.96507275
HGNC:15784,0.13426608
HGNC:3573,0.5769897
HGNC:6716,0.77423644
HGNC:23536,0.11909473
HGNC:30179,0.30041653
HGNC:25163,0.31571627
HGNC:18120,0.21922779
HGNC:12950,0.9398065
HGNC:6864,0.5497566
HGNC:27441,0.20420086
HGNC:26757,0.5519016
HGNC:19000,0.34977084
HGNC:18282,0.2568493
HGNC:28701,0.3561495
HGNC:9163,0.5082721
HGNC:21749,0.89813244
HGNC:8575,0.8648416
HGNC:29422,0.5033198
HGNC:28154,0.58617
HGNC:21360,0.17839497
HGNC:9781,0.68657446
HGNC:8194,0.097195625
HGNC:13966,0.07597959
HGNC:6265,0.9312179
HGNC:25566,0.86297244
HGNC:18517,0.65855575
HGNC:23192,0.31995416
HGNC:8242,0.14746428
HGNC:27146,0.5768306
HGNC:23576,0.9138104
HGNC:19840,0.72762287
HGNC:24944,0.43652952
HGNC:5724,0.92715186
HGNC:23038,0.32867938
HGNC:22917,0.26366234
HGNC:9591,0.20851988
HGNC:26595,0.62558985
HGNC:24247,0.1405679
HGNC:4407,0.64791924
HGNC:24463,0.7816943
HGNC:17898,0.5475164
HGNC:12392,0.8628197
HGNC:27285,0.114326596
HGNC:19698,0.02959776
HGNC:21729,0.8525775
HGNC:23734,0.71879876
HGNC:25717,0.5707995
HGNC:3815,0.774908
HGNC:18025,0.38997948
HGNC:6325,0.9251852
HGNC:7045,0.7342409
HGNC:1066,0.87144005
HGNC:23194,0.90649766
HGNC:25221,0.33192468
HGNC:8808,0.71774733
HGNC:23326,0.6699078
HGNC:30483,0.8018767
HGNC:22235,0.6999889
HGNC:16002,0.39429837
HGNC:120,0.32058227
HGNC:30827,0.2665314
HGNC:6117,0.8666171
HGNC:7189,0.706739
HGNC:2558,0.5605761
HGNC:31745,0.12074244
HGNC:14301,0.0918926
HGNC:17539,0.61880046
HGNC:20113,0.4589213
HGNC:10583,0.30592096
HGNC:655,0.9446993
HGNC:24589,0.45304358
HGNC:25897,0.71460295
HGNC:3061,0.32014424
HGNC:43,0.57541245
HGNC:19421,0.82388306
HGNC:20790,0.84246576
HGNC:1030,0.57042587
HGNC:26617,0.14381766
HGNC:25539,0.48023903
HGNC:7463,0.21811402
HGNC:19697,0.09569001
HGNC:686,0.764297
HGNC:24770,0.13955438
HGNC:18622,0.5511126
HGNC:17350,0.8548149
HGNC:11387,0.8846147
HGNC:10600,0.44005167
HGNC:5172,0.5609239
HGNC:16470,0.20374131
HGNC:9771,0.61497456
HGNC:26176,0.6441053
HGNC:11976,0.52520055
HGNC:18711,0.5620103
HGNC:10802,0.58573675
HGNC:1067,0.697402
HGNC:31326,0.9253174
HGNC:16865,0.90919846
HGNC:28504,0.15829515
HGNC:1080,0.25138772
HGNC:3650,0.4945994
HGNC:10690,0.17998624
HGNC:29121,0.62982863
HGNC:4186,0.8663263
HGNC:4887,0.36495495
HGNC:18395,0.06617713
HGNC:28591,0.38490337
HGNC:3782,0.8131691
HGNC:23231,0.18919694
HGNC:7582,0.26867455
HGNC:25751,0.58126545
HGNC:1950,0.93334
HGNC:2201,0.9423711
HGNC:4244,0.6544693
HGNC:6063,0.8363006
HGNC:24325,0.8608702
HGNC:21368,0.3532406
HGNC:28464,0.16496396
HGNC:10947,0.8387694
HGNC:2408,0.08673352
HGNC:15467,0.26008427
HGNC:28459,0.2779671
HGNC:11364,0.9706442
HGNC:16155,0.19753724
HGNC:216,0.75738704
HGNC:196,0.03954351
HGNC:4232,0.76452965
HGNC:21666,0.3847276
HGNC:16131,0.1335392
HGNC:904,0.76252306
HGNC:7712,0.41453147
HGNC:28385,0.17346275
HGNC:13090,0.19277734
HGNC:27266,0.16500217
HGNC:24166,0.41874748
HGNC:1224,0.7853686
HGNC:24753,0.27097636
HGNC:10925,0.22628844
HGNC:6024,0.2811867
HGNC:25015,0.37266064
HGNC:6693,0.739445
HGNC:16115,0.084686816
HGNC:344,0.8872337
HGNC:27030,0.39780468
HGNC:9019,0.6440981
HGNC:27405,0.29565775
HGNC:16195,0.58026546
HGNC:1381,0.8022627
HGNC:28036,0.22630161
HGNC:23924,0.14217162
HGNC:10731,0.9398707
HGNC:104,0.43001568
HGNC:4636,0.23717606
HGNC:25941,0.16115731
HGNC:24593,0.8965088
HGNC:25774,0.25064355
HGNC:10854,0.6851115
HGNC:29023,0.5601082
HGNC:17753,0.85004306
HGNC:8178,0.19306171
HGNC:26971,0.24332201
HGNC:23836,0.78534144
HGNC:24353,0.71569204
HGNC:31853,0.4164999
HGNC:17558,0.104491055
HGNC:11169,0.6313104
HGNC:5969,0.57203513
HGNC:23783,0.70158887
HGNC:15942,0.4088248
HGNC:19883,0.42019773
HGNC:13780,0.44714892
HGNC:15108,0.076820016
HGNC:5291,0.7046174
HGNC:21386,0.51167035
HGNC:25628,0.8085385
HGNC:24126,0.7024232
HGNC:11193,0.8892423
HGNC:25970,0.4467314
HGNC:10801,0.42388552
HGNC:20071,0.69334495
HGNC:19118,0.5458063
HGNC:34353,0.23970902
HGNC:24677,0.68903935
HGNC:28037,0.31464142
HGNC:12646,0.49790692
HGNC:1143,0.29420817
HGNC:28355,0.25566876
HGNC:6904,0.9689883
HGNC:27396,0.1116963
HGNC:24838,0.49231356
HGNC:29238,0.8975859
HGNC:28480,0.59659934
HGNC:6079,0.79087704
HGNC:6556,0.5973529
HGNC:2521,0.12994552
HGNC:2522,0.16328108
HGNC:13431,0.053076506
HGNC:25137,0.23353016
HGNC:9256,0.27001834
HGNC:11271,0.49144757
HGNC:26690,0.37942982
HGNC:19666,0.45241034
HGNC:26230,0.12719667
HGNC:24858,0.62721694
HGNC:4597,0.8616041
HGNC:6570,0.4495613
HGNC:34449,0.13742638
HGNC:2309,0.5181607
HGNC:21361,0.5949194
HGNC:10876,0.26052952
HGNC:8040,0.34658325
HGNC:3120,0.699518
HGNC:3649,0.8539226
HGNC:26036,0.21125787
HGNC:846,0.37608063
HGNC:12587,0.74923867
HGNC:26177,0.09130263
HGNC:2204,0.60433006
HGNC:6840,0.8658791
HGNC:6368,0.22734255
HGNC:5041,0.9639433
HGNC:6125,0.6892539
HGNC:6990,0.72681135
HGNC:18159,0.22901762
HGNC:20332,0.37451315
HGNC:26245,0.1296823
HGNC:17780,0.090850234
HGNC:10257,0.644397
HGNC:18399,0.38761854
HGNC:28498,0.3858019
HGNC:16389,0.31330264
HGNC:751,0.29670876
HGNC:10992,0.73253036
HGNC:24464,0.68965566
HGNC:24536,0.32432985
HGNC:2454,0.8838663
HGNC:28587,0.6936111
HGNC:25583,0.19927287
HGNC:25901,0.648086
HGNC:11628,0.5488919
HGNC:790,0.5610049
HGNC:12495,0.70128083
HGNC:28487,0.085781336
HGNC:17908,0.93618935
HGNC:18540,0.5187471
HGNC:20001,0.16489112
HGNC:19733,0.9539733
HGNC:28283,0.75361735
HGNC:7180,0.901616
HGNC:17889,0.8767085
HGNC:29897,0.33305013
HGNC:22398,0.5834192
HGNC:5973,0.22460449
HGNC:8171,0.1033628
HGNC:9778,0.69203293
HGNC:15027,0.10805613
HGNC:1656,0.37483764
HGNC:21679,0.42283094
HGNC:9996,0.59637946
HGNC:24510,0.88976943
HGNC:16986,0.47965968
HGNC:29583,0.19500929
HGNC:9765,0.82197315
HGNC:30255,0.74467283
HGNC:11787,0.33739454
HGNC:1378,0.23466945
HGNC:30657,0.46295655
HGNC:3221,0.7591743
HGNC:10637,0.43324816
HGNC:28989,0.18314445
HGNC:29427,0.38581908
HGNC:10638,0.21308917
HGNC:23019,0.9533924
HGNC:24250,0.38497686
HGNC:286,0.8177664
HGNC:918,0.5665127
HGNC:24835,0.6824739
HGNC:5248,0.21718127
HGNC:6228,0.71267295
HGNC:14275,0.29869866
HGNC:27004,0.7396349
HGNC:7960,0.9038251
HGNC:8906,0.27094805
HGNC:28317,0.26821804
HGNC:5996,0.91999036
HGNC:18124,0.44333112
HGNC:15558,0.24250746
HGNC:15362,0.07427716
HGNC:29172,0.4379562
HGNC:27338,0.33499062
HGNC:12559,0.18074417
HGNC:4441,0.107625365
HGNC:95,0.58070755
HGNC:14245,0.24091387
HGNC:2340,0.5774336
HGNC:19353,0.972355
HGNC:25419,0.3704698
HGNC:14417,0.07577282
HGNC:9611,0.8491595
HGNC:34385,0.5838806
HGNC:9582,0.65757775
HGNC:9661,0.7592285
HGNC:10048,0.362342
HGNC:7943,0.6921
HGNC:6283,0.9448681
HGNC:6025,0.15929174
HGNC:10597,0.47581512
HGNC:20796,0.05870247
HGNC:22989,0.21342683
HGNC:10659,0.664068
HGNC:1804,0.43944287
HGNC:28100,0.9006911
HGNC:11260,0.13724524
HGNC:11259,0.14267445
HGNC:15352,0.14905918
HGNC:15353,0.08247709
HGNC:24127,0.62339735
HGNC:26909,0.12641215
HGNC:14336,0.7691635
HGNC:13518,0.5665412
HGNC:26836,0.091456294
HGNC:3128,0.6195031
HGNC:29875,0.17591786
HGNC:25367,0.51779383
HGNC:26606,0.21242273
HGNC:18597,0.16512787
HGNC:14956,0.15142292
HGNC:26047,0.5588952
HGNC:14881,0.9525067
HGNC:4283,0.8890637
HGNC:8647,0.97158706
HGNC:4912,0.4452567
HGNC:19334,0.16533756
HGNC:12709,0.14429629
HGNC:2064,0.2343753
HGNC:26905,0.45104694
HGNC:1081,0.82063305
HGNC:2773,0.32963783
HGNC:16287,0.30473685
HGNC:21014,0.8308995
HGNC:23217,0.22462898
HGNC:26877,0.45886654
HGNC:28443,0.28978753
HGNC:4524,0.1608755
HGNC:28724,0.11429453
HGNC:9849,0.20614004
HGNC:18595,0.9152198
HGNC:14985,0.7357553
HGNC:26307,0.27869892
HGNC:3026,0.16166127
HGNC:1148,0.54354525
HGNC:30621,0.6928489
HGNC:28302,0.3564645
HGNC:1959,0.42385662
HGNC:7394,0.15552783
HGNC:325,0.2224763
HGNC:13825,0.27617878
HGNC:4444,0.26916635
HGNC:3594,0.89417803
HGNC:13164,0.9415712
HGNC:7397,0.38804686
HGNC:24026,0.15681624
HGNC:30086,0.43313015
HGNC:4549,0.8752326
HGNC:9974,0.19656038
HGNC:18985,0.3594817
HGNC:13095,0.6814871
HGNC:6533,0.8451127
HGNC:9803,0.6677151
HGNC:29862,0.3306672
HGNC:6616,0.5940168
HGNC:26763,0.31169713
HGNC:14291,0.8121446
HGNC:26887,0.7302889
HGNC:12527,0.6377669
HGNC:21205,0.91475797
HGNC:23974,0.44316757
HGNC:5039,0.9377369
HGNC:1122,0.27408087
HGNC:24292,0.7143389
HGNC:11528,0.20192617
HGNC:20374,0.72281444
HGNC:8659,0.823369
HGNC:10249,0.5440942
HGNC:8138,0.7961962
HGNC:13509,0.15796757
HGNC:8539,0.77685285
HGNC:2516,0.93786836
HGNC:19028,0.44244158
HGNC:16800,0.04328811
HGNC:18075,0.13318658
HGNC:12775,0.5049188
HGNC:24193,0.11229932
HGNC:9963,0.713786
HGNC:7513,0.28448993
HGNC:16273,0.85563356
HGNC:6149,0.5148078
HGNC:12020,0.7051507
HGNC:11856,0.18055975
HGNC:24055,0.2925437
HGNC:1436,0.29358315
HGNC:11853,0.4721796
HGNC:29038,0.44570136
HGNC:20718,0.82979435
HGNC:4696,0.50161123
HGNC:1104,0.8559493
HGNC:13672,0.8648819
HGNC:29007,0.9590307
HGNC:16700,0.9148766
HGNC:28200,0.19295543
HGNC:28350,0.29630554
HGNC:26273,0.7871494
HGNC:15661,0.051426113
HGNC:28444,0.2898661
HGNC:6854,0.9345831
HGNC:26914,0.062379837
HGNC:21083,0.8711493
HGNC:13099,0.5945182
HGNC:18335,0.20950907
HGNC:27006,0.78095233
HGNC:14290,0.9735077
HGNC:7607,0.33109152
HGNC:1918,0.90758455
HGNC:26489,0.15902084
HGNC:19156,0.57553256
HGNC:400,0.77394605
HGNC:12852,0.961656
HGNC:12479,0.95235384
HGNC:29616,0.37499917
HGNC:19894,0.6914782
HGNC:27022,0.2171005
HGNC:6230,0.17887568
HGNC:15995,0.07312608
HGNC:29940,0.11166245
HGNC:14923,0.30547976
HGNC:24779,0.41940242
HGNC:26775,0.22389764
HGNC:1540,0.13633543
HGNC:26479,0.14855158
HGNC:17043,0.7144551
HGNC:3805,0.121845245
HGNC:4480,0.37880814
HGNC:12477,0.88683635
HGNC:24941,0.94622797
HGNC:21680,0.8286978
HGNC:23138,0.5749473
HGNC:29072,0.38629436
HGNC:20232,0.36822486
HGNC:5138,0.47923255
HGNC:1961,0.41005987
HGNC:5135,0.39119607
HGNC:4702,0.2560355
HGNC:20067,0.59887886
HGNC:10926,0.24395984
HGNC:16140,0.23565054
HGNC:21027,0.145836
HGNC:278,0.7227781
HGNC:30925,0.4847682
HGNC:3561,0.20786452
HGNC:29406,0.8621919
HGNC:20079,0.06430817
HGNC:20076,0.9213412
HGNC:8766,0.7537032
HGNC:13004,0.361282
HGNC:1304,0.117605805
HGNC:25808,0.25187445
HGNC:13076,0.7273053
HGNC:20356,0.2791273
HGNC:1334,0.27256888
HGNC:2379,0.51482916
HGNC:5247,0.39431936
HGNC:21724,0.104952455
HGNC:2153,0.15911806
HGNC:11089,0.34187174
HGNC:30617,0.16416335
HGNC:19179,0.46283287
HGNC:4067,0.8873991
HGNC:24842,0.16053993
HGNC:11443,0.25871587
HGNC:1722,0.9512042
HGNC:12463,0.8521264
HGNC:7802,0.7275033
HGNC:3559,0.24459898
HGNC:28572,0.08714056
HGNC:13995,0.77996475
HGNC:15629,0.842893
HGNC:3796,0.7937725
HGNC:16998,0.8903874
HGNC:10762,0.29999423
HGNC:6767,0.9397395
HGNC:2477,0.08019602
HGNC:2474,0.057296276
HGNC:3341,0.9108824
HGNC:2473,0.07997495
HGNC:17321,0.6155511
HGNC:26878,0.074404776
HGNC:10727,0.54232824
HGNC:16914,0.78659433
HGNC:11012,0.9281711
HGNC:19002,0.8072605
HGNC:21711,0.6546842
HGNC:13309,0.51557946
HGNC:26391,0.42396772
HGNC:28499,0.67394024
HGNC:6446,0.45344913
HGNC:28926,0.10722387
HGNC:264,0.21001226
HGNC:29958,0.44521803
HGNC:7059,0.18016255
HGNC:28276,0.33824348
HGNC:6463,0.1822381
HGNC:18726,0.6209898
HGNC:24431,0.27897763
HGNC:28338,0.9055524
HGNC:1628,0.22106308
HGNC:28429,0.3516847
HGNC:20406,0.057352364
HGNC:27322,0.4005419
HGNC:29221,0.9293555
HGNC:30258,0.71283865
HGNC:30125,0.30878842
HGNC:6441,0.23203892
HGNC:28929,0.10494411
HGNC:7895,0.9236986
HGNC:28932,0.14609861
HGNC:6341,0.21885753
HGNC:24788,0.6369446
HGNC:8056,0.47999263
HGNC:18685,0.124961495
HGNC:8550,0.94515556
HGNC:15829,0.93339986
HGNC:6460,0.13721573
HGNC:8874,0.7565849
HGNC:23000,0.4344567
HGNC:697,0.53999674
HGNC:8955,0.48587406
HGNC:26918,0.5675147
HGNC:14358,0.60520303
HGNC:1759,0.83011377
HGNC:14359,0.6701554
HGNC:30465,0.24974692
HGNC:10888,0.91686094
HGNC:2905,0.85352236
HGNC:11363,0.7928196
HGNC:30535,0.53703743
HGNC:21728,0.906369
HGNC:15339,0.060102165
HGNC:5237,0.85649014
HGNC:5023,0.7845271
HGNC:28397,0.3552153
HGNC:9359,0.50503576
HGNC:17902,0.30677038
HGNC:10807,0.40139377
HGNC:26565,0.5083098
HGNC:12947,0.24710113
HGNC:21706,0.28853756
HGNC:17297,0.79571503
HGNC:180,0.25389862
HGNC:28805,0.70090795
HGNC:792,0.92240524
HGNC:35202,0.19775915
HGNC:16833,0.8649825
HGNC:33742,0.21233255
HGNC:8162,0.09663731
HGNC:15981,0.8629216
HGNC:5120,0.639767
HGNC:26664,0.20034158
HGNC:9181,0.42497218
HGNC:19265,0.7445972
HGNC:6302,0.6101941
HGNC:17886,0.3119946
HGNC:6324,0.83100367
HGNC:4494,0.5267782
HGNC:371,0.7790331
HGNC:23382,0.12882602
HGNC:14625,0.4138533
HGNC:15130,0.073222876
HGNC:30311,0.35951424
HGNC:23460,0.17076522
HGNC:8161,0.11067283
HGNC:28314,0.54237396
HGNC:30406,0.33464146
HGNC:5281,0.74776083
HGNC:15142,0.059052825
HGNC:6648,0.29745066
HGNC:1041,0.15750468
HGNC:3969,0.27776408
HGNC:19143,0.85356224
HGNC:1848,0.28443903
HGNC:9277,0.56103766
HGNC:4482,0.60729116
HGNC:9523,0.059648633
HGNC:21751,0.9088217
HGNC:19441,0.2681107
HGNC:26937,0.4164586
HGNC:17874,0.33623385
HGNC:28992,0.8826977
HGNC:20443,0.86073184
HGNC:28472,0.24880785
HGNC:17023,0.7907153
HGNC:10442,0.95890176
HGNC:9030,0.075951695
HGNC:24435,0.22504658
HGNC:15506,0.71231985
HGNC:12298,0.31968212
HGNC:4629,0.52657324
HGNC:29383,0.6322671
HGNC:7686,0.3574965
HGNC:29960,0.19344425
HGNC:15708,0.60464984
HGNC:8053,0.3211013
HGNC:30212,0.9038607
HGNC:11736,0.17325461
HGNC:9016,0.4108535
HGNC:26979,0.23580372
HGNC:12948,0.5789826
HGNC:8898,0.22752392
HGNC:15307,0.09610915
HGNC:20636,0.44548547
HGNC:9400,0.2128095
HGNC:1815,0.13629365
HGNC:20625,0.18910009
HGNC:4819,0.9146192
HGNC:30620,0.5653819
HGNC:18961,0.18129343
HGNC:3165,0.88591653
HGNC:19133,0.47910684
HGNC:14852,0.058250666
HGNC:30256,0.80991435
HGNC:26272,0.3879429
HGNC:9017,0.6270646
HGNC:27806,0.89531386
HGNC:26437,0.3791216
HGNC:3827,0.5138204
HGNC:24664,0.059988618
HGNC:14755,0.15924555
HGNC:3660,0.20316577
HGNC:18196,0.67275
HGNC:32296,0.05349773
HGNC:1174,0.22043711
HGNC:427,0.6683971
HGNC:1564,0.2117821
HGNC:7448,0.93040425
HGNC:23381,0.097084165
HGNC:26070,0.2728945
HGNC:6091,0.72226703
HGNC:18262,0.46005917
HGNC:21792,0.29718614
HGNC:8007,0.36693245
HGNC:6287,0.16040719
HGNC:4014,0.16655916
HGNC:18306,0.792546
HGNC:21723,0.3528973
HGNC:9401,0.9330525
HGNC:8264,0.09338033
HGNC:26926,0.47332263
HGNC:17135,0.13915277
HGNC:19422,0.5885698
HGNC:16852,0.78217775
HGNC:24338,0.8526793
HGNC:17823,0.26885372
HGNC:24001,0.4048192
HGNC:26179,0.5075186
HGNC:26049,0.3282441
HGNC:25446,0.8096963
HGNC:30325,0.19991326
HGNC:8270,0.148889
HGNC:4579,0.5274612
HGNC:7518,0.14422858
HGNC:17279,0.078560114
HGNC:17326,0.07565999
HGNC:25382,0.2978598
HGNC:30883,0.22762346
HGNC:15579,0.9128403
HGNC:14644,0.7015834
HGNC:2446,0.060852587
HGNC:2042,0.12078202
HGNC:29829,0.34219003
HGNC:10566,0.4112481
HGNC:6205,0.9351804
HGNC:23519,0.5557257
HGNC:18216,0.4797796
HGNC:12554,0.10447359
HGNC:29480,0.2720691
HGNC:29547,0.47019595
HGNC:21748,0.7264551
HGNC:7952,0.7826549
HGNC:26773,0.45443696
HGNC:20873,0.339552
HGNC:20874,0.24971402
HGNC:4065,0.2490009
HGNC:19721,0.33614105
HGNC:6278,0.90488493
HGNC:20714,0.54239964
HGNC:17422,0.82225734
HGNC:17286,0.27417827
HGNC:8888,0.29593778
HGNC:20626,0.95427805
HGNC:27230,0.36955607
HGNC:6436,0.58918583
HGNC:6421,0.22300875
HGNC:32327,0.3574683
HGNC:6456,0.12580812
HGNC:2023,0.8642372
HGNC:24164,0.61129725
HGNC:6239,0.896456
HGNC:16665,0.32118165
HGNC:16928,0.14027935
HGNC:6415,0.37913787
HGNC:14618,0.2182318
HGNC:6447,0.32530558
HGNC:30930,0.08323431
HGNC:8792,0.75260615
HGNC:25017,0.44233567
HGNC:7645,0.21116996
HGNC:20412,0.17299652
HGNC:33358,0.19005191
HGNC:18610,0.91882145
HGNC:28322,0.37880826
HGNC:6935,0.41316044
HGNC:30841,0.17609632
HGNC:23383,0.81903625
HGNC:1776,0.85342574
HGNC:18144,0.6173322
HGNC:20194,0.2176106
HGNC:18318,0.42852682
HGNC:8218,0.065057755
HGNC:21113,0.7731672
HGNC:25950,0.44222832
HGNC:13578,0.7486872
HGNC:28684,0.34582603
HGNC:30923,0.56912076
HGNC:24961,0.22844541
HGNC:19142,0.18839741
HGNC:8215,0.075291276
HGNC:8181,0.10063398
HGNC:21269,0.25121087
HGNC:25075,0.6845974
HGNC:31353,0.25219715
HGNC:24534,0.33233666
HGNC:16992,0.8819215
HGNC:26857,0.14010668
HGNC:15110,0.15109593
HGNC:9257,0.29360813
HGNC:15111,0.13061905
HGNC:20821,0.21209925
HGNC:3483,0.2777828
HGNC:19718,0.27844608
HGNC:14298,0.6640277
HGNC:9596,0.86172414
HGNC:11579,0.6660801
HGNC:7763,0.9306636
HGNC:6868,0.6865499
HGNC:8518,0.7219785
HGNC:3147,0.38243586
HGNC:992,0.95473164
HGNC:3694,0.61666536
HGNC:3661,0.22392738
HGNC:19620,0.1232304
HGNC:3662,0.7209754
HGNC:9089,0.8882909
HGNC:27318,0.42015696
HGNC:3039,0.8711394
HGNC:18744,0.31261337
HGNC:4518,0.22127032
HGNC:17447,0.789494
HGNC:26943,0.9064711
HGNC:13068,0.6986319
HGNC:8977,0.9033284
HGNC:21290,0.19239491
HGNC:29681,0.5636106
HGNC:3345,0.8347224
HGNC:30628,0.8375892
HGNC:8543,0.32384396
HGNC:3581,0.9401963
HGNC:30367,0.18142807
HGNC:33104,0.32374835
HGNC:4533,0.30169678
HGNC:4490,0.69541913
HGNC:29105,0.6012498
HGNC:20092,0.88164055
HGNC:33718,0.16822016
HGNC:13735,0.8656385
HGNC:11614,0.6530724
HGNC:2767,0.031413138
HGNC:27337,0.29063296
HGNC:4854,0.86212736
HGNC:27648,0.085562706
HGNC:15465,0.9164798
HGNC:29315,0.41952008
HGNC:25488,0.5235299
HGNC:18806,0.9110669
HGNC:6565,0.2950667
HGNC:28408,0.23320329
HGNC:8582,0.08235997
HGNC:28762,0.2874936
HGNC:4175,0.73592734
HGNC:28852,0.2610488
HGNC:25179,0.21752071
HGNC:18958,0.6962713
HGNC:7817,0.4919321
HGNC:26313,0.16540718
HGNC:990,0.8067361
HGNC:28206,0.38854915
HGNC:2519,0.8461298
HGNC:12634,0.20959187
HGNC:29374,0.6904398
HGNC:29934,0.27418947
HGNC:28793,0.18094194
HGNC:25247,0.3985263
HGNC:2216,0.6883454
HGNC:25150,0.798494
HGNC:8680,0.22164047
HGNC:25331,0.4702847
HGNC:24078,0.08641374
HGNC:28624,0.8724456
HGNC:9138,0.44611895
HGNC:26416,0.45051807
HGNC:7825,0.24943697
HGNC:7136,0.9347959
HGNC:25526,0.14616328
HGNC:24284,0.22323072
HGNC:10409,0.7070397
HGNC:1319,0.1197803
HGNC:18485,0.19839919
HGNC:9588,0.92156583
HGNC:10440,0.95158
HGNC:15748,0.24807596
HGNC:18466,0.59326196
HGNC:9449,0.5987079
HGNC:18830,0.13092422
HGNC:280,0.24409938
HGNC:28214,0.8557007
HGNC:637,0.48406094
HGNC:13265,0.07323438
HGNC:15447,0.78818
HGNC:33874,0.11968601
HGNC:20399,0.44199085
HGNC:1211,0.12529814
HGNC:8174,0.06849414
HGNC:13009,0.9358028
HGNC:8173,0.12622738
HGNC:19580,0.07712996
HGNC:10575,0.39016593
HGNC:18802,0.39265192
HGNC:26820,0.45585322
HGNC:3799,0.9188808
HGNC:14651,0.57245034
HGNC:25384,0.24280494
HGNC:13125,0.2507869
HGNC:26318,0.30355775
HGNC:23986,0.046782374
HGNC:12313,0.95475096
HGNC:21481,0.18854737
HGNC:30672,0.7994716
HGNC:25669,0.17144495
HGNC:6817,0.5507463
HGNC:26629,0.29164302
HGNC:16075,0.71527886
HGNC:11793,0.58811486
HGNC:31982,0.058592796
HGNC:8601,0.30640036
HGNC:4140,0.44401985
HGNC:9952,0.14793056
HGNC:23758,0.38165694
HGNC:6487,0.50823003
HGNC:12617,0.87984765
HGNC:9751,0.43295884
HGNC:16038,0.78338975
HGNC:11811,0.283373
HGNC:20818,0.14904118
HGNC:11117,0.19480085
HGNC:3255,0.71087074
HGNC:29802,0.23156571
HGNC:28039,0.5052622
HGNC:20567,0.22429377
HGNC:19986,0.9140142
HGNC:1707,0.18367255
HGNC:25500,0.2874812
HGNC:1435,0.30146265
HGNC:31401,0.30836886
HGNC:8179,0.09733802
HGNC:8180,0.21570766
HGNC:15310,0.07702136
HGNC:29465,0.10381758
HGNC:10610,0.07256937
HGNC:24125,0.7205502
HGNC:11168,0.4640758
HGNC:7417,0.21892405
HGNC:26223,0.5709936
HGNC:14278,0.31277126
HGNC:6819,0.8241875
HGNC:9445,0.23836845
HGNC:6130,0.3288647
HGNC:15167,0.0835464
HGNC:21579,0.20360506
HGNC:19611,0.07081425
HGNC:5363,0.3725096
HGNC:15184,0.052277327
HGNC:4477,0.71754396
HGNC:16647,0.29652292
HGNC:1834,0.85019267
HGNC:913,0.21707857
HGNC:12019,0.051175416
HGNC:797,0.652762
HGNC:16945,0.9118333
HGNC:14558,0.12351984
HGNC:24738,0.18717194
HGNC:14346,0.31931472
HGNC:17302,0.86859393
HGNC:12915,0.9217641
HGNC:16126,0.7386812
HGNC:2995,0.56991994
HGNC:1116,0.48800856
HGNC:17850,0.7157276
HGNC:15136,0.07999039
HGNC:23826,0.69272864
HGNC:16253,0.4382404
HGNC:28848,0.42690098
HGNC:16197,0.4645847
HGNC:916,0.65014684
HGNC:8319,0.1182338
HGNC:31713,0.14657849
HGNC:1093,0.5080057
HGNC:19949,0.54860425
HGNC:28287,0.29353487
HGNC:11450,0.17734426
HGNC:18065,0.27684158
HGNC:30359,0.42688203
HGNC:3041,0.78401625
HGNC:5980,0.46734202
HGNC:13884,0.55349344
HGNC:4398,0.94714046
HGNC:26530,0.11013591
HGNC:15432,0.06611925
HGNC:8323,0.14770973
HGNC:29000,0.83726394
HGNC:14718,0.1319238
HGNC:16876,0.8473434
HGNC:19663,0.79881
HGNC:15302,0.28118002
HGNC:15475,0.43460763
HGNC:1330,0.36922246
HGNC:17732,0.53303415
HGNC:24986,0.06577271
HGNC:16999,0.754227
HGNC:6088,0.08434427
HGNC:26379,0.15526187
HGNC:33708,0.17460978
HGNC:21057,0.14162338
HGNC:21314,0.32473242
HGNC:4670,0.80109745
HGNC:25610,0.16181636
HGNC:15322,0.07729292
HGNC:5984,0.22093385
HGNC:15260,0.07336819
HGNC:4020,0.7078115
HGNC:15258,0.275334
HGNC:11616,0.76336
HGNC:13032,0.8863641
HGNC:21072,0.41591525
HGNC:26216,0.12591666
HGNC:341,0.19865239
HGNC:14855,0.07168478
HGNC:15297,0.07749593
HGNC:7135,0.7510327
HGNC:24436,0.1377796
HGNC:3705,0.5214791
HGNC:29268,0.31080925
HGNC:15389,0.17693388
HGNC:13450,0.882447
HGNC:9281,0.90265596
HGNC:4839,0.9817099
HGNC:19736,0.15125549
HGNC:2546,0.11381477
HGNC:28018,0.49472094
HGNC:30588,0.117311716
HGNC:13741,0.23065084
HGNC:33547,0.22831368
HGNC:8778,0.65249205
HGNC:9878,0.811938
HGNC:18653,0.49875736
HGNC:23518,0.2103405
HGNC:16655,0.22079873
HGNC:17389,0.11984372
HGNC:18314,0.7356761
HGNC:9827,0.29664367
HGNC:3219,0.70093393
HGNC:14819,0.12916553
HGNC:23467,0.13242757
HGNC:23414,0.34863162
HGNC:26142,0.13007224
HGNC:29983,0.56045926
HGNC:23504,0.199013
HGNC:21569,0.23989594
HGNC:7199,0.36824667
HGNC:32469,0.48329592
HGNC:13368,0.07369113
HGNC:26633,0.14652681
HGNC:10617,0.51556027
HGNC:2253,0.5172177
HGNC:19234,0.2316007
HGNC:23421,0.5311743
HGNC:29814,0.30323386
HGNC:17930,0.8473948
HGNC:21238,0.23533416
HGNC:15178,0.10786617
HGNC:27268,0.18918794
HGNC:26674,0.23348618
HGNC:1874,0.9541418
HGNC:29116,0.8417258
HGNC:26164,0.28220594
HGNC:8324,0.10871971
HGNC:28061,0.33311415
HGNC:15139,0.16755271
HGNC:8227,0.07812297
HGNC:19983,0.54150915
HGNC:30459,0.132788
HGNC:17134,0.20216984
HGNC:5127,0.3708442
HGNC:30268,0.25599718
HGNC:24452,0.75841594
HGNC:26423,0.1177665
HGNC:10349,0.9623401
HGNC:2652,0.3114078
HGNC:8525,0.8455521
HGNC:9866,0.92076814
HGNC:26741,0.35231733
HGNC:1865,0.17048252
HGNC:30581,0.2375235
HGNC:1864,0.19882542
HGNC:30263,0.516868
HGNC:11208,0.943152
HGNC:6439,0.48304415
HGNC:2937,0.84517574
HGNC:32583,0.33368796
HGNC:24787,0.4136492
HGNC:20594,0.119167686
HGNC:29832,0.27692193
HGNC:2860,0.19019997
HGNC:7648,0.94701934
HGNC:24116,0.24593258
HGNC:7563,0.15042156
HGNC:27880,0.7313175
HGNC:24828,0.41093588
HGNC:7562,0.7131342
HGNC:8508,0.8100746
HGNC:8494,0.073281884
HGNC:20672,0.8670723
HGNC:26756,0.5806114
HGNC:255,0.21901226
HGNC:28778,0.19986475
HGNC:5275,0.7904552
HGNC:24699,0.6777531
HGNC:33383,0.24107271
HGNC:18374,0.5821606
HGNC:26238,0.5830455
HGNC:16968,0.7026547
HGNC:30781,0.8209566
HGNC:26900,0.08242977
HGNC:289,0.89874923
HGNC:9955,0.9292227
HGNC:19747,0.19398296
HGNC:26897,0.37015617
HGNC:26611,0.90650105
HGNC:25563,0.6061295
HGNC:30988,0.8738333
HGNC:23658,0.10021114
HGNC:14666,0.15105116
HGNC:5164,0.19425392
HGNC:25223,0.33310086
HGNC:26669,0.09508622
HGNC:5239,0.1875261
HGNC:26940,0.418424
HGNC:17200,0.68973374
HGNC:13606,0.9723143
HGNC:31665,0.1794765
HGNC:21738,0.66574216
HGNC:14514,0.3914858
HGNC:24034,0.3462082
HGNC:3471,0.8127874
HGNC:670,0.46586293
HGNC:17178,0.26602495
HGNC:23024,0.64129055
HGNC:14436,0.85355365
HGNC:7504,0.48130554
HGNC:236,0.8455023
HGNC:29232,0.6985483
HGNC:17451,0.43508244
HGNC:26876,0.27466023
HGNC:19083,0.8265369
HGNC:66,0.5945096
HGNC:20437,0.21314079
HGNC:29132,0.5952479
HGNC:26787,0.19768453
HGNC:15512,0.6504105
HGNC:4330,0.22027606
HGNC:28949,0.33889365
HGNC:18381,0.2625758
HGNC:4429,0.65761036
HGNC:34442,0.23318583
HGNC:23455,0.14965194
HGNC:23624,0.14773822
HGNC:2935,0.652583
HGNC:23384,0.8364371
HGNC:31746,0.23859352
HGNC:18301,0.64866686
HGNC:24300,0.7665171
HGNC:11141,0.27788627
HGNC:19888,0.30304176
HGNC:33187,0.20848906
HGNC:11941,0.74785763
HGNC:21039,0.8173086
HGNC:13083,0.8511995
HGNC:14942,0.6169916
HGNC:14693,0.08186078
HGNC:23623,0.14951932
HGNC:25450,0.74150574
HGNC:6850,0.70362973
HGNC:16891,0.8488145
HGNC:13261,0.10890734
HGNC:6282,0.12852895
HGNC:28767,0.37099218
HGNC:1242,0.6847286
HGNC:1241,0.5047325
HGNC:26256,0.7167622
HGNC:28607,0.12842333
HGNC:8133,0.4806518
HGNC:28392,0.14079815
HGNC:2666,0.8670449
HGNC:6090,0.575199
HGNC:2661,0.88069004
HGNC:29561,0.26478207
HGNC:15908,0.6037335
HGNC:27945,0.36791605
HGNC:10513,0.24710262
HGNC:30682,0.48144
HGNC:20854,0.29639894
HGNC:22431,0.30130196
HGNC:14646,0.7946941
HGNC:9057,0.59106314
HGNC:11328,0.21547371
HGNC:24167,0.07078755
HGNC:11104,0.9337701
HGNC:20646,0.2212522
HGNC:9675,0.8384398
HGNC:3718,0.7403827
HGNC:12681,0.13540626
HGNC:29431,0.6918488
HGNC:11907,0.24616063
HGNC:7380,0.15942276
HGNC:11906,0.12693667
HGNC:22932,0.45440853
HGNC:29801,0.5091762
HGNC:30958,0.66635716
HGNC:2466,0.6552497
HGNC:28468,0.75113595
HGNC:26232,0.34389448
HGNC:18989,0.12670612
HGNC:22937,0.14572555
HGNC:1917,0.9633433
HGNC:1625,0.22915888
HGNC:30181,0.6843337
HGNC:1610,0.38890094
HGNC:17966,0.29966164
HGNC:17845,0.17406714
HGNC:8051,0.8737021
HGNC:8636,0.72728026
HGNC:12542,0.07602644
HGNC:26709,0.86934334
HGNC:18510,0.08093971
HGNC:17877,0.4713024
HGNC:28456,0.80826795
HGNC:21090,0.26220334
HGNC:32152,0.21130538
HGNC:10937,0.22751403
HGNC:5249,0.4104184
HGNC:13721,0.710145
HGNC:12590,0.4918368
HGNC:14448,0.14262325
HGNC:26226,0.56627
HGNC:3250,0.9704718
HGNC:48334,0.092678905
HGNC:8213,0.14103359
HGNC:27413,0.7557216
HGNC:9554,0.9407613
HGNC:4516,0.7912551
HGNC:17884,0.09725267
HGNC:7511,0.5335419
HGNC:29061,0.16542399
HGNC:29227,0.56714034
HGNC:30916,0.4819808
HGNC:26197,0.27958977
HGNC:20947,0.7394407
HGNC:30435,0.12970114
HGNC:5175,0.8420782
HGNC:11367,0.9037759
HGNC:1695,0.3699988
HGNC:24746,0.75713474
HGNC:6207,0.65150017
HGNC:4812,0.12205899
HGNC:25044,0.08992559
HGNC:3249,0.9503936
HGNC:26640,0.18299079
HGNC:14539,0.43659145
HGNC:18334,0.25714564
HGNC:18862,0.07275593
HGNC:2154,0.50742096
HGNC:14592,0.48910815
HGNC:22205,0.65843666
HGNC:16815,0.47349006
HGNC:26895,0.70110834
HGNC:12413,0.40182424
HGNC:15682,0.9382473
HGNC:23693,0.24031734
HGNC:1552,0.8350587
HGNC:11276,0.74151254
HGNC:15448,0.4646181
HGNC:30842,0.16141176
HGNC:28842,0.6640183
HGNC:5113,0.4727999
HGNC:14324,0.41390854
HGNC:28728,0.7227702
HGNC:26638,0.19207883
HGNC:23612,0.3140874
HGNC:9901,0.928199
HGNC:26639,0.3679248
HGNC:27265,0.20256943
HGNC:18286,0.18478358
HGNC:34296,0.45770955
HGNC:11610,0.547374
HGNC:1613,0.2600516
HGNC:24613,0.7236663
HGNC:28209,0.3914129
HGNC:29347,0.9469906
HGNC:29148,0.9265096
HGNC:30720,0.15939814
HGNC:28399,0.87486494
HGNC:4408,0.6291873
HGNC:27371,0.35192132
HGNC:31418,0.08183396
HGNC:1662,0.333992
HGNC:2531,0.23896718
HGNC:27375,0.5012286
HGNC:28887,0.8493186
HGNC:27558,0.27252382
HGNC:15634,0.18563765
HGNC:11847,0.06957102
HGNC:16711,0.4298182
HGNC:24943,0.25756902
HGNC:26896,0.7178519
HGNC:31860,0.24809468
HGNC:29229,0.8093138
HGNC:26804,0.17192435
HGNC:4628,0.2433629
HGNC:27387,0.29701614
HGNC:26022,0.45290458
HGNC:10721,0.07768953
HGNC:28005,0.08405924
HGNC:14010,0.9449466
HGNC:26517,0.7502329
HGNC:31709,0.26209593
HGNC:28605,0.15946251
HGNC:25985,0.25644517
HGNC:17340,0.8916416
HGNC:237,0.7083664
HGNC:33748,0.17299008
HGNC:9001,0.8858746
HGNC:17347,0.8083339
HGNC:1177,0.22941458
HGNC:3507,0.540795
HGNC:23847,0.9509833
HGNC:11940,0.26619065
HGNC:15935,0.7338745
HGNC:8934,0.43317008
HGNC:23093,0.187074
HGNC:31037,0.17710507
HGNC:29525,0.5703496
HGNC:14079,0.3368789
HGNC:23174,0.32120478
HGNC:27960,0.14517117
HGNC:28584,0.22580564
HGNC:3511,0.29630464
HGNC:17770,0.8378756
HGNC:6601,0.51656765
HGNC:16159,0.26372063
HGNC:12299,0.64789516
HGNC:33125,0.5021783
HGNC:30655,0.20633233
HGNC:812,0.8981071
HGNC:25468,0.2300098
HGNC:10353,0.9632495
HGNC:15484,0.19299567
HGNC:18066,0.22884876
HGNC:26695,0.24599385
HGNC:37203,0.7047353
HGNC:33790,0.18405545
HGNC:27273,0.46261144
HGNC:13830,0.59835863
HGNC:33844,0.5631193
HGNC:21207,0.7926476
HGNC:966,0.23970789
HGNC:24321,0.818731
HGNC:9700,0.495367
HGNC:20253,0.37029886
HGNC:14469,0.64976454
HGNC:30010,0.65582156
HGNC:26395,0.4965095
HGNC:13879,0.17113906
HGNC:32349,0.18557024
HGNC:14042,0.22196531
HGNC:20453,0.2588395
HGNC:6004,0.16338539
HGNC:24766,0.5707407
HGNC:25744,0.7147794
HGNC:18983,0.7903215
HGNC:25544,0.86855364
HGNC:28371,0.39063895
HGNC:2121,0.43636668
HGNC:30534,0.49934095
HGNC:12555,0.71081525
HGNC:26576,0.41477382
HGNC:28556,0.1995095
HGNC:10955,0.24785495
HGNC:13059,0.32263237
HGNC:8380,0.071146965
HGNC:11004,0.19051766
HGNC:11405,0.808447
HGNC:15685,0.6144992
HGNC:28330,0.4186324
HGNC:6553,0.7131813
HGNC:29242,0.67155063
HGNC:24912,0.39206117
HGNC:23428,0.22000468
HGNC:7963,0.7004168
HGNC:13629,0.8749976
HGNC:17262,0.29373097
HGNC:10306,0.9441813
HGNC:26813,0.66837704
HGNC:5173,0.77162015
HGNC:26587,0.1009261
HGNC:11303,0.6153625
HGNC:30209,0.26335502
HGNC:18749,0.36713004
HGNC:26300,0.19821495
HGNC:23189,0.3533646
HGNC:29086,0.300959
HGNC:4042,0.86192656
HGNC:18219,0.635375
HGNC:1121,0.29937297
HGNC:8821,0.14524704
HGNC:26635,0.69040763
HGNC:25386,0.7272086
HGNC:14373,0.3821603
HGNC:2943,0.19507909
HGNC:16688,0.22585773
HGNC:28744,0.9224035
HGNC:475,0.068476975
HGNC:22944,0.5165718
HGNC:20371,0.33394766
HGNC:24152,0.47436637
HGNC:28598,0.23218602
HGNC:18370,0.8890161
HGNC:15319,0.1294232
HGNC:15463,0.5904309
HGNC:33702,0.2668295
HGNC:26434,0.19988215
HGNC:14806,0.03718531
HGNC:30844,0.71274114
HGNC:27380,0.3817804
HGNC:22234,0.5202197
HGNC:16442,0.2722839
HGNC:22231,0.060026646
HGNC:30057,0.42596233
HGNC:23627,0.20629328
HGNC:32043,0.14921474
HGNC:4012,0.2704687
HGNC:14410,0.75626814
HGNC:19612,0.105636
HGNC:20393,0.6487112
HGNC:19607,0.10561609
HGNC:15183,0.101183176
HGNC:13597,0.20168024
HGNC:1377,0.28125584
HGNC:30961,0.7362248
HGNC:20716,0.8159783
HGNC:10963,0.06477797
HGNC:31653,0.27830637
HGNC:2495,0.6815286
HGNC:1970,0.64691603
HGNC:20341,0.79106987
HGNC:882,0.69710755
HGNC:15937,0.55059814
HGNC:21307,0.114723444
HGNC:28635,0.6408982
HGNC:30897,0.9578665
HGNC:28580,0.11726844
HGNC:2770,0.6201122
HGNC:18981,0.8751254
HGNC:30630,0.40230966
HGNC:9832,0.556468
HGNC:12036,0.91320395
HGNC:25612,0.9582797
HGNC:30453,0.22590709
HGNC:14508,0.40276027
HGNC:30032,0.9035754
HGNC:20477,0.2118932
HGNC:7142,0.37366784
HGNC:29360,0.6972844
HGNC:8277,0.0655396
HGNC:18326,0.9385549
HGNC:29849,0.84545404
HGNC:9559,0.95215285
HGNC:34503,0.5332216
HGNC:19322,0.8402646
HGNC:28308,0.671161
HGNC:2470,0.26470828
HGNC:6068,0.24600375
HGNC:18253,0.44926208
HGNC:2726,0.72278523
HGNC:8653,0.3547784
HGNC:2712,0.8738048
HGNC:7939,0.17607063
HGNC:20041,0.40104043
HGNC:17077,0.7937098
HGNC:28959,0.8967622
HGNC:673,0.75005215
HGNC:17556,0.2706024
HGNC:29091,0.84131026
HGNC:24144,0.16742468
HGNC:26730,0.18012506
HGNC:1969,0.83840805
HGNC:31972,0.1421591
HGNC:27088,0.20018983
HGNC:16842,0.7893208
HGNC:23406,0.5901176
HGNC:23396,0.13337624
HGNC:17116,0.22959107
HGNC:1590,0.77145326
HGNC:28249,0.13732839
HGNC:26795,0.22521633
HGNC:2478,0.5165813
HGNC:27287,0.2071867
HGNC:30574,0.20898211
HGNC:20472,0.61939645
HGNC:9455,0.4310907
HGNC:28084,0.17991626
HGNC:17397,0.9072913
HGNC:615,0.2998551
HGNC:1960,0.5859289
HGNC:1168,0.762776
HGNC:1167,0.21980405
HGNC:9650,0.9128891
HGNC:30425,0.2400719
HGNC:28147,0.42030305
HGNC:6768,0.94340754
HGNC:3275,0.7944069
HGNC:15132,0.07047248
HGNC:13043,0.2915017
HGNC:15378,0.22702074
HGNC:22042,0.32564473
HGNC:2091,0.7939968
HGNC:8743,0.54801196
HGNC:6677,0.41136926
HGNC:29587,0.22182155
HGNC:25766,0.28898346
HGNC:24702,0.6609458
HGNC:10538,0.78954697
HGNC:23732,0.79274285
HGNC:26183,0.6361236
HGNC:14106,0.5113587
HGNC:15239,0.21776569
HGNC:29806,0.8090453
HGNC:20823,0.8950477
HGNC:17412,0.84442973
HGNC:23622,0.22697508
HGNC:28294,0.12513918
HGNC:12510,0.23196769
HGNC:9155,0.12691051
HGNC:37216,0.62973386
HGNC:6243,0.50847346
HGNC:1386,0.117221
HGNC:31088,0.23169017
HGNC:3019,0.73658085
HGNC:21152,0.7401823
HGNC:12519,0.095599115
HGNC:12518,0.2271452
HGNC:28801,0.63153625
HGNC:25687,0.2845503
HGNC:16653,0.4450717
HGNC:9786,0.9185362
HGNC:8541,0.39230537
HGNC:13718,0.6297358
HGNC:3436,0.38972676
HGNC:16001,0.24772018
HGNC:24926,0.684306
HGNC:26050,0.4229939
HGNC:8290,0.09822297
HGNC:10437,0.09346175
HGNC:28349,0.28413308
HGNC:9447,0.097044826
HGNC:11984,0.57213956
HGNC:28622,0.10898501
HGNC:13150,0.26898193
HGNC:20844,0.24738985
HGNC:26624,0.62780464
HGNC:21727,0.07633972
HGNC:17055,0.8284994
HGNC:26805,0.35172856
HGNC:7975,0.96262234
HGNC:33797,0.21905375
HGNC:24114,0.2352969
HGNC:18113,0.41793442
HGNC:33179,0.29058945
HGNC:31369,0.54686105
HGNC:33796,0.09324765
HGNC:20864,0.2569368
HGNC:18319,0.69527787
HGNC:12957,0.19519317
HGNC:10474,0.91354185
HGNC:10773,0.64216703
HGNC:7377,0.11964995
HGNC:19085,0.9297997
HGNC:3493,0.4616047
HGNC:31412,0.22397327
HGNC:26588,0.19966817
HGNC:947,0.800642
HGNC:1438,0.3721969
HGNC:14272,0.18175358
HGNC:23018,0.09080553
HGNC:5139,0.65163434
HGNC:20750,0.6771945
HGNC:1268,0.120325804
HGNC:20757,0.9141145
HGNC:7,0.5737758
HGNC:656,0.75010633
HGNC:26594,0.25432056
HGNC:20980,0.84680885
HGNC:29554,0.9207145
HGNC:28185,0.43190247
HGNC:34435,0.15660179
HGNC:16488,0.64920384
HGNC:24748,0.4215011
HGNC:20148,0.4771543
HGNC:740,0.24159467
HGNC:20776,0.6761384
HGNC:26969,0.64240974
HGNC:24075,0.26409602
HGNC:17978,0.39861798
HGNC:25827,0.44707853
HGNC:1169,0.09482229
HGNC:30846,0.13190544
HGNC:29990,0.24082148
HGNC:29067,0.9083854
HGNC:33711,0.42234695
HGNC:26894,0.3989511
HGNC:6241,0.3219192
HGNC:28495,0.19617403
HGNC:20753,0.34998286
HGNC:17295,0.41319537
HGNC:18360,0.86879176
HGNC:11321,0.2866454
HGNC:2485,0.8462748
HGNC:12841,0.6263005
HGNC:25675,0.80267596
HGNC:13747,0.7344722
HGNC:33821,0.23681092
HGNC:6933,0.18179095
HGNC:25600,0.8028581
HGNC:25655,0.63156086
HGNC:4554,0.19194281
HGNC:27564,0.32775372
HGNC:26862,0.8553659
HGNC:3811,0.95921826
HGNC:11240,0.25028485
HGNC:1084,0.48258173
HGNC:26352,0.16391933
HGNC:20178,0.7591686
HGNC:1976,0.14057106
HGNC:15347,0.06914735
HGNC:15174,0.080726564
HGNC:19411,0.7577269
HGNC:25752,0.85003465
HGNC:25166,0.64595985
HGNC:15349,0.2280947
HGNC:19417,0.16859913
HGNC:18654,0.3812616
HGNC:15355,0.095915675
HGNC:15388,0.07913202
HGNC:19600,0.08280015
HGNC:17715,0.31504512
HGNC:15356,0.06836259
HGNC:19989,0.91277266
HGNC:15351,0.0881322
HGNC:24954,0.09526658
HGNC:24094,0.73600733
HGNC:26607,0.45457238
HGNC:14745,0.07417822
HGNC:12919,0.33798146
HGNC:14742,0.087976515
HGNC:14735,0.06402326
HGNC:29980,0.24135876
HGNC:2294,0.35709506
HGNC:16641,0.15295339
HGNC:20994,0.5644605
HGNC:28574,0.44007754
HGNC:15683,0.12538779
HGNC:17839,0.6550887
HGNC:5209,0.6559219
HGNC:17177,0.63010234
HGNC:10078,0.21486402
HGNC:28292,0.5576664
HGNC:13826,0.26881284
HGNC:17495,0.19316578
HGNC:17283,0.85110575
HGNC:20589,0.9319901
HGNC:16410,0.36910224
HGNC:27468,0.5235952
HGNC:18287,0.72017384
HGNC:19832,0.23365498
HGNC:19861,0.12558699
HGNC:2069,0.91624355
HGNC:30059,0.7665062
HGNC:10952,0.77054137
HGNC:27606,0.4519651
HGNC:21064,0.3511392
HGNC:25156,0.75051624
HGNC:19127,0.79265237
HGNC:15255,0.10476029
HGNC:30499,0.11312497
HGNC:22310,0.32939214
HGNC:4410,0.72539806
HGNC:14702,0.2226628
HGNC:30494,0.8780301
HGNC:14697,0.049124718
HGNC:14705,0.088546276
HGNC:26847,0.42746043
HGNC:14854,0.061192513
HGNC:26663,0.04153812
HGNC:29104,0.5244345
HGNC:15684,0.72896564
HGNC:26249,0.14883566
HGNC:26375,0.08768761
HGNC:6638,0.914124
HGNC:24285,0.17923284
HGNC:28040,0.8677839
HGNC:28383,0.2649814
HGNC:26811,0.6508915
HGNC:7598,0.5119668
HGNC:3817,0.689218
HGNC:29069,0.15742666
HGNC:3801,0.7148214
HGNC:15381,0.09528768
HGNC:1033,0.82955325
HGNC:25833,0.40269542
HGNC:27288,0.12000245
HGNC:1087,0.4847622
HGNC:32235,0.36315107
HGNC:31103,0.23894179
HGNC:19597,0.097141385
HGNC:1775,0.89454556
HGNC:33868,0.19935602
HGNC:23533,0.26297778
HGNC:29847,0.59778184
HGNC:28515,0.17246568
HGNC:18115,0.0868268
HGNC:19760,0.4950707
HGNC:14769,0.08333039
HGNC:957,0.70608854
HGNC:14759,0.14785123
HGNC:32427,0.34728825
HGNC:26078,0.45124692
HGNC:14361,0.8666091
HGNC:27584,0.76380944
HGNC:26306,0.6785362
HGNC:19222,0.8319451
HGNC:14738,0.09491682
HGNC:4584,0.8593976
HGNC:11191,0.95103395
HGNC:12441,0.8368829
HGNC:15198,0.071810246
HGNC:9716,0.26957387
HGNC:15188,0.09803569
HGNC:28277,0.43602407
HGNC:15205,0.09950602
HGNC:9158,0.6461166
HGNC:14833,0.40214646
HGNC:1357,0.3676204
HGNC:26689,0.33561862
HGNC:29553,0.58580166
HGNC:29101,0.42711687
HGNC:1354,0.05548203
HGNC:4013,0.09926659
HGNC:15204,0.07923967
HGNC:15197,0.056245387
HGNC:24801,0.27560306
HGNC:17973,0.37972635
HGNC:15235,0.13965255
HGNC:23282,0.43639684
HGNC:23187,0.7671525
HGNC:25906,0.29612768
HGNC:6728,0.5180311
HGNC:33747,0.49551344
HGNC:16708,0.44241643
HGNC:10850,0.254327
HGNC:14892,0.08806288
HGNC:10705,0.8824303
HGNC:26372,0.29545522
HGNC:17921,0.5948603
HGNC:7436,0.40958583
HGNC:26165,0.093805075
HGNC:28642,0.12112343
HGNC:14677,0.69793886
HGNC:24812,0.29328918
HGNC:27453,0.26065022
HGNC:10891,0.5617353
HGNC:25069,0.7605249
HGNC:18413,0.21707845
HGNC:26907,0.58082366
HGNC:23675,0.56664544
HGNC:25928,0.1835866
HGNC:9177,0.48586512
HGNC:27161,0.1897285
HGNC:10592,0.2885561
HGNC:14656,0.8942844
HGNC:672,0.9214375
HGNC:21296,0.526472
HGNC:20106,0.60313076
HGNC:25240,0.28258336
HGNC:31446,0.9341674
HGNC:18404,0.13429278
HGNC:1866,0.35448164
HGNC:31257,0.10716766
HGNC:11559,0.38324666
HGNC:12558,0.8146417
HGNC:28725,0.5787958
HGNC:23139,0.81841296
HGNC:10432,0.9798441
HGNC:24139,0.15785736
HGNC:15508,0.5362704
HGNC:25701,0.87956554
HGNC:16441,0.5330145
HGNC:31255,0.1181916
HGNC:26616,0.6832415
HGNC:32671,0.4415813
HGNC:6823,0.41255063
HGNC:30193,0.09454936
HGNC:6221,0.8703616
HGNC:15001,0.25612062
HGNC:4046,0.8899728
HGNC:23296,0.0858978
HGNC:28565,0.27161032
HGNC:2044,0.16831303
HGNC:6220,0.9047106
HGNC:11992,0.51928675
HGNC:18200,0.8463709
HGNC:26636,0.87359214
HGNC:28509,0.64000803
HGNC:25760,0.5381145
HGNC:26973,0.33568573
HGNC:33724,0.1303662
HGNC:17317,0.3307048
HGNC:4909,0.73816204
HGNC:9247,0.9281491
HGNC:29639,0.32407463
HGNC:12560,0.10368168
HGNC:1349,0.40921032
HGNC:28559,0.10878104
HGNC:8614,0.63545775
HGNC:11776,0.71289736
HGNC:17920,0.4748248
HGNC:19968,0.5829611
HGNC:28646,0.29949564
HGNC:1633,0.77704895
HGNC:26823,0.2069636
HGNC:7972,0.93234086
HGNC:4497,0.74285316
HGNC:19748,0.16627872
HGNC:18003,0.8228661
HGNC:9688,0.4200753
HGNC:15008,0.16282308
HGNC:690,0.87780046
HGNC:24756,0.54608935
HGNC:16682,0.8603468
HGNC:15007,0.12528557
HGNC:20710,0.17174435
HGNC:18158,0.16655934
HGNC:14360,0.81489176
HGNC:14269,0.78972137
HGNC:24201,0.6343121
HGNC:31249,0.19814801
HGNC:19954,0.6769229
HGNC:24817,0.5338373
HGNC:7818,0.8271296
HGNC:798,0.71171856
HGNC:26366,0.08203524
HGNC:29529,0.98178416
HGNC:31750,0.29241908
HGNC:1631,0.6959862
HGNC:31690,0.466574
HGNC:16491,0.16953146
HGNC:10377,0.7207921
HGNC:19682,0.34223723
HGNC:6204,0.8708306
HGNC:17086,0.7508787
HGNC:19405,0.5980835
HGNC:28553,0.07472992
HGNC:21497,0.4283359
HGNC:5985,0.52350456
HGNC:30802,0.5133552
HGNC:32311,0.2460978
HGNC:28563,0.1891042
HGNC:13539,0.37166798
HGNC:30375,0.28462327
HGNC:26729,0.67099124
HGNC:23188,0.341847
HGNC:18095,0.107723355
HGNC:28703,0.12328273
HGNC:1297,0.17742598
HGNC:8301,0.06446588
HGNC:23219,0.35776883
HGNC:1630,0.454036
HGNC:9199,0.3399971
HGNC:22140,0.74773926
HGNC:17664,0.77805424
HGNC:28983,0.5253258
HGNC:3750,0.5145294
HGNC:11198,0.85947204
HGNC:5030,0.96262765
HGNC:26825,0.1211341
HGNC:13752,0.20253372
HGNC:6256,0.7520111
HGNC:28474,0.5080427
HGNC:28742,0.2536435
HGNC:13705,0.30696756
HGNC:29204,0.39326984
HGNC:26910,0.25863987
HGNC:33749,0.37089562
HGNC:2013,0.6825577
HGNC:4566,0.943177
HGNC:24819,0.75468785
HGNC:12492,0.9502865
HGNC:24048,0.42820597
HGNC:16736,0.2646461
HGNC:24205,0.14306939
HGNC:24083,0.05887258
HGNC:28272,0.2577108
HGNC:19905,0.33229566
HGNC:19348,0.286191
HGNC:10416,0.90031487
HGNC:29550,0.47710592
HGNC:14497,0.17057681
HGNC:17183,0.52478325
HGNC:33777,0.23478627
HGNC:34388,0.3704183
HGNC:19414,0.31523317
HGNC:26672,0.11237371
HGNC:26861,0.12935066
HGNC:23628,0.15406084
HGNC:33155,0.16180593
HGNC:18291,0.707995
HGNC:14632,0.5736328
HGNC:6053,0.6143497
HGNC:20605,0.18482816
HGNC:7125,0.19940573
HGNC:30716,0.10024428
HGNC:29918,0.41541773
HGNC:26799,0.67869157
HGNC:25252,0.17150176
HGNC:30430,0.14526731
HGNC:24003,0.092195034
HGNC:30410,0.79030937
HGNC:24263,0.39033592
HGNC:15580,0.29067063
HGNC:2735,0.2931764
HGNC:44408,0.22222865
HGNC:33732,0.20939672
HGNC:7717,0.49209678
HGNC:25536,0.23729837
HGNC:12894,0.24364394
HGNC:29365,0.5795625
HGNC:26771,0.44790024
HGNC:29486,0.12735224
HGNC:18316,0.6314812
HGNC:30776,0.8203441
HGNC:16076,0.7049928
HGNC:21200,0.5465696
HGNC:30417,0.8152574
HGNC:21175,0.62149525
HGNC:28496,0.31381392
HGNC:9069,0.6745224
HGNC:31440,0.30117887
HGNC:27729,0.3157084
HGNC:26906,0.1494832
HGNC:25281,0.12323326
HGNC:21315,0.7242512
HGNC:19875,0.5541947
HGNC:20297,0.85867155
HGNC:28581,0.1459853
HGNC:12758,0.47679365
HGNC:13732,0.39638174
HGNC:11952,0.0977124
HGNC:33342,0.04607749
HGNC:26881,0.2462362
HGNC:30079,0.14757884
HGNC:19940,0.2969818
HGNC:16823,0.8731455
HGNC:17197,0.5568368
HGNC:6249,0.37746918
HGNC:25159,0.3919521
HGNC:15146,0.05851239
HGNC:1452,0.21216106
HGNC:28073,0.20288724
HGNC:34006,0.57980466
HGNC:13016,0.46483004
HGNC:5286,0.6888093
HGNC:26654,0.17911673
HGNC:25802,0.18248141
HGNC:13805,0.6316307
HGNC:44659,0.39962512
HGNC:23040,0.83589315
HGNC:21556,0.3963698
HGNC:4313,0.3264917
HGNC:28216,0.55719954
HGNC:26368,0.28557885
HGNC:23534,0.22196174
HGNC:28858,0.43364018
HGNC:17781,0.17373228
HGNC:24457,0.8748127
HGNC:19008,0.747278
HGNC:452,0.112938285
HGNC:31108,0.68600357
HGNC:1421,0.3430416
HGNC:1382,0.6831478
HGNC:1653,0.65901625
HGNC:19735,0.81243974
HGNC:3432,0.8345783
HGNC:6776,0.88578725
HGNC:16913,0.50673586
HGNC:15042,0.114848435
HGNC:18105,0.08376676
HGNC:22644,0.17258549
HGNC:30189,0.29140782
HGNC:3449,0.81470203
HGNC:4492,0.39731508
HGNC:27421,0.1447742
HGNC:30729,0.7852717
HGNC:22043,0.23622394
HGNC:25895,0.48200905
HGNC:26808,0.10050559
HGNC:17101,0.9541203
HGNC:26208,0.22106773
HGNC:14678,0.57245797
HGNC:30361,0.5075221
HGNC:4589,0.72479105
HGNC:11784,0.6313497
HGNC:4443,0.23694646
HGNC:44370,0.085011005
HGNC:2267,0.63919026
HGNC:19300,0.10304701
HGNC:26727,0.38573623
HGNC:24695,0.21545434
HGNC:18513,0.7911642
HGNC:2313,0.3538608
HGNC:2320,0.1478625
HGNC:33768,0.19946802
HGNC:30811,0.27133906
HGNC:24849,0.118592024
HGNC:26686,0.18121743
HGNC:7216,0.30152643
HGNC:18463,0.20958489
HGNC:18162,0.19098985
HGNC:8149,0.37183768
HGNC:27916,0.23844862
HGNC:22058,0.271039
HGNC:25978,0.23236561
HGNC:26864,0.08309305
HGNC:7321,0.53659135
HGNC:25268,0.3788134
HGNC:27051,0.61064166
HGNC:18189,0.5728961
HGNC:27120,0.58124846
HGNC:11541,0.860919
HGNC:27713,0.3783682
HGNC:3806,0.6687652
HGNC:8863,0.41042984
HGNC:26948,0.11615276
HGNC:28672,0.39737082
HGNC:32174,0.17057586
HGNC:34447,0.38907152
HGNC:26135,0.2770487
HGNC:4113,0.69620985
HGNC:18078,0.9342962
HGNC:12420,0.6584543
HGNC:25346,0.059952736
HGNC:25764,0.4813584
HGNC:26169,0.5172198
HGNC:20201,0.7127629
HGNC:10752,0.245175
HGNC:24656,0.56695175
HGNC:28796,0.39968276
HGNC:19245,0.87723756
HGNC:28507,0.123152316
HGNC:11390,0.6055473
HGNC:14905,0.08140689
HGNC:19849,0.40589166
HGNC:24549,0.7192917
HGNC:28384,0.44197094
HGNC:26791,0.07409406
HGNC:28128,0.41310346
HGNC:17083,0.55157137
HGNC:27540,0.12942326
HGNC:26378,0.18052655
HGNC:30297,0.8842013
HGNC:14695,0.0574193
HGNC:26750,0.13126725
HGNC:23677,0.17451262
HGNC:26762,0.25835985
HGNC:26748,0.53070706
HGNC:3007,0.42029774
HGNC:24729,0.09759617
HGNC:2579,0.59894633
HGNC:8845,0.66605747
HGNC:5292,0.42230487
HGNC:25440,0.7242188
HGNC:15977,0.6116412
HGNC:3592,0.68024546
HGNC:26818,0.78979504
HGNC:28716,0.12067497
HGNC:25492,0.9304574
HGNC:2592,0.0635618
HGNC:13743,0.22373766
HGNC:26114,0.6831993
HGNC:25241,0.53840375
HGNC:4006,0.38444918
HGNC:18312,0.09809846
HGNC:18869,0.31987566
HGNC:29295,0.2173028
HGNC:28275,0.17147446
HGNC:25406,0.8493077
HGNC:15482,0.14683682
HGNC:1455,0.8068657
HGNC:6813,0.8882816
HGNC:27046,0.49624354
HGNC:1763,0.7651231
HGNC:34401,0.14539564
HGNC:9812,0.74709177
HGNC:34383,0.13404024
HGNC:29996,0.28997886
HGNC:26780,0.1508789
HGNC:28497,0.57880384
HGNC:9644,0.95070523
HGNC:25857,0.34635198
HGNC:22997,0.072151124
HGNC:29060,0.5172475
HGNC:16521,0.49171442
HGNC:2071,0.76133657
HGNC:4944,0.45128495
HGNC:4171,0.899302
HGNC:14350,0.73006296
HGNC:28601,0.1698147
HGNC:23794,0.82699263
HGNC:28111,0.6443919
HGNC:3240,0.93143415
HGNC:28491,0.3543104
HGNC:4453,0.23638427
HGNC:30910,0.31549615
HGNC:23699,0.17575598
HGNC:15717,0.28208196
HGNC:17166,0.6111145
HGNC:19741,0.76875734
HGNC:7114,0.6080663
HGNC:13030,0.9422666
HGNC:15093,0.08919251
HGNC:19834,0.26852715
HGNC:430,0.6255583
HGNC:20151,0.58400655
HGNC:25321,0.3753171
HGNC:15525,0.35857117
HGNC:26532,0.29278988
HGNC:23502,0.8077779
HGNC:5289,0.24943876
HGNC:19095,0.48821718
HGNC:26781,0.19326496
HGNC:23235,0.20832145
HGNC:7067,0.6059716
HGNC:19762,0.7080878
HGNC:434,0.16517043
HGNC:30447,0.30783975
HGNC:4600,0.58984655
HGNC:17147,0.60256577
HGNC:15335,0.07436168
HGNC:19632,0.100871146
HGNC:32550,0.5913017
HGNC:26789,0.4940859
HGNC:24966,0.90230834
HGNC:19293,0.30445576
HGNC:3609,0.15844738
HGNC:32422,0.37866372
HGNC:22974,0.12178373
HGNC:15436,0.14470261
HGNC:26959,0.3262546
HGNC:22940,0.094012976
HGNC:17352,0.1776253
HGNC:18442,0.1060859
HGNC:17804,0.21641934
HGNC:3735,0.5598053
HGNC:13907,0.34428966
HGNC:1764,0.7385997
HGNC:28105,0.85207444
HGNC:26883,0.1872896
HGNC:7544,0.5734885
HGNC:26958,0.5857612
HGNC:30784,0.87834966
HGNC:32346,0.48077583
HGNC:375,0.7255793
HGNC:24739,0.40082765
HGNC:18183,0.42451918
HGNC:18696,0.57387596
HGNC:14638,0.07849777
HGNC:22945,0.42766392
HGNC:18336,0.38026124
HGNC:28995,0.32027006
HGNC:32331,0.22232342
HGNC:12939,0.24494869
HGNC:29167,0.8995775
HGNC:13528,0.7248338
HGNC:18259,0.20747012
HGNC:8008,0.83712995
HGNC:19686,0.56344855
HGNC:15329,0.10087687
HGNC:19680,0.10545719
HGNC:33111,0.40230536
HGNC:18190,0.12462729
HGNC:20270,0.6206997
HGNC:1609,0.22970402
HGNC:38650,0.11247885
HGNC:26291,0.22968507
HGNC:25917,0.8261938
HGNC:17042,0.9022475
HGNC:26641,0.21695518
HGNC:28777,0.42617893
HGNC:29653,0.512678
HGNC:10669,0.90279317
HGNC:28578,0.24573064
HGNC:19392,0.45291013
HGNC:28697,0.5469429
HGNC:8189,0.3005411
HGNC:13114,0.63321507
HGNC:40048,0.49912834
HGNC:32940,0.65224105
HGNC:34415,0.107533276
HGNC:27275,0.15835351
HGNC:23643,0.30004233
HGNC:20478,0.08594912
HGNC:28448,0.12357706
HGNC:8282,0.13252783
HGNC:30813,0.5714952
HGNC:30378,0.80710775
HGNC:21339,0.066137195
HGNC:26846,0.15518373
HGNC:20289,0.37602633
HGNC:29604,0.33726406
HGNC:11782,0.49387085
HGNC:2370,0.9641126
HGNC:14169,0.09383094
HGNC:26951,0.17170298
HGNC:1913,0.7941001
HGNC:20380,0.08354914
HGNC:29824,0.6832583
HGNC:3535,0.65049934
HGNC:28594,0.10397792
HGNC:9438,0.7820861
HGNC:22316,0.7113875
HGNC:10450,0.15898407
HGNC:11077,0.12452471
HGNC:26995,0.24938256
HGNC:21740,0.60363245
HGNC:18651,0.20731878
HGNC:19995,0.5839831
HGNC:26879,0.69585824
HGNC:8096,0.7313714
HGNC:16139,0.09433305
HGNC:21246,0.4788761
HGNC:1494,0.72674906
HGNC:26472,0.3107937
HGNC:23227,0.4116429
HGNC:26670,0.92773354
HGNC:4040,0.83766747
HGNC:18333,0.54456353
HGNC:27363,0.050812125
HGNC:4844,0.49940252
HGNC:25457,0.72790205
HGNC:29003,0.9250145
HGNC:8591,0.8623569
HGNC:27709,0.105285585
HGNC:18104,0.24482
HGNC:18915,0.0439952
HGNC:34026,0.43860638
HGNC:18451,0.5027307
HGNC:26522,0.42744803
HGNC:18103,0.151268
HGNC:25937,0.2506255
HGNC:2653,0.23248029
HGNC:15033,0.114651084
HGNC:33792,0.63022053
HGNC:4165,0.7648614
HGNC:17102,0.7561535
HGNC:15134,0.09237647
HGNC:25000,0.212403
HGNC:28592,0.1778174
HGNC:18099,0.078884006
HGNC:24741,0.47404993
HGNC:6240,0.2552653
HGNC:8001,0.83874494
HGNC:23709,0.26699483
HGNC:22265,0.5213127
HGNC:28522,0.44800252
HGNC:31426,0.19552183
HGNC:29367,0.7719494
HGNC:4018,0.35912073
HGNC:32697,0.8532094
HGNC:30438,0.71876603
HGNC:24959,0.8021655
HGNC:11331,0.7904768
HGNC:29392,0.18574023
HGNC:28264,0.8993965
HGNC:26439,0.13917994
HGNC:9360,0.19209325
HGNC:14729,0.11913216
HGNC:6757,0.8204807
HGNC:25035,0.6761064
HGNC:25441,0.6761754
HGNC:28534,0.0949955
HGNC:14826,0.11754298
HGNC:1953,0.9338652
HGNC:20366,0.4651271
HGNC:14299,0.47230518
HGNC:20795,0.17823386
HGNC:23687,0.24814689
HGNC:21755,0.1821931
HGNC:338,0.42943972
HGNC:19660,0.15670097
HGNC:20749,0.578332
HGNC:24165,0.18978912
HGNC:15194,0.3068651
HGNC:12861,0.6177442
HGNC:26286,0.5371967
HGNC:5130,0.671649
HGNC:31689,0.11523378
HGNC:9226,0.39996266
HGNC:5122,0.7753163
HGNC:21108,0.58334386
HGNC:11963,0.8072516
HGNC:25753,0.28645605
HGNC:20878,0.14065921
HGNC:26598,0.43029422
HGNC:26647,0.3948487
HGNC:6027,0.545942
HGNC:18093,0.08063841
HGNC:17655,0.6060036
HGNC:28541,0.17482483
HGNC:11326,0.81996673
HGNC:24751,0.24270225
HGNC:31350,0.37194926
HGNC:30377,0.7762692
HGNC:21294,0.7220318
HGNC:28358,0.64873755
HGNC:15206,0.3736145
HGNC:15247,0.25501764
HGNC:8529,0.506567
HGNC:25635,0.37484574
HGNC:15248,0.11165333
HGNC:24797,0.6763215
HGNC:13301,0.48906004
HGNC:14781,0.1196816
HGNC:26758,0.40093005
HGNC:33520,0.32406092
HGNC:9002,0.9071693
HGNC:28683,0.68532133
HGNC:15213,0.122098505
HGNC:26719,0.6110482
HGNC:15228,0.116503716
HGNC:14279,0.29601443
HGNC:25445,0.64554363
HGNC:29591,0.16518599
HGNC:14853,0.11324549
HGNC:26648,0.3302107
HGNC:28682,0.76383114
HGNC:15231,0.06746489
HGNC:22036,0.14312917
HGNC:2874,0.30003965
HGNC:15245,0.07892513
HGNC:25722,0.2171861
HGNC:17997,0.25263244
HGNC:23067,0.80944484
HGNC:10296,0.15587062
HGNC:28380,0.7082058
HGNC:31910,0.055669904
HGNC:26988,0.18288124
HGNC:14471,0.13892424
HGNC:29527,0.4285692
HGNC:1951,0.80624425
HGNC:15230,0.099850714
HGNC:24667,0.07699394
HGNC:24650,0.9668406
HGNC:13633,0.1968031
HGNC:3537,0.60610545
HGNC:27815,0.2765497
HGNC:15582,0.27986705
HGNC:7910,0.94659936
HGNC:16648,0.8174322
HGNC:23537,0.14561647
HGNC:8831,0.22547883
HGNC:33766,0.13403726
HGNC:21948,0.7342857
HGNC:9187,0.91564983
HGNC:25436,0.73308915
HGNC:28533,0.08459312
HGNC:28280,0.30783093
HGNC:15251,0.08346176
HGNC:16048,0.39046
HGNC:26722,0.33341992
HGNC:26991,0.6307644
HGNC:23640,0.55572104
HGNC:21343,0.24925429
HGNC:32429,0.16667199
HGNC:30477,0.097773075
HGNC:32403,0.71923727
HGNC:21017,0.2739039
HGNC:14846,0.07025343
HGNC:10611,0.18036008
HGNC:25325,0.29381865
HGNC:26429,0.1450777
HGNC:26703,0.14219832
HGNC:26174,0.2545306
HGNC:4468,0.11975968
HGNC:21,0.6733138
HGNC:24458,0.6821203
HGNC:30369,0.08799714
HGNC:23154,0.28250265
HGNC:11195,0.94347906
HGNC:28652,0.6099279
HGNC:25480,0.5507089
HGNC:9862,0.93706536
HGNC:20868,0.9642299
HGNC:21158,0.18069077
HGNC:14848,0.07637137
HGNC:23337,0.309561
HGNC:14840,0.0692271
HGNC:10818,0.47007143
HGNC:6758,0.85210633
HGNC:3583,0.8579523
HGNC:18420,0.86039245
HGNC:28692,0.13835537
HGNC:30800,0.25759226
HGNC:16734,0.8411924
HGNC:15212,0.105988026
HGNC:14509,0.4535662
HGNC:15218,0.12910485
HGNC:19215,0.108787775
HGNC:19991,0.28947163
HGNC:28748,0.19040847
HGNC:35241,0.71848077
HGNC:4537,0.28279793
HGNC:11931,0.51205623
HGNC:26786,0.25293708
HGNC:12385,0.43024236
HGNC:21899,0.29603744
HGNC:4539,0.86167276
HGNC:4928,0.19116676
HGNC:15313,0.06886923
HGNC:9045,0.954715
HGNC:14824,0.05523467
HGNC:28304,0.8611325
HGNC:15296,0.052779257
HGNC:13503,0.8990762
HGNC:15391,0.077109635
HGNC:28490,0.62560093
HGNC:25052,0.81756973
HGNC:15315,0.04436177
HGNC:20824,0.9270687
HGNC:15309,0.06934178
HGNC:15308,0.1192739
HGNC:4484,0.44779193
HGNC:28537,0.20184278
HGNC:15261,0.064712405
HGNC:28494,0.21710277
HGNC:10858,0.8917366
HGNC:2236,0.7309979
HGNC:943,0.911512
HGNC:15363,0.14311665
HGNC:20653,0.28977406
HGNC:17562,0.43274724
HGNC:27379,0.7852451
HGNC:25777,0.91513646
HGNC:20197,0.633212
HGNC:26838,0.26036417
HGNC:18401,0.909795
HGNC:11009,0.58049935
HGNC:17345,0.13853031
HGNC:27302,0.2709812
HGNC:2049,0.44157362
HGNC:14209,0.34826517
HGNC:12881,0.40871996
HGNC:14743,0.10175246
HGNC:26746,0.82985985
HGNC:23506,0.7951965
HGNC:24604,0.41685104
HGNC:15180,0.26298046
HGNC:9385,0.5956994
HGNC:15172,0.074798584
HGNC:25851,0.29394495
HGNC:15171,0.04818535
HGNC:15153,0.16754109
HGNC:15223,0.07817578
HGNC:7764,0.3896314
HGNC:25405,0.5157769
HGNC:14050,0.26043677
HGNC:11161,0.89335704
HGNC:19364,0.18843079
HGNC:25578,0.32051873
HGNC:18137,0.5038631
HGNC:16356,0.4369328
HGNC:30871,0.52516496
HGNC:42955,0.03387904
HGNC:5383,0.81249166
HGNC:8318,0.24976993
HGNC:24776,0.10921103
HGNC:15041,0.10859072
HGNC:17039,0.8728651
HGNC:11962,0.8138831
HGNC:28512,0.3867967
HGNC:27254,0.23803806
HGNC:13267,0.51727504
HGNC:32458,0.06574738
HGNC:14378,0.7023956
HGNC:25057,0.5503811
HGNC:15521,0.6536424
HGNC:11713,0.6561575
HGNC:12945,0.24573487
HGNC:28977,0.6129328
HGNC:26922,0.5236801
HGNC:14492,0.4668752
HGNC:23764,0.07454097
HGNC:23720,0.5210002
HGNC:15524,0.53996545
HGNC:12569,0.7043609
HGNC:27561,0.3951918
HGNC:30308,0.74441504
HGNC:19770,0.12085289
HGNC:12471,0.3340807
HGNC:14048,0.40833408
HGNC:28757,0.14837253
HGNC:9822,0.1822201
HGNC:2409,0.09731567
HGNC:6548,0.8834738
HGNC:18076,0.565692
HGNC:3512,0.88257456
HGNC:10852,0.48337328
HGNC:24904,0.626402
HGNC:19710,0.35369402
HGNC:18305,0.839743
HGNC:20436,0.32642198
HGNC:26516,0.27224123
HGNC:27323,0.12049401
HGNC:934,0.6579683
HGNC:12478,0.9342037
HGNC:24466,0.25234956
HGNC:6222,0.8664764
HGNC:4088,0.78358483
HGNC:25606,0.28487122
HGNC:21464,0.23347425
HGNC:13285,0.8548932
HGNC:28539,0.1767134
HGNC:32431,0.124715865
HGNC:26315,0.60220295
HGNC:560,0.9204507
HGNC:26104,0.21810335
HGNC:27723,0.74496937
HGNC:37205,0.072740555
HGNC:4929,0.20274413
HGNC:6260,0.12992322
HGNC:13603,0.23471338
HGNC:1247,0.6084866
HGNC:33756,0.18941998
HGNC:51250,0.46032906
HGNC:6622,0.31135666
HGNC:14784,0.121331334
HGNC:21191,0.08875954
HGNC:21958,0.25743055
HGNC:22934,0.41883516
HGNC:1299,0.1739645
HGNC:2079,0.5927861
HGNC:23148,0.13348114
HGNC:8078,0.5454606
HGNC:1404,0.772163
HGNC:18363,0.11019081
HGNC:23066,0.3546831
HGNC:19401,0.24344355
HGNC:18261,0.9382596
HGNC:34071,0.056915402
HGNC:6279,0.38490665
HGNC:13010,0.8072413
HGNC:13249,0.056364298
HGNC:23214,0.5595043
HGNC:6395,0.76116836
HGNC:29845,0.37158132
HGNC:1044,0.705212
HGNC:26244,0.39542824
HGNC:6587,0.6365495
HGNC:3657,0.44826216
HGNC:20134,0.67387486
HGNC:19841,0.15465689
HGNC:1529,0.4239925
HGNC:7541,0.24437416
HGNC:6614,0.6885896
HGNC:28156,0.56876206
HGNC:19275,0.07053578
HGNC:30576,0.21212518
HGNC:23750,0.41718817
HGNC:28433,0.17150193
HGNC:24591,0.26225662
HGNC:10541,0.8848774
HGNC:8077,0.60450375
HGNC:2433,0.7415001
HGNC:3394,0.779274
HGNC:12667,0.21917176
HGNC:16127,0.2347585
HGNC:17470,0.16240203
HGNC:18922,0.34911466
HGNC:33763,0.38233328
HGNC:5200,0.76978654
HGNC:29947,0.6466331
HGNC:29942,0.23428649
HGNC:15341,0.22752732
HGNC:15917,0.82183886
HGNC:28006,0.3160764
HGNC:24883,0.1099571
HGNC:14842,0.06511909
HGNC:7675,0.7593188
HGNC:30524,0.17763102
HGNC:15426,0.035734773
HGNC:17941,0.7091391
HGNC:12393,0.28967905
HGNC:6232,0.86339766
HGNC:16813,0.1633426
HGNC:28309,0.07463372
HGNC:4133,0.19311774
HGNC:33762,0.09044826
HGNC:33847,0.28778023
HGNC:28850,0.82563865
HGNC:35428,0.36468363
HGNC:537,0.5350313
HGNC:10002,0.77937543
HGNC:5115,0.6711155
HGNC:15621,0.59603167
HGNC:23146,0.46789002
HGNC:8602,0.7663749
HGNC:23145,0.39028347
HGNC:18077,0.26114726
HGNC:4575,0.8465645
HGNC:24827,0.26706117
HGNC:31253,0.31776333
HGNC:25579,0.11912954
HGNC:19662,0.06676692
HGNC:28667,0.31249124
HGNC:2361,0.276165
HGNC:17330,0.2482996
HGNC:18923,0.06386387
HGNC:15453,0.7016151
HGNC:30103,0.91737866
HGNC:31822,0.5341706
HGNC:30387,0.17636144
HGNC:15078,0.1956718
HGNC:19358,0.351744
HGNC:6524,0.8904645
HGNC:4131,0.3387257
HGNC:2195,0.5735185
HGNC:9896,0.95964444
HGNC:13728,0.16516799
HGNC:4336,0.6036166
HGNC:27898,0.1341505
HGNC:31796,0.07885116
HGNC:10345,0.9480287
HGNC:10003,0.8145267
HGNC:10988,0.2524761
HGNC:29425,0.30709195
HGNC:28336,0.49764717
HGNC:30204,0.20362711
HGNC:25815,0.17582
HGNC:20479,0.09431869
HGNC:11307,0.7732696
HGNC:19658,0.12708712
HGNC:3508,0.88237727
HGNC:28735,0.11736822
HGNC:4989,0.3177607
HGNC:23222,0.615509
HGNC:4280,0.90809774
HGNC:11189,0.8867659
HGNC:23817,0.79926586
HGNC:15373,0.07552856
HGNC:7410,0.953252
HGNC:31930,0.15935725
HGNC:5951,0.79600006
HGNC:13842,0.66080636
HGNC:28726,0.21107471
HGNC:9721,0.41682053
HGNC:28212,0.2554469
HGNC:26992,0.47833848
HGNC:27291,0.3714416
HGNC:562,0.9462304
HGNC:11068,0.88424
HGNC:8204,0.13832664
HGNC:14411,0.13006157
HGNC:19657,0.14743257
HGNC:2582,0.6242062
HGNC:8742,0.36572033
HGNC:23,0.72524184
HGNC:10980,0.3380409
HGNC:19341,0.90834916
HGNC:32419,0.18277836
HGNC:26571,0.24904215
HGNC:28389,0.15144503
HGNC:5952,0.05689311
HGNC:2488,0.8349367
HGNC:20910,0.21388495
HGNC:4168,0.6962029
HGNC:25172,0.3689161
HGNC:7720,0.6203614
HGNC:24163,0.8052445
HGNC:4454,0.7150434
HGNC:34430,0.21365136
HGNC:31791,0.40775526
HGNC:14026,0.83769804
HGNC:23458,0.14003372
HGNC:19574,0.1057356
HGNC:4502,0.21139312
HGNC:21561,0.31591493
HGNC:3047,0.23189503
HGNC:31979,0.0694651
HGNC:4473,0.67919457
HGNC:19147,0.28815973
HGNC:9797,0.42732358
HGNC:27884,0.44426298
HGNC:3587,0.39201975
HGNC:13248,0.7218603
HGNC:25055,0.44832903
HGNC:29417,0.5378263
HGNC:6938,0.17432755
HGNC:33894,0.059803367
HGNC:10475,0.9565115
HGNC:34360,0.28453094
HGNC:2511,0.30805635
HGNC:26172,0.6558744
HGNC:15707,0.52206063
HGNC:14708,0.08295035
HGNC:13524,0.4112357
HGNC:18674,0.5780385
HGNC:16128,0.1883378
HGNC:15217,0.0670172
HGNC:28610,0.2057702
HGNC:9072,0.08150661
HGNC:2684,0.61514705
HGNC:29426,0.37728333
HGNC:17705,0.6455282
HGNC:14783,0.072007775
HGNC:18403,0.06476885
HGNC:1844,0.71847486
HGNC:29084,0.39885467
HGNC:14785,0.13929576
HGNC:19987,0.18573785
HGNC:35463,0.23702091
HGNC:28924,0.24598688
HGNC:25065,0.15753281
HGNC:20893,0.9333249
HGNC:6200,0.5754408
HGNC:28678,0.2087915
HGNC:25395,0.15693408
HGNC:23378,0.7736999
HGNC:29970,0.058750212
HGNC:32388,0.23231661
HGNC:3704,0.60710984
HGNC:14791,0.08540106
HGNC:9109,0.18042266
HGNC:32372,0.19982982
HGNC:34496,0.083260596
HGNC:26996,0.2841791
HGNC:496,0.68884456
HGNC:24783,0.19048417
HGNC:7909,0.09133804
HGNC:10767,0.95384157
HGNC:24339,0.31651437
HGNC:4585,0.90871847
HGNC:17785,0.15557718
HGNC:31394,0.18222868
HGNC:17182,0.92562425
HGNC:34549,0.16315079
HGNC:12270,0.30183387
HGNC:17482,0.5652399
HGNC:7533,0.43639618
HGNC:11958,0.8477068
HGNC:25297,0.7109332
HGNC:24712,0.8774517
HGNC:33848,0.4932903
HGNC:24329,0.25755912
HGNC:3043,0.44649416
HGNC:28738,0.79424924
HGNC:6377,0.16893125
HGNC:26060,0.13660264
HGNC:25707,0.09152925
HGNC:32565,0.14782518
HGNC:29446,0.06848389
HGNC:8651,0.79702777
HGNC:27080,0.088600755
HGNC:20493,0.72071236
HGNC:20620,0.2584269
HGNC:18126,0.82530785
HGNC:13604,0.7568655
HGNC:25439,0.39108884
HGNC:25311,0.14584959
HGNC:16088,0.3775084
HGNC:24588,0.1791498
HGNC:28133,0.29734027
HGNC:16685,0.3302555
HGNC:21029,0.39138198
HGNC:24446,0.23546499
HGNC:1604,0.17851973
HGNC:2846,0.12439889
HGNC:25328,0.2776153
HGNC:34498,0.2253282
HGNC:15946,0.069564104
HGNC:18935,0.15358472
HGNC:26549,0.13327825
HGNC:25061,0.24971122
HGNC:29297,0.27571434
HGNC:7695,0.3797016
HGNC:33609,0.54339904
HGNC:25732,0.12412882
HGNC:21587,0.7091584
HGNC:26091,0.68998647
HGNC:9526,0.050486326
HGNC:4463,0.16283417
HGNC:21650,0.18976712
HGNC:19071,0.92889
HGNC:28705,0.48478746
HGNC:26233,0.82714003
HGNC:7866,0.927386
HGNC:12576,0.39000392
HGNC:37492,0.36778557
HGNC:15375,0.07623088
HGNC:18364,0.10939133
HGNC:8143,0.7775089
HGNC:19024,0.21944332
HGNC:6586,0.7430048
HGNC:19175,0.6142593
HGNC:30590,0.67585534
HGNC:4522,0.14380658
HGNC:24669,0.20574033
HGNC:739,0.6249118
HGNC:11584,0.73884493
HGNC:1556,0.8738619
HGNC:30215,0.11881137
HGNC:32017,0.067768574
HGNC:11587,0.46887457
HGNC:17550,0.5368616
HGNC:30764,0.44675374
HGNC:16627,0.10015112
HGNC:1092,0.8644953
HGNC:26398,0.2883026
HGNC:29244,0.9151619
HGNC:920,0.2441383
HGNC:25883,0.76206803
HGNC:23616,0.71176815
HGNC:22394,0.4070865
HGNC:26436,0.14761692
HGNC:12410,0.487247
HGNC:41980,0.1246047
HGNC:24473,0.1754396
HGNC:21549,0.18221176
HGNC:32310,0.6660424
HGNC:1605,0.6293103
HGNC:30830,0.849962
HGNC:21228,0.47546434
HGNC:20141,0.21378905
HGNC:24786,0.22465539
HGNC:4496,0.25303066
HGNC:1253,0.17389917
HGNC:32470,0.20333922
HGNC:15734,0.8515952
HGNC:20669,0.27898276
HGNC:2149,0.5017706
HGNC:11980,0.8331241
HGNC:10593,0.7882481
HGNC:32521,0.21196884
HGNC:12638,0.8243728
HGNC:28339,0.16937238
HGNC:32954,0.32978278
HGNC:32324,0.5496483
HGNC:2948,0.5136898
HGNC:10820,0.8232873
HGNC:35414,0.23018116
HGNC:9441,0.6240206
HGNC:29489,0.89153767
HGNC:18864,0.5664426
HGNC:11126,0.53214604
HGNC:30509,0.1983558
HGNC:28406,0.101463675
HGNC:24990,0.3563558
HGNC:30099,0.23414361
HGNC:19343,0.49230802
HGNC:9635,0.94249195
HGNC:144,0.82809925
HGNC:11876,0.28885305
HGNC:19344,0.7610878
HGNC:19573,0.10658264
HGNC:3045,0.13420916
HGNC:21528,0.24839163
HGNC:12712,0.3578322
HGNC:11592,0.80228823
HGNC:16487,0.321311
HGNC:30863,0.31187284
HGNC:16949,0.9457217
HGNC:26698,0.061321855
HGNC:3279,0.25512028
HGNC:2047,0.8233429
HGNC:7827,0.7150592
HGNC:15372,0.08497059
HGNC:2172,0.7154714
HGNC:23173,0.10941458
HGNC:25033,0.2819909
HGNC:14993,0.25401902
HGNC:6297,0.80739486
HGNC:283,0.80161625
HGNC:30763,0.35850227
HGNC:28150,0.3203041
HGNC:8183,0.17884278
HGNC:30676,0.3602798
HGNC:12480,0.85582066
HGNC:6258,0.82326275
HGNC:18186,0.9017643
HGNC:9288,0.6790045
HGNC:24358,0.74138427
HGNC:27256,0.21087599
HGNC:8909,0.7335297
HGNC:26294,0.38793027
HGNC:30852,0.327021
HGNC:23250,0.12138903
HGNC:6112,0.8624258
HGNC:28666,0.3664174
HGNC:16983,0.7398287
HGNC:8661,0.8023143
HGNC:33128,0.23841846
HGNC:28752,0.40499747
HGNC:409,0.7664865
HGNC:6274,0.8939848
HGNC:20508,0.58319116
HGNC:9224,0.85774726
HGNC:29966,0.05779922
HGNC:24128,0.20039898
HGNC:12386,0.18550593
HGNC:11530,0.2141164
HGNC:24462,0.27349472
HGNC:10892,0.8120378
HGNC:9407,0.59093153
HGNC:29349,0.63510114
HGNC:28654,0.2195794
HGNC:24802,0.15680486
HGNC:14856,0.40436518
HGNC:21657,0.06804031
HGNC:11402,0.62340146
HGNC:4218,0.29113114
HGNC:31815,0.12331855
HGNC:11087,0.77705044
HGNC:3225,0.8681364
HGNC:26349,0.17452556
HGNC:9025,0.44280577
HGNC:25899,0.6321238
HGNC:2432,0.8423786
HGNC:2220,0.26682758
HGNC:24022,0.17852569
HGNC:9039,0.4262519
HGNC:16259,0.8035569
HGNC:23821,0.33613616
HGNC:31852,0.26915902
HGNC:30005,0.15653974
HGNC:15358,0.11022198
HGNC:15592,0.8429513
HGNC:6238,0.7329814
HGNC:29787,0.07276654
HGNC:2232,0.95217395
HGNC:23379,0.07215953
HGNC:23190,0.49325693
HGNC:17255,0.308815
HGNC:4474,0.36604965
HGNC:29332,0.19755459
HGNC:16503,0.24012285
HGNC:21248,0.24860501
HGNC:18155,0.3100481
HGNC:31374,0.055265844
HGNC:14786,0.14352787
HGNC:7139,0.81448275
HGNC:9215,0.9429688
HGNC:9636,0.69337237
HGNC:18521,0.14085418
HGNC:28297,0.12911099
HGNC:9456,0.6298274
HGNC:4164,0.19878942
HGNC:29919,0.57766366
HGNC:30522,0.4320268
HGNC:27990,0.34920204
HGNC:23328,0.6393205
HGNC:24153,0.45410287
HGNC:20960,0.09210861
HGNC:32423,0.14534605
HGNC:3074,0.79092515
HGNC:19391,0.8991523
HGNC:27315,0.093283
HGNC:23503,0.24112898
HGNC:18443,0.07351822
HGNC:13307,0.25351936
HGNC:12826,0.8268029
HGNC:27962,0.5572033
HGNC:8781,0.7976593
HGNC:21590,0.113820314
HGNC:33795,0.2253356
HGNC:11149,0.66710716
HGNC:15548,0.47018194
HGNC:18863,0.7830397
HGNC:26989,0.17302084
HGNC:11957,0.97087705
HGNC:13169,0.2326026
HGNC:30824,0.06454927
HGNC:19056,0.18807411
HGNC:14623,0.21250033
HGNC:27036,0.7665649
HGNC:26837,0.7964481
HGNC:29045,0.5443604
HGNC:2048,0.37143886
HGNC:14847,0.19428873
HGNC:16687,0.89902735
HGNC:31409,0.2970649
HGNC:32237,0.10697591
HGNC:25641,0.22280884
HGNC:18931,0.09635711
HGNC:24087,0.3621626
HGNC:33340,0.32691377
HGNC:20083,0.44042015
HGNC:24526,0.41145647
HGNC:23987,0.35049278
HGNC:41913,0.58480597
HGNC:11695,0.10095787
HGNC:12483,0.77471256
HGNC:27992,0.13164997
HGNC:8504,0.6487282
HGNC:16424,0.6051606
HGNC:29592,0.19751757
HGNC:31700,0.7578219
HGNC:28727,0.6262053
HGNC:29654,0.49544752
HGNC:24878,0.63609695
HGNC:3020,0.92166424
HGNC:24530,0.19711632
HGNC:29834,0.21461791
HGNC:27223,0.93136704
HGNC:16869,0.8294975
HGNC:14703,0.09379339
HGNC:19897,0.37306893
HGNC:4722,0.575462
HGNC:24790,0.5322772
HGNC:11124,0.8171885
HGNC:14598,0.48921788
HGNC:29818,0.39263844
HGNC:2027,0.11337924
HGNC:6189,0.9133607
HGNC:1212,0.85772336
HGNC:23438,0.14741415
HGNC:33782,0.17429471
HGNC:28733,0.26915956
HGNC:15301,0.09706551
HGNC:12796,0.8786903
HGNC:23329,0.68133587
HGNC:19941,0.3392576
HGNC:44197,0.24397844
HGNC:31299,0.082680464
HGNC:7517,0.21910465
HGNC:28461,0.46717513
HGNC:12616,0.5444707
HGNC:7690,0.3431419
HGNC:1954,0.5422397
HGNC:16698,0.6758767
HGNC:20511,0.77696145
HGNC:28288,0.27659595
HGNC:17712,0.50574976
HGNC:14251,0.5903199
HGNC:18163,0.11781412
HGNC:18057,0.08855891
HGNC:2843,0.2713027
HGNC:21478,0.6742713
HGNC:10250,0.886621
HGNC:569,0.6729641
HGNC:3546,0.95062405
HGNC:17818,0.19243824
HGNC:14914,0.2636453
HGNC:17777,0.45833182
HGNC:6780,0.72402555
HGNC:11551,0.5646528
HGNC:37268,0.11757612
HGNC:10730,0.62478834
HGNC:27936,0.3886739
HGNC:16920,0.45487404
HGNC:24600,0.8604713
HGNC:12768,0.730559
HGNC:10977,0.8034477
HGNC:14075,0.3608358
HGNC:34531,0.4875754
HGNC:27026,0.06871885
HGNC:24430,0.08572698
HGNC:3761,0.8124627
HGNC:29352,0.7655494
HGNC:26835,0.21047151
HGNC:18476,0.73136663
HGNC:26452,0.49243248
HGNC:20093,0.32674557
HGNC:20679,0.31833565
HGNC:3578,0.85484946
HGNC:34548,0.23539126
HGNC:26888,0.708447
HGNC:7677,0.5628081
HGNC:5224,0.79160553
HGNC:9701,0.93087316
HGNC:8956,0.217412
HGNC:7957,0.56511426
HGNC:13363,0.5253501
HGNC:26656,0.17123199
HGNC:29070,0.6624696
HGNC:20082,0.229496
HGNC:22652,0.26762646
HGNC:6096,0.11493468
HGNC:23258,0.083931446
HGNC:30575,0.27714324
HGNC:19339,0.68957245
HGNC:31397,0.13591403
HGNC:5413,0.38884592
HGNC:11895,0.5315888
HGNC:21018,0.86381024
HGNC:19399,0.18551844
HGNC:30084,0.40582436
HGNC:6930,0.25829256
HGNC:9761,0.8364773
HGNC:30163,0.16593766
HGNC:4439,0.23891985
HGNC:20314,0.8454312
HGNC:6798,0.8179832
HGNC:21557,0.15341449
HGNC:13144,0.43858135
HGNC:28532,0.1518718
HGNC:28438,0.8659532
HGNC:24913,0.2527607
HGNC:27106,0.6295079
HGNC:31952,0.25570285
HGNC:9897,0.23858279
HGNC:16347,0.7504952
HGNC:28365,0.8970617
HGNC:44164,0.2957769
HGNC:6012,0.055435896
HGNC:28902,0.323394
HGNC:33451,0.20255452
HGNC:10799,0.22063553
HGNC:32415,0.17118889
HGNC:25945,0.49096805
HGNC:26967,0.09074831
HGNC:10582,0.14933133
HGNC:1770,0.2649932
HGNC:26794,0.14974016
HGNC:19383,0.80388635
HGNC:11653,0.3031609
HGNC:16955,0.6985387
HGNC:18481,0.45678794
HGNC:8607,0.37491488
HGNC:20127,0.45956385
HGNC:19134,0.8861903
HGNC:4897,0.68862
HGNC:28279,0.6697149
HGNC:8280,0.09791958
HGNC:9823,0.20515877
HGNC:8363,0.119331956
HGNC:6873,0.6233936
HGNC:25105,0.25080776
HGNC:14036,0.54659534
HGNC:24728,0.29049987
HGNC:15513,0.31808412
HGNC:24550,0.32018518
HGNC:18584,0.4908039
HGNC:10822,0.2951761
HGNC:34339,0.18335432
HGNC:34495,0.8267726
HGNC:21839,0.16524518
HGNC:33744,0.35054636
HGNC:27733,0.2078563
HGNC:6444,0.16089785
HGNC:26074,0.113989055
HGNC:28423,0.3902539
HGNC:10256,0.8580635
HGNC:7508,0.42261136
HGNC:26171,0.49082756
HGNC:6122,0.17007029
HGNC:15905,0.40283465
HGNC:24185,0.76567537
HGNC:16874,0.58960044
HGNC:26717,0.3444795
HGNC:28561,0.07113618
HGNC:33709,0.18543571
HGNC:8789,0.4479189
HGNC:9414,0.870891
HGNC:7976,0.98510605
HGNC:2907,0.5342196
HGNC:33522,0.33651435
HGNC:6705,0.8654208
HGNC:20125,0.2254309
HGNC:27270,0.29273474
HGNC:11205,0.95874023
HGNC:28676,0.11386752
HGNC:14491,0.48019934
HGNC:33186,0.32501137
HGNC:14180,0.04078579
HGNC:10066,0.90084445
HGNC:15991,0.41656125
HGNC:8548,0.89189255
HGNC:9558,0.91017383
HGNC:8632,0.9260133
HGNC:29836,0.42037022
HGNC:16743,0.3016683
HGNC:28930,0.118420005
HGNC:1107,0.9324655
HGNC:12488,0.97124803
HGNC:8023,0.8550616
HGNC:12760,0.84464276
HGNC:34440,0.4048853
HGNC:10880,0.12562567
HGNC:11496,0.5845738
HGNC:9214,0.8746902
HGNC:18411,0.50485516
HGNC:22918,0.6781548
HGNC:29615,0.10121894
HGNC:17841,0.26087022
HGNC:26602,0.31688148
HGNC:9336,0.18025714
HGNC:21620,0.17680591
HGNC:7547,0.94962436
HGNC:27087,0.68744886
HGNC:3029,0.7732771
HGNC:20763,0.79496527
HGNC:26465,0.8883259
HGNC:25872,0.33012182
HGNC:227,0.7433833
HGNC:7999,0.68842787
HGNC:11295,0.37081635
HGNC:33788,0.64079845
HGNC:5407,0.3094914
HGNC:28589,0.32414114
HGNC:37200,0.09253347
HGNC:6299,0.82189524
HGNC:27912,0.20915997
HGNC:30083,0.8147882
HGNC:32006,0.032176256
HGNC:16989,0.89293945
HGNC:22941,0.08589852
HGNC:28786,0.52319324
HGNC:2936,0.7874181
HGNC:30224,0.42860734
HGNC:3046,0.36413884
HGNC:13176,0.93675935
HGNC:8756,0.6218072
HGNC:26742,0.87502086
HGNC:31305,0.1089952
HGNC:16695,0.741151
HGNC:4397,0.27425468
HGNC:2945,0.16424942
HGNC:28736,0.21839201
HGNC:3500,0.4609673
HGNC:34059,0.64480394
HGNC:41985,0.44202173
HGNC:34032,0.21171916
HGNC:25398,0.035537243
HGNC:26160,0.12483156
HGNC:17857,0.19343764
HGNC:855,0.9431486
HGNC:5412,0.6052881
HGNC:29625,0.09522098
HGNC:6499,0.7380668
HGNC:4499,0.14772606
HGNC:26267,0.32762253
HGNC:26649,0.38152546
HGNC:28557,0.53634137
HGNC:26634,0.160626
HGNC:1258,0.2512033
HGNC:9585,0.9645784
HGNC:21329,0.87997645
HGNC:31271,0.06413674
HGNC:23494,0.13639885
HGNC:23601,0.52737015
HGNC:26829,0.6474083
HGNC:18666,0.5364845
HGNC:13060,0.49842286
HGNC:6126,0.8598419
HGNC:22135,0.24955201
HGNC:26980,0.3496998
HGNC:10853,0.77326024
HGNC:17208,0.83466285
HGNC:29463,0.18874288
HGNC:1568,0.7434561
HGNC:18308,0.35923636
HGNC:10013,0.44674492
HGNC:18106,0.08281076
HGNC:13449,0.6943823
HGNC:27001,0.4058851
HGNC:20331,0.5287608
HGNC:28637,0.4018414
HGNC:18725,0.14862591
HGNC:820,0.26581156
HGNC:17194,0.24265027
HGNC:25919,0.66287255
HGNC:29328,0.27869356
HGNC:13078,0.15132159
HGNC:24005,0.07969904
HGNC:17567,0.3458234
HGNC:28928,0.18327183
HGNC:11557,0.52325547
HGNC:25761,0.5393582
HGNC:26929,0.3760696
HGNC:29883,0.14974153
HGNC:20678,0.13523483
HGNC:6442,0.71218425
HGNC:31988,0.08164251
HGNC:28042,0.2224335
HGNC:24004,0.08815217
HGNC:14825,0.071337044
HGNC:25892,0.37637275
HGNC:30146,0.12923205
HGNC:20580,0.338939
HGNC:35155,0.37976587
HGNC:27229,0.76298785
HGNC:8996,0.8584505
HGNC:15281,0.06478584
HGNC:2645,0.11771786
HGNC:29589,0.20327437
HGNC:15285,0.16825736
HGNC:16764,0.7276036
HGNC:27017,0.25187242
HGNC:30076,0.34990746
HGNC:28677,0.10358262
HGNC:18108,0.040046096
HGNC:32309,0.18968427
HGNC:12799,0.22906768
HGNC:20583,0.061125517
HGNC:30460,0.17862898
HGNC:23688,0.8234577
HGNC:20422,0.7224301
HGNC:27102,0.57444036
HGNC:18452,0.87755495
HGNC:19061,0.27018726
HGNC:16178,0.1055516
HGNC:16179,0.08226353
HGNC:28055,0.39636707
HGNC:14341,0.5835605
HGNC:29956,0.33767223
HGNC:18857,0.09991419
HGNC:16614,0.17544508
HGNC:32958,0.43330884
HGNC:24206,0.37896615
HGNC:29466,0.16435802
HGNC:32783,0.21490526
HGNC:21221,0.6995008
HGNC:29819,0.8724038
HGNC:21087,0.5910847
HGNC:12958,0.24755228
HGNC:25498,0.80528635
HGNC:27168,0.09483552
HGNC:11997,0.13254881
HGNC:27989,0.2763067
HGNC:4079,0.83623135
HGNC:9283,0.8927934
HGNC:28382,0.4169106
HGNC:14816,0.23036158
HGNC:7639,0.5965675
HGNC:28306,0.2378782
HGNC:933,0.8040467
HGNC:30304,0.24764407
HGNC:34295,0.14117968
HGNC:19659,0.26883698
HGNC:18762,0.15055883
HGNC:11786,0.7663634
HGNC:10477,0.93840736
HGNC:29593,0.3827238
HGNC:26618,0.16213375
HGNC:33914,0.32982624
HGNC:13145,0.3572775
HGNC:20244,0.31224513
HGNC:30840,0.10132444
HGNC:6413,0.54556763
HGNC:44407,0.07175362
HGNC:14995,0.088823855
HGNC:28874,0.29551244
HGNC:26103,0.23820174
HGNC:19374,0.9414625
HGNC:29514,0.16889882
HGNC:3608,0.113072276
HGNC:6397,0.9449744
HGNC:12261,0.18592465
HGNC:15036,0.09003967
HGNC:6440,0.22386885
HGNC:23717,0.23459804
HGNC:12988,0.32263196
HGNC:28779,0.11359167
HGNC:34418,0.17436421
HGNC:33806,0.09616518
HGNC:7638,0.81420326
HGNC:10410,0.9587824
HGNC:4404,0.8971075
HGNC:1139,0.20090175
HGNC:24061,0.5450471
HGNC:13406,0.9017851
HGNC:6360,0.1705761
HGNC:23271,0.8473353
HGNC:6083,0.63776505
HGNC:7623,0.959098
HGNC:24226,0.42520523
HGNC:18824,0.3165415
HGNC:25363,0.39467072
HGNC:14724,0.14768732
HGNC:2026,0.18640715
HGNC:15328,0.09508598
HGNC:27414,0.85646355
HGNC:14349,0.28324974
HGNC:28268,0.09272623
HGNC:2646,0.09575659
HGNC:21067,0.27765167
HGNC:18087,0.07089019
HGNC:3803,0.6107653
HGNC:29066,0.89827716
HGNC:31951,0.11619973
HGNC:18086,0.07921755
HGNC:7773,0.9692357
HGNC:1340,0.35960138
HGNC:18088,0.062153757
HGNC:30510,0.12684965
HGNC:12484,0.9713899
HGNC:29930,0.07702482
HGNC:28242,0.1814186
HGNC:6216,0.5718352
HGNC:18024,0.11327964
HGNC:16925,0.7435843
HGNC:19916,0.2574759
HGNC:8777,0.7971667
HGNC:9362,0.19250989
HGNC:31682,0.5001826
HGNC:14983,0.9298002
HGNC:27568,0.5224077
HGNC:27050,0.24527037
HGNC:24935,0.19002116
HGNC:33480,0.33387363
HGNC:28072,0.5902862
HGNC:37100,0.31509835
HGNC:23261,0.2227233
HGNC:1014,0.80704826
HGNC:8172,0.16558683
HGNC:1306,0.6755003
HGNC:3960,0.15995371
HGNC:32448,0.1628865
HGNC:27040,0.9187112
HGNC:37138,0.20990026
HGNC:33147,0.8323659
HGNC:3808,0.35087276
HGNC:5322,0.33590257
HGNC:19439,0.1421907
HGNC:27111,0.23688376
HGNC:4540,0.64580667
HGNC:18818,0.46151388
HGNC:33517,0.17295325
HGNC:18182,0.695048
HGNC:6608,0.1267668
HGNC:33824,0.13579947
HGNC:11918,0.27435756
HGNC:6423,0.18999529
HGNC:24953,0.91281223
HGNC:30399,0.1910218
HGNC:29459,0.0934118
HGNC:6416,0.50760335
HGNC:27013,0.23894572
HGNC:18917,0.16385865
HGNC:26257,0.32496834
HGNC:14683,0.57874775
HGNC:15565,0.17902482
HGNC:6893,0.6807652
HGNC:20794,0.8912585
HGNC:14723,0.12493545
HGNC:26623,0.5312375
HGNC:11914,0.1380775
HGNC:3681,0.27812088
HGNC:31416,0.375238
HGNC:23053,0.8645909
HGNC:18412,0.9006802
HGNC:19193,0.14047122
HGNC:8542,0.30691952
HGNC:18737,0.71727055
HGNC:29504,0.04922104
HGNC:18932,0.07742655
HGNC:15103,0.12384975
HGNC:9232,0.72969925
HGNC:37270,0.20961761
HGNC:19828,0.6524644
HGNC:18926,0.08772546
HGNC:34347,0.19755846
HGNC:24204,0.08332741
HGNC:24796,0.22940105
HGNC:18036,0.25407308
HGNC:161,0.17704749
HGNC:18945,0.10527885
HGNC:10009,0.28410232
HGNC:13281,0.32808375
HGNC:9156,0.10635328
HGNC:27039,0.18080902
HGNC:25394,0.09393692
HGNC:19997,0.104768276
HGNC:16517,0.4114992
HGNC:2642,0.040753126
HGNC:25018,0.4000002
HGNC:28749,0.23012733
HGNC:27954,0.08916271
HGNC:49389,0.20667791
HGNC:33731,0.3461702
HGNC:11714,0.9582081
HGNC:28879,0.06135887
HGNC:9060,0.2946558
HGNC:1569,0.2469728
HGNC:3367,0.4869976
HGNC:7105,0.85748184
HGNC:16761,0.10104978
HGNC:7637,0.9127159
HGNC:16309,0.20325637
HGNC:28783,0.3981582
HGNC:11085,0.84882694
HGNC:28751,0.27934968
HGNC:384,0.092576385
HGNC:33595,0.3326599
HGNC:3804,0.82510793
HGNC:28026,0.09019387
HGNC:25552,0.8849908
HGNC:19705,0.16665334
HGNC:29319,0.7257632
HGNC:29469,0.08715248
HGNC:29460,0.06760675
HGNC:28671,0.26482797
HGNC:21559,0.31126487
HGNC:7405,0.34716618
HGNC:4203,0.55762625
HGNC:16518,0.106426835
HGNC:18379,0.8524747
HGNC:29462,0.2882228
HGNC:17069,0.7830572
HGNC:2962,0.50511634
HGNC:6414,0.13056803
HGNC:6722,0.38160467
HGNC:24765,0.80070686
HGNC:23631,0.09137857
HGNC:28020,0.20527816
HGNC:3416,0.6001788
HGNC:18405,0.09619874
HGNC:24229,0.30503607
HGNC:2701,0.8095486
HGNC:17306,0.14690149
HGNC:8684,0.0874114
HGNC:18957,0.8345516
HGNC:23206,0.16167665
HGNC:17433,0.84401166
HGNC:38675,0.5339558
HGNC:6257,0.691925
HGNC:34527,0.3128721
HGNC:2202,0.91660035
HGNC:33829,0.09567183
HGNC:4278,0.6412447
HGNC:9623,0.58449477
HGNC:29526,0.7655107
HGNC:31789,0.060218513
HGNC:14935,0.55717856
HGNC:33193,0.09599769
HGNC:29077,0.34482515
HGNC:37096,0.07677275
HGNC:27997,0.030309498
HGNC:33784,0.067068696
HGNC:34416,0.13480973
HGNC:20577,0.3955521
HGNC:11851,0.26121342
HGNC:12630,0.9782676
HGNC:22048,0.57446975
HGNC:18523,0.11861479
HGNC:21576,0.5116816
HGNC:19199,0.13921404
HGNC:24382,0.12744725
HGNC:25284,0.15807563
HGNC:33722,0.32385433
HGNC:42967,0.12570095
HGNC:24092,0.73007536
HGNC:28313,0.9732818
HGNC:13501,0.4134633
HGNC:4053,0.38392067
HGNC:26023,0.22395873
HGNC:15299,0.06280005
HGNC:33778,0.32859248
HGNC:33800,0.13643003
HGNC:13854,0.4289074
HGNC:32414,0.23063844
HGNC:19731,0.15079188
HGNC:28706,0.14261115
HGNC:28208,0.16805625
HGNC:33803,0.25798613
HGNC:35121,0.21036237
HGNC:31357,0.5267923
HGNC:31922,0.8159879
HGNC:20207,0.22455287
HGNC:15533,0.44663918
HGNC:5174,0.61551243
HGNC:18082,0.4038434
HGNC:33188,0.07225251
HGNC:28191,0.16240466
HGNC:31252,0.04838276
HGNC:28217,0.8138137
HGNC:10936,0.6134336
HGNC:25731,0.12787771
HGNC:25835,0.5566083
HGNC:30718,0.38371438
HGNC:4084,0.8879386
HGNC:476,0.12690175
HGNC:11612,0.8070292
HGNC:25737,0.55289793
HGNC:3582,0.078154325
HGNC:30972,0.26874936
HGNC:15211,0.1069594
HGNC:31456,0.27965528
HGNC:19653,0.10058594
HGNC:249,0.06581116
HGNC:10732,0.8149338
HGNC:20525,0.13192427
HGNC:32207,0.75546974
HGNC:2946,0.3410557
HGNC:6960,0.7566584
HGNC:31658,0.23053288
HGNC:23168,0.5283671
HGNC:13140,0.525109
HGNC:16391,0.2817334
HGNC:33631,0.29785395
HGNC:28053,0.17125851
HGNC:33733,0.0996325
HGNC:32960,0.27632928
HGNC:24708,0.334401
HGNC:33783,0.41719437
HGNC:25214,0.10865742
HGNC:33757,0.30644286
HGNC:34349,0.2986573
HGNC:49186,0.6111305
HGNC:3288,0.5173856
HGNC:15459,0.12596762
HGNC:24311,0.22844195
HGNC:31304,0.15602875
HGNC:33854,0.099508464
HGNC:32348,0.20668197
HGNC:33274,0.37736738
HGNC:32789,0.09973842
HGNC:27295,0.0511806
HGNC:35409,0.6580751
HGNC:34301,0.17010075
HGNC:2926,0.09442335
HGNC:34520,0.30154562
HGNC:15201,0.098208666
HGNC:20892,0.18227059
HGNC:32071,0.16411197
HGNC:33809,0.13224971
HGNC:23080,0.104800224
HGNC:15782,0.20951533
HGNC:17806,0.8074069
HGNC:2191,0.57136554
HGNC:24456,0.67747027
HGNC:33632,0.22352177
HGNC:24023,0.2476725
HGNC:31749,0.15494251
HGNC:9032,0.44453114
HGNC:21193,0.281996
HGNC:24795,0.42473155
HGNC:34490,0.40953302
HGNC:24759,0.1165269
HGNC:27647,0.1515401
HGNC:30166,0.37140578
HGNC:26585,0.15176678
HGNC:10493,0.30180705
HGNC:12509,0.8761484
HGNC:26814,0.75490785
HGNC:34354,0.31228173
HGNC:23705,0.48660553
HGNC:2019,0.20180285
HGNC:29811,0.1499145
HGNC:27619,0.20443022
HGNC:698,0.9094986
HGNC:21154,0.19580573
HGNC:21943,0.18685812
HGNC:30807,0.076860785
HGNC:28702,0.14265609
HGNC:12787,0.7260097
HGNC:15196,0.12058675
HGNC:18394,0.09388888
HGNC:30717,0.1001122
HGNC:24791,0.38853407
HGNC:29659,0.22717953
HGNC:23436,0.12827146
HGNC:21555,0.23387957
HGNC:21288,0.39082766
HGNC:15143,0.07742107
HGNC:6874,0.3648535
HGNC:33816,0.43711686
HGNC:23449,0.09210831
HGNC:2207,0.88640904
HGNC:20523,0.073134065
HGNC:329,0.6612903
HGNC:7820,0.95579535
HGNC:8516,0.35603803
HGNC:33818,0.06767756
HGNC:33865,0.4661988
HGNC:30461,0.4284557
HGNC:27364,0.20662963
HGNC:24764,0.4518515
HGNC:24762,0.7600192
HGNC:33772,0.41400242
HGNC:9390,0.75288033
HGNC:23445,0.27693617
HGNC:42400,0.30040687
HGNC:28734,0.8654074
HGNC:33895,0.15507352
HGNC:33115,0.16163313
HGNC:20771,0.9317966
HGNC:24524,0.33388066
HGNC:24015,0.45728648
HGNC:9031,0.55384386
HGNC:33808,0.38672787
HGNC:34403,0.3646884
HGNC:34489,0.47863472
HGNC:45045,0.42818713
HGNC:24804,0.2572313
HGNC:18609,0.25257915
HGNC:24149,0.28532112
HGNC:24093,0.1457808
HGNC:25736,0.28541481
HGNC:24793,0.13655388
HGNC:34298,0.12944216
HGNC:32933,0.48454148
HGNC:9092,0.5485298
HGNC:24771,0.24374688
HGNC:31670,0.36268675
HGNC:28197,0.20625377
HGNC:17699,0.77046955
HGNC:31293,0.12570435
HGNC:33906,0.073732555
HGNC:15035,0.0939312
HGNC:4653,0.5286505
HGNC:23377,0.25650984
HGNC:33728,0.60318506
HGNC:13189,0.34848523
HGNC:31428,0.21303988
HGNC:23523,0.7313714
HGNC:9318,0.13640106
HGNC:8760,0.69247127
HGNC:24191,0.112560034
HGNC:4476,0.5594549
HGNC:32315,0.15180838
HGNC:10720,0.3433569
HGNC:1940,0.9144801
HGNC:18561,0.1941585
HGNC:21699,0.10074735
HGNC:20611,0.14518613
HGNC:23679,0.6485815
HGNC:4739,0.8637973
HGNC:33116,0.11986351
HGNC:8723,0.13297641
HGNC:24758,0.23170877
HGNC:15583,0.1552465
HGNC:33739,0.16061229
HGNC:16313,0.25384504
HGNC:28010,0.40159512
HGNC:18603,0.37555897
HGNC:32554,0.52207214
HGNC:33776,0.19607031
HGNC:16713,0.64543813
HGNC:4824,0.48993635
HGNC:33237,0.33446205
HGNC:33488,0.16973531
HGNC:6746,0.5495134
HGNC:27019,0.097156286
HGNC:16207,0.5008542
HGNC:29838,0.27323496
HGNC:35458,0.5997375
HGNC:16443,0.721374
HGNC:16772,0.19106227
HGNC:30131,0.7454787
HGNC:26456,0.37705564
HGNC:2074,0.3780375
HGNC:24805,0.29135996
HGNC:18860,0.23512018
HGNC:11125,0.974183
HGNC:5019,0.8913102
HGNC:32930,0.19929558
HGNC:44404,0.1441518
HGNC:12966,0.29714215
HGNC:13343,0.40629363
HGNC:3012,0.3089099
HGNC:20441,0.20470989
HGNC:30449,0.8206538
HGNC:31666,0.22131264
HGNC:20673,0.07703936
HGNC:33727,0.11363113
HGNC:10008,0.58213556
HGNC:34352,0.109274805
HGNC:27269,0.23407483
HGNC:14653,0.23622394
HGNC:12592,0.5029186
HGNC:33902,0.061719894
HGNC:18475,0.8680296
HGNC:23481,0.118741155
HGNC:33861,0.552396
HGNC:29961,0.09116453
HGNC:30200,0.9040132
HGNC:27977,0.171076
HGNC:32008,0.64448667
HGNC:21675,0.5574338
HGNC:28965,0.1318034
HGNC:10668,0.2568338
HGNC:33704,0.7816845
HGNC:33624,0.19258535
HGNC:4047,0.5091349
HGNC:31041,0.6374142
HGNC:8158,0.1274153
HGNC:30053,0.22253972
HGNC:288,0.31072766
HGNC:21326,0.5161854
HGNC:23220,0.27256656
HGNC:9357,0.42548263
HGNC:13414,0.1659165
HGNC:26561,0.54601824
HGNC:7428,0.8565506
HGNC:23312,0.1854738
HGNC:34491,0.82887083
HGNC:33719,0.77902186
HGNC:33751,0.4324091
HGNC:5018,0.35221314
HGNC:33706,0.09673989
HGNC:19158,0.09348154
HGNC:2160,0.31119502
HGNC:23845,0.2846251
HGNC:31715,0.20760477
HGNC:24860,0.15971768
HGNC:10305,0.8212304
HGNC:23815,0.8464348
HGNC:13495,0.80161345
HGNC:30498,0.3870411
HGNC:22995,0.120453
HGNC:24674,0.25465322
HGNC:24778,0.09731734
HGNC:31704,0.24265695
HGNC:27905,0.9562925
HGNC:18618,0.47769868
HGNC:20450,0.3183341
HGNC:4285,0.34082925
HGNC:25748,0.32411695
HGNC:20920,0.2793877
HGNC:32325,0.17741644
HGNC:8082,0.35996485
HGNC:23389,0.52566034
HGNC:30894,0.20271975
HGNC:31455,0.1535055
HGNC:24517,0.13178861
HGNC:33741,0.73347473
HGNC:32037,0.1803754
HGNC:24324,0.6584079
HGNC:33455,0.2574113
HGNC:18821,0.054677546
HGNC:34299,0.14211464
HGNC:18410,0.90850973
HGNC:27452,0.42896342
HGNC:24950,0.36824203
HGNC:21172,0.32280517
HGNC:6332,0.22981405
HGNC:21188,0.4624294
HGNC:20476,0.12520754
HGNC:28696,0.4410448
HGNC:7687,0.5506004
HGNC:32525,0.37622845
HGNC:32487,0.24023342
HGNC:30206,0.3168013
HGNC:34517,0.13603258
HGNC:16452,0.3040911
HGNC:9957,0.8686876
HGNC:24200,0.24429262
HGNC:612,0.3376211
HGNC:4099,0.16510057
HGNC:16841,0.5578795
HGNC:29455,0.1402111
HGNC:18037,0.95302176
HGNC:10770,0.9118248
HGNC:24635,0.06988126
HGNC:5997,0.8675187
HGNC:20914,0.28779793
HGNC:14530,0.6132548
HGNC:33736,0.108343005
HGNC:19255,0.21317124
HGNC:21584,0.30317968
HGNC:2046,0.39533317
HGNC:26420,0.19505268
HGNC:37240,0.19969738
HGNC:34343,0.52370644
HGNC:14569,0.5194788
HGNC:29385,0.56150776
HGNC:37116,0.55233395
HGNC:20533,0.16464704
HGNC:10490,0.43048525
HGNC:13096,0.39011967
HGNC:20411,0.11723089
HGNC:14268,0.7296597
HGNC:31811,0.75215477
HGNC:6833,0.9457991
HGNC:34453,0.35156608
HGNC:33550,0.34238273
HGNC:12382,0.42558283
HGNC:33176,0.3685196
HGNC:37147,0.049573243
HGNC:23158,0.62141013
HGNC:28031,0.055041254
HGNC:49533,0.32699168
HGNC:4287,0.21222985
HGNC:3701,0.25275612
HGNC:27683,0.48277205
HGNC:13853,0.20978522
HGNC:30469,0.32727796
HGNC:24286,0.37489188
HGNC:25397,0.9190506
HGNC:28968,0.832231
HGNC:33773,0.20916843
HGNC:33769,0.112508774
HGNC:33177,0.15437102
HGNC:18901,0.21708667
HGNC:29173,0.7626111
HGNC:33941,0.47826487
HGNC:33715,0.1299349
HGNC:33700,0.36133385
HGNC:33721,0.07488692
HGNC:21636,0.33344138
HGNC:4622,0.94229424
HGNC:26858,0.05753386
HGNC:25924,0.14006138
HGNC:19232,0.22414017
HGNC:32312,0.65277624
HGNC:4983,0.93628144
HGNC:7171,0.30663687
HGNC:28819,0.2228238
HGNC:12865,0.69605124
HGNC:6731,0.18676555
HGNC:4286,0.1809498
HGNC:19578,0.32121193
HGNC:20984,0.617199
HGNC:11490,0.863219
HGNC:32460,0.47745413
HGNC:5995,0.73815376
HGNC:9682,0.8872066
HGNC:7549,0.6456151
HGNC:8619,0.9449416
HGNC:31291,0.09131229
HGNC:14711,0.06348252
HGNC:13565,0.61405474
HGNC:20429,0.099567294
HGNC:24750,0.39335632
HGNC:30831,0.6857444
HGNC:8469,0.116539836
HGNC:34408,0.6414392
HGNC:4948,0.45187616
HGNC:7622,0.81123483
HGNC:16,0.095484376
HGNC:386,0.07426053
HGNC:24574,0.77253276
HGNC:13044,0.80704653
HGNC:26697,0.19021988
HGNC:13153,0.45259207
HGNC:10494,0.34026033
HGNC:24501,0.4033712
HGNC:23109,0.86509186
HGNC:33774,0.13018292
HGNC:26735,0.25696743
HGNC:15029,0.073435664
HGNC:26457,0.20323026
HGNC:91,0.23478103
HGNC:21373,0.89316344
HGNC:8175,0.107420206
HGNC:29118,0.35799634
HGNC:2530,0.092129886
HGNC:10729,0.55901325
HGNC:29810,0.6469867
HGNC:24885,0.6406466
HGNC:16247,0.2525283
HGNC:28063,0.17498851
HGNC:10483,0.6130512
HGNC:19744,0.8488971
HGNC:23598,0.39362907
HGNC:33543,0.06960255
HGNC:20778,0.96378946
HGNC:11469,0.9633422
HGNC:28052,0.42486382
HGNC:14725,0.10544819
HGNC:15005,0.18751311
HGNC:12887,0.21546447
HGNC:14807,0.09659195
HGNC:18386,0.14713967
HGNC:9253,0.8995026
HGNC:23226,0.33418423
HGNC:14992,0.06913614
HGNC:34333,0.22540063
HGNC:23708,0.15338957
HGNC:30775,0.20278412
HGNC:4599,0.8710798
HGNC:11466,0.28565997
HGNC:13390,0.2281816
HGNC:811,0.4227351
HGNC:5330,0.4113658
HGNC:19702,0.51013434
HGNC:25001,0.933077
HGNC:18005,0.36221397
HGNC:11407,0.68688285
HGNC:16451,0.31000602
HGNC:14289,0.8860796
HGNC:256,0.069028854
HGNC:12955,0.46811467
HGNC:32464,0.17982525
HGNC:2665,0.27547872
HGNC:2317,0.7518631
HGNC:26726,0.6378948
HGNC:14288,0.9036279
HGNC:3314,0.8650923
HGNC:12757,0.9726791
HGNC:9479,0.84293175
HGNC:12347,0.95990473
HGNC:18011,0.8055705
HGNC:4015,0.2925359
HGNC:19765,0.16874897
HGNC:21483,0.83203506
HGNC:13098,0.61779153
HGNC:12925,0.2598138
HGNC:32224,0.1829418
HGNC:33108,0.1512227
HGNC:9642,0.83533525
HGNC:20234,0.8681251
HGNC:14332,0.12153429
HGNC:26755,0.09781039
HGNC:19404,0.10982525
HGNC:3395,0.73410994
HGNC:9495,0.31917554
HGNC:25092,0.21334493
HGNC:12907,0.17218155
HGNC:4055,0.91196084
HGNC:10495,0.1506995
HGNC:26550,0.070901155
HGNC:29095,0.8105895
HGNC:2396,0.3251065
HGNC:750,0.06642926
HGNC:34409,0.19909638
HGNC:24737,0.3676771
HGNC:28615,0.93734026
HGNC:28905,0.46670997
HGNC:22213,0.9477786
HGNC:8982,0.73462164
HGNC:28501,0.3462807
HGNC:28068,0.50805163
HGNC:23068,0.53805333
HGNC:37253,0.3177961
HGNC:29823,0.3277651
HGNC:28071,0.18901354
HGNC:3672,0.7086663
HGNC:10857,0.8621719
HGNC:16227,0.13226092
HGNC:3474,0.8142506
HGNC:19426,0.36833155
HGNC:7673,0.88630545
HGNC:11453,0.13607937
HGNC:23592,0.33392793
HGNC:16463,0.7919816
HGNC:18010,0.4292946
HGNC:28247,0.8045669
HGNC:17380,0.8080512
HGNC:17358,0.54031724
HGNC:11056,0.63501513
HGNC:24017,0.5149254
HGNC:7629,0.5988385
HGNC:31104,0.78592557
HGNC:24045,0.38751167
HGNC:25939,0.5759119
HGNC:6825,0.57217467
HGNC:7154,0.35977626
HGNC:24044,0.46607816
HGNC:1395,0.6135029
HGNC:20392,0.7164389
HGNC:4832,0.85553116
HGNC:6482,0.4003452
HGNC:18627,0.2238586
HGNC:9104,0.8127425
HGNC:15431,0.071077764
HGNC:30801,0.9061388
HGNC:12829,0.23415762
HGNC:7605,0.7039119
HGNC:14334,0.83931893
HGNC:4853,0.9762588
HGNC:33110,0.23474526
HGNC:32935,0.055736065
HGNC:33905,0.15385187
HGNC:27260,0.12957436
HGNC:7155,0.09498662
HGNC:250,0.23932308
HGNC:12546,0.08819264
HGNC:11634,0.9169615
HGNC:14543,0.88755506
HGNC:21752,0.26564217
HGNC:5182,0.46609485
HGNC:24703,0.7938199
HGNC:12920,0.39230198
HGNC:12867,0.73150414
HGNC:23718,0.41227072
HGNC:19943,0.39929682
HGNC:26425,0.3458882
HGNC:25355,0.88806736
HGNC:8472,0.08568424
HGNC:19957,0.7401309
HGNC:15631,0.86619353
HGNC:34451,0.37025142
HGNC:23241,0.7664267
HGNC:30541,0.2809205
HGNC:21648,0.4229498
HGNC:12716,0.21542275
HGNC:13097,0.48493624
HGNC:29212,0.8812006
HGNC:28041,0.2413348
HGNC:20809,0.49802744
HGNC:33775,0.16565287
HGNC:7765,0.802317
HGNC:21492,0.877625
HGNC:20647,0.1881839
HGNC:2674,0.81734866
HGNC:16611,0.10339421
HGNC:4942,0.41560096
HGNC:22986,0.7546426
HGNC:4367,0.3787722
HGNC:21250,0.14948982
HGNC:10492,0.16255844
HGNC:25292,0.29593623
HGNC:9217,0.9108939
HGNC:1682,0.84508276
HGNC:15222,0.094219804
HGNC:11837,0.8796363
HGNC:16272,0.83769923
HGNC:15720,0.79057574
HGNC:13031,0.31307
HGNC:33825,0.21195668
HGNC:1967,0.17389601
HGNC:20813,0.17956662
HGNC:23368,0.7649409
HGNC:21215,0.9086082
HGNC:20629,0.21684372
HGNC:15346,0.15127146
HGNC:37093,0.043101907
HGNC:186,0.26159787
HGNC:17361,0.762596
HGNC:32249,0.10234809
HGNC:30695,0.9122215
HGNC:32971,0.091683686
HGNC:33752,0.2589953
HGNC:32417,0.01351887
HGNC:24731,0.5618707
HGNC:17801,0.6183324
HGNC:18519,0.09523654
HGNC:10596,0.920978
HGNC:6490,0.42208773
HGNC:6398,0.5762938
HGNC:14193,0.88863134
HGNC:4532,0.1503514
HGNC:22958,0.7005838
HGNC:3754,0.9624256
HGNC:28550,0.22451961
HGNC:17382,0.8143903
HGNC:15014,0.16022658
HGNC:18664,0.6991269
HGNC:19826,0.26155806
HGNC:15016,0.3421532
HGNC:32281,0.11890888
HGNC:20861,0.85575116
HGNC:1505,0.28118825
HGNC:561,0.9570461
HGNC:26305,0.55089104
HGNC:19233,0.32985818
HGNC:542,0.37653786
HGNC:26058,0.53958476
HGNC:17826,0.2835592
HGNC:33277,0.1941967
HGNC:41987,0.28314847
HGNC:28912,0.9160702
HGNC:24586,0.8812994
HGNC:12922,0.24761021
HGNC:20817,0.12088728
HGNC:22220,0.11552167
HGNC:17932,0.61630386
HGNC:12880,0.18700373
HGNC:17402,0.25340152
HGNC:18373,0.71012187
HGNC:21961,0.57081234
HGNC:544,0.47177684
HGNC:20875,0.6386759
HGNC:4373,0.6545048
HGNC:27596,0.11579472
HGNC:20649,0.40937734
HGNC:27614,0.21796858
HGNC:26253,0.50629395
HGNC:37261,0.27438647
HGNC:6781,0.949832
HGNC:28633,0.2872697
HGNC:29345,0.5885654
HGNC:6453,0.180992
HGNC:5467,0.8477266
HGNC:29464,0.15713382
HGNC:24145,0.17700058
HGNC:2961,0.948858
HGNC:31399,0.77839094
HGNC:18365,0.096292496
HGNC:8648,0.9490417
HGNC:15948,0.5224617
HGNC:20116,0.38677394
HGNC:25712,0.5579639
HGNC:11283,0.90831745
HGNC:28650,0.1945293
HGNC:28857,0.2547158
HGNC:8477,0.13281554
HGNC:33106,0.39443278
HGNC:13498,0.24797821
HGNC:18760,0.85246134
HGNC:15479,0.2265802
HGNC:16526,0.47740936
HGNC:30692,0.89314055
HGNC:49,0.23393726
HGNC:30646,0.8276439
HGNC:26496,0.14303458
HGNC:11454,0.12607759
HGNC:7748,0.12113106
HGNC:9557,0.93264234
HGNC:13838,0.5886736
HGNC:17644,0.52187765
HGNC:37189,0.6156056
HGNC:16106,0.8668051
HGNC:30529,0.26483595
HGNC:10968,0.34876972
HGNC:34246,0.043667674
HGNC:14573,0.22639728
HGNC:29911,0.33074194
HGNC:29097,0.5249766
HGNC:8209,0.06833792
HGNC:13445,0.054805994
HGNC:25860,0.46092403
HGNC:8941,0.21202004
HGNC:14120,0.21169406
HGNC:29300,0.6409897
HGNC:8482,0.099936604
HGNC:4651,0.6778556
HGNC:19157,0.7676424
HGNC:4682,0.21761811
HGNC:17228,0.3128457
HGNC:12953,0.27095854
HGNC:11497,0.9712111
HGNC:16135,0.29713964
HGNC:1058,0.4024318
HGNC:53973,0.31078327
HGNC:8168,0.2503903
HGNC:24578,0.9087007
HGNC:11480,0.72325295
HGNC:34412,0.26974356
HGNC:16290,0.95445
HGNC:14553,0.38382447
HGNC:8827,0.7968961
HGNC:30899,0.59612256
HGNC:14479,0.16351545
HGNC:25215,0.33503932
HGNC:28082,0.28775775
HGNC:13174,0.1459769
HGNC:27537,0.16767907
HGNC:21806,0.17931318
HGNC:27984,0.24750525
HGNC:21655,0.3943174
HGNC:30768,0.30970263
HGNC:10969,0.15305
HGNC:19628,0.109665334
HGNC:30745,0.7047104
HGNC:226,0.82826185
HGNC:4851,0.8725275
HGNC:15034,0.12952715
HGNC:1338,0.5126665
HGNC:2885,0.84081894
HGNC:2615,0.15133381
HGNC:23111,0.14210594
HGNC:25735,0.12941587
HGNC:34524,0.09080088
HGNC:1492,0.30510342
HGNC:15193,0.12175119
HGNC:6108,0.49956304
HGNC:20707,0.2512225
HGNC:14999,0.12440753
HGNC:6857,0.7898977
HGNC:25590,0.43645072
HGNC:2632,0.12010157
HGNC:16906,0.22710854
HGNC:5034,0.8178099
HGNC:15926,0.61899316
HGNC:8799,0.8423748
HGNC:4705,0.27767736
HGNC:2190,0.40303814
HGNC:11249,0.21650529
HGNC:30954,0.24926126
HGNC:8682,0.112369955
HGNC:28054,0.7520829
HGNC:24840,0.122240305
HGNC:13444,0.21711361
HGNC:25885,0.19223577
HGNC:20870,0.5276958
HGNC:16484,0.13257289
HGNC:34395,0.14394379
HGNC:30577,0.5605805
HGNC:14823,0.11432099
HGNC:7602,0.79361725
HGNC:4712,0.21797144
HGNC:16935,0.37805706
HGNC:20284,0.9019045
HGNC:25853,0.34164548
HGNC:3309,0.5000278
HGNC:18285,0.7628621
HGNC:8967,0.2253524
HGNC:2208,0.77925026
HGNC:29254,0.7199528
HGNC:4906,0.21866691
HGNC:5105,0.50151145
HGNC:21653,0.86895
HGNC:18503,0.16130579
HGNC:6286,0.73104656
HGNC:3368,0.39798486
HGNC:19026,0.795806
HGNC:14998,0.14647365
HGNC:3356,0.5966053
HGNC:33793,0.14789951
HGNC:34454,0.21427733
HGNC:26222,0.89415586
HGNC:25801,0.4129085
HGNC:27611,0.34614682
HGNC:29673,0.36440146
HGNC:7576,0.3536752
HGNC:24740,0.21611834
HGNC:17719,0.68232745
HGNC:29619,0.17794538
HGNC:8584,0.102024436
HGNC:3009,0.5439545
HGNC:8944,0.18467486
HGNC:18731,0.2126404
HGNC:20811,0.21147114
HGNC:28373,0.20095909
HGNC:2941,0.39421463
HGNC:28542,0.18655491
HGNC:33760,0.15729654
HGNC:11273,0.9398563
HGNC:7842,0.24544954
HGNC:14652,0.7362647
HGNC:29266,0.7771053
HGNC:31303,0.15190792
HGNC:25087,0.13020134
HGNC:10293,0.36739397
HGNC:21628,0.8908893
HGNC:2335,0.08528006
HGNC:8920,0.9029881
HGNC:10414,0.9584828
HGNC:26385,0.13440824
HGNC:31748,0.10130912
HGNC:9498,0.8073814
HGNC:10487,0.66670185
HGNC:26684,0.39278942
HGNC:21253,0.37912172
HGNC:10348,0.5985346
HGNC:5128,0.80212426
HGNC:20667,0.34171802
HGNC:2771,0.21241331
HGNC:37285,0.0747264
HGNC:13353,0.17372477
HGNC:25782,0.8398414
HGNC:27289,0.050917268
HGNC:19836,0.3756678
HGNC:13156,0.7341634
HGNC:11546,0.6314824
HGNC:27603,0.21079892
HGNC:25567,0.4004314
HGNC:15267,0.12930506
HGNC:15225,0.082505345
HGNC:26110,0.58187705
HGNC:21629,0.26384163
HGNC:29303,0.19645238
HGNC:20728,0.39822567
HGNC:8104,0.37368166
HGNC:28554,0.12896049
HGNC:2608,0.1151337
HGNC:12971,0.24511099
HGNC:8484,0.35873902
HGNC:13110,0.280644
HGNC:4446,0.34138167
HGNC:14631,0.6301055
HGNC:23567,0.75758046
HGNC:33114,0.12657899
HGNC:9339,0.16949391
HGNC:25373,0.8502832
HGNC:7597,0.50166154
HGNC:29633,0.54795134
HGNC:17899,0.5290582
HGNC:15141,0.04790336
HGNC:12547,0.19948757
HGNC:23429,0.25796652
HGNC:17989,0.09994197
HGNC:14405,0.60785043
HGNC:7988,0.1448434
HGNC:253,0.30313462
HGNC:10970,0.28018153
HGNC:11717,0.6048171
HGNC:11237,0.13315791
HGNC:20846,0.075181246
HGNC:19764,0.65163964
HGNC:28730,0.25695938
HGNC:13280,0.7428635
HGNC:30936,0.6123725
HGNC:13847,0.46033245
HGNC:16447,0.15850818
HGNC:14752,0.06815028
HGNC:9066,0.8109796
HGNC:25463,0.121890545
HGNC:13141,0.38044602
HGNC:24427,0.057866216
HGNC:10496,0.39493042
HGNC:10302,0.7079092
HGNC:29125,0.7051022
HGNC:12904,0.76740676
HGNC:7226,0.6404282
HGNC:1908,0.6033151
HGNC:6925,0.7058196
HGNC:18783,0.75484973
HGNC:14416,0.20074594
HGNC:33765,0.37646306
HGNC:24789,0.48423982
HGNC:14257,0.7922274
HGNC:26705,0.16948342
HGNC:6308,0.15029335
HGNC:23387,0.31715274
HGNC:17967,0.28523517
HGNC:28303,0.16782486
HGNC:2906,0.859253
HGNC:14493,0.35575223
HGNC:19745,0.3320436
HGNC:3614,0.067489624
HGNC:15807,0.638031
HGNC:26484,0.2993542
HGNC:12408,0.5605442
HGNC:10424,0.9412626
HGNC:13067,0.44725525
HGNC:13703,0.769575
HGNC:28854,0.3974254
HGNC:896,0.24972057
HGNC:9662,0.755663
HGNC:16707,0.22742891
HGNC:4545,0.71996367
HGNC:9369,0.6025208
HGNC:133,0.05801201
HGNC:382,0.20935804
HGNC:11457,0.23577178
HGNC:2611,0.055714846
HGNC:12860,0.9124261
HGNC:16773,0.073682666
HGNC:14258,0.71074736
HGNC:25960,0.23155451
HGNC:29064,0.17173105
HGNC:18909,0.107878625
HGNC:29994,0.18413794
HGNC:25741,0.6717643
HGNC:252,0.14661157
HGNC:15018,0.082273126
HGNC:13041,0.729644
HGNC:24293,0.661376
HGNC:25981,0.7533575
HGNC:3166,0.8318605
HGNC:4908,0.23871434
HGNC:16759,0.24030936
HGNC:20130,0.74236345
HGNC:26149,0.62558895
HGNC:26061,0.7868384
HGNC:37454,0.16925448
HGNC:8013,0.38810652
HGNC:29657,0.7596753
HGNC:6822,0.87721324
HGNC:25238,0.35630816
HGNC:13045,0.31346297
HGNC:16110,0.2645712
HGNC:11749,0.8757307
HGNC:13258,0.15989184
HGNC:28192,0.24155974
HGNC:15749,0.10406375
HGNC:15806,0.32856393
HGNC:22960,0.3503222
HGNC:29040,0.66486096
HGNC:11456,0.12538916
HGNC:13198,0.5402623
HGNC:20222,0.328317
HGNC:20772,0.6682665
HGNC:1392,0.9202778
HGNC:24713,0.8758137
HGNC:2435,0.27915978
HGNC:21376,0.2646165
HGNC:18676,0.9420476
HGNC:10317,0.89955854
HGNC:23096,0.16977125
HGNC:11447,0.7594056
HGNC:13736,0.6887971
HGNC:16878,0.97330403
HGNC:25084,0.151348
HGNC:18899,0.16353226
HGNC:15938,0.34453684
HGNC:19616,0.11813158
HGNC:16393,0.8630039
HGNC:23440,0.4126798
HGNC:8826,0.602447
HGNC:25537,0.25467765
HGNC:12983,0.45683652
HGNC:26509,0.2395724
HGNC:40044,0.19307196
HGNC:26558,0.2883231
HGNC:7585,0.2723627
HGNC:20877,0.27540773
HGNC:33257,0.36620587
HGNC:5126,0.74805725
HGNC:32950,0.5162816
HGNC:19310,0.8285556
HGNC:752,0.8754786
HGNC:757,0.38386965
HGNC:17722,0.5413722
HGNC:16804,0.7486006
HGNC:4241,0.8448748
HGNC:12640,0.8169942
HGNC:33705,0.06279236
HGNC:6184,0.60863066
HGNC:8031,0.6004696
HGNC:7056,0.82945603
HGNC:7398,0.36582625
HGNC:22201,0.44618404
HGNC:13138,0.15514189
HGNC:12437,0.5505803
HGNC:33843,0.88928986
HGNC:26427,0.7148168
HGNC:18907,0.2495017
HGNC:15553,0.119407475
HGNC:25392,0.33432478
HGNC:13199,0.9237306
HGNC:23305,0.31717515
HGNC:30955,0.28515065
HGNC:12011,0.68535584
HGNC:32486,0.073484
HGNC:15567,0.19004285
HGNC:33230,0.46311998
HGNC:26323,0.16201162
HGNC:24141,0.09240204
HGNC:31675,0.95826864
HGNC:25638,0.33257806
HGNC:4953,0.20963717
HGNC:11231,0.8378411
HGNC:2148,0.33140802
HGNC:6782,0.8706615
HGNC:13109,0.2071439
HGNC:17030,0.4615569
HGNC:9080,0.840562
HGNC:33627,0.2894994
HGNC:13073,0.4813246
HGNC:6164,0.34767413
HGNC:28445,0.35880947
HGNC:30570,0.39855206
HGNC:18893,0.14332974
HGNC:23170,0.36688882
HGNC:27801,0.28108668
HGNC:2515,0.8971845
HGNC:13917,0.9285542
HGNC:20305,0.10318911
HGNC:19689,0.18643785
HGNC:14331,0.1223253
HGNC:30416,0.219419
HGNC:648,0.75496256
HGNC:26442,0.25960267
HGNC:11841,0.9437373
HGNC:1742,0.6628159
HGNC:24082,0.1742003
HGNC:29025,0.8919012
HGNC:7163,0.32967782
HGNC:960,0.89406186
HGNC:387,0.06680322
HGNC:24335,0.76262033
HGNC:24487,0.15987849
HGNC:6974,0.93739665
HGNC:10484,0.80030525
HGNC:26337,0.09231961
HGNC:18732,0.8942293
HGNC:18665,0.34409815
HGNC:15936,0.81504726
HGNC:17717,0.8785766
HGNC:11573,0.6103476
HGNC:8473,0.28984565
HGNC:21114,0.34979272
HGNC:1442,0.9805949
HGNC:6667,0.01957035
HGNC:21589,0.7954531
HGNC:31010,0.2530558
HGNC:8604,0.39924997
HGNC:11079,0.92433304
HGNC:29170,0.1718384
HGNC:34,0.2114358
HGNC:3252,0.66404057
HGNC:19425,0.8632743
HGNC:4558,0.098031044
HGNC:29021,0.17520463
HGNC:29436,0.25751615
HGNC:2908,0.94687605
HGNC:26363,0.791698
HGNC:14601,0.23089415
HGNC:12566,0.5313875
HGNC:6532,0.89456826
HGNC:14952,0.34789193
HGNC:16850,0.9341897
HGNC:20318,0.66722435
HGNC:3542,0.51644576
HGNC:14133,0.40414703
HGNC:19410,0.8698672
HGNC:29147,0.84271014
HGNC:16807,0.7814782
HGNC:11038,0.8105716
HGNC:25720,0.15340394
HGNC:1738,0.92157096
HGNC:9105,0.72532547
HGNC:18606,0.097739875
HGNC:10299,0.8802873
HGNC:16790,0.37963212
HGNC:21297,0.28323996
HGNC:3235,0.16329193
HGNC:11487,0.8258174
HGNC:26892,0.27031422
HGNC:28310,0.5040321
HGNC:15739,0.24703002
HGNC:29138,0.86137474
HGNC:28291,0.6389608
HGNC:16767,0.7548696
HGNC:7512,0.65905607
HGNC:14101,0.9653115
HGNC:1310,0.7906621
HGNC:3942,0.8751172
HGNC:30386,0.8019711
HGNC:24605,0.94206214
HGNC:20565,0.2617377
HGNC:13746,0.8708496
HGNC:6810,0.70119536
HGNC:20889,0.30484056
HGNC:7892,0.37408054
HGNC:8623,0.76895636
HGNC:20264,0.32449186
HGNC:4289,0.8816375
HGNC:29178,0.86847556
HGNC:16838,0.8164567
HGNC:21102,0.3880124
HGNC:1677,0.5256538
HGNC:4595,0.80060756
HGNC:20311,0.8357136
HGNC:17054,0.6156278
HGNC:15783,0.3395629
HGNC:4542,0.3072405
HGNC:4986,0.7815267
HGNC:17598,0.74303955
HGNC:17494,0.35284567
HGNC:8140,0.7993721
HGNC:29044,0.8229197
HGNC:10485,0.77166474
HGNC:13070,0.18616128
HGNC:25160,0.21543342
HGNC:25034,0.116283536
HGNC:18136,0.6656812
HGNC:15590,0.48524654
HGNC:18988,0.8916178
HGNC:1863,0.110758305
HGNC:1674,0.46890152
HGNC:23625,0.8233013
HGNC:29468,0.14180517
HGNC:18416,0.34040308
HGNC:24448,0.55495656
HGNC:28270,0.37100053
HGNC:16791,0.6316072
HGNC:13082,0.7055166
HGNC:25418,0.57402694
HGNC:34438,0.2885939
HGNC:28669,0.08697009
HGNC:4544,0.79994595
HGNC:25598,0.43621898
HGNC:19911,0.6127374
HGNC:20256,0.8346248
HGNC:19763,0.23733735
HGNC:29371,0.16311479
HGNC:20465,0.64349735
HGNC:29395,0.88868356
HGNC:18241,0.4874941
HGNC:27139,0.41891086
HGNC:20365,0.61009425
HGNC:1490,0.92751914
HGNC:11986,0.9804242
HGNC:9341,0.5440724
HGNC:29353,0.49592757
HGNC:6855,0.84638464
HGNC:6470,0.9368917
HGNC:11290,0.7733607
HGNC:27915,0.24212217
HGNC:9216,0.95849633
HGNC:24246,0.8529758
HGNC:26933,0.39345074
HGNC:10350,0.9567042
HGNC:30938,0.4534036
HGNC:29110,0.1671009
HGNC:17660,0.40774965
HGNC:22408,0.82986444
HGNC:16859,0.7872496
HGNC:24294,0.16218501
HGNC:626,0.1780082
HGNC:24834,0.7147604
HGNC:30140,0.7075442
HGNC:13574,0.87760043
HGNC:21239,0.20320892
HGNC:26138,0.15597391
HGNC:27033,0.62338394
HGNC:23035,0.83031625
HGNC:2928,0.88885975
HGNC:29083,0.8425566
HGNC:7631,0.25644886
HGNC:24644,0.70178896
HGNC:11778,0.29918206
HGNC:26094,0.3063559
HGNC:17481,0.730682
HGNC:10259,0.9533851
HGNC:29799,0.8856585
HGNC:14820,0.07082629
HGNC:14996,0.06953478
HGNC:29423,0.46832693
HGNC:23791,0.7744739
HGNC:4440,0.55380714
HGNC:15017,0.09158051
HGNC:28166,0.2580701
HGNC:26970,0.40294862
HGNC:1941,0.3409896
HGNC:30491,0.6104043
HGNC:11656,0.07631755
HGNC:1485,0.28961438
HGNC:27010,0.23786265
HGNC:2334,0.1883527
HGNC:21179,0.1837005
HGNC:16795,0.22978067
HGNC:30003,0.28096867
HGNC:21180,0.32787263
HGNC:30233,0.11393249
HGNC:21118,0.05084181
HGNC:4508,0.4852004
HGNC:3619,0.13995886
HGNC:21571,0.20633519
HGNC:15030,0.15214527
HGNC:21488,0.47848094
HGNC:16871,0.21042156
HGNC:33858,0.4894303
HGNC:23527,0.26101482
HGNC:6663,0.2293275
HGNC:32057,0.13167691
HGNC:32046,0.1310997
HGNC:11265,0.12590742
HGNC:31823,0.105074346
HGNC:23470,0.05647689
HGNC:2727,0.17023695
HGNC:24700,0.28896916
HGNC:23492,0.10381287
HGNC:5217,0.17564106
HGNC:5218,0.22808117
HGNC:32040,0.42906892
HGNC:27424,0.7775129
HGNC:41915,0.13708627
HGNC:21403,0.27378345
HGNC:48682,0.36147487
HGNC:21390,0.28935665
HGNC:4226,0.95963925
HGNC:15882,0.64789695
HGNC:11194,0.6756412
HGNC:26016,0.20593488
HGNC:21382,0.23928785
HGNC:33699,0.16964912
HGNC:19201,0.23392284
HGNC:24032,0.1316523
HGNC:33174,0.17466986
HGNC:27865,0.47198468
HGNC:33743,0.20198417
HGNC:23294,0.11604965
HGNC:24582,0.6473902
HGNC:24514,0.43424302
HGNC:37286,0.2084595
HGNC:32044,0.19527245
HGNC:29379,0.19387186
HGNC:18091,0.08460581
HGNC:21349,0.09419286
HGNC:32069,0.15073961
HGNC:33519,0.20352966
HGNC:32058,0.22699165
HGNC:27038,0.1858995
HGNC:28096,0.092525184
HGNC:23671,0.13300622
HGNC:23442,0.108953714
HGNC:33494,0.20471156
HGNC:23452,0.21050084
HGNC:23444,0.080267906
HGNC:21773,0.19497395
HGNC:23443,0.079165936
HGNC:21375,0.65116155
HGNC:24814,0.7045976
HGNC:22282,0.7851509
HGNC:16162,0.65577483
HGNC:24553,0.19745034
HGNC:6077,0.39414275
HGNC:21328,0.1250658
HGNC:6408,0.9357762
HGNC:17861,0.45212114
HGNC:1934,0.8372832
HGNC:11960,0.9530704
HGNC:27418,0.30966175
HGNC:19761,0.6672044
HGNC:33737,0.68104196
HGNC:25793,0.52300465
HGNC:21251,0.10157716
HGNC:23456,0.47516692
HGNC:23466,0.1400348
HGNC:23581,0.41886216
HGNC:20712,0.53956723
HGNC:27274,0.22008961
HGNC:33713,0.59268963
HGNC:9329,0.09986627
HGNC:23730,0.14120162
HGNC:17167,0.10312879
HGNC:25572,0.8869858
HGNC:33435,0.23086846
HGNC:29313,0.62048423
HGNC:19427,0.72025156
HGNC:31454,0.11871594
HGNC:23252,0.2937703
HGNC:2681,0.7188375
HGNC:1078,0.90189445
HGNC:11615,0.55530334
HGNC:4926,0.9007499
HGNC:10018,0.857064
HGNC:3554,0.37742877
HGNC:10478,0.9376888
HGNC:27901,0.29386842
HGNC:14704,0.09778696
HGNC:2187,0.7730587
HGNC:4936,0.13259351
HGNC:1103,0.8687778
HGNC:4934,0.5303083
HGNC:2210,0.9394681
HGNC:9545,0.6126311
HGNC:27272,0.8954083
HGNC:27563,0.26383126
HGNC:4110,0.31641603
HGNC:4947,0.7117693
HGNC:1142,0.22922307
HGNC:2192,0.5775112
HGNC:8471,0.05000019
HGNC:13922,0.10943556
HGNC:32390,0.107815266
HGNC:7884,0.3758245
HGNC:8633,0.8710734
HGNC:320,0.12988019
HGNC:10068,0.37258506
HGNC:324,0.9049545
HGNC:29502,0.233446
HGNC:13943,0.69948
HGNC:13949,0.23956078
HGNC:14033,0.28765684
HGNC:40030,0.3711152
HGNC:44395,0.27472973
HGNC:14529,0.57026
HGNC:11398,0.20643377
HGNC:16848,0.10762155
HGNC:33758,0.54740226
HGNC:2992,0.19882083
HGNC:31116,0.17544287
HGNC:13974,0.6689317
HGNC:26331,0.09603262
HGNC:33178,0.14094484
HGNC:28693,0.33827364
HGNC:19066,0.9302695
HGNC:10683,0.52718383
HGNC:14129,0.70163643
HGNC:29471,0.20009518
HGNC:13941,0.32544053
HGNC:7758,0.51994985
HGNC:19078,0.1829822
HGNC:5233,0.43047166
HGNC:5232,0.6322283
HGNC:5234,0.26661706
HGNC:13940,0.55243754
HGNC:13939,0.26031214
HGNC:33701,0.3776961
HGNC:19004,0.31981164
HGNC:20444,0.9188147
HGNC:7328,0.50354934
HGNC:2442,0.084905386
HGNC:13937,0.16544062
HGNC:13936,0.20046234
HGNC:13933,0.20922172
HGNC:13921,0.7700944
HGNC:13932,0.6072813
HGNC:2460,0.9301801
HGNC:13920,0.28226972
HGNC:19076,0.53225577
HGNC:33877,0.84720576
HGNC:13916,0.41849118
HGNC:33817,0.12211645
HGNC:38877,0.043285012
HGNC:13919,0.9038837
HGNC:32332,0.50247145
HGNC:13918,0.8607318
HGNC:352,0.22580457
HGNC:19077,0.16410768
HGNC:25224,0.059782386
HGNC:29485,0.05172813
HGNC:24908,0.2028349
HGNC:13576,0.20824486
HGNC:14189,0.17183006
HGNC:7800,0.6530298
HGNC:28415,0.073390126
HGNC:20668,0.16827893
HGNC:33258,0.18451929
HGNC:7091,0.26144892
HGNC:32038,0.097537816
HGNC:25108,0.32676822
HGNC:7090,0.28817976
HGNC:23272,0.74447566
HGNC:4933,0.35026115
HGNC:9221,0.8528006
HGNC:34294,0.18852395
HGNC:13930,0.3250817
HGNC:17199,0.14561832
HGNC:1802,0.37206757
HGNC:17202,0.22217828
HGNC:13927,0.2316792
HGNC:21661,0.43979573
HGNC:18101,0.057415307
HGNC:2739,0.5356094
HGNC:21301,0.7676128
HGNC:14516,0.4098875
HGNC:9284,0.9312047
HGNC:23606,0.15096611
HGNC:23605,0.091822386
HGNC:70,0.5809068
HGNC:21149,0.40066546
HGNC:6607,0.3875417
HGNC:2730,0.58039486
HGNC:4413,0.88351375
HGNC:4962,0.7298026
HGNC:32166,0.14025402
HGNC:10065,0.8803364
HGNC:33105,0.24521434
HGNC:16284,0.17042106
HGNC:28062,0.23267579
HGNC:23315,0.27457744
HGNC:10072,0.15767896
HGNC:18736,0.08887923
HGNC:16289,0.2343682
HGNC:18064,0.2383588
HGNC:9285,0.82539254
HGNC:29251,0.5899858
HGNC:4399,0.9501133
HGNC:4964,0.14625049
HGNC:17791,0.4911592
HGNC:32203,0.0659827
HGNC:4963,0.38349116
HGNC:18791,0.42492074
HGNC:33856,0.15793252
HGNC:7197,0.5671941
HGNC:8253,0.12727821
HGNC:33278,0.16288608
HGNC:27753,0.17168558
HGNC:27037,0.09259021
HGNC:19372,0.11889458
HGNC:28426,0.5428787
HGNC:33936,0.50682193
HGNC:4070,0.879216
HGNC:8252,0.16585547
HGNC:8176,0.10971916
HGNC:13971,0.08052671
HGNC:8260,0.07712293
HGNC:8261,0.11214614
HGNC:8259,0.25094074
HGNC:8238,0.06306636
HGNC:8281,0.09014189
HGNC:21195,0.5098423
HGNC:32681,0.2832334
HGNC:31422,0.119707346
HGNC:9975,0.91279423
HGNC:24331,0.33055496
HGNC:14428,0.06455743
HGNC:16684,0.38012427
HGNC:27814,0.10037911
HGNC:10555,0.7902682
HGNC:2711,0.75990784
HGNC:23394,0.039643943
HGNC:26113,0.21071237
HGNC:30180,0.46156222
HGNC:4930,0.6365224
HGNC:32929,0.16956347
HGNC:32931,0.21010768
HGNC:17230,0.12555933
HGNC:4475,0.41748524
HGNC:18904,0.113764465
HGNC:26707,0.099075794
HGNC:30839,0.2089783
HGNC:33830,0.38290727
HGNC:17986,0.4925326
HGNC:32951,0.27675128
HGNC:40034,0.19684827
HGNC:12940,0.13641727
HGNC:34399,0.20067835
HGNC:33857,0.4606886
HGNC:33862,0.07403004
HGNC:30762,0.17656839
HGNC:9522,0.045037746
HGNC:27222,0.33561683
HGNC:20690,0.29862928
HGNC:37215,0.47366893
HGNC:31969,0.48607254
HGNC:34450,0.32357585
HGNC:8696,0.30731118
HGNC:8675,0.05803275
HGNC:8674,0.09800857
HGNC:8673,0.23819923
HGNC:8671,0.2916491
HGNC:8670,0.1114347
HGNC:8668,0.13199389
HGNC:8663,0.24800265
HGNC:9976,0.7322941
HGNC:34497,0.17120624
HGNC:16674,0.088505864
HGNC:9475,0.089024186
HGNC:30623,0.41290033
HGNC:33842,0.18845809
HGNC:37237,0.055731118
HGNC:8351,0.08365196
HGNC:20313,0.078216314
HGNC:33920,0.15751433
HGNC:24070,0.115256906
HGNC:20584,0.45114732
HGNC:6568,0.43619192
HGNC:37236,0.1201936
HGNC:37234,0.31913996
HGNC:42966,0.16483104
HGNC:33869,0.17756903
HGNC:25186,0.7495648
HGNC:19136,0.06868851
HGNC:41911,0.45225286
HGNC:19287,0.081630886
HGNC:37099,0.58251363
HGNC:34391,0.06890553
HGNC:34346,0.42392552
HGNC:27828,0.36439097
HGNC:33867,0.28959692
HGNC:21209,0.15922582
HGNC:30100,0.90482926
HGNC:33712,0.06056893
HGNC:34444,0.2676139
HGNC:3563,0.1266799
HGNC:30953,0.8973052
HGNC:27320,0.2684896
HGNC:27616,0.1371293
HGNC:33735,0.052904487
HGNC:13299,0.75218624
HGNC:9538,0.4370545
HGNC:12697,0.08059007
HGNC:33841,0.11861664
HGNC:36809,0.41546404
HGNC:3118,0.75687623
HGNC:8791,0.69219995
HGNC:34244,0.84245783
HGNC:7510,0.047397852
HGNC:31110,0.41708016
HGNC:43619,0.27455896
HGNC:11173,0.80118304
HGNC:41908,0.39215505
HGNC:15769,0.1504733
HGNC:24432,0.91621244
HGNC:31297,0.072187066
HGNC:31295,0.08968431
HGNC:15437,0.1139279
HGNC:8355,0.12733817
HGNC:50858,0.5178849
HGNC:4512,0.39303386
HGNC:9852,0.9448471
HGNC:24528,0.24368632
HGNC:22214,0.6104533
HGNC:7400,0.18663788
HGNC:23613,0.08369535
HGNC:7393,0.27289104
HGNC:33753,0.69561636
HGNC:14296,0.26316452
HGNC:5394,0.44219148
HGNC:15215,0.10916382
HGNC:1348,0.13332611
HGNC:6443,0.41192192
HGNC:26759,0.8275322
HGNC:6458,0.07098979
HGNC:20120,0.17314887
HGNC:31421,0.15506226
HGNC:22967,0.14948821
HGNC:44657,0.259593
HGNC:28091,0.30551887
HGNC:35459,0.77628183
HGNC:14799,0.07086575
HGNC:14795,0.07965517
HGNC:33628,0.23538148
HGNC:30282,0.08635312
HGNC:7640,0.7560726
HGNC:11881,0.8189852
HGNC:28618,0.49409735
HGNC:19054,0.17162567
HGNC:2329,0.40951693
HGNC:11118,0.2908945
HGNC:10756,0.12658042
HGNC:4984,0.42930305
HGNC:14362,0.18558598
HGNC:32690,0.4569893
HGNC:26347,0.3856821
HGNC:17557,0.42362726
HGNC:37207,0.13432467
HGNC:31838,0.23097259
HGNC:33710,0.20053917
HGNC:5284,0.06728995
HGNC:19856,0.8570324
HGNC:32488,0.12036967
HGNC:33159,0.24208164
HGNC:1293,0.3445869
HGNC:27365,0.113792896
HGNC:17427,0.6749151
HGNC:40023,0.12453991
HGNC:27052,0.14324766
HGNC:37238,0.33779204
HGNC:37206,0.06762648
HGNC:6183,0.84995973
HGNC:27257,0.3527531
HGNC:26225,0.47736108
HGNC:32934,0.04508829
HGNC:14281,0.2784809
HGNC:2420,0.36558175
HGNC:27750,0.40220332
HGNC:4098,0.13876617
HGNC:31407,0.16991568
HGNC:26524,0.5861844
HGNC:18525,0.262596
HGNC:23682,0.4190017
HGNC:6375,0.09322405
HGNC:6376,0.14019
HGNC:40031,0.12950146
HGNC:40049,0.57469994
HGNC:26355,0.16564155
HGNC:14556,0.13130808
HGNC:9981,0.2505049
HGNC:27160,0.07190299
HGNC:24958,0.11435419
HGNC:42972,0.085301995
HGNC:34072,0.16283488
HGNC:23600,0.19170135
HGNC:23597,0.1862551
HGNC:23596,0.19627857
HGNC:32399,0.06921625
HGNC:32400,0.058233023
HGNC:34433,0.44631934
HGNC:35126,0.19546616
HGNC:13399,0.57550484
HGNC:9398,0.79279065
HGNC:10080,0.93693674
HGNC:15964,0.44447553
HGNC:20165,0.5716643
HGNC:30528,0.5937001
HGNC:16644,0.103770494
HGNC:27598,0.06203699
HGNC:40037,0.40138257
HGNC:28301,0.7225127
HGNC:33725,0.25822884
HGNC:14221,0.29184037
HGNC:10570,0.054897666
HGNC:8949,0.41655022
HGNC:32962,0.13893008
HGNC:33864,0.11486709
HGNC:44406,0.05966854
HGNC:25285,0.17579412
HGNC:4823,0.5169093
HGNC:4826,0.1952653
HGNC:13542,0.6849355
HGNC:29642,0.29147965
HGNC:11401,0.38384312
HGNC:34428,0.17844373
HGNC:27366,0.40805405
HGNC:27023,0.12323618
HGNC:31332,0.7393992
HGNC:30219,0.10790789
HGNC:37208,0.5009472
HGNC:8165,0.15881181
HGNC:4931,0.376055
HGNC:9640,0.72644645
HGNC:25631,0.52493685
HGNC:24665,0.14647102
HGNC:28014,0.20202613
HGNC:31290,0.07772821
HGNC:24327,0.5953109
HGNC:17910,0.24894786
HGNC:32669,0.925143
HGNC:23574,0.23500317
HGNC:29024,0.903728
HGNC:2226,0.19072306
HGNC:28343,0.40022445
HGNC:29394,0.9096197
HGNC:4555,0.44574213
HGNC:2884,0.71927345
HGNC:18251,0.18494225
HGNC:2883,0.55603313
HGNC:24056,0.35269368
HGNC:17848,0.8281275
HGNC:17059,0.76895654
HGNC:12379,0.81432736
HGNC:26035,0.6165611
HGNC:14968,0.2833134
HGNC:28354,0.16524893
HGNC:18916,0.20488179
HGNC:34211,0.23393404
HGNC:18914,0.08731246
HGNC:27904,0.30962312
HGNC:18911,0.087602854
HGNC:18910,0.09175503
HGNC:18906,0.30190372
HGNC:16775,0.18170702
HGNC:33156,0.23566604
HGNC:31230,0.054166794
HGNC:25420,0.82276815
HGNC:18890,0.080973625
HGNC:16779,0.1742363
HGNC:16778,0.17504966
HGNC:29265,0.106776774
HGNC:22968,0.119013846
HGNC:18933,0.36834073
HGNC:9223,0.12491137
HGNC:29473,0.6335683
HGNC:28766,0.29683173
HGNC:6370,0.24917817
HGNC:11511,0.76812863
HGNC:8066,0.8159376
HGNC:16453,0.14898759
HGNC:28404,0.6333116
HGNC:33805,0.5757665
HGNC:25140,0.38571382
HGNC:17012,0.42158532
HGNC:20959,0.9521723
HGNC:17229,0.20410001
HGNC:4035,0.20254493
HGNC:13047,0.23574507
HGNC:28482,0.4371884
HGNC:2417,0.45647585
HGNC:2360,0.3130201
HGNC:27506,0.6314134
HGNC:31814,0.19941044
HGNC:23475,0.2900288
HGNC:30834,0.37111425
HGNC:16997,0.6547068
HGNC:101,0.31053603
HGNC:23237,0.413298
HGNC:28236,0.22111213
HGNC:8246,0.07618821
HGNC:2441,0.28501058
HGNC:33879,0.17831266
HGNC:11649,0.1278435
HGNC:31862,0.63869995
HGNC:11467,0.57104707
HGNC:12369,0.073768795
HGNC:7989,0.8733194
HGNC:6719,0.24541521
HGNC:28640,0.36794132
HGNC:23797,0.48013055
HGNC:1974,0.8385668
HGNC:14008,0.4083016
HGNC:4634,0.33673525
HGNC:18623,0.26843578
HGNC:23724,0.24662477
HGNC:32979,0.9048765
HGNC:6522,0.6687759
HGNC:9667,0.3849666
HGNC:32190,0.26556623
HGNC:16776,0.108125865
HGNC:18891,0.15414673
HGNC:4450,0.58646655
HGNC:28695,0.43797642
HGNC:10885,0.67317176
HGNC:18955,0.7257768
HGNC:693,0.63094115
HGNC:32484,0.20463216
HGNC:29606,0.073657095
HGNC:25073,0.59295523
HGNC:30526,0.53113145
HGNC:19123,0.32757652
HGNC:33826,0.14757442
HGNC:27652,0.5744982
HGNC:12669,0.8564676
HGNC:28323,0.6804956
HGNC:30739,0.7534074
HGNC:4878,0.32741565
HGNC:7710,0.50335974
HGNC:29477,0.644809
HGNC:29532,0.7014664
HGNC:25151,0.22740906
HGNC:9282,0.97959226
HGNC:30004,0.27464306
HGNC:13945,0.5840261
HGNC:18874,0.5581729
HGNC:15486,0.4852754
HGNC:2349,0.50986546
HGNC:12269,0.50029093
HGNC:3167,0.6186977
HGNC:26055,0.4448601
HGNC:16101,0.14407682
HGNC:2062,0.48890686
HGNC:2716,0.70463336
HGNC:10419,0.8229344
HGNC:862,0.3204031
HGNC:12918,0.27786553
HGNC:4658,0.399032
HGNC:18682,0.35591453
HGNC:25112,0.2636751
HGNC:18788,0.13996947
HGNC:31949,0.0896849
HGNC:3334,0.26521492
HGNC:21302,0.5442736
HGNC:25646,0.35161865
HGNC:18795,0.21723789
HGNC:26029,0.7487799
HGNC:26845,0.20269871
HGNC:31948,0.21808815
HGNC:20601,0.43294948
HGNC:6713,0.6023477
HGNC:19260,0.17392719
HGNC:2956,0.06621516
HGNC:28781,0.19686776
HGNC:31953,0.29197568
HGNC:2453,0.9317946
HGNC:10626,0.25190246
HGNC:6131,0.77134144
HGNC:4135,0.48584616
HGNC:4830,0.46947682
HGNC:4831,0.6597947
HGNC:2051,0.22236001
HGNC:6134,0.46757883
HGNC:32462,0.1581347
HGNC:13175,0.16487789
HGNC:30684,0.5230527
HGNC:556,0.17824173
HGNC:13165,0.2836082
HGNC:25576,0.48850584
HGNC:11861,0.3716749
HGNC:6995,0.34777236
HGNC:4139,0.11235905
HGNC:24483,0.12595773
HGNC:17922,0.6923585
HGNC:10322,0.14716059
HGNC:38709,0.27889526
HGNC:28419,0.5229079
HGNC:13618,0.1956439
HGNC:11859,0.26109183
HGNC:2314,0.24590015
HGNC:27902,0.15632266
HGNC:27407,0.23727322
HGNC:19684,0.39500684
HGNC:48958,0.57214177
HGNC:21365,0.41325563
HGNC:7554,0.8572248
HGNC:27220,0.2804438
HGNC:32528,0.4163322
HGNC:23056,0.2619604
HGNC:18835,0.49228466
HGNC:33112,0.4218055
HGNC:48953,0.59735113
HGNC:34073,0.4680928
HGNC:32406,0.14134997
HGNC:27900,0.31046832
HGNC:21689,0.29779822
HGNC:483,0.56852746
HGNC:33940,0.076428235
HGNC:35462,0.09396523
HGNC:22180,0.33961415
HGNC:35422,0.80719924
HGNC:34530,0.14270169
HGNC:28719,0.24884945
HGNC:34443,0.22482073
HGNC:34436,0.19004095
HGNC:28093,0.4085511
HGNC:34228,0.22292054
HGNC:22800,0.17855036
HGNC:17452,0.16531992
HGNC:35153,0.34456128
HGNC:33196,0.12665474
HGNC:40047,0.17201483
HGNC:27200,0.11295283
HGNC:28044,0.09051669
HGNC:31839,0.338117
HGNC:30178,0.9093025
HGNC:18905,0.5992136
HGNC:10666,0.4258607
HGNC:23447,0.46103632
HGNC:21744,0.8538287
HGNC:35412,0.65982467
HGNC:18094,0.09478843
HGNC:31331,0.36064434
HGNC:23528,0.9247407
HGNC:35159,0.1657812
HGNC:35158,0.21268064
HGNC:20304,0.3550195
HGNC:37252,0.5132209
HGNC:34452,0.1079396
HGNC:5457,0.2265774
HGNC:16664,0.16273236
HGNC:447,0.6059407
HGNC:34528,0.58853495
HGNC:25451,0.8510357
HGNC:33113,0.21242344
HGNC:37636,0.26213765
HGNC:14284,0.27881646
HGNC:49233,0.37124467
HGNC:28065,0.1664185
HGNC:34075,0.04751122
HGNC:7423,0.7988495
HGNC:34417,0.10509908
HGNC:35236,0.09253216
HGNC:32696,0.40857136
HGNC:32394,0.18634474
HGNC:37148,0.1424774
HGNC:27503,0.12906623
HGNC:37283,0.03902161
HGNC:41983,0.22795212
HGNC:26993,0.33442408
HGNC:30322,0.43332005
HGNC:28745,0.1546328
HGNC:34303,0.25155306
HGNC:37276,0.48991686
HGNC:41982,0.23660064
HGNC:32016,0.09239429
HGNC:22442,0.15419888
HGNC:30306,0.70051396
HGNC:34410,0.8685969
HGNC:18464,0.6919632
HGNC:39523,0.44498217
HGNC:27035,0.5531317
HGNC:34455,0.17855573
HGNC:7515,0.39274466
HGNC:29663,0.36898977
HGNC:32205,0.03774953
HGNC:34242,0.10036498
HGNC:22965,0.75016594
HGNC:31673,0.14830506
HGNC:27028,0.18694276
HGNC:37269,0.8695797
HGNC:25790,0.4009611
HGNC:31973,0.14472675
HGNC:18867,0.31777066
HGNC:20164,0.6795417
HGNC:30968,0.12608325
HGNC:20438,0.33183676
HGNC:2745,0.97880787
HGNC:14584,0.43718946
HGNC:32284,0.059428394
HGNC:37134,0.1928035
HGNC:7586,0.11473966
HGNC:15952,0.8673064
HGNC:19904,0.9184272
HGNC:16244,0.2821927
HGNC:20521,0.077165425
HGNC:22966,0.12418157
HGNC:44661,0.7808012
HGNC:32695,0.7147903
HGNC:30553,0.2464943
HGNC:34532,0.4536398
HGNC:18097,0.07144934
HGNC:18096,0.052058935
HGNC:18325,0.10682768
HGNC:37254,0.15897161
HGNC:5017,0.45613593
HGNC:4192,0.49742603
HGNC:29995,0.1264683
HGNC:17206,0.32281196
HGNC:30187,0.76688135
HGNC:33593,0.26994234
HGNC:11910,0.6218657
HGNC:20863,0.25585192
HGNC:35410,0.56649286
HGNC:26809,0.2624805
HGNC:32220,0.1920259
HGNC:35445,0.38387787
HGNC:25262,0.22614801
HGNC:34297,0.1343844
HGNC:32151,0.15851742
HGNC:5398,0.18332231
HGNC:26644,0.47574198
HGNC:40040,0.18829376
HGNC:26533,0.22405171
HGNC:29418,0.8434794
HGNC:30690,0.9296893
HGNC:35245,0.3854146
HGNC:13253,0.2375369
HGNC:29679,0.4412852
HGNC:29944,0.8077081
HGNC:27669,0.36742115
HGNC:49288,0.45805812
HGNC:45037,0.5947825
HGNC:15970,0.53561515
HGNC:26646,0.6302767
HGNC:15945,0.0590865
HGNC:33911,0.51371443
HGNC:21592,0.70607847
HGNC:26088,0.27894378
HGNC:48955,0.5024606
HGNC:14945,0.1601913
HGNC:24736,0.33948958
HGNC:21206,0.42670953
HGNC:37245,0.57331395
HGNC:12643,0.79475904
HGNC:48956,0.28348976
HGNC:58774,0.43062067
HGNC:8354,0.10359001
HGNC:19090,0.8865226
HGNC:34431,0.1875683
HGNC:9317,0.8802933
HGNC:9520,0.032120943
HGNC:3588,0.24890196
HGNC:8232,0.08234942
HGNC:22971,0.10835028
HGNC:574,0.19693208
HGNC:15162,0.04786694
HGNC:25275,0.14316422
HGNC:34432,0.10552031
HGNC:16777,0.15481818
HGNC:18883,0.06994599
HGNC:15082,0.07591081
HGNC:22972,0.13112903
HGNC:9102,0.85974646
HGNC:1835,0.5276683
HGNC:13827,0.32471877
HGNC:16771,0.35792482
HGNC:8283,0.09165305
HGNC:30804,0.27753925
HGNC:23037,0.22775513
HGNC:8182,0.10242391
HGNC:7954,0.6573272
HGNC:8247,0.1597681
HGNC:9304,0.9312748
HGNC:25534,0.20945358
HGNC:37249,0.19122416
HGNC:17241,0.18705761
HGNC:14737,0.12945491
HGNC:19562,0.08119613
HGNC:18885,0.2768339
HGNC:15084,0.070209324
HGNC:14523,0.3843012
HGNC:4034,0.5798139
HGNC:20937,0.12606347
HGNC:15168,0.13231397
HGNC:15595,0.13543701
HGNC:14870,0.2545358
HGNC:3576,0.6726543
HGNC:8229,0.07576138
HGNC:8297,0.08148539
HGNC:20570,0.717338
HGNC:12458,0.8808146
HGNC:30434,0.4622324
HGNC:9326,0.6953284
HGNC:8230,0.12738955
HGNC:28855,0.24911112
HGNC:15209,0.15435225
HGNC:22364,0.16209686
HGNC:49261,0.21478903
HGNC:27145,0.5961573
HGNC:22412,0.4837166
HGNC:39602,0.3694229
HGNC:31963,0.17040181
HGNC:33896,0.043994665
HGNC:37094,0.05061418
HGNC:32576,0.17070258
HGNC:31008,0.20228136
HGNC:43973,0.23623121
HGNC:19055,0.62488085
HGNC:10518,0.70918757
HGNC:14395,0.055824637
HGNC:25932,0.1665132
HGNC:31736,0.19303226
HGNC:4829,0.18996501
HGNC:16449,0.33999097
HGNC:14253,0.5721878
HGNC:4940,0.23455542
HGNC:14344,0.79724765
HGNC:28116,0.300233
HGNC:48332,0.8069372
HGNC:25673,0.24812567
HGNC:1324,0.6912013
HGNC:27293,0.22738183
HGNC:33279,0.8390656
HGNC:27356,0.59918004
HGNC:4557,0.15223908
HGNC:17778,0.101322174
HGNC:33242,0.09854567
HGNC:53114,0.29203308
HGNC:33551,0.3868605
HGNC:31908,0.18248105
HGNC:37280,0.35774916
HGNC:37219,0.3167622
HGNC:29017,0.6658284
HGNC:27286,0.1543243
HGNC:40375,0.28719115
HGNC:37210,0.2427975
HGNC:23216,0.70627
HGNC:28007,0.5896546
HGNC:14472,0.31989157
HGNC:15090,0.16378474
HGNC:44652,0.432226
HGNC:3438,0.39241028
HGNC:33518,0.083471775
HGNC:21040,0.26170182
HGNC:8024,0.3049087
HGNC:33154,0.89289415
HGNC:48661,0.63360584
HGNC:40026,0.27449983
HGNC:15221,0.3932575
HGNC:27282,0.17118788
HGNC:18896,0.87376297
HGNC:6322,0.1103214
HGNC:37243,0.35792768
HGNC:42976,0.40293574
HGNC:23917,0.43966115
HGNC:35239,0.55942786
HGNC:6709,0.7179289
HGNC:13923,0.36760855
HGNC:40024,0.59285766
HGNC:29448,0.41472542
HGNC:15019,0.16338289
HGNC:37212,0.16467369
HGNC:8605,0.7300918
HGNC:37281,0.06793976
HGNC:30385,0.4956534
HGNC:6711,0.1655196
HGNC:40912,0.45046115
HGNC:44651,0.3506934
HGNC:23208,0.22471488
HGNC:28505,0.11634195
HGNC:27290,0.39047545
HGNC:32045,0.22789437
HGNC:8499,0.08974838
HGNC:26073,0.1747359
HGNC:27336,0.51197857
HGNC:32483,0.67201465
HGNC:23448,0.09798986
HGNC:42951,0.70400995
HGNC:37218,0.08507085
HGNC:41906,0.43972278
HGNC:32387,0.15399921
HGNC:2861,0.50012004
HGNC:13938,0.12326026
HGNC:1296,0.28479946
HGNC:10354,0.71738595
HGNC:8886,0.080887854
HGNC:45147,0.39269578
HGNC:8498,0.20710945
HGNC:18387,0.36329764
HGNC:33160,0.081572175
HGNC:33630,0.24216509
HGNC:31652,0.25918287
HGNC:37471,0.15071249
HGNC:49178,0.105582714
HGNC:17633,0.22357571
HGNC:23707,0.17034304
HGNC:30489,0.16939282
HGNC:40038,0.29461956
HGNC:8885,0.5724364
HGNC:43746,0.3189094
HGNC:9463,0.5019295
HGNC:31816,0.09175211
HGNC:48327,0.22886312
HGNC:44669,0.21350479
HGNC:31438,0.6821676
HGNC:14767,0.0456177
HGNC:23644,0.42745626
HGNC:44209,0.5727663
HGNC:9340,0.037993252
HGNC:40027,0.6912629
HGNC:31684,0.7572212
HGNC:44668,0.35448873
HGNC:27708,0.38047874
HGNC:5203,0.7058296
HGNC:27731,0.21176577
HGNC:8346,0.074516535
HGNC:19952,0.0886901
HGNC:37241,0.33116817
HGNC:44121,0.32238823
HGNC:4938,0.37582487
HGNC:10401,0.9686736
HGNC:17805,0.21526551
HGNC:31886,0.09218156
HGNC:28285,0.24583101
HGNC:2600,0.28761804
HGNC:14774,0.0771842
HGNC:9366,0.24084455
HGNC:9514,0.028400958
HGNC:11566,0.2484684
HGNC:32545,0.16658628
HGNC:26932,0.2757826
HGNC:23357,0.93639755
HGNC:23279,0.06397909
HGNC:33227,0.3291378
HGNC:15220,0.3748957
HGNC:8349,0.05175239
HGNC:30583,0.03865242
HGNC:37284,0.7796724
HGNC:1277,0.41255844
HGNC:4945,0.16330874
HGNC:44405,0.40466118
HGNC:11892,0.8284107
HGNC:40045,0.4810723
HGNC:48711,0.64804745
HGNC:27314,0.2647246
HGNC:37226,0.15805507
HGNC:18107,0.24414825
HGNC:41912,0.21594459
HGNC:33832,0.24064046
HGNC:4553,0.24307168
HGNC:31287,0.06631935
HGNC:37214,0.79688114
HGNC:40042,0.6537522
HGNC:20670,0.83130735
HGNC:37239,0.24580836
HGNC:33734,0.20174599
HGNC:10418,0.8703746
HGNC:31109,0.47193873
HGNC:31804,0.17263633
HGNC:12962,0.7409576
HGNC:37279,0.70893246
HGNC:37273,0.43284827
HGNC:9912,0.4400736
HGNC:37227,0.11119199
HGNC:32467,0.16143441
HGNC:44206,0.6183008
HGNC:37272,0.15548557
HGNC:28629,0.45147872
HGNC:14845,0.108716965
HGNC:40050,0.4269818
HGNC:4932,0.40974844
HGNC:14126,0.35472453
HGNC:37213,0.124447525
HGNC:609,0.5340798
HGNC:18351,0.55629086
HGNC:40041,0.13075614
HGNC:42950,0.23423988
HGNC:14097,0.22568178
HGNC:35164,0.4914992
HGNC:44204,0.47698605
HGNC:24161,0.1345554
HGNC:14943,0.7066804
HGNC:37098,0.064814806
HGNC:29872,0.26072156
HGNC:24975,0.63848835
HGNC:22411,0.07782763
HGNC:33888,0.6637049
HGNC:18121,0.14464289
HGNC:28950,0.61493504
HGNC:919,0.6424161
HGNC:35426,0.06315112
HGNC:31286,0.039637804
HGNC:13085,0.78189576
HGNC:21969,0.2611755
HGNC:30803,0.7705169
HGNC:32689,0.35551298
HGNC:18886,0.0619511
HGNC:37473,0.4359774
HGNC:33293,0.05655241
HGNC:21767,0.6556945
HGNC:25968,0.27647072
HGNC:24687,0.35765308
HGNC:44666,0.25902092
HGNC:15129,0.058956146
HGNC:37264,0.112832546
HGNC:28714,0.18205231
HGNC:30545,0.3236516
HGNC:37204,0.063248515
HGNC:1995,0.17657936
HGNC:40020,0.25713456
HGNC:35427,0.07507181
HGNC:31266,0.07482147
HGNC:39433,0.5397129
HGNC:32468,0.14747149
HGNC:9769,0.69776225
HGNC:44318,0.55795705
HGNC:37231,0.8415069
HGNC:4943,0.17517376
HGNC:6389,0.603372
HGNC:34439,0.5626558
HGNC:474,0.074011624
HGNC:27740,0.17804074
HGNC:37259,0.06872046
HGNC:32404,0.09205985
HGNC:31009,0.593627
HGNC:15021,0.16050404
HGNC:31805,0.13069499
HGNC:21073,0.21422851
HGNC:34423,0.644385
HGNC:12859,0.7972753
HGNC:14219,0.91542846
HGNC:49262,0.34644914
HGNC:28243,0.6647966
HGNC:19766,0.0622133
HGNC:8667,0.21403944
HGNC:16905,0.564304
HGNC:8211,0.1070956
HGNC:26850,0.14148515
HGNC:7849,0.4917826
HGNC:11927,0.7652495
HGNC:14383,0.37396383
HGNC:17357,0.104447484
HGNC:15633,0.5269759
HGNC:12737,0.24736941
HGNC:14047,0.46663296
HGNC:2762,0.059213996
HGNC:21690,0.75167835
HGNC:16926,0.09178412
HGNC:34351,0.56323373
HGNC:291,0.3751886
HGNC:15503,0.13007104
HGNC:6603,0.063204646
HGNC:25366,0.12076521
HGNC:478,0.037129343
HGNC:13931,0.19801396
HGNC:9546,0.58121026
HGNC:8716,0.6931809
HGNC:43561,0.5425073
HGNC:12537,0.2452507
HGNC:28074,0.21619445
HGNC:30211,0.29171288
HGNC:9262,0.60463953
HGNC:29467,0.12806273
HGNC:6339,0.07641274
HGNC:18925,0.108187914
HGNC:18153,0.06383419
HGNC:25595,0.15231335
HGNC:633,0.6389382
HGNC:28732,0.26362675
HGNC:29201,0.76423645
HGNC:9159,0.41342193
HGNC:34300,0.2964887
HGNC:38708,0.18614662
HGNC:8718,0.55468434
HGNC:30275,0.5316991
HGNC:16735,0.6518322
HGNC:19979,0.19341987
HGNC:18898,0.0727123
HGNC:26462,0.20313787
HGNC:23529,0.11918181
HGNC:4937,0.2197169
HGNC:12541,0.26714498
HGNC:22969,0.1254654
HGNC:11701,0.18840134
HGNC:23603,0.21264338
HGNC:17888,0.18721402
HGNC:10359,0.8118186
HGNC:30259,0.5164109
HGNC:21300,0.2442888
HGNC:30843,0.21463048
HGNC:13944,0.22869873
HGNC:848,0.383049
HGNC:677,0.069399476
HGNC:707,0.9490101
HGNC:2257,0.16033733
HGNC:23599,0.29137468
HGNC:12530,0.1446364
HGNC:6069,0.22417045
HGNC:703,0.83687633
HGNC:11866,0.6236209
HGNC:850,0.5151161
HGNC:30026,0.47463667
HGNC:32233,0.49438065
HGNC:8999,0.6315627
HGNC:25155,0.11616212
HGNC:9711,0.6196028
HGNC:28436,0.4112655
HGNC:8983,0.6573497
HGNC:372,0.5139477
HGNC:16312,0.07984549
HGNC:18418,0.5253458
HGNC:49224,0.36806357
HGNC:451,0.45471275
HGNC:26945,0.5033344
HGNC:680,0.8214282
HGNC:19599,0.111426234
HGNC:11657,0.15577489
HGNC:9519,0.028820455
HGNC:661,0.27240276
HGNC:1043,0.15480351
HGNC:27012,0.21106315
HGNC:14005,0.8097876
HGNC:12540,0.32987297
HGNC:6159,0.7029036
HGNC:23916,0.4388634
HGNC:8717,0.8136437
HGNC:30727,0.10099739
HGNC:14478,0.21229577
HGNC:28782,0.2158373
HGNC:12531,0.055479884
HGNC:8942,0.10935795
HGNC:4935,0.46477473
HGNC:2754,0.15422136
HGNC:4402,0.29342103
HGNC:2169,0.20028985
HGNC:34361,0.2271077
HGNC:29430,0.27727574
HGNC:22197,0.08673549
HGNC:16035,0.32489163
HGNC:3290,0.34135115
HGNC:31971,0.040554523
HGNC:12535,0.2080133
HGNC:9521,0.03154576
HGNC:14487,0.5303738
HGNC:24694,0.79121244
HGNC:33526,0.14224297
HGNC:8677,0.7971829
HGNC:17003,0.1889494
HGNC:19400,0.40766108
HGNC:28911,0.510065
HGNC:32063,0.42254543
HGNC:41909,0.73552847
HGNC:21957,0.64931977
HGNC:3224,0.2359513
HGNC:21354,0.52875805
HGNC:15845,0.5434418
HGNC:34437,0.5499807
HGNC:30252,0.2610277
HGNC:477,0.06170392
HGNC:20528,0.13533282
HGNC:11921,0.13893104
HGNC:16164,0.10558957
HGNC:21444,0.14703238
HGNC:5965,0.2929445
HGNC:1037,0.6344036
HGNC:23488,0.44087815
HGNC:25176,0.58660436
HGNC:33531,0.32382655
HGNC:9036,0.06274879
HGNC:6552,0.11089355
HGNC:26485,0.25663048
HGNC:12394,0.2970127
HGNC:13972,0.0931257
HGNC:40021,0.473548
HGNC:6331,0.09279692
HGNC:34397,0.33017206
HGNC:17354,0.10818863
HGNC:8234,0.07844913
HGNC:14051,0.34647405
HGNC:29380,0.8143114
HGNC:4626,0.10576123
HGNC:29245,0.8600205
HGNC:177,0.34602886
HGNC:15910,0.70452523
HGNC:2728,0.5451496
HGNC:16612,0.11600077
HGNC:4627,0.08723557
HGNC:11266,0.10565364
HGNC:37501,0.3984571
HGNC:12539,0.10287136
HGNC:8540,0.1535343
HGNC:28211,0.278791
HGNC:40022,0.35152966
HGNC:15881,0.5281736
HGNC:13935,0.20796889
HGNC:3494,0.94939786
HGNC:23602,0.12095106
HGNC:4888,0.094403505
HGNC:9898,0.63526934
HGNC:12536,0.11051279
HGNC:33823,0.27436125
HGNC:15495,0.4069262
HGNC:19869,0.88389045
HGNC:17353,0.32318062
HGNC:18900,0.1331129
HGNC:16271,0.40098435
HGNC:26358,0.43058193
HGNC:26321,0.474878
HGNC:15087,0.12957597
HGNC:12494,0.28308088
HGNC:21345,0.5292606
HGNC:1323,0.1977148
HGNC:4827,0.21124524
HGNC:2398,0.7131361
HGNC:26916,0.29046202
HGNC:30948,0.3846171
HGNC:1833,0.6718821
HGNC:20111,0.39588165
HGNC:14456,0.7053999
HGNC:40028,0.21792471
HGNC:28763,0.47798324
HGNC:9621,0.8185855
HGNC:25133,0.4703468
HGNC:23086,0.72512335
HGNC:986,0.22077513
HGNC:6086,0.13041353
HGNC:38845,0.71934056
HGNC:1729,0.5284451
HGNC:8676,0.23372018
HGNC:37250,0.11222756
HGNC:34512,0.061785936
HGNC:26367,0.2353177
HGNC:20448,0.35208905
HGNC:24538,0.24461997
HGNC:38834,0.5953836
HGNC:38840,0.84922826
HGNC:38828,0.26809126
HGNC:27446,0.27734774
HGNC:33537,0.717117
HGNC:3768,0.33940864
HGNC:38844,0.30538857
HGNC:25122,0.55206954
HGNC:29130,0.43277615
HGNC:38825,0.1279372
HGNC:8665,0.16148949
HGNC:37263,0.602552
HGNC:51180,0.22762096
HGNC:7634,0.098576784
HGNC:33241,0.3808818
HGNC:33107,0.34889847
HGNC:22957,0.15601897
HGNC:33939,0.15453869
HGNC:43771,0.3380561
HGNC:31106,0.5750598
HGNC:35454,0.3358147
HGNC:19419,0.7479063
HGNC:40039,0.086791754
HGNC:38847,0.46542478
HGNC:8765,0.54009074
HGNC:38652,0.092398405
HGNC:26675,0.4700526
HGNC:30293,0.6113675
HGNC:38824,0.24068129
HGNC:24785,0.22167432
HGNC:37121,0.3156917
HGNC:8664,0.15912741
HGNC:38830,0.2333625
HGNC:37260,0.701502
HGNC:4703,0.11020172
HGNC:29218,0.64482325
HGNC:15559,0.20739222
HGNC:1772,0.2820527
HGNC:16693,0.67320895
HGNC:18125,0.35210222
HGNC:4320,0.25769413
HGNC:38842,0.67058825
HGNC:38866,0.6001865
HGNC:10751,0.26554525
HGNC:38831,0.17934918
HGNC:17325,0.15631318
HGNC:17625,0.20797157
HGNC:33945,0.5466083
HGNC:28088,0.5107175
HGNC:16367,0.22660697
HGNC:14294,0.9225368
HGNC:38838,0.6915561
HGNC:28643,0.3842957
HGNC:3802,0.71190244
HGNC:38843,0.2914219
HGNC:9337,0.049595594
HGNC:8666,0.21154821
HGNC:14171,0.08443546
HGNC:8100,0.19407117
HGNC:26839,0.086126685
HGNC:8699,0.3541392
HGNC:44672,0.6693002
HGNC:26685,0.90894246
HGNC:5100,0.81160825
HGNC:33785,0.3067543
HGNC:8713,0.38083947
HGNC:24774,0.1952017
HGNC:28755,0.16220272
HGNC:34348,0.5825922
HGNC:42973,0.42717206
HGNC:8703,0.24073648
HGNC:23290,0.19608659
HGNC:8705,0.16918331
HGNC:22981,0.086287856
HGNC:17419,0.20387691
HGNC:56265,0.47273517
HGNC:32456,0.39135885
HGNC:37931,0.63499993
HGNC:9413,0.96754
HGNC:8704,0.16352302
HGNC:8706,0.12725371
HGNC:20321,0.5048787
HGNC:33834,0.15671682
HGNC:8697,0.4376918
HGNC:8698,0.3351611
HGNC:8709,0.21333694
HGNC:8711,0.31182313
HGNC:17591,0.15562391
HGNC:13499,0.362437
HGNC:6735,0.91451883
HGNC:30046,0.14940548
HGNC:8714,0.50181717
HGNC:37453,0.34094012
HGNC:8708,0.33233023
HGNC:8701,0.25552982
HGNC:28947,0.31712168
HGNC:32926,0.26524878
HGNC:15173,0.06113559
HGNC:25104,0.37750494
HGNC:20274,0.19593954
HGNC:31955,0.45305234
HGNC:8136,0.18988186
HGNC:6814,0.826777
HGNC:2458,0.11402106
HGNC:32685,0.1914798
HGNC:6081,0.5491293
HGNC:14665,0.6559024
HGNC:3825,0.14774996
HGNC:38476,0.08391106
HGNC:33482,0.88491696
HGNC:14809,0.055644512
HGNC:3213,0.92734087
HGNC:39977,0.21179819
HGNC:15290,0.094287515
HGNC:28177,0.31659156
HGNC:37247,0.21979791
HGNC:3008,0.40560424
HGNC:33530,0.923738
HGNC:23604,0.35782278
HGNC:23057,0.885788
HGNC:8352,0.0833748
HGNC:28213,0.24858499
HGNC:24287,0.78241146
HGNC:32961,0.42857528
HGNC:41910,0.107004166
HGNC:33827,0.10885084
HGNC:15291,0.10625136
HGNC:39978,0.8232491
HGNC:49420,0.2761624
HGNC:19622,0.31040275
HGNC:1191,0.5012101
HGNC:15207,0.1301595
HGNC:14874,0.085739315
HGNC:44653,0.1944626
HGNC:16824,0.13321924
HGNC:8669,0.15253949
HGNC:28861,0.097813606
HGNC:37490,0.23926604
HGNC:39551,0.809793
HGNC:14862,0.3981123
HGNC:13934,0.30690056
HGNC:25110,0.19820416
HGNC:8170,0.06921756
HGNC:21068,0.3979109
HGNC:14547,0.39256966
HGNC:8294,0.18379623
HGNC:48633,0.5768756
HGNC:14707,0.34353906
HGNC:34024,0.27916157
HGNC:2610,0.11059201
HGNC:35152,0.34893465
HGNC:2542,0.1696626
HGNC:10710,0.4479242
HGNC:21493,0.18151999
HGNC:20810,0.16311932
HGNC:44670,0.3531298
HGNC:12879,0.58489144
HGNC:20807,0.114791155
HGNC:30248,0.15870315
HGNC:4982,0.8036326
HGNC:13018,0.24765182
HGNC:17537,0.08757913
HGNC:23799,0.7323704
HGNC:10527,0.71615255
HGNC:9180,0.26771712
HGNC:14772,0.15632391
HGNC:31966,0.108370125
HGNC:16656,0.49909163
HGNC:8887,0.109372854
HGNC:13497,0.25577515
HGNC:37646,0.057184458
HGNC:16371,0.23029542
HGNC:19119,0.12958014
HGNC:37274,0.10287416
HGNC:20088,0.11484349
HGNC:5141,0.359398
HGNC:29472,0.49009788
HGNC:24489,0.7731095
HGNC:29841,0.3079872
HGNC:9584,0.38450897
HGNC:51908,0.60841
HGNC:25068,0.24773163
HGNC:27409,0.22409427
HGNC:33273,0.61692256
HGNC:7043,0.2717424
HGNC:3785,0.72853905
HGNC:37246,0.40563333
HGNC:48349,0.4706117
HGNC:30571,0.7584354
HGNC:4126,0.5946454
HGNC:44484,0.57052535
HGNC:27406,0.31372607
HGNC:13529,0.5105415
HGNC:2557,0.90782654
HGNC:37242,0.45532012
HGNC:15095,0.06888831
HGNC:39125,0.079239845
HGNC:2054,0.3165686
HGNC:20099,0.20290142
HGNC:28737,0.6986269
HGNC:15888,0.59835076
HGNC:26449,0.25847256
HGNC:30012,0.15961242
HGNC:24211,0.11281133
HGNC:15570,0.26622868
HGNC:20119,0.5893787
HGNC:33440,0.1971268
HGNC:42959,0.8513137
HGNC:10063,0.39239466
HGNC:16134,0.15529925
HGNC:15169,0.040667832
HGNC:10047,0.39679563
HGNC:6929,0.08997148
HGNC:32179,0.14925665
HGNC:25141,0.23811233
HGNC:20137,0.46241117
HGNC:12381,0.21600056
HGNC:32175,0.30338025
HGNC:42961,0.19563842
HGNC:42952,0.06531435
HGNC:19269,0.22062415
HGNC:42957,0.6589835
HGNC:42956,0.51372576
HGNC:6156,0.69401467
HGNC:31351,0.31207258
HGNC:42975,0.17126143
HGNC:44655,0.21050173
HGNC:4261,0.4627589
HGNC:44664,0.7564901
HGNC:18987,0.19527155
HGNC:49541,0.37752402
HGNC:1192,0.27134466
HGNC:44656,0.39608753
HGNC:51425,0.41425645
HGNC:27091,0.23964643
HGNC:44152,0.5555035
HGNC:5118,0.5033197
HGNC:1362,0.34700894
HGNC:42953,0.18276572
HGNC:48743,0.45544446
HGNC:49394,0.3340479
HGNC:40033,0.14207447
HGNC:23062,0.7772876
HGNC:24227,0.62740475
HGNC:11455,0.29559577
HGNC:44112,0.8281853
HGNC:44658,0.42672336
HGNC:34522,0.30815935
HGNC:38705,0.8948068
HGNC:44410,0.09206802
HGNC:39755,0.46810305
HGNC:45036,0.6103364
HGNC:44159,0.6324772
HGNC:37325,0.1051991
HGNC:4137,0.69995713
HGNC:44654,0.5784078
HGNC:5156,0.12083137
HGNC:44409,0.045528054
HGNC:32275,0.49281895
HGNC:37443,0.039040208
HGNC:42969,0.8995587
HGNC:7076,0.2509365
HGNC:8707,0.47915
HGNC:44663,0.6904614
HGNC:8710,0.46485806
HGNC:26161,0.21245736
HGNC:44662,0.397856
HGNC:8702,0.3659444
HGNC:8186,0.22036701
HGNC:24203,0.14930898
HGNC:10378,0.39891583
HGNC:27112,0.4935962
HGNC:13027,0.25210196
HGNC:43444,0.2674917
HGNC:12467,0.23267734
HGNC:24596,0.9369418
HGNC:7574,0.11723268
HGNC:44351,0.6940435
HGNC:10307,0.85546076
HGNC:43653,0.3669603
HGNC:44660,0.385171
HGNC:30172,0.5266035
HGNC:14083,0.41339767
HGNC:24509,0.13852823
HGNC:4025,0.61145157
HGNC:28417,0.2416588
HGNC:27994,0.69365656
HGNC:43943,0.24028987
HGNC:27613,0.32211822
HGNC:17337,0.16608155
HGNC:37278,0.10476458
HGNC:611,0.15992445
HGNC:13079,0.15893823
HGNC:3169,0.6475878
HGNC:16721,0.10910767
HGNC:30546,0.36784506
HGNC:13017,0.24823171
HGNC:48331,0.40046674
HGNC:48329,0.24458373
HGNC:33234,0.5458529
HGNC:7691,0.40276092
HGNC:37706,0.16090554
HGNC:27114,0.41260862
HGNC:44201,0.32563365
HGNC:20407,0.26933742
HGNC:32463,0.2748918
HGNC:44200,0.78668624
HGNC:18754,0.14507145
HGNC:37142,0.10282767
HGNC:11242,0.605155
HGNC:12875,0.38579613
HGNC:51249,0.37188172
HGNC:14660,0.8157738
HGNC:48348,0.2848382
HGNC:48326,0.7748293
HGNC:21608,0.58985305
HGNC:42964,0.2794091
HGNC:48354,0.5232216
HGNC:48338,0.5939767
HGNC:43690,0.4203738
HGNC:49188,0.37989736
HGNC:49184,0.9254969
HGNC:49181,0.86686414
HGNC:37488,0.14271456
HGNC:49388,0.41440666
HGNC:28183,0.06844497
HGNC:16132,0.45780873
HGNC:27570,0.3955618
HGNC:21157,0.39594114
HGNC:8050,0.79835665
HGNC:15840,0.95857984
HGNC:21405,0.17374134
HGNC:22144,0.2070626
HGNC:2986,0.5581562
HGNC:42971,0.56428844
HGNC:4586,0.9735202
HGNC:11171,0.5824754
HGNC:37057,0.32063878
